200
64.338709164402388 89.577007565828268 51.309070537646726 11.286779165123473 47.460013640353857 4.065203025609032 57.424978137315271 30.197855125289095 13.461032420301123 67.433628186862933 38.630634267233447 92.110353980167389 81.962730341249895 25.982346061769903 31.258008765707721 34.314142681607343 86.564944951159873 28.753203304779962 15.511925912693714 11.148072849131774 67.501599940457098 96.112248068505508 10.187480820135420 97.002089787270734 39.217097182998586 84.814385840293312 65.870749956229702 42.577934624416699 79.293384482927706 3.295252141182481 15.982099847443687 80.240018958978894 64.835871372665196 17.596742075456607 33.966305485428094 69.199797798008206 43.725675735632088 98.102015910537958 95.625609450758603 77.404126722032757 46.013850817470860 8.503782122616087 4.898364337594829 68.427263942760888 0.237018762736452 1.159855217709693 22.438570927065260 12.886116099122024 0.571739350434541 74.093018424824493 37.396139851709144 10.858954138155475 54.411053198397411 79.669828832997794 85.646506542213132 71.748474513077937 89.816353263607738 36.756266238117576 55.262103554789462 33.737322347317303 13.843062306468546 61.494192335816258 92.958121842592107 70.245534790944916 84.224036086982963 59.283487131284460 64.485891912310194 74.528780417712539 45.802154463208367 64.635887255674618 84.524268699054446 65.096244176564284 71.499589666213367 26.033128483442869 31.260072378945793 98.074764737912844 39.182189862343634 89.949061142973264 3.969993721477549 14.432687704139546 41.132841962658503 93.576596554458860 88.746074408723644 14.761027911527414 48.011560442279624 15.273808563094082 30.868900238318954 21.935655010172749 6.453378759012351 46.178608157038681 18.123615024357409 21.128777717447466 38.910313451445042 42.906182200920910 61.458836745064197 18.583786075398724 48.091026569203436 23.016193297020248 3.587756271664233 69.817765956326923 57.523532808220899 16.048250470291649 62.247530030857611 90.128630321088878 81.248363795981533 78.904759996425071 41.275117024431928 57.544260979983065 10.989663748735023 63.852684466137951 74.296614841484114 97.173361197505002 89.483912144519877 5.646128289893715 0.238852015233348 96.467788025688293 25.457201532436148 16.018288937070945 29.697619880468739 35.743020926854442 48.898069071608589 74.236060079836605 98.595693314505056 58.428437306947558 70.885949901556984 9.236937760586095 75.352220499231009 82.439722726729414 91.537013803826696 46.300767017555202 99.620443791435648 37.848001746525220 0.339921461989212 20.145788137818933 32.770667946548649 8.487778864184358 78.138246920478110 19.466458611871506 74.751047494962236 44.972263300075866 3.827582848840205 54.072819023163213 8.880165562371145 98.552857405637369 97.085963176084803 66.467835891273069 27.302420071910550 12.369777381278501 79.710387896496954 76.250492153016594 45.186234806328393 75.621047435074757 84.764495006493533 44.972427253173919 70.996419753737101 34.350705951824288 12.264846957397458 60.617602364916593 87.283481187873733 20.174663241414279 74.616052831256468 96.444764747082360 58.633296530903820 12.857772474197626 55.858936054209174 21.072990963159199 59.269498332792701 22.600707583447178 72.972239366651763 8.861213580631222 85.891925263328801 32.418161314181816 97.892157346626036 77.583730732185202 70.640923268581048 29.702264469922422 67.883417956671437 27.306204934188138 97.832861601391201 41.875370259255092 34.745914412383542 37.653382323476414 97.497602402955522 19.011419142003618 36.736794689223132 97.087775742822927 75.154901437939969 20.449334846484856 68.902199365901282 23.674274851760568 31.926491551201586 19.804744221047343 94.325667574092748 49.421984110983466 98.363820802127151 82.885382429161538 50.573618432113278 98.395132164514322 50.509381439320698 7.528325002276326
30.542447644962621 74.207763613715983 81.217054969434173 73.469778637564403 79.728120460033679 18.778148877324508 13.123046387462212 13.385817889362261 68.307242773077448 18.925787176849074 21.967898791016804 16.186033119143183 4.331975529549970 94.488758134380930 20.900786077993416 72.356838580645260 86.898260935684462 71.249079085011260 81.319507838078039 86.080068925382648 78.966693589030029 81.811695644179522 68.575933990166945 44.067022078729636 5.329343669965969 80.439991138881979 59.890232660762720 17.602028747785901 55.636553304168437 46.411303745656305 33.717391044119829 98.887739813000209 10.750554863045124 24.969763948408065 3.701533937275614 2.730885811586625 35.373419896042179 13.040278120338666 96.791141656767763 10.391247003725478 61.495270974428351 43.668702350977682 56.943259281483385 52.191963338925177 47.744097840290742 30.507688284061597 65.788057606576785 24.101616314360196 42.994859149834028 48.458328995753355 84.189914620249866 61.993125798365725 14.139908259369927 66.405974405304562 58.847567998325204 51.437121479261329 36.478085280177829 50.287733088347188 5.595334232508764 77.159556582185900 33.269388916331430 60.630529783790784 46.640413984096540 75.087731107505107 2.296832101630508 6.581271948697398 24.957356037451429 32.568687422542517 21.794487857798384 22.719659000299131 93.226512245101404 40.190145259441920 7.818430266214293 59.929714816165301 84.457137871462848 28.816966569819947 98.117679211858729 64.404086178038753 0.041244507207960 65.910344298660831 0.660828664919089 72.799748402038105 65.247842961713417 99.061186514935002 11.561131039814088 58.083834862493021 70.006884275682026 77.640266816813337 7.466700916176904 56.955701743553192 95.684433107242924 6.266495674500105 59.036265577433845 87.732762443920961 81.314424367198342 16.834902285277398 14.613801826463968 24.914742099209640 79.037048808597518 11.077393263001788 32.802621006204902 7.627551398459531 12.742291221453971 1.652471059822891 43.166287061444052 56.397742469338233 26.784776325410231 41.627456919873410 63.704537142037232 98.930313426813470 65.200023823898263 87.906049043474439 19.801889820021312 33.566681205882496 51.586709755989482 53.456039547304101 7.964600207747196 50.587338158168805 94.523161724806727 57.842990514833559 11.420369326580904 29.358648994596205 9.285152002078167 12.440761603663519 52.790468365366173 6.256207894321775 50.080263704253547 73.243698181887140 84.968362906774502 81.305126571657524 67.857704846590934 6.908912966369241 99.869507328974024 71.942469269081371 2.064331847505563 23.821529649769769 67.897626254436190 47.721755733421411 76.046272008075306 3.545753386349548 29.278929233644547 38.249719947441520 17.459511299359111 82.189645968325237 62.868395298718092 48.105166546743959 3.784387083565854 23.036313772304585 64.256182545043160 14.907456107343053 86.857393518690188 81.502017860596993 2.022013239799458 73.111464331378912 43.438071619550797 72.319198136324886 90.017733854354162 3.273412557723610 38.597075195772220 33.988993755300193 99.907491710706324 6.598985353656140 43.620388530331397 50.320749992191395 53.949231602496653 81.420315702320167 89.203616261910184 91.983168570250768 50.574046743250420 97.722831622299893 69.492665453742745 7.922388575969763 54.076166501638703 30.283278680405612 62.630095153566700 85.301177531813138 86.039015461510104 53.481593599898922 68.566978495526982 98.153846050150833 70.284290787886718 16.507178682620570 73.708873887050970 34.973847682709255 5.628022221057572 12.456341962918927 18.861690571756618 90.661052975202608 70.218190273310412 40.168546777570413 57.534165906521132 31.963108319502144 0.881324185834165 53.492210344248271 61.194992124328607 93.670575094933312 17.848249090455358 98.405066057121545 80.417661800370126 57.019686020071006
56.026869447552698 55.354198101279231 22.028464650047543 78.407080967542925 2.227765912662827 61.441233663246145 83.308438557904125 81.018354378013044 19.980153853994366 9.928429577710274 58.786911559242405 20.366625051255383 65.224923051709510 91.428943523619736 26.308918012475235 50.931181268573120 50.733521351979618 60.988814271701607 32.715210281158178 21.184132185027504 20.740665674381486 14.601921720930456 92.613668011253054 86.008098988303345 29.013982970573139 42.732629967926862 56.353434038729667 13.547600355649060 72.735620515218230 97.410920908905467 28.652521074165161 8.080690553401404 92.765907562300569 99.654835587276409 19.025516064947478 65.571151220897661 52.337149892755782 87.841147916642612 82.065985304377719 47.751195899628193 82.570292913985000 13.200774743148369 4.713396375803791 0.515885949909178 29.337234905321029 53.206990121578187 45.010878004464871 58.452839171823435 80.949432020766295 26.777180953674396 62.291824554254148 12.479015198337674 39.192426256466732 25.779685942635833 85.584473451218088 99.113702712507290 24.541202443728551 68.944188073875097 36.011727797685424 78.910220063940471 90.526385771335583 2.319507441853630 90.128748144212295 68.975150601264275 92.655403598760586 82.785896766952689 17.478579037282095 92.774044297007350 41.248412711791950 96.504748186940176 77.883116968963961 23.573102508732347 90.089068279546822 32.065234562368630 90.672277553347442 88.901110976767328 90.012067888465339 8.882015393371434 72.089424237416608 60.405373133344362 34.927233996415566 29.237455842975677 56.449203125644033 15.796189267111204 10.405172220772840 42.947674516925794 85.784040381747445 27.967088963576959 20.706263022867887 73.752001382608938 29.135785776452927 14.905854539876129 27.098615853167761 71.141962813074826 32.470807180603892 9.801408752875895 46.369156703751891 13.234788582407353 77.485533790985357 54.706870621881841 83.334954965167526 58.706433899336972 52.726392720535117 59.902721917822035 52.388960758461025 52.665542491958597 94.807150147658589 43.944857930929402 84.620736261163159 24.122302755122238 53.978231838685119 8.694823004114449 53.321263653322937 94.995702790493397 13.597424863452655 14.905152460744485 42.230753486223179 42.607756073139036 42.925293701802644 15.059422812446410 20.500876359558895 99.178975895244079 13.069100805021282 6.057719079264235 45.005519994715385 25.044162229125444 2.111705382987006 99.840129278116876 34.186925207683508 19.267540050345524 98.451131787240357 85.293186218574107 57.158437713898238 96.254885118845451 56.409321238755496 0.290338614853125 29.087176642917768 96.230595701536288 26.027476946468230 91.542608952729111 5.173419170483595 13.686865659733927 35.325945046480221 75.610118025450546 54.283505241926221 24.467354047775469 68.771137118452330 99.458669819348501 49.180374987014289 34.549496995465745 0.495526520900014 93.731421115932875 7.533329815057376 74.745795759884700 85.427028899668116 49.892092436847221 27.823971663777801 94.071680046405859 93.176892970283404 66.650839702027113 67.247789649842005 17.750989591625157 96.056165997389215 80.303060768816152 78.823965921644259 51.107158337989254 49.717747788064692 81.719662443659047 27.031927410428924 53.501428739483039 30.613033132130575 74.879231654561423 81.110702906824685 56.964760707085190 46.258458378076462 66.323198300760083 88.160974940186804 34.027220578648695 36.180203433114258 98.007833838612527 25.684726130581414 47.666588132740827 95.612075113702872 61.618132139812609 68.991019246845340 36.500200258560987 32.306149063538513 24.709182258201068 37.512812472394387 42.763503808687055 1.483350862081179 97.171106907273753 29.861862896650905 96.793177838793966 2.030164885221619 8.623425988818568 79.096064227911327 76.328348774299386 18.352632350263399 0.119281580031605
54.373883543170763 76.789700842791518 69.060594003463805 70.602304812365077 33.475892466165824 40.671802253679587 10.656853812379053 97.876102597014892 89.309082355960598 29.694360218363581 51.963642020911252 27.966431031441896 29.464780342672714 97.626863805924188 18.022697509677343 18.696140765296509 76.028351950988437 47.733490576552448 68.114645110790832 71.703272255400023 77.806449787952673 45.328889570305186 68.282150258353340 61.099510284353762 52.356623819530448 52.701559930376440 64.535620215545919 30.989384533013219 90.749979352864926 11.244635292169590 53.849945498294595 74.658043175507999 0.931214659743040 49.874892424109099 21.057927100190565 59.889660921876107 14.338742757956791 99.280213496096877 99.948551366364399 66.865237242882685 8.090006757393942 49.310547009159265 64.363199463486993 77.958765927722339 71.695607195420266 98.906128122132188 9.560207594365622 63.201091997202305 21.395688084965027 95.153835636069715 48.576070995202500 0.619501571537129 81.735793418579277 57.418551431892297 88.434432879767130 78.815458834871336 20.000266639373841 76.760191962038419 45.777098702483720 35.451008079188128 89.009516251826383 8.399754268682603 72.377142415073379 91.886995825697809 45.792661046970174 64.824032195589908 93.027296982023628 17.038692973644476 64.025103412635630 55.877068089767825 69.246996421015027 44.730185070839255 4.604995397916678 20.484438986448726 54.768078361643028 73.123412930946515 5.761678214332377 76.373791892276657 92.730724940900771 71.546615277693149 15.508358471734329 34.286441743380117 55.545399479161929 8.381352871701687 91.710970375501475 14.391639928422173 2.316274234915350 61.196231901682161 17.238415825404562 57.395936928424838 85.204786574365542 2.431754425915078 66.847431667057350 21.538916154565936 65.536808973390151 60.662942537346041 99.254392409795727 1.669306807473458 97.082381471575502 45.443225925251731 10.640337750959938 40.712735149718760 23.177191340846271 97.180148953952440 99.004851496087738 96.452206422571180 9.197290933942615 40.659492024822754 94.183823758880052 12.750223486841305 53.734566690177722 77.142382954583226 90.919098478653353 87.880937933843725 30.118786610150604 73.556027173494982 6.200203023191408 25.247734551273872 47.957952044442742 81.359640384912865 22.653737183805799 58.951798724918589 41.957976887648762 32.267161336371217 20.977133462177932 81.585372307520004 38.743496714465579 0.423033201713585 35.866000526283457 93.157285320665864 95.126006478465328 92.922073726497331 99.401317995078514 49.739414572281639 42.130292611427322 0.836152095249842 22.040733470841577 49.824360229414332 38.313963402002507 79.066753259435600 85.574444887072033 30.166023846804435 60.725229558694714 12.219560669589269 98.209439755808930 26.771009445593130 37.249373863161949 62.338597991914057 34.322658213075044 66.624044215548707 36.627227247030469 20.079395775525544 72.206691013094741 82.714632892143811 83.041220250900565 78.508682030001779 65.859470896722755 92.979232676690515 75.116115551963802 43.125624668940013 28.725936518027883 68.835869500747933 17.559878822591980 17.366165614363283 32.650107600122439 19.262210776441346 50.088382154658248 49.731308466409111 87.417065384336937 68.825894630381683 50.658689419632410 47.751454514044724 20.247341795843067 83.237214601908462 13.331681324636424 68.563447078065565 88.561905338034023 71.325694779350613 40.399020247663309 7.630906240373680 81.271555862398657 1.873580437034539 53.811362417946519 93.062609282153630 26.764220362424819 92.336655144305283 35.428539894734023 11.536478972025622 10.458178127933969 7.228618889899630 6.157976768896678 29.782795627103354 26.299932862473131 49.922301947564243 71.073341435101938 59.661301912874897 70.178566054940006 91.325354123574570 22.497309807796906 19.001947381774041
39.452438615665827 7.304869200151664 53.705365646023083 98.504927629996999 23.962998466312769 62.304913998224912 81.701874650353673 54.090488238586097 55.451079865887110 1.423757603747533 54.206293099436500 7.375599208762795 69.472823238097817 58.049887439089964 75.737014680537598 76.982672901811029 4.400953786430295 6.815526041808184 18.718829536027059 60.006413280109228 72.822934575732901 38.516322971619701 82.697925011126813 52.512333963900225 77.337491204536462 54.032735224705362 44.918286651501795 92.566358379866401 15.196770578739272 20.164071001669093 94.395097692065278 31.040845591604672 69.480674981412577 75.599781641573870 94.218283537015552 39.797423666736989 65.012450486253442 84.430044325734428 66.737506911156899 28.322412756344384 17.376570752091038 88.178731155568158 92.720578732100492 51.874232152484524 53.163442416048056 58.100320584357036 46.315625595661160 50.397918641009944 10.877814725878265 54.359553439620576 79.729646668363046 28.751247800005387 69.130613872673635 75.387956144950977 61.053212132819979 18.603308938983933 47.542648908578144 93.200652766053381 99.296651798579035 60.049357252277311 28.087350137878463 37.404667125756866 89.865497044431450 4.107587681029634 27.951125898953954 38.197564633113942 9.767268853255672 18.763303745447224 56.245335051802115 89.785643442476641 54.668159810038439 15.935311503757410 56.670976525701434 33.696400527558090 79.580734254451329 18.943493066200347 20.716902228993362 66.153915653152168 47.969505348007559 32.947769504697064 92.822480186639652 42.715365593840573 78.634087783395628 72.561193438170903 83.514341168308420 20.612317670628279 14.631863879181584 70.390070214268164 55.661626568096892 18.191772915513550 16.874599123549316 11.224570436767822 96.777954532789252 1.238422751000323 73.733594182473681 56.102877231210272 42.778075136033031 17.122105508600495 58.454742166706438 94.407453943840764 93.739305838164370 17.817937672970231 56.438438844746429 79.283675429879949 11.981446421982389 68.385140000650324 66.575552082329978 58.144160302170448 35.784191860630465 64.930889540179720 33.540005880307554 45.155729755937635 90.728860976318671 23.607277681411752 69.229050050182963 4.806933490509957 84.528346179580282 65.187143057735653 69.293544449172401 19.049838206179615 11.090078722757035 88.443028722287721 82.712854992137494 73.120312108346923 99.298329869177181 94.354704649666232 14.644347955035464 65.510003259292233 89.614456555071371 99.695154152610471 58.811694344876322 36.586370045730277 75.433099963905420 44.970123633502453 21.573755543394434 60.779337357667885 45.335999845903551 43.703345526413848 40.163577772430394 47.763280127370408 67.432586539617972 30.931278804512363 41.476712643487957 61.796789554784063 0.938474750462071 2.093395654320773 14.135311662236649 77.458244673547966 18.441911978725500 77.676958848105457 62.998684707570973 25.325743874158778 78.529419605916615 80.129298517073977 43.878265823149512 77.191649117992540 81.429855583590410 66.935602144574815 7.191342852166227 55.818420281310367 11.538110352013264 13.672150618604883 37.139901391793352 55.375099805159223 87.706795814567855 30.461483619243033 93.037037244732403 20.247171729956250 11.150858575958678 72.598213103344804 25.831204667144604 31.743721478470853 37.642093113986050 9.707792119770865 98.867669632333659 25.438598915330068 8.790011058873104 27.979987171245391 89.888883219920643 71.093179634563057 54.703913981981536 14.712351823743253 16.093537648745905 80.771893644669632 65.619488866971395 49.337249840498579 73.486562481572577 70.588554516472485 88.615691551548167 2.294717503859889 90.470703969431725 40.990607285027522 85.269031319670646 90.961943252568034 24.137063628670596 79.904916288795931 65.826347294297676 84.439371544171209 65.667246102271392 27.470256896203015
87.692938344502338 38.025365764699814 85.146629124369596 35.344994779004580 34.248191907190204 32.463193924118386 55.349892821188377 90.800811759578622 96.636025097115493 50.739842857506702 31.390187234327204 16.267333979071974 23.035995973446955 22.685048814905151 57.857846591684904 16.133695259449699 13.890779907645490 88.612603143339939 31.166466156466686 35.199987538460789 64.519136927862277 42.105042386049043 75.108957498840510 26.084426929403037 55.286852159241207 26.882373507753123 58.269192951666923 23.491588884131630 79.934668643376625 33.811463336337333 49.718196752891728 62.123962790710465 87.314316509998164 47.552414192890645 89.824568810451382 7.802104011869970 57.024907437380122 71.856372456467071 66.297227861142488 3.107704877913309 88.797329046125000 70.331278242224400 45.510394822714851 99.743859825576038 71.845782698653053 5.466898697087963 80.298303800485954 54.062689902572373 90.236602882324348 23.199712669675311 52.663195802887145 24.900081833936738 21.369238051191864 5.636708413276514 80.884012582709289 55.812036138440554 5.120113566056972 13.945872984556518 5.032750994147572 53.117693737806782 47.624601103798604 27.487515973110622 39.253150168593280 20.039685666278583 21.242807731765211 98.519013467115485 28.242355723579237 87.397789647872514 78.137057703393424 63.278718975142311 60.398833271773675 93.448546535424825 87.170542610836392 56.124844620064366 5.755222026368800 34.527049019308897 28.682479133304774 75.882276090918410 42.343505775941829 45.771501012344729 7.433639986966512 52.922359532602783 1.667019739833819 77.272730882238889 5.368593787753817 56.120264999055436 34.264620142608337 55.778308736739000 2.478607675454547 40.728802260815556 80.024427995435872 83.524854864872097 24.877400219596733 6.779480603292165 95.893018399184555 84.318324871884272 11.490377609627068 98.292009680041730 89.075816316174738 3.307003443535017 12.137180805904070 62.321358014228409 41.275871326946444 93.906440979229728 88.282360217299015 33.820649689200742 72.297773934440031 46.379180210980486 36.050747208021164 88.661054232002243 60.358960662109659 44.559197809470831 60.759891331981542 31.527542975466673 14.163246750225111 56.597758548863929 51.837850096923852 39.860909812075853 0.256301368228573 38.768464371596600 53.630134260525267 99.269018745682132 30.642011888015897 28.480308776545048 35.578706141949581 69.392785049876693 26.269922176150306 66.784668608813874 63.971901140589139 51.469821301699007 53.961514289630244 87.425615342394451 57.858449506876873 19.676618507157940 66.664625880306133 75.547923120204189 31.259020446232309 34.952993947538467 36.987476674095390 21.787997151392091 62.442602680875623 48.805921723328652 80.892131938762859 8.318899066424102 41.905212820818306 21.327844859540690 40.189230224274318 7.929386670730731 68.588599848028338 45.455109504387515 66.616663639444639 42.957670101364990 85.852193303708617 30.841815549937490 99.029561749975670 91.432414428465023 27.235408471358479 77.999603617097819 38.618290743191665 64.347771068208843 75.152672113764112 50.762520763870519 91.037807987228703 84.943056713387293 43.853868385436535 43.460273630309985 35.069281835306590 95.892413358906808 69.210977378453336 46.242612280581753 92.435736557446262 76.412757695818996 60.272350954572282 35.574064130708315 77.486667152623738 26.716382101075464 11.176616794674210 60.037324340672569 66.696946682628237 43.829733801127325 19.799180576792843 20.615558607277507 77.651275666072465 28.173239069104838 47.379309777960231 39.941341731202250 84.968411954328886 1.122761378253245 87.761549111762392 32.801166351000312 66.507036228818578 99.560059773339248 12.196355440144258 34.226283972815764 27.348420243742044 81.427522608690239 31.239465236084506 5.527972361778066 5.195605044129136 74.260260314291969
71.117266693762005 64.114345656902174 32.734119422543841 42.516319331964212 23.018698504848089 17.702727588149937 97.908712409190471 86.032381350692560 46.588215754056783 22.145910900275911 98.472191588625563 85.045135623637279 57.863411425443367 99.514648370231086 7.782103934925743 49.828905013965475 54.524983116200900 50.028077975913519 0.475748351655292 4.983546453893661 5.662266005771832 40.767456280685941 11.975946603710430 38.902076977398018 61.588330448809636 47.183484707338529 91.158602154767635 30.911920609695098 40.854843213030854 83.011440032330853 33.445289985968508 27.534916036384249 63.329688353259868 79.762095087613275 27.296484442976386 86.374568710371577 56.385749582779233 20.468690134303415 80.308734099350858 68.008531250830544 92.336694288873105 15.913339715949048 76.873518099157494 5.947719251869632 63.740202069113415 13.839005810393912 83.810463815957931 35.198414345183870 34.534283006134928 24.967721316225390 12.481968157520484 84.084534691769335 72.477345757867766 4.671726765184836 40.902034967557555 95.942501459275093 62.770545999857163 57.345300172982675 95.786688724960754 28.845077459560308 63.842926770964503 65.541350991005729 20.361352858939764 2.290411683501126 50.600611314105251 62.169268163083082 17.053796261391220 43.443862707979378 32.896268321827137 29.241815458803579 3.775965694842376 97.237004072608670 40.570240193030585 88.570639825783744 77.731168817036831 36.709743942482966 63.650348729546238 90.248963162883769 78.646771260035607 34.094667522612390 24.273604342972622 3.422674112212110 94.897825053352904 93.070416783061347 74.373633702799850 82.052815966218759 20.609052262009897 99.409191613233929 47.346779461988866 81.760123700475503 96.941451835191515 17.783227074998930 19.976756714380485 10.040050097792131 97.511004776181906 69.122400090341714 83.355212695096498 80.021070432828935 47.187587436683252 9.081039444400840 14.007243114377877 4.709553657145527 72.606111356925410 79.815749588337098 46.971061450504934 92.500309115045326 11.705308895720979 18.981580356132678 73.861415822865354 98.468241724240741 7.211958502625193 28.379516638104697 35.170921742589798 20.694879717038550 32.079441978921885 64.117496833891650 42.758097599177781 64.200308130462247 61.821389791920367 63.585426734511330 15.685950502919855 14.995107281765019 10.345512405452927 79.222722898674107 25.751908848999548 72.172495019436042 54.365238482921654 82.601091790897286 97.450009057868428 87.535229757409198 56.156104948156063 24.369846291430775 82.488952961016452 83.352378344472072 89.013579215797947 71.162349204682883 26.530748623271894 53.373335138956477 28.507600732015547 20.545883306997649 22.235790477464668 58.538129672998352 18.191006139910549 29.179950006376597 39.556953370014156 43.458189418152337 19.816093671037372 47.889760963813131 89.531773026859966 30.615566569877796 49.239736309994278 72.882334256211749 27.290033095413481 80.826747441372973 8.960234737252703 76.159476293796530 60.602275045652888 29.813701165443508 94.902701494085662 54.863617688356605 84.765025223422597 2.540494408593197 94.292498714431389 86.616526624402823 63.039142642550615 90.049143115533056 76.712106170090493 41.283340321337000 89.895909106480019 84.404116517096966 7.034809975622968 35.364771313516030 70.287138660325411 9.237269109023028 35.796045186484562 9.177571510148418 72.131260683422525 35.373129334218831 43.114440796472486 91.942428372611289 16.616875521546437 16.310098448691022 99.917994353617217 66.369828988627773 88.084816500380185 43.454705490100878 62.151194605449810 56.496752801454456 36.564483551486695 35.549258084201661 82.301989802709898 45.333676201066808 35.531570595752484 37.791717106655383 92.953621470971342 69.377175884347793 77.199909116961976 99.837098783004492 96.504042188294747 94.747051444980315
35.764056796145958 59.250807447492328 44.305664954428991 32.720885529498389 95.035491300714057 29.728884203381199 70.136368332908205 53.849633542314912 65.265321627826054 38.883022485592512 34.461476176220330 4.258594188411724 46.085984821703676 64.299778434916405 72.670586072366802 58.067358683826157 28.841148580667408 23.679023784173360 79.035344479443665 28.195233375275329 63.592642126460738 91.514698812424385 79.578182052031522 14.529022577299255 96.765777281227116 18.781993736217938 82.906241418861342 15.565962129312073 28.931208376604211 50.586493131589052 14.898720739739634 35.082377639603870 2.930370883940114 56.063259304505223 65.205851494621456 95.015898977999768 49.902290203862265 75.934522723111314 8.069300440593796 56.604938578728778 23.642945315058018 78.673739915142235 88.551334765285944 83.584532408017111 81.555524772201480 23.538970939863034 48.012553707927310 35.058517990004830 81.560157204643460 59.509286372091161 6.269941659355815 22.980825788297210 59.898998531315748 51.995604637281467 26.507620926913923 38.843709713313324 73.573990112262734 58.705051623490093 52.205678667765177 10.341095549623713 42.801362382623999 12.965068638370681 85.641736654004390 40.056830858238342 69.030450789317939 56.014621830953594 39.518250355311856 29.548626215180228 2.220208741301222 87.473384634592875 25.842409925608877 76.194997364929165 68.260565546898746 91.290224691149263 46.650633037798428 80.786569383320042 33.002880410121683 0.063784518876298 92.601062853609534 59.300586668444396 51.301156123689836 18.379258860787296 83.293183638540697 24.822175184692206 5.172028939722495 65.039619361890303 83.557888492228571 79.738714114197435 27.001321173339498 68.403604232445758 52.267625540095722 50.686190389621643 42.802158899495538 56.920041735170379 10.604260922935637 22.094509032489395 32.620812329196404 63.943382833597454 73.527591694487597 69.102859311382517 61.073778559984213 56.653431236046629 35.052844436340976 39.507361688988198 74.184346600930851 41.483666315069236 8.474963455176409 60.074462586548648 84.451284976922807 69.194791729629159 11.994488814328786 38.269351087471236 27.827542563659147 15.184643581954250 77.307296962574299 2.174361670371527 73.378184529650497 99.345579135886339 23.504279554817764 91.023297847605775 45.103630576659135 16.365869168650082 84.197958164003779 35.464347078164259 73.490653545245550 97.668776493212988 9.785208437892557 47.125751207095320 62.504483824652034 15.516167531346181 17.471919068603714 56.359738920548665 11.117400434706814 98.907393111676896 54.880438152987367 40.470388445089220 69.675820088537378 52.934180401238208 94.432302626693215 18.481237220071044 87.087237014340701 69.298154405090955 53.521923443289495 13.625901055233847 25.597749427972914 86.740070800720076 54.595676748080848 1.335003410271252 23.841840144284141 17.062175290653101 6.986496899055306 86.636885821768601 79.826607604312002 62.013516341345657 97.912210242341075 10.624398352007125 68.238292532480571 56.854749528349771 19.116332331128451 29.993821743395245 36.442519554257288 83.857396266707980 60.277915451383201 55.484603051412954 17.837294044924178 97.074183069390642 0.662078756390161 87.456693097111398 97.178469098690982 60.615418675065172 52.118201622991059 48.407009525087062 21.855316610892206 66.258061511655654 47.591882505673325 44.857610303467744 53.240839318952524 13.586233061271924 20.662040563552196 84.620286827628760 25.550625445330112 29.889428491014126 7.303855423597794 31.828836868749399 57.758887089274822 57.998879925106728 4.920803965050046 54.709583761772421 71.149187243559453 46.028147005798701 73.347578548905176 69.003969991599831 45.299972575738281 65.151859847374254 71.709357600169071 77.031170782743814 81.100091507147084 83.489021250956185 77.294612522664750 86.756687209741912
65.800851060293553 41.398520105092175 62.756028785067244 15.309042437095721 57.731883074459013 51.947103040547802 27.411245205287493 55.542594045853797 2.207303706313390 58.313525710189907 96.152536426008453 67.910015558542142 4.782999256745257 57.463571523164617 79.269796326884219 97.485625229234017 21.586883092782671 10.634317843384833 51.177686177031966 18.068112766147415 20.648819980813826 78.727175632113045 77.527839304986543 5.778652985758292 20.534526025405565 96.351629993625892 46.258004770742403 40.274035843768708 90.710638658576485 13.107968022009587 65.409143163549004 45.254137337436084 80.543978650551836 85.196196552464173 23.010526401937447 27.588329707499526 7.938042869396322 2.703890997654379 25.066718112064692 60.282533965071707 57.719519671729927 9.885169802586447 89.562557375122822 48.851019572432776 50.563871934794150 58.713929024154673 31.431494728462905 22.640368933428899 86.630931026456722 50.209226317458302 94.732378721017824 95.973228529072131 52.910948441168046 45.324730579593954 9.725832625121489 52.262015792905103 7.742019493556230 57.316838341245536 19.653497243367781 55.993085950993148 75.947766111005151 39.527517149512470 60.303087853357205 40.556571249305762 86.736960037374459 96.461570596551866 81.211476212673546 25.548739972168978 23.152965315488451 94.225066669640000 38.795333061841696 54.886081675341757 41.634335401993475 26.070973407704734 25.435330650135047 46.806831503347915 72.455745427294517 98.078130036905890 91.439413336567981 30.692918319625129 16.239298801353851 91.519153655986258 99.528382762150457 24.526247654238830 46.652675656253692 42.152792213692592 53.057581263636841 86.546441503198011 69.443485958540066 74.547361298615584 99.208464464176473 88.030993826461028 32.770560526323408 74.460182990574481 60.044217906974104 4.197087405200506 50.047202085669319 50.052675866503350 32.983337108539281 37.346455707030259 79.878460851513765 39.298063446241549 92.055399425994665 81.375604933543613 25.013489695324441 71.717204099783444 89.231437649863196 93.557298546438147 29.594033594354940 58.494830586568838 74.126724830939267 42.128087416500058 85.598099254834736 53.757604749487186 96.616969109310105 23.484353729526774 61.962507326335547 17.001724126306971 21.452933093550719 76.336237523804954 31.609384161714182 25.933006823058037 24.325359488330566 97.980146197075655 56.932175758150962 23.946535115512457 80.973053078274305 38.419758673244310 95.531618562598055 71.823898061565401 61.153388260108187 19.041509353467092 63.608825731092637 79.506243841194859 13.483957853430351 46.114170556266963 0.204046809682468 43.312366330180637 83.735107431223767 97.960617066691782 20.523371994933683 37.999462945418941 89.909810663263031 87.085700340579052 4.356551802668274 99.730827344821037 51.849326315824385 52.145814258859225 39.115309272754260 60.483769649460051 14.899442678339359 20.812743356108633 14.337626194022368 81.825205945735874 80.883628521409278 38.969895624106378 22.684382037486973 99.632388628041056 90.705469436637259 3.756752953057507 73.127518285921425 63.982708656787366 4.427821220851902 83.785131278229628 37.739746825145367 39.487560585906834 50.230484914288340 27.222104933446232 89.234525232503131 53.840490985629017 55.650001254812445 34.864645303751651 14.764434870085497 20.970248738454245 3.420391616603680 73.739643964487115 1.800930828187663 50.629179832905756 68.385830074519632 0.113184838760583 92.156697047008763 24.601340768885084 9.121642926979479 84.039254885655851 0.931296268757642 28.030248297292172 31.118872914291707 32.529333047673958 38.170465370683971 87.525550804927477 2.701968836864777 93.405064321674232 58.941606807599648 62.506856190317940 54.412676730344209 55.374381087727066 43.934964764587470 95.559839739391563 67.924244897404620 70.010083031172300
0.735257508960852 80.574183080406272 49.209526258041372 76.466471214929328 77.041331845155398 82.974803636676768 7.419618812222994 69.558349932372565 31.257477401487186 47.754460306074229 46.318046092473878 19.683430077329877 16.799022170238686 78.817104213265438 37.859560905684987 15.043514700907535 26.004335589959858 81.342081590427696 87.189345278329156 43.315645365395618 66.882047206635676 87.580129134576794 33.176466448218676 19.515945203886631 77.611882628849330 17.740265060191941 77.477028848176190 6.924673476870458 62.061967323752221 84.637566926268619 72.269205115506622 13.404482205836722 48.770636301698488 49.376766888110915 91.641063487728943 5.370449951062772 23.703437731370624 98.524168642783337 99.225837369260717 29.239446587266738 35.942767926660999 46.860191834859741 5.163000328293210 73.074172073531301 21.043784181675118 72.198691593205837 66.010805278964682 92.357065173297229 97.895669521501688 0.264189465131914 13.961422283114654 77.550172773612800 54.093220438721133 1.232934809730157 89.093842681281316 41.219403821998078 50.996214425930496 37.419807234501221 83.082879463785261 25.244538488950429 54.123255477522967 8.917200352786603 21.181107363541496 81.260863196704349 35.214119485822948 7.051484812440201 78.982427167232956 41.085060804847195 65.140165001426681 57.814634952647260 5.773159408081918 82.954910194874586 35.268896949348338 15.276210617745555 95.175303146978791 87.333778013347271 76.471965503101188 38.953908485506815 65.868272823830750 13.435927624018952 1.191260282318085 61.850638016974898 43.920459849439638 73.429849355572046 51.779526395655942 5.605000306093421 31.898206732944011 75.361654327009816 74.824835700627773 16.341490043601546 8.116527546771856 18.285705312832647 31.834123552307002 45.349997949274787 53.016947930208936 29.926464676143926 85.787175318285648 14.243781217124230 72.813398198738682 61.932189758617817 13.824008250543917 64.381979869132110 95.001836599210264 20.343886916705124 29.002024556831827 68.778491234906852 48.449090306407570 5.434631711677806 42.735796316604969 30.497789820047071 93.586858663677816 89.160078620174900 63.014840603310631 49.247440262516996 65.851224297797017 63.502256814268286 94.644155128145826 38.264926291009679 17.949409046875697 80.558035466484327 92.993338505496382 88.164419502997617 71.410304586896004 74.693415287049916 4.439369201225663 37.981751317712472 73.188327065549302 89.774036344003946 89.564530642332429 42.139214459438769 19.699111199970474 36.135038463760885 76.289455201785714 10.496252531950445 5.770816897035214 34.634411663950779 79.038657449766944 86.090129827454732 49.764053739620685 58.008904266678016 60.311978205088849 27.326644012142076 74.720188438825872 65.602878249579959 79.126462326049946 62.154524392263454 81.952897560651351 26.379731773793381 33.131978967468847 29.444408215461813 56.451884796322041 77.843768837417713 42.035479803492052 22.517266933518243 14.117943859322523 63.089752081205539 40.551840941898718 50.792751668570126 14.506866798834528 34.364844205871606 70.799388319788747 86.112215076760506 86.340991458784956 14.788630916246792 95.393988130288477 9.602303630820529 73.554939647451818 70.213475998236433 11.932584907747678 28.632807098259981 91.126989926573515 35.138555623446933 75.319854122046507 47.795742705737013 96.961614144547511 33.892648534081928 59.600904296184368 90.586902364252296 74.683086188245795 34.692043828442500 46.875653933746705 79.385982207062938 36.615397242080050 17.574050643956774 52.620595100252046 29.939462861411670 63.243835404048333 57.985469425356143 42.391794224068725 24.411840576617415 16.389197958335767 3.298587911691997 24.123139523217617 90.231826534710322 26.799011043160391 7.334182915799426 59.412889177924633 59.661125838611362 34.023831870139887 75.478164230713745
22.782153221910850 30.309095103146554 1.272849519308827 51.476479096390513 50.789936602499651 21.476339087805375 93.179828903684609 87.352074768374464 11.680180444188093 42.971378965039818 67.671352756717241 10.049405139011336 93.531647515184559 96.463389416214980 47.434366080555634 45.876477765768776 79.475987705974831 19.188023175502622 98.794400239637611 6.368572562046982 70.195339334923148 63.633730066265507 76.385765123728035 79.593765771558139 20.522714136451015 70.032947389278235 75.664755703590885 1.590792012055831 39.785372852535986 61.297951514012702 73.367303028946338 70.422398144874123 48.539609852319110 67.237575128323783 80.385051102890316 13.517935145730430 20.022448093720069 76.926184169635476 82.240345527877921 61.977527889905815 19.873340453124776 52.170072750810689 72.794747372613884 91.196070101179146 34.517514039030495 90.238788075787781 34.660983905697286 67.688790702160091 26.230708400859616 47.459543727744567 53.988307720535786 55.994386795890591 67.684770731170190 76.867036197640985 68.324533585361166 76.590226215169281 49.175797639158603 99.215045357167440 28.901973743054032 42.242760921161434 27.674159437070202 67.570062281703429 33.706261691994243 2.366962811205009 65.594399869308290 80.658982080919827 77.991509077017298 40.414672067914651 97.498607611053572 45.405820839891867 97.899343777412767 35.909766112527763 92.326584142598719 44.239798204091215 3.840953922150658 94.588418356485960 68.103307917128959 5.088879876291719 50.972962272002277 53.966168836300376 71.350267217713395 47.949708012741219 20.342734084240977 58.300615632144300 2.702723173559030 9.592481351346727 80.686574728636757 59.596371081462131 70.748462282143080 5.513965894213135 64.025091348159009 66.814108831094501 84.845772603818617 26.731656099981262 12.977740966949835 81.586959582932479 95.112248085730698 15.257734576752370 68.988847756998368 80.379642714679292 23.696242474735605 13.853034582164604 86.548237526287963 90.705135011533287 21.255579812006186 50.507954304624612 90.458278664838176 97.167421887289962 5.928942145537109 60.048713510035192 67.702554556797054 45.703763458832626 54.200006524931986 40.582821294773673 93.497060773615132 89.067492365167411 24.786930263267681 42.235674104098898 59.905971170580465 84.974196721110360 60.979964376473475 46.782692506366800 75.422136674825936 14.323104794859898 90.777867410275618 6.529292704935341 7.689517711710114 27.139515455115102 64.071216965123796 26.295161268518296 43.845776856362221 81.402381774941276 89.078032030244160 43.167872412903094 91.395214019299900 80.733464698022601 75.665590406743661 84.235453375485434 61.684222120706913 68.644584754643176 16.269477869319537 89.821565187527924 94.830858428707089 94.285952416769575 95.129830995488831 42.131418281794183 51.184662226025580 61.301646166952018 58.562448014996825 97.063943492672109 39.334801244224018 92.350214718316721 37.038845108461359 66.620186964480695 28.664111186997498 9.200008559826610 74.363361341504799 30.399356109009755 14.804905060883133 79.314024928902697 75.544001735110285 66.679846429332741 51.038908861670805 78.042362437227013 91.108776129527243 68.327698074553084 93.507122405154021 83.965577544781468 81.384328559690616 67.002023241183039 79.754961451927244 19.367713840447621 23.931564459609778 73.437276125034117 92.271101328688403 89.989674717758163 4.594724516274528 53.285960047706524 64.666842786752468 63.854674293827053 58.870809412678248 82.804803646345746 58.157800572671214 76.158208604248117 49.071296626923257 46.154885895335376 45.642615190875027 89.086121413312853 94.577406801418689 23.244759513017033 9.476519646546455 37.488897282103395 2.296568846709968 81.216269561217501 79.473588729771265 7.581569529358045 97.735996840417442 20.862428220938366 88.649685100346190 34.216419061777017
80.914218865744971 46.521632036983483 62.989761853417292 92.706639109829041 3.652009328041750 53.649826340548699 17.005271817419711 54.551629950558358 39.653521385179772 79.381698105396964 19.408141451324546 23.223532117648816 52.705906993472517 2.683447451751331 11.413456711540748 53.353471288973168 86.573119456790266 28.765936668706292 90.798483701942473 33.815981361356194 39.090276867439577 82.010184214803914 25.786511294002025 68.076429341943296 89.049089665928136 70.226070238601679 58.600868167584416 11.414002146580371 2.015019785218852 55.402493021819630 92.333076158056897 55.167545418899891 8.040206134769845 20.134092898278901 57.712817504607628 90.263305113744977 64.890692004539758 98.513218600540455 70.204927831935080 96.127229219152980 87.582237396613621 41.162785252109543 44.390546112578889 25.971727323032678 98.998753884060662 98.254929964458668 59.895352516620704 18.399031076148109 36.645485441005576 67.992022354433061 77.200195749493986 81.060004476243492 91.801233281521021 51.955515719619015 85.826598014622164 36.340664001583804 39.980826653931025 97.482917163049450 32.819659610204880 66.406759799045219 18.168872268446577 77.569742681200992 0.272942056612024 34.568311188676049 41.641603671567417 75.562633718698521 47.688284027447295 40.895584379515995 41.236054177568171 53.882900560821014 43.021450454153566 13.727495816246925 58.805779940293000 70.541637841124043 30.986712605662614 85.336851125842671 21.121309770727727 0.786269235795001 32.475839072929602 62.977604223282171 27.599276996277943 49.148709792829493 58.685405620553496 1.796344747296919 30.670981118083329 74.250473069127551 20.805182778457542 32.164317550991115 78.429352651859602 49.206659645947106 64.224151663852297 69.809355872704785 13.551752031477292 27.036091464259915 98.105003683823028 98.697927016434832 5.237266838498478 96.112494571698193 53.995327127315505 53.959463838695342 73.584172679542476 83.192783331734077 91.736685331974073 84.583813636262931 73.678389679685083 68.953087765793271 96.602189164754847 60.891888117267044 38.729556668330545 78.780547894228903 46.524515568178394 29.660826954483721 21.264447938989960 51.772705669337768 34.833314615867280 23.500699830008454 83.672436975399293 76.145677538836296 13.945098315384108 35.190723372955944 15.659200814399588 89.302252987423742 91.761054575123723 23.586229843206574 21.023314258411695 99.005656788515836 74.041096781042896 17.797698400631500 5.591682970057732 71.934717436288480 43.936631304863937 82.129346084366091 77.442067468063925 52.690261870025815 56.166395632936606 60.205970385689703 83.651251813506306 45.533943036780435 94.482410687862838 31.111213990453823 71.705140189323416 33.393623018075544 54.244872971018907 81.501894015088737 95.480993207124925 34.268416115063658 22.067382367710042 91.941106967274379 28.576137330452710 66.164060893260498 16.327914383066556 38.445968751650618 22.402415437400613 43.750631794673822 54.517485797464524 5.862282855302703 17.786543040406933 88.339762298025008 6.281139388167856 7.821884373987342 75.217230240627799 15.444997332577326 89.219479535383229 57.587048435502076 75.660377385291710 40.855407609953097 13.153530691093662 25.822080177882366 87.337182385227578 83.259576498160243 15.877716062127545 7.601614943250223 63.779379657037836 18.417817770894040 91.782907207051565 40.977136178139077 66.694545497318714 17.977629064824484 51.431867352415260 51.512067666801812 85.051940883145676 65.671621282127063 4.379024965782497 54.706144516650838 6.026685788633445 49.601361651502941 42.826994942807438 36.340232609143563 87.405009023339048 24.119550251195143 85.724749339406387 96.075805763147386 84.120993089696896 77.422306944152552 8.525811906797998 1.617792905332127 13.155172390548653 65.227559979552169 9.806994241417522 49.658309389290935
25.011789821220109 26.558549162881860 85.464088233947280 44.144194992419003 92.085819222980575 60.572670318342823 54.401333141876307 4.445618614407410 13.309745979703502 23.902447263262193 96.476132454361263 59.830370013924707 68.072575244444749 79.493784140338462 50.761895364718654 58.586151185304459 9.292894613935921 4.357900232494504 57.438826882797123 29.208889755242453 39.372318829542088 71.807815364182233 54.993374057592362 95.520612483300994 13.000344682327459 19.043619865839467 36.537295572437202 69.180744658950545 35.708197436596201 41.150661409902852 33.774086665846561 82.031616544024473 97.825464894917943 25.749466990710445 70.620492010003900 65.376502345539222 34.300308944230430 39.578170852865370 53.109477859023215 6.758315722810071 34.545585600607687 64.021465587913255 99.095498270710536 93.446213817099760 67.505328354020293 68.442972506950142 29.336221393878869 13.762732187973537 93.737743260903372 99.846767033937226 91.271700805719362 94.224184466894584 63.202420920566951 66.853281271666688 18.036237735940041 97.238523409228250 64.744490590640268 58.862466761523812 25.315606514584154 21.200374575333392 72.533585315873665 95.625756338366912 3.177375373464775 2.807847380324557 98.352880748794405 58.431581371974005 37.860367818107740 17.617088340375620 36.314617570340872 77.190413032051623 1.682807898320049 18.745448278661826 28.226014451831183 1.217702614236849 91.793871052773738 57.269205141918135 90.511755742178451 75.235475850843358 19.252629455377125 7.405559751362533 29.099486198232139 71.633945436811018 7.945124702522599 59.211318416786796 15.921745307642199 1.312581168237459 34.024784880631302 92.690584010919565 96.889549329608613 4.795959975459640 61.531312120276091 71.899067622290417 83.326651183195750 15.670722678191995 22.205110854679067 50.446624405030050 55.142576378705975 66.776918937607633 67.613306789009513 92.117069000908145 79.768814023657868 67.445497688473409 23.112373903635287 54.646816689278189 99.217858388702339 21.756689792974061 82.775337600138982 81.744538684370539 0.884779378286626 19.707194946471208 58.394880340226408 21.397582962569174 4.510670278052975 92.418453733122348 92.563559553199624 11.836137562209824 46.325559403150372 16.337000791443089 20.881731790080103 55.387743330670823 74.755162458302948 67.040901517322496 67.248723140950744 65.659086830794166 21.186702918821688 19.609574990720358 27.509865942461197 29.610588426494079 19.140905244999828 52.614930628825476 64.304688362832763 55.043117804588540 27.544714988818122 57.805995013430675 20.079922981414690 50.871185237143898 78.491850999839770 70.335263413749331 87.094601654608567 74.415664904193122 40.970567269275584 78.882487450157143 51.415474916001756 22.210197802925201 61.536531513274909 74.251412772602606 83.866081798568189 60.190306850020178 20.414062310275693 18.959443967099443 53.409997457132185 99.070596703219692 98.836922900978664 58.566307946774430 19.279376516249336 82.570525469778872 70.784082176265784 47.336555445202208 93.343869774119554 63.536948844524289 59.792352264618884 17.568719001094955 60.321682126769275 52.494648016610910 39.782292954847229 94.148280069072882 97.215730481162652 68.792922705783312 56.330134431570755 74.258200857414380 19.112385209820982 4.882184863977345 71.464154984287049 35.377903021389280 44.005325981224111 97.051371901853457 69.147754551014557 82.055032031160550 28.103903506244944 60.566442096722653 93.865409674211492 29.886994478828697 97.334730801367769 7.238910303457057 75.394688901451431 75.757784266973502 18.232450537100110 11.867899716889696 9.248930833175685 83.636865469496954 82.808628462037603 8.827145042320005 23.324772685614427 50.573495538084401 39.480219940131725 67.620072259441528 99.284979924703606 31.752757637356876 99.975337177767358 16.150772344694463
30.419251537214809 33.971339734454872 52.961797218144767 57.303146795241119 31.390901971719977 59.091808193930277 49.009787577748362 64.070862567077640 37.430025157311221 57.612066007046835 88.953002935375721 71.557199818454080 38.854753220844117 34.994101101372962 80.525520375351917 46.636281162364703 85.989823705693993 12.864397706623231 33.626525868507038 66.706707324172868 99.826619483646468 32.203076241740526 75.635294852573139 82.708054076587828 82.065617800710129 71.015147675767452 61.725731955727248 46.784627034399385 11.898603938531483 40.141323261747260 55.072640730796898 98.434405374515549 35.032639459884038 15.100596913264553 66.619054017328651 21.349124169301724 54.996571725093688 93.290237793192404 71.785399052364482 64.097314191857961 50.168019988149915 85.289242408900222 36.004020151571460 22.129053914593943 33.910327791039016 55.369620089176138 77.384281166585467 65.571247697655906 86.317191568550427 48.940098672173548 25.362365268500842 10.274124410038032 3.088614136297207 26.084424595049484 50.792839617859840 88.771663764420367 69.722646365915168 93.372399339058660 18.929681952812992 59.181000669263625 76.175116333671056 88.394681547401632 89.142996674819670 60.469364876090424 63.891691750711288 87.340399830183742 84.446810165880720 51.443426321531128 79.888358156089311 9.837909269973233 72.665044477565772 71.143950389698389 22.773623991789695 74.161681552839838 40.556095066993421 45.291073587760032 35.586221573133173 58.462545320658123 5.874062024427107 0.523522116153607 70.971423655471654 54.399110103125651 26.041952690995085 51.640802155952628 69.832940033890523 5.653593251179013 45.415369961474347 14.127088827258227 0.890388068503045 88.615151127517095 1.566572118728293 74.994133085035543 9.241572723742209 47.955287049331794 54.621183830617937 90.423352441945369 53.445313617025228 5.253731702400954 20.532792741513738 27.162082366099092 96.022735849492548 24.736893784486767 16.711098952285685 2.455742138499228 18.154495850781373 36.977884077922681 91.820981654098176 53.164372226622937 23.183888910578066 54.740518145588581 12.357840415153731 77.886940942179322 55.226008811526853 16.193995543182428 39.373201563840446 8.590348459219509 53.769872370626551 45.904544511181953 64.966413505278112 91.926746079460287 65.985902191129369 28.183693211953486 4.339944753515645 80.561890273581440 78.527244314547090 45.318061362988360 28.072471002647060 59.682642692381563 59.629684081774357 46.006428112693001 32.577561650746759 25.892451708230901 8.972290378647852 29.222364827745530 78.183149383528630 88.056249677013454 67.911038959265809 85.790199789591838 72.036680236669554 24.588420058121084 55.972983446280736 95.816839565680411 1.733835314183074 66.267667698021341 20.542506586362098 27.142911951630509 56.857469761975452 89.290403528470890 72.976138744605606 35.941909300478059 90.760214422479095 10.330224208009199 6.380006864757748 0.027679418731386 9.179579226029089 49.807256281959248 23.143407092509026 41.499144371041567 92.980763347741274 34.595030763391776 47.378539451107734 91.199103735123117 96.648578315719675 60.112742556713187 52.859007497998874 41.472847552004907 68.391606730093315 85.036150067906462 44.084986923392876 64.344284259880752 76.580797481288897 78.928922958478125 79.355014607973501 89.754818547640411 37.370036304857216 72.988978529573259 30.713057267056541 43.349697902325481 36.760721430696933 69.931377982865740 26.723545342282527 40.800868288294602 59.505656404582439 1.547023772237344 19.203849100060420 38.240604819017399 0.644821609949897 74.319552431462640 82.613657393696201 9.565278422285584 85.184496394472532 80.196054834760716 40.323966454166282 49.706534430055108 45.958192221482399 41.140788132835063 7.706208855042151 43.570094920324998 59.171817848327123 17.546582416088452
36.310703590020054 87.079960334377802 91.748345369762106 34.937552610117251 92.516634858523446 20.299445269160930 44.609743801909474 61.635067434050598 24.454003159514503 68.544846583304334 56.206704784902016 6.329787484848504 26.719055578796869 3.906963466546298 81.482227576428969 39.514865642332033 38.501112844958705 58.002176913157001 76.309068609986895 1.752093099131602 2.848372146600187 26.813200955955587 61.747655573391967 20.589819024149993 1.797065706406920 20.463226834847092 90.085172622482688 80.662495053143630 12.926972007458016 70.468868835998691 55.676409443803706 76.672332278654096 96.681217662847473 47.328581333218246 26.444093769768784 50.802319616768997 86.089756313726852 40.277078700379008 13.823528673066187 54.598775859553150 30.503054777669892 5.203878256262962 47.158026220473204 92.711025678304821 82.436993898061402 51.540881892047430 47.059117036156948 6.102307284042974 63.059544586576990 28.311923673993522 97.920743511895196 71.268812960316083 79.028344059517167 97.148576611412835 78.404713252736585 18.159973927774097 67.634200274709656 84.709200934083512 43.670466286971774 49.049763189407912 79.369118679603062 32.052945276899806 83.626702182399228 7.684748390574903 80.227861195970718 32.175932065179268 81.175572282354935 12.586736873943781 77.291418701897982 77.720992251812334 55.397694823407974 36.413585360149760 12.022293484041580 63.257144596895962 36.295187007218345 55.724916695976447 45.007108538013576 42.037955233372379 14.826770064674932 86.772438995966141 8.529960955039828 98.707772827061646 76.252981732855616 22.104675812087081 61.787478048453202 34.216900640782185 37.440538003520821 85.511086396637623 82.440079568940135 37.155683467696385 39.356682201910452 91.000041848978711 24.256712754661216 71.106591682252116 35.917323109688304 86.242778506150614 87.054393561314328 25.922772970846619 72.780605877855024 45.384823435016010 41.794071469966866 22.568935878945627 93.443421962927005 85.141983224449575 69.325743655112788 37.034113562633074 18.038200967109375 58.666581366858161 41.632990803504079 15.560866547006313 14.051362818038694 87.508265345847676 3.072953212798502 48.987242366862183 9.065398726124851 28.067510489785818 56.382938412030256 46.188586912593891 31.864376317696454 29.280659986300527 55.064472725522108 70.374828704966859 10.413877276430306 9.524996387678764 48.142724842296012 68.090832221962515 64.957339436375122 60.729631081199173 76.122876622210924 39.226620084112341 42.506318353077418 87.771846607153847 86.774522826727761 21.103879357577927 81.858684179039429 70.018048273190388 93.930071122735328 45.003565071187822 28.129997858066215 88.990560009591633 56.230500629630001 90.264355625081208 73.008729913412012 51.525547391311733 57.360749406674941 63.779850838871987 7.936471171866922 67.606208696623881 23.325339356606321 49.173022433569756 16.650811433982827 74.613061609699187 96.811080034134321 53.546408084483389 43.527848086998958 54.559656764115452 85.327423295124817 82.485896451608269 88.042685621284278 50.774546977835080 7.581622689963607 89.768878110078958 26.226655228845519 49.858302677006350 35.823739431807979 2.178062558825589 28.847682624839244 18.056919825200367 93.899197577232130 88.149581175362385 12.518280820091388 54.760607802756013 92.702270994058111 90.468847192245732 24.101719908829701 7.113625397024570 74.202000360670056 74.983138459942140 80.448634308212789 61.059771280519826 59.547072748153518 16.667073135878830 83.093790063193751 69.055869953502153 51.071699946027806 57.618608710529998 87.281050873329235 15.211613094273490 5.093235163112486 6.671717077697858 67.382883827503065 88.715988234338411 71.129052832025820 78.125580198793770 12.618688508715204 46.968874372607360 35.092221508636200 58.445041018784849 4.241659390971408 67.471151378530450
23.011348552053413 66.117020105671031 81.756181244257462 59.970267003121812 29.221395775552182 47.344840630996558 73.087985749236495 99.201736999088453 63.893218854949104 82.370291023885216 0.077423940245858 63.477611685961492 8.639007453214653 74.261274182553265 63.729649169897016 8.680945626020353 43.695045554904745 78.252574079552900 5.569431110975998 13.642743683114556 45.161924582183524 36.619546099575672 42.243627202236944 96.824294141421205 98.505594280720246 16.323494125812978 61.698394335650086 95.491638918244220 62.313235112056098 61.539418640123564 93.258458695609207 78.291881773885180 43.855685558884147 57.578163877291203 98.346923632009194 5.421312418166824 88.575409339148166 76.540727240182434 80.812779736703149 20.608584577480315 29.660884450765145 27.966810315729607 68.766435628066517 1.565200236852193 58.366722761269898 14.982653692022597 3.457784240212114 55.766577280729166 75.185709835851782 25.254856939591907 71.198842615626518 78.816928206055110 8.143756020740812 95.737061034229569 9.994273143463728 34.097871613827955 77.010268354925003 75.015206073243775 19.371087111054976 69.203192433767114 10.288048308001429 42.689576238562964 60.488132636567961 70.642720059337051 21.917210768171604 0.181448786829819 6.893956700842796 63.459419368513380 50.862110955050213 87.198559885585709 53.964583952689750 23.932214277641407 0.403315163911377 86.008350772860481 58.935516703688464 13.419896788082530 20.781172129334958 88.050495613119878 77.247598417305639 37.979314303232748 47.545873425270734 92.917942754518478 43.381702000345690 61.506718587795298 29.397449352850902 36.239452473821366 91.990940834693518 73.323806535897717 28.550431902566388 69.442523590885060 78.323539257223047 53.615044958460686 18.461511114949282 40.375135311282371 19.891840076098500 93.024002102941367 64.193689182704929 25.289262049214834 83.751806970193016 68.308930945611110 2.857994923842067 92.276561391163298 44.522189613068704 4.542448371251551 44.139473854887321 78.003356692572183 32.169949916285212 50.164073361821103 59.294402109452236 80.522410742465738 12.637993706949569 22.057482131841311 99.858875374009997 57.132163277040057 97.411557914823447 82.688577420430946 56.963117552086608 61.868953132550011 17.850922674162284 38.771281856691061 90.562131855753464 5.821388694261199 47.113202331998707 86.952852278458465 35.235024637111600 12.537195839406600 2.704073752498770 38.265154122137531 78.649828503917234 55.795542525811335 47.495300841517953 54.009865616596350 15.584114744034949 69.464913496001088 20.161191348886152 24.163153712358564 88.528875446922612 41.058329196857599 84.422018589153552 79.041250524403750 87.998750016033725 55.948163202677058 53.374216229680925 3.784275561357775 49.792993818494580 57.230561817661382 31.477807159154281 36.525471764299866 48.390811686297120 69.805602166682007 8.139235236154418 59.963547270071281 76.334628848555965 35.111155359466650 76.136903937869036 18.573627676928684 33.555143961045928 83.141136351192728 34.116998221932391 53.119361447010029 31.580520189119198 55.549921611548712 97.601123668654523 63.246921725351847 58.192730873107379 21.282156312115998 56.858409122250606 6.409756138856837 6.948124835458636 38.419646410772977 94.583618805252442 22.155317476168367 95.110494704579637 63.460911303711278 64.744249708136721 60.520532646480483 82.808527448637136 20.969747903456181 0.125919746333358 28.299927234554765 16.119052766132725 21.000401395012979 51.966181157571278 4.275002652962289 24.674961360994242 20.562122370763980 89.199754467044329 47.728485533621381 34.920207350247722 34.125515423501518 85.394092162314365 96.454472396219728 41.296904464759244 48.454742633428047 94.195643534550129 42.731144132052790 74.216361115715557 35.554704961056046 42.558882066191003 70.749534449720457
5.235234107952969 77.493645025865106 61.918162748585978 4.018549691247331 60.887193450258614 17.873575981502132 73.867310089110063 2.119635905264816 50.282952215402190 74.981189489005899 59.760709060477168 72.810436808144701 35.883844903515836 72.206216372233740 41.370213972806980 17.420060561672212 14.984180919711998 68.730908907631658 27.786769803478229 17.954743213994671 26.508469656386669 31.075578064019304 45.973938288760898 46.245442005562964 67.786095386243247 31.455704261756711 25.505906319757521 69.020629172053077 65.525758063355340 69.562404801413791 66.502094924198303 77.343625433310734 28.040483235293046 30.433011115989771 35.207133117747155 4.078070903279718 61.772590699470207 69.371209617152587 65.421422055161443 31.176265860375008 65.117939121506552 37.846707861792403 1.086838206574392 25.562176735757490 32.669236172029414 36.195568163417249 4.002528203409527 49.574529656591274 93.031033995046329 34.261962219422038 2.350755093591839 76.013697177584532 15.493489886685941 57.096807263191828 25.650741870146277 29.219459955839998 77.062430918763269 94.072470060632455 73.177360646104617 44.593298620401143 82.447463014964939 48.760305429430097 91.684288840019505 85.231445754645051 82.266592407930133 15.574089868866459 60.606239808884013 32.812173453030290 17.002284624045359 56.562677348099321 26.012351673563629 52.061900713398103 48.281224194529749 28.313098101383250 16.368224090725391 95.589707149255304 31.754563040542429 31.192898846929229 69.841244937127470 7.726074459263133 3.757431945932344 91.076822005940244 67.024819762808292 10.249338863617108 20.503672657970164 47.730238181414300 1.808014806499325 36.241104537104199 30.423817770896523 16.941010558849680 92.300977498840112 25.548598496923137 9.224911420986803 67.537339900068645 23.569118643125975 51.384028527964809 96.628326773723643 76.233431918467360 57.139564223578120 49.068795380911858 35.547368628852325 11.676646363365117 82.603365901494072 11.661201075927197 59.804190568824033 16.981704266819598 99.276948127986955 60.751932293834024 48.432976386259895 74.002880657957874 14.784916038623397 62.733443671693678 16.108006659092801 22.975783690381501 66.605724228372878 22.050343496261114 68.225849312899399 31.727279457200432 38.484936529501091 35.717015417251815 49.093126911084070 18.314870566914543 64.194923661875080 30.703081795937536 40.655735960676978 15.988940362054171 94.345012722123656 73.474622370783806 28.219326443991744 16.063976665563075 77.717941616344959 50.847860071750539 59.112761524230137 66.653782600567553 6.232465008166200 68.456690621391871 84.699260516034741 66.581172848971136 16.200204449271517 87.377834689780073 15.514091885012981 0.269329742442015 14.882278195295761 10.005216413305273 76.050454978713518 97.148363081426297 54.077203908290407 54.267807770239493 84.554386121063459 41.594532091928862 80.362342406248459 18.735888598942761 97.203794549900039 42.124896775381160 54.941892553312975 11.359916073213139 14.034801231119054 4.870256489232904 38.106151425058741 0.762100107647734 45.197219131237517 4.081158028596032 94.420120009603295 83.071577565270388 61.233091295398921 71.750648805682957 67.401468394442006 15.691851400288249 33.697213547169383 28.927947997044324 94.421200542505261 20.156850170212092 77.588614374787383 39.308448684013619 23.884701769366799 95.058848075774918 20.054550556209460 56.833161109032837 66.209434911502640 5.433065151041694 45.186297027746967 67.591799335079855 97.900476455383398 18.316783526998094 32.777496933616909 74.204582727518485 8.193959776555070 45.643190135694780 11.234860143589110 18.070853711704636 33.989612096644606 71.739997137878632 6.190127045997529 48.511810603070380 47.020003864179508 31.260740292697985 12.380737900437611 24.687748262158451 82.368198318006563 43.558778677977273
29.278488382684298 98.194832657329883 62.200513766195456 73.737842451329371 72.239758883442875 95.784540081340907 32.442575181514712 43.867521416917540 61.009139702579539 31.371480072129287 46.853878110152621 99.760771245947922 47.495529772163266 60.514904740088248 98.255138052243709 1.177125681931945 29.044854380867470 21.815353866971265 33.277700083028897 98.576217164018587 96.960661365780851 94.099271817528290 58.401816468107405 10.691746786655909 78.230275183190756 22.622646813670812 32.022698738069245 58.547888287808348 12.411518958419732 13.636535970827602 88.122518109752718 32.264688376320485 42.414240828284512 94.487069229677672 36.304553934820269 37.875316249064880 94.985866020970576 19.210787817323027 55.152654584923596 44.129349956974437 95.808159183358157 60.853100590020382 21.293854937175936 25.572491215471072 32.725612106178239 30.063565770687706 15.647762532872012 67.596445540599731 29.864205405460829 52.068061739478502 44.590146219719443 16.108759878137548 73.308110326363831 89.806357278877272 72.915614088841565 73.076627635411512 17.959744986489167 79.762725865328747 18.138729250140674 50.885054742788149 50.544024421396117 76.232762685755105 39.610648759779210 11.232745383603104 30.879496382921921 7.440382377336219 85.635018271795076 11.141954183906622 55.447765405872040 76.936037045219351 38.452515650881757 0.875354564636155 26.152180742864818 87.116963735981841 59.459963146715488 0.923394490337315 53.604248429186860 47.054468808796791 23.415606844171279 69.421498542240940 23.575625201531835 93.083461543597750 38.195915929940618 62.137928605913984 44.512169818298517 13.192439157817383 36.130509165868105 60.163535425555366 26.279690884675212 54.822109830735023 89.236046749386304 34.878735114499818 77.633365313973030 25.432707419606849 5.575579972204448 15.021769340042823 50.291668279056026 76.935627348746436 0.793229687948405 64.532917309637668 66.669943768007897 81.982519925696579 63.470673215807793 26.038953522520025 33.688858293882085 51.046263400652734 58.590429012056646 50.652501419883286 98.693932753681750 98.728177885847089 57.930884616483766 88.998582560878916 11.415684301702822 23.492090440492731 43.399852227915147 25.786926198261217 26.589127994999817 94.224823392668185 58.551725752046003 29.408682922339146 19.857836789170424 86.825515423463401 17.734025110206954 74.000203457199646 7.017614809416761 25.680628863727673 99.304069882622272 22.688314925924434 18.509017157437981 41.158668201077909 24.692068634452202 74.969836081398682 30.568416484061768 51.915481472610573 31.953486539722732 94.239096942744482 18.311243084798779 13.553182147730015 89.443124238908155 59.331008605102106 5.734994668366089 42.543027943652987 73.219423176357338 23.251778499879173 32.631642141108649 10.586315543500014 87.588733664008743 20.628075420081725 58.015441413673116 21.204261562167581 67.135339414686143 69.496824670412565 41.836133790771498 98.636692963477799 71.167102694087461 72.016605134059830 61.680873156491522 29.791987735553594 67.975867763794000 66.292925508025306 15.141223517043167 20.467777502774076 79.494781031119132 32.963788941717652 1.942756084596875 65.739548603240848 48.150223266062739 94.674870251064064 54.810499797371115 54.016187591440492 24.079544604431536 25.497100931185990 54.259096618427506 46.022269369174460 33.313500369381821 36.628218813314732 86.122310269976936 54.842539347283505 72.851503342320029 69.848223717725133 15.913527821565587 19.395812804323242 65.435868823856850 63.332451296030911 0.340899180480891 35.434504014133829 11.130423623109076 88.067406374042193 33.761041275404814 90.967251047497726 5.630267569226055 46.536238557193585 53.174801376959536 60.816618494087990 60.352437774791937 59.223787503523440 54.178070737674602 49.786786163413410 54.999097713808553 75.281358612966528
30.087007022602563 98.048469218178127 78.582411948324747 48.062136559358272 25.103307735569391 79.868826294491967 24.049801308922991 47.214584401183856 22.803438340687098 29.019243655352177 55.845154056262700 60.587424520617816 64.277887222770929 65.049891882798832 10.241406632513950 90.594132112208797 17.489472619299441 70.838043566067853 24.184551791800079 39.525336088149579 2.789726434001871 60.058311269312206 72.763532624422083 19.715716676276639 44.857494080722461 6.483969260989264 57.603568697912479 21.009501568286780 90.704735655931373 50.572242874155684 99.987269492818228 12.663924757248113 29.308205931369457 47.261371836492273 45.588515819631091 12.694740429493967 6.293414422645682 31.186833043071548 21.321199831909588 41.852954347813451 39.041294818467684 84.211010774782110 48.545990085983306 31.054738121294100 45.164114023125904 26.465498769868955 14.583907529835205 24.193153383006837 79.546745315833121 25.262031995745669 43.230761705616501 34.175822414770792 28.957616177892721 88.105642960145133 20.722340737794241 51.619702192444961 93.290989840492145 13.836234844999417 84.787349962730062 9.256692507227605 92.331267971058210 51.125629418748474 90.861985890946855 69.987228226082223 29.530998458617120 2.222963560817259 10.558908710734638 1.077080435977196 48.072231959751463 3.844409518752168 44.658512616517811 83.255858051685379 82.922882610773456 59.661684226919277 73.540512332679967 88.205608402025121 80.143062280376284 13.188487167546924 45.803985635377565 20.387721017192295 66.735571684781263 4.578545940571810 15.314543670800319 5.017579187015331 55.864725455819475 65.175196704046641 61.041706340790824 1.599666060941807 59.989283601926402 56.954578536030262 24.833042661172222 80.678834223202571 32.142977698794219 77.691012373602817 73.332617937926088 36.462200539221442 33.251442735315997 26.049887932820358 29.916065452275763 36.265190992255015 11.267805568657041 45.865859933957509 74.348859332911260 3.809121019449713 97.728447739829321 55.679568781083809 90.214166233081016 26.340092944570792 83.534810729728335 58.296461724066226 23.206391108186764 32.465865720312578 73.109981483252426 80.502004583704149 59.209555645238346 30.925537001402368 12.974319630825558 79.038175954227285 13.917389298456817 89.036545320090795 80.225910936269074 63.706354363579230 5.417031127094740 18.562029032047178 8.763760532108378 72.128935578871349 91.618201497350000 37.330877856979818 69.976893566262248 51.348646111277198 53.590718929588512 33.095171493886376 73.133000761417605 16.744845945743879 25.289222836299530 68.389394033474744 63.628368408862791 52.125819868446321 41.424962443050852 28.703152062930048 67.700171671519541 96.081567926137680 11.594673628066165 81.953425392928622 23.406225581466945 61.968042683600721 68.935604381119191 51.795987661795706 20.626603725199189 57.597124640353947 84.919045437035876 62.720248355011130 34.121745223268199 69.999873461402984 69.199054751927534 20.624233413036240 15.313384898142079 30.768664078000807 56.696853981477460 63.881957333452078 39.689777712201312 31.752311024939573 4.149886674598968 83.068699902741926 64.745135368799765 18.790138504748690 90.594352401324755 77.897677471544554 17.791762202444371 62.294815038452910 38.608715251869320 96.709077144860373 80.518119222172587 99.565048953898099 70.424799040660730 69.603755200406383 26.034531562438744 75.951912736062738 67.141274859975596 95.519457919767973 15.275479999421627 73.251690824012073 2.025159657066589 63.992314516427982 66.717252853003203 29.632484597608755 97.819631644158051 57.382666338531827 1.740053439834688 30.616324215419510 87.509151589708750 70.684634204660341 3.748125811959646 43.243789223668529 20.611266188461119 44.957824794491586 82.929078466656875 80.591737116248424 9.958090749094472 79.316232246811808
56.300654753411131 17.218621105465616 7.651668959816826 31.631476030347340 94.290851635179024 76.860935058779958 17.918597270848768 8.884665223004863 83.349562895775762 23.002699175959741 60.464286544037506 82.462032156907711 42.618691353665980 33.462315726273616 8.988420256414010 58.961636533117257 95.480016178895951 39.615787400058565 91.868216840165260 13.692939118371882 39.943661412661278 65.815442089913773 83.904139811800363 9.338309611907636 35.823947772625310 4.027064077581821 10.511665812471238 2.224781602469883 78.759335449673856 75.247810896979985 89.526690514631113 58.519149857153664 83.521193649741150 14.670523895149545 29.883991994542225 6.969228582487763 40.798232860037729 7.455827169444551 77.920714235407885 50.528547121480337 12.977796823745603 41.247317261120408 71.852716074056445 6.815764520341661 94.869682173929533 43.539439838791203 69.423108014695728 31.010078648240292 86.320812954939555 88.220503385886488 17.273710823841380 88.876446052598979 35.626680858944290 24.147866028970999 55.692393957198242 15.650611394522418 29.028013920767126 42.809093183792299 13.402963102105703 15.128517844148593 35.809953200939745 79.100998921396652 9.276976923421309 46.157972763751168 44.912509851520085 20.307190752962267 15.967690411852187 33.476027462910842 8.964055756982203 90.563906834381640 53.549518790597340 38.390603167312719 65.299826540806734 84.684654272817369 83.775336859718621 27.212298969803015 56.002720206874379 6.537999973062214 9.069057605700138 46.140062444014440 58.819141009076006 45.747647300906692 73.020998181072599 80.104208830390519 50.039237310273258 30.411687812157282 4.891415515487651 22.890937381853327 16.516102539590094 79.193058071923645 31.092502274671208 21.868516078558798 63.166547919495443 58.081840368082140 61.368283288219793 25.222764642543925 7.384707082664876 51.954837297664589 52.613444762016925 14.620248708673266 23.518630824367783 34.085740092934323 33.073502774445352 36.380277830735828 93.790473667490161 69.607477662515649 39.088481642100739 90.925273152111004 95.389462545139878 87.307114588470753 98.469941125106317 11.106126999523481 67.772274685608281 37.492575875959254 56.534597079045298 41.257580561812667 59.969803066088687 32.597394698702118 61.687324855044487 65.981335647915884 22.439177629310770 94.207688308866750 67.485110707128044 22.518813458662336 78.627277001145927 75.494524157700255 61.414683400666668 28.082469409608922 15.919685742209555 47.091532686518590 98.109756715684597 64.029076969788122 47.800431771705952 31.309039595430743 84.876181819873196 86.551118645216192 10.926848980263626 27.901445846655935 10.669555033222444 99.110969396748231 3.213624664835180 25.507997869555375 87.872753802139385 21.104673654515750 37.692902176633623 31.932835758606405 54.530744357774132 51.439780344332888 54.130791327607298 9.585856900819179 66.384354419048151 1.236895024172513 2.246336608386612 18.217486707413855 3.797643319889110 89.862197183006998 24.647129265264333 63.430460137310831 2.695803801469798 97.848213585391505 47.533459222765138 38.108053874829430 14.455257412007771 44.661383987285475 27.776703036542905 87.994318602108478 4.583934754454710 91.358135718442753 30.742231430865008 32.607624601167871 15.544079454568671 93.987381753572436 36.414341176667051 15.128064364225512 34.763119538351170 61.379195991493120 72.443608424654400 21.609253927569782 22.285106565824009 83.797172955890630 71.089383896960285 29.696264297593324 76.758774232178453 19.337464846985831 42.840407944230961 68.081007677552634 88.971100993649614 84.815705865698604 19.070215605413022 89.939901393261437 19.808863924349041 6.932114867629446 69.277117843422758 81.718168839006069 12.730951135314916 10.507255741706079 92.489780875146280 38.442730099082297 52.753337792366331 14.123197084638871
46.027044956967920 96.704610201980472 73.532840613194310 29.152173056322273 8.876542554112433 42.361179143081330 64.577714384054431 59.073040213130959 62.523019979575132 37.510339567742633 57.586163954686512 14.887786624950039 99.515010961433930 10.911109976879473 90.462084656975890 36.237913668899104 9.704630275240433 32.159054270208351 47.462929064646453 36.755624876414217 3.522105721595825 70.865268530408628 31.246010404708755 69.001053396693081 41.603179010105038 11.359207575277452 20.223436852711497 97.415869551019071 71.672594601682050 69.569847975725736 19.649571046657378 22.070126917617859 85.684576116267309 5.345024168290569 40.148091884029824 29.044561967687155 92.922120389540382 68.194669336997023 57.348674461414063 82.827476403821294 48.251612682966439 11.209572531403289 54.225408552176411 30.718504391418854 29.271566108123981 36.290343622564990 86.519019400528023 57.774321483558623 29.400734632185944 84.052612499651687 55.268386128737831 7.768682637680979 44.982710000759553 58.501037915881959 50.566666656147859 32.260355486604574 98.446489121468105 15.476556310535672 87.465223238535501 19.681082521885251 95.297221401526599 58.140259868042008 63.282468949422075 37.924040770000069 55.639395700592011 78.099530998246664 0.563615911566395 3.377818742915417 99.835802411102065 0.296660936932225 96.446930411280817 20.679105484762673 88.872512416570643 10.533367766758827 57.433592959611381 5.874805079807022 15.041910469976061 68.278048565959025 61.774454363775810 68.784183271636735 93.111360026604018 58.975005090190081 30.613446839733093 65.872685269409956 5.893177829111673 88.564536550233811 41.621601874569670 32.077313693820173 67.859258479578983 75.969745437924146 15.538696072704461 81.165245487801045 82.158419007374931 3.937269510870800 8.104208344791674 57.514202414898328 33.727632980602408 28.038665117154839 51.129282691031143 6.996259709752617 48.321014598013889 55.054341703424548 55.292819597515305 45.204866901087136 31.788099726891041 21.903192592197772 21.856962787023082 88.987958038610259 94.396813516010567 46.075389398258878 3.739579597702369 17.350263191323091 28.542122442248608 74.505170448597752 28.170955780733674 69.168703731520125 5.013888749790407 96.728759394133235 31.447506522335157 81.815372687963077 1.951026104807319 97.534417591402217 90.861135431265680 42.105221488781339 28.888156108858354 4.050892147054485 91.040526216114188 60.437067502739659 23.521428296856548 65.091838394803190 0.241985042616444 31.191092398799015 9.000478289067948 19.383474930545020 59.603981820304895 50.125787477677250 11.607063034459120 10.308522320965919 16.701419550331075 25.641356606556766 39.592988838992284 77.232526587436453 12.891554246219094 52.599397545210365 98.098813595076436 80.105145035499334 18.539101363946607 97.505216966505685 51.668166888540426 13.434718509522481 26.914136438164238 28.984561724541400 30.085781435275237 8.385591114395186 22.190829664469302 39.430170548442902 33.288569510454977 36.086778795249565 18.271715350948281 78.115085297621661 6.726267092662141 42.169625741671894 67.508667407938034 83.451714706649867 97.177756550036747 2.087615495031347 49.471565780108193 55.905874005098035 16.238058396189547 20.426453332361604 6.214578764547662 96.610907789870126 62.342049936307340 29.008914303930812 30.099077082649607 9.435267734337472 97.638600845045104 46.859002949089479 63.326729769239122 47.802286309239172 2.143164905046147 32.010901150337688 85.758823202544704 60.808823549968714 80.274894616137118 3.849937110218249 82.131690077542203 83.867981023218078 9.594543610538619 59.581256087966253 27.742028192232727 83.719582766991380 11.367160828848011 14.434814531408978 13.612744027817314 52.120712267345226 15.062170937114461 66.238511921665648 81.427588935909228 56.904571113899593
39.871200898133843 64.533669187868625 87.336500482089036 42.725888549861679 97.884671392964421 45.041378970027381 84.965446288562632 37.265558808696710 55.923958766615236 53.397676910427407 99.871129489438459 44.281499401789034 17.616981382089648 51.719949622473123 36.599831622592163 79.849347205082438 72.972805636317531 30.867074999560849 23.930284972047978 70.992535925037586 6.746986177032232 64.577408924087393 40.174619693585711 88.022590543081620 27.330526522823138 57.390992725634590 57.798666474485429 77.622005335572752 9.018467815116249 24.820362747924698 19.791081224025731 84.470326241669113 83.566979430774097 29.662238331755852 12.278819292570830 31.832410073636662 41.331966781989273 13.345621193566737 76.906324851494716 39.274491646229983 55.546700672716575 53.990669350605813 14.617042735602892 60.198928343360912 60.511914103492614 86.108645471827003 76.787126838157775 85.193229680760211 23.181467857954896 86.359132280853203 69.376317683962441 9.470511483476063 67.471577321132713 24.437903161480289 51.537688499869418 38.852153554079571 3.806506794069242 49.760736594790103 19.167892859214895 75.508480687431870 71.606691304417694 61.250740947745285 52.050371680250777 38.774990146389541 58.548627569406179 5.255709356500271 5.513596475635863 75.068226608631093 35.828161159590920 93.330822559393809 81.884811379466839 37.175941000996872 18.084519117463692 62.984276610226217 19.591188373929413 2.808199243448961 44.380093527277033 47.630548629815863 5.743172933724838 86.233357375555784 75.912958483938780 98.060769583549117 91.183614411786124 85.106595442125354 9.012644368861489 43.052092934151396 48.460105090347398 81.428364670963461 3.243737351226306 43.801879967087721 14.584815676004226 94.294721252266186 34.089168374945231 58.453659375724179 71.775405275940614 1.388559426722613 76.145925836304755 26.447150311257584 10.330258123959879 14.903581315906822 88.913436248573547 6.014347749464132 32.144689494605061 0.671750438321039 68.564698812962348 35.983389566681588 65.366190357555126 90.589971850660334 27.171995691890928 23.729044155847745 7.941280209380642 34.182151310317423 26.357971839680150 28.986827071075894 15.520658693000634 30.595946206548074 54.416957308178752 68.933631726353084 17.451402673140915 39.399469992443890 22.308900981657022 36.438807942424134 93.665173348913939 63.218752853356541 57.506487380554525 71.770862838224772 44.240251007542533 39.244744010298561 75.693783137343132 63.153180719807132 51.504668247307031 34.145350400569299 36.956746331163480 9.346113844558113 15.698986484675858 6.211129158151762 48.842296222322148 13.585871992671894 61.586003828229650 92.978834052805936 78.752791997603637 67.627906453220845 16.729587743066332 19.554959279767704 53.766789999815643 44.700491220718320 35.239880074845921 22.854403033328985 42.585558237137590 76.014304740622705 9.210356279729337 26.932791233887887 16.159435612053841 10.826475980009109 42.896472291577602 35.358206995792919 2.729823245550611 45.923057136785658 43.576134068755536 36.689422456964934 27.320379986180022 12.075651494805495 44.029900276627409 13.170830681265411 41.356286061761082 40.790991258479892 8.811148237778610 97.738541808054720 55.864493524679602 36.086898945170823 19.992650366541209 80.311583008855621 52.010846941019260 35.035152646421885 64.780190121467569 4.330826043898250 90.328180340784883 64.252581513304847 33.489324467383376 53.316611959686774 63.957627457941548 31.764630772667591 50.836381984035775 82.683361418640516 88.854433427839624 20.096792237177542 19.760611979946841 45.766368518971781 10.647255648161035 63.219580124288356 96.310394165098586 71.750083171849411 85.031883501324288 21.915864721475774 68.116734987751329 43.348768559869896 43.285467038756011 88.384673342032443 72.604898917018417 26.812592418794779
30.631173575634342 32.981994263766289 7.133609493116899 11.819323803548610 1.975808205960095 52.663521522287127 67.547675772143933 46.586466668836401 52.527860027379603 17.475621856950031 66.223824005954782 27.230974772962469 7.636531510732391 68.089281574988604 72.601373963911868 60.948313023197123 45.619992927597877 25.672754593579793 64.320889116940236 73.805479550946572 91.066896355112775 5.974949575129118 53.709009428434996 85.962791896735624 74.869939925792877 93.925620867235878 31.835950284598692 92.138046226052936 40.465343689550004 9.780438038801964 84.633821021822840 50.704379733754919 64.728913586679397 63.853958955377351 68.329536302582653 92.120665512214458 22.694361917881356 89.189824120103978 86.574515513834100 67.091730951812906 81.518939904198149 18.823974451470249 14.379524246727392 59.299323222695186 33.898875675948950 99.762365317834920 47.960578790591377 63.451666748933391 21.386001018146207 16.376858263862438 90.601570358746926 78.431066600491960 8.213379916488684 23.608587866388863 8.296473506549374 27.863490384016089 65.290814335935906 78.319702003698197 45.853922329170025 9.027766335322552 89.347887069788840 41.769928878178710 81.518639036595630 21.584782212662311 34.821018720842723 35.565900898981795 63.292645513850267 24.427511691084202 52.042026757806994 83.833752711093396 81.036506702075684 8.722208513047535 85.859546683932138 26.906686553860570 68.567902637732601 33.745922858118149 56.161408907072044 71.973810319755188 44.903417146294942 61.602550958018931 63.922750160727183 37.064956638473888 54.238845102338516 82.431514585225656 18.180614875518984 83.475496963710910 42.683886407064563 24.257543026932503 72.166340104173628 51.826546728547385 57.974417211050998 68.689079118479583 9.867860336102241 95.321728103674630 3.371726718676760 40.989141411586225 0.629615453599208 99.013222736200419 75.231359810400278 24.876296814612864 11.430679429480161 11.214501940886379 15.141995525121931 16.610497070120722 6.943370825899853 28.057178693835017 1.315003404825055 25.968175301888319 87.316437878254391 70.541597146453555 63.469816489278443 29.731702796618208 91.346371000649185 66.910212888505569 7.914648587179629 63.977621673738803 88.140496283194665 50.381291793665881 72.802106424499712 20.275531604521024 54.680961618378340 36.482978233749876 43.982188652205558 45.983643561693221 84.496378266044687 40.494588017249185 2.448649394973124 80.450365887658776 70.710812489760926 17.047136777052962 27.651667210097809 87.343308251958589 61.596721766885452 76.281968354647290 98.039060592663404 72.580007212529779 41.354428349749703 34.737895770559632 39.784857067256453 91.456856684978760 21.496365698097751 6.618520939816497 1.393778716553662 20.860270131433701 57.767033604999085 52.443040917680698 67.528637679324333 64.032725614012747 91.659896692851234 68.430115211186617 64.917819174197746 14.502457322593044 42.523671346860013 98.343910119243489 16.919182346044948 62.408725119708066 91.741158441743849 97.273769337492936 73.725249552311155 52.304221741776992 45.951632602547434 15.948850033280982 86.120221830457780 68.323078376420526 66.187909236435118 86.604075498318039 16.240639750635566 97.414276458564871 32.318533027197475 75.195415490499570 29.292268410494103 19.959078806321084 48.712737575118993 91.164155645915216 20.790051607065230 67.748633645658913 95.430669217258639 62.418118185549091 19.935505174771183 57.700990499604352 33.785368623969411 16.441024525735195 17.669566211385458 28.254607685876010 68.288437857762744 7.972137347295494 31.740224169413889 29.157823799928284 80.054736975707200 27.146061433632383 22.845006267785951 75.981409948930263 71.380357900393491 53.819164967090018 75.425439345298599 91.017779226491825 77.107695353694012 74.071683106737879 10.620542230597529 49.125386840115290
89.968456998657686 51.665055315684448 12.496748321734142 7.982294090651676 57.363405603815110 26.990815895954412 19.517883347383304 91.776642159222064 2.598188888510999 21.655319055086231 93.442519457237992 41.636115052242573 19.740251727731785 58.754474947046219 74.949657884797915 1.808952958727095 24.910465547817353 9.429292118955345 70.132385156302448 93.911990616227243 96.754892179685399 40.413067789278280 44.824051445157146 29.571544843343801 60.855950719943351 34.494333347211857 51.772008107222213 92.838426446197914 45.149441775579888 46.983231930377137 99.133480554950864 29.933949208605583 27.934773146006098 45.060829979460713 56.825112830000556 84.422494047290883 31.552434852193656 55.747797907977635 14.787891730830760 36.310820527441543 43.791569587464807 15.982380604472834 48.780651468500267 64.896762934121938 1.679559613995352 96.909903617660490 83.864287171842037 98.123937163591535 84.014543967810496 10.032142006675803 3.110775249309539 75.746935183137950 30.564779482694291 99.676301985865223 32.163383035297485 82.356561782045716 82.906636661140041 48.183781137458645 57.248886922054744 14.160694768815729 30.941235122842027 83.298852465031516 80.301413482140219 28.143568747924974 27.036395932192203 69.232519050595172 15.363540062179792 53.915457905967891 97.773129359128589 14.072487579788051 23.323786412423352 58.753648890159901 77.520694617659586 1.853732938578889 73.432113957495957 30.255737209642387 29.170933192314141 85.359404695037881 36.720636833667072 53.956512162309181 14.244800070296403 15.932745163631512 57.133085983883312 70.727637738446205 86.751542194048781 46.317517175332178 48.808727379111971 51.640141345351950 93.921233723580755 80.472604067558024 55.104170321007182 92.950751035575905 78.830451833661314 34.984680483279973 0.842297095995903 70.433599868661801 14.442687791965314 45.463646305927426 99.725907840397340 91.389647185550331 24.047839481453458 47.335331305114792 8.917891140233147 60.588821959036224 94.626559819792021 15.566652278812432 56.724599092774632 45.375069578986739 6.598755662273570 9.353827660458979 42.520080379851180 22.538113796607519 58.620813936536777 41.246101151673578 12.510640076064428 47.790713622197899 19.644534783965074 49.496025815820552 78.748292986000962 57.550540181089460 79.491912893094224 48.993651809509053 65.839872749234758 38.494860978395032 82.031269089423276 95.788023354051859 75.886942698275107 4.027241158899919 82.501468093549008 20.549220973458059 63.051086978883454 61.594373776178799 61.522457357961102 92.204383893000241 8.064641180888465 55.292703829134872 30.904627015686724 82.075994074679429 4.320088751369244 48.966642773157311 82.687415552343197 8.501695817860222 44.099077036284115 11.610927479480670 58.211874951265109 68.794101788196755 10.808328547833812 88.351023620233477 49.729216622102726 95.628409934136826 59.967035065012098 80.260590300213408 94.561548064688452 0.016802432775742 6.358487264185452 2.219941719073004 50.542035050138821 85.431107340446189 69.603828099704231 55.105469254950087 98.320522518824120 69.074903349553225 23.069650792187492 29.009567293290761 33.625412641804573 22.890639012272509 35.851555823065539 53.057049419923743 70.895503239416044 52.162474327260497 67.095334047041860 40.669394630037715 47.573500276992931 38.932751367137932 78.555884068893633 60.175214334889503 92.357495932167268 58.457900126213801 18.705263363448189 93.582651584024418 59.069535026862631 24.425212137935148 18.675425107711384 21.349810237863519 24.413667724720710 80.771751687352264 98.372647965152112 44.956262006668446 4.243082614606308 29.492852407884328 36.087097099907297 48.405043059207678 13.946915662385194 44.389373015013923 44.441482745835735 85.598675122536321 46.800141624734302 57.094059318584215 85.708667320031324 6.930479943701795
86.017899247982115 11.521201193828857 67.910505239914002 95.327409167754041 48.048094750347389 40.236823651135225 89.352892158773017 5.818014945316041 21.356316404555685 40.191364723157932 23.711922806036267 36.551454466682678 88.881654438193607 1.770101816951020 15.418627875269120 1.290405426230989 38.933906865569625 82.858677994088382 69.262084878316912 0.450896043964877 80.998221492264449 52.271277485597359 48.309607077235981 2.868688363872529 77.726562673243336 63.964944317854929 1.172866847327081 99.461551535974863 82.221069277918460 17.515756079163502 90.250311074809957 90.180922906050426 26.346749850651751 27.793978785820727 58.136610433085799 70.592522495650755 44.908222885389804 55.213806356898878 5.645728014622020 26.411799383030921 11.950537456339227 87.021558822202977 80.959751084890314 59.674602603371873 50.549566148356071 56.727344307487591 36.682537729438906 13.815139704555090 30.778811820140962 37.587103786106326 25.498747709972115 23.845967470027695 11.450932685851722 32.860477814364799 96.418119361011918 76.060143992750668 0.810152002321096 43.470349115766815 97.092933424734525 43.082446228106640 17.137664134291519 9.167578998704972 4.163598071699914 94.150972702911247 53.345401260389281 88.836686557764125 87.145863976612347 95.689574680444281 81.117800023075233 58.094543821712627 26.956623559981374 49.366258471584445 76.092950874124682 23.140238385249912 80.945839210499855 85.476721288844573 30.402884874805626 96.816201387160390 52.719537714740383 67.317883886044655 66.536420029651055 85.337227513024700 52.380733009464819 27.166517222126984 2.105562580104459 85.398258320487827 8.483023262177003 0.637310065398322 81.061822143398786 17.859211635358097 76.896148357387830 41.554822483163889 8.642656516940461 0.729313294805001 57.507669794641117 88.774868124611245 56.336789531683252 22.383724342089462 5.596506877208718 40.054608292494876 35.139944477988379 7.823473281530968 66.686938397145326 29.952188397096268 40.245555666442321 33.063819580169231 82.368035690949924 9.397127917232318 7.882710910509849 0.482809576902199 53.763812794400202 78.857172107128548 30.591094220410252 19.416467621945323 16.585471664086494 16.918063445350629 13.765151980732393 94.573847365171346 65.909423175359265 61.056793387854405 83.005513288350400 61.949389572290059 37.408425815853931 53.402397003730506 79.908057413038733 55.435984871660501 45.954720061255827 71.094034643998612 45.399028631350838 26.858433048470932 45.065738068186036 13.456736509496947 89.955030125304987 71.481086940503488 42.802410805839216 17.122471838985064 94.902150169266378 36.918295368923552 74.983078597493716 64.390301963059301 91.861618449475060 40.620564262494440 40.523001245834678 78.588651429315320 76.486888154403303 96.764723072828659 16.158988257238761 23.951920661594016 22.540086510493584 40.243109673287428 33.481869469954184 39.701885491503916 53.933701861542524 76.757882399170100 14.195378947635495 41.464980849180414 42.352557045262373 25.191204913617494 2.910190350800657 93.173717780051902 81.508572495124298 85.672029722647579 40.095008932574927 56.411787476471545 89.359196801098491 92.505619962212251 45.930695876422014 18.013002334785433 12.527847791603818 79.189351361196927 79.902411484169221 27.187594872009736 58.590478149401257 86.969198295253250 85.525203503301256 31.306617955459480 47.402946253665398 75.503334392269608 8.304434363775105 92.041447482276368 39.197553727958478 77.437133686519971 82.422059555214815 87.565232413132321 17.415473019830007 46.705880157582278 57.009950880829138 29.594687796251574 13.040470883343168 60.016327929303081 54.080109989812151 37.162116993316289 66.236119929174933 97.744399052549426 98.066717822183847 6.155483755587731 61.863410967119336 20.222408709352436 85.484220237044354 36.457552118781521
89.332396340258498 45.823499788390798 57.225955118239781 32.912115737103264 2.406419516634317 48.399185764158084 51.471061969537814 11.663501562174162 62.287538879877182 8.457522660353423 82.595707481601849 72.305232494843011 68.852585720452353 15.930117398293254 57.331387584214752 26.716993146674671 29.296682370320649 70.708136848244436 68.349950318079706 82.390321415654739 60.205981581250114 92.933375900815037 78.440278134700563 4.147311671005771 51.969347123652575 70.780959739733277 63.519118834545608 12.353107731987368 0.951741321172628 37.421770866427018 46.806462487321966 5.684650151109583 32.745949047642206 63.585382831418080 28.762325558977043 45.712890170819307 93.984001718553017 97.239115795423430 56.844648631827191 41.515587578291814 47.159397859435060 22.016983732384233 94.264393692066548 56.127537167899909 32.223650203545240 87.378175250254557 10.437807154769596 37.327850311029920 33.998324879035515 89.432924504653442 3.996545377771665 19.198349912255086 77.019485754776809 64.965744569643348 27.787577879087710 66.793941627495016 19.167660723397528 79.642070948899885 75.504909680997656 34.195297149439810 82.030693825974794 58.726076464360276 11.667076270381827 38.843693609911490 31.811598671210838 48.461690172964268 76.891334373267327 27.690238032936453 16.095029101999202 73.858784627403296 6.755217717728723 55.767926009932978 77.213866136824365 21.951243100592265 40.974057079526261 6.170400006209142 71.796279061320860 49.166586683124223 71.432021384274861 58.298396326993583 0.573092935931707 25.591076412796411 62.406968012886487 22.000753413905993 29.518058165007520 49.919364565665092 12.996938617303799 14.262914962835771 67.207713049370099 79.921419188427905 73.554574803276623 8.549138900025399 10.769917084518921 15.334495314573237 14.353128804424841 49.429759965607886 56.825535601707578 40.216270724667638 70.534880092436467 60.105874364931147 54.153388348150322 89.294221988348127 51.966447743558810 37.160187009947165 33.782900134729900 97.369196045910641 87.914097960248029 20.111902851009244 86.499348216702302 76.533017607908192 93.876915656824451 13.231843637689721 61.523136902750586 88.710892538973269 71.942253860962907 99.230478165226899 1.851137181165574 0.481617718644844 56.082725402624689 80.155360870909249 99.249653244799092 53.008816848796315 93.985008038429058 55.146638759163778 74.124743357428628 8.638572731015437 82.419047517353761 75.055646048066976 65.340017183982013 94.384841527216849 36.348870705961112 9.604913953738404 14.479678196258384 32.082630670833368 19.322460658767316 90.568255557263285 47.213178780810964 11.301037569655104 40.727815459355476 86.491591247053833 49.276584127028720 75.437116441409330 39.618448101839711 69.850362875162531 71.876722340941924 43.613063226009949 73.569124240294983 90.421103635596140 51.889917115391292 58.130576541223910 77.508924640353968 96.625137460613388 44.987313446707134 7.230004443084336 14.369983141162068 87.788408374172917 86.158108476344935 27.644592693357705 40.047908143939793 25.730657312204908 68.923856333096040 69.039306985102016 51.099412195159701 58.362122212571030 29.787419382924874 54.529441638327988 69.642468237251109 99.954932488039333 45.112777371318643 40.587687120983048 3.082947608727504 5.383832525174725 38.004308760669190 84.915875437503402 17.209503515642176 8.768579189803605 2.475419749479846 62.039586050951613 95.372327558366308 48.447065743863106 37.581527038997685 49.116451320360547 40.372334127492003 71.101204991246803 61.746937932564485 1.504664466834926 74.539708582771169 1.945787485090811 44.543962289641684 6.681439718575044 10.661191165030759 54.394507505301625 39.036367627702653 28.912019091160634 43.019285247343596 80.109388929523931 78.781229412194378 38.146592932301985 6.988658903037659 78.213546474879706
54.395906834176586 22.387336263899716 49.157225786429848 30.983831596523036 94.080561926707972 15.692247407302728 19.021322561965327 33.252175806482732 84.778632977233997 65.803312117291540 79.126931238019921 11.942830889715040 33.638664617743750 33.908859504169698 9.176998682422276 60.659980842235406 30.635510893767957 24.507812755502702 91.631934240652697 94.648909737628401 59.969932455220963 78.102293176393673 17.913767810572210 35.858224574250485 17.217609088624354 8.117646294049074 78.904707779450931 51.495746391889263 58.647025215623493 45.522587165917528 52.377751922897474 86.017641517591002 52.647129720612263 94.716686431388027 1.646620560920942 15.682391355360625 30.643841913428005 38.869954509120305 4.341407647014039 40.629319875695039 92.195028226624714 91.420765119268538 71.476429194923014 67.208676723577881 61.477024575907258 60.355695599937597 40.600542194854484 78.059748750410634 10.261146190307247 56.966897893427472 79.248750733533754 46.725529848615885 21.343024524881336 80.800097692379467 59.196733012167513 6.646936841870477 92.366544874689694 6.075991110484003 14.441140511720352 37.128742349595399 86.847668626910107 13.787362566309813 92.131384863281994 5.942050307623592 73.527066632030497 96.978548886307593 8.512976200636846 62.948947359237273 3.874944544372871 59.822558078389498 89.843846149816514 4.248731556778285 76.385982491004256 13.337229762833601 56.021775566036006 23.025286094169662 95.225758471989764 79.877845010209171 82.445843921582309 80.801197959560753 64.139310630142106 73.224274486532948 37.209291792609193 43.419805683010338 1.269367833280022 45.284698656062297 45.806341610899437 69.529473334980167 55.057491927407909 32.169744131207857 76.932878517647680 30.752523501786534 83.643150295021854 95.525844710772716 69.112943275685808 51.674079188574275 51.085939118819503 82.500702330177901 38.468862489870162 91.485130250470675 42.035894649461660 31.586125114381847 26.547612709063884 67.452881914131623 92.977947937571926 5.294362259952401 61.071339292067925 6.175722449295584 62.328132187151617 32.250411276520339 62.186723680093316 63.768410349090466 20.003221514509427 80.210877521291735 43.411670030418726 82.121092480072420 94.245783817308123 33.472209357534851 16.465164259513198 82.949537104475183 52.425241856432649 34.564207345821821 32.375064314522007 83.600010087509943 63.145664529510405 33.388585422544914 92.372393624421818 51.342680386148864 40.902489311355474 8.371354934797582 23.917561163435064 93.041198810343744 2.731473416534425 98.898347194200056 73.043963295017107 12.961532318853719 11.719689158447178 65.295906201017843 53.209632355192539 32.904341249508477 3.269718384938158 57.798556061283477 13.992424183100937 48.744341682155813 41.682775509229010 11.292445718700449 2.235106924640684 84.237701176992971 12.862849752951366 24.514972493351973 64.934758337774227 12.728565335333053 46.637716695185482 14.017650904554024 83.755870125479774 2.557876416542060 95.060516357373231 63.891836165170069 6.145202576334652 48.750867805752037 75.011540315681884 67.399351852186513 65.090848706735244 56.941300426343432 36.254687532094835 54.975832934650228 39.973925444003115 9.396067828482902 8.113854402910992 32.231671006622520 34.328034776772952 86.175651430184359 40.992742758891566 69.164992906216384 46.820883483410384 17.331056923777410 97.186984093790286 99.441039624822125 47.178660578892227 74.549223771217626 95.614865409559002 1.005417856241964 40.076107212758792 51.362715000431926 40.309712781925576 10.502997142188541 24.231552826089253 91.524985646833699 17.469043844472743 59.385555769826112 16.724877335289413 3.043602598478212 52.788823008655037 58.865850378821563 2.596783319269536 7.444376092729854 68.172982435143567 66.142677533412524 39.400667457668618 7.942373071154996
96.368206179003906 32.433868646375643 88.059568717022344 61.203125668931577 41.475632113227576 0.240068315112352 68.603258808862691 82.922264139468282 55.695538420625610 15.805418901385460 64.154448571995545 58.305764172371674 56.968511408546220 31.909057444003963 7.737153859413559 74.903834105772489 54.375950633314062 38.635608701224278 46.109992777886220 51.164804213536783 61.833862157527562 59.720112410545909 17.798553525661099 95.973420678293863 0.153560802283981 35.554386751088032 87.027617595115743 26.713915821933298 10.580807031615736 52.141339062155353 93.911162881774572 75.258134051166579 99.302074293803884 1.966345176643047 10.834046238665740 8.902232629633788 58.416882409625579 42.438465020403285 70.906956924050306 35.330612308516173 49.740983099245447 62.615131352491417 76.215231196820952 58.785380534579332 5.505776311687249 73.736568124416834 88.108830268374447 4.124338202713540 17.464662955158474 81.752593296901679 23.095475932798802 62.236023515315544 43.709536263490236 32.994509321570739 57.786527154303855 52.067274507471019 73.170990324832431 97.818060250649836 88.028984534722625 79.545324106728430 61.002307224149853 11.092399787004359 44.463052837101877 84.797566001144830 59.664769605846132 13.937879912341511 89.773408578311219 1.120534219699520 92.201466326712818 2.144550918185240 70.964932298607579 19.712399366673939 23.805656036323597 7.286911949070019 59.616262097516845 99.624019164060982 3.015405251174930 87.143067337811758 50.758040149275331 64.371663726193688 18.186521924356626 73.698435286976206 89.681527618812822 3.121072516067702 19.511412418345319 19.653799553570504 67.460240337259521 12.141194234089713 46.665077439038129 54.132165080074593 33.007677936716398 16.775269914906900 75.523590181560266 74.109164413847211 89.005461877051317 2.287509992510217 51.758737277894575 60.282060890138943 20.589434401750605 17.325732326608488 17.483360853543918 89.790670592753912 22.375511001774694 90.680591061651526 39.559394256412276 35.185414281517780 1.911262619303755 74.486152212464319 47.156280069289494 79.895043389774159 89.061844406217986 14.529859688665059 66.026979541569375 5.315851897141721 68.060451251540556 38.147748385559929 65.410685962175037 94.819504355535500 98.542842779450098 46.209785263818183 16.899105761829812 18.678848514284820 69.479899987035012 57.869284062790868 28.576737728769498 62.249744131678256 5.418835839114555 80.288037583954605 19.369080202674795 47.909973278781671 72.676987997362559 31.861854282301572 30.825276526975586 18.865827227832288 80.292604331768047 27.371434174576482 41.407115408578321 32.809481710537348 53.791100537425308 35.934136600977219 1.448858477747661 17.363415816378801 9.110297265245604 60.922060989804528 81.918545256613569 41.068166038812635 85.907565489145156 78.286899491910432 83.069435545179459 66.365093084214081 12.884765288863465 42.976984426391937 58.972302298792989 57.419816251598036 54.269636369463647 54.895854586997515 58.590046238357154 97.277926994589052 80.312202053256968 74.598181081694918 71.707490027212174 67.402196461233160 28.587026908521018 82.336711518103073 72.860874658699402 20.832601213184475 5.636766992547471 20.173833693396638 27.495990259529247 32.487782995765180 26.096135220464401 69.659770552713496 1.035303432847867 36.920858929621879 27.324965403176328 39.554889925775782 42.531856991679206 35.391687385795521 46.960552767341277 57.450895736369155 96.006354966568310 34.285524979932269 7.056456282838286 38.957841967454833 1.545731321435861 93.235805438490388 13.280128449964257 14.543124908754457 24.490667668768097 76.500625314722882 36.819324965968427 45.117597556762981 11.470646673528629 76.650276349248088 38.798132337439050 50.697996854374026 66.246626134761215 49.147796935307333 99.936436329659401 24.807329960498702
8.940341993670419 28.016464166875508 18.792365532285160 68.482004293973404 10.832610955244771 94.627215445538297 17.827613426531542 89.153943501785662 41.443927939461190 69.133717271674840 96.663418235688368 62.435045273238352 1.744051317636364 34.432384547756989 86.141438170340535 42.925465339030147 8.113758176613839 82.218435974334696 67.814332696339008 47.542409329008997 8.171995398042565 69.780871547635314 58.554795985448557 93.804895961542627 10.413909091921358 78.518035590199389 44.368852261036793 68.843252940071380 31.634475539985985 10.199384002846013 53.634856010456332 27.782507341876517 14.056009034083782 16.138998265493388 97.321374391149490 62.932166627288602 19.171592972014707 78.878256577076968 52.201171445522533 51.303627337111436 99.871539773482482 97.607497065014556 60.795893982211346 41.402241612007387 6.166542053881008 25.455866943670756 1.687372698300449 49.173575215062506 45.961813110007569 17.202048529080137 5.483199844673614 28.833796679998780 96.179159352148076 66.585134189171782 93.261464062945336 8.274292485186818 9.242524953618158 96.343852361465537 57.065145473633486 97.624588753784366 54.786513479460453 6.248544296094449 63.231154493087551 52.826835376708871 87.751785156541274 95.789862377252007 75.413927640230568 77.611499402341295 57.373324063205985 74.325308009928975 15.920195519260394 75.935974191283137 96.391016881962486 34.906989731074589 73.279074469769711 51.432522329788398 96.772815557255115 51.623210645986063 22.818361455818227 17.706094740661538 19.950966875577024 51.432530814714596 81.641881950992982 3.305850324424431 91.665886097495104 2.222480787453573 2.058172347342202 30.629410446366045 63.967547892025834 95.848967078272892 11.022615048513440 96.221026571515594 2.370904199962887 59.523608058211565 43.213048979276024 38.553475276504464 67.903896508879285 13.618863599940944 80.919125089325732 14.972103231681844 90.968407138676284 94.039482562169951 31.104904014061152 94.706548835279804 12.846317159790244 37.325569889258162 59.825566905145557 57.760167163238783 88.053587444633337 79.245394074161041 45.752211722725086 47.681291340811441 8.963180570240626 69.947079880403066 69.691089535003869 81.062747620651010 67.433867870907179 83.399605259061005 62.470072526690537 61.674709590777631 44.139518029831258 55.319422565351530 29.894038457747062 88.918574047211436 53.960183727621569 89.532364810603610 31.557512373146380 64.186726242087929 26.438002964520081 89.459584248566088 59.568591906151227 17.272515262708154 67.574379401727242 87.591369009515162 44.433898297349984 79.969183386917081 79.287995000292838 63.740168822543644 83.256336728025815 26.886111445012883 75.210378599424473 62.389865039072312 31.262423082906544 20.816232111491306 80.638592052226912 68.194316941622162 76.474546206194532 29.866681971265972 68.546534434953372 68.261863414952927 0.943082626474967 30.152239687547301 51.849577861662432 32.142239015823549 88.465874977749920 65.389805983618501 82.315608055178927 17.131734278788091 72.594387360681694 66.014703527628242 18.449982104037755 52.399595267344012 47.624873740014436 4.231078597337534 65.087886233288458 1.787531945953291 75.073509504305008 37.957416548864650 77.479022048250087 8.564823760150420 19.916960059331302 12.725686926572322 38.859141223054905 11.629661143391212 13.842245454354318 48.982938737412717 27.180418717211385 85.826307345750962 58.617409879354000 57.943585495822283 91.126227103936884 45.677008378057948 29.450743050021831 23.661575325068263 16.976298040224080 52.933152857627306 57.430648211662117 38.016968989808277 30.477637357009911 14.230686535796400 35.704149758610356 62.234286113220151 26.676007454887383 40.477390711610362 67.420476532548079 93.363679845049489 79.184013959385155 87.462891499868320 14.783063195534108 99.113528818836599
41.523334693942914 34.516454654283116 3.118491433590953 32.830348171475123 23.537673763205625 31.216815543043055 51.579275631893253 63.495914460470473 94.681011026576030 36.210817837089557 76.787262801301353 47.987866796233625 89.789070900970387 52.863795664131111 38.456842851921039 77.179655472906617 42.103154617978035 15.093953911529423 86.212833033009076 79.081356516699714 34.468598778160683 14.242537694719370 42.409692171268254 41.302765506586923 92.288973296492401 85.954134701488101 16.614341493585460 83.197708132112695 28.509672213476900 24.634869392845150 39.751363565458611 1.322543594355352 27.166953817619287 80.981119159222104 93.090574983578833 95.611688651540632 99.086848966544849 96.167879805973968 47.005583052485711 60.557622050200898 68.399696825567247 18.691838260774286 7.821979124874612 61.061387017063304 12.740480277883348 73.009457371184041 97.491547444531719 42.735218511368942 76.811431658217757 22.593650929056320 81.449880298087550 9.254004897218381 79.875909751670733 11.052886805283070 90.069452537658549 34.312879545239994 87.159476764266799 55.571673186559380 31.556999625681602 66.864334374911351 59.378862265740651 14.482770113480658 86.026924539985046 89.507699414144540 24.655803600150051 92.295654314074582 64.672280068061397 60.703211807274727 53.015082206304143 85.530487229180864 67.472273361959296 8.145748778799334 9.336383694947159 86.184534240833827 62.663433700643033 13.260332520259110 93.313475388940631 74.812075569703012 49.977957100295086 88.144604360332124 31.315820189927358 73.846123790573543 85.875905058573821 64.616581932450174 83.874945397497143 91.827314060072368 15.885019296224534 67.410410706591122 35.854638423010343 59.062127980644796 64.999139817208601 1.514433816509164 57.011878645079484 74.908637245393123 65.289230326188971 83.169853778918750 71.095505143038281 64.451709889949214 8.831254566481872 6.585519197475564 53.546390052421643 84.951173759132388 37.520022418683332 48.328752432816223 99.474862128887565 79.890975114691770 53.292228817163675 22.912967201928346 77.965093149734827 58.723790910271013 95.111126458213150 38.945506021686604 53.195377923302402 76.617232515312509 54.987810701188465 92.376717587145521 46.198055379179259 85.417599856406383 5.031675446560014 22.170566761784173 2.628162805337975 49.794695528677920 62.990536423593767 44.468301799099677 17.740379705273025 65.892993173438043 85.302015115732331 12.794479913331969 33.576194192680042 92.043921618574871 68.881449949298869 10.430367940517971 15.834149472961368 27.959136664396123 3.706845701249462 11.820181318681422 78.001907697492712 56.072388380413649 10.828890490842824 38.003891425347625 29.947191005454432 26.949838997999532 98.201636780243604 59.029298461133308 37.136926104045166 27.330884324537418 8.569431657632897 35.781479886589608 26.037546173936001 53.795182905698383 7.247009098208990 26.581707604318595 11.435718924870642 81.827245037971551 80.754045058273434 33.368972930592435 10.844479322266720 83.346322403541208 51.984183449675925 35.783816472181584 10.335292189759816 60.005985677153916 16.834515778810232 18.753723452030457 67.283861824469312 87.525334227129477 73.612822830812704 18.325767771883463 0.457480598125359 69.403670302550381 38.927744814091561 79.193114368502719 26.203052013158967 46.574557356787849 80.615983396682097 9.673746864891308 98.129952100372705 33.600630351183760 75.110224995240159 18.743051648049601 79.496854741815895 78.581940806051975 68.566286422232309 32.597028531462456 40.115867416262297 3.287024715702602 1.378692447872409 42.120438358839593 58.666479631035571 6.450589317471600 45.510991039901413 90.369278995592651 26.552485839982076 90.516876662154573 77.103412708923514 56.549648105957992 91.328054376602751 44.340003241346125 59.849257801777377 0.150937178598964
49.167989703274614 63.329831514408752 1.761794372628467 4.490553088040117 77.005560394515896 43.118283321529191 93.223401734681829 92.314384348252631 33.372798493478093 50.645812121955302 39.526577267582098 22.021850136108956 76.535670651398732 42.583432559372802 79.892862545526427 18.428328050558175 21.953132898557627 86.921110604763072 53.254277356755395 14.397859678887926 77.212882247551633 22.806073256997529 85.417628851817213 90.647097974249874 69.664415220122194 77.104155316922999 54.832976588354576 61.552459846599263 51.434785311670929 64.811169401526854 88.731750772908526 67.536505520367044 86.765540251235507 10.354387119107756 1.342573284883430 11.071679140413682 88.539141084092023 79.076982249102173 86.721218031985131 44.029522592304893 57.783157631070161 60.003750132103939 79.366167983261519 66.519218579606928 13.341465282266840 79.758742401578814 31.816437977469793 66.628779805715340 29.168082938591645 58.213003487543581 83.009791020174347 67.529339698544476 96.768493399005465 71.923634107204506 46.287262278490275 82.558984718715081 59.902005130880653 53.355796534036514 31.049574325825201 29.831583314916376 27.590938830104928 50.783740934663314 54.376309303345934 54.329792170256667 45.572232175954987 75.455446768479817 61.283491688377403 5.758746424310679 44.614493055137771 5.908877982979909 40.399832311868487 63.434636404848320 95.010747502044921 31.531967066604992 51.056418682004164 95.595363879619285 80.347611279038318 7.883029866412783 19.136538593704621 80.861913623676017 32.348022670878208 84.094742137743182 89.583614500956429 75.281700328345735 15.523038121321886 82.409453809645242 26.549105952165796 90.873590338912365 20.471560726122874 42.923056309685300 34.191883568106199 47.729392412598770 41.429947066764797 75.188529572118853 84.660059729536542 53.085704521887720 11.758091264638349 21.541394522888822 79.325079267373127 41.394419824100481 73.689934142576746 16.941081340265683 12.494895036742616 63.549445680459051 84.338055356865667 15.833880509531873 3.850729098206940 69.424730778923276 29.735133857753869 9.766964191472704 21.209868323373904 5.897846847823551 33.603742239837040 27.827619081108178 30.767950121629962 26.391819837543796 44.553113656983044 70.650070998228088 71.557361114128540 31.828750705041543 23.440776819993825 92.006221554025799 79.846669100744037 31.764055121243228 99.557148301917039 95.166843563267761 23.913110687190354 57.701632024915561 92.766657911279992 6.988143542859538 68.982771894680596 38.086293890534364 25.428596584659701 71.537769480053754 13.639436141868044 64.112432823934228 60.267317990214508 54.480071280167977 39.666943988755243 76.335369564873972 52.619907122279898 80.170865750802463 31.587506238686437 47.470848812165201 74.979137018823224 3.646493299980480 75.711877919051332 87.637494647835297 72.987254605139086 29.294387809813937 88.811398653422515 86.255325081274066 4.929078650440810 1.451974063143691 46.546657470427455 1.409321301503719 69.678223834184010 58.295962352221601 73.864376433505598 75.097680979733610 97.240435249069762 36.701865942105272 53.370666386969710 58.999900191122187 22.643964549688167 26.484989567418793 77.756774430514014 77.184062455184460 42.898180994924815 12.968532935243172 21.806380645717859 26.000010483864600 75.804095708256213 45.629633942111468 2.289312306145042 69.873910624323159 90.200183968663680 10.443021066933190 32.243322186497835 17.099343962795032 8.645892057599214 11.358391683781321 6.210757527094001 27.846226598642453 41.823309453026859 30.136171581014015 13.675027159223774 67.790154568991696 7.696632561466544 80.885478074341250 85.999383971829474 37.715356548378331 12.024645793670441 18.770356643434926 98.127169673419786 58.861141040375408 69.001665677071301 71.297685595606580 81.734504973499824 52.838732696284531
84.965391670817695 85.093575597695263 10.167837780937239 11.342221457246138 6.710556495420561 7.764360925930824 59.767554448927825 43.890591241649759 77.172752603546684 97.800164128510417 16.093313682854504 88.633306553607611 22.726700391756737 33.796956944640208 90.509372165741340 98.221878267987421 22.261220386210589 64.630932306353969 12.084350991333604 51.291732133301501 71.959491683192212 50.432145758527234 57.692465374273063 40.778976130206189 28.645334132990374 26.705577398502200 14.680326363689700 53.492815882987152 97.729838285285723 45.783509959709811 66.363016548445444 45.702364733457522 5.015487993353851 14.514227646265299 3.642013146727208 81.802342142060795 87.302450048526012 69.713896116956221 52.013694426266575 27.349188560314374 26.407002345806063 37.336389967369769 95.911150893334337 68.191103489925482 11.314137374533340 71.143236313451922 3.842026024450995 58.063986465157981 36.239248745996157 76.724869621495785 28.748750967839076 66.132323107184291 12.477545666249522 87.059944557453193 55.224467680978030 89.527851365131340 11.155535630830926 90.522939186485871 60.535339989231588 70.194959243011112 31.682137551716561 27.441624012459243 50.451805231720684 65.555781978375336 38.136056438138098 10.753990692738224 42.605048740476690 4.378126758508327 12.602318625640130 10.701744884399723 4.139573945668840 65.373530924291657 17.019566984643674 95.692225475048986 78.411478702892040 65.908498129725544 85.814875529993216 99.724095719390732 94.411050954315755 76.708802461994878 40.378674322032538 43.430736118458690 56.599512784316822 20.526783907669120 91.435705812737268 59.112194517928685 86.070500474344001 72.560892116422508 76.198991883863215 9.849758595095082 24.928606010952059 33.944995795854616 24.659923243229244 4.712781160415613 74.635639886880469 6.951870794576798 16.213996168698774 64.550135464628212 64.506811717025954 48.434249344504167 54.845225342049112 53.989928901031384 80.018765162315546 97.232202880383056 54.676318218962805 13.362086417034391 80.881987515947856 55.392325054413583 22.691120677089003 5.232684876820071 74.081427754852029 4.730667659650411 99.978502185153289 89.826481412152020 57.296347403280102 26.524803002971364 84.478612510096880 40.779735791635389 14.365379601121930 48.427666208902586 25.107097781881382 42.419364953352833 72.089698382003348 65.023654241346335 88.847376358405953 84.328542378215445 13.665923087142973 61.452648055697203 95.712062702054240 43.768148430461416 89.524007441695659 23.159929683559344 35.373165823642417 93.165953232310144 80.509408699485903 33.554423331521299 60.103219217437797 97.619045031889954 54.081514355115686 87.875632657424902 35.598722187697817 22.383883120964143 88.953031057649980 5.975410981995855 88.159836868108073 80.993024526840401 93.956025926258107 35.709582239163439 43.248245725254804 95.536242847024127 75.362045642933055 76.662974612235132 89.938438585100158 80.984334506158163 6.414914992149090 37.871961909252825 92.060035952634024 10.475502294811045 42.866953513919746 12.315748583126663 62.872779422706394 86.355903481688443 9.229408320213173 3.188712504181512 17.949416172427469 43.441217840743121 9.057619385949478 91.132200305779094 99.338872703526164 19.970538109162582 91.116140291491035 30.179368664541428 61.296272691778711 31.784006443340562 5.666439023122239 27.318680810906969 76.286393728288061 0.443469202266211 23.691305591031618 40.707191616038862 76.575762970395061 82.369505834150985 65.005715424885935 20.096875627972231 90.776299728568034 27.976202792740580 95.859022687211976 86.943978783259709 0.071586843574978 83.622310483553761 47.226993121447606 77.705288867307559 85.088116741732463 0.918548034695832 84.293736623608879 73.891171715923392 94.461935542834908 89.516958093089528 56.524192772816704 1.341473035388152
4.432070750528593 99.088328269116346 15.594594036275655 21.225969429790080 62.471286919451885 63.689999313554004 71.061692064611776 30.492567569152705 75.249454486409078 68.528026327106389 82.905758865038052 98.085835474521915 78.803089840415026 93.629781141861486 64.641687365580523 80.571959526651810 28.338122761198992 58.744310698219678 34.127882770027121 47.087830245071913 84.240013301737932 34.442490770230627 51.461297508263492 23.694477028416607 86.897736134002599 90.558854244279246 7.487030812437401 60.287958005889884 35.036221631598018 37.690205562655564 80.989297544064044 5.725256591952688 53.610612660050592 35.015461640219982 72.446210972677449 69.655939762592752 57.250407599996755 82.858437204622021 21.345632095616995 45.727219466294621 82.121911806626883 38.718101073430603 52.945443505589054 90.251470491527769 28.152210964594502 83.449737402412126 18.884104017436400 81.475430149474562 12.642142534004797 63.695916522894322 63.461017872229938 82.824171272231922 71.057220932186837 94.389404569538215 87.506820073242636 51.086725008549791 83.681302367068824 64.426088205210505 25.800806523077433 67.148535608410057 62.164815798532601 3.576987952467803 68.854749744572743 52.919134918115439 33.170691802748507 8.213204145749541 29.811867190178820 93.303056793402845 48.251436613705593 15.723304469856615 25.239915924328404 18.538334706151637 41.917795165743264 21.968202431895079 31.144785346433846 80.051741725518340 90.291640206853657 84.814921879079108 40.226409562106923 36.126522408069206 45.479812921974883 34.502886575496575 24.841739499664673 53.876870878169512 23.274453658032169 89.956712264449465 4.379497307187807 56.054051049027166 50.577509872516416 63.801413751497002 19.948237915982169 96.344091564844518 34.216231521773352 85.664211181362376 34.699547534754380 60.580070357777728 17.308224807736572 16.358774572415758 98.961910914293512 33.039256749686338 51.716177496196636 48.538097538711966 20.308595796066363 22.376652974902512 92.429041038106845 62.370407711608344 96.778754323782834 93.524375985391444 59.512501068312737 15.832843636836147 52.481235748558206 65.333372078855348 92.098810699539754 91.553622611931232 29.164767424255889 0.809823775043605 56.835198097031935 56.830580896474167 83.071937800864077 70.854328268263600 89.869302324701223 59.197783092571541 30.458220006485160 43.783280106757772 91.894760562072705 67.784810133541512 98.101566892517340 68.304720915796793 17.803558089473871 29.960655101682132 32.329023858378832 69.010897323974547 48.245997535206861 14.122622208793324 33.891421275478130 67.870639299655167 18.187649744743549 64.576979331575401 88.806410686135123 33.044235068645634 49.966125382667428 25.946018170876574 13.904049700825050 12.321948663992455 48.571713459394296 37.221110224453483 90.377506294883219 68.019532254180220 14.234268382360227 66.282311583476741 49.555524799427040 4.402419300557014 40.458700653643575 36.560863129870967 1.919312472597323 97.824265451343706 89.903385570811594 67.121886395820781 2.586482550465607 41.870101539533778 17.300994353956423 13.919693381758947 78.133100292002908 51.000886734687526 64.636933144912874 11.593192500665229 53.763907568686655 28.327442731282648 48.877327833449968 57.595134889831556 71.609217292216513 46.323997438990219 62.098867382578739 53.835681833094554 75.918425309206071 70.823887169152300 94.998534866592991 87.847118111624596 68.485491789792434 42.197694064318824 51.025391365570641 69.505585533964705 90.990355230067181 68.069364738499743 63.919432208080671 7.260761885836642 25.636259223679513 93.496430360557667 53.825930200981361 84.216055943541093 68.581471640763255 43.995933623744499 95.991152002768374 25.442818376510377 3.517089732849454 83.731042107200167 44.106940902342139 59.308728653845918 83.881854803741149 30.116442495127938
91.260519624177959 13.214970504274781 69.921857508231852 47.442519506701721 96.016321737653683 44.785937801227760 84.099620001283498 31.963413724119793 46.287696094987105 81.713184134974881 57.041732977548975 64.539470282666713 61.039923721101921 73.555727151891332 87.547698628533183 49.498676579564730 13.639853645009392 16.557165115935547 41.189982961298774 34.679081534634747 60.832131983204228 44.837132925197253 82.858967478691909 33.741423373317190 37.921705977385123 97.777573396788455 66.981010512394462 73.376739286814640 39.561173524946305 79.053988390290854 41.791853883927665 46.612213461444554 77.656007480560220 68.081933324927661 84.559932357812457 58.758480638974461 61.857410956319335 80.391296821269279 16.378652515869298 92.698490767423692 27.206739331616415 92.844389336516002 27.852225620269589 52.713510299688480 13.761320510294794 61.144463762957670 84.278265777382089 83.681133675404155 66.263850974046562 17.831884191099469 20.018337190129920 42.571159879285581 18.542794716874369 33.977707792211874 22.044556339039467 37.154996805367034 34.168671233859548 89.657341495905811 62.635972255503070 74.480565328372990 10.512185611470448 52.359987499562180 23.709149142250574 73.521225811676501 91.219362279744985 61.664511228609555 16.317377256558551 33.849035838897201 56.113480226926306 6.312171123914490 26.219767960577400 92.770101592671395 82.834346414406951 36.051776088894805 9.997607328362479 38.937692400668354 42.152928543342071 88.235020437143959 23.482814696585287 57.912956111710123 43.204707123784338 44.348007001398869 85.280183579813411 93.789460867596262 87.849757879392669 84.653765281844528 37.727352173923123 25.405490813466049 91.021514422125151 4.866369372515356 12.216491302801213 43.382395464552516 51.819887635812357 55.685771122264470 68.846511582406208 53.687156775557341 50.671615147664049 15.412356199548272 47.533514508977618 5.573353977616236 62.944246663810823 76.412504736455588 54.496025660514093 70.949160534579718 43.019435534796202 65.445072100324722 35.482136358320247 91.602439421942194 83.271170216052454 70.577968925443017 37.914875004773783 58.720034894643355 3.580055324560294 64.867717160139506 72.331845737618067 88.095145189560341 53.517294889893904 40.731046453503041 84.805348246726524 1.977551346895068 31.987931412161174 88.695151201571150 56.873892871289023 34.103873824795429 21.201810799507093 5.593812459820812 17.459097749858831 26.434972283877876 92.849194990701051 91.958199794786282 92.382805769810048 18.451925846589180 49.858521432958412 24.388898719717776 85.570097705289328 39.525634007410325 35.803085771517672 64.842719546652745 12.554640763279522 85.643242178701755 99.155887994866916 37.148424105025036 90.064405096483753 67.470666645991628 62.704065571525291 48.318747380252958 26.925663038123517 42.471583400574673 29.028098875061957 35.460653226969796 2.341226065583435 69.734361639778271 47.220120536709075 39.998764416073350 52.147115750981868 73.472516805608507 83.831827454762362 15.279509001489423 17.357226655099677 70.061315866003198 94.204342611584352 27.488504243246560 36.961012499003424 14.679491500192210 49.480701879300014 8.933307879685925 58.601658710739166 93.043413482624388 51.968655836356362 16.262611516850999 18.158508501110337 14.834261599609333 28.762012688361750 76.142503538774974 90.635339096721239 74.524578886681397 66.755493189113153 50.389047176216081 78.277053163979673 56.318560112602171 73.920516955540606 31.275526500088592 27.684632444651825 1.352233074358922 44.697896969434446 84.976300286513677 1.983188964917137 35.821230895923648 1.681127092501500 7.949859731441588 77.544713069949651 85.201315236948389 12.752865166570327 87.996493553348486 65.464845173519819 76.301860680050041 82.347008673256354 81.219227771357723 78.264857607881083 83.375455162820202
12.809111967452180 84.677214340249577 21.466942285341418 19.672574259822728 75.937356958419528 40.654783722902742 80.785169684236209 37.227483293151828 35.869698509035807 25.012622512222304 99.153246298698107 31.088390201879378 93.926700266481831 30.468132898754654 53.926133980422243 61.340428615449582 20.561910728537757 0.625246478883623 57.973530079256442 15.483161593849681 98.491489732084716 83.539405669313723 2.483024813926626 71.254607790998691 60.028748772875616 30.373081892084720 17.605759194915116 55.862465151265340 67.534567896249399 28.874734243358969 10.358392144968477 38.040983660591010 0.904035084472044 65.980091931714497 90.054035684658047 3.848734058667258 42.906464173082185 9.276881429587835 62.998843619219137 25.981712589821871 54.322990746948072 79.220471921200598 73.955771680986913 74.233437237264496 58.919672259734924 4.630664610388735 78.412421173571076 75.197885121396041 3.611027605542927 56.453027608300175 25.342211341258437 93.444732016105462 87.094021268895233 50.416372534182351 99.027270327519474 53.347873786797372 2.596490560018927 59.038902828545183 99.190677724862127 76.574736466834537 98.576395926155186 89.812476321427795 71.007252043512096 32.439009159661715 67.636550746886130 52.904983739951170 95.624693616602059 20.225584597863168 76.233931155126342 50.351145571344766 80.130634249719407 36.052213644288486 73.159649852925654 84.507187519553270 27.694140617237373 1.942141164533950 60.693388231094715 88.113780839313037 15.415266224020652 15.002217447193223 81.453819178816062 14.391019087886292 74.564212643507503 92.449545462288285 33.893924501755244 87.592098901505778 71.063124085277906 7.959336951755280 59.283594743163889 17.114216395709335 54.962716200374096 17.871033174843653 65.750746814714006 70.684473593137483 91.280971927865593 5.304795224574077 15.233328110359135 23.641688090422718 95.796536122747113 12.902877832648041 37.426953551111751 42.102123677092585 40.667742993166321 64.700348739791465 5.144027639843307 15.812902718851996 81.824910088036702 11.205189668985383 25.360586045410514 41.494089851155167 83.422376909601795 27.216654763822103 95.022942115359555 20.188430035863092 22.793039474522871 54.878629398303261 26.475159524753089 47.651883615591352 51.548828535805590 20.831385132052393 97.341205539454180 24.067092096711239 38.715627050664679 25.868331896789098 58.873314554997570 58.194552231858907 72.748931292705009 10.726772239823690 6.908620651596276 78.874118289185716 93.590707919521293 89.604896745974727 18.111708194159004 52.033519079608524 24.482288226783567 71.220743157768069 37.679277925180997 68.353117884102005 65.131532695334798 65.790104583868342 79.414352232715601 43.736809434083213 22.618115759855151 91.610143437989905 14.455501878295474 32.160710216247260 98.804105217195769 41.904246290398675 36.764152691532203 50.213674510776649 90.051717753922006 10.513497608658984 95.943806755949993 74.958828993286417 22.174405771454243 63.880495794166627 8.903567108181253 24.693267732919100 96.490486846243869 68.675875980678597 96.840757963288567 18.123818016979431 6.674245606401130 38.794376296390865 3.350147666068615 85.946248564147936 93.915072008730959 96.332938141428571 77.590951694545112 24.400916787828852 70.178434328735790 8.815445119117371 66.225416553942296 76.144324556074537 86.706133463627964 45.118074918939222 72.377629265950844 21.370352646581193 59.369550284811702 20.528611337836931 18.052780971828575 32.628712415957608 95.769704436322357 60.936513406103529 38.759279228497178 95.259456485749837 54.070778266563465 41.519780838653617 52.009675079584980 73.084552948811918 16.051247901892516 45.416384558139121 62.794537777193341 34.118185918007818 46.916596432668513 68.352745164101393 8.690127687983740 24.017925948220629 44.760760428355681 7.203239674142936
20.433812782343065 24.998693355006441 97.588513876424358 54.446078176510369 54.500298245085880 98.374010573187334 32.987053623276651 79.854593048441927 19.723103164368528 57.328153935706048 38.179151850415685 74.069890253419942 89.533527762136103 74.511636281216909 10.494170786975499 88.935918882200042 68.879116950880217 22.358540767921930 58.002510799859749 13.269161593042544 67.894858241231105 63.749666791205286 37.126162993721692 75.805363890853855 40.760862899731656 78.723040624976321 82.048190395923058 57.831505223385562 73.044113820541767 2.259826532098441 69.332299890093239 14.184482737318650 43.725480685741388 5.137614798808632 35.327962229528474 19.894582732304467 34.718340315045573 11.591449688825794 73.130566960592077 36.050440691406251 29.480624213757388 25.562205680667294 74.458329534411376 45.960735122178178 22.136029979700279 55.936760970627198 33.344347922905051 20.496452995006067 96.106038359853159 16.717489270076214 24.554521643364367 66.805082153990298 35.494209984595230 73.563224220962596 92.743696644460883 17.687740741540125 60.998201481028161 29.580226364427375 30.764764737024521 27.375071870511359 39.977346985522544 81.288658220215439 56.576334827566413 47.790763743399609 68.288229055363630 59.563063816458936 1.052723724952509 26.568277126983343 34.631667054627805 9.971199387620889 73.101883633819611 67.472864488642969 41.604433298947619 92.255639506886325 56.265047021326573 88.961371255787583 36.477913435444798 49.093013064269385 87.847854922852676 97.596670884609551 90.188268512347562 99.675605721785615 85.757118822220022 30.169944371518021 27.854972218494677 69.975270235105995 5.801586519602187 25.833582991892712 80.662114759671411 26.276824340866746 24.334597040960858 41.062092091720018 65.792268927010312 53.077014023790106 44.508772561320299 4.755133304028214 75.126981285106652 57.221491096037660 20.352708961329078 7.729281053937454 1.096016163038172 95.699882518142331 29.639383118244023 32.972416441853134 6.929664680122438 73.805140746037210 36.080136738919997 82.859809027033862 4.041470173050654 80.864624093238774 98.698857883730099 73.572289042057392 32.194931776718825 38.071488316096577 39.495401116478405 19.685398183652090 43.509725214525339 67.125577569136695 25.295338329267480 63.082709226416647 89.270380257824087 35.782978717780345 14.802474318054703 38.857245736346904 27.116242627465070 15.480973924859075 11.437550104958538 37.177657885009808 11.768772138662943 40.827877968648629 36.583635867602304 55.339235510066800 84.267514108369127 2.971246944615513 22.297036483337841 97.868446001658256 6.172120004470083 39.554736297586047 36.129113791285619 66.775591433922884 55.011815424305780 5.704352674865786 1.639494217987791 72.077974576603410 34.657797294773076 56.326064451395418 93.770013622760374 21.896276063453278 65.698217492538674 63.349776022209326 14.027076750210998 50.314049179685206 63.698034419647385 62.508368181429354 88.854875575191130 86.294737293262344 90.598243811663210 53.510426596714723 50.268991602135557 40.030594761257575 34.888160721062746 43.433626986251262 86.104318519467313 52.897502292235863 7.136405052131234 79.528223968873988 73.007055881169620 6.451401148349323 9.143219991584617 67.664847920268457 26.628000925906736 76.694516869914523 93.439233289499342 2.036374937646290 40.519100959788275 66.712072806561579 5.463162001625377 93.386065764638843 0.499663833695474 1.580555667932737 56.545189218806570 19.471194691336912 6.925137703030481 66.752151421703246 1.601998514621183 94.150349625435936 20.832317732358952 34.932616669074847 17.975008849032616 77.140121434397059 43.987618391490457 31.327084610991250 4.640043681209416 17.975461127567549 62.898177302613647 96.553059764249994 52.298567321240029 44.261017888114196 18.449203659131875 58.121852421923180
57.935296401864115 13.899522085833693 7.110909169390755 86.783419151340553 2.936655340344851 5.663764773224178 36.883681110130773 71.071862465187280 82.924205631612125 82.781014946027440 15.471398607109677 6.569471047286868 97.908842834035397 1.518396664970556 16.483513007739926 50.863180363962002 74.021078995435488 21.953149703876427 88.007820951070059 51.541116037697144 13.507154576967062 56.750934339773650 88.868611300353749 43.646863322564300 11.731431492121835 41.149521871984561 56.188144177786349 86.298364876852901 9.361758867961766 24.835312138731368 73.635820295837391 83.943622635631314 80.845432595443839 61.791207342513175 34.417898866587123 18.372575014887850 45.543499598747225 55.055598798178572 43.718053990687281 25.349814711440267 66.867086677438195 8.188129811987322 80.320828594441437 65.460785276345945 34.933847033244092 29.510832591803094 0.628599588819978 39.414592529092914 39.129252767316039 93.339673223537446 12.635001636544008 64.529926606411820 82.023025986065690 16.265490977641427 95.008628703493073 49.352260054046596 16.803311873123093 49.243122502412639 91.443970748022366 25.434616207676253 6.275498298698768 73.264118158564202 24.963602594414159 84.533602525919392 14.572303957917754 87.608386019473897 92.992679242851295 36.098571359605494 10.907168998353345 45.020069955969113 3.398546606001462 38.537447617454148 59.767730127248100 91.597692379697136 29.140867064474051 51.452059014623522 36.686047543477599 6.427024198749409 33.785218784866778 58.358209074054948 58.918784650445154 56.650949622089897 6.849108552222017 41.574312694985615 51.292628269038367 28.691730187416486 52.510122822892200 65.942438575713098 63.810406207814360 43.652074989926490 0.742548517143382 19.541347028271371 22.988828221980860 17.931733873656885 93.383487779800546 94.956654179311798 77.973801463773157 56.155797123216232 87.723714661132036 74.151408545671003 61.760794706306790 8.521005081864741 78.570946516990276 96.539499702041155 58.605681078048988 64.857472085341257 57.272418007189273 13.228111654084774 0.780371565100291 54.148023508270157 32.334659822260981 17.238483335261947 88.099976171620881 91.293409852320039 99.272866215225690 75.396088504062661 21.247960453811253 55.321125762110249 74.976878325582291 12.417891432717465 55.185548361479661 19.399852054107914 92.877605725327911 90.865171866483990 49.237407710756322 15.503970450600157 26.017990548304780 27.627596591270542 87.956163651907787 54.756461423938404 28.229406094679732 89.451808777848868 39.776494765037320 43.791338858202487 73.926112739772790 56.561557825299545 72.948139347656664 68.957930687427066 90.473185099744967 95.531292202136541 19.249386909533207 46.084449107782852 24.591116547262683 84.157208180523611 45.457965105194162 49.745556845184183 78.567431900856988 44.187062271012287 59.467141230841705 33.385901150185916 18.824728963305571 58.136639548778120 4.172709593575441 38.244264592285951 56.274292543865180 54.280358585959284 97.262171630176255 65.182578325518691 71.912657250815101 40.034978659087585 45.871188620944700 91.514245683020761 47.921252355896840 78.607461972223760 82.054655757292835 77.768112445189288 11.623783435551506 91.178403692923979 76.121526025284126 94.018645490840484 54.240870305053015 42.324059463197393 3.337721730691456 95.272945427441911 20.126969976642805 29.962321301392624 33.232329881141084 13.887069263176976 73.066554948989037 94.314422238759406 14.043269790269985 74.831975504431881 95.138961972018137 18.116570102348707 86.514508579293874 49.973052828765574 58.370604324947969 39.546552371978272 36.661322778549156 96.382603287010156 46.366076803267589 73.073598647797880 56.339250651321358 88.890682270128067 73.650988724295061 34.551731672371353 86.172437039538394 27.471991057715893 42.411338287156561 30.523444326059280
64.331470816898204 32.161939518902393 75.521586084606767 90.837144124917415 38.011108556307235 48.186373844714240 55.105143915269551 12.123218173521245 88.611384502164796 80.686843641925009 64.886125714604120 8.785283668818522 63.091830918929240 15.567020125705856 61.484091880088023 86.949640753254030 91.144229536607511 15.817555588443566 38.035593830631655 27.423105371740885 9.495656498732629 28.691765805029192 34.232072167113806 14.627769176585092 41.544604756322954 89.492086542222339 79.172273372236816 37.415330890986823 34.710730281283261 64.731382705126848 21.564169293065071 0.753007733562061 97.069426177207262 82.816560690297081 78.187524314876427 47.122852878641694 72.779679391141372 42.146701977712823 26.150161308404506 28.542219451048133 44.696254263526626 35.982297430801360 55.125036138112328 32.991911390348093 79.437301871476933 90.800577675548453 94.501494900464834 47.172681288071225 65.904043516913362 64.189854097496948 41.578180993971017 11.602936258969532 56.140063947429283 92.850744382991650 74.994350699649615 67.402473853543214 19.272885069185630 13.693479359065453 95.382105430188886 12.832620322238853 1.741682034860659 7.254671451369132 98.506169552172622 78.816610383759738 9.847077869599952 80.416944900904667 52.614690953063281 55.638367216701788 51.549481227749460 50.949146676347034 8.244172269374406 33.543188101799615 10.326744153384926 6.209844279798848 90.074751927180088 24.299756445305153 60.880103225768465 12.702322116912724 29.604287912016900 12.691982267308221 89.351014315998228 31.943655252799697 16.057075740299453 22.553560800502481 54.373858015924469 29.265666726311611 93.888719813400414 93.401025192158883 6.477753030298961 81.612747880165898 35.720104872402935 40.159817884975993 53.045460316957495 29.553019859757402 78.909529843006212 12.656758771688715 54.100440906161417 43.805251102988507 42.557224652842173 67.790513625569488 19.326041599061227 55.053054469686558 19.389439425126376 52.956547697424092 28.409257504977990 46.298547670459413 40.466526918373255 25.760756822446208 8.639376753181271 48.445582134696018 88.804723154794090 83.265252752697165 15.827723021860695 0.312244692685426 41.269108190854261 80.985654079981941 21.072610569160453 89.879893630803522 8.253059537281404 6.105012141383003 34.615866986761581 77.598291406859246 23.764350936845403 62.376643547436103 38.151909631829575 92.332461576099703 50.626766821427594 10.535326640108988 34.418590625983626 10.169290363557481 1.388266615718969 89.806808518970897 71.516201239588938 32.208437907245354 67.441552883291521 40.137457243140808 77.878316201977910 11.834611083452739 18.790323768061391 34.712907245623811 86.339664437522586 17.285644292163006 4.759141579211834 50.578880000066803 42.047608470259846 15.601769541295852 48.838285309392049 28.324932520399436 96.906024639013822 84.195532274611097 27.212425109635497 73.352633994396513 84.254015410505417 32.480739184746163 78.743562808798771 67.305510090563359 57.712677158251438 50.050726745149035 27.788681550694339 41.592289106935866 19.843268289207007 8.988451056574998 91.993224423182525 20.025331163836757 99.325231589307378 91.990739392593497 25.419095684319416 66.863727191706744 5.816384474190828 91.552936242677333 4.379170641103791 3.119908595336252 50.995731837649870 3.753074516650123 88.510277254957870 56.534327726174936 46.361657099483821 38.010674392303223 65.108587046490655 60.123509819895858 53.628966568944868 64.677678476202829 12.724813240137568 60.862376764849635 7.736010672193672 33.655242107302051 48.920078157218192 53.646042995197618 49.965415735015654 57.973899065245305 76.753803263007171 5.028360463977977 19.929846921465753 43.399478593894870 36.044730272597228 96.449353163241824 38.360347854930701 78.156561010313169 17.095963163456418 24.551719541870931
58.247152046244864 21.780328206494882 39.488427436367310 27.017947626736884 50.792803032191728 88.402677099260828 38.180335727299017 33.852721932847793 9.482633767585714 43.642919150049565 63.041343107066993 80.597298038357565 89.420084227257632 91.476479624037324 67.265816665620520 75.907897292020678 77.722014111471367 90.206635911413201 50.220458609808539 49.681222344051669 26.548845269400910 5.752184482881839 35.291670620412297 80.776634227473508 35.098337493883136 61.936817742332032 23.937972842914434 65.982908195977203 62.893693756154349 10.176809903229856 43.925632228221559 89.001420495314704 38.047527575770701 20.830231675524924 64.035283812566291 53.446398852283650 85.624480363730044 91.799259672945936 61.646642939650931 5.378050800346379 82.638974351361242 74.924216664092498 58.103349862665866 43.359790975611268 45.348786699087448 27.383880175540710 71.523049291101827 71.750511813772292 3.507039372621179 18.493277713439802 2.370433428875829 75.036320516055525 99.819558910682943 14.227304489800019 30.688675593220516 20.205882281833819 68.561772019502314 25.180282401062403 46.134064396953846 12.658382618431974 68.345310674033882 3.346563151389648 79.898937898469100 20.370605685558552 29.019722132088578 58.499806778370697 96.931375062646836 91.808062100425275 50.746633951938335 2.598776216333054 94.695321192304974 32.607218539468974 17.793719540382757 92.545132637373470 96.455231340028888 3.596396925572842 74.449855184440921 23.557024853559938 24.912248538797542 58.839953808625701 29.422603587467290 44.733100606183527 12.318345733853098 33.753302389064963 53.558887746437136 90.249474514897813 37.050444917413415 16.747598533157905 40.178970350479062 6.776944718233368 78.673493511315002 40.236562499153294 83.853902675380098 57.438005191068385 25.988118901538094 5.200830243092436 73.406913595892107 89.589294698180368 96.299453369861368 56.863120580246274 15.907091657186568 79.721906067023355 20.734314219852081 49.272009649869212 23.106818369778004 47.863450304414698 33.927275862330184 17.841921325487075 85.473019564993052 14.277850181964480 99.684151017156097 81.936694028832534 57.811483356065843 84.889737601624688 6.279573421306239 57.773714610311124 32.005557204582324 93.927346974750563 73.710272616895864 62.509658772332841 44.871369828315935 19.729007417926159 18.955961113011689 80.022931855121897 84.079282475044053 0.685126598792141 29.953619382844433 93.423354690786439 39.812865442023494 2.687566730850044 8.091280705726323 1.077576796590973 67.125735339346761 94.301794892738016 15.701414344196396 15.637447014511963 65.104076932528798 79.468529608767952 98.070443371620271 64.281572297394533 7.697117828771805 71.558779746740086 36.344228690620994 50.266703830885163 86.052127418543307 67.140805867386760 43.303568327743115 9.049806428465079 71.527730525995025 5.312729191002463 73.546333094082556 43.581099468236815 77.370750507024169 31.170526500307382 46.452980912702323 99.655238629820857 84.480183578060704 76.492114402794215 29.509274970682309 77.666043303710055 39.749895174469607 35.306435963964830 82.015712656273564 66.665107890344132 29.312484575957988 57.172934568667536 69.766013665554311 99.770378477018014 29.405530456134322 28.785189225936769 15.288600459882129 95.129095237073031 89.267783282556962 52.988734076136076 32.155470552729412 44.653966341057050 1.002894834198387 93.507251470317115 35.168496926701145 73.179224207417874 35.969847385478040 95.705613734668844 30.208786218054051 66.409434253180578 87.631326016672318 57.971781872600680 5.904425219778697 1.537078399895930 66.394399411013850 93.196585318114074 6.363607742521038 57.176349411320949 60.174889384113186 14.592055419886595 11.350328182729196 55.224452456287878 26.003497026276346 27.536113084176449 3.950389192607295 58.065506525335429
17.992833625515882 78.174228827686818 64.826916877086347 35.038918137508503 64.922649632887300 48.369531759722072 61.954398478294202 61.476074744464015 89.065144283790218 92.066659195005158 8.772146593602692 63.025928160840216 64.177116494985725 37.689415602170904 52.507427416294917 86.252637375288558 62.680481174925454 53.548007893400055 60.948292825852867 73.724552441299764 27.723922768417651 95.717248574335855 51.241627252312306 74.969311193143668 4.953941710304155 65.936550083528218 30.212774453333314 84.725844241981292 57.429771138448984 56.958484839676302 95.781538788232538 60.295580128684755 0.309726220664419 87.601326098515955 5.302261331391477 70.970917038644473 32.689063430560125 38.812353672992906 96.638263809223943 56.574352987481504 3.270709311846587 84.113691521278227 11.731593045351429 68.258199995896973 10.007059379473660 13.592024270526581 48.521975738510790 37.275399744502835 93.232865353657260 26.876655548652018 87.828851817580684 67.523478523965721 59.749560099801450 81.707608465294499 83.153610600454130 20.282472430671472 76.695030953709932 93.474825373383680 44.836015647960501 29.395849011432617 18.458189045176031 23.552779856194128 55.706368304109496 1.604287150638473 75.039390181961863 24.734254161255130 14.714433573740582 12.095176456100665 68.085223244073163 8.485115129469756 62.654566039675345 23.473976271535335 54.719519563912890 7.282604138156201 50.965770247685974 80.355139739846464 45.159065135108868 58.938101132516493 59.741220622742283 1.666005683907068 98.692331577710519 81.065957247217156 66.760072567989980 88.172312140898427 51.322232681119161 49.750804187349218 35.528006951691658 57.174686368345704 48.986664118740244 59.296250342584067 0.199371212244870 92.244210196869929 91.366151349350716 5.487502419054369 80.158509999781870 30.452578925554576 79.787204973206798 68.953988845744774 96.334694023315919 66.135816928791499 0.045867660192567 23.418061549520143 33.605318585533247 52.199045943515422 78.326516413304972 76.452935934835025 28.828386680756246 99.357291817849045 80.056310767518667 23.976123517846347 7.316641450115313 20.830545776557152 68.927143144592378 35.237560888976446 76.794043837501320 89.218870365014027 60.300981031033288 56.643349983107719 55.329810888552409 57.781729151436132 64.183992223387307 69.810927528520736 11.738245090376221 31.007338676963926 24.854072297456554 68.158441499812184 20.668027658356024 65.150207137610664 95.292485367177775 13.017526604392382 85.347479781341434 94.671524270831938 93.724776570147540 10.373632177603442 18.498579206560628 11.369541616696555 73.408304467978240 67.441358280849244 90.110746930861822 8.167878800578931 31.951466400931572 62.349199357007443 58.509840315893214 39.993173916292434 42.899933188561477 13.799877632670620 32.608700074651985 95.562824297161598 58.920369672751484 1.975132305523319 8.469690296705279 65.097847743329979 93.803671275244810 92.935221903292970 15.864191571661667 84.384186497124404 22.823777321219140 25.658730993151813 17.570007739948380 54.749840483458144 27.035815814857777 53.185060845759921 39.613279518123079 30.190260410611302 6.632564332686519 52.316878944907408 93.904620358726220 98.616854841420505 34.892892431678504 9.863620088441195 21.518533528593387 58.202008490422841 65.456949525759228 12.370839598682903 25.756054728107568 45.549264338789939 82.837318842261027 29.166138008736276 30.900747152771292 27.119434358982765 52.844417521975082 46.167879293538846 28.022371769436425 61.214748485180380 24.263819800133192 99.166791601698762 32.889946511396637 66.779719760400042 93.625679708847073 60.811907019879321 56.794481958805875 76.995971159441552 7.190298954613306 37.585642844266644 66.291573015286318 41.803668428989937 84.689116768198431 59.623584033190234 3.448085067010009 49.352604936082876
43.411363762103925 27.365992340160005 33.072390380219453 89.327442834926913 26.861026045411752 4.388179089768429 68.115367164254536 53.406678035877761 14.206381485594211 35.488176976337428 4.875831008355302 84.217090375466171 74.323173399145318 16.750499695396936 77.759297990036785 7.434856979616178 30.042617480605916 87.838642638229601 54.996762472222862 88.699874196315889 53.386192343160012 46.110826072634282 46.538085445522192 57.973166485203429 89.639756436088490 11.274439496907707 52.673367333164499 92.520236632794806 55.838797792911713 45.876292402195006 47.346889170585463 52.882306310497640 18.732596846028791 53.732356344710588 87.525218328379481 25.761348463740362 78.819073913231691 74.967643582282051 33.925033930305503 81.785002817420320 28.930965866460046 66.125219121953180 43.078123816591209 76.508101331845609 65.847663710040365 67.188345911742175 41.607234888681930 81.089325777613524 1.017482344915999 86.119436950252322 45.785466367262131 12.983369872364392 51.584937081659291 19.090871662841479 84.921503484163779 53.431940414468237 29.005173324496070 43.890608924392062 86.058592254344191 63.914051435993223 61.963166915723413 28.980286842999959 40.592188918107176 64.147802761995351 61.790061112858410 79.927674608138872 42.095659936999120 76.723495159778693 66.094442628187494 63.632665161725868 12.276510130041141 34.373632998548295 54.595962637921943 24.871338505491735 88.309709628981821 57.855904767498259 56.342984496491511 29.862095085179931 86.788343250602736 79.747826190076978 97.461307334737228 45.658581144364419 66.820178704610200 47.560334161262411 42.355016765611190 68.524260088309561 95.240752988288435 21.723728520822139 45.292451890985475 20.479162711286001 74.047111458628365 68.081320436654309 60.934339799832372 68.151871339224428 75.499278848185654 2.929350733557889 19.330048067125251 20.925079051382887 12.417205562983858 47.097863250440994 49.680898102652350 56.574157591067816 93.040412219944301 64.413162156358212 93.254901580876549 29.545132966841248 69.122790036896717 90.876437479785537 84.728396921249711 90.496493795537830 11.568423115913951 52.504440029867517 83.407137168741883 81.147577477177833 1.671963835316004 9.864963590840182 41.825310185654772 24.999195199287925 0.698846048624913 57.849337740937415 30.788855011099091 37.109811378354308 6.280339530450996 99.011562320789579 42.563984134361064 29.663968789055296 4.739512091415143 22.671284850703522 39.439125127898542 58.963228098532305 35.146579256640933 56.435309036287521 80.749379844728026 3.607504747715817 87.250350162182428 78.185391623916388 41.075154570729069 59.182973205324927 73.065666872128048 11.073881118792350 19.459479047444184 98.949616032195124 91.443277755434252 48.905734553344374 69.091992240774658 41.254603728539607 97.157027720404457 3.761146688305861 26.724518095109286 34.442422813818098 34.371553435877544 31.972046947975073 44.734674502866469 84.402330821655340 47.186005231999864 84.284734917961785 49.077482151207185 51.749099972483847 42.903308699506923 10.992609871657667 65.174035104626384 54.172306873031594 27.064431658215270 66.992388293798371 38.539464902438972 80.991746727564077 65.547266161017276 16.137642228465275 21.874979695889717 86.043461860434078 69.450178960706168 64.337615876220582 74.219994806774864 27.375908086960699 21.472830678031617 40.277894437650630 81.234234636938979 82.347497044590483 23.604180756339733 21.193599890996762 87.595516323832527 39.173750688915554 45.968735106692804 74.832422348857563 33.449322668310010 96.890946168831476 47.741331190186266 83.597474244680583 75.102780034181123 66.591516327595031 36.311433296644466 28.192925045889616 72.470470017766345 87.805056480940365 17.230629194731360 20.560566333833187 20.012676294988797 6.250725887874453 36.150350426784343 53.209257662010820
30.018115098991917 8.475668827394212 81.007701644934684 13.315956930543749 98.855429130879713 52.137714274059874 52.460035557293672 69.984655657269400 21.715657908089792 74.607209859685668 86.550082636186033 2.622760896237653 31.653035083726245 16.765402184863909 68.754245818241529 0.508868616837266 60.929864263224289 37.654407784437453 77.552541744694338 92.058144331602421 19.324544313775803 64.727151378563235 28.359561258220399 57.808597049283236 30.070453734926161 94.026588505626876 43.342956253840661 9.218412537904996 29.163715548141546 24.865163010682966 3.214511698712685 88.780144641089421 36.091980284876200 64.177529648142169 62.958963540576384 85.042885436081207 76.742132449588851 12.631962024291477 91.317985391452709 36.202812398767534 24.194574672452408 49.024139342633177 54.793928384075826 62.970027001426821 52.476931754872901 6.276279833576648 62.279012046705198 65.162549035320467 16.577166692991586 64.675474826358624 72.433467094949862 86.913094695363881 25.889356785068273 79.344325027548450 99.288002919155346 53.827899672655533 83.160888769203964 24.124582165977905 28.638340450152057 51.520207772505458 80.557156460585290 48.786719678688172 5.686604140268425 43.072493220508115 32.295812410033911 8.688622137609913 33.362810086851390 17.725549797853446 4.455078776934240 63.724228621037703 86.034791629292897 59.149140064067296 81.762271392973034 97.433984141988191 19.288893279473783 80.552372605927403 19.313065472571324 14.062310604286953 87.250886163579167 85.695795420200341 30.671256045798469 88.623401381101218 99.164388466441409 82.034358075643368 75.028656824905894 68.514154571153213 66.140342776708238 77.919605190514858 55.940859470300566 17.932692879787005 85.384198602747247 89.988183862583654 85.830681156984895 92.186738716361816 21.958066323927451 6.123759152873987 23.829485820477835 63.249252574669988 3.287462451344048 12.486529087327980 73.317089616658350 45.530727037338977 97.084314333299474 11.640624250793785 75.122613736542959 31.916981464735784 73.838360530810206 97.280699325576407 45.582408974724686 6.865888804674936 52.561026636597418 56.261889296248526 9.174299749395665 5.539099899292433 65.438077083314610 20.391531079220549 82.247358319568235 8.815185902664357 14.597625734523412 46.077548305469016 77.717728473080783 79.267687708152877 67.795992515411726 55.367997876642463 88.023315210496961 70.039032047564206 97.676579026161988 4.383656999325714 61.123342368815095 9.271983670225936 39.012552225048026 59.336396062906083 49.497924643370617 75.555073078904257 64.255981598136529 63.219543072848758 30.449242018772594 28.091319164422369 29.335136235045400 17.430265590945215 75.664874217589912 27.244702892836624 18.748117327602753 97.126357487031910 64.500750858712536 2.034016618415035 47.582996193542982 42.561358077302913 42.347453977817153 96.431137774994340 94.264313426173501 19.577108149878718 0.845404592706411 28.071453135300860 64.333324003737914 8.268734047789316 20.561123553678385 29.267100410696536 39.458155291133600 64.874060554040511 5.690644588045080 94.809995254698791 95.763661957714191 80.144116082689351 75.756954188230083 6.276873663653770 41.042744053035484 79.345712044731670 40.479580700564014 88.463600152308274 67.674748178728066 0.175545649846065 13.674837600725509 10.277085515667295 17.670402086007865 90.346383735124931 78.583486222378355 63.836332059185430 26.027957688041003 56.853271482561262 87.945244121059929 24.770069915742976 15.053848433212380 30.748673277169203 27.615344309997493 9.665958414618315 92.073584485360200 80.726099456272422 91.556066988506544 96.026944298689628 28.803570199563588 51.969638706497889 8.029646272969703 77.283432850195140 14.604242732234374 3.442493390947809 38.064397673716208 81.501093838352261 27.315520733357236 86.045842286383703
10.934433195882631 1.788327040784610 16.293333743454632 84.401960124235060 46.571434960046865 29.597618464743704 6.061024189357367 52.251464762753294 29.773192062083041 0.948674061037047 53.049418854736842 23.850820187991641 8.696155242341819 58.663400594148676 78.857384824759805 85.783021731352676 16.457543708618296 94.350504844986716 53.116304632908708 66.959474509153821 5.028197872259699 85.722461524943114 80.990376168548835 63.534551875848010 44.974513638275390 46.836872109524883 64.618220291786415 64.108267982400321 29.672271504000204 70.007151272354335 56.523871935155299 85.998225839449717 41.591934653071363 10.002002651263220 87.027836545919200 59.097558982256615 75.668381914936674 87.255059640127371 48.974897299515376 42.969404845016257 39.920156535573817 82.823242692138621 72.569304976629454 3.552375045243261 91.813045457743556 38.139048212049190 23.222212700497092 39.824226855338821 0.944894506731209 88.092041486196038 58.574102097940973 78.165601984951053 79.255734152219560 51.498829550783157 7.893310988071988 44.856372514296396 4.977742414251218 52.315772696638774 61.777880792387883 40.375128891216129 75.086911654510658 14.921366458188402 88.532383119374813 31.965024172033619 56.616942250626131 85.452895218825219 95.948683680327591 30.659748686335607 49.741080276361359 19.687363256255164 79.892254431929700 87.302552539680761 42.000719949623623 92.702138850043553 85.928272664556943 97.785146603100927 98.536069125212023 1.608147953153172 15.523430850443221 3.266831041746321 14.778304843529199 30.347682456046766 38.267483779056747 72.719024211172069 45.127821887998678 78.499527078890921 9.614082410814017 39.552885293834940 85.594695696409559 76.531821029089500 11.333470497402686 24.908757174757657 99.376978123218848 96.705403815020347 61.457120779895625 96.869874932488187 29.482281495196428 38.233288981585630 49.100453737276418 8.050712791002535 37.220439094803226 91.435408298400105 7.632153271718622 28.738579973174815 45.928781969558962 41.087555616235072 68.536336468277398 40.263825721090164 52.975981300646616 15.808273726995893 40.187268943052544 34.184440963135920 46.771740223510392 37.008647199458125 66.159632404874614 30.668977120281802 30.127115769754433 6.837816573392319 42.730403662850193 70.183100677380224 87.929865486193549 11.536803484170321 17.165580809449597 45.838499822137024 95.684450529328132 34.475840534127336 21.498300079198650 43.770498332190876 87.941693479031102 5.879120059660892 94.491293148278245 28.287284114827671 3.746228614486979 41.722499820287851 75.790912407709953 81.565193346880321 67.979900466069395 41.235954075169360 22.085062949271272 87.879882222813805 30.732253820793819 8.936995897880873 44.724144582092208 1.198780211613371 85.790462801788721 90.406328223251762 72.563548939580841 18.260140387046398 14.466370749421964 37.497892422816413 65.566655246151711 87.810598563100271 50.965243637942727 75.287681099882960 49.906362962893148 24.036263911017532 98.064898629706860 58.709270933905003 92.033000959469902 65.925431578504998 16.723601489587193 83.606994160083886 79.162031384428531 26.128066541189021 8.596633996561142 77.346231220554458 64.254023769258922 11.810150963825494 16.492781099181254 90.354744893784229 19.505484632829052 10.645729908608248 6.773944056742742 7.416561824294121 21.078862655035845 71.902673253869736 57.143196050452261 25.687126804211214 80.926373300584046 15.275027691057730 10.450863849073144 4.322354333780143 60.432016879833483 38.352099843964716 85.157885912388991 64.194111069032459 73.653189819736468 98.966554911219902 38.865290094092352 29.953782767549122 82.864882738001484 12.676935474636108 65.741214053864169 19.752985638804244 32.107083919467193 7.656265651468141 92.651064359726433 17.811496680711670 37.711006763161606 34.699174117952424
32.458717321547461 29.638610787294873 52.158416048303891 38.960765323955016 36.185092121444519 79.582090949154676 78.366797557392474 55.829980668678672 70.181814569989029 1.875395688777626 23.162169476809289 82.576582977443607 51.680192631449685 99.642907955946939 15.689100296186053 46.315812956314772 54.392615668388565 63.029399786792162 54.609027508254648 68.258684085754112 32.593100819921347 37.755898730992939 37.064706662796290 73.672887110747993 81.698122053664164 41.981046542404108 81.236217082954070 30.152197110498868 13.713908645100581 16.136019948371661 39.321435412524984 31.991316330552056 51.995993155755627 10.175280076901306 0.149331468846536 64.871744851467909 31.154014644044437 77.796847640094086 63.221128184088727 80.994921418865914 65.731850608632655 18.093463296268965 64.012193934555910 94.481576467333127 36.035799716671015 78.745665009485734 11.142996155573226 46.579146908367633 3.687835573203213 99.683485364418942 80.617986734672257 35.290313955906107 71.881392284389563 76.648329693671599 40.790906125975582 7.762033749459841 91.560602339440834 54.969411529239984 94.916914959832383 67.038229352272538 65.990314721596135 54.796774546814177 31.187658801053932 44.331192111594639 60.261685252724362 37.865967216902654 98.842718273119601 63.348498860937767 15.472973490680641 92.669958594152533 29.379954469845270 56.585981021031870 79.246449184448835 58.925949623990014 2.304129676052291 61.174651222794608 37.028454884889960 58.592298478583295 46.784148208444684 98.159765868148313 55.504032685264903 77.671965675862126 68.004701120144261 13.335020932606357 11.504650762267110 53.836110420269868 36.647184432147164 79.263751398162498 51.601352841468064 99.610432515144410 87.768556870914423 15.199852464801511 77.256590928132013 89.327807421261539 45.429432982857165 0.734757971662525 47.998395749987445 98.870549136711986 53.221511906430493 27.573391852193762 0.413471714573577 38.841589947748879 9.945959868242237 83.952823795080278 55.269462422360746 86.119130472572721 42.788958349992512 74.600744236819111 72.080712080829045 9.279390030959823 89.132327145847242 71.755482329539817 80.274959553173701 85.609700415646600 30.877412170603801 76.194733194408400 57.415211992063206 53.965639468059898 57.413460705634165 14.570696695106378 74.508449664399734 25.254998033739195 24.985575134248094 60.794165080446106 40.705541788536927 72.091569414031170 95.921495686660847 24.940337538932589 13.640722984298225 1.452825487274301 71.286951736668172 69.429716264342247 82.277660424689984 12.603428035877895 14.005830300745837 37.455907829351901 87.844233621332961 61.060712153452869 47.198548669286936 12.288140723915541 89.787834050613085 58.599129103827387 86.100574682042421 52.130921767065985 19.344256543917215 13.211750669750732 33.050943765911775 86.168724248910550 32.796318057269389 59.713429667968022 86.610336841678148 48.612003746868794 62.376394197790844 69.938225467835096 61.079533258582288 70.370609614333247 61.382416848434751 55.397419158497371 95.891687476780845 46.933676851998420 46.374925232723363 4.996067443236663 85.671037371789623 12.099893439554933 91.375558966942037 90.702205595151270 79.669965664702687 94.781144019483179 57.605652385231146 93.450429678437999 89.059710965674526 32.585607176841833 34.309816315755711 3.058969167950054 7.979825980205558 70.193990008583441 30.551808637535782 44.203741351912051 47.682609686176178 28.499565817623520 73.309071145317944 36.414315278465793 46.774912442570148 13.624021001299857 48.284712309603961 8.804900263675030 61.114349093785094 72.946691371371145 1.390446772320597 10.974949596219108 77.180572660976864 35.277189284146374 27.445783515935808 82.293950679570585 26.556384029373202 74.769042012290001 89.951222929134005 79.151749485082988 61.467055802909087 75.532234559341944
11.148925048000391 63.485042548878326 35.708676859973174 68.667491397825927 38.750381766321794 56.849168024790387 67.814313597694749 37.024809418754771 14.683071730512310 64.087431569233061 60.047224841116886 26.649300632063355 64.180423588373898 26.309526203646293 11.612996624525774 92.233264382671607 2.318571198403563 66.416683051379408 33.421841600808285 9.500428222190905 43.040992612516995 64.352129522223123 80.084810906436189 63.077473106426396 54.626305216237711 34.252193333672246 90.558542023085735 2.416416695900669 82.442350369502279 60.920370838981405 6.133378383323684 24.006182054065871 0.381291354989066 2.351924954560403 82.840013202065350 61.566645179386356 36.342261427772392 0.894131538039411 39.036284951297077 83.799449907959186 74.805656515534068 31.479114423418832 32.682568770444433 6.345340143841960 38.544783521558287 82.791089734179238 67.423380268755579 65.980384172937320 70.259651861012145 33.989214521365859 38.207447345317114 59.344993458348775 99.134052056809438 34.694188733446175 71.191130067042394 15.213887247582413 33.306367643526023 29.898455319988194 59.090480356620937 91.812481154671190 89.814142351355486 14.187422332875476 50.328007261488374 95.713283506951683 99.569948813911651 19.717191754307006 6.622554706564532 12.408740251332739 22.548551622151880 96.073565003244667 59.092720682536061 0.694495861740996 59.176174816885450 85.636066544108900 54.317442074947117 38.738968578041124 32.867046021342261 37.005095655666850 0.950618636667311 97.045870815356423 21.831192344719007 95.600532074945406 81.160503381836818 33.825184145329089 38.222690241201022 83.278074844149373 64.492876962615100 12.167832994043803 37.637917943718548 14.415398972072602 93.739908135069825 69.911458474752180 33.088082137808009 12.084731359649915 95.531079555068203 88.572015891528849 2.766128548920166 0.421360456083830 30.539654630538806 49.485833866968854 88.842565753061791 65.849458155450520 80.311739651510749 27.440781783774614 69.541996579495688 73.311404677104747 69.815665149530702 19.194122671225966 97.993527495927424 77.044145156358070 25.655655780712227 66.188140871761362 65.168513334692818 39.082107967566884 55.446610361216166 93.272082336085390 65.580082531110094 4.914076593476602 30.207319232501227 83.249005541573041 57.070326953031667 17.899308966085336 36.358261593421368 56.355306695254136 87.935776301437159 57.749183270471626 66.620064388303291 55.904922010488825 67.760520214740424 88.954473470420055 57.398034133571663 69.620589274180020 29.926354999649806 79.756230402414417 36.360191598711388 91.418844267307549 25.499530715243580 78.109801751760315 33.655411898830501 63.611738797092030 89.880279583927589 84.518202736908137 67.689111323432968 5.833982158640416 94.766634739600931 91.239950435460443 28.091742766980378 49.662531728342699 0.666700546056398 97.806442749248419 63.070131325442077 70.323983846565966 14.283373456795424 39.626515732060199 0.071861305547549 2.029295670164322 3.714643734769474 13.792548553830786 22.359384344412948 35.187990214107366 55.495140174466741 68.663777284838005 90.530656867924549 78.085948319353847 73.660999506644359 49.965601428178829 8.688802612964587 38.053051338118458 80.885107709943227 33.256645500997706 48.483641897701943 86.724062442890059 85.386071242793932 4.910722934646161 39.987944160122048 6.474879264576982 37.566023555365987 76.843534476849825 46.348139819981583 9.695323482230545 63.630667767352222 3.277055758446268 13.365694795317850 55.238399581916276 86.057893993625683 71.487670091105855 93.883533337991594 37.681634574253295 82.459939245177395 83.135209630480915 8.317979516580365 74.551113352162844 69.752465405654462 24.576383966396708 11.954027730531269 28.799320410168573 12.094987916091016 59.652293347207518 38.513697855477638 44.269588000458569
33.078529222282363 27.065715392423307 77.681052669056882 49.859412729477768 29.124247120216040 88.620889155036821 37.435775543414948 96.426307065872564 41.968288608716200 96.114797206260675 66.004777109184559 6.113167787462781 36.476423282423994 85.969199616366467 67.370415219836701 44.731768484135173 38.774916017394091 37.747037765636769 16.424201559348393 13.033121710738859 31.898356818486530 22.320840218447312 9.428450829926472 30.308469004524664 4.840749448977899 65.828169944264062 83.001659859228980 25.462061263682557 75.250318628953835 62.410209446189988 61.245518400293740 95.931715965150886 68.596072391072269 79.293924348733967 8.803012638085727 39.060854644519949 2.926703387387630 59.521467514011270 19.271099149837511 43.875967287105532 2.744025695284846 7.872995551211137 54.552170246594457 55.987183614970427 91.264116546234646 25.557626448174851 35.110775370775805 79.389876438709464 15.756134172713921 63.595104337143205 84.407174473083472 98.381410566420328 83.814626183555262 29.447577844582884 16.780077888585332 71.421450627516464 34.559407135669538 58.656751541952779 71.952553243184894 1.849714147672443 87.498846466948194 32.082651424522403 63.376395037568592 15.894367876962800 40.580679378683968 50.145536164617340 54.436915314061920 46.066094962950466 29.720386233952432 22.285030253824722 43.004880776831321 53.954697486377071 51.673861920247923 35.294950084604736 6.717260783183598 8.927848993711319 64.999010070382823 86.999773784393923 81.342350066253303 79.417286397663702 76.907212338029979 94.031727630657684 74.398344142931776 40.546870596564290 5.077242242050984 94.959228911174534 75.670692155830139 96.505800331912937 81.292298373162723 70.960707294952215 18.062006045857636 41.062612043171164 55.602867378364351 51.149070325895842 96.674700424119422 71.363361447659003 30.649766265276067 73.089813184024806 71.619920741438264 56.691125451663105 13.933755709302098 30.952623822202963 82.822034408991854 32.123377641421136 87.154379800379743 45.682159467455286 9.750868385900979 86.099661636827847 5.424822557958365 24.862428558537133 37.150866457724710 55.536526226834660 28.522614100318567 18.360209649786242 67.947721051391284 86.849100096849369 59.526098895743843 23.323430174645267 86.114237145360860 6.773259079285909 27.262321109086706 24.084212130923753 95.988204179820229 37.462052063214578 42.760747953828805 31.111950361784036 76.205059309744328 14.339899990478166 45.389438397180847 54.597387651806798 29.189768582474141 69.161742607966119 0.213196005178795 75.798347808618999 0.789338542614415 41.951622123854662 64.633360938369663 64.779297196768781 62.701913778205224 44.363223355007321 39.223994923971226 49.726379276246533 87.288061977300174 90.566912082325672 62.621593607316569 44.607928334003901 90.154148418832520 51.233218996469930 21.499598918190955 65.983485103383600 9.915773725602495 89.084288494039782 28.959845605406688 35.623155387438707 0.883093791077760 4.540094339263612 44.209477685745298 60.419677121631111 61.440992894547051 42.933396415493775 70.853094083829788 23.312637551173886 87.436542210477441 88.335463629889944 23.880044942597088 71.477275553283633 99.908438786876303 20.488287423108609 70.971990153925134 6.895842820177711 6.365901569297305 62.397679900555183 70.234108249093509 4.940968891215136 19.829054149271165 51.103421788821443 35.169197844083499 33.447456985404202 61.490265169536329 36.798830337534291 33.049454955865357 60.255164173491039 38.744882436939321 42.038395472104369 25.167457954564977 91.930741029281819 73.384677831659928 1.827281571183259 3.329699911279538 86.736081246999220 84.802390731811599 4.502417652463930 6.464461464355054 69.879524053804573 22.506351595717444 29.434959482561407 27.064718177816317 64.346749251490891 25.658518539986265 5.556769194369160
57.427142615564165 10.023969869599014 79.733966243859783 80.155541232596605 29.204838304129222 50.104864616922683 36.726314816401498 52.941379657988996 19.742115151666127 0.443048655562472 66.678888194244635 6.697777212655853 36.129662943098360 56.882261078613951 35.827077095355129 87.049860356015103 78.260233718111138 29.973487581628376 95.362830822210498 27.593511766478830 46.681296623551070 22.432149731432037 58.060836880299206 18.405558784207710 8.305183298368767 28.578536794767405 43.532276266321190 65.957856695130900 71.452024692147077 31.337619549714635 5.189883402285611 33.803364661182236 0.220827089690456 92.013840623652769 49.777779031498085 68.163292439313778 75.563253377527190 14.880545995025384 6.032392902628370 32.214760254171424 98.939793405947512 90.452366111445571 75.332789331076555 36.505654748106643 92.104533173506027 81.967636229390564 52.601656312404529 95.658469308000406 52.648388780083401 64.673768634040485 82.290227362341682 62.329727914523922 32.387125937351158 9.993263200163472 48.762444016525585 21.535725482762690 76.351753842333125 15.370667187806585 56.756245180373753 11.669037662809012 85.049351827441072 35.356231251192206 26.838822767202043 69.688006142062690 14.794776967917244 33.367707291684980 32.196516199762925 79.382231989398392 1.780869627205228 19.371132870582596 21.863904951030968 71.032528208425745 67.259430035691423 5.079737147970642 94.114309499046357 11.633951854051972 74.118695672125327 0.095404712329117 46.841669618885696 46.289640320126558 69.899773874798839 66.020430114751150 56.943546812744529 70.148393501018091 65.721810898546138 62.951660947269737 88.239977212393086 21.289476207238987 53.664619808610546 38.870320952149520 90.832031380358515 25.532838754583963 24.218477746438815 30.224192838986973 95.330538142449015 24.997987665219313 83.738954511865131 58.214983214235247 72.975326661605834 73.122105242914330 18.632724540820366 32.930297322988345 99.452845467084074 6.366286783505116 63.385685272072166 21.635208099364643 2.170962229513995 19.989659858435960 62.119509089572070 78.318373137653737 53.200411349064645 98.224275499612830 29.386102351709543 45.317836863277883 75.431560390774138 57.308648046106555 17.497689880491606 25.439056939419036 77.599849481211720 33.825062047331976 90.295714995618340 42.441628656852018 81.062900435498051 16.734356601933875 42.796387238546771 44.029951897444761 28.900030449354020 31.704544021266500 70.424080541906164 21.283394120463271 84.664269004380103 0.826990429746799 24.807408063095192 18.314986905066000 4.421726988173380 25.617601169630522 88.179771261469995 60.937118180032279 80.489829721680266 31.826398682986511 32.702953274379233 75.250555156041187 74.914053706638299 8.448173332683496 98.920440750692379 14.885493464083188 31.380838179001191 12.690099321716708 42.272040137753784 74.889380078084784 47.194471448584906 76.457110031075644 95.208708260912331 8.263755575467414 91.688870628829690 16.556149604480773 0.112044535249067 39.482797880832642 83.026893500510255 27.924436718023870 41.356165444365104 22.372492522051136 25.871950315575809 85.479119825927881 42.440800937775066 93.002660411232924 5.682511077265584 76.853521875014948 93.163842320322317 16.296292949868285 8.483381990209137 71.602555966769927 19.081489912821038 34.350117811592227 30.567648882696176 44.750269787864504 53.891537612673112 31.470829652097589 66.037147717685968 23.291743744893033 60.341720858589731 91.321511534708506 94.512704194963561 67.495981301504344 24.228401918470833 0.323669582664465 21.414932493019535 46.026623343669435 11.802729770014331 29.147685580805081 72.169083412100449 79.999735746847477 36.661215948869874 80.936264189735923 99.033045019580271 12.685880423205731 37.600161414300992 18.004653582106812 65.029095832174676 32.732568466566867
12.857474730764906 26.312605443119697 46.724886480359707 9.328887177181421 68.042043363235422 58.271471369404978 64.874978968678377 62.563887947349592 27.480934789369627 58.324593142801987 72.431082601270759 86.371689865259270 73.678213351251600 89.948155916018507 78.893935909425110 72.461519652020115 33.325823066193379 71.494485498492978 75.941710147956499 5.581387416403960 6.805610815183949 78.799713739107958 64.809622234304527 59.602713024690921 41.201126058280423 94.338509838117588 25.568463335405568 70.888473944462731 76.844558927060007 53.389889736993133 31.655056259044876 73.814621299313359 29.948060840068504 94.757345108580964 35.963031344190512 78.121648052311301 8.745314877206489 74.070078167690383 68.321457120907652 53.882243633933605 46.964365681852868 22.198857896449820 52.416070323462868 29.601766305175413 16.706603780656902 95.823892004989233 99.137240779708279 47.096546308030284 66.564072627953536 18.264618861839111 28.155080465064554 74.013183918892281 92.454053789610427 69.540798903904943 35.108840711044486 40.343182016590873 55.730835161832971 17.872512441823719 61.603001434826965 39.692267444187891 89.338462458118755 89.273874431389672 19.352974631639832 51.874337403554215 95.449668540310924 47.444296974483315 89.742917685428267 30.696481658458076 7.250404216237838 13.647083390318516 2.392428196373331 92.709948970875274 35.226383735550129 55.476236867768947 21.784244232110662 4.118733193162982 10.848880300282859 17.596017956692577 42.939624550643742 0.148482039516940 56.463322218092202 89.651304753985897 52.325127168248486 56.901604775072443 61.852443055050877 24.879615493228869 86.930392566527019 33.670895697491076 52.642970540879162 97.812909836473224 74.348274642709384 92.897159629881671 93.028005078354028 96.395379856521288 88.684391636534784 43.740056382964688 45.942356019945095 79.367625778792871 43.646594387857199 17.587906867743708 17.404461660907135 92.077204346912708 31.510928995649145 80.625422221632320 78.660392287186497 29.814125411544524 36.552599566901648 45.725387947505993 46.041564464640828 35.613469213146509 6.520946508516834 83.738582751413858 32.614332067638216 33.569443840412305 32.405571977013828 12.545732123589282 23.142835637564207 8.715477164597329 90.845465224939758 86.256153558051125 22.253232646396913 97.355679320933135 90.603701331161062 91.490601849629627 66.816780935988376 70.333644352376041 20.467514317966440 61.596381055776931 18.469156545314537 75.661017338979292 17.830090820779343 70.296447079318156 53.493229440156888 34.448472572826304 90.074984073931873 62.282689777301549 92.195275096721019 27.897047469736080 26.057461052411877 94.818078858991825 85.250645882790138 42.940593918903822 75.616548419177462 78.481741819147700 13.445166502841444 57.280662878168442 52.719423233026617 61.235600041817349 25.276163490545322 65.543304908611958 26.677595013286805 98.235759167519589 69.937993476897020 24.250998120898835 54.450203778128270 60.243769965774327 14.497017702479376 60.535105231950460 99.164359032305583 82.421846461152199 1.051678540157652 71.104644586840578 59.410227748768563 37.902662031652355 97.291279407479124 91.050943618476964 81.117701863796768 12.806206452551450 96.025401692347486 16.430285618126341 26.216492673645465 61.062888726618247 1.039957465066488 99.210931355892939 98.127539059206612 83.624459903797387 57.155085493806709 97.212419559060947 58.233657195760614 34.579946170430709 50.089055452023956 51.061887434470258 41.315536113444182 12.942496262678304 33.315882867531755 41.862096080126562 5.193360226624010 83.774730690901222 33.462326638634963 53.143376799242922 11.677528934620195 98.356355386504603 87.383591068815463 94.734399012368854 87.066973694572553 7.822441766363997 37.384664319974966 24.203012872512318 25.302627971856996 51.829176463875804
25.980611875707226 58.807892498907258 58.078565985390199 80.380618886690996 40.273708849926358 73.124798346235536 73.992990297148154 59.134616882798404 16.452854924364679 48.717512586430232 66.889511133695208 41.472597487785265 23.948422469432661 14.244834877303614 23.474025292608825 99.619358337047345 55.523340461852811 38.164149705147601 64.009966278391289 92.232909475769688 4.096935021636816 51.677379615324895 40.155785766446797 19.241162812296686 19.338577270981293 16.180575114665675 51.935197042910630 36.276091265454504 86.901808990598155 97.660984202775680 13.213943608022428 42.391054175567035 43.981638382635168 15.494011173569255 48.127964528150216 8.973244180396446 11.843931080210945 72.391165162864723 78.673301372384714 73.060134750973461 72.676878338716008 2.918910140259046 32.345737310828490 99.470018268206928 73.261879287311416 59.566107264814306 64.637508324812842 84.946482357033190 28.569939572547288 13.777067223589833 44.926833290647984 66.398562321353381 16.786967179838641 9.324098708492279 69.499698956058751 58.166144101602256 72.754725054687327 76.231090711335852 74.572533795336355 18.169034021661634 50.614262782317084 5.185092261969737 88.818624575753304 24.303113663256248 54.719434565609326 60.352929638938456 50.501858994292235 47.671798547294472 49.732169509000897 89.701356190083544 15.729853329590583 40.752349216568440 90.612473937737420 96.084249450842108 30.229943157016447 28.716959745566662 68.222663730056468 71.932504104201939 17.882623282843745 73.412327654838222 41.383716600931052 58.157312798150429 19.729614821608255 89.779753996878043 27.819203419657246 59.111997066404967 3.803652009336256 57.676178513107033 2.659939699671354 84.038153915700448 11.979402523750249 95.888918623104331 85.751532962539926 30.400751159180995 20.226681630040932 79.051377317127475 65.042145969771951 70.877882247999153 78.397160708052411 32.347237023831021 80.528236386788180 65.849435106111713 20.345881558495936 49.142967768223698 69.978295710288705 21.631325669866975 28.274031561614677 74.698358415267151 26.789185655447422 35.956217545977346 50.952992128950861 35.042263536500364 46.774169840422651 28.452856548529304 6.598517505021073 40.801266855974063 15.926824779509008 42.141699170844369 31.763569771756618 81.206044999975262 68.423044870467436 0.240591687591563 53.080125348368121 19.148559876149307 70.488878620788881 30.456775907295285 17.385304500113119 21.376289850588691 68.828912821767247 84.202406576770400 13.210748019274499 49.068362364764972 54.018357815174987 26.661745912845859 52.883118346392358 12.275977530815252 98.662070020623034 4.907341568425272 52.914292731369670 84.531127484667650 38.239396088159772 91.314050026467314 60.317932353895586 54.864829753156108 59.351382476377935 2.672148164914501 75.751992120188788 0.918318296125220 2.464333903129334 13.946229875754723 78.192889477330525 35.935190891212322 58.499822856837561 50.586453119670182 57.690031936149630 66.944341243932854 7.900022958504205 56.390041132226600 34.328194944465004 7.404911891185839 75.873763745146590 77.899592774918275 65.280439641394381 1.382094897237196 97.369927666468570 69.222113223038690 88.971120561973265 5.871273838647029 25.510201811589194 76.049514448884651 88.716621197610422 77.371517644183157 7.456464036857502 98.313347876166290 57.397170491124697 72.614806205191229 19.646694031506605 86.207567175353645 42.262620400533315 32.364914422987113 53.221835873542936 35.555935105459504 8.102083944520578 47.013593146317611 94.467926275368271 70.312539318511000 18.048738795936902 33.027169535365751 44.026262105635716 60.812226920940937 42.501801462761449 8.687522475411512 2.347334892194941 47.384747066941657 77.110481826532776 78.027856955184660 23.555526092473123 20.965180495933122 99.491435012106848 61.456950763954175
96.556428802466385 28.897012250996013 6.343868025019406 1.736976771671339 10.198578426747096 38.444286225354396 72.299047589454915 48.244662333206669 15.059107594944276 21.256439983601883 47.258483893391571 66.501339730066263 1.304103118871691 36.296464865564282 86.105610668061502 84.806626285641784 11.014435814801304 24.540053021824924 65.034517735587698 57.628165965465804 58.771447981806745 14.778512132352773 15.668851698789855 33.449053359398292 26.770340464016805 65.381919749013647 91.919193907919592 86.554983384599936 36.907209659586215 85.821844535309253 7.453905399753225 52.698015333538450 83.362684995491151 71.264645692490930 39.755270418415293 18.109797418587547 66.144027152235324 90.711398963430696 88.227081246772940 69.165523304481582 34.440074115649054 35.508450070134359 63.806446382554086 13.770969859294402 76.137506158263065 3.677839965022622 24.040962478004158 29.240593232169232 85.475998362056657 68.514678314907115 14.538800068026491 12.082706955397649 50.330692750475123 97.239871035744940 15.550607950044837 71.062601769044818 56.309148110278606 34.300505682694769 23.575818405364600 45.946526893863279 48.315256203564694 82.677920211261807 84.765723673499423 57.997064530529215 45.493441191110009 55.912160845402525 25.764529383766710 99.558109873166373 65.116966632416080 81.453543742273766 99.930299250422365 78.276967822849855 99.534278223113802 17.845242942364425 98.027896991537787 91.088455549837704 52.699758652598881 26.931788851866678 84.474187704630211 86.801181672878585 67.278705630989933 81.806492059549555 75.409823854519516 85.793518317644924 27.414554597380835 50.820322204874493 76.143824973938706 18.293383390077967 19.231395280701701 15.104389426067677 74.994295726493803 33.762801114211527 33.805496982870984 70.148508176204757 39.614892472336237 97.315360047791458 7.590982820404280 44.353132652168050 7.139077523953352 57.585698622334810 86.688576961399079 91.937760386222379 79.536598360206384 99.981777164939928 92.955346912183174 47.135404498902446 23.722779641346804 99.621756999479260 35.989004151451120 64.546356364042850 41.598384488865989 42.890765496612659 57.825002927733713 3.519316148152751 31.751689458946220 28.241525278152434 93.256924670203247 72.010511127890283 71.206610509318310 21.873788049987819 13.286976687557173 56.392193401272110 57.360569414657888 97.461068463806797 19.567461814815456 69.432540226710245 49.108911500779108 71.393133730430705 23.794741100075932 79.649700673998751 52.513484383060401 86.014330759006128 30.309283842681324 93.937439618395288 44.317109411814968 50.484311687074403 85.927059610078601 23.829034480583566 29.190312900295844 51.730768926827544 54.833711126161433 26.096901816957530 24.832773588292333 24.147481966506056 53.043285798903298 21.577104452662233 64.035708106338944 19.147275754551252 44.308325018861161 28.844588010123353 44.538927416377682 64.084315055497058 88.408303953260344 80.047913373624922 58.570480342078724 49.068652050806563 39.587723504266073 13.325792482278088 93.301738665367964 46.340720007884343 40.350978049962073 68.443866993733806 57.750572107840078 24.050925956036760 82.638037217059875 70.427346853385004 16.069477090906716 88.753246471139491 18.699149464845956 50.330361007587499 5.578906133915130 28.993541936113587 38.528540370197526 23.167713113726450 13.522947737729007 51.024642245411776 25.818465827096759 18.391132658408825 59.681863570433890 26.721598690977778 4.558880167573410 88.841382621529647 17.335724317785019 51.563942912376085 72.013100241713687 26.567921376103264 70.739650274781170 91.836738671766270 21.331618889864622 88.571074564922043 21.068434012089210 20.967972546112932 27.794170826658913 48.270457248677488 76.372451431759032 37.356271861797076 7.034739906861454 55.734139426370341 52.413982135399415 3.580845992461823
90.027772905007154 94.370653243102595 20.481342767580379 31.316465410692818 78.970588505005850 83.739408789345603 34.566805422533101 44.384113247002702 9.059815455460207 30.653532443054090 8.375197871111340 97.514359132033036 63.544639046571760 73.751753258950970 86.808318150727089 76.449938863407326 4.209603011845486 58.312731460740849 47.360395965636471 11.240365254476792 14.365368282703717 86.044147828201901 18.455973061483554 28.702292936728778 42.032577319319195 21.217595428727854 70.996987641760839 16.753953293569346 14.127793465504535 55.077950617721349 95.664985406851358 6.396875571630789 47.102731673576606 56.173148333903164 46.991715694766789 8.685444863549897 22.853533140664737 24.692727921016843 66.024169703422302 72.520084950452258 2.416575415588640 25.240406388046466 56.989944506612609 56.888597537853357 14.653586473340285 82.686442104335541 85.835865866055087 19.501356151034788 12.748869683682296 86.699163487783267 98.455955996050960 27.302717577011059 66.973981334003184 93.162413708403662 2.772658902316605 30.998991833531640 13.505322844784152 29.738311153468000 1.385457038268556 87.339454758793551 39.242048384843756 79.107212052877429 78.459569038100824 33.245298222614515 23.446121087047722 55.432837622810737 51.100441159255205 76.435412152772557 56.642442489174684 81.556128934958465 63.081445716379648 70.010727948090889 73.081755434423769 29.010047059804943 98.733743630073818 41.898101842151888 41.741505898333720 47.776878743391208 38.101598126112805 46.515115748298861 4.327788680027611 45.711876128410047 42.111657508029289 32.455174269818762 78.813098375859198 97.914607956531242 38.179946018731435 61.319285334219586 51.102987747128900 61.083799632867255 77.488934376565396 11.873460462276253 70.901720965324941 47.078238268839357 23.051603791587915 8.674380663155079 64.464610471069705 26.930688126980773 88.231292431725890 61.053722364233998 86.889685968254042 61.819284328110491 31.672471527425817 49.706736566473978 22.354770720249782 27.175189833975068 74.451970416523125 43.150074822357375 59.783789715554626 83.811427148402032 84.260610211402806 4.440133436090987 96.914244130697398 25.807646258702487 30.921240892941427 94.552892559316845 24.761118400337512 17.384263910065933 29.981774198863409 39.930265136500111 8.965267850504288 36.819598598445189 84.284697794917804 21.927020844942525 6.525784540469004 38.197927624726404 69.097056252267279 70.097480176105350 7.376575501671045 46.208475028264097 84.170372097375250 47.338727803345691 0.679903940025073 42.163269014952022 60.704260054641665 48.779783512318289 50.536911477259970 99.803602050146296 48.188431442228165 90.131009792139977 32.647486582587305 52.273451976621402 68.085593693492257 72.316566589029549 40.924338452582468 35.270442913402036 52.009696839615025 65.174090184122122 78.802269557595949 73.560244176546490 58.727202913001697 26.327644339061983 66.184790688531891 2.080963363853805 23.055773002160883 96.857689063420906 57.265828600002344 30.377785110709642 71.534925141314332 65.475930893685103 2.956043873220526 29.711425016072933 18.245169163337849 23.758922536167514 63.105516361838795 19.442958768333462 83.110010204417023 19.672251026980291 57.778400648201611 75.641347159348925 37.379166333148561 2.794629199329912 97.016077940471916 55.016622602215847 10.456815393432572 48.048438416908311 0.875108464554752 54.325047300557074 2.993320881078521 45.625019582325777 71.522867590479962 71.161622958367531 73.416345737958849 14.237437160261802 44.408726220944274 82.911229863114770 30.930192697308769 95.981939018758979 86.542181192095384 53.278655854673964 66.669997496777640 56.058748540709779 29.398082108433798 33.094839593898605 30.340506100718891 38.242009416124354 75.065590662908221 75.055975732726097 77.163813004182387 49.848195780884794
97.205405833104379 41.455331768536453 14.495663628917832 93.573911791370861 70.524405232441495 9.801962238325190 4.213709482790884 68.018297630100207 62.539992898093558 7.174013611287322 16.539293706469415 67.115759133501285 67.416675422624053 33.088527798436488 19.423948130422009 9.486953673460775 80.517036967321104 14.908863577891385 83.801310220809441 73.668319484362996 32.366779493652132 36.455209248973631 27.525998933093366 2.170896339099071 84.125364023327549 77.835950795485942 66.168232287343642 25.740233030412107 72.876800448585314 87.919753300878639 24.702147684247024 43.760214531170050 27.148786012563953 5.908674868470253 69.604313161898688 75.992052096329289 69.417919236529940 52.101915046424729 97.016500413674635 89.797144201112218 43.541070493191306 42.987042791712803 64.613794462329579 25.905947344068782 78.995975794094946 16.068012195650617 25.785097003603518 75.232555206065840 1.712961332894192 87.847357315549360 26.568475778854239 74.784311560134569 10.768724886440239 43.184674650359376 76.076399013106922 51.902546252242587 93.418100139336161 82.563878145332183 31.842328451128775 7.917628457493608 95.416175403663090 64.835153514438389 55.161414607465694 48.235166773078753 49.940898903675503 3.241208375883198 97.313119160104321 75.816285012662661 20.152808196399551 94.811730316102668 95.611073752143469 36.012579965895632 81.297419217531242 90.780585434047367 93.370039922344787 56.286761374257054 68.957270958679146 24.699740101316603 86.846590791781381 49.374030390215310 54.039508568583308 71.553858078759930 90.633944786369511 60.355893980007515 96.851330214155922 75.629961386846546 3.867696123529119 34.637574144913167 54.154011896878082 71.697821806038007 95.514434367447848 95.268640701661724 12.861206720866003 27.154029374396316 70.487828567641373 75.191575917421531 34.177028372161566 51.512952395262481 87.315873072087555 24.731298158346771 17.820340040069560 68.100800550238318 17.662750901246749 71.413136361118703 26.753194380337963 44.120449451608266 79.676536807956694 8.806473654719749 90.295756405606383 47.091584679341814 91.455109432056020 18.886566905967030 39.597664811709656 75.133590072027090 34.825033082599354 58.147169740143887 88.428771918778963 81.887603175006177 30.784962344971056 12.457753433275053 80.496153660261001 95.146799285657792 4.355683466252214 38.099740254231264 89.668167311607377 30.745767855627715 83.597476714890334 55.291662976524073 38.397359193575994 54.302252099335703 61.004097206196349 72.539741913497807 28.067444624344663 17.083827427152386 58.461250623574266 64.863710530631408 50.020378897739938 45.049867091092096 98.787593387280694 3.005534553478206 64.524544182089087 3.340731794980012 77.933446053515311 22.388537458621961 73.789889949327730 46.475120998864419 49.406022682912223 50.202866543800631 65.926226979190403 94.862743714385871 60.831352226180670 27.103950068507508 69.346997625037346 58.138083476304622 36.806042727261534 38.737615907946100 70.028830349731351 41.760424134746856 89.681363047472587 43.143506408815760 2.108094201601884 32.408387259036395 37.271275805134266 16.638327646202132 26.443100636330520 56.807825147739877 90.968390188194533 10.022180870187803 84.780472539233742 1.250621257406770 54.306186533212333 95.400724950144792 28.152057033236122 81.907424304324749 67.114251724809236 22.047301958342146 49.493082792201257 79.614063531712247 58.473610495806362 63.325549271174864 95.800487793002773 85.852046375861207 16.763924551532515 3.332339514217120 23.343542062751755 99.819010058507402 88.081329718644540 25.120685235669747 95.218777242578724 19.711549403724337 84.288298520033123 47.925800489476721 27.343837663550307 67.827533269429978 57.839748767761613 35.967618808455470 24.241321818442742 44.506756890877931 21.224361135594350 74.337391843152801
44.209655216763800 76.133004137398501 69.116978342469096 88.803753816123205 77.115425726537254 93.903194075445938 81.585380847380279 60.788067043191852 23.446304091922077 19.957751057927155 10.030153637412875 95.553592596078801 34.131610473041675 9.520894525099344 6.685374770411190 30.529355645601154 41.643579691275256 26.451345025308658 62.174125026364379 40.906619877825335 45.662204637680247 35.396382409348938 15.669731489212113 83.783243618384162 47.345324479650884 67.610008315894561 0.262134683300275 98.912791769246383 58.224367762899888 19.679409042972928 53.219812835345657 74.381401063534724 27.516114730568841 95.282082081992158 64.816541633928637 94.855184011561633 40.786401603157742 35.683668347914299 86.401468205933170 97.896824168902924 95.667174969850251 34.277702177288027 77.523000243035440 41.687477462871882 59.075546711801394 24.421744510355669 4.338753942187434 85.401997010690764 59.311365093057880 85.981413141916590 15.958943090547139 61.434213504405989 44.338138396999618 91.749131834744986 13.481625722034906 1.826113534680096 29.491231515326788 8.735277819022603 16.806668404178470 75.678263350081593 95.084766422510953 57.211949195602649 0.812181408504020 54.119266811334818 36.513235551377029 40.359500507794898 9.015860757461835 30.057944532977011 91.610359866425512 41.807786065842969 71.821008883607050 30.216292718575634 10.816534935454648 27.286617256770075 8.585219911361630 74.343551671298769 17.744549730641669 74.140318383839528 81.931105651102456 27.210415156550958 36.043303318957328 22.910896312317330 68.752286095088238 4.682434670251601 11.931270170460362 54.323661694822711 82.101644926230875 66.672177559856536 80.328356797006521 43.205553720840662 17.439892182394743 36.201121770302414 86.962924334461107 73.052195652050813 31.378507951791022 83.267257939359013 5.798678756099140 69.920890442503094 35.748044806518045 42.988484671531360 21.466870330783827 72.282008802292836 64.397932350562456 87.455191693163826 70.903675115858007 19.448209411085514 60.121183762783161 16.054469574370057 26.126936239227859 12.922474698912524 86.020244726447359 66.454511541062331 95.427530417162316 90.808633656329746 67.880053668103301 94.765034442016130 15.019958817709956 43.713207304325664 76.255710551230834 66.209723004809376 74.512223144091038 11.882323546530049 69.510347698749740 94.029923621821780 21.115038607420434 49.479174971936743 45.870537892887533 42.189685203177888 97.370778888336446 96.264935834662566 37.488450910255786 25.725180248260404 67.907190357836555 95.697294589968635 31.684531029803907 42.030757438380171 95.488530176530801 62.682611062077022 96.273627040727817 38.443501419457469 88.393260667265395 74.153871440218907 40.903772525179313 1.688295004008034 85.683218069101315 47.720376810806350 54.764158287869826 96.374677905613368 98.716646922148570 91.155216456511980 8.775887481311894 53.825370434798224 3.646491943198060 57.966854482152016 42.538943915155095 41.395731268176938 23.805726010701832 68.532601080108392 85.440395662952142 27.929458871795266 3.718006497913884 88.195236996954947 42.652771800097668 54.921575088397503 36.785908423977375 24.149887097365841 29.861662153095480 30.365198636462974 77.164399142124225 94.186741871994329 28.139681197507606 44.548706727436112 26.156635691879970 53.924573823442131 87.475118445123584 29.773497307993324 78.012313019441009 25.889461812768879 55.782377339836074 43.561941973453159 74.266830825482714 63.748618491583585 8.002411589889880 42.546698267036135 30.553170814340724 19.615830547872058 60.846281178045118 2.642675319361809 22.555911363711889 88.772876467538680 64.578457119144332 57.194314047846873 83.060823588992790 42.008971486276003 58.043400491857753 90.186885129294666 23.868202553716898 46.922919655317799 89.393523714371398 31.936158310748063
58.138655552870809 48.055702531553656 82.969086106964525 49.706908135835846 26.967208266059870 39.477363732006886 88.466924138824638 43.193177783461657 44.711226533481167 78.032257314847968 74.110895177913960 81.262094918773272 5.454567143761535 7.198445803892584 75.911518479372390 26.806991852492036 96.058949538166743 81.352539983925169 18.053507011323966 5.306629773865934 47.712970189181306 89.341428173709943 95.965140132992445 25.897088864223129 29.362272602817651 24.152217851605172 55.487693754729371 67.118573509157130 31.857987810476274 85.753992550338424 32.862044775113887 42.279051764713557 37.152634309886125 29.213137188662675 40.212527885458286 67.363480148609810 94.775494659713885 43.480585488631540 55.869857462742004 29.332157021549911 38.389072828640977 8.116586465763243 48.202039009604292 77.777089435342262 6.730676069637287 43.854959870874566 30.319722282189854 28.930555557774362 75.814432422075129 97.856167575062585 93.773720731918473 29.107392749247872 26.195343087131619 74.514233699857144 70.267027168039320 78.126425978760622 23.135318099636415 90.115699133428024 90.559811288741827 51.438142010017941 9.270242068303647 63.566614330091639 59.250871113569048 51.645375866302814 98.854739898988527 81.415146453703898 33.655417216769301 73.070874433531614 55.169025551635301 11.400676909633523 78.291244340760230 76.923550482933948 35.364653649145318 37.131698801853773 22.721792110688476 73.620758220352911 32.029783078947091 77.214671779638437 38.014557652219317 40.568172455971329 51.737554661035077 12.486859160159581 1.919555415857999 17.197674041863532 82.008098698948771 28.329283578427766 1.210210160179048 47.034502705956115 19.180346727028464 62.262670274850215 80.224969587751588 55.756658745113278 71.975015292677142 81.654378846605439 76.895075016840835 13.730328175180151 64.876983592214771 58.012451601770657 52.527130690464261 83.143515575344523 64.423213121768498 40.852705355319429 92.485157947758481 74.273603994019339 62.650195704673251 72.098339482806267 76.536315142327140 2.292106182879594 57.675729535722077 68.172980502713244 93.588304523155585 44.088716140754933 57.347685702647098 55.158093235652963 59.825630462904577 19.554974985675088 9.814668327762522 37.714303320621042 80.973898609838002 37.006451478819443 63.315916950007654 63.091359652848801 24.072131532926278 79.637701361204677 46.974580202774185 54.010433821986446 20.118796054157563 87.254709076599696 37.582354706075492 53.346990499319311 17.416201129582774 62.666065195873756 47.442213108137345 53.962842097240596 44.098051313316674 92.013963129852556 28.245333002722063 57.523104518295106 70.394080574804747 5.959334374231606 91.654949053806149 84.259329196832951 32.722810883884279 26.656576289308511 6.866683357667592 51.743061653999746 35.857105148689271 79.661093176381740 3.405361627875669 89.127807615841547 47.643328460964973 0.979533307637559 69.408225582538449 57.519874261296408 70.322278250435758 55.337699243742954 7.038933604907916 31.842305486596402 66.745671930543921 61.908104595300308 24.364212872108936 21.735745888799407 21.944172503148064 1.841155583496745 35.947314597299972 96.740486525344025 52.278117021085656 32.265122855886752 60.282903619190698 53.297210687868422 78.834314608393342 86.181199907031186 72.928440975380553 84.709420751726356 74.808572454099547 10.756249701573829 64.467756039300056 41.344778727837152 63.186435140307886 87.802611404729149 97.458237923938611 16.530321754758205 33.283779268131454 83.509003357405632 1.966867636192693 66.818577931148411 7.871498974490565 78.710460272798642 35.423349937682943 65.236642712455350 40.572403336796285 4.545098868357877 2.845028170061392 6.145529958205476 36.424229922253303 60.994600455231627 94.233741012953558 11.389744782660060 85.415700127464703 54.153998439252049
19.511356027102600 64.331570630074722 16.175376835176138 59.089095720610160 88.942044090432717 39.263134998207185 18.860607802856489 60.225107976472671 60.466983691909917 5.981381738649483 42.944786841320550 16.976556864936786 15.575171171079305 3.161061652585118 17.271121041447689 4.976167113409236 27.444187251398532 77.811053023300389 12.932510333931146 79.093718711768275 89.384390825620315 84.769925849985810 5.333626231406930 37.579697988980897 1.266763192192499 27.841395649377255 13.718424638185777 30.516025195644726 70.356373533364021 55.055774176153882 38.031739366364825 55.175794414657943 91.883439035791426 10.282176578056191 38.116767045259827 54.178340771279331 26.195406738470396 4.116579501537176 91.002847555143646 1.911232220797976 53.765207487608549 92.830406164468599 90.467482870687860 68.595141329521184 70.174655032433193 66.058222351459449 47.898468166432131 10.126077019083491 95.308618520470347 47.191295358654671 94.206681033886653 33.128186009574343 30.923770860497946 38.291520675136638 35.548565166506187 24.292653266770003 58.384560350666945 47.331637294879606 3.405348757005522 93.925548380038265 43.921612990261075 13.151273200526459 19.128002151145694 56.163103290064107 71.263058459122007 11.224315625393466 0.453798910248027 89.360394971449182 83.139248257628239 77.771350522287150 39.103099427425533 96.518829500136178 69.958167230183093 18.255227340995962 57.195494284462413 72.908213185354882 99.016779784264244 7.131439013925911 32.847454329776113 11.828490252024970 96.435083556631369 42.413106170107874 72.617075892107962 41.274067429930284 26.127259973927288 52.235398628518794 37.080310051460138 93.756699118296609 61.919857336235040 93.272383690884013 21.561188220883420 32.890325314754342 69.382227652564950 9.212297907986766 50.281052869983526 65.253496807235564 91.287699463906151 31.692801212933453 75.211761413838460 5.165776965432589 89.998781988386497 5.960264606095533 99.921406931757389 73.406575835270459 68.230194216274768 86.272621684551481 0.711039672726832 67.524603070382994 93.900500790263024 16.252264102404212 61.634114932578314 67.196442246509974 86.700002251795624 55.408392063960989 54.980395611803992 56.411447249863976 87.642025017550196 74.978741182987179 8.166735020650439 2.434800249928626 2.943074907842558 92.193852338996862 14.921910302493746 96.214273405156177 76.167874910547653 22.358440334909989 97.731744066528719 43.544652711893839 82.849062943776502 56.587110480883162 84.767893378283816 85.455552467230405 66.608244564728395 89.771375556171336 17.230226965134467 88.844292612008829 45.253848351132319 14.845339094648191 12.069695090562726 72.955415997802703 90.478692319178137 40.826278158659292 31.759263717982378 2.858002717218044 26.255727208091063 31.443518381620482 81.679893870428515 43.545004136723378 41.540224126491211 37.154331220846181 97.736604836739446 74.217525004677043 94.185126930250107 50.344094970371515 49.172020448334500 18.994039997609523 4.595688587782353 34.153997554458016 73.801608604408827 92.754372617421268 77.892958205784794 63.223198931241718 85.796229653327345 74.558391924924038 26.320933684120227 24.387472532409049 31.411570357828168 41.333267726091684 32.150852291632773 49.808654722532253 66.858280914937865 62.253653044783107 74.651480354862571 82.811971753640179 7.596487218666192 78.828110623126918 54.819534872371293 12.294141183867858 1.316758663262163 23.487780678005844 58.091329697250785 98.545113090006964 22.982949422250353 65.098218058623942 27.836223992706287 94.730629684510973 42.989551703866503 89.212887203934528 19.583622363050235 69.483123633854461 12.279961017798502 56.734378224935298 73.923374265681318 56.484036020909059 45.483331589361008 18.533492186437851 92.658591929813554 67.090175133245182 40.474213551260185 83.383323151246316
64.171240163558380 37.821421712415628 98.582250001343880 92.210271314255181 5.644794967525534 36.184634141375213 62.847789363850012 76.068821553243112 33.382835325243597 48.316010840027822 93.679707944414673 24.519269843445613 79.237602389804323 0.942222713010188 32.557937612903963 26.897220870522776 92.153882444774183 96.879620326918385 31.440149626243475 41.234527059715177 9.359677683646117 11.926030732143156 75.397943314056022 73.627277155753490 2.137478636384837 58.030987062477180 15.948686845032045 13.262053114260130 82.576106436901810 19.464285811853454 37.552068531108894 61.657535443777711 40.522033280298110 93.728300804577813 58.711454449495918 99.484090349516649 47.510925791555437 28.611005011612722 55.075983091450340 13.868171399074814 17.366336215395041 24.114318203541984 16.381456311646371 37.475354100076373 96.630662699558343 37.158152848984230 16.926850900261371 19.746810535752303 75.738518437914422 85.807624629814143 23.038734443496068 48.150635744055371 38.617256581597644 41.705422560935155 50.233071334996460 47.236039193826727 57.615812720271741 29.539486782157731 30.315373132250588 87.064456775869630 75.512042687511865 17.483848520280667 25.822869963130689 24.517290308451457 35.805235598089368 64.417170291591304 76.796624490694171 59.920476789231813 26.178727804774216 91.907524424369640 35.050495824721907 28.154445218635495 42.213296808479825 99.906086173467017 35.664151718011958 83.117963191295644 88.385140327593746 43.722856520419761 95.859877439408507 36.249804165035705 22.935928242765634 32.038969160100571 18.203795522900723 6.935311736508676 12.210943108613714 55.453134702247112 37.771716028688196 77.417932970965964 76.456007814331102 89.486997009193573 22.484228103598745 2.773573229176474 15.263679327239842 90.213267866603900 43.865408097272585 3.127262554791510 61.923405723445967 90.165540621665997 62.704731673390626 8.256756218564810 65.872818334518030 34.550585669225356 97.864963617974382 75.152829137839774 84.784673617169929 74.252428648477590 14.403554167041133 93.377553900122081 6.647050288112877 89.301846361034876 95.579457956817919 36.065936811742226 12.963271891098060 70.820334916494559 42.463294389900341 84.380786530882929 26.921476942133673 66.129888645875994 92.884032737420085 64.873941305366372 60.539909903593227 44.856861689991490 73.593822732337969 98.445112346073302 24.046722391387444 15.843662038594463 80.612927465331779 90.176450947560355 8.154583176665254 45.055010989605918 72.651201272553294 21.705754433210821 90.737273944902086 75.177852526859652 42.979353761698491 34.973554045003894 18.943508944382124 52.122098233339763 21.916476736242540 30.909806078080393 78.880405736399410 32.588099145625279 29.218543378491024 15.188833902486920 14.942826940386700 40.824771795749250 47.195666902840294 85.209362442683414 93.594393519565571 9.465524748424215 18.987009172085891 88.789428346994697 40.821938040101294 42.132724579863655 43.629388158360271 64.656176493362551 60.635626385646368 12.823302752209232 65.812877403105247 98.364981799069369 90.400556342932461 70.150854234884861 91.547661940525643 31.743425053939845 82.499665887202866 88.297145475149492 3.385528150356654 35.595188173216265 55.207072522091515 43.630259461357092 59.092559317191288 39.311616644426636 73.462869756768683 62.579937142867557 21.198752301872215 31.239598597837915 77.513948846509706 14.487582811516997 41.231197635035969 29.080629119864099 74.815997788863115 84.022947474463010 77.271156734780192 96.078646713701005 17.292828581391117 13.934807729642873 25.833034321210668 24.001820641946747 52.541144419371058 95.537761644595776 59.618031472873682 45.413061378309351 8.551428050924081 48.678254060540006 44.068027650699207 11.891141985780273 67.980120721225873 58.531260172673569 76.483987557077924 89.703468865475344
60.498860653042897 63.947296111347939 75.446180593441596 25.776326992848464 19.965839536217565 50.173319910863789 38.236895838570383 65.927743137217405 0.361952441850588 40.861611716308133 3.096510838745981 50.807958791889362 39.141618552881688 42.372084809486452 96.837591511226549 30.996608593475582 37.260385511851823 92.972935861893660 66.448623816354598 1.299471085256265 91.919656975564735 62.638068225589819 3.639927820666999 66.577597445519231 36.304695914945519 9.362572181413576 95.912450584446191 3.398469346056077 66.441718139319534 97.719145652521604 4.191973239145619 18.785023150704184 40.692726300933501 10.360779823030297 78.676350800835920 39.191425238072107 86.413384081411621 17.518275597224097 72.218454856738560 79.261776766619164 81.946594522573747 17.075870449560814 76.307686708153255 86.417288308523041 16.056218509595187 57.920910098480945 73.263091603855273 24.619062473211596 97.587926560601289 97.876825953723085 92.098065730960442 5.916014077466214 52.795109869726552 57.181949453364901 74.400289139011292 97.203107942522635 26.395954730996184 73.536789838123241 26.693017909265116 82.388878984576735 73.650834697850840 8.350737162307098 32.505886142374088 46.750079189658464 79.632563411916351 22.616296734429607 23.915544793353128 95.769563089166439 66.030300377309842 3.772747890795591 21.426690577774330 32.705070472757903 66.859488164842119 87.791823838817123 15.663836387168450 91.398868370989149 90.088046267489389 55.864732129486462 33.668770307362742 92.557504390161995 82.530135917070595 94.066489706914055 93.231757556158556 5.493141472127771 22.086974302808372 74.014643188162992 45.250205305738319 51.263856388588657 13.405814709516195 79.550523420797219 82.736146571915597 57.368603184409373 61.303839006706070 52.138285682461351 83.442079544271408 72.310611094069998 89.830339241638725 58.287672079472088 49.336400060152307 10.832585785424943 56.176581677115657 83.603281955969521 85.080015368912726 27.560886944193431 24.562039913268940 3.988163098230613 62.038665471396051 51.473343407502803 18.303492556507273 14.992537313410526 7.643920545650662 81.987728092434310 33.840551135024924 56.006161123269393 6.736801374761193 82.279294230175168 92.679196662600859 60.423434975911206 20.872698946324554 13.684846922109751 27.862980149047623 1.177058342328074 57.606385853923051 90.592687447158141 97.603571552496661 52.046168617650977 25.572305620412195 74.800742195628445 62.258816763951273 65.309361365485401 5.066468772574151 47.417196468214037 67.695155751213008 33.207057668451981 83.994028022113326 19.306835822716994 80.970854694993420 40.578934987092751 67.543316851400789 86.307123543615873 75.816109516170087 57.085165291484444 93.930416940145463 40.889310978810009 88.732992115842251 33.598285520765700 55.324639037698454 35.853376249105438 25.483244773906932 94.250313127637057 7.654627331979603 73.276155326703531 62.541782760579267 33.104219330367421 71.962286642841065 63.863338945595792 6.958466059923341 5.234704413467528 27.116870008040884 56.326224825413718 7.851637976812986 98.756422450596631 77.189758899201038 68.643741490844178 1.221890915929691 93.694341453379039 69.653382155297336 0.178744929932673 48.962227444797414 33.251764274426080 32.048936091469052 94.396940566782291 34.498641008865945 92.600090676025587 15.872351480772096 31.480748194706777 39.476827211681019 98.135217529963683 18.300595383033304 70.486433204215899 30.651655422319369 4.319206386378671 16.548465307117720 8.233367081894317 51.857751136670160 95.115868486756611 85.729743187448463 92.916436901124897 67.280928578973956 1.125997421325797 6.742228155080799 24.817715279610354 98.183924168034878 24.568741552006479 37.659569190637875 65.271884129464368 2.555467362443986 2.772747007189635 16.594344092166235 65.261251581848825
86.020798667144305 74.332137499120066 78.275311676246545 59.495211094613367 43.302540533589998 51.358538088558838 18.999909713532361 8.964561131378934 97.897382612361255 11.969600267481784 26.997814432341283 39.249843429233110 5.342252886980770 92.975889930161642 14.943520589701597 80.550647199401524 87.770106069131657 20.774158819763787 49.303369556849489 70.926961135844920 95.819762213113364 71.608028590351623 55.558515716110222 21.438206946826398 94.985719810157406 3.384148172960089 19.143101127494155 56.796681394223526 55.117382339655343 8.677048172442092 68.410336315197824 18.367594310981872 71.705473045825102 45.141842776701402 96.309803924994654 66.467765076820157 59.801283219219606 27.191512636657965 35.031367181809955 99.078079478569947 78.094621731686885 17.447005480975207 16.438377934047399 74.057236224736172 45.635949845675363 55.800293989394525 95.038451951064573 98.718997324725521 55.863464982012900 34.878995855634429 15.334003435158461 62.314503927668532 75.079332650538916 70.164488044039061 34.182591722992107 24.465918092252416 9.633952043270044 62.208136834017111 60.961563638479468 55.141867547944813 11.871971452386420 61.658466701341233 35.423305141362370 84.185927838605451 4.308829886388632 33.509868832064271 5.995775261128101 25.526961982779994 60.311228122654015 61.713717048806430 50.547620887487732 66.614023503361906 43.986775909433163 85.003254873210537 9.726668905506052 91.586184885118087 44.123182299884391 28.878118505135085 17.858129858750637 80.609720424935176 28.055857092379622 55.170902873292803 29.461888247486801 3.317746224422957 53.447963579123666 2.359321394937763 76.623797666900387 0.393050630687042 13.543090539404655 2.231300266377023 97.186795795078623 63.239873056343498 49.080395731975493 84.172931862282582 41.852362457431383 53.298139852193238 95.410634456579913 48.296894594639596 14.358693223379804 94.097458375312868 46.942395464300034 13.092817153165326 62.288408831481881 65.726712182705498 26.186909223574961 78.080023684290580 8.972993110224724 18.536338870868541 50.557447810378520 93.229549922861636 93.386508841699381 22.128717718415647 73.933186848252276 44.242815631977848 40.692856710873706 59.844303505411808 5.678274398761474 9.279338050442876 7.523390975656352 76.102135497502132 44.567835420628313 90.574246284318747 68.351312215261103 40.501649448199586 15.170306443982085 0.315616529692841 46.331925609625657 24.113911477009509 87.513499441178439 85.258037032848833 73.105405548171163 98.769342384345222 9.537316910666870 84.099984870722224 92.628757210178136 81.615315594831884 41.041668913197867 10.764605123643001 5.396220838623300 59.531058326412058 71.555195762906294 56.017295084653121 25.542220142232029 79.454111222114477 94.876592767340497 21.722313406643124 35.747848812654503 67.837137360468844 51.202268721469238 22.703996422965510 8.431226839356764 16.782234734406011 21.274034300308308 62.725719603629692 80.654888997306102 48.861709962440244 86.074926640593091 56.328793771166389 85.786948653893290 43.392933716804372 32.204999717667512 45.036758626826732 28.126080170210933 48.808661212197379 57.999497173496763 85.646532095618426 25.101165675849057 80.195055646071694 54.293011001664624 32.752544546000841 98.323436154409677 73.164313667632342 49.938457145787829 52.506486281704177 62.236706982698976 99.942923516015099 25.060109235697901 49.731464517792986 0.615390023238460 81.471420324209603 94.951038274754978 0.483678009084443 60.133868178434149 9.980983715513281 73.727521343150030 40.156244396481654 69.746572286995274 42.542734474051457 99.857549570980439 2.924092259956024 83.917362314726262 42.167817249842003 6.116156356287461 69.160536887505998 90.075259497456486 9.784826115627364 7.690936778235280 12.085405719966779 16.738797866439302 66.401732689701987
8.145327844526239 5.568217495228833 84.605327069584874 55.704957612228945 42.481135160248471 77.465850892520592 78.361527511921793 17.114957102184157 23.373526162674196 75.367962281711925 7.042601591486031 42.676265134151002 60.393454695138459 10.398954535918847 22.835237707740930 19.121310716309992 84.710414935444945 67.587670215783021 63.936473753920488 40.181061468781905 61.214352229503618 7.693264678121514 82.405230949361624 94.314112888221885 55.398042353530187 4.609948350235693 40.354677469256096 72.300102599674545 76.153560913993559 47.010227532502604 10.842721161528967 55.933003736739131 12.522396200195729 44.173258000278778 97.983605219527050 86.465479683611179 34.259335548983870 95.443328740507383 5.274745356708133 20.623320961010382 61.858629179860927 58.060725429591884 22.079535190384448 26.558409590999144 53.404630802813202 48.466676042255550 54.238455378500781 30.748286418770189 82.305649369973963 13.764522715152506 6.339596769855415 87.808739712147286 20.851192217638083 81.392271549821274 55.514133634200213 35.521939689143899 54.050575246011711 48.689062400676519 47.978287284969944 52.005174929367968 78.863426988386635 47.360363298875050 24.995974031893496 93.833984173089604 82.346983849649448 85.523179025036214 93.028975245462405 78.471308518901267 3.766967946071620 1.220461969334719 9.381143541197357 26.607557228622813 23.970829871290956 25.339770797945615 23.988120484580065 5.417038922818252 75.549302341531799 78.465726655810542 82.132456685704199 84.015545325965405 9.128844727225827 39.707553640139494 0.516283531074502 77.764874006252327 32.491797976368922 83.326413594865997 27.062661753201155 46.188241411934605 87.642528031060195 54.054550771370572 10.240533002109453 21.043854686332619 77.515886359942911 69.246614871458505 91.901642897481437 74.596620195136509 62.264227614278234 52.213075408280659 69.904650137197734 56.225679279691967 40.171612189507670 51.829751870084984 48.722055346883444 37.701584493389362 12.166734269854473 19.849456063528503 5.452476366549563 60.467443294004717 8.026236762570605 60.443669072472147 81.084933753718218 74.394974110324782 39.549150316691026 59.581357616319920 41.935557969405011 80.860710308191258 30.455492187163060 61.699119163415695 85.691798248087593 31.376678483432620 51.628351455646893 57.380252634184259 47.780387375109015 26.685671427817915 27.384704417159924 70.017281741400708 17.559080091439828 53.826637601796712 33.049826366047277 2.486596795805374 77.561357747163839 50.056365872478551 95.792250609030887 49.601554938760906 73.576783325638388 71.930150439249942 9.950857463776819 41.816342025183374 7.110855383913872 37.310747516549135 63.414743537371024 28.845101108256454 81.006093737156505 30.736273680197879 69.180257092377985 19.823920623944481 30.397182328280969 7.820768480339413 53.890935597597156 84.567587048757701 25.671710248613110 69.428099300419348 21.580214889334513 47.829356906698969 16.770994589885358 84.878078508518200 48.993924340074514 90.549429453844596 21.100277060298012 24.734668837515315 29.632992607098274 57.088797728493979 4.722348318282210 15.499607650916703 26.402670416012686 86.911674204042811 51.727392719475404 99.223348343479117 5.549888675618830 79.758739219668584 44.856000263429650 52.146990252621904 79.059407364647655 36.410346851389050 68.009406577867679 72.702321888160711 7.410052709657943 1.128479943217409 59.722961029026692 10.217950009304833 34.084224859115075 72.170201496173334 74.709645735522756 53.776844249395161 38.874928073917111 87.922543238939681 60.186828499376851 34.068885331854837 44.509625099961895 51.742388814807036 3.802961877094180 12.788072146325558 55.172598854119713 98.218200672230154 13.820043412142724 36.582065134060983 96.148455116200779 71.218653850720187 89.966143468215961 34.744652179629568
65.065426362751822 89.245566529044680 15.953767765181103 49.757742196439835 14.414652358519298 59.266497681694418 63.695956576322978 58.413866970333515 51.289512437798713 29.973777221216260 21.399807462053420 37.612737781009578 89.087431479555320 49.303388044542828 44.544792746398862 68.116341570723776 90.649921746464400 4.673624140140042 26.340433407801665 12.992235037136812 50.899195489229555 79.055052621392051 95.223158005326709 72.331702681300783 16.518211195588904 34.049438105018872 42.217407044446240 39.034551523376074 91.850550635344334 73.355630667331823 14.101731521067261 5.427890531042401 34.652976187230365 29.777079775910376 86.362798358129098 59.541386679085676 29.540131484063291 46.775254392945122 2.193354589930507 22.392490780747853 7.697637434664628 74.712069494918893 21.825666904880158 44.236627142511452 55.499449615464954 1.427487967703300 37.664430938186101 38.143123123241473 83.626611604431574 51.872688845985905 66.163509276130299 27.183573912497693 15.399086944485752 75.590098263991138 47.760084518720944 45.623141763681772 84.660149591288587 16.569100190025786 8.914435161360689 70.422361486728548 78.743723747982031 7.305434523625431 39.418929697417425 35.755181409386473 71.831640470764086 16.701685314324521 27.025804366254579 52.625376852758201 67.224049200292200 95.724587532339527 62.890859119624196 60.030533054270677 76.984062080932816 41.706205068141813 18.047305441263152 22.189345583856980 90.082914763628978 17.416134909111459 18.789620895546378 5.943950712708501 11.666228555266379 97.946276735795479 25.081959802904386 92.483087883507125 74.859379079571781 5.027479633141130 90.730726483619364 78.326221980092882 71.755715145966221 94.333131284572417 71.254921823237353 82.804204764803956 65.448864958527295 74.745458638198997 91.179716051608025 59.615348364927542 33.264945965392776 57.131087889563190 97.310585691332491 53.281740105060095 63.700465257986473 78.229361603383524 27.775623610241563 69.397793220889127 15.970564633460860 16.569348932792682 11.535851869016977 80.121053751062121 65.228317049859314 13.923688594790828 5.783228984807498 70.160042472454847 57.992272539394477 4.046613077922522 77.195111491792815 89.873376926808874 40.365744970936532 62.144675598842944 15.915329081968233 69.390543475096123 93.302462880444665 88.102966090629351 88.921728077388209 29.984661860207705 13.285796211218248 50.421046282778157 66.649728083330700 86.327499764589390 31.080125434667238 39.356391099649933 49.946405902139254 57.037257122727212 50.154184910996349 20.126697295080874 4.707831049373235 51.132269084789868 12.337378269103761 91.975540309181667 56.047089629464232 19.829766842485984 65.559380570239526 15.084288015576231 25.643420385643921 44.482567900743383 29.974439596843006 20.665647037348624 41.932894959977752 64.294301663496256 70.805400594125643 54.967345891485664 98.805785973853162 75.324638501064612 16.384705142975985 76.819104159922517 43.677473432145597 89.218651583882163 53.979140080749133 19.874398665399106 69.704115086238261 40.311584381181689 44.072870891091341 26.990048696075984 70.064408592002081 71.597943763874056 96.675691095301403 3.646795239863843 28.984808029572850 94.008933270980933 25.943381852345560 97.476593356025674 63.363788492987020 48.657107804731645 23.320221509049855 71.305884969049714 42.388486553829928 37.932696260274625 33.061349183192334 71.258947577352529 74.842357755098490 74.436809941719488 69.879820702887258 36.781463237006292 91.423521186515828 73.348875270803319 42.931763834274904 84.086582422392212 92.641800847867628 78.091173692172049 47.768596857517679 22.365601038355486 57.054720699394359 38.207438865340407 28.843588484058358 34.862547801871713 95.376955795010943 80.946891948802332 58.861433970922086 27.010148575331350 5.430084206632280 72.832714655794391
34.078619905098066 47.221151241104451 16.130022237426690 28.124091556579611 79.573074288544973 65.859703061463222 12.918974593772703 70.277964946233709 68.404288546643272 64.723395134253806 14.911537994687452 91.214955644338687 6.866007094320370 50.843341945389334 52.833370761651153 45.131517697291436 84.989470944949431 46.974101870688735 69.397818158878650 68.045471754081376 48.909699775326807 2.616665592250533 69.211516595208650 67.907592697424718 14.963436692044208 94.857087687456186 40.101178326086007 88.300150010355622 41.810401063986866 84.532510037431962 22.859422386720251 18.081712862558742 50.190930987422973 61.557074941898790 7.415123216261710 79.242097145759857 40.330422674804858 36.446044072148318 48.474131189659985 29.144593122789185 73.797512695233124 23.346570775718778 24.976671114442894 8.827539006509266 59.304150790737509 93.809765395362632 65.076969984211004 95.292608299736202 79.599607436500435 75.713055604676242 8.815248055100222 70.846617762377178 4.725320899771868 77.919971225989798 36.592066113173537 65.491263999636516 51.373046697412349 73.921023421375224 98.769882560754780 59.992604298885432 5.261576488822673 50.310036207482931 88.381494625906839 41.496148203886463 62.962011587976299 35.639841791770841 83.527557843205784 17.329545548348037 23.634533693934536 19.003978913258535 65.160917323762675 62.710461454102749 97.215218415108168 31.176116483177772 77.691653846478289 84.057938862080476 86.967775406529469 92.155174200549283 41.536998946693551 21.263197299631152 66.385323317440836 40.782848350810482 46.646812419982730 69.300344683412249 88.363075101354710 60.949016730184127 85.821730049260239 31.803339348457715 64.645841848435893 19.107586263708143 40.326821500668274 68.140272446948629 56.590043756871935 87.292829137697012 90.339083152925426 73.894429998631210 11.064637858099925 23.090026398843222 56.306363432971217 29.194808155595741 57.023726348939633 11.237501366803082 31.174512254243648 77.822199528863294 58.403416870299971 4.165921319681665 33.756948151763922 6.257955491209099 40.492443475138906 86.878740251709758 54.112285271084602 63.626756623430559 81.451784049230000 38.583621870946985 67.556315446522788 41.298567850439014 56.638031690508448 41.610828538429956 51.684978176777463 61.189751148403992 32.365722496375994 0.256680956071709 57.891295555311103 87.624678168744182 48.199397178932927 62.433840037562760 10.673374383154721 30.828425201629617 3.181671093968430 31.870151530155521 2.327744889523586 77.146175600298179 52.170021079596850 65.965571210241876 35.802201425763911 37.234603958321301 4.447110124401865 92.034049761552851 9.738951107173477 74.962754101736735 1.513944277607382 94.705855043766903 26.072412378230357 1.569960453387909 88.408714834683209 52.332411234998510 44.515933814710252 31.714432172694185 44.406704785683146 85.502231698780861 30.657769840155979 2.620811900761955 92.891845280436328 18.225061143661669 5.978767857283229 23.140167232864727 19.350735088267569 9.838713853690685 38.477494841070623 5.238200748924515 40.709850404508451 34.438471665072100 66.005477791438523 70.111545313121752 41.677787790419664 61.178001566385539 40.383854244046368 2.708138413047689 49.691015275268825 22.159695775429590 85.609941629309944 14.020385238865451 76.018201831900939 11.597043733093992 98.177642990640820 98.877009057628740 21.176346607989306 26.675570476589005 12.101220943413749 75.009273376886824 48.810485295314109 24.343773572822059 56.763703894953586 90.843098359916965 81.868511338812993 64.770739247879490 25.507439244186159 94.917013728256933 69.334203363263001 40.408819590602164 93.295349053393068 87.925935947495176 18.771409189166665 89.632599389896654 2.966504068503739 61.347286764465139 6.969855335144947 14.254689758693228 16.985115953795027 90.549909886718112
69.127740665332652 17.970543987167964 97.130493146692459 70.987577720689714 15.193688046808818 91.936830227714267 63.525269901419001 63.811461286667416 6.005432814738043 41.451102946093634 51.318925132807017 84.793511609007453 81.597080950205324 56.168231858120841 59.353785514102562 76.413014392582355 26.094992606112498 1.056978162418265 77.798348488266498 11.064102198008808 42.115524692810503 59.485630032184012 26.593778051939555 96.160875396182405 70.709220592375914 85.015041913956040 78.300550492763705 10.104454603158409 95.838125153561279 51.901035224100141 79.146204977376271 37.777911215281712 60.772340718091968 66.223065416038921 25.582794861726221 55.261991678561039 45.116267320809847 27.227322391112484 90.502878364337079 59.431339932062002 94.865759259431371 71.183622828705012 39.987854536534954 63.490614863210460 81.637544117910366 44.108557267495719 8.641612880928662 56.759975490177226 48.948032312900580 23.443589378420860 20.933342555749267 23.320120389812104 22.006345835177974 90.895360611497892 32.291913256337814 36.206714596012276 94.400993593828431 40.959230762463548 36.623123617125522 58.976260290876503 89.097557944634474 80.537585324327168 56.862574003578580 74.662387071854909 86.587182032186590 58.823366686668656 20.476511739416814 69.919203523743462 72.698269559956245 67.331649744955996 6.293780855912557 12.968617924672321 37.594876010708845 16.185164304535029 6.593724428576452 84.953622538549794 68.018421929113799 23.214512518834397 95.987273350345603 63.158880631759772 90.290206570897709 65.246667899581894 85.823925653696918 78.172924386604237 49.371751867432536 72.569715725473387 86.343484625381222 15.955158971158689 49.507654942397451 64.384371791519271 86.327258751785436 77.989431570868405 0.782395442569039 52.320905161855315 93.255242145232302 51.966410465069259 31.885590103066320 55.197886202165336 32.286985915323463 90.900574198079440 86.205486292970818 4.099199748198967 12.412443546092366 85.603789360594519 9.993424529971040 24.834279101653312 62.603000850112920 5.941040610300375 28.344080990863485 50.210063598476509 95.195555413255249 55.499294824599787 96.477235711047825 33.889102506462478 10.801666405982214 68.040376029920850 20.408763954079433 65.483931564308179 58.675567373742211 37.456489462431541 99.997986683879006 19.954681470120683 76.756630251890840 33.814545850821574 81.804201637478130 20.149686935360688 24.094482289741581 54.662954721052202 92.358506810236563 88.259833692714409 15.129545508040909 22.892192756981544 77.036757888491636 73.429006263714484 23.453067484877877 22.465187184857292 22.281484967493636 40.757451170756113 15.532199761152555 91.588846530829102 79.667298347718599 78.306763051595482 85.152160111445284 26.706131692414758 26.353442587841837 92.077785214621883 43.943877746344221 39.937210670509984 77.331514660334506 54.734446992527438 52.335404084307235 70.983093631488032 37.663250145936722 13.145144527974095 15.921160539291556 56.001802060393182 51.132462717228734 19.727333251031588 59.467740046608711 87.621295696422223 93.603989217997835 91.081870589559585 38.822092851091803 62.331110493296414 62.398648836253855 29.013148353031294 31.621920367275070 8.636207023159216 53.844078660516637 55.003690049842561 85.238801031607238 49.142149641764817 68.882025332159742 67.341269484664195 91.677429465761406 11.541782360941443 33.069670241146923 69.658344756221382 37.964542666514156 46.545134755430652 23.969228643645312 31.452082566219286 41.704102062395620 39.361105763282886 83.982459637041146 16.922590838590324 44.400943960805705 84.241079940442233 80.085297598542851 31.555806946471243 72.837523110870436 25.118605631521330 40.855509119027765 77.814679644318346 80.126898650964122 81.243861028895509 60.487832182438062 18.047018123925795 39.296574196475120 11.234996231966266
85.198554390749337 64.753671731284655 83.228756668729915 57.312889393226250 22.680017611702208 65.371145320495387 38.391341479582877 66.798068905643930 13.653280260051027 99.192624979108487 72.329586658432248 48.122409382235176 67.046833003421710 49.732247377579910 90.090801747676323 55.773807181989142 76.322921710185938 55.782403332284836 3.369594707936407 22.128670897127389 60.340717156512255 58.844864493900651 85.316117918318994 39.893127810349561 34.746298282883629 62.279412779292301 41.705221518378089 6.947077262217693 18.423941411620170 78.417757075427076 63.367020492212390 11.313401611257234 52.250813066224666 72.604027150338993 47.265085697669321 15.991088401550602 41.083781032007160 27.536508678544035 94.361867192724262 52.822053905601393 18.328429841458195 96.762478096766884 48.671436101323984 85.625041447845618 96.810461183389890 35.063679750234932 45.484871301935470 27.618051412994980 11.300801066551591 50.070453378653902 37.694508639894778 19.810493329999513 41.581915247385361 12.819755868423123 76.877559017961246 23.641773097951592 1.512678538461276 29.571318329380112 23.411168543265770 44.295038887914338 12.799377774991827 37.639896035239616 61.721656979445939 90.828274547222108 46.017749682142025 55.145683499458777 46.396939215496992 47.337344290388536 55.246154262439340 93.541183634441580 53.927458326043066 23.070423698191235 67.815109956712234 9.155094610175974 18.493307789388957 96.059144405711919 58.786212220727748 77.555247982075443 31.014911915969567 66.237825714519545 54.541397553711882 81.193090031088161 87.576961389626717 60.003965685794128 94.498535020099766 29.532225568369618 46.576678529049488 29.874654868011742 34.940375711364013 84.674187614895658 43.183051504924507 94.897025431232919 28.842988258792047 29.807862325609523 56.721654739396264 1.431175189606615 19.607527554890225 45.415014009224599 40.707038870755220 83.892650704088425 59.756614016097288 37.417922123021576 95.706793338292044 8.680896305700669 23.375844760408416 26.890824628133082 57.515915523329944 55.336668626356435 31.850900122589277 91.954928035644727 43.211570018947278 11.130722543858019 39.162381806733983 4.631521379636860 49.698076743846606 64.393006273261491 20.140220549816412 11.138533544151652 60.249350211729748 91.968954802381504 73.209523681989609 15.215498521880422 96.391758755144323 83.483666348762512 76.840912207121434 22.151605768840543 13.895879525431344 55.706265743327521 35.451946527769081 20.348529706232611 38.029004201155068 6.115766675574830 49.673029092579014 58.213224541402198 60.548227130184884 56.974487747066682 14.321356136972463 22.426245302374305 35.161889231790433 99.061689408404717 70.752309738112757 67.324128528386012 67.909420362911149 26.927111176803365 90.071124919818843 0.830240041200792 62.013168417953722 98.502373937399938 0.915777651186112 17.758836492721986 43.569308766513373 48.435167110597241 87.815934346759747 68.950337858217111 66.455563787423060 34.709817851414250 0.343325430056662 86.634443745156190 39.376310931172199 12.879497121694715 42.736841798019611 61.343067399382477 73.970427130147030 68.591252677191250 52.818704729849308 3.202468118480262 79.015181592330379 75.299132153204980 71.818227422341906 35.512066596638050 22.647873238052330 37.572357990840352 81.663228949013742 64.617128297630060 33.928280030812807 16.773544362752514 69.631593480180143 26.079764698296938 83.610090929808152 57.348214949300015 10.352226131493225 87.289668160406578 61.783978655513813 38.799646248040112 27.555245166648980 90.323320322957784 76.599336416498318 90.252757101387459 84.627543146224681 86.112312400403709 24.327854900014991 37.892410654447040 19.845598974827571 18.640465224778090 72.049369228828610 35.896943618819755 92.816147575122201 28.292586682880049 71.214330804309640 84.676546590617150
69.603809046706729 35.372027338566468 69.194893335379390 82.713618011416145 12.267633221027108 56.499872203222580 44.725319080003523 96.856299945584183 97.360133595027534 62.205096665728590 67.466698596034760 5.892474105678103 32.651580836357219 10.778981667882292 79.605550765865800 38.262557648143215 72.357488198214597 19.227183336301866 26.617020738009423 22.153174868577075 8.286391292013917 12.052785944523070 56.296924701725018 22.452659619528646 42.090202475998865 1.728529781552879 78.624791088531836 62.599555964914884 87.068705166661076 58.417785390940956 9.252100395508601 0.345006008434234 66.648065693387366 24.807272133933012 8.269130976891571 41.365317147365474 6.637031655760040 54.200757788014066 85.653200684670551 93.027476992684683 79.545379602576986 44.556413668121145 39.991514501754381 53.811467499704044 59.174220517424281 24.213104128837003 56.602709162833712 72.483292278830973 53.627225961407589 42.036450798126914 87.117755715129334 44.422344115573296 90.214379893710287 31.132333990605066 96.086457578278242 71.142389074877087 97.262195005566738 92.042243055944155 13.234134207590454 59.115137889180062 29.381835298322223 92.696568388404060 18.975054995550423 0.450568836242637 21.068650875209716 59.295837712338994 9.531571530751181 58.820283096884253 27.645744135824714 95.158835081863799 40.682594275519733 44.329838377363416 99.417311684069659 41.809291527441850 18.914095353569170 80.140018828134728 70.508309093548434 77.129210720544989 85.526112430945759 96.539497119795982 83.168573895422909 42.888184911598046 5.829608789789176 49.328331244310618 2.410611533829909 33.699832440122989 79.118628572573684 28.928402881525507 35.021759094796735 38.408494881476955 29.880684013968551 67.245635607399933 61.162368562613658 34.216352381024606 66.404516918353977 82.080730734909153 42.807609972167782 7.557756182189057 96.188456559317686 79.473567376470683 49.663245488611295 25.854807702359295 87.358567742307542 28.317421629214412 59.477317585543908 86.602972141599082 43.169549909779079 82.973839254155564 41.293982494666935 1.168482633471191 15.429905301091541 55.960145840436681 68.976596756995164 38.916478854240530 97.279523869635483 55.653088404308946 22.316219930059511 73.816886180052904 79.886938868016586 43.111060251994580 43.739209353712070 10.321206430364249 20.612619220399552 31.020169965504397 94.682564674401107 12.304520142390151 85.429771740345188 16.306197030565382 86.594427712147038 0.402026356261598 51.639898012459525 34.584509464776936 54.004487454980612 76.750937993476015 55.507990684150840 80.367582330967963 37.486205511142792 78.224769798574954 55.433668117908610 80.454744863656686 48.057960340016173 88.102891967440968 81.430521004530803 97.829375362972598 92.981123537309486 37.708090177917661 66.815143183487208 98.526993096275021 91.378637828911693 78.649077088209324 75.875805801914723 0.761572233081942 75.455334179348128 18.427999013779782 72.586929239319318 55.535498273091896 2.007754791954297 98.698856233239880 53.420517491639750 34.059024194128874 23.252755696320925 76.455694617812284 10.575499963665857 41.043324070914579 73.290963864034850 96.239695475732830 47.876910007131698 55.636372445227863 19.157484779489621 36.872115740073255 25.609111374193606 59.755848890481090 56.139885122276681 7.856340664027572 20.011248181486106 9.502826675314813 1.558085631490680 32.838901487286954 34.443552802818381 14.331505262469491 47.297763603793911 49.257304705408821 78.643031139638381 20.739314199937240 78.238055852803669 82.411656215656521 89.461197452074742 38.982688328103201 63.469922870723124 49.663970154163970 37.953910161222723 25.000181810773004 64.544026981305933 89.987544663639639 22.130481129037637 73.194898308900150 30.584290855330032 10.716230681009353 52.126760690332965 54.698713917878905
41.392612741270248 37.264004665503890 48.871991836350091 69.077008765411392 24.334136617901358 52.701328044137142 74.436249688070149 8.245781610572521 44.474569223300129 53.577873744458500 38.975589176543643 72.951256759233019 99.553742780340855 63.437267062136037 2.768699634374761 30.103523637488571 98.947122738233446 86.196780009362769 56.312811138839216 87.486838931653864 79.756842427049563 17.346142098785823 20.425559675141404 44.274373675738374 32.628265059701754 58.048415489366313 40.251122343953313 39.881454121641404 86.804061756686338 6.731063007071548 68.699149463758118 99.434996451337540 45.881873580773338 74.328393609963868 6.154283738839672 65.540912534365987 89.514432618004975 13.338227018660787 48.093692665006238 15.991025888936949 67.265367057587966 76.744760503898476 53.569226357047562 92.285644075262738 65.560047500888345 60.867783880869354 6.425357451233483 20.573690378297769 46.732265838305096 53.288705220479336 62.383199358849275 84.563595845311127 57.590940390657799 97.522520392288115 40.740338162503996 25.572682000433964 71.873148705958940 19.489077834633129 10.821341728217737 7.609214361002826 17.984876621465272 99.479848076390098 0.141589611866877 68.742092653669829 59.332101740814615 38.672761109648967 38.643654285790696 39.689280863156618 37.096928324759624 59.847253255748676 88.510820325389119 58.165799056151947 94.519881975106927 19.039368054581551 49.700722279838104 95.280022247933843 32.938191527449966 48.990177150273162 91.065382212328004 4.979644784881021 48.451832750442478 27.866791844928784 40.973561859455145 64.595290314313772 17.549460143932382 37.746509153180696 3.414779527505707 48.219789482326767 90.978032911325542 55.407040001558627 98.586106587171230 9.431729805975685 23.594603482344112 49.730937896463423 82.143717206049629 14.587243401515792 66.242370887975724 49.617747972875314 86.735138658701501 60.920889889399909 63.432232151884129 31.013609163224952 24.013975664612285 78.734965523431626 6.984718944673229 3.249250282183125 49.068824469584371 4.548615260704092 90.494203993143614 35.220220538003900 37.502801540429132 95.289846265987151 6.434441452655038 0.083712249297252 26.295104421770798 51.604464915462181 59.573842509687083 25.925310365356314 64.237052665319993 16.206499805446185 11.972180308640201 12.049894062744714 17.678009914658567 2.931604985895142 31.823091003146530 25.769583490180260 64.914366199311118 31.589672872133214 93.599733438224433 40.595735675640576 4.483647192560292 41.273531266918937 69.011141581740659 70.965890192398732 98.416826555053362 67.405434818737604 64.772445225054582 12.507257163779094 89.716939744881984 45.658450038312317 37.032191435370301 23.197361122141757 51.328824636852829 17.028851666237642 81.579297867919507 64.438975250456323 4.484403947969062 5.508321088179446 12.334859068598192 52.097602236619359 93.934101854670686 15.932856794977823 1.587757116113842 31.343325800773890 97.804625304316005 35.844062721342759 79.219946535160688 9.939223918318184 76.664494813972709 33.995975504606989 59.939621446543612 20.546910961985667 29.934574729078800 52.735517357282468 48.555167236083740 50.960294826639185 20.171189169141023 37.020483484219504 19.656273869271391 82.236593483327724 0.854555556323733 68.623671031317798 98.239647269480429 65.836008949011585 37.178437165511227 49.996087252119068 91.461965873018542 75.261981106846889 23.154254956167119 9.229345964155456 12.503570685031162 90.344539361229010 10.868891160515604 98.599830343653579 25.997471004819594 41.643314189479639 33.345791775044631 11.591905781326972 40.618099977380282 47.405108665345175 53.794460132796665 16.248743079900805 64.105929131485254 13.186354594320093 38.003667105820639 13.765688930930375 86.356121779004368 57.854033066179070 0.932951207332111 69.003925787370306
67.807408638147081 86.157899196689797 70.356030538581521 77.345558878634577 57.110116441827074 90.111645930305414 47.437619651595476 32.526997582317271 66.470207115346199 19.412812764957298 83.379836125296521 20.990779450168397 97.172294662667710 81.765358942190417 23.466122968691614 75.442050324994668 84.166380016505968 10.054904962696797 50.268357788652928 92.004912686300159 22.393178880264621 67.429898603945688 61.588939632269970 90.779867423341429 74.547402906580189 28.321954090095723 41.038290715446088 22.172055739813512 4.127387525934845 75.047090390948952 27.648609523124655 54.375907069508870 71.851303645315696 57.343280041834973 88.545182445258277 83.079706751357890 72.105608255243396 77.619306923939263 55.338925027135957 68.288361973950259 18.764803310463485 17.974334178369766 52.320565630951378 41.114283915481330 36.934138655724439 36.559582816669376 51.640449466152972 77.710625153462004 65.553327083161079 61.773387822861395 34.886552251914523 49.676949078511612 52.285968723425881 97.191256000761683 65.939134732948773 54.519897329535461 6.801217376404622 89.008383278144777 55.311246620082613 17.228035784713047 25.321901714798976 43.854813756877000 9.558531850825148 14.144882622964428 46.668349683466715 73.048070835217345 18.617895675310880 72.191946494907256 87.790914920253343 67.036487036173071 40.422483415468612 33.569457837954495 48.140980518207058 32.765052147940864 3.143241330682289 92.194921578563111 44.388208981689040 99.017960678797110 53.632289101272868 67.019655056228800 75.918109512351279 97.304251679612562 94.158122114246709 7.386285026532091 51.896345775695771 54.957311814049127 88.106492591417791 3.985700625768052 80.296000762040507 13.197192160598071 77.427685696543094 86.813661314616780 68.124344833325026 64.962894899964027 81.190003109731506 34.633022973556749 14.507973809554841 45.367687818272451 88.166564558293601 60.465335832016635 95.204479188703758 98.427329777320651 41.511911705058921 58.485228680036052 48.848396252081741 95.866040072442729 18.871301341435341 26.419122115918203 1.836128550717697 7.534705676205366 54.754387025295401 48.209097073672993 61.809888553816350 22.430346418570359 68.937427603132022 67.153002864607217 15.057901522850592 46.765253307622920 85.659705491953858 2.052360780248130 28.806525943636206 77.440443327606516 70.798004663932886 95.519796932243892 18.377965416086628 13.301599829921361 80.170515713962359 96.417248052258515 53.518586896456185 83.811646033426868 4.161615305529908 87.488651421277112 56.391029004730861 19.659320279732274 19.965400433572743 95.158505496293145 5.619315807229497 38.657132094599845 74.050682418845497 60.691126714002849 45.590548251647888 67.301033356527938 71.290060863867225 60.492552154056611 17.412727667440631 24.552632048618161 60.572979578477913 16.958656477503332 54.601202217200118 53.690154806378168 30.070714937820263 10.714585724514492 40.012300609308667 49.524830393956634 4.007099739986531 46.280082659481778 9.616418096431456 51.283601933206000 93.361853759188477 97.661655171535784 42.046454484262064 66.446451268673897 65.649574941969746 50.267506197860236 86.878740099921274 99.630310040857196 48.033216061571046 71.969261150112303 28.057519467230442 49.267226115448537 54.506768660265067 30.816482490047946 55.852738013383764 9.440233115268759 95.935858632164354 58.978947246457416 42.615254792795845 97.155323080846870 96.021959280805874 64.058936863892384 36.233323869572700 16.000243783650291 17.664205408729138 67.284828084770936 28.848104857760081 19.184410309999766 31.914869879400786 86.111608590600454 58.876104546705854 34.728863524158683 16.822075302434094 32.382090930841997 75.289247367653431 74.379690458460374 22.897694362201392 57.311859721669478 82.419993181117007 23.606238786519953 22.930122109257677 29.065088958733178
46.875107258753232 23.354532095125911 72.349863640798546 13.265091813189711 35.385937813893740 90.928731034466850 22.219773820708632 2.887590037096244 57.219161607152593 11.227117714652479 22.065377673117460 28.355058117949085 48.274473402807317 34.185593579016306 73.706397435377127 58.321813919615984 44.851929937365185 57.649885596872927 30.400159420905879 69.338630491047212 8.221049248152834 77.579320555878155 78.831354764912689 77.421528369687238 41.994117356257888 8.775095716825032 24.794065010915755 64.747451688608990 98.241181098427020 88.096671702869472 38.228224201785665 61.450717124854059 37.611916068918674 2.489143317547227 18.756654450743294 81.621617023951387 61.040257012367491 9.926934046716651 51.613708620629936 31.082778777171537 41.642752431847782 40.491361297809206 77.188077620877692 46.286191570202526 18.503889269698259 72.753383783594145 18.190927612112517 91.016237892697120 92.065742422632326 48.604083130714272 25.293451224570042 35.926181369593976 75.860772730074189 69.774994472389693 64.289986548187329 84.545143687455095 68.679667821935197 58.073766109748114 25.572134752168463 9.162453615290733 2.318256202546110 60.933007818305519 75.518973148685234 22.508936226386624 69.970872968523977 34.466490430635602 99.602295789844504 29.435195045130634 48.581283881102678 54.259273343761691 82.831447544320980 42.688606669741169 75.866117905413645 80.775539799541335 57.975460246154462 13.496574995670951 51.797460542450366 90.291481436778227 1.280474121717023 39.863883522518876 84.238327584826465 82.341825596958074 8.715809421923703 0.507818503189927 67.325464854177781 44.373187622838458 75.701733634670788 24.929604467124189 39.953498924841071 88.978607587433260 20.006874657892880 32.608013259617849 83.702091647419707 84.041924491231185 34.409121698719773 97.645438442529013 21.219913595457697 75.751518387837379 76.264976461044284 40.212132092249298 1.075623611807819 48.253557954657431 29.143776081758833 48.569879471223267 74.223579304186345 20.692117929333630 48.585317970112762 90.734870655980316 92.181626817645295 43.804215680135883 31.316147888396983 30.325349548276058 46.381638258707156 45.866375906287772 4.895439404589441 37.116224715168435 93.965275506235670 19.602602085133235 44.583647126449357 0.784008752293741 29.664823428871479 11.328242062137717 61.335122160653242 74.473724907156509 99.161231902967444 46.977825215432375 70.339698177349078 63.605100130877780 28.221130086687552 10.641996578916956 82.218216841739462 9.400700865702161 12.388703685604941 77.522316701024792 47.504514247381010 26.239319209906508 45.777044369787092 56.903914599930474 78.128544140176700 16.848479220224611 33.665271850856591 21.760678560816025 39.617243113037112 90.686041086525805 24.810525971818542 54.830939998548075 83.225957839739053 6.730170903410126 97.870888988562982 3.243444320628974 71.079307736871883 80.326657252824688 54.136627292063345 77.215956686947166 67.736833699844439 55.383185779712029 54.376249345221616 78.873076673706635 20.180610311255176 95.256050780898818 60.319928946057288 85.079469406645487 52.046580920009113 14.767709672606422 30.937719245900908 2.993316309006022 36.773968895176743 68.005929643757085 40.234487518276815 58.979884558170028 84.728661809085992 66.994235949387416 24.646774572802478 32.570390972193017 0.829727336326203 64.247720962498136 98.098768035971176 82.017411558095091 72.562773469318017 40.952025966323589 73.219574868778054 36.292082980316273 57.450574953767600 32.958654269287315 59.904023749762004 20.195390152673408 91.050046104469715 62.377952425704763 17.207371588922015 8.041456896213784 60.086659229711302 87.752311173983145 87.972412851827784 89.028918958916364 95.286502834465892 22.422665655595885 3.354966593507303 22.111929647601102 80.484270294587944 78.748621836647075
70.735796930683975 10.012957745320561 62.494934350042207 90.745843974012828 34.684862466498970 24.131887261951867 91.977835635125928 73.244026067902951 44.750038540762958 87.984491173170383 32.058384904718153 91.125696542498758 87.134018603961778 88.346631946876144 62.669791022072431 56.407781962310530 47.828641380660983 77.579449447802403 86.480894156034921 13.124571127520767 23.489760570339659 74.796992830489472 4.401468908369910 90.860019638639002 69.950477906564132 52.034656240767319 68.771355791815324 85.299480146630003 50.819458735315237 68.840853809687374 92.150341236429611 61.739797428845236 52.486732853557264 65.387764316275394 37.176784838664190 64.471552950282273 62.834394760943802 8.456975712671611 90.905922973512645 63.226585330759868 21.156675754087850 62.709261227405108 72.655119603068698 94.706432686492718 33.743994879626428 9.385327563278123 38.306206024130915 29.330303663850387 79.612894927417585 77.169148017742799 57.200339267129877 26.986562205733566 61.290661594693987 55.734278711631212 40.038984936628587 84.307893020376696 74.676706669782050 96.660712058209981 98.303145038368143 56.104910719845726 46.540603087592956 22.560405784112469 10.328315541484779 15.495916070782256 53.628994699711541 31.613864607940091 4.016436676409729 69.951751966816659 70.317519361687431 87.867393086970424 60.927520128924392 55.724759212176345 0.310164228665322 26.379849954427183 56.826083521565110 49.253754731131174 81.404173628129428 91.703800503593186 52.169338637027977 19.737714178729494 33.272594809151315 44.178087563295463 20.702544238666189 83.427542489756291 8.051340201523359 78.825619752153742 87.190073702698925 50.999162375520953 78.429360305956337 3.164410232111547 69.864090756739330 54.032485831780242 95.470913891664210 62.672954928894974 29.038316078787219 77.374849272262139 36.066079967915918 14.977504849412105 39.179254517861239 95.583357631531811 29.088082362612088 76.300357172908008 64.667830450452584 23.860347758653823 21.350820881036338 28.662325846650873 23.166916721605844 11.581851248036589 11.838574915769318 50.314643731445670 36.035271387249779 1.840282679352834 99.513129134216612 65.457427824225931 75.153650873378950 38.569056250033718 43.989643594449923 50.720097533309939 25.099200753061822 40.618674779356191 23.832796482927854 73.083924031321246 15.292924085499459 77.559495216819258 1.277406719542484 33.518362587862946 99.287256928701211 22.973806133870156 8.003599125818239 31.380141856577204 25.805577503940135 45.872164920239634 49.466691903268178 20.314395540655973 7.098725054616539 16.838665281028153 45.864724290848557 83.991374856702137 34.635902516287622 0.423674652168082 46.150545479078119 66.790241997432304 66.780649127105036 67.376767205266745 60.473884052706893 26.440487067677420 67.852739313867048 55.218428764473273 1.932621055098815 24.003961994371338 61.688140946075229 3.490854731051130 41.631716635790383 35.596697820023273 61.706490179667561 91.755296017755086 62.770718979446038 77.399924978695395 83.921817872163231 15.924075713649877 1.341810187950088 63.514107932791930 79.106334269800627 20.651500974979907 85.706542103496105 99.958371667410731 93.693127044307190 27.934947974580137 51.625234056277414 29.191845308771246 20.214230754954464 64.144566231216771 42.752596711502342 98.786242499362316 83.465768225578302 5.131413791321515 18.379372495747536 64.721067514611690 36.580878001460192 0.115063606028110 55.026666765876264 96.228981663658615 56.864234020729697 49.547498335996906 19.450136741665702 96.048004771638347 59.670122394937977 42.671015172735338 34.162237421899732 28.700348647756925 23.609274441585292 45.247159411935769 34.297655143971205 65.212016714031378 56.682710690423136 51.347638649227754 35.000219537658950 98.003150643911042 4.437456464196920 36.972635137932762
20.139584715047697 61.129330806991710 32.564030649716514 34.808212904437831 45.666677426212068 36.046387715673056 14.936579178495823 72.698627396916464 69.438655335286981 36.826200799918041 54.744142098163685 86.105248929224231 46.649252781241515 23.120937054360457 88.068603613845013 3.513029192952399 14.413747081846839 1.015558936160321 71.328421062579679 29.025491292401018 20.968717264935833 27.889260955604556 89.855588055522318 6.482613683244331 49.543858856640334 4.143757343745513 29.372043831821582 8.727838245268805 17.421580532526583 76.267693340401181 13.221729397019688 29.469899300210077 1.620157590890570 98.325229056818827 86.749423855965674 9.536516685901187 22.430594021493899 77.217553298189188 5.909289302865240 4.979793952097733 84.088055864568233 55.450736849989035 24.862745333504620 17.352092195143708 86.320657125411287 14.301729192158053 8.905926688376532 40.288870355265971 33.849725981378519 8.936608159212078 91.215486285598843 59.215673985656956 2.532906911889787 71.912866671367340 78.698242722672020 5.258775643582913 26.408669575457623 44.697430143061766 67.644121238823374 2.394243839500754 76.713505010042738 10.256599178701464 16.965348773334810 39.220238826782563 10.798962472155926 83.937724482484981 22.059873222002370 96.640479765966404 2.010569265591100 70.190179970571691 18.079334967940042 82.123632605240317 52.146274255409118 9.877456862662015 11.145639797827311 27.487496063260576 45.588961011094497 47.970977096410707 94.179336521742556 26.066244982778862 2.363765275168539 15.506763909001142 44.790333467751566 24.525731553509566 24.693736125486708 5.784784390108200 84.512734121305058 29.249773810979939 10.004548844745653 55.670412731995555 53.189716867233450 15.250397658220983 12.264224259563161 7.933023697226249 19.570356173367465 29.606383426098080 66.134947670778260 32.397019663120076 12.037403506294542 5.535296704985326 66.320735505400947 96.119102546391019 81.633028591654707 99.055758566315333 80.447415128893212 51.638001079019411 37.846977682388072 19.491122252105477 82.350997774788709 70.960884383040366 13.112175481005195 36.298348356175545 97.007557696839910 42.070515868574134 77.120702188309068 88.785226374291454 77.287957261494185 45.068301856814905 85.985120438113526 24.026138933387820 50.119202368998629 26.562330224576392 88.852382117333462 45.647060541438023 15.819765762164305 93.165874348293414 32.560132212895830 5.379811211628516 87.748052894384202 65.920172368548208 52.262057788025515 85.819642309954446 39.402446709838337 97.803033741423405 47.537755954261442 49.729498743623360 81.781053642737803 50.560832675787758 87.003947682073573 46.778652753450231 3.313102191741213 14.762814722828265 68.267720470204850 45.682481111721870 19.038149570842013 14.185078813878359 65.303099104222611 63.390313974332990 51.895237682149343 51.820882798686107 99.860668779001429 77.540029572077785 83.559588586638185 83.091166851015487 89.081699128237588 28.711646165641504 0.791542693206015 58.249503976227309 46.776978590826261 54.015333053017379 34.365793832219993 90.605357878315758 20.715355691834038 65.258800173653370 76.538937414862502 40.478693457852167 54.064258931541630 59.623204494600643 94.663793212710289 12.962186560848155 65.507949770167343 94.289626137015119 24.367314037093436 2.851156349927786 44.337676217555064 96.258884132359611 20.738290258746762 84.686969644769590 42.478241698925537 31.312640839025562 42.627918409483470 79.931682232488328 25.495563677747146 8.797818219016628 20.932766468081653 45.019762886259187 15.563637553647302 70.286366801375721 43.435312600056974 51.175619764830181 34.001199506674475 16.900617036173394 35.968997348474666 35.385391001667713 99.002050154753505 68.255194240327171 39.909011435217593 11.403271479176325 80.098070643122782 6.294645516020802
97.832462695482789 83.101072473459453 59.418720388938638 93.572320833823710 55.620797148289199 34.565711542222118 27.036429851296418 88.820162180315137 79.047858598821492 32.999224110716860 10.722553632562127 93.354343447324666 80.807779006981804 54.540642442529176 53.410319165488005 65.378332079771994 25.825268564229674 56.166820857307144 77.915940297191739 24.652696658417018 40.542242899903101 35.294996838170924 34.974466715801199 51.939180584544218 31.886828585589953 67.978034161619789 3.096982766881795 14.070286160314415 97.512327496773921 2.312101356901963 1.325101244095594 19.738085315318589 41.558724226156720 53.758250179640257 75.344290301723973 2.711867593689377 87.737617509078333 9.465251854510159 72.316822829021589 42.348130049490408 52.464508818199029 59.532759248053992 27.827327899942546 58.252212085250811 71.942038429438668 89.548365641870191 39.155233837662628 91.754469363628715 95.219503212579454 26.356386511296847 63.819844436049181 3.385326169586522 93.895345357115943 96.025684266145646 91.263288300162287 60.950165603665255 84.635729211209608 55.071416841175434 59.855649892706609 61.172700057848076 69.155181016702358 81.692350065238401 66.173038673436722 13.093006796560925 10.179451269064256 22.861652910864549 89.933677724160916 20.537101989506755 13.608818914013410 52.217970495909228 89.164289067616210 26.155398437492494 64.848189012988456 32.380054626063028 38.644154434835663 43.813482965325200 19.673604527248798 50.441174172764569 33.963821139814762 49.402257597213520 82.626488589846801 39.906304172393504 90.345298285524322 47.576882503928260 2.413549945305415 72.374882470117484 59.357349179252935 39.110629109376390 86.497529095675475 5.113501059084003 14.717289622108453 79.772599532971327 6.904364029850907 79.679578881683071 42.542594320875182 68.540170080209236 65.795936976460794 88.420746429026039 39.622003813808504 44.525586184953546 6.303820732132026 87.075226273742658 51.917411495243847 29.889943059263491 33.678663509267423 58.227887619065946 9.968507108680512 87.228214616817581 81.565809392580775 0.450017942864966 64.229508702748916 55.823662638953806 17.721688676750379 9.489544054095367 52.032777890356840 18.764613771540606 84.961418587112718 8.101446884160978 16.374802170773407 98.465981013930374 83.470122900758767 79.596353074244121 79.380404500918615 41.907763803155753 84.173205080588801 26.416722269438033 88.838675586396505 37.338321434431954 16.971679615021106 22.794090516791023 60.705142563620072 5.246987553332206 83.206674658167628 96.445510041583404 67.771718058047114 21.407072611491195 42.825659847227307 65.030827623988557 48.693809876980623 73.114893158381150 20.194160441472942 53.103664993815883 3.207916572695868 2.955054692787551 13.519587946399813 36.315866536112459 47.163519199498225 8.190901700057596 50.014251205042079 97.047690752679941 24.849827947014237 44.453110327842069 83.485768600111555 40.925421738819310 38.161240708197852 8.221762215596407 72.529915069573846 18.672498183005459 80.205320975025799 69.741661706855794 20.308975378006945 34.744369254718379 5.659277934567120 1.351170080066033 9.474142805024110 58.493872590261041 89.290547121528519 65.075689783013544 96.652650063215845 83.881772532159346 17.288690853138100 76.183775144888770 53.053437943884333 59.443183935951652 65.911992361392862 98.158206227326545 32.578561480556026 61.905185414664423 69.495846064206873 95.628784027402261 62.458358541119154 53.515877774340893 41.155982650307863 70.172287661456522 78.971189884445579 6.127289442657025 22.633490127693999 11.098820402760555 18.361508532184988 12.597679566100094 41.583203082782170 83.354986357756374 92.282749366634121 10.995988722377758 9.142390159914193 51.919493778685322 13.529928208316033 78.334393920375831 16.867449510225896 78.593713124285827
98.532885162828933 72.567564965530579 4.258847638230789 97.555117759616977 96.191255964700147 1.327422913371457 65.595667437887855 62.924525698594813 98.234714387448065 26.841661189450573 77.600496717137332 71.485940594626300 61.353475702411906 94.853920678241749 28.671532131978815 15.375065730928018 24.664224405103440 44.131348226981700 7.280524143639688 14.135447072992823 25.971458122106871 33.563623336501472 2.296805497790411 41.370863944010381 40.651189547896216 36.399166429064259 61.716391965699025 31.903954516658729 37.653700186786445 32.895114346406217 26.327791489939433 71.955694149467178 34.058828533801254 6.127383606238778 59.670521730977875 20.858592846736723 14.174236469162150 12.790263027027093 21.207510237896411 64.061493184803481 67.556906547567380 1.078547869679647 60.295493940574865 49.781559903790018 29.765267582961819 4.845379716739961 45.936085165949301 47.132457537360665 99.396661801171547 20.186087706869127 99.290405135252499 89.078781342207932 99.012248501832715 49.525151812686332 87.501328684376674 20.293004723396457 4.994074955220896 90.058238883230956 66.271452890424470 50.797802137649143 86.163112346528536 76.406701113410008 38.341781253236249 62.990547132947981 88.077704854268575 96.841909752250984 18.433631227142765 81.939145317182493 77.769273877016971 97.192468057925680 73.534425190574566 92.990409889158045 78.878901042634084 95.734820177902975 60.167699091749583 41.641920915698449 42.489147575082463 8.349542065042026 94.361474126821918 86.617828826724704 68.546690504033748 21.161709874142264 51.415595126743071 46.049143989824593 62.372706996752015 81.244795856878270 44.627449113307172 27.009398393812045 97.161377131450408 56.868595736205393 14.722588360229704 49.116469211775225 8.839775479025969 58.523852271080713 88.265139756482299 20.049635486496097 82.535215500143181 90.958890011830491 73.322575171962470 50.119990967365638 70.396617069002460 24.836580749782755 29.702174385742197 8.676747564563158 74.905457257395042 65.910763283125092 2.451106446143037 34.194278592755843 5.119665400638262 80.016731854982666 80.045605930322921 72.046049140144092 4.460615104801380 13.451903109643126 15.407866162406370 9.959915663674323 49.423865152907432 79.142500305919611 49.491881957156245 26.048408100670748 75.084147163028717 2.785919634902623 89.353714412582946 47.586429178879683 91.226877768124695 35.522135973209970 94.844632266590096 0.672943218767741 24.470896726678081 9.878159214729365 29.658363193347380 52.186077973816481 65.940731585370656 52.570838017640433 96.937862055276497 5.085276587379717 47.141883032281697 46.158140956840732 64.553690145907723 10.707641989679006 33.626090439921001 7.598916889179586 94.804486869490461 1.582594378893720 57.050244342666623 83.461117430588487 89.503433285625604 24.405456586879414 21.886914715429018 47.824015154749610 40.540956099094124 65.331828288332161 61.695571617970224 85.241159578519316 44.270292342210062 74.476618487325297 15.265836560044432 71.755200074796704 61.108919004937370 27.862203500295081 20.479681657632842 48.190025590513621 96.355967173125208 99.684922952683806 0.250035999505549 22.603166295193034 19.646266988160477 9.920059666399240 31.279640541241406 52.632611504173830 63.117681946218752 97.608906332109115 49.809640511037145 68.630674788611771 39.680285411721187 47.807760907349262 39.569720512022442 44.930180155632414 68.614592028320970 39.711826993750130 84.961597402200468 64.137126534444150 31.022088947368143 89.971367953261037 24.107013924982645 31.040043772670245 26.102868107002564 28.733124121915942 67.052221031805360 34.782626993262511 53.672340032863332 90.319238985862370 53.972367999825842 32.196778667671630 42.815086654078108 75.967178202489080 22.687166709361119 38.844359478750370 23.378418839820668 62.153365054809406
54.566305777469140 1.469536387634651 32.690473729570179 78.210093794334938 75.431628317030857 86.371519656981420 60.904803830641455 67.067804489197300 57.525523888489438 90.394284200141939 33.032698418039843 10.986335502346167 89.057783996019992 8.397503026078756 70.363354543421522 88.706227404157573 86.329914690609328 44.197886408476975 7.087571706422635 47.295717068955959 42.314707681553124 82.001843139140021 3.402117548419714 75.284939094842954 23.547326019402568 99.915644550813738 36.566061350126134 97.121961129798720 96.315575290942675 54.772720003273811 45.683493812729836 96.850032571498076 18.436740822760157 47.344190457663217 98.928982369314937 56.017685315904686 66.298217663236656 36.482763419767807 29.132751201180373 94.906410681867683 19.412223167581487 43.911447807913952 11.731713069658456 39.808959010526394 24.096323401165165 34.971224524864731 28.414942937383504 97.740272967069046 5.255360750151262 92.908922273876954 43.883500317125893 37.686069297092537 19.376750860634374 74.709704310367812 28.171220727640733 3.931835274491591 79.668572709308421 20.464636802864376 26.371245470049331 98.031867972933910 1.104547394776922 3.637557551856230 4.830635215408218 84.710255358883529 32.956508176009166 45.546911565831252 13.401553266669019 76.575588095562637 99.561004184260568 77.368079024599155 34.427456030430726 27.460564252781726 89.004018103622101 74.653910321705837 10.616009232127787 30.353260945353334 90.463572650646711 92.887884786033965 13.350806762974532 8.412237530176636 53.497705148754683 2.229225202056950 35.755763890112902 68.132237410405367 54.761715955642579 5.200655843057033 88.319186628951996 3.314535337541247 65.169399982145322 93.785584392622951 7.258234406287567 61.046103124440535 46.712243731180450 64.447143368097841 29.627530513475818 40.525559227832339 83.596886527255421 39.557870629633797 99.771747684795201 79.770390470494775 85.192510624126612 7.779583158981341 79.589423578698543 54.593440716170505 30.076338311450314 67.325381613896027 37.836732645109393 80.881552427863468 90.901160184612920 75.919239207080381 91.938680918512176 96.813853502062770 19.494158424013118 34.115639080304540 85.793944030087872 14.801471158315504 43.873177944148047 74.836473185375510 77.454602561289647 12.226387082902001 1.013864388246377 64.141161498116574 54.014815459736241 87.416834083973811 66.421770208548708 57.042691679950877 31.870340079411321 87.464730607742254 50.694451616186520 73.872215856285777 43.399949016083951 87.636480629066966 34.730966565203389 72.509961768584446 79.761761732210516 52.572520227746530 46.972876745176826 47.124718179583645 8.035934196844030 94.853845123266623 28.874477403428291 59.276226598238516 67.637047011047102 14.089398860121094 85.628860579540017 35.308073430542144 20.010063343852270 55.983421466202721 9.276299036692137 99.229793941253476 95.332315731085288 94.251290621644756 20.861235956522194 51.824803223673257 56.958563316492992 49.406562051937996 47.395410328015366 99.641038327148635 69.161377960724820 40.973808891632835 48.061166673619461 70.833677029914114 96.953023245491579 56.961148259948132 46.511151005026143 30.343562658480572 60.486851405248785 58.660856733334320 68.195261435078649 85.187635912122232 70.944317396118080 26.042964829959946 12.380469847077624 73.998039652626503 96.166670141591695 38.700866179094938 54.644001675520457 6.676924948018559 15.986238508617390 70.038454390014593 13.427908660383892 35.922657271975091 32.664663463813561 29.218159674415801 10.632503745130329 98.703097173419238 28.542784742939141 18.298681310964461 54.688078041170499 46.011408993659551 50.306916711448103 24.922809975713122 51.642561117024712 45.835408201148773 90.538368711681301 26.328875098147321 93.423361065876350 95.823000803574104 13.977203970569585 23.825738677506848
97.002141389990413 15.702728939425391 76.737922265232157 84.786978666008551 42.623099995989065 35.277231487222295 53.993719131062221 26.515714339587436 16.677195855674476 26.969592138300726 42.659295057954196 7.270368685075290 2.447096838502272 38.467512400242200 36.256633132079273 23.097644946545426 75.046242884121682 1.966692987486429 13.288216405306752 44.058721297110722 92.754122535124083 30.544400104956381 85.617839435121468 39.383413929406011 33.472583159376534 14.747510056927759 47.131352961467989 47.064724465377353 93.805096988302395 63.129589428122365 29.447076786231065 65.610773081246208 86.509975701797487 72.526587893973556 37.357781583509755 11.764633363648747 76.922535242674854 61.684470444213304 88.153395722585003 10.033398803294846 63.081499920750126 22.684631574558999 7.084875338166762 40.906801779822402 96.243043647991371 98.657564520091228 18.162988427732696 9.200334039628377 87.741024393509633 92.667087129957395 99.005833099296382 64.417922983775071 15.675400284168628 15.851129949055409 21.262403033861009 6.556302050843865 26.682492259619806 79.855596720283998 96.540419876197575 16.177438431436663 26.718094982072994 14.803001235619352 61.666584950238970 2.300657455240462 30.676027205919244 97.343269564097668 28.634621414748839 12.392838848875886 4.887502548132794 62.617095753715169 96.460479557451180 32.385808779709279 11.533538335363858 89.693977989232280 46.843355818978047 28.663090933941927 87.071324086014897 56.907022270296338 14.448859737755694 96.573903233173283 68.878748717245443 2.152570141513543 93.805633297394891 4.890957595878209 20.605861649310885 98.446683948874963 7.518197274682881 2.186917380298425 86.407352365861115 29.456630528690329 71.084877603318688 33.985255336961629 51.262681554116654 88.374514939179477 51.953160693294308 92.332351600905611 93.108143225732093 56.101896276533715 23.932259797626731 86.715573022554210 41.140507397473783 12.884505705264605 94.034442285718299 31.665229557482309 93.004165568008773 26.456355034020273 38.658463675351420 12.238729483658107 5.415407519334936 67.091919161896968 63.890168656627736 3.358230561463171 45.087144985604702 10.816190388904189 83.617273063908499 23.553789165755312 16.770306173507489 22.249577293140042 61.991784335299727 42.381414280413395 47.598226844459560 30.521430365194991 36.568204899250176 68.896927871818932 28.937316933582370 72.334671640229715 91.431325694357582 64.510967048945318 24.299129423117471 91.772624039493905 64.331651074353388 80.750716845842476 89.896729909517674 24.401045665474175 59.482114029168663 37.354695702897715 90.360952985953830 64.710825623376408 78.845318629929849 13.149077331071490 38.031577024870067 18.628701624827404 51.318082114413158 51.463665363020070 65.488590228668926 58.945192278586354 93.450084170039531 68.175429599443518 97.666683248546320 92.359069341883028 6.958178803618519 15.255661286638823 52.572951791983904 31.881146402177929 81.864220383567357 77.793282319899532 94.760643418577686 44.713906036343488 51.624664056110767 79.928127397973626 5.303897353711184 36.930351880744404 55.411685266865952 92.961224821804649 7.165049057978623 10.902684001494622 18.166662788441144 87.297246748198731 56.432199896698357 32.002594956690025 18.886647485555130 70.188746472071685 40.394875858080560 91.011140450230258 2.320920014969230 76.259525971487292 46.826505491169868 51.510500880648905 16.003782767469520 98.645238969354892 27.146986775570348 47.712186338140647 93.220294806466399 52.245831480525680 5.694572242897555 64.763125039024715 71.753819363071273 5.881803832522925 46.429523584784981 14.335352120065469 38.789961717932798 52.804875714806968 22.271885976367635 84.590802510546951 66.389882146942568 81.032810398048596 77.344091685051794 63.495714536838101 55.142638544677389 98.470558715124980
98.069944603775866 66.358045992762101 6.410123398975697 25.024655394543206 71.189083022211292 28.155310820054790 27.580335643451249 49.071739016086312 82.424666891233528 35.782624740211752 92.162670238499544 43.214925221531686 50.400265956704857 86.397613429789033 53.645951006908831 64.325690982618980 93.602949263494892 53.264659013946549 62.530793233239542 93.259875265929011 17.838537425924549 99.854478711712602 73.918581457585830 49.642410269522827 34.578096643992239 91.838803235672984 19.575125700791286 2.429970504493240 66.447026708760646 16.540480920200608 18.998458104645611 46.077671978523028 96.483693343342807 23.385212047769599 85.405701429181732 51.758739794327390 63.014113317656431 22.947570671106210 56.305316592899246 74.423967283651521 42.870649525580703 3.982843001632286 58.895156720464158 12.260195335638436 37.753540378828752 16.678039503251362 78.582425806144172 4.993015889883335 80.750436885365232 71.122883064451273 61.983506092252824 52.559306856133404 65.003205374469530 58.688548332649901 36.836059932504064 75.067849718120115 35.665268598626540 97.664158820895580 92.702599696739483 67.502433886112883 14.897870286876568 8.258720731740809 33.541912535439891 37.113317566223991 23.752726198376685 43.499769830409782 40.446662790161781 23.300740425127842 2.545197145596445 88.371484316270610 4.737966195111842 97.329627737780555 29.309559631540093 0.374512444512043 84.373525926968767 90.002481600983486 75.033426214837803 77.574632110632251 69.070357908646571 64.305973864301933 23.877126605058805 31.338491020741387 89.134825551368479 70.769107122553308 1.449898128372873 1.509778956210162 92.857688833375519 55.911069860691107 34.378567497578594 13.907393430447957 33.600449946929047 37.112407442047513 88.321293271243462 33.029230126382693 99.903401717007142 25.032596476542011 61.248178535245316 87.787841268328066 14.938129738158445 35.680002609421194 2.585010728422488 70.292845271863897 45.152709955473277 67.624872405360605 71.716595256483089 2.174074199286313 92.463360606437050 5.434360316070642 19.882377352017265 98.154690367551154 53.436717470684556 78.730158265770584 26.988922575374652 83.896979850993560 96.301880575242365 7.978873396192776 6.478692675415765 40.586569164134623 85.213911879709698 49.186969412374751 27.407911946474208 46.625649386588641 87.484868592245775 71.932741746343041 28.244301829583730 57.519464394484679 67.178284757902830 34.584466334419751 57.427772920127182 44.032841195654740 24.283492959571205 93.603347162119476 67.878961373318532 3.337981068698359 81.775223828623766 75.010663023871842 27.117563832023784 62.026949453907029 46.497894876155790 83.639852268901791 2.540983737857605 45.605352175307182 46.770023725069287 37.409984932760452 44.873179080612367 54.837095704918681 5.048928963288491 78.181936201633434 7.162402770687947 11.338910643616584 92.864339061406426 72.631389420396332 53.073877567166761 39.418268511682321 48.921128982639672 92.050783120453985 60.680675308131292 29.922160112553641 31.752957088823209 99.615950163011433 93.428843259814954 11.521877258272550 26.489265051403532 41.849571547530871 45.614770445925700 3.148495974265109 62.383721069051660 2.239290645740688 13.485828348764016 14.605516075175217 38.093193772234677 20.892467069351895 23.750320875747011 73.266374913666994 79.521345028357217 20.202821783320591 95.756250753587494 62.447395988612044 1.751797659479692 0.411845997548987 75.245318116947175 40.420473031189005 69.111555852488820 32.334665162075382 53.746698580670227 3.685377304065884 66.507065582953373 77.834695737041599 95.470075654812774 8.969787867053247 60.397884304860824 32.269175559236174 52.929100438143749 73.533924827846477 61.541975356918989 31.560171803882696 91.376813684356733 81.600685969972389 60.079018471201351 16.319934276425542
66.379593248304246 50.804438202945526 88.623077138725861 0.900530425175139 30.419468359078817 53.296226212864219 16.484334715073288 74.684996478689001 70.337728882764821 32.030263824754215 45.050867988185630 23.201340355498658 32.286609496647742 91.114804692101458 61.744613264349624 43.021026651400497 61.919313488376218 38.716826600879287 36.174222191690198 43.963773275909979 72.500991011995026 28.392727423705079 39.852894808239355 88.402202756997468 77.448327603814676 82.497917638745449 52.356367078035234 67.256083233645754 9.076835310200671 46.308163723618698 87.951588358205413 20.311612064128937 93.654276889369726 14.285430908693176 89.552064740029635 62.415307488293827 31.603785429897247 58.312112802081153 22.538689905738607 27.989178708647444 52.882716120568404 89.750770414073159 47.826663912254631 92.824027017960276 95.996670752639645 78.481360724098138 43.405715610685206 40.864666441635258 53.393593635805580 19.749601477548882 44.270360210144077 54.333709057855806 19.594112258397299 37.648536764135997 87.252094962755663 82.808784624750430 72.470589699689853 72.232304288068022 44.968152095326694 24.782392111731156 4.622948676922900 39.348605404064728 73.887991070938980 26.534182235951231 27.144710546664697 38.585855630449714 10.494018845397534 32.203011119798788 87.241566750251465 19.542239636413182 77.367267049629916 3.250698846532618 28.004417194206965 28.029467239864768 14.698830633838455 17.154460532791393 13.676622230228707 50.958363153002104 74.841646376814978 36.962206928113851 40.845870624077662 67.970154736329079 54.986389361962516 1.361403457310517 92.486626497989860 27.102004930630496 26.201496692224680 62.862503307944728 61.232191892614594 78.994759432670236 55.275142538474007 71.019350169530043 20.949093263055552 11.651402105371222 45.586627987279428 1.451395878822104 44.357791014527706 70.349858425695032 53.525012672308428 69.164936422410861 47.104929721929544 37.088481255893143 3.255373713966314 14.445679993585326 33.825827244150595 15.884622369318180 83.894422514817975 30.001411994012670 47.579952529803606 69.075057126000999 67.031454310815349 63.304911653155003 40.003820550045113 35.187437579822344 1.065564799863172 93.726214827993132 38.153251769498695 70.416212899603792 81.299142250317573 6.627048408757553 94.334936094619010 17.218877280899104 82.217731059357178 92.206539319979441 75.715131278870643 22.315895441989532 72.158827789311374 67.104759071709580 7.926936198274037 77.009622639967191 49.740423984876735 30.467911636558220 25.272019595742535 93.277222575845727 79.979940775239257 9.820117113665184 15.033808485418309 9.719941961312351 74.734512879585424 63.135819206184763 55.960184681410261 89.454001685433909 40.397638464675410 18.413836752736902 47.230001771675830 96.926280842027936 74.277203946143345 98.700306686218795 77.369954373141397 29.584908086100626 33.685461354280875 90.920354148949428 16.629319533928623 4.368191786178999 15.994675482784215 71.684741682473231 98.577744923404325 75.669304240112496 52.316384691096772 82.388576211092385 31.611206415878655 54.800296044804028 6.204232478902771 51.817640617513639 72.382278460248202 16.026522531211405 91.488434834905604 2.737014623872025 26.854225653313048 84.944400293894930 71.130707089542398 45.335392669410282 59.758915147723080 9.559166970908517 12.429080437998664 62.156226744991308 1.362848780843584 2.997529973905044 32.528850303218334 58.898381620748140 5.568474949289937 26.462583682266317 40.596631852775168 45.434998951788522 88.550292224816715 71.334733851317992 7.404575156171300 77.947468765704997 54.517727221150224 60.661821443582731 58.326053471374230 43.518862401518497 35.080740017043929 37.319390676237610 78.071329828074553 37.042594989153919 74.631874622934248 17.393064459054031 43.901731502709531 4.223401484456691
7.323588683122962 32.854192304202769 28.657333485807424 3.176414422554596 9.860601169241134 64.204703686150594 27.303946799111976 46.832615900935629 2.205231677883468 0.790770595468593 69.468882192408159 94.826844189341600 78.596599536473619 46.864691740168730 79.055651777918257 48.961857927286587 45.421754171541629 10.462144785045325 9.254622451555628 85.236282879378749 44.075704944911998 15.539321513755489 32.567706703512414 7.914078870114006 23.016376409480443 66.753193768728650 26.018320020094333 22.636609826713727 35.833528017750517 65.056664186305596 4.516948305215673 63.409622939673916 91.545192907067559 61.622282642082915 10.874604001214905 3.057663311269776 9.146598804813621 57.304605644721626 50.109267611726416 64.409971776953029 67.724739632703830 9.475528044857917 22.453375622733162 8.269288103570016 23.641299243111192 91.889770555336767 13.425617448381599 86.609363632148856 99.397177748972581 87.417372736499473 67.401602148802638 86.037134846551041 10.533691626790265 17.231236955289130 88.441242050071452 19.330363385663716 21.767910165724736 34.099831264802006 95.096377878602567 87.084015698327050 92.387866050118092 43.418092946311504 74.234005268598779 59.439396359303331 52.568076173622927 0.790619929000602 35.371140607291608 79.005618961236735 80.868986996183793 26.565017261409306 16.022765183682409 10.716492112764575 55.658817306516653 81.776314950926405 25.868061670870503 38.019091234500337 6.784540779764359 32.443575552894124 16.641992700371098 62.398078270874748 28.446736524748694 86.289960405471859 32.686599076449617 80.051693464591395 29.724686942822419 54.554109847889443 23.864396194259474 20.912644924943535 48.231739037318263 92.293943735764501 17.087319753604103 44.035024087861771 65.429254083347004 19.266257366976490 34.642911305789866 0.104067763953308 76.346800283073250 32.797403596627618 43.811982370033896 16.620626321036212 61.507292071127125 36.205828465947945 22.258953022206953 13.033771446935539 9.921389160538862 75.387783825401726 30.692026310367403 18.473730165639779 9.045597090339829 34.835883920664109 34.384864851816147 28.075035956364079 43.146420135676266 70.575845158479439 64.132615040187261 6.677087417368166 71.476767989533883 62.309299601354859 24.367898816401190 63.513967887939003 26.912537993975860 93.099301221618276 49.082998090382837 95.099718071892070 34.909356039669760 45.176826539741711 0.413213082076280 24.816043143840140 78.169519022843375 75.383926322008065 64.431121045962698 90.639087068236151 28.509459149296546 99.974900071057476 68.559084941399448 11.059815852078126 4.495050985767457 81.710035371605045 42.139677515706218 5.131533141714528 7.177202974239338 86.636380265557648 35.207555814136718 49.481849746172344 95.516603026866719 3.703376438687722 7.813802278115977 8.729094708129882 38.843693372070007 41.388717200074375 49.949620508341766 83.447816204355590 39.174581252531823 54.982493018966295 51.457839294758756 3.138748563323435 22.319646687482340 85.137689259335673 73.029535136548475 74.360726373098942 49.682851223647717 17.068100132572749 68.290844836788324 83.888185092772190 18.815975769465933 63.885388969123682 76.675990919724768 62.898069693810299 10.832588892789596 2.469527524837667 52.799000130659898 48.181953930935173 20.317034131542965 34.158308638589297 53.365868845843757 6.488080159641840 8.114451168781212 16.522070408318246 62.579271171216618 56.154374661610774 92.820258942191856 15.496003017628013 74.884317495734393 28.213473521693011 84.638019671339336 10.048458648852021 95.302865826358499 14.814905758922503 40.630020824516052 76.237977954291821 27.353057296666673 59.358850841077128 99.924562648527413 23.297685823810454 25.025642924684956 79.440053984810689 74.270932109294748 86.736238670190730 12.380705072254273 77.955736720365508
97.442567962105102 38.122198541733077 7.647746729289318 35.658972075100138 16.186238208622893 6.627524401098606 63.922649006857057 98.101187756159419 40.951559728377632 49.868477372065421 67.824993094278099 20.127421616635075 14.513994746873371 71.737081444410606 60.349971799800407 12.791495761019389 73.303790399159794 51.027336922522991 36.007900735912898 12.789959695361542 5.543161215433923 16.115487044274644 52.681621778403645 3.352361327672271 21.796765073249023 53.219148066354308 84.866147800822603 47.877971949366696 64.404082622851405 19.985987762431424 39.949105972439369 54.279978137263541 39.884426334596291 64.234758259898058 41.420557586221307 43.761791983847687 79.379546453006625 28.820495278175951 38.256862520313049 85.860665649449501 1.018958818019455 14.809513681481102 20.688743969587009 53.818909187593924 51.961333502477849 43.206439315018905 56.488418733990308 4.016409406229982 17.204695927491898 8.412417217280865 66.680946762733612 47.948737135964983 59.334508630282066 18.952527868951663 77.964828389500980 96.419665703027803 82.160381202966548 93.751981262934038 29.076336454728381 85.798481732108129 71.632725179527043 30.267762706373503 90.387178315376445 80.923551850784563 87.939417965413099 57.346191195461330 57.682424368082117 68.206929495805170 62.395593512292024 6.407416517606068 16.498213207399726 2.084650113661934 87.226424739121740 33.000058538758125 92.027017975010068 71.656131682780952 65.874129029583401 19.473456142202274 1.168780080653831 94.532084458021842 69.820847539746879 72.334548258058376 47.496498527933070 13.154637737363927 69.546184708810273 78.022549998273703 82.988746496116718 87.493494271342371 11.170136036963152 95.269705743998855 16.239954923595899 60.660720513675912 59.778015040877172 39.834635851748892 89.848255622896517 79.160039820247789 20.231846690299228 83.773209987578525 76.579692172435003 6.032298991789531 65.982250561754512 53.993873970287353 89.428587465647595 12.136960217435011 69.240780878861500 72.089923465984626 25.092001198891754 75.512663228426007 86.674443789092578 98.347566665531730 19.371310493693837 57.787536641603346 59.055828735054348 70.951802335245574 72.351228399023341 16.274942217114763 80.337977663940279 45.555005973393392 44.224684083986951 92.787266908976065 46.250113459578081 49.802262608439584 12.288574848569533 51.705443223667288 15.966532045170501 31.214309780480132 46.061513467795208 88.272697718641808 0.329830533885889 46.139292917225248 44.169670592341582 6.838675820477336 16.435846804944433 3.307343967343745 31.436579806088716 71.698339098708288 37.680047069535682 62.564499180226449 90.936265580787989 82.281801061065337 9.636019060494739 81.889525563550791 36.470347816355456 80.336135613189342 40.186435426512347 24.282726522049192 15.900460763243407 65.544242783915024 13.972128660697091 55.321898084614809 22.379603078226829 60.104347798397619 30.476022954703531 65.642089690723608 48.875820285840298 90.774402740675825 39.012972700945667 34.544227222075051 48.252463277967962 5.884347007290591 47.631606098334423 48.278035357745708 2.202199747671607 51.010955632962862 35.747342474154422 22.830028657990241 72.233563661197380 37.793668900154273 63.179580485601797 88.556340442956795 7.169307515998669 35.878133372022056 99.005487043278961 46.076830713131379 74.938494889074363 56.571108999315392 65.270870344049030 55.193969436850999 89.188869975456569 83.704278534905328 97.377737175399545 44.283507411318880 14.325488287903653 84.510403167493621 18.641825060498952 15.708172938309517 33.973700480889860 2.972619349848116 93.354408494563145 31.654012375284204 70.180284280501610 91.372060646397983 5.681533271525541 54.804259471031656 7.301772689838437 81.865388716220352 36.500203453143918 28.789031742427550 34.535698104439952 47.562515378423079
58.346095862600677 64.406619216304890 64.250666731717260 40.596466924903098 69.258471635923456 55.940778372434529 20.297299239104326 63.000439560111410 78.949066227896409 8.349339921164468 5.251415997313080 78.997152147918698 53.168768348849881 59.161245372798632 70.808164158631484 69.708733637420934 91.718858466868241 72.743852891081403 2.029512974474024 47.020045416122457 79.758963136995703 65.924742252127700 54.315233701345022 25.610332434030635 17.486975888720579 22.317522924766251 85.409717444698458 53.808218577625944 49.578183826274845 57.530156224118087 93.812378067698759 43.810479123080235 30.234108228925283 78.024530432283157 22.506938445246185 24.488884644400045 10.542926270368259 83.439209053228552 85.128945187385412 24.154100493573051 65.513367561854992 88.143847513850361 60.976400781605520 26.809993506967466 92.039223246676613 57.381054685337759 83.320470580747056 18.958151611500984 86.728218334304529 58.627199355970895 11.638631118963117 23.971583549195884 14.103536318642263 7.765079467115854 93.426728925874386 77.211086868572380 87.125665525023336 96.937324746758307 0.557098046582039 79.503882699016742 54.849862746444288 6.245831406463642 20.964488896816125 48.527962321353158 30.752679417464389 27.395215228180646 63.839261475602058 98.417235771455708 4.234263356105428 77.701855142002699 46.012345616535256 0.793113847369520 7.907164786673437 87.621779456140800 74.767874057104251 1.810082557922255 77.124860261241551 35.581279425369715 35.293982642793132 2.627348106406013 47.667937220028911 66.499337533490419 61.853489123656125 92.202892727534575 82.068212659447411 46.309916339850055 54.590856883543147 26.727116769274183 67.050576413926478 83.617617063161077 0.758156411975930 68.368162990684624 95.887373709724102 59.842466699171460 79.636883906125064 33.891763185569680 39.610212749875032 6.389808357369842 17.460601582704349 14.217527207049319 86.931018897591798 40.406696384748194 6.628542706668227 92.946999789108972 31.259369695362349 33.928030691302446 53.641907084500041 56.601081036059810 14.011733206436682 89.373208719361344 51.494356837712999 19.889299567364493 58.424512440357901 8.680185225221916 97.322692509631409 3.115324541752695 34.890362293772512 96.317083979379319 34.448076359563373 29.241510838655195 89.852782003955269 67.262611836126723 75.636953496138574 67.786378355224116 31.103780081458499 84.412191691459753 37.872821231270748 91.321939809316035 87.792185292110261 69.440754146238575 82.587063929129556 53.195209290150956 57.242605995379527 9.608419738258656 53.811280786289913 56.044458404530985 98.828529281213022 19.019583416274578 53.388197479756030 95.406891228684756 44.513317083568282 64.308343572027752 9.264720681481798 89.949458770447066 77.736158790196740 85.130548756288022 36.551880341565557 97.407005715021725 15.419467049774738 75.958770711577671 8.167643851132489 93.816005482147020 36.236338108395557 55.191071096742284 7.105378623794900 84.129785729989379 72.343341761556715 37.546016842748756 2.792571543639255 21.629808780958914 20.416647028779444 64.508677513604056 21.655644049305412 63.373957738965927 15.682694973587507 98.180894135255286 62.314389815341698 1.862212859137391 91.809282605069001 15.310196629249816 58.263488541751826 95.118306243967254 23.064057305705632 55.512898676567190 5.879252173050653 74.571113363603331 1.765209182653993 97.346546446870747 36.790613553045560 58.455385155680325 45.002576690076623 22.539558795237426 88.953754113120880 74.381385976254236 80.289826909127598 95.053237027539083 23.032839309222496 69.156130225908740 28.916114939316728 89.530013361375566 51.265320123612909 11.303183168273435 98.322818427875617 95.949783699887107 50.187784000406978 21.463407091512178 75.272711709765247 73.399216883009075 82.526461923554322 60.542228023141540
51.354404452010883 52.111292091063831 91.185469384481266 11.784791244565762 99.908513217452764 57.816767413337303 65.843043915499749 2.939775753289220 27.846933162320109 0.153232665818270 0.314601160149486 71.050780759323445 22.653706488643621 24.951777432824262 39.313920450613061 69.826514958716942 17.566492978603609 78.502507603051100 24.174375808329430 50.755628980471144 41.836999999614058 47.202109902908084 40.423335930970048 67.761660632735797 13.890448676329392 1.495717918787343 82.112199468921204 69.519694511883500 94.118267468271441 46.120531256968803 29.066225188827833 4.029979099828784 57.283466552957620 25.062687983225985 98.683323630484381 32.934500303628681 11.422821276719485 0.651078010354156 84.020057531902580 50.514350744510494 44.658424915846496 48.874213515930656 85.696417098003351 28.898572672658684 99.908577423403116 61.525511965843570 18.437450515360055 84.616651434883352 43.651770592916904 97.034863647093701 61.498789180395555 4.551257213691351 65.052040981734791 63.617026327740909 9.351325167586333 6.307732848867731 13.693888063063110 65.948288736923018 6.047930778573186 31.165279268741664 96.225275979706709 87.505185953219538 70.934843868028636 30.777719693553806 21.230282353480344 20.176629610836862 28.655110883862534 74.781264604392462 93.570825916906927 82.939315511851433 56.549105139707798 1.023651007185244 37.801567840253945 50.471324892320688 98.677883161456819 81.479966174714860 11.506534350441399 29.341167950642177 9.318321095485615 72.409641377900655 90.252525259066033 51.320949157801621 60.966113354683358 46.970749251095846 56.406099276506097 20.193450979797934 82.853235940513571 76.702427522851607 27.647812162421804 90.431288565080024 49.927672075188077 96.693751555199796 96.792811249158746 0.718991075635533 92.706963423796779 18.505548025024488 64.118383351074172 94.826849379071703 10.352364715119954 19.123618785246656 6.608783493333381 74.701332463445411 59.050255040234333 47.091782389930984 24.984269770517852 46.914087270721637 91.606241960588449 15.942201374983512 28.847253572921861 64.969886011158096 47.452512371835745 0.409439750004781 61.931185033153483 42.865477281864329 82.848729266272485 83.301152019373120 53.383092611405480 92.391644805781354 37.122984448768406 21.033855482254427 95.753994397839406 5.519289633927905 35.518676096991840 67.218898035853869 94.868177143666131 49.326761817782518 93.826732258800604 27.963497841784136 15.310562219876678 81.884323020395399 74.483619246036639 84.597048005267411 4.222196988611637 18.013243618575181 69.933036104014221 30.545395727593071 0.535487043082494 13.041103832778511 42.123074561050423 0.935178995881492 89.543248109268887 60.093712900671257 9.562347618477762 96.634479296276695 88.873601295331923 93.737535258058287 20.404843392094584 35.829304425042842 81.924053307264742 46.340168381716396 86.956747877621595 79.215342611886669 72.150993958896251 66.011856947447100 26.290636579628867 37.126146422897385 42.840945121442864 90.617669267397758 39.291627933588671 52.442040291709638 76.083814763268720 39.608008334196612 52.413731832122409 60.012662453392998 22.035915338771140 50.366258675422330 18.686198260858276 21.060624061553689 48.525862980990212 69.810088171156195 68.405415188825714 96.813318765727956 20.034992184531053 32.642506543238724 53.639816146775388 86.663282975860440 6.387927669803140 51.092625412142127 63.048328250743523 10.006748472238270 8.276765447938805 82.479650550305053 66.398305097858440 20.050504864389730 62.048251025093258 65.233786401915410 34.306558652186816 55.622423489921516 3.120400147828795 96.561822914582208 8.265030362858516 98.734553526554663 54.663253257487177 59.723768927366436 4.996576578590172 43.540572867751237 75.570163469378102 50.012150183839431 83.452863871859378 43.927751941726946
12.986211478521259 12.205467649241154 41.762606787338704 59.633403699084553 23.014758544715342 97.457492221405204 64.365767624045574 48.102088293809345 18.098471933144367 72.784994241098858 70.042532340960946 94.682915597061040 71.020617093142235 18.862928121884405 13.086421407244853 35.142706383074874 11.327551985145480 98.196795771123405 84.024262001786383 25.178764861776372 0.312470823321720 35.157188344764258 69.771937788493105 22.797206367068789 52.446794253716213 14.748276144823036 76.818675785701842 53.932558444775147 49.890209501346249 8.309442582115922 86.166184185574863 15.295241250986003 58.626019328548985 56.446489122521328 16.815759394509801 16.757946892107523 12.425675051626261 76.617291835486853 11.621769800305714 85.258353601726725 54.459102143834279 15.864686879451206 98.735912810767061 50.610327313782136 30.670313743147513 68.827146673514378 49.203551355266896 32.165773989730596 27.999090519227344 98.297551071586881 37.542281667697488 93.970388130270109 38.477150381635724 22.207864095353170 12.119249856846071 90.146183153765506 19.151248982441416 9.501435392947055 28.118036353775555 66.001600702553290 40.804651404065936 52.013097389059382 92.382692866856061 64.703030781570249 58.292254695436959 8.447973322176450 78.054648211719396 96.238247771796665 60.809265788907609 46.178417293714055 84.144243477971131 94.589292165811173 20.006478106508919 10.611653754769822 2.813074173700814 36.550240974778504 22.355667913974187 99.276047651024086 76.289185877785798 29.917334224185844 25.060248509887572 88.897829659119807 86.210440168845608 93.883611288022962 89.863676096827120 10.070078463785636 79.311766991966010 77.797847348350146 43.256386070344035 56.204945883316192 4.832342880454588 99.523397918643312 37.997047852577481 50.470833165419307 12.893004432217637 51.690541886404638 1.645422213108583 23.686290594650394 81.181827593848439 21.325949384091846 45.377807729954114 94.585692470157795 32.240988272140235 10.353563467991522 31.874859080387587 72.745892216054727 49.037619789827943 33.228144717976335 30.837572441662875 90.716784900319553 31.048795878652058 40.856818839365005 44.060270360075329 21.154051744354529 54.981392906147654 32.527692591925664 22.223504043241039 58.817008349356279 81.305530497108734 1.400882201486675 83.772592921300131 55.419027562086441 28.032100262180247 48.104770053597754 96.293945425571209 55.793888847848002 96.477705458339528 95.507776918126424 7.902621491362217 66.978792108696723 22.477597609065512 90.492444080098849 93.928759636721423 53.028229333629270 56.775222857993988 2.596979371330799 70.872208665502285 94.768917799955389 6.282381336716869 69.910644136982526 86.930855417959336 15.340590147740619 4.209303236487494 45.373921756737801 45.423795993112492 1.113711423881414 39.048455877881203 28.480276648930904 67.692643028934711 59.645143912869628 14.776908497045449 19.869192832787231 75.304541475615551 0.150516798872402 82.596204901659235 75.554806920371149 28.130589178899378 29.907061852218387 96.283516975388039 61.858552992540638 30.079489406175920 47.421002328651099 3.696419513520066 81.767775010939374 21.799645983220405 65.955655618690272 36.072527124934396 97.654246389955446 91.617921269877840 77.471967568059014 68.420439013505671 56.932534840897816 11.809588792579639 74.145932936944675 32.278257614656781 83.005561347029229 45.054958760552857 80.859675358997137 53.954510379974096 43.130022953104906 89.171205966673938 28.142907968593978 85.550358588689889 19.356246419918644 85.962935651426193 97.581867641793366 71.541380400727206 62.144215496772283 83.920819781810863 82.613679230847680 28.173184294329779 83.319260397042356 4.375727393267271 34.195298283657181 45.268768319190237 76.361146014977024 61.762404768395172 77.516229649379483 3.111979245947394 25.906897657272310
3.174508793927677 94.515284329229019 62.712377173880185 20.226659905413435 61.241105099982185 65.932204323945669 36.269688674683721 50.060860065941071 58.100090410592074 68.140505896569195 17.146765703826006 50.040826853944019 13.709366766564358 0.460396851490041 35.723350439152966 26.249546960363425 93.075147025603357 79.037757325277255 7.954058660095797 44.349441867895870 78.054468681233047 97.661177334123749 47.679274674264846 51.261323162998721 7.757072177322333 15.777246855751137 86.908422382178756 68.335473022993980 30.054464384919367 90.814467761275239 33.307305301936893 42.440257411525536 23.321507461627313 38.541392273758944 12.273445792522041 68.731711537249069 36.899203032458203 22.873059477298785 94.481095563984994 77.461888031659669 73.242422140714993 58.025238066351037 88.127076480106282 46.651826679282259 46.296895607133862 47.425997266703199 1.398483553379903 39.392491773143824 74.836218143688839 94.270689615782771 42.038481723158739 0.780501466136552 27.396857004770403 27.480898359095519 41.519091613303559 59.336727578657822 67.171282748947277 88.503741756555925 7.265797580638999 0.770649895049713 28.892695063527640 55.474973182210938 27.797395624114795 26.139020350933684 61.963655430907302 84.116762800217913 59.884872406545711 91.881098200998963 83.954196003789548 41.810734735846268 25.913787621425975 71.757430145940944 61.154757456238372 28.834623698667492 28.001689159812294 14.291527024765195 49.424077017703773 86.021102040594286 78.723088307988803 28.360829172348868 67.435004265289606 79.003964274046893 63.721532221837819 78.254016114657347 79.275412858261319 91.301747955036006 93.929806195978088 12.053248016380913 2.513616163178867 97.043327466682896 59.887562362715983 96.189663523128146 54.098733884502380 56.225991112156784 95.689533949673660 8.879619536939998 52.947089530505522 47.758145669232931 40.385278273333881 53.184379762950115 92.582915029835078 33.236737137113202 49.653130764661704 65.676533639172092 42.089279961056789 50.800196563377831 65.471981135145356 68.949264823464290 55.955696303419622 11.564277296385583 67.450531433105951 56.163795573059780 99.628528330321600 98.453109988069002 1.934543122242438 77.000927069050533 94.808023216049307 74.196215278143967 20.444181591141131 86.343293437626016 74.090838546018702 93.459836866419522 8.126754112149770 91.213976374976170 79.345012926433228 48.856942756487619 24.739213422942875 98.534743814909632 19.580570268343511 23.661826637825079 0.030232616020698 32.668189930052151 48.407278103078887 60.171059608553968 7.923540824957065 48.034623263309243 42.505457195608251 69.069726781878884 21.545892985247271 59.247652622092062 68.187216305047187 31.439244093825113 42.719955829350631 35.044582242313361 42.508155772639675 37.002734384266290 77.447110032753557 96.285083766369880 26.631944780339978 4.214145425123794 63.489775025216687 44.071600696656652 38.277090725731874 65.560067975951895 11.477705954466000 64.344847232791878 89.406609172670898 98.390164488669157 33.458094364153204 59.906661532398594 48.013815993457257 92.925938996993025 84.774611687457778 73.457400227101303 25.900842074936904 30.621741820536698 53.605119232509111 40.184706884492186 94.834889586073416 44.852370933244032 42.628449206164063 27.191355903396541 14.382799858571460 55.961021658005215 21.591732555139089 56.618720521073755 9.333996768530795 32.072127730889832 45.097558354284232 29.604822418160449 26.801616753817370 57.649974795295911 9.831911334487220 6.904110424244614 7.817798157082567 67.757602950139557 70.939947907615576 8.106354365884027 65.289416873862081 2.298639923708612 96.279639993477971 23.648854289368625 64.925413271208953 8.752558600194039 79.407591693251462 25.198518860340236 9.475023420464534 96.981862507311874 61.175449986504248 36.304817863570783
47.721364392258415 30.544206557722077 6.292203743565262 51.808879869127900 47.635945389015042 53.617499358813959 63.974198298102657 97.794354830808857 61.890957585899478 36.550220769383188 42.249837006140304 80.201297869421282 33.160691259276085 90.998896662298378 70.521489326343570 75.162001951488151 0.252043942019498 16.645620106709480 64.576368086742519 92.409779878584985 71.657939478357221 37.914572513331180 51.506703934849838 73.678943116059855 31.073484755414469 25.358162855028965 49.328289912160969 52.409018865260705 9.160400601769425 53.380743234928097 65.588991955086072 67.191333848002216 25.192533105154002 79.671222645593659 90.372191620657844 56.137847509384784 97.472767502149253 7.738440434748117 11.111907799356846 86.274543284622041 11.278395457496416 90.423191064389101 9.377877655544387 11.081875711427081 5.101541739509807 45.866218707326297 75.675102181751981 26.861172159409065 91.406853016970189 69.266756398173300 48.033760487453826 26.725597763247176 43.042239924239624 3.654921286190493 44.248875860948225 86.120998725985260 42.282934008225872 58.476499578204646 81.067231903220645 39.309275382335606 58.029517054622424 48.495164575259778 63.932189721269403 89.350728501271973 90.900032072746455 96.482743445239294 2.803794934040871 60.091015813964120 95.079693377964034 1.515648524765678 80.395677259193278 68.188417732430992 82.178189189355336 97.858949294957412 56.443828459924205 39.682363172191295 16.188900437702092 41.339559413143157 42.244233267303841 70.198357718371923 16.887450457153420 46.071801357539691 87.993566955019858 35.305673032489047 50.512398525271706 5.953222107580968 35.457374891310600 78.637215708935813 2.458291884354757 24.021679267377436 95.791565518112151 37.504719304059662 14.883235953758501 71.995760731463704 2.165977677846176 91.769559989374272 53.377714456348315 79.720713424646362 34.669800244478843 71.078594374162677 37.480183179130989 51.375434254139243 0.948854658341691 99.737350254327652 32.046273141758604 12.316068169089300 39.535400972518751 56.814549176460041 25.653535139632066 56.412123716661114 45.313343003623451 29.428886151601276 93.310948921487054 34.245417409960730 29.955577094485243 21.084714806579697 81.825256794537395 50.258840467455848 24.102144439818908 36.915440023589937 48.933091115690132 53.729628543904020 85.132630892829937 26.380956942264554 5.310188713723251 19.844696456705059 34.405953703494916 59.939685299372471 77.064155994658051 42.685665197305170 33.741911946531488 61.468895595276884 32.791771741842815 42.622050309077423 72.056347021400740 7.233552918425024 72.088825351905811 87.817950385009908 88.653712558169502 87.125114896483922 20.530528563463925 45.653914620473834 52.758337226073657 77.160981148554896 57.229177521072195 78.134321950349857 45.123494079686687 92.017008223732915 98.038362976663905 71.465342348451799 58.823284162361922 79.838448633754439 96.353360487683986 18.709863840849415 48.525904775883987 95.962881979175123 76.657766094328466 55.118504335695839 29.281435866198557 26.163170167373838 68.913400415074449 88.374865329245850 74.307876411286472 11.006120356984306 55.389480182183995 71.798326510009517 32.908193213113002 79.430276751883156 45.314718484255977 69.381192812400954 92.574921933247950 56.596641103045584 19.023998849217715 99.503103803749653 6.930109445847910 70.261931378342126 82.732859822084961 91.638680486698760 9.023862874281640 84.692702848139092 88.543635457072867 29.811928325755300 56.960419023477691 40.095379772105112 62.185475475999105 70.266824868751584 50.346892886198880 91.144117451589509 42.396245096836736 92.370073513587442 23.677018069304843 42.387778108858342 61.311454915327460 73.886398381599733 54.339550099092349 14.044584494032254 4.495018505316473 86.236368806931679 42.632757738035579 81.430059578690418
85.550096868721894 58.724526323658651 27.726006712393815 82.722987470456516 95.785278672313240 78.000584491132159 21.395547684441961 35.557670304626001 86.078656304956240 62.680853901321541 55.064220379998183 88.937208136406653 72.181181259632382 55.297644504134837 27.538535110608532 42.371951024745073 96.553037147839888 15.926915824466480 72.057441163472589 29.660121943397165 13.526843548724443 36.972934912695798 30.619449798355536 6.953353897698078 46.472710904913598 54.021173512678843 51.322286680169441 57.778924855582538 78.614790616869684 1.227364735052028 38.609715964139234 26.558610582486629 27.641890441158225 11.681104627323958 28.719608806069896 39.980923667061418 38.568202844379073 37.753380705001717 47.164278067849153 79.227821999604572 50.761580072958992 89.997460754446237 11.173040736319773 21.058007023892156 18.582454838504692 68.860547469827608 69.951190408243050 18.421042774724270 64.546747512990322 70.103911095096890 96.783787107232612 48.368998773251306 25.788904352242568 55.096069655974510 86.883450312063715 4.028023321414198 9.773042190672044 99.234995582404110 75.353347980467660 52.529273876011437 32.539555958247313 27.575162517486163 71.590109625079549 31.738103256934160 52.765782557771978 79.650996448067062 25.686884538769228 58.306670565659005 57.140146707279250 40.806391303031020 99.901459282006172 40.625919726464822 7.705684811123959 15.672211900217381 90.083844076182899 13.548336195830235 58.226648560907769 5.168512241208123 13.015708849536123 8.871126806122231 69.147602050940918 85.914799595573811 41.309065932333425 13.214796568626141 50.962417718843852 97.445811724634112 65.884689966273214 92.319698469418583 45.504130443746661 84.094473897823150 44.799377005505079 37.244257690437941 84.813524381474338 2.696626662403812 91.803192571378389 81.874433376226577 16.053797600961538 0.610002248222208 22.179400899938496 40.988429614808943 37.711894915586399 62.027195353273882 15.370218769219246 1.044950319626270 90.314315016164471 30.866294940996198 45.530955525202231 23.389902580567480 28.335937008576028 19.341584942902390 66.612056290019368 18.605932424949312 40.107354947394391 50.759131296422211 32.234856016280098 55.570236230867856 97.063935250883830 61.569731930524526 7.769728784405217 54.015841316438120 16.090897402050519 51.126969851201743 50.609702560399462 27.639484169604025 81.484837532956902 70.500240745514688 53.676995675145754 8.022253589679684 36.094871088751844 34.354414291013292 75.160722140604747 57.632212072046343 80.606872317490883 24.174425740124960 88.004707885474971 65.828693214543790 61.088738711506316 89.217479191165637 31.943908286097155 19.643605019246269 18.679991336708035 63.612066674217218 35.800623381117660 0.176438145569324 43.309430244291377 44.687327415127378 17.227174428442073 63.888026621356772 25.820665621542993 63.851540980971535 56.540076773874844 39.905241210991370 7.701328187626322 36.334463775233118 73.293800115259018 35.651750510411048 5.471197526090976 89.417513873152146 80.025396332578765 17.999395202870538 77.180914240031029 3.266045887172664 12.111104901721825 3.181170098005104 93.092678412523767 15.606072651021341 50.748105052240156 49.957077925966630 6.014795902577575 49.867173854012535 90.478663709501944 69.999287745394383 66.512084297732144 96.627066310086846 63.208884591902880 48.124648370483492 88.518352071581859 97.138530879466913 43.274894404204467 3.263729719732211 70.254891282295887 41.524366416949853 99.488232679521673 49.274673868781079 79.834902966964989 98.904445850058082 34.389234093334451 7.905590051128164 4.099844420758614 44.352037291246873 80.835706048434574 5.007189406393797 12.205364264714047 18.966592351293365 65.055820598295767 14.864850520468121 11.812664496535952 24.897584557210816 68.244290923294997 28.216277459850492
66.596605336218317 97.755404351848782 47.599179907903164 91.770564773009838 92.869920502405563 57.076700494389534 31.631132656204642 34.708707420616150 50.820777392496240 1.030686998789498 51.586364921207625 39.963815291340090 64.664341860567660 52.351734486407786 52.217334808481077 62.923187168828910 89.464844187010740 86.824223813150894 89.691511275393964 4.174940463365207 3.973458472962699 72.362115173084064 55.528530245272819 8.815145245018542 37.621802587777943 59.811261466164858 27.444489948210570 87.838582312840131 23.239231066975506 16.949363226100022 93.386371402696810 94.221965712792482 65.987116897160874 45.644096104681410 16.996740095209418 30.536800366763138 82.659114400454001 66.547461877296925 77.461251179133015 15.239234172155424 53.276595053330858 18.281573215579549 53.626170136813897 48.706777898117906 28.842609051176517 84.473228115570890 1.450957707459444 54.920068511821704 36.989091220307998 78.333971019482433 35.255740775440337 80.736806011550115 44.399244971157771 90.530563779447604 49.822450875861954 19.504155256462731 31.347077545388878 16.072322426225583 21.636960073844403 30.943230900180186 65.055846102760867 63.237427895532775 77.918638051050195 89.177636156282333 60.057662929159086 99.423789323586945 20.984247317161962 17.998002416352708 45.486832176274760 27.009949558621514 9.122934390698534 10.939136040456853 33.933699667923221 64.265722197772973 98.008589380160075 62.124135960134694 88.992231153342004 39.304570048608554 97.653619292901496 56.786936702282510 36.619753658910028 65.259626367370458 46.518121251372179 8.640789404374727 63.025518388874005 86.699445579506559 73.200226143417524 15.905674966240690 2.826794115642672 26.334357083268600 14.222190207296171 74.905933266425322 78.363479691914279 75.927926342064140 69.961124530180967 20.174321461673863 79.586799747703409 72.883115696856294 23.469718518999038 92.029452452432864 98.533205552581705 90.217432794043489 5.599580504123147 0.516308682567534 24.158351406101996 74.298678759188164 33.428009176782894 30.905669064671994 54.986872594657719 83.272265343017864 5.675317989425710 64.742968596027623 34.864284755292509 55.976965149251775 10.124459115637642 75.626330216008441 8.399204011573380 72.221387568983971 89.034340446467596 44.875447469575747 84.769828919900590 85.057257379413869 72.039963543126532 1.854111730685304 21.839282710628495 99.299566546157578 54.292572367581350 76.743470497164608 37.122370828891114 32.442731519296373 77.044831651591878 37.077409474974921 63.354508508758222 16.670882468054916 27.674800682084776 41.793844381615067 19.723819909672770 68.281334605602837 28.969717398722238 33.922712483621901 79.382335017052725 96.181877892264268 29.213841214198421 3.325083742511059 78.927566651985586 23.180517138963918 7.048464114014285 64.603048214440989 67.931622345928872 53.326890606079871 16.018486675724919 13.681568096637841 14.269568984611736 60.278244445261031 68.304176007485879 45.368522350518738 99.274845281962868 4.627769946356763 41.895098768524321 76.853322862409271 6.039133748705683 74.778067153776803 77.732091684345718 67.957863259981764 86.368640327935012 94.479480360493184 66.387913467525834 81.538739211212487 44.910633543408466 27.481019804403537 6.712187452496776 67.813521115787211 45.962095996424758 87.015256203453973 78.570351444455071 52.117403302309242 29.930995994979426 92.591912154731276 21.365159078921280 69.252662898326562 22.488802412226828 97.433939485256090 70.214533047055028 77.361197071381412 24.365510359944153 17.478473875829227 63.599254852640804 70.404548690710982 67.412214717256489 73.780663801476550 2.985517273299854 79.883207213383045 77.605702705898551 91.478567202847188 74.805337621077939 82.055435694701615 78.631082522706407 61.631187768731266 83.913933680036308 61.106965760195585
97.036629933311843 94.885321365751025 34.699643818874470 56.285168385853368 96.028798013225341 26.103020440198442 43.633031493165156 18.175929482853924 48.182058581668088 3.971758124372105 54.450221706177885 65.500280604824866 71.257783952766701 44.929871704460226 50.006971208615781 89.143825431262201 77.943721346337597 86.658606480285115 45.901661268629958 80.901259799749454 19.363650757375705 1.383443811130980 3.445402830869215 77.724473890692877 93.869961720426090 31.200511327004556 58.030186443957746 68.480593531997116 1.248808119806533 67.990450605422851 72.535213524600422 18.771997430216192 36.580756830592861 92.117082332997654 28.362368413687143 57.696070051623515 67.629725011335850 80.930009261163704 44.385885888971124 83.986992183282823 89.207476687931816 19.120386698097981 21.442046071440725 47.767577075058512 33.308418983759701 87.790148398361112 78.181350169008809 9.021431965851811 22.256025352387489 90.992514394010996 37.627387638234069 40.807400969779231 59.235559450297913 9.784817925862900 75.648184561478146 90.108068577701317 72.813846039432477 47.372136556904934 88.080258754014395 97.997497698120640 82.811614682800354 77.331190151212454 9.923816385849182 84.353464386734316 31.767400226156063 84.795978222339670 4.175204699125290 70.190431988331142 55.369187908072526 76.792345716526981 73.874493826831412 56.491696264300295 76.966418667293240 32.532001682433496 24.542885502077194 48.607598328655243 12.736906574342299 45.467133872009924 98.402766859945160 61.197104737425946 79.868821170600057 90.683525117324649 59.832230138740115 60.422360610793945 51.612296453702754 81.618860090959700 20.010438635647652 75.828166092856293 33.282997374185605 83.739097524520446 10.286336829343279 59.779252385803829 46.863439178742937 44.558971333360788 49.175692391321192 99.517733643109622 40.071611283034912 65.842309482186607 23.417771147136957 66.448669310650715 95.591299062297836 17.180287125400696 20.286640236837027 1.089512089068978 62.718033217764670 87.034670264795238 40.620003193029241 52.251164187498858 60.024908627044880 31.528258908108818 75.174861741334624 78.123408709145593 42.726920997524829 64.894824949171749 57.124766160422588 41.159691990372558 35.168704370313108 71.790753944980665 39.162290970312732 79.294944803262510 95.182517679837574 7.454419361724773 37.078336955694034 43.530555520733763 73.220432429181386 98.965239218749801 50.424722233169831 20.365341120287127 63.362875007387551 79.737399473662364 74.079575169356630 9.198972080713242 4.580787706915368 51.094655880686723 45.125796632714277 59.945662796443536 55.843812206699305 30.481767940044847 72.014224846685778 48.997450924631138 6.715934275110335 8.657478086728121 35.171865920428303 97.333679125054346 65.844039880570733 31.710997544416230 51.810452568121548 99.222949465158521 90.565663260348501 76.553128890057735 7.652445010396914 3.793637880634959 40.064428767846586 12.431773229604969 30.277603006538168 15.278299738310386 0.616242160957536 51.420405632721113 62.262360365071423 12.817342281880306 86.127904868102917 35.686431875866234 57.575093154108906 75.643110509255834 29.089390592896901 85.058714339257719 22.070843106616056 6.516682482438895 9.738399933475206 44.384783907248426 8.904962693141162 0.391058086568830 67.583089465783885 82.102951265853591 17.761007736909740 66.403147252152479 41.356784374310806 71.209659235081389 26.352319927086587 6.409799475759459 38.860084690951503 77.510010648675504 43.058250507810349 2.253175145172848 38.408420138729817 71.351203799628891 81.571932486746306 45.237475329379130 23.469561502230196 13.794350791794708 7.348508060509806 43.561058373586924 79.715987117482129 64.535648334108615 99.818015984030964 67.848459502838324 98.093039517663115 15.106760233748828 0.429191478276214 17.869672201168363
6.506658092587703 45.541037590962844 93.114453233240326 81.784472556147890 40.978332647529356 31.118362116922714 79.400022529745797 46.596723753955892 5.311943610773273 1.558652497433066 84.779957863644057 53.359541217580755 20.391196873095353 35.627288862844786 35.234428102193640 18.244403469113944 20.473563708074305 59.791242046648250 92.753306110657462 50.301475198953447 47.529957714347759 52.643747881346250 12.185909349188417 85.414117575639125 5.277695039962460 43.265210297877829 59.674929874615025 91.106214670938897 15.055020651741346 94.373084631813924 14.208920401554625 66.323944870108448 20.520150707256402 15.595519557116088 99.048675636780430 83.390534727060384 46.758436961244513 0.419541952695124 54.158343480017294 98.146792103137912 86.823157463195102 15.618518770628819 70.346131685356156 60.306931883860372 15.198581499784714 34.248702157361585 71.358551159652791 12.010877626308414 78.590067019171912 93.338984406566880 78.389329306059707 43.803558979842052 61.848699709961110 17.094865435612782 14.967377125073556 18.170769220081574 85.757814963564229 22.544801649135970 40.884148716887495 16.307476790932640 2.862164394185551 53.118617147552349 18.475713874429257 41.425204373627309 44.888101468030129 85.485194722001495 78.271502545443411 55.162143324729925 74.006339267936440 43.613601408744294 44.637496805291697 88.113012099387518 21.913316856774323 23.421273971374244 81.307117699995473 50.553165966326993 27.401413333209423 67.393735315300674 48.176175608913951 49.536697391390497 96.843068849771015 97.828122105082656 2.930792566783791 32.467904356036023 97.675107971075775 32.041403377641672 11.031955449594744 82.808406557591766 99.521402803245977 83.531285319507276 74.569743730851442 28.816301713439973 9.377912923088626 61.434927213403022 39.846203115400002 80.117766632137688 93.492905694594697 12.208276925084082 72.301030249952944 60.005483719166122 0.853242058378667 42.971526956265762 51.007026833588718 54.468593548158196 92.471903165870572 3.456966683855545 9.508565181852690 33.908923349652738 63.872221232957436 70.857085451120355 49.687550197801130 92.787303167573725 82.398885695220514 76.276441612317825 37.826713814992509 85.514269699002995 13.021284286568024 71.044866696269366 82.207709055293350 74.599875791365307 73.783859104149059 96.584650750862565 84.241825708552824 72.699038259873291 21.988445080430139 71.416461830389167 25.164118984319238 8.400850142036253 11.120171292766290 27.915998029746124 40.689369005422151 66.351294652275641 76.323897694539767 40.649860992430106 76.206056694660177 49.638684737970976 31.023271835864918 34.481245697098117 78.872323951701063 44.793615848229230 94.297630712112777 94.567815670596673 99.793164911645022 22.886265258707660 78.411757444590251 41.892811191473896 54.829535606117616 6.700922350406014 47.212022985002818 0.925898386576829 76.049043152181795 4.277481382166293 87.903107752872415 95.453686571309063 70.420304987990818 40.609185200734700 13.778635825463548 38.139881858389302 78.380742283206047 3.540596384960537 11.685164327986620 81.256053242579497 76.699463125311397 28.104369999285396 50.884385003952069 29.391571511296387 80.082236380997401 50.393927266303528 87.839885111136141 85.038451765164808 13.678762497162911 8.395033556301446 65.224248707671890 24.699426152261250 78.270857545958236 90.520622615318501 43.084240863093392 37.493336773262939 49.749780822913550 1.932501522195373 70.681117499115217 42.825280042481637 89.962003899355395 12.970908416067351 3.643490035381314 50.333534803013556 5.557256890094775 70.259499766816717 8.619394237751932 99.993386312645043 84.831248540947868 39.946649382124512 91.890154054216737 62.047860527691256 39.500302791709807 8.760736319139484 16.234098702825261 99.675267874345124 50.778250700986227 74.887196218614505
72.288314038144662 17.149301096444425 38.399034982710802 0.238069811846220 0.142858823457226 63.095511885060851 75.810814050721959 49.171730769894182 75.966464607474862 34.664740064705398 54.441240168628688 71.087285483958880 38.169850503193736 70.828106349492259 76.484318199200899 91.796654924562120 43.697223229935375 2.044380825861480 54.188884522062665 39.610643260048484 53.348766601495342 81.320701157217897 93.799294018476999 21.926151581882991 46.985977959025824 22.940301703197331 19.373541017288719 86.686750227766979 52.292766055632889 87.989902555289817 48.391456966321869 43.625619747416401 25.092228152542575 95.300227078387550 58.724523211657377 89.745788437818234 84.425399487395694 17.936723000523280 4.785722202759590 28.709278595394096 37.696789778740559 4.846831070001379 63.253490522072063 65.194612958905410 32.903266648162663 49.152370463975139 53.591682061050371 17.851808247462198 99.509757126005667 70.718058295851463 99.364934646343841 61.406600835795302 99.604941462744804 22.144354918398147 89.729388728164295 87.821601377668273 95.703915530359197 72.703073151292045 87.985861073482539 50.106410872341492 41.623438329696363 46.642986187832449 19.261751741800005 53.636755447621752 35.870968020372686 74.667693695885660 29.919836938421785 36.773840975095673 64.790311097879311 49.710630905526251 17.193128272193313 88.981130373111881 40.041406170308370 59.505184354449405 43.747364001888180 43.427974420283789 8.637330195664983 68.733340489985409 98.003740028126572 5.897716219189386 0.345672170279465 82.080504934474305 38.159718726553791 16.383573827906449 93.215701364754807 64.353683639153601 37.640174729929690 6.868219050988467 92.227672273940868 39.406919642444329 13.876626934616997 93.132229579331010 9.808948935099925 42.159276552834569 64.361645294327701 39.749557079784736 19.944479928489134 35.758692747463492 54.607422037524302 41.424534074121809 90.525934383452039 51.053482246881067 6.092162927704181 27.539554642587703 29.185457715093833 10.599395642935239 80.120133284117387 48.361911357908660 42.908583261459064 52.915187252271544 54.192173097165629 22.675088683584566 75.067976116989470 85.467447635944396 90.004094827568821 60.401341853469695 25.620937756686590 88.195367129216081 91.250816562932542 75.563865274674640 49.536800991431321 6.972971497331459 42.943617099514917 62.256988782938990 33.848391622764026 47.731006409492949 17.274891641304080 4.266679962573816 48.769478079022264 26.949311896870785 18.352368248647576 35.099830082880423 16.689006698629782 28.642705615611185 6.876624876458282 32.638617147785162 34.906954463805349 47.696675779139966 27.482917091983204 56.521657466055153 54.302275358144477 85.537780821682205 67.179282898317410 46.775111656323986 82.495404151901980 68.748667571754950 40.063294178282639 72.113954363192079 94.121269452528907 51.188223916780764 35.047916049490865 61.524348511661799 58.291378646275319 27.163751657006586 40.754469864901807 44.570153099391106 7.226739333818721 73.251548791942909 59.478307853522303 18.327486956751660 14.787970190450050 32.308520280871221 8.416872332435887 45.689993951803451 50.448591848495418 54.507758390509785 72.692916369167008 72.879072444773584 62.134219620603560 17.916113675270140 90.319931720393541 18.671690244347083 64.421397231416464 15.825716111088628 69.468506086182487 89.399031661295993 35.666272053854776 94.133984392246688 61.919830255783005 13.460883256931133 34.866337073074106 89.257374846692215 26.299031131426787 91.941006096400230 29.955178275023474 65.027139625063995 23.111313412251921 39.971169970226470 59.130418327086353 88.581393762527512 35.892737748817318 37.983860938321193 64.946372900801435 51.501939449001725 25.335696790393271 91.045455096838339 14.062870542114691 59.597906958469714 59.270148526745238 87.318388005440255
47.907003369161885 29.797444086001647 8.174867014521359 63.244292903233557 84.080560734951675 35.303330287068576 36.337245300112144 56.239019010256861 25.410265665279276 72.025257530485263 68.100696071252884 71.428231151520507 34.497642106492087 51.876497926619493 98.363661824661946 0.728806120778669 87.732273493057249 28.987010253253743 17.666677339009297 80.158376349805565 19.060047464587939 60.411006294272127 30.513608366713264 37.487205557127922 26.092289275614032 88.668314406978951 77.845882920343385 15.208318927923891 52.727023721970312 54.645547352068427 60.780763929945849 42.712630650514058 37.055598030704751 4.346193525099062 1.564286514130553 6.273177854075040 45.976843058326885 13.867203967800890 74.841353152975984 1.209928875163702 37.222229490882206 9.120876677926937 42.966689392215706 92.790223899369664 38.561870416316467 95.417922756194457 33.461501709749633 65.634943546559327 62.571585764327544 61.263973690630046 58.996925298793201 65.608716389117546 62.420840260537268 7.227865479200513 49.019193337056031 91.947073491718484 99.822442801284765 28.288974418317125 2.145405344314155 49.742509306410163 23.597721726378339 57.185775528961088 96.726987192085417 18.296382457357609 71.951324182122249 10.474960715399394 75.368109384236632 64.905667835146602 43.052564509038845 87.519445807477965 28.692780919359684 35.278732272867842 10.751458294774796 24.806104928845674 45.695381128843238 74.298209891537255 63.985689152781568 62.866070723439137 40.022310941447756 66.953822563556287 65.163879898481284 89.853772313633357 61.814781496326077 2.646948922497261 11.649917160856404 0.095299868772847 16.928453295902834 98.112849166920725 70.218599816503357 47.346467703570816 48.223239114532909 94.299656917675435 87.421150308271933 47.998920459235585 29.314805146298404 80.811436228219478 41.575303562313422 82.478880673867536 72.317698542241942 9.977378232582035 66.018428109776622 17.405792541053422 53.859418427158566 49.029732085335787 34.832288744396777 92.788105841551101 90.755907166476320 87.297544599639522 96.154741987329444 31.462247664676358 80.260782341482738 21.228250946075789 55.128946080791216 40.869229608362268 15.361174234444054 90.636216880994041 48.310001253531411 37.354010964706262 80.565354461783073 61.642988339986296 43.211030393535985 36.182293341685742 52.472758032164414 43.128444512120126 73.073024937066151 1.528014614342632 10.070325690408078 84.242519550862283 90.309067542800818 59.920506889364631 1.371043227090718 50.538587659646893 27.915020046221439 20.755566963824322 94.764195077938766 77.421356988032613 0.656300120868059 56.836549108833246 81.098907109580594 18.242847253838612 74.888343951385778 89.003485447122600 33.446267746860158 25.932869939495220 93.003434639952957 61.606640349404216 13.687442744515243 63.474863769391689 38.431924280411764 84.430142686947491 99.054720824179711 94.319572601273578 41.821812167460649 28.817614167377702 86.349094999306075 42.614433365151591 90.405558439504304 10.889864703986873 68.152260244461644 67.819988062414595 53.405822959122553 56.404575255414876 89.102980886005810 16.284572803080987 70.867021882535681 60.668605180909942 97.487529224291833 82.280704200229209 48.535084952200968 57.569683642103577 79.926453145131717 73.423653666514923 99.683398175930208 69.730944165765521 75.559667140872193 80.905144287639942 16.301728879531076 92.318409972712985 5.645501057304259 84.070117251677132 11.952406737281541 32.438028566549569 40.446645664725445 73.825643669598477 71.774111680722157 89.443161182564339 93.833415689289936 46.720005966892373 96.980030596594816 0.269769541732767 42.777307029239900 14.808005473187457 8.691929675649979 53.080681676569462 30.017069109532514 7.368307911462102 29.194629059912792 56.796155311675037 10.737744770525204 48.260061273282965
75.413168253720684 99.469983261968281 48.302569531011819 12.188601307223013 73.596990019864577 53.150149653946997 2.192816079762161 76.614729886076773 42.233958966746407 46.874852343372943 10.161410200982502 89.216036370552160 21.534440842347458 69.029118726333323 49.216195359541494 69.610981090348119 17.492755960915474 13.678522553354533 11.892368792872999 60.951022368009525 62.854810005156544 11.536465642319849 90.515942603035825 41.640740967301745 71.171831202068276 94.589235104374183 26.464209856608168 47.160585846453159 58.089492239212412 0.800023294823471 68.119426149095219 32.811721139762042 71.801815081714381 63.755900888085449 11.858839080492311 27.185387416316342 11.886914610244482 33.615997977825110 20.511102930063409 98.750812927928550 58.798568853665145 65.138911893303799 97.369261983105972 66.252408063165561 93.004857108214196 94.109235908099947 2.790201438829243 88.790457662398794 22.342780886776648 27.936712081624226 14.006587519541824 41.032123454776759 5.161777852232041 55.590362590526745 99.484680546615238 19.292550881474547 30.008824108804532 3.866281138334160 40.947451393670597 24.864512246357961 67.921638448458168 50.308775037874895 99.622495458728309 50.384934743051971 31.292281819907330 27.334512715937898 18.831823922307745 58.468485521673422 36.490602018290062 34.834440889998611 67.682784376860283 67.829769161030100 57.562090571189714 74.217805996982577 69.897170200997863 96.587998103326242 22.608201621927250 23.846500262797431 83.323771378377330 80.135063153052300 97.863813579010341 50.126534859776804 39.563480636786373 48.390550134762243 30.524116464655158 39.133614289626117 92.790180724603232 25.800288091818057 37.913942229946088 38.913509131012916 65.582841600330838 19.710975236148197 24.173629980322119 63.295012113532522 51.022244804504837 31.735858022109653 27.076489224508371 79.192168085780324 50.406772786563472 64.967029670352844 26.175288322001279 7.287699863477092 56.295050961621349 21.622255006917001 74.181477308555003 83.326829586199779 30.525558318649125 7.678125137353842 89.517844677138044 71.151156423615532 18.898204312420962 81.573654274259923 0.127670524877144 17.386916503988726 48.398731875902570 92.712419639955016 95.134288172335999 71.816285418098985 28.747938424410769 41.640193604132193 55.979623502611709 10.964756255077035 63.658250369255178 64.876483936255980 39.973934645682199 51.007612741340850 93.186758899888702 52.654448222269480 53.277382491223349 9.588308115135158 92.356314800462769 61.947388432155307 30.172759900898772 70.734477486534843 26.689125531742498 91.626004425387592 75.252639301969680 24.219243128310630 26.459232495499418 82.082607283855680 5.319912587177988 55.088132927242441 31.189392673293813 71.971403578974218 80.355999438815857 5.058023651836264 94.437088181225690 89.435440448444311 94.977255400954192 73.934061774620190 21.367650866828157 63.736028046137918 4.540960446050213 91.150365569617236 21.377006181554524 44.948452099933945 58.650978490851088 43.725615308284368 8.192527434981578 54.200903038538009 18.855652068194129 5.083327819948503 4.128766152428510 58.136450513963652 77.087858559622447 29.252301454168371 91.622912505284887 17.603046639519992 66.398844352361436 33.521740902764620 57.628315614894419 56.580362050930411 7.190024658963290 14.085062423346240 82.062469509320323 51.838824512815677 37.565169773302365 94.216362352714782 83.615686754664935 38.717145005370980 64.266207874659202 32.986413266422211 70.758691176613610 70.019257172828958 52.859158526703766 48.568822558183022 40.861124618744860 28.789263486789331 38.428461912561005 79.152241252300740 84.134922749952011 90.984395173835935 38.461328062000668 29.018669282863051 29.002728953251900 13.609536669937617 63.603266775603053 7.184710562094365 75.827112992165596 37.017132226942486
30.461269283190195 17.499477452013814 15.440875081328665 61.679962396281162 62.354610123581502 89.498781112447830 86.504073274022147 27.749431924070066 0.594990116239102 33.792550896707596 38.309358516957118 36.575240026610025 17.229348536161957 14.448591670483523 27.642282450646004 6.364684110778795 53.677437826003526 2.709905669631896 46.497413098633579 66.479332972350619 94.663430466382664 24.247664134187076 99.656015218625157 38.843326760480082 8.433904259024816 28.484524990075887 10.119954919699460 64.896606776684493 77.948678024548130 61.775496635571834 88.669287728782706 67.883839648940224 35.102754955819137 56.073076852992365 1.495599883927456 55.378710949275259 4.229382075712007 50.416832341876372 44.853727142144869 42.727772943382135 45.213981720650274 22.839086747049329 51.420001412885576 29.467366954009723 93.856002829803359 9.786765190808378 62.960044127825356 66.124698419644730 6.561302517840706 75.206606621751874 86.796203312364369 70.306122505068402 49.137490594227998 21.746393303168642 95.502888534770037 29.756387556874586 30.928244553874439 3.429659018638720 7.918649544071011 53.055748917914102 42.362174003850953 67.765740232005726 93.022467612610683 50.545878014727222 9.550517028259598 50.907762515883661 44.403986627745859 69.055051049626115 76.268670874980941 9.165918865046097 39.596663014008982 36.645430545438430 3.832879870441597 77.665870144157296 44.647603828127366 23.053447814526294 31.015750872383819 65.819813699392213 27.358966476459390 22.522610560928491 97.541575257582267 76.374882169438123 49.348750630877923 56.627108821116224 0.786179077182281 8.294753594079152 93.938147990325149 79.504144320724478 96.851365803444040 82.399411568867649 90.514798086150606 1.193365879841424 46.196307078628251 0.101772868362826 5.045996188063451 57.583593282350833 0.528784376758784 69.649947770179992 70.528957711194977 85.711827293736150 9.376949833905602 71.947414686603267 34.802419538278720 31.487226754165732 48.937790326524066 75.132818927291211 23.071594460820812 35.913232678423434 92.458771748288655 78.776575999513753 4.017978736689798 62.399528328916396 50.322012229788051 60.428831648908876 73.649743027108698 32.529876823146111 58.371123794356073 59.934326479733343 79.718721893289796 70.141161360397547 65.902223118393337 95.547655426380032 55.809003404383276 56.353304557755770 40.532012187073285 90.664986029745023 34.062568589019634 55.657859400516031 27.122523694808230 59.961235014515168 15.286011697075509 14.513473477216721 54.834553078998859 95.983573123701277 75.864172187708604 74.644268113374906 87.386143997606069 42.211529858179119 88.472599818888156 21.561981983562152 80.298524217138464 11.765739527544007 5.753082424774503 31.911902421609561 88.458134005332781 50.090636946462439 13.976959510967212 39.500089640049318 50.919854962226260 47.491663700514685 94.138594070256886 7.969238433580239 19.805570769245804 14.015898004506255 21.016884713706929 45.608391649610923 57.745652715817130 29.399693473532651 65.303453266468225 66.876717127621518 74.259957971310826 84.541873938946424 81.652996835989867 48.332309107865370 39.191101408640996 1.624255552588794 83.769624351053025 92.704155135138862 36.997875071363396 39.545039901453215 66.224853276739807 34.543148498687735 26.030259423059555 52.885621781343453 60.559474316046305 0.833699525152320 73.828797106957225 27.643085003541479 51.256698497505759 33.162936935709396 71.473475629728426 40.987065399876940 59.568150824163403 30.243930858522372 54.442744288482373 48.494073746137744 70.313368523966247 8.161711160910190 30.093681152424601 29.890843764145092 21.048671594267088 22.314711894984850 42.069834481384447 57.132188233159994 30.776200939333421 2.240860819442769 28.155510624540124 24.729584486693625 89.703346630016966 27.607531088424153
95.532748956370952 55.520369144050207 32.877514395956055 42.758781032526208 31.300719474873340 69.440334835379616 20.816241518091104 98.384579438046089 55.309698494783973 76.640584824081827 81.949131141618167 10.561106196951886 86.085524045449375 89.510947917671572 21.611469097558810 70.994713166954398 98.302403991981407 6.095212105668546 45.084461382797905 37.431762879976304 47.026259287973971 57.247933375780178 99.768714682560329 66.638641664647153 77.071725615012980 26.740259486167496 40.387311689624305 19.548083387755078 36.340687551702125 67.067355244001106 79.016010265272982 44.467422697088409 40.721197182838374 7.549661501098692 64.726083217931702 50.705369154576871 57.824022471143813 65.194319921115991 59.399016253314407 90.839440391243272 48.607203220704534 69.947433744239746 97.351660456223797 78.415765034729674 59.888829923939191 90.147657869309455 48.209682746754602 60.212771901968473 67.449445688605962 84.498769785781917 70.077626398321769 99.532887388821706 78.423465449890060 25.145915919940354 26.249767186021867 76.725882472117206 55.961122148651199 30.582329217192019 62.217469534752482 40.033531374139905 78.900976600302471 92.408117606394555 55.379990954791822 25.538914595964933 27.917876667292298 29.713255805511473 67.854133626597786 85.281697282061259 44.234509426844483 66.297209257817428 81.694739653508080 7.646795598875434 16.714427747280205 87.184818926545091 40.006774180711616 47.003700537988024 47.981949924276790 61.328959760566107 88.396485607803669 8.602683035512593 16.041046315277761 62.411924697165354 75.555902004357193 68.390787730668094 86.481663634388028 31.974771785469137 11.553350419029695 91.662780652665688 74.456502178764438 67.944170107502273 62.920161155667785 45.600714575066235 81.852027146820546 56.180105636100343 54.524228951456045 42.302489240884519 1.078150763993557 31.302148143665743 13.823580897515498 5.852677710574572 60.145108340825800 73.255110303566170 54.539987328377492 34.551047913161611 28.472878276987689 24.849824484013961 66.318849563692467 86.566799224060290 66.238865239017173 88.500982330616722 4.233570731665203 10.619981102620557 32.528592457105255 69.206845175232260 56.096456777923919 79.199992932836921 76.878933790508654 46.623633944765572 58.404554973368604 11.152033205649003 39.314137160663229 9.851266412414939 68.388846882113910 86.864235508561549 78.733949662739491 14.858086062300735 72.836837621100230 35.810835972182261 37.397753058781227 44.317121108122372 44.668045800940263 10.377324551907630 96.080055063068343 45.427830518472810 38.424023937326346 74.740317478994470 4.617225370174960 98.375399400994326 51.010082517726673 9.139903928541383 45.967206433112764 7.710229538415724 28.790077577760275 82.810882395335327 44.997314014043646 96.254783347638465 7.162089135768534 34.488730650961500 85.315722695030843 97.741705699397414 88.304509928389024 39.693439252026863 98.370761338185787 32.659710175883447 80.022463051457237 69.689775122447074 73.288548767989013 71.265801308976677 60.392524797016087 83.144851906051201 71.658371391681129 74.122572439007527 69.572013051607783 37.221140680317475 40.942632718230918 61.052953404740904 49.974234334983770 7.309982748099775 12.745257888925032 80.393590817916845 61.945788622233486 75.830153192237120 64.059360102122255 58.523014297641609 55.121888843025800 79.289384301024739 78.793558712369901 38.847618468172861 79.302119367288796 0.115714838430625 49.928311434009764 94.174629784081461 29.358067824451229 21.887771115437914 5.248476757160859 0.479515095158523 4.263561035668029 63.085575381422210 1.160881004466674 46.813454198727747 25.898077637474557 88.345833473250295 5.803736693456340 8.337098057483615 94.995845329421670 87.732907338811771 30.738619895167961 66.028795312849581 92.491097360102074 29.602121882731947
9.882468621981955 34.689766586298930 99.119004212801869 1.831143488508979 33.162334707787721 52.795911505088810 92.690818193066633 61.662640314612581 99.844347557143379 62.972502994119637 97.789388066587264 97.334662715387580 63.314913408019748 18.658131875682805 58.249831510796902 77.129921533494482 31.528734352076839 18.898531452107491 9.374244124716412 41.580739740419247 59.006259953509300 90.615563250371835 2.246407686742546 58.813295585901258 87.482161069451479 83.820015610295272 71.295328326122885 6.508706485820559 89.201050571527901 48.619096056118003 25.402349167605021 81.786390765253572 80.468819091332506 2.458904745224932 39.786964700223017 4.644943010091229 30.837858390579630 18.713882436793948 68.488221959205816 19.440732908528091 29.305357199003524 32.319603682348671 25.484974094154424 93.016450430940253 62.865868654077559 99.821613379271710 0.238341905310646 29.813735389377694 11.235765236160077 39.939721152024546 7.696803264716245 45.816678733541671 69.086178153125161 77.468844923308794 14.133971552432067 20.557002670323520 34.871149288051882 99.903154855377934 40.970516807933322 20.954541348128753 47.413745620560768 42.366557969999938 34.967801413851760 6.844590406049223 42.202492655733536 56.319854648165638 59.344490957058525 45.475835651256858 56.609796008968985 81.400043453289229 45.289692896303244 96.415074322229643 48.531917056406314 4.276594928717092 32.439205095467635 86.733749610662500 93.007936336381164 86.627705086557071 13.380953119520056 17.061752123423279 5.932019334884098 23.659606938421231 68.119607134921594 41.729446376782278 32.008319144531505 28.049651999647939 7.654062136332673 78.842440582257751 47.444711589286769 96.014751057530518 81.599241605742051 9.446804149570632 45.968068105320647 15.281942247860192 59.023677336798407 46.897328276207077 56.165101913179463 17.241546760923466 22.744132206588862 1.623332970289137 42.252762055502672 35.870466914606283 94.686852678488293 80.340254557179890 83.775613214231242 66.525830422057439 65.880563275315680 57.927881745187129 83.015781138436893 14.103015850198785 9.105131681310286 65.012746468378339 75.999138262311646 96.887576799759017 90.252272332895743 38.797631496971761 26.913163485843771 44.082721422567452 21.365668101378567 39.721464767035094 70.126263606707724 94.295269380502873 41.789440406103026 79.827877766491355 97.057743920407887 7.877841654077855 67.050825568386614 1.392706911731145 54.593918919368221 55.104223961417290 91.298405556888952 27.247881020573704 30.572876475368226 39.554740572095113 42.463081471188325 4.041745044690614 93.061278658177272 84.304434299147587 83.852081061773447 1.460113752269987 24.473452858000023 20.276082112296269 24.359082611182046 97.095645209713993 86.965605822281688 18.975370331096919 53.657382697120006 36.778156521188876 44.590994881685518 80.671289452163847 61.667888121000814 54.359647015397726 55.652475496902490 21.573359154220384 17.794908853654068 91.449439305858377 37.250202804486833 83.922543430757145 3.819131058159320 15.423334751905793 5.617711790331025 22.771617296413503 57.198715031129908 14.715871927042201 9.146616941231434 45.687915480510988 11.002690349704803 90.095823670885025 33.681895321275235 66.068081877684577 44.245619250241120 91.146650929050224 20.393294129594032 46.490153792102731 83.804596959636967 62.546039052895274 59.267981589829766 88.323374030048001 25.013955924926002 76.335371470017662 77.601840066976408 11.307370385541660 57.627760788092750 41.768656759346825 3.327840437434748 58.694737639798333 23.487806485920682 93.213668063487106 82.165284015974763 11.109052197774716 16.299412434337768 25.676550952326917 37.356133163830343 56.341046997493038 10.812896337846778 76.428314458532896 6.594282220575032 11.128581544255855 88.399163031853092 5.223683984246941
19.788604559230805 1.909026438792205 63.909430856111861 26.538294507235694 88.025601262581773 95.172043063403706 42.581557283643889 21.496013698249662 6.462350344828149 73.562630306198400 6.372101344239233 56.742114626249638 30.731306807511093 51.360605009481141 75.686998380419396 22.395096316890715 98.646913860640268 27.119903655813861 92.837525556322603 52.173191859098388 74.873056925681354 62.978172497638788 26.541401586265234 13.197815128029033 14.704957486326297 26.615574673479635 97.268728176733390 85.228769896603723 85.586581512396791 0.310517372728458 9.586529972819779 84.790078330528502 80.936121346025885 51.187546706498168 31.697076246816703 42.353188580043764 94.839712764120620 68.636902216413858 38.315993814198023 94.313545812266796 90.871539144688199 31.050500726480813 88.924263706735573 35.884599632845990 99.182526251118290 66.727093203190705 96.941269588995482 55.591694111385252 25.863348704318479 82.472301298308182 81.668130828920170 65.392708190528097 64.682490086604304 22.717147565758154 16.032154804723685 32.223254944619597 22.451905799543525 17.816080425822690 19.715929962036803 35.116674248977390 67.860586011119736 74.206739718740010 10.239926733949900 22.078932872942612 12.393139106739703 94.244794927992785 28.937694086373490 39.720158284659021 30.051903973677717 75.108164086163882 51.556034838117505 49.691247038325855 46.332373669153817 30.915127841735611 84.734618439039963 80.271006371527122 74.111421487551638 84.714843702864613 59.809983705726509 73.356430868907623 76.366082931883284 75.311377171659942 50.512186174006835 28.549138491110991 84.007163062929763 55.992625812328853 1.195730649083437 52.963592134393167 18.583633658971721 53.641047857098691 39.828534500247102 17.159739848806765 55.158541875076139 70.300842739356838 30.905753643266433 42.956309393664412 30.600329114240754 86.658844400574949 61.031759678029097 59.812637404530633 39.396833666422992 72.556429192679488 17.163837986630693 2.190610934145032 10.113444065388254 30.972328427311911 46.078876776303666 56.011091736473247 10.087644967696097 86.993078262771562 6.043437976176557 67.278266853947471 41.483494590680628 36.958808853876967 15.237223420107448 68.462636787449540 0.460359378941000 7.334799537477011 54.308052211626304 24.257381096073072 98.270387884075149 96.453075903457233 68.333085697735441 49.124435990546274 70.138933087522133 10.774336292198850 52.599934468102148 42.278880171064316 6.955420263244260 84.973394893311365 98.357112787096995 86.229356086536853 66.326619206368775 10.953590997844254 0.199337231492525 40.350133913832551 41.909651441073223 36.585616798099494 47.990436540205216 22.354071645293551 66.280122962816094 1.176125602022404 36.367548126511494 42.503340616380491 9.452924701587584 7.372724192301816 99.405763337674813 73.202413179395165 64.836588526519449 80.071263409640338 88.871062307655407 30.659472625190208 38.094739016356414 35.247801439644057 10.133464065302444 49.465587617598075 28.241742776733968 28.255363643552698 26.792997859061874 58.815033083827331 40.125183748045600 27.826725155459808 92.286844754342752 42.903703530922542 11.037185885575107 21.057781958513988 88.852668631535352 16.547824857875970 79.577637360912391 13.118125749453501 57.690708064921679 21.323088891158182 54.930607339918424 82.860959177377651 79.742685690835415 38.264145062151137 25.951767001275559 96.658018169683757 33.421316403108804 32.870503908010228 73.005496589232479 8.987476243157499 61.966793069564439 7.747326605058335 26.703051136217727 14.836735540665414 50.064785519573562 81.996147622550524 36.199259378111684 36.521630359389825 93.278502985060854 43.438588407872913 53.843939463623137 69.438658763160532 42.175762393292601 67.385097867408376 31.059796397305885 52.607209297874448 71.962155334276872 86.645959734264849
1.085065258514351 39.027215359934985 93.415626048388120 65.103341363395813 39.176071249366828 69.699295056944479 14.753603018336126 11.897499265709099 99.186056900296279 61.430109712234149 81.911593989616449 42.596306469788217 55.848612507956730 28.501712869696661 54.042478324008648 7.036735206412093 45.427225718527339 23.862329282368378 71.472521931662456 28.781152435036784 86.356394880229942 80.055045890986108 87.253916036426673 16.130265487136263 96.646477239152972 56.794669605182236 26.508329894962724 21.407283981135595 73.752825511124726 83.508584475520266 13.056064031960158 46.169883225071459 4.673553233819439 45.114008031501861 2.220729711314784 64.215116148168633 81.163252882941848 84.995573378614907 2.293239803725600 37.849480481876505 53.717434173826149 11.057972905475854 58.260704720076987 12.046113774115053 82.097191293374891 79.622449169335965 98.871084672632676 62.785185698994127 87.579342764836099 11.455376839139642 72.864107165566168 88.184737218050188 75.338287384699143 91.085713633665506 37.620523270536452 7.359222143046451 86.026503492982812 17.116730849949501 4.037078504016267 36.743578484870490 86.578326499715388 71.631440977893789 59.792399319904440 63.169823260252485 61.039050620277315 60.532693992268662 89.253824609693069 93.480271535070727 1.541257223247305 11.838890133298175 75.899827915614054 15.749903323236559 47.360540805815141 64.997312120675346 73.736405772744362 59.978555404752242 16.637856701523912 54.116133959650682 37.437000448895894 9.776800756584469 57.555873059908869 22.816401854459301 52.805629613903882 5.555542860814844 29.006651193415223 1.845375510413794 21.609599513969190 66.454363450891023 0.888054999539623 54.413755364224883 49.722110445274545 99.707639104053214 39.105291712257262 91.056327307520888 5.557019326924384 37.654359589152854 24.012834786040969 3.308676977778935 70.779518127867973 95.322537943681724 66.185768776769976 51.633200596203146 92.853675803888095 33.983119330262348 20.911167222481065 67.509487148443100 27.251438396693594 62.163817304114858 57.781581554769637 27.497341800605788 65.569101647834671 98.880464311345634 76.453997972136420 11.247220035388173 21.539146170563694 18.682620986035360 67.085124272361341 18.790427215658912 54.228416918720626 93.502445671321681 59.031453156179957 23.789540193625957 10.085493657728229 67.135225827186744 68.560292139925039 31.189303515049126 51.123937747372970 12.935485069519004 73.069219531770841 85.269843036237788 75.812627674918204 44.353725096562002 35.334552883112380 87.424509651554587 13.269028202243183 34.943586143452244 5.621242391160186 85.493583953005725 11.278446912710971 74.267173092320292 46.382295822524689 51.190943571337989 31.161719377456187 29.152018328353769 66.045183167873006 79.922535401741726 89.609436448212890 31.191706216420080 3.571067382281523 60.637367917201210 59.122758821200406 61.356346659357698 71.579146128168674 24.821776750271351 12.701088982824738 77.779271295337594 2.890258424366698 12.563503668150666 1.317983575193238 55.916125786079526 89.123775929433265 41.207282563084277 17.768304576822334 93.189310730449066 92.015396553328770 54.966122559712240 36.370155847973109 16.399578993361985 20.157876499374428 35.287821438279963 93.408780858657224 31.544843644132470 70.272335139161214 16.899063999416086 64.512130402231961 74.118559311077277 28.346824500064326 26.776279061518991 15.642947855061951 45.885578819555207 26.943978061400554 66.980837010435806 38.033138704577659 28.934545083338236 98.165836112721294 60.285747587542716 35.309853003789527 87.046120086623787 28.914173602033323 2.939421140608134 76.859342374254950 39.746315471053883 39.610372443113832 46.381581774765344 49.301592531012872 41.910613995010515 55.240656456240330 17.776799720047411 89.052889008784334 79.030725529926428
88.773489998633039 31.913833826630356 73.310649060974882 17.923836301595287 59.461696292382157 5.943985031886834 82.104819965902436 45.693169378858997 75.543866069388017 12.031471409048876 83.517091877169619 49.562413734735856 58.010791741721370 99.256551499869218 70.581672711408174 2.466871154540107 10.887777308530143 77.648456367720939 12.420460594607242 46.210779509687150 82.214217606002492 61.436482735263098 5.047403173524989 10.179375051291562 15.004751515359672 61.886212367755213 67.651907133793571 45.224060640428220 22.945713912517206 31.554901731545183 31.299330671574253 48.537609485669662 36.776684652130022 43.891876377453741 8.783213745798090 13.344138234255009 28.160131519867683 59.374530059594363 68.525527903070255 0.650384698622020 47.469143121676204 96.208847505478673 52.856720639950602 19.148463025749429 77.343706691931573 5.196121057235148 32.419052754045467 52.939998132335653 11.172315690004876 5.684433899295971 95.390270665678742 8.978209860678588 35.959396809248787 30.540562058614064 40.903240108041174 91.429896700018134 61.256746529575793 46.514986154643367 87.458845421117488 68.112993907612619 48.967195302151822 54.169232335560977 48.734296786861421 4.102559842039644 0.301603020428132 42.356493713434062 29.790160229331818 61.800677275240027 5.358029717520774 57.238266890760961 79.521633821103521 7.867446938854150 53.224477836288628 84.280632082970044 69.108567049222586 47.158930885446807 14.759578621982893 62.954503242603920 37.126990635335176 75.670496788263307 40.096097821962395 59.871430421841787 15.452288045964968 47.230070096999057 14.873196999962923 41.598430898757364 24.117099124623877 53.735790660504065 48.226036849412942 92.315335892320562 32.972870380422023 44.867334744283781 3.248770998247685 9.054950460336686 45.424169572522622 65.804793079316894 77.489702510831620 15.152148975900470 24.846115691845839 21.717532156569153 78.561211292178839 50.064690079843480 69.310300085685626 34.665206745572284 25.782570700392061 32.405114319053460 4.580255756979357 10.605028155363506 44.667614179963536 54.537858534741090 43.596631897138771 89.015846375909661 69.455479372579035 11.921579899032519 10.281250884488390 31.958827049502236 23.530418078990444 42.836942584490565 43.766659810565486 15.017884136155924 67.007439367664063 99.486692532468481 1.910811533626322 82.420351422455511 5.546252660559803 97.836907541373037 78.254955811398389 42.400949118227786 44.075727859800608 53.773576707787562 36.089416914509222 17.905480061504274 16.219046623432543 46.693867526522190 23.091111886966086 20.123592311204831 86.340459829071236 37.515024611832217 65.597957719873818 21.182152895601636 6.592086455689916 67.106269996455055 25.096418659837916 15.575625621782685 56.401575415751303 66.797866381770064 26.175311545310031 72.392242767342324 43.132170455231325 42.209601393610406 18.848367682993750 31.630963263397870 96.831914067011709 52.821047391357567 49.855339097884489 1.659538016044715 43.147270862044373 61.370012642678049 12.815931562265359 55.383706405922680 91.316541645891888 68.618481728041132 94.635299761931108 26.341350234609607 13.656089825160333 32.566553898139340 13.411210939286899 10.801195797093509 25.340100533885501 62.069287123846593 77.870704623769655 87.883903556281865 59.421783582431900 55.943102553210402 29.430572980506618 11.290906417018821 97.425857619674275 76.436502710115988 44.269566382268842 64.540521496291575 57.694414519713746 28.452289599418414 32.432805248122861 48.871722609785053 68.181998834698547 6.527217403014307 73.044459447111436 84.180431047304566 98.308134218788879 12.240375274614390 5.377181529252040 31.445257250908874 95.934835055562900 53.779669237231175 74.854194482221359 66.288236316227795 82.177304145426817 46.426163250999750 12.781012633364409 38.626017180260085
40.061316196707494 49.691801549578884 84.245714488217033 94.012782924726679 56.241059543928152 48.895637938796746 96.207569400695135 45.400207824472126 92.809358799257595 6.001808172638845 28.810725491232645 29.695703845046573 64.522974392867582 91.731615015460847 84.617367511448293 18.128674322196090 60.239666778788205 80.460792081258901 1.274724119248716 60.932245149126551 55.816754416437441 18.040620835798226 89.731591673805866 99.651554334614119 43.709451421011003 45.664103359579897 52.069605242839977 99.567576107377292 32.929208129018164 71.632770041872192 47.930117694659359 55.444890202858709 93.270635996765279 45.102413211887779 9.426997407769955 15.529005064286061 4.396826171493995 3.203854278296880 3.312861195452343 71.674176737561297 62.997930283597825 55.552130760423658 70.397334743924134 9.303700295758343 92.602081449336552 77.961981773618177 50.289994438569884 37.480662749897242 92.837012856022909 14.653527469848305 47.420981196130043 97.551293372908063 30.132658620867048 64.853595340021030 96.054710629469568 55.594796920169323 17.898647612094067 90.053271359673545 90.864243879686370 90.349230838193407 68.197880631275623 35.492865730401327 60.909772503464097 82.360145926839849 79.365404954079324 46.777356192006160 3.401074420919181 88.980647439149578 36.584908311062684 36.459860087579997 72.062565300892985 17.641650064107527 54.012233048262345 90.642335376120769 78.326249630524515 34.966859207456210 41.831533316856095 60.880808670596565 76.949598137832965 93.849874444155915 71.785074504997723 2.530835026884248 48.293005215446392 87.832499697508794 1.432144712108119 56.471527825562916 35.466064709626423 38.433952891661704 3.298490587235237 2.036262969881919 87.043475554878697 22.586455211725141 8.820575401201424 23.360784613709995 59.171329063420878 75.620378894042659 81.848316156351615 67.524197728645802 48.865974281576527 61.988229452772394 66.488410990661478 83.010349139202091 62.534034127612713 0.410553131493419 80.270898954045805 96.072519178959624 3.295106324309571 93.062915896357353 46.076501824284755 51.825861531154949 15.729803944306253 42.756551356574356 65.434068658648442 98.166399528236653 5.862195568728823 34.839729051423227 42.236603240350831 15.964513017301963 60.476020108072881 35.151832798848091 98.623021624304428 91.676702774790584 53.210449009473791 71.538875322185575 36.252411508177062 77.531476024433658 73.639339767814278 90.248243183526313 76.386932662570189 43.780280817315230 69.933473751747982 99.158091340480709 42.590906153605154 77.394802733694561 34.555513711261163 51.418693330005958 46.966637400388080 42.530617249509270 78.184555724379408 56.152302415871539 20.598327787446948 64.307412829443550 18.456406428890769 78.581678918984977 76.043947611226201 87.305657504210217 13.583914553755106 0.542229754518697 73.117197915589415 57.924387525180585 12.851794294423923 80.801298934693250 15.394751653103821 30.226559936431020 69.757649303737821 53.203893905688368 29.792903645177994 55.432991880499074 60.842675992732055 43.632103750785490 78.609547240888816 63.412895065900422 26.261243424526938 55.013757428979105 59.292749761521513 78.882185175666876 37.198269246190684 69.744970049277427 55.767007378872549 47.945431520800774 94.048282165532029 77.319849751251624 81.335450327260943 53.282985179473776 58.558378325172100 73.275768324293935 53.120738266379377 47.536300535064882 19.648023666323255 27.897823662292254 18.119014741886662 63.316045048667050 49.335218204875332 20.687771218939567 75.736702381929604 16.033996982772891 90.701797851897766 62.307727968519458 40.953369653775674 28.534390265603093 77.043660460258906 33.531008380182335 8.853214513752505 19.068837168189578 8.211731096364161 17.839267739762199 94.897525501648389 59.274847925310269 41.256862382271045 97.443053302298779
83.241552126727328 5.750927880076595 96.620418087824405 70.524869856222637 12.204758318984243 61.302734945374063 68.921841645321535 31.109853151318646 85.700378754305390 15.097635546263122 78.839999723682368 5.814370913779809 10.173853463256632 29.985267025036745 24.910550804624020 38.812666471060687 3.617176226404817 42.569275132386629 3.947728600103451 73.409662155480902 2.138624122578325 57.580078331305138 71.100838382973507 64.451938565851137 81.200141583154831 0.847776075187900 23.599921771924848 65.070937116437648 13.620870175415467 77.046918863997931 81.232430718166867 72.376261476887322 80.232055051158198 81.951026768673728 68.807041056599914 84.505388541946161 45.857188977472354 63.457546888721616 56.059218862904878 60.062064362818788 87.464423063408972 88.661758124412017 46.285347921058630 9.567882591841826 73.576251311784134 55.939086754385592 44.568540895645867 27.741071258330543 29.989206516688071 62.791652664165497 67.727247962601254 56.650794823077490 54.096001024655713 87.117849605800117 36.316819059846125 81.611126279931085 17.111673184833609 65.764623535640567 4.649315686491262 86.584190917566488 19.028748347844626 97.961909389357047 95.294808537788256 10.458057652665842 37.398936355342492 96.654224763487562 29.560834421284653 20.188111913038764 41.880832423481095 71.296411088294235 90.429734290216686 89.466981284957740 8.442745977335198 48.323330125419126 65.822601484279886 22.279993763192508 9.583092926930481 36.267059322470232 28.547206382537439 71.421136656620007 61.101656956538427 71.012957890862694 51.813522567006252 61.517752972369379 0.865162167549438 75.507595675631904 94.324764699261081 54.086712649752499 7.392388788134141 80.985029809213955 32.043672318019830 11.495596247278650 56.363373965580891 45.092184874517528 72.325832673978027 36.910367536271274 0.129900130378291 29.252580322696996 44.712488472153908 60.334782639305928 8.139590766836980 3.322598044945990 70.255417461751051 41.196939802530110 78.978945093787772 60.205153381945173 44.795820312537735 9.461685899010174 57.411436881860176 79.376511239221159 93.533832327458242 26.861065951094666 82.366994800319475 51.318501887176581 58.141920929504089 96.428794343419796 85.673354301076643 26.425356411094992 34.528044622192681 92.916996008013214 67.100261586912097 87.491741618598624 61.610300098723272 71.123772203209256 88.137049170794015 45.262387985593989 88.499478949331589 60.811008634265974 18.612723053140201 12.877337389678612 58.751351106847757 52.214635881573457 1.939945471446380 26.863447311710566 54.057917821148351 44.278826505944778 51.617720853175143 72.500471273681839 96.131060875650604 88.802954181669520 77.753181591591812 8.825477733487908 80.970932822263563 23.841957829150971 84.178982435796371 97.016795469677390 17.237053490188924 83.430735132072314 42.323080004991020 86.126748242105933 34.622270785914758 90.145374885195821 28.244330489708158 57.257685398324867 87.079519130973210 23.579276217341029 87.317465460138351 79.952194686759043 3.099259881331307 46.483789184642021 5.272293153091512 39.132485133121563 49.136095749351746 17.688125062428316 93.626619149136403 17.843860459904647 4.031079580527530 8.996646183611279 21.059293668455638 49.091526081291136 45.542208470781965 15.529749277188332 41.233596493672273 59.252594921046722 23.911057364060305 19.051173575783110 34.829541841864483 64.870512420271126 97.793176719019584 85.534610226898806 56.404198362133663 67.796246227207888 76.437732910328890 60.496024698957420 47.689976417273819 40.907442523336179 82.302712540870729 30.346124178327639 72.278044166837034 68.034483475604873 98.008599260880644 5.518728678146257 90.090066535992705 41.406339875904372 19.798863069960639 53.740837850073916 87.775228634831763 57.603547677210457 35.880090909743437 44.804331465328694
15.313655063492138 89.290905877568264 89.156991959520582 20.143578092769708 11.004305101770417 22.612382131830845 89.553103055849874 12.045385558282074 91.370670898262532 24.024450637380767 32.209832716754164 43.804912463738965 18.833286195305355 49.103207789987380 12.666390693641471 82.942983989422359 44.397938605736776 90.847846664547077 62.900429722144835 51.335972353593561 10.736714728677510 82.552959406206455 6.337365397499828 85.927842039430089 72.563226159506328 44.849216925647752 77.520266701513592 43.380652491709704 99.197780109426347 89.549189802071254 64.346308250610917 75.349691560719918 59.121913388638824 19.416591128667605 62.900248490411791 91.262387060178213 7.761483282986569 38.125051234974016 82.708491306668975 78.129068532782426 65.135867658018213 44.263501913688387 72.892001280276901 23.730805760488348 51.418066051099764 78.647861795278146 46.277123467085993 93.871398872016442 3.540310433595062 52.762108596709837 9.152783170415512 46.266271047081901 0.113901539241490 80.440322655028268 7.238960445172282 25.426363557201515 95.909970345104000 16.747829836221186 17.068093758313719 60.945430067770481 32.391273972418787 1.112583990365801 19.750276510521370 53.325425891633770 43.051417417862659 59.438312415316872 73.091985560550143 15.623360678355647 10.129866179382041 88.363587764887370 22.443395105275588 16.840589244311388 34.658993462574941 33.398878812239595 46.492791886161712 65.687357857158588 91.753687784981778 30.169748753892399 17.679603364439021 45.947541584276372 23.092503096869311 87.990915282070915 51.168966389468807 45.774231665275231 9.791404175489571 8.952796213516434 2.441102294456077 58.233210883688471 71.197476050417464 60.418922544041273 13.896906339055082 49.308825414256908 38.643343977610591 77.683801825698779 4.290279452376788 36.713873743451764 76.669737280792702 35.412640816397214 93.971739424877441 48.189845849239674 31.290136809123638 75.916900479582083 57.354867033635607 85.239938718132692 46.999710434911634 62.724496630241156 57.053953043274454 44.303009823970243 93.069352095954827 71.033934818995633 95.317632792907972 38.143851820881281 50.134080462749687 74.824395646263270 59.829068450894972 16.938772464296335 37.707032553636608 96.925094626951335 33.696330143983879 7.834048994331965 7.707226468696970 40.002084157413861 61.525850771544796 47.972530811356442 35.520864258424332 12.758025374782534 67.811703332158984 38.075928175390061 33.183865532339830 54.016779398391691 11.120410031613259 4.143243657389773 94.564803082418251 5.283220502029673 52.767867404796284 77.221617606992879 37.233688196483705 28.029428103922470 29.375967125999193 29.672321879905915 3.343709221980939 80.305981593861276 72.779907363541668 66.518579211273391 68.226006923180677 86.143339705012167 70.965973849037368 56.616939031729544 29.891510207396554 53.306892881585100 45.919768442090245 84.586572353324286 31.629810786196543 21.796193676841469 22.989002646807023 56.323161849304313 74.900327400039131 1.998557730565109 1.216270804072150 58.870236840963017 50.134488814010261 82.234823884348657 31.952175240618040 81.699294835871100 6.533754731531149 10.904452779169260 90.104824734798271 80.890395214835479 76.817811142952820 87.125094428569710 0.551147430837884 4.967345218517361 79.353525123542923 86.501317853148592 52.077280515645327 57.941198558983523 47.164552316054213 30.359021043934000 22.845766403900537 28.097310816613362 38.212214570000761 72.449687261937299 8.892025102997724 44.794279672310900 94.685872360791365 32.128846641480166 5.050027435166893 12.638424477378130 53.157822633316087 93.897157827298201 85.803377086677926 86.888145962512624 75.331773207142987 21.359372842523960 39.151608617500322 96.450317505194874 10.221754304519060 40.175066690281426 75.412453558257013 46.302858644468813
18.487159037707091 7.205911931445430 39.983641035626214 24.921542217154911 68.132119899883961 89.376264511094206 85.109856456274500 34.014687267105437 1.656186263188775 71.615168846846657 45.415610952546757 65.318501088838829 41.097538276860810 1.541854669478693 19.166660370908229 78.590870420680076 57.810781451490378 36.987461863439478 79.087121976708900 63.791388484935418 13.535902311694937 96.621780013738430 96.041089163305628 65.245015859873178 73.415521166237738 17.809620636449463 76.274127864664791 47.433792793042343 86.501141396607110 12.480051401368719 92.170976640364998 98.763843844225377 28.282991461113404 71.696210167615178 96.949291217016665 21.800119928687657 89.601323757578541 42.149577241388478 32.662614234526984 34.387096528554864 24.002711780695140 45.481146956960131 42.968818812797295 98.475799545124858 51.121233255023654 21.711132483583640 74.630319189134312 70.392410331379182 94.648587250927562 79.701099036625251 73.259817109471598 29.167532571566610 63.403013672610278 45.128397456481665 94.087771891556415 57.694962128214044 93.449771387351504 49.625490518656179 74.616818905387333 95.643383490727956 60.960013534968141 68.741264204115922 84.472634835952874 35.773636480626536 60.273650835456806 41.493226886913426 53.227602950841593 32.581919129712574 33.140213869894851 14.065103745947027 58.326362781629435 28.335276864739690 61.352023957550664 17.994482440526404 80.327614150899251 95.957078781568171 5.688621043136576 38.409133801987316 25.957394901263608 92.830701602311251 49.456998006676613 56.590944797096995 18.913898691486807 59.177402100409040 28.319099291683980 16.202563015175187 5.288638713002259 82.248605958777816 24.510518331453255 20.574172719804341 55.851436207222626 46.114222385292159 88.268195544633244 81.325087835705617 71.010022044046124 30.620905759264694 59.414213487356960 68.593264685874360 32.625635814821131 17.972023335613109 77.847079783518751 89.028680736418963 9.895907247654545 20.218395900352348 66.099185789249177 9.335871760213511 84.923387081692397 55.355801590584662 94.547257514620796 74.515703883764544 65.619864062358218 5.122125137476241 97.793954164782150 25.479783742999885 37.095648968985515 37.203814538622879 0.696069470690541 15.469405283613790 17.752741134814521 69.295102642885837 61.952875707789481 44.956245152832132 43.111004813060013 29.008227352944861 97.581513343234732 86.613213643357000 55.886152296120649 1.548511287208276 91.890593415791386 45.301416042202881 70.553874922216792 26.747999508473143 14.872698621395852 93.776755689486734 71.424021849645968 46.056944169259303 72.213376532014905 93.804156017968182 34.282051967799319 71.044990903373304 71.111394636301341 43.036384488865721 83.123146571380744 89.189524528856026 25.792261409120066 24.848676447976459 59.261019886512514 47.578091198630055 66.480947376308137 65.283986355525371 29.912699740353055 33.007109965021627 91.849138198007651 35.709467842870559 26.628303942858565 63.251202617673684 78.723738722461235 19.114077668653785 58.896395347661226 68.161723506800627 54.717565134382141 9.316725980500284 82.230820791735340 53.187199843417275 47.563121244637848 35.709647050718317 9.651736500670062 94.117677001752980 68.156764436509278 79.105538615975973 80.284153529626636 82.129311738940331 73.979395417046746 1.981110482496617 80.619543778735107 13.444733346870553 67.908463370329017 62.591723085146754 65.927551206079187 84.915205491225947 99.645733411682968 16.306174880661384 80.678578657412956 73.909900619069603 82.828133024223803 69.518020984883023 34.683489296127533 79.739606022154703 5.072854708679230 39.453457551964533 14.158794685759201 61.105098731472175 76.478767254864920 57.372415065066619 81.148165498057239 41.347096882374565 76.461292400752470 97.992167922382066 35.844365089421572 0.481876445858220
7.707790299073281 95.186179587062654 68.418273471494743 38.662737182706977 97.461840691437388 70.697171725530410 54.443504743358737 90.113888702567138 3.323378910607422 98.555839279047660 67.666204674032471 72.374889569443297 74.385529775841135 25.334991535843344 16.262994724158464 15.803835271398137 3.723762985045398 34.525466351226150 82.926228660040493 84.564123049535269 16.256028236739517 10.296145904482835 62.071535192838255 94.719498713015227 2.727133436046492 56.589958029763551 11.156882812466485 31.943606859919203 88.311790816130340 70.947928737429194 83.100331604056137 80.833712864027191 57.119609101460313 66.653794502942048 61.096280671546985 56.913692859511968 84.625965487670157 9.312497138929309 83.068728014809992 1.033098559831436 24.196924376137574 29.502153928210141 73.066271908323955 36.920717583814231 56.695584384762078 99.370797807769662 57.222840174496490 89.897206539773038 39.836907139675645 24.445448637867649 82.300202449766687 52.373738565606544 57.035923939324448 57.584942355728217 19.698852343558514 79.722012497560286 24.750398400100881 72.957176814648079 77.349221433380137 64.461628028330537 71.040713530926610 73.814954986666052 78.403525210582117 40.897508249498216 44.787866689120484 97.835933888677289 20.788135731259949 8.292457284654942 11.697551932036154 25.934357415243937 24.361627097322657 30.862063701257171 96.951160435988299 19.157768186721491 50.562204953368806 87.476607335891785 30.781152018212097 53.008466471653378 62.771483852314937 85.997791497344451 17.056489863690160 29.658260239341374 36.088434207851982 99.874292711119011 98.430972022126767 30.396334007844651 74.908041065847343 20.943106952671254 90.163944568071145 71.490517875360524 12.403211115260515 79.771700369605867 80.003887713382412 35.428718851253073 84.075228031090802 68.617066351389440 93.884025577818349 64.649868259550018 80.548806072534035 54.590495850136591 33.317119662593356 9.111138696760712 31.432316287918095 15.998688989332255 5.297909852403926 48.244561290722118 56.426766673367332 10.927266597487339 59.632950225183620 94.026097241769065 61.737070495699506 85.139801244995965 71.997290791943271 31.722573842733826 58.999813290813684 37.440390060911042 55.346204391671897 43.564112426435500 90.199218260506825 92.887444713400583 18.983288424651224 54.698267098657652 22.380761594969279 10.329246222035138 42.462382145792553 82.362846637537331 42.808586902100821 15.810406078807349 26.574984372580303 99.768940114729560 33.858840669221124 21.155768388847275 48.955231207054453 87.658219212111021 31.543317067538258 63.829717278509477 15.166376272884897 87.471173699320175 59.270877215945561 1.173681165919493 11.301379340986051 28.699215006002319 88.257306624399618 32.310660368909893 90.514785971891783 57.667137386775366 23.066169293127093 88.418924421652989 80.549494274593954 26.315671271437012 82.936843360852635 21.549117261743422 47.616148444125415 92.022452375677304 13.913821293976369 78.599830241583689 46.889693099871224 6.769187196383808 52.741773384514467 25.232575305476590 45.858406048195157 90.867551177520511 31.958885861818153 25.200889277181460 87.140040901976079 18.385066548949101 11.623251107677168 40.496250907875918 37.479695223551246 46.776534971874263 60.453401457603071 74.484605448357527 50.495489126428360 50.481123085822396 95.514069765807335 33.502725786041111 47.801083325813288 4.288212460308216 55.893813494952795 8.919819109076432 3.328380126753716 61.122305556130087 9.108118236518125 29.613909867671396 94.368143550174011 26.309373098167164 33.195237639283057 14.188143435972222 83.984725096573925 30.604597941657673 15.357196739462209 84.103124064321619 10.231121077915251 1.611237502792551 81.235944665125785 67.454570356032292 70.451607661562747 82.380068687787826 70.835593464973741 29.298757897382679
47.980839113738028 48.906803800544949 53.548381410402193 85.914223578180753 55.173432452130442 90.084097105415111 43.129770380714852 8.036031256117070 65.603666863055096 17.396306650617611 82.680097375578598 52.661811162782200 0.979134404351001 78.079951360487073 5.420597140210304 58.734845517750358 86.542613104966776 55.758278524807572 61.235238165061403 33.575787891297551 7.512574541591821 19.259198749540374 29.443838367349052 65.963467176758243 93.182452512563046 82.815889987287790 44.302822395536488 33.185974227143980 50.332847072302400 88.332343596337211 14.888846401592648 85.980160692466953 17.414098274651323 15.830874931916538 86.605361770561075 73.909939561013744 58.414998871138721 79.546292655705031 85.753180670793398 98.768850356248947 63.646620978099847 55.122358506477241 46.061454631139313 45.447496723934833 51.708658593416331 61.108817861683775 54.181003538181486 6.569318999493944 21.578908834437193 99.667885613375347 86.032420789718259 20.385531423575355 65.204570402390033 96.637451048103230 20.412936922308113 98.248389210021230 58.055670616736997 54.328744605206545 80.156086417448861 97.178027883748712 79.225922913320829 11.152433442574694 22.912191208259934 68.903180075566198 12.504912600037876 11.672072514193044 83.870908944909502 25.119643416271543 88.226376883506376 61.664058466223658 81.132983843603881 69.587755826404901 7.106516146031994 15.121360579103770 40.642085743698274 62.474594104945382 78.412183551735893 66.510901227285672 67.398371999995021 29.786330224824965 65.455862876703037 24.659313750043133 1.767337638839761 71.835998166033363 49.865733665873634 4.639224780788997 41.971206647632364 39.175438890085601 1.582641299685938 27.375128972900043 26.886628450238092 52.118296475584835 64.821859671946214 28.357411931127341 26.866054168569910 74.105694876242794 71.196974033697387 54.564952920351374 67.656745069129983 27.916189254429767 84.133220297421346 46.353794530901482 38.647513584642986 19.162080155025286 37.843603466396814 46.820567433325422 71.966893383168951 8.096484766658641 55.289813271587441 99.130472857362648 60.402950892131656 32.651507281192316 59.653768197979097 94.095559954558354 81.553625089978624 39.806301983210567 36.988557822409128 17.155399088903287 23.755501333551020 79.209253019213605 14.618355096733049 0.646571015959940 91.535335890925793 74.664797886065855 77.499428523374633 64.367628865452787 8.104322078861214 38.958388147234281 46.358154024308327 72.956452639010323 51.932201560964671 30.433858894303945 39.323665052893688 96.248379500864118 13.425663574874447 78.912967017207308 63.642643348746894 42.784947843167906 35.896591821958680 39.538419145506808 97.749178248725613 21.312700150632548 50.399454463233852 44.751482089474074 8.907730456581376 1.185925979978719 69.546778570271343 50.857492120499657 99.342508042935805 20.231911426219106 13.071542522931956 74.558725685236993 46.130605187074138 8.406799239788620 63.818555344368001 20.115433981102392 16.126249382943382 59.034655598375572 16.835089832956630 34.902364923698570 41.288385592316921 32.278106636171380 2.259936590845923 87.178154998208754 9.068981178830981 48.319875708718286 14.136230385885263 74.107605335013247 55.898376307199207 62.621484156148391 67.542913997313121 8.297076898750621 58.894698651435263 75.445104361300366 9.215495031625331 80.175537685673305 17.073304189067084 39.083186079268387 44.107479140156677 68.809432942184728 58.751628864036796 59.277258494722716 31.361541255780644 61.536157155253335 72.474269355708600 1.728011130413731 50.525002313889367 30.253822192278935 51.537902418399320 43.345785275079230 96.458463152940723 7.833858712319031 32.818741818589025 26.987375277708235 11.206182547443033 36.745285145171046 61.202211146476358 63.607235003247688 62.627988232086487 18.971449453979162
34.435606402524201 51.943657357389228 35.980521301630276 70.591686981683324 91.262624496077322 78.946730725471198 34.959711871657021 48.413476531891597 4.581848305881763 17.934324852248608 37.427346451128173 66.232660651187189 10.538124643918945 39.004566263032935 49.622847676062520 0.793160003563564 69.429323672175485 43.816645183761317 10.553550523627953 76.517213903715302 73.820301886880372 85.767427193108205 29.672947096561806 81.615483732411903 35.872578074547221 71.498727224098332 75.791038121614619 92.942111629587004 71.076004062546801 78.543617366087886 61.261535583456435 84.904763865405855 58.112927126145422 81.139120513541002 38.434570123940723 72.497142638373020 89.826088642620931 27.714296723870568 80.335508641966285 63.432622692877615 74.791558434756496 36.035597122180441 43.188564642697358 64.524722932372754 32.419271500543282 71.914624901234774 74.551726426375737 7.331889016634630 12.672987021796011 70.842645322407037 26.300786274207113 78.876530533078551 4.629089337515879 76.949685767886422 13.204945226531716 51.498982249190760 17.296978725160351 19.976323659427120 33.588689914572655 43.332383224122950 61.905756275536596 92.658266373036341 67.127214141522472 67.297109087284213 24.744687932384412 37.482260400565650 66.319861122973819 65.001855707422777 90.612030051154420 16.570270767610960 14.898603475652884 43.106514329110809 5.273061763998388 93.513404197574090 75.906585266070735 15.579706097827128 8.949953818600520 30.274628512361080 12.621282501358856 62.361720318056499 76.463213720247253 64.391772555370309 20.282060043096941 86.288793965647955 77.629394767807668 28.557231699793682 48.003773705969181 96.050456880240688 40.719224636870813 91.163706056275416 71.965205095999565 12.994395660504054 76.243825974465423 37.474323515295296 87.997257350892014 97.759939902106879 32.175793767218842 22.112318570726153 44.137544392036666 35.849945610868303 11.549083492016798 99.809769145442360 12.939608204479692 46.818547104312188 36.927708209197341 28.981961281543732 86.580453585887597 89.102081456550877 65.152960334923961 3.849492087863782 37.565776427083897 69.934455256977756 95.139915107089507 51.808425990674799 28.571381124319362 77.188679709856117 40.844502501177558 46.246642309602471 56.420324915779382 52.420831053775530 20.111859652391338 67.822122645926413 89.135944757524967 29.279289705599798 55.267896611692876 77.805432472134001 61.164152154811404 60.661538944072014 26.273291018758982 47.616204045235691 39.418682664364077 8.880891042996042 23.434274380862242 10.939386076864777 34.018262214651344 1.418044402298324 4.459567538956755 26.737653121569515 81.617626277935571 56.511645500104059 8.236085446261221 34.526217039073615 33.183285301025364 56.368995999008419 96.789047062931857 80.762889723531345 74.516931386012558 90.838456131452745 75.785265815365449 13.294243743367151 92.646709512892826 96.991072707929348 97.852512086244431 22.350650449405141 62.870871022536349 14.934732639862192 34.604560669145400 7.866168288621155 26.515250914051403 52.140285328832711 82.610020507675074 68.626201467048119 7.690192687748477 23.452097077766332 64.356602272229196 83.092016552614595 17.720985566336989 8.762103590016167 24.087935854277543 89.179035399990894 69.455434843939329 15.415794684829976 67.748992960359431 46.488025869793915 36.449042588608926 34.372522696851270 27.899323647314787 87.632686787087621 52.680969766145481 21.170703085013407 32.029047130191699 82.471814871428606 82.091472167160902 53.484218414094883 32.975679260030020 34.038036299518502 62.384544478507387 98.635585475702726 88.627722184902865 61.030151899802632 56.357819282784114 53.455008564667864 16.675189506667486 30.971333093813602 9.002029979357030 70.794828680572607 39.901557115434358 3.829055538679360 10.830781982242311 56.114823697950591
63.552302029840646 72.545424378520224 61.367196049939146 51.344893873564892 97.567243362156475 91.431560480606677 61.790234012354347 26.913162762347163 5.062553237090328 14.996448837298681 96.929588729356880 61.691794967771251 54.357552930267353 47.116319789546402 61.408205329456948 36.905326476352187 69.305946423611104 64.260499075239622 5.138321269811752 94.403212603684068 16.982101983773003 77.396787241725249 99.169130808371591 79.270116493567969 80.656644623170280 62.660996903576041 96.291058356768730 88.000796705778086 91.336117458232252 38.198318802936583 2.112602637848915 37.268321234393220 98.986053205850624 47.919575155582919 93.823701150886535 64.253854876813136 58.972514839942946 77.425861358024349 44.160878114150414 56.747260978506176 55.082418774216592 16.609136487893672 28.796599301817682 43.820008503601507 65.812932910102745 60.657390998346038 42.141225635757593 3.943593256287459 35.246465752864573 2.607875584706532 3.952175589190710 95.875684770739909 30.825853855098462 2.268976656089428 32.074561131591459 81.282250018800468 95.645172220230691 94.309379755593099 32.876534057539764 64.027253779843690 83.027318247249610 60.721130235862745 31.803914353463281 83.218458945353376 52.533796406997226 86.943184720590878 33.013537747248265 17.416042846450562 53.401256305432078 82.587080752576426 29.757470655359132 84.327845111800485 82.996036370782278 97.212487014333931 67.469094947028779 84.162713176291049 72.761951076962845 92.066946690254653 61.342195823475755 56.674680421785503 33.414910356535401 85.928720045564731 63.448912734644971 94.875086615171256 92.203241789995772 21.272420034529947 40.335776644424968 54.510668135084259 34.671092738377496 60.804085790525839 2.137095972539671 44.496049154751979 49.360682371927709 71.347441398924360 59.252025720182132 19.798675629244766 63.295460490773017 7.630763373892380 22.779666134760035 55.551594480634648 61.491917292054751 15.206905889069644 36.995209121832382 12.462177330859880 72.999240074369112 95.125821998590524 74.781170256677370 16.002480320421952 60.314451145274340 66.574251808820648 66.351525213764944 68.206192459510234 94.323942734860182 41.703356466474006 96.059643509178585 38.777171451820237 90.164183127541648 43.353686562214008 51.208502826957357 46.937857807205752 88.971987541688563 11.265275546569221 1.317683159968175 86.822815644704249 60.582661515023041 17.337623423280281 83.709504482534342 89.453368779942394 45.228236092372320 3.791258723823465 83.926207436902729 76.642641625300030 49.472744084048529 76.652181576702688 33.820788785413335 19.078205297888793 22.508454962573598 60.056603764352431 11.374506722525556 85.681185068688592 85.030351977489076 15.108008534346862 33.758696435453437 71.099228822096705 75.098122028376167 36.726300525051144 0.418836273079581 90.996503168303093 10.969990824847587 67.266400906146401 35.067464163305075 49.801078638566068 16.949556656644283 15.434267293502602 17.856150194395092 54.309190606421900 56.898883906727868 83.697318914474081 65.147857625644576 17.887712967690995 42.578878778600405 23.504345172688424 23.139295199553956 28.377255400733471 29.946540441662904 12.487940874148373 43.286920713956725 61.171822250349962 81.617020557882952 15.659135242927713 32.516953842837459 98.610375519262178 45.214028447395584 12.359646210624708 22.698361335272676 56.736797378123072 18.787670400473843 32.619316556170808 36.684638455794904 50.688817487759465 63.493802946049783 84.789206492587709 77.977421066839753 20.797133694820968 52.382987458678684 3.217273645181407 65.990568213537045 65.725791325093596 5.848085734957542 49.403461818986017 46.743286293327444 80.843510028076395 13.631159070378462 71.344351757621695 23.354811416542177 80.476813771160820 65.954607581245909 8.434937033502543 21.231722578910485 8.693168291554965
8.502802880386707 69.907215163769706 55.713166475786103 95.137329820675731 53.578388320171065 63.952270860793767 77.820453821813970 6.081487059813828 99.247338046871249 17.082100106139098 81.041608144648620 91.873266074937192 83.077636835228546 87.259814475622719 74.874428520247136 27.053379079421102 5.018511770721434 19.892367520845422 79.417451719730082 11.336257172070695 87.265121618268793 52.476910069349969 45.208183571389583 55.577333923622817 20.369509636620386 61.374233732926029 17.248799097258260 19.076707230431989 60.058919757088923 93.264965511214754 51.797318533129541 85.875200670458682 66.308840372005804 39.584987944487970 38.144866040867420 5.885256700978870 94.980168862659326 23.885953999510978 20.115904009440321 21.979530743781893 45.135209191619630 91.008634276706445 89.702048213243444 45.077401934355855 76.593720103557956 49.877925259795774 11.870367995152764 71.466854896027328 57.820531800248474 45.159677509990594 95.192106801171775 56.134779404330004 31.668356572483081 59.176850060035072 87.558766944278275 59.574455486717056 20.930143519865009 7.633118451429766 8.700257946715928 62.930374353371697 49.471371655565676 26.703906631476681 24.455679487165071 64.173436838653288 20.110351316727627 32.450014067732148 99.924817766274359 44.708381162945990 54.999595027270132 33.859207164711279 22.162569678002420 66.846217352335842 48.674133412319740 97.860821561270612 68.025586982602519 41.464418065580801 5.390248864105185 11.388627053057821 3.347326409555684 27.917105012549470 93.759062407164109 4.653144449138347 24.657351541329465 50.677002213997135 60.876028471559309 18.779124312295203 15.876532462307068 1.345671712281260 50.793426931265770 24.063791741664133 22.836535246893298 15.204986831808665 28.700252561947750 6.708282264699550 45.210734918400220 73.420465231223247 19.090440005098486 52.023963937922481 40.801482003517606 0.381837624319326 87.987250709142046 72.035025142772895 63.280979957993942 95.085292005849880 8.980370218499267 15.613314037581160 66.638353410772623 12.548619034555175 37.475615526122219 98.548379806135998 65.644934795942888 32.064804699635573 50.096898091096676 60.250865172376798 50.956736124290217 24.686328395434188 2.093426208940730 93.796276966315602 96.527346769398534 42.256430506330666 84.892886726945179 51.982170883150339 85.328260295421828 67.465891998597996 35.073448599993441 40.225449668857337 22.998427483161578 94.603052678030451 98.153017515675373 14.057823841338601 70.972589250421237 26.162526135249387 73.640657849494232 44.781162762596175 23.273317797839731 61.287478343608534 50.592497971819498 67.910864504456114 31.490605999985011 49.179387086322834 98.183648753746922 92.890524587466601 22.830113084376201 77.358846436180954 34.853650031623097 73.170465675817027 6.514710517763489 58.015359884087800 46.180665730249679 36.298459972466880 47.800017848776555 44.559276676323343 72.785157985099900 11.893285105282548 98.381387567309801 83.151905620321926 96.330321845552206 87.615250031839935 94.714903837320946 42.036947074007244 62.663539140127099 51.363334429626519 54.771142689145691 16.757729525306829 99.675570648667914 60.963425995819954 17.110675020298082 85.116284453085896 49.348721012871721 21.877049870204957 99.014538427263659 90.460607061618248 42.723420194150506 61.744683159901307 70.647063050300446 20.745627311669146 39.264462210405974 64.865466962603662 72.171235159533651 54.087001320065873 7.776082209331737 2.488624250327387 80.138283548484551 95.891465998678598 30.312360841989804 6.139197745118407 70.116094243738900 37.536940934751250 54.525097498100969 73.949038505139470 30.596350226617208 56.926008379160123 66.120270554193908 93.655406486007209 42.366073418146279 98.981968559782658 70.269097769903340 61.878902110473931 59.568693851590297 28.592281172680924
45.671366599350030 20.937129674167664 47.362250994755897 1.494823996496242 68.248199803403097 88.995768482694615 38.828768222771238 74.514213143400170 47.758574867299721 73.292678489684064 55.335076777146242 67.542031087986089 68.272447097719834 73.524502524473405 86.254052184796251 49.735437942277706 61.405112049421525 2.605718571705773 13.233089897724625 95.328768323290404 34.168140708178186 99.361055024665049 10.230844054738974 68.865799690004863 19.573747803530004 68.470788791725028 79.544371895513152 42.844907098612282 77.808472758986071 67.931558088035402 65.309002418208692 28.129021177227465 76.628669948609030 35.794937114936133 13.947361026256056 34.286530470766216 51.984043952068618 46.932091203095197 4.769639228582179 42.582680543508125 90.203420142779336 34.172185114921724 12.659366126456618 66.278814579609829 53.085623896324684 93.925892022830396 48.754850724473840 64.972817007961993 70.857713408831231 45.652743543006444 87.002369877085243 39.729317966115332 42.953929872523624 87.207054243238034 93.327905223557082 17.052447006050109 43.120972833981241 18.531571436573259 7.515549707994785 29.970603207933578 41.087812501054742 74.784209060147319 76.446164118305020 25.432380013783597 31.640242009070896 5.884886854748784 81.994696900390878 14.749222093074167 3.860706758879406 53.858945239657260 29.145002894774706 71.916120840871486 58.504625572154055 57.948136757533696 18.984324617031902 20.523865000445142 81.527446207472835 82.104394208304086 53.247408913904181 13.686030669360150 95.424300342590669 87.380187422316169 24.400386274511632 43.653804829758869 12.769115969514610 96.664776879470779 78.750466793741694 68.004284509496244 28.521570723835111 79.706820938929752 57.015349590851180 73.853372447771676 63.741329799197842 78.903624239608632 66.685421610399189 8.685779578390839 91.651455258241256 92.274156022064901 81.184786518068236 96.351464586805236 74.377263060153993 21.259339432344248 92.546780943330447 0.562557147189402 27.602483813472833 13.121778146127461 71.675783891795746 99.538334324530425 72.871445421555634 67.748611541756588 80.152896795700684 90.635407035742801 38.005973736151752 52.704877523951801 75.167245917626119 31.177605775965301 29.431885287363123 48.684051173307260 96.820336105099685 81.079749673480023 67.201758860087949 93.101927301395591 74.259014237252984 95.161120265884151 24.334871368377176 60.308483870097916 19.641043859624407 64.155145191059759 6.966522345168391 45.337593194948589 89.342774792626216 13.331296871818132 19.854702022034367 86.530442091237532 71.246632547545545 74.876854433826836 89.580812436053421 8.087664980433107 22.185744357039884 0.587643628997803 60.022919722901861 73.645283540058216 54.575570278374698 75.316942117847191 32.771102018820152 0.413613376330380 81.914301148476824 74.539451912457451 90.885756589284227 34.199829521410621 48.324228906062281 99.856570638910583 50.494263942940066 32.379883318616308 47.342534375678611 49.596109262170970 43.476081696539957 93.412805939819151 23.204558699228784 48.400030385634608 18.643936404735474 68.587695598163123 89.632170011538491 24.539742548417021 78.410509126209533 18.893067998471512 39.691948349430703 50.811529963847192 33.047468066688801 27.581652993667838 87.628572574961368 42.946246991332437 67.440118472066430 76.452472682053724 73.401547675740090 20.433557402542668 80.352193514253955 56.784535957445080 66.449863630454118 65.495295857742803 66.881591460700847 84.341312428943127 26.655577978019764 75.805741989172773 94.725636762112103 97.769081533341634 5.052104953562897 69.282658361458886 48.389949189979887 67.793909202862238 95.584371740880115 64.378956229836177 70.012106457008045 75.544488518698984 97.654215789919647 55.569765870024867 68.440587012053555 25.161907936955942 41.672431429499866 91.777551898667724
4.888832206141524 44.765671366723289 68.200286226984034 74.979078644029613 2.360064970044229 25.973176345894057 38.531925878750094 97.159077215688399 96.881621509626910 36.052067506739206 81.465245559140499 76.903397007995494 79.238825048357441 25.188592667754229 50.867845357224709 53.767526439224447 93.844085707560680 90.550329990737893 52.200467372722962 47.448376874813782 72.608322593564935 80.015493896774601 61.628483195860341 34.983913484351326 45.821549315622136 96.353211352115167 45.230837727344827 94.963695704079214 43.593904592558907 13.967716662840967 85.808179198601536 23.902323032013705 19.602912296279630 21.675806656892849 21.119799998684375 36.727829504165030 62.962072802916936 17.208497482797224 78.719832635935745 70.757405379489555 5.231546906597872 87.545640014290996 0.479296862340750 65.986832686174452 35.522640197372560 11.932202622543342 14.613124237810315 60.951694300912074 88.609645551811340 23.980303320017605 13.902350319973545 66.438597466564772 2.269102829340686 24.957923109352574 86.442778574587749 48.909252251154278 4.969631214593417 80.412576303721082 13.242555931148914 2.551948052081410 97.227658418855000 85.979735437859162 11.359660534407878 73.692922185338318 9.285810911476721 56.949837679687768 54.146466242352943 35.178003530239756 57.791490579244943 73.353396301201428 56.968558377331171 86.126631696017910 45.386841443001003 86.866763899550278 53.648881620796459 61.304612599955057 23.885867029742847 50.058875868702636 36.888985509968130 58.095480583298830 36.999608617737344 57.907155465792492 45.626538088442615 24.095130414340428 60.635241460174541 52.089750629994825 10.735129499206298 32.011639682915494 62.239921571456001 55.569679420301377 69.824265199220079 47.857588532411832 71.653478484344447 44.630912880067228 96.959596602485277 59.725293638086498 13.106208987716650 56.477218874144398 83.419141053269314 27.612517565711858 19.880538801650495 33.472836720039311 58.301535359660463 71.181792825047438 10.935617928687492 85.209766442165773 95.388646004414653 79.065001436859760 48.540619892775979 34.032115976537469 77.673139098639041 91.419095162452962 82.902562418705415 55.012552687859859 39.527998033153089 10.777483794004560 20.166016324475965 72.023132913083160 99.675395994758219 53.015961194352620 25.788607327009462 29.590545295671909 1.250219232385164 32.797320974506952 49.323450565876435 21.499117827006653 83.549077230769683 68.342698180698875 21.044440450913516 85.527182139700670 52.890411819140695 71.338056561299624 54.477705340357666 68.401271765178890 7.992461268850426 33.215148621084602 28.543077129548234 41.950377685977656 84.235883675133820 82.215678590996433 1.017944495623246 1.664299852294993 20.056628264078434 88.116028663514484 36.441320854504767 80.099630680343225 60.982474308648612 86.430848398767310 58.180240537811621 95.413760568091504 17.908423509713444 41.599627813591844 72.231967024419546 10.778232207001516 82.026019332422052 66.333286058302434 38.567034107093058 34.586287828271644 3.244400853540230 43.916205406504574 50.812788829713270 64.280151084268084 50.287283809614550 85.413649444410851 85.670679573949414 53.775130226761192 53.922843898457216 74.809678985856920 5.679913575549921 1.427589061600043 76.554034726276868 42.526759016946016 3.062774605555940 66.517917595475581 29.545820303148606 23.318939101940693 3.678803765786076 36.881660477022635 18.827804608778798 38.775052883475794 51.914569002697043 27.439865117450289 42.497128079604977 99.992883476923453 78.557432472576181 8.655360569443715 4.835738626663810 8.402038604514761 73.475591627796902 30.208216834562009 64.946059272908485 41.489178740255696 55.564819914502387 52.876212703170225 49.252139319230068 65.485144413676593 60.218531043826175 76.905010859229776 0.211504762812187 80.070001755259668
0.487929609487037 97.967537011675788 65.997283935834005 65.112743097307458 48.785667939785696 16.697294473825341 70.256146823767125 92.864533883143736 25.506756892019688 63.828156659043032 2.502642564303303 85.310858397591147 69.248074782003215 40.671953167023247 91.953650989173383 32.341821685861717 79.686175757509474 44.257615569213947 36.664685575282483 54.617163411032010 31.705283531861994 36.771172115914894 10.015932961092389 23.133277170924128 25.032597089853294 85.365010293639514 62.064839597715128 46.379795397701493 76.377682835212397 90.244562998712539 64.892879815748714 71.854386387818380 4.189620136366057 60.400217750674287 17.780358091491234 16.557752920330127 45.115554350562206 30.616876149417770 64.086933840072447 12.805386409799535 86.031103033438200 51.904045641081375 22.874020146708986 80.931756464400678 84.561724868197430 64.429721489684056 85.282420922944084 80.315050805608905 24.634322688544440 63.645277266848346 43.252976326636649 59.503058882883117 85.274172225324065 25.502565255346820 79.501300981252101 9.264569996033334 71.141558377652728 31.811047788799474 30.650409264679713 90.066672409301958 88.923531306027684 41.988917290417461 52.403943861316115 40.971086131526505 46.914067408685924 5.998501269127021 67.496797093234463 65.824884505743853 71.457859441213500 88.712225594596859 77.296097250459113 83.658971683727131 51.570444439601623 71.320658022645475 50.092880853805042 73.506491986415909 94.725466616136629 60.869708596338015 47.156114195813259 19.366290862797399 68.930612772070248 96.727112427541101 0.290559498247356 59.780029680054781 71.785388107859333 60.792292871048190 99.175238755021084 80.306623889914093 8.068151816933478 86.884520545646794 99.645162260503213 25.639963401266463 84.402975711481616 5.378901282154303 99.205283700688469 43.393742941979106 67.805760174941284 60.351073504731922 88.962554319633611 67.258658784250059 79.022802688451151 9.105745282085421 77.302513854843156 91.795156915217817 3.750465841394535 47.836856461657327 84.263260586735640 69.545880121236507 52.068115562191707 77.092127184366831 70.392848566390626 54.389590564316826 9.190591645239222 51.793657120868950 22.000233624518696 34.501332610987767 12.575615244894834 84.576468386639576 96.541097497928092 73.197946940391148 91.893229401620928 41.908543281602149 62.074084762801483 93.876559800048611 1.684169778254208 10.405396832503156 16.405867297071385 92.020526960849665 79.326535465539024 99.562070977211746 49.987761855344061 72.585909654474790 98.413771718199584 42.751314137181474 88.803033233039827 89.007196381622521 75.927733587192961 77.967459814230381 69.733802689012279 46.705300469054258 18.269994591294815 65.857568180865940 49.140882107942133 98.531206676003308 89.399902677800981 91.224571224789003 55.892210015263998 88.392666408163748 88.937562301054371 87.617454493684406 90.479971044968082 84.005812762862178 79.848793571604446 26.544880852720564 49.498518090475088 11.949531988615226 45.489233273982286 48.061219323172622 20.384976092136409 80.071676313327330 79.506885978639161 94.313345932425335 14.489708535410383 92.291123478739024 91.893140979713067 27.176308460037411 39.051084494310132 22.238051554084748 16.021459078979404 21.573741216477039 29.591282825052534 70.383423130464905 3.238313577491869 2.243121930407366 6.702024872240752 67.815927668175462 35.594764397402990 38.652345609692048 14.037195527691782 19.243304445062538 84.970213722146354 6.315114620301976 76.361392058694790 41.053435455915135 88.793960705320160 14.635418092943786 91.944146637207893 22.541917070438100 77.414341383489244 36.165372846289024 16.066274427746706 58.379999194594312 60.482553431807176 40.043994441429668 34.850885874797932 16.786917586613047 72.246942603320335 98.221830806247581 8.487988994345629 15.189173878858785
86.323118729548227 9.859329286387563 79.676806833368360 2.720576717609580 61.837776774343368 63.258908001861080 62.064703794672518 10.674938872368035 18.718949136724696 4.339134555399782 61.279477987221767 32.927271364216978 23.640331923447899 76.786741439404210 9.150822892057764 96.882035859221233 56.970548224113216 0.628941179359088 5.776477049824946 50.868793959119671 56.374383247029513 34.448721736458332 12.605267566776469 83.613332775842665 0.378829271317138 42.198692386562051 28.159244270694327 22.493856343984675 68.291138484436360 51.937880423866524 61.659079899824384 32.335638159318314 17.151093863547629 13.167420564674369 17.091785543651405 94.958491305949124 53.234708821601536 31.901529016871809 35.491619731589466 51.624217964670486 48.170085935783391 14.408670830610138 85.796116331074799 39.231569742241057 29.645476977891029 96.794650753575112 72.120427774861568 39.138321320525080 24.399748260486010 24.037262350221788 65.511876116520924 22.233026502826235 7.494484504180976 76.187344135977938 28.069076888885991 9.346085545662087 37.148617517201977 59.162621340140745 67.342298327579314 66.048224016519057 64.398442157981108 50.564653540167136 41.685381600176029 78.311440591886210 15.517453438372698 8.309427138175495 98.638655611548685 0.557686571520000 45.573008732907695 69.205744720177975 40.209190228540280 41.427214964569437 46.297303667411661 4.189265612300108 23.705210765775519 96.720730333018523 22.549029139616760 31.074229044128742 96.239007948686165 15.657817242635353 6.621774876253750 27.226653033162883 74.627204115263524 65.157418096333657 11.539553469016139 81.708270865384307 37.078338005675981 77.255724109544872 65.597708605593127 74.798877742344274 14.280355982277849 45.178671130616600 65.105808736438249 47.663223084156250 98.560118677975751 89.210034228415381 42.790560186011618 74.917202347101636 10.858429850392447 93.306824132373762 23.993964762522989 62.031289697845658 6.252761556025166 25.301673188684180 42.028282616366873 0.814356837539887 4.148923628141088 81.456024934903368 11.520658434138376 42.926586283841516 20.959479022022819 78.303130883923487 81.061043891516320 45.298693579405089 47.478447905046885 9.023993099885786 38.363372390630900 6.293770418998035 25.116595510270322 14.061804792489795 43.963093580023440 87.703648323452484 51.602205877204646 71.886901339269144 22.466913317999527 60.691051455922427 46.948157062708631 73.937340726456043 88.801427814565741 7.009632229273189 89.983491370824169 15.601200632700895 20.590832160721085 35.853107196286501 77.665548626440511 99.911774657339464 60.264405600961865 21.280993923835268 70.771769225646125 79.183309745686103 6.455932609799586 18.614643280244948 30.464173896764702 75.586164281142771 97.784906106301321 71.138333221391520 61.852086980436859 78.673814228436143 57.950135791383047 27.555980111501089 80.893476822288648 13.549098667936310 82.198295766784042 63.851371153261937 73.408790439218549 10.863005733493269 53.386795296161452 82.364739988612541 59.427608290718837 96.662917979389434 14.175905963199110 36.947480366523543 57.170255505209610 96.271948490761901 30.447725216475384 56.797933925154631 31.766822692522645 21.614857364801566 25.610065219677701 41.765474221519526 0.906519287923402 61.560635091434179 38.279140290979505 85.559692273083542 77.861162394457040 2.641383820972798 92.275047829009097 81.345994127772570 30.782553072524333 99.210623085763544 39.276773322501960 38.993259302663560 7.263437369099812 87.710430271943935 19.596568946331526 26.739018431271454 47.036196979671232 95.360105669404291 95.482710572103358 32.534559136495346 17.341913542886157 1.327900217135192 1.838499554972861 27.497890447516092 37.144801723485401 19.832072470650964 94.702543111380720 56.885632252947651 39.332741823836272 84.585752014707253
68.331102116055405 79.311663506065955 3.387483517102974 74.865207744088110 63.306378931653249 69.925663287098743 39.131592005755991 79.087476309086640 15.475139623842294 33.376170731638830 36.767767990618125 40.432143997751382 13.783099656645737 23.868453632947606 6.526677798778413 99.271025830000355 83.057527412218406 19.338342791388175 72.671876272019901 98.363284572831432 15.153029009629659 11.426776860846388 48.702065479461595 67.912613186388739 88.664711472689945 58.024103472905530 92.343163853211934 85.669472737335511 84.907731866310129 41.755076723200787 33.167126918807099 65.656797936791861 50.470529260771599 35.267028246064250 42.036348469256104 67.926615237532772 34.233579711459114 48.941907753444646 38.923915260318644 73.133340421364281 38.397747337996947 51.423863048270810 16.550182848986772 86.208375557817646 21.434060725400951 90.821757490941422 66.269782966938251 74.892253328932000 33.735756243436555 84.474337773905603 2.136180736340709 51.335308514278580 40.094336306890753 74.695667844972917 4.451196176336381 66.036121909080890 40.711506226776351 16.918643505795593 63.500120271597936 86.892538351658175 59.658711731986578 38.505127012242625 78.844125358230173 75.324639446156411 41.474186100294773 67.182906189246054 26.024251835428934 52.205792868146780 94.045062456898620 95.531303707803346 11.216015833807036 84.500221089825473 24.774741541004587 62.660387202925975 31.615041992798144 53.255658389104980 72.939959556617723 70.604353012415970 13.930113289796465 37.039555579696625 76.342007825732082 9.519075405624788 61.569435845162346 9.831188511953892 47.855067297047697 64.140322336525784 19.525519821739302 2.530604649548363 15.136074734166138 8.064928003836568 7.815695315596849 62.623556025046199 63.550850011805437 42.246763209219964 92.466633394420924 4.505232267489667 50.604456739775742 50.948351334184970 22.581154602732468 74.966374128686368 84.647645815817782 52.875737245665590 41.816855491632573 26.910620162009213 70.682497175332387 14.616240640181333 8.815680043912554 23.508630102283924 59.369321155189603 13.460951331585026 18.208618354452209 88.618558736749236 46.203456167260612 37.499816718714484 97.519579845782417 63.426041211047902 6.579017022567879 18.977030159857932 26.676417389001305 40.746027845907697 82.357203768330592 5.254462597656017 90.482172750638625 57.422945999591633 51.208600274771968 20.535270628032908 10.020948017180476 47.563641151961711 32.353818259379771 74.671662922319896 21.548821801027096 45.933154517931904 19.380476841740769 55.165599660064167 19.908004263164216 63.891299861972051 44.721389151492062 89.006738203847931 71.146247763034793 62.747417788647795 84.758831153279687 24.753121162938683 95.154877528632170 94.427990276047510 93.889021075660267 30.063546210581539 19.276907843506397 57.308422437753158 4.368884417120733 52.960461084520439 96.068295967343715 62.808896493689318 10.527497112125751 61.933557131310877 50.445669070041696 92.188047686722456 44.444808944503620 17.439661678759755 26.069800026994393 15.728833687037380 76.868324368980481 93.032154071464660 72.777620156146980 5.096817284809518 55.862691360179774 72.032366214060630 20.448050334891366 16.929174348799346 32.507429646013719 7.474224305302169 94.105140305577919 77.359539917310755 85.625391848094964 5.224730072796513 80.601628294935907 40.588732770589445 38.193842606752860 20.960708571982590 99.708156319913869 38.619306983706750 60.466581363848846 69.283137144029723 57.139877303890330 11.098645608994961 40.751723948344541 80.981376264720353 92.188493928869633 48.709114173995516 81.997026686037159 6.471057453538442 62.958567114669904 15.907605746057662 25.121748869006510 20.548126892147788 63.304456142384922 27.459106192833417 78.900676837409208 91.023519466546659 39.645850852759487 67.739133544493441
16.606113173358217 30.066363900153924 7.013687583991168 87.397425913063458 14.590286090205373 12.902843394627117 87.326675997983500 44.143531638332256 16.023034944245119 92.533539134394971 36.900514900779058 67.388965135918738 79.004761641117028 3.499907793755097 80.760149964484995 22.832284959534132 70.517802856279260 62.441953252178820 84.637059838444870 70.973575234704427 47.352740898148738 33.849059741406840 81.183461193674006 20.590614294554367 8.529205148887641 44.647824951186578 73.578362972758455 81.416564025314500 37.336313708156908 5.747338814274283 36.016309636026719 27.533031534467302 99.187735324513397 7.584041517171524 3.934817474691377 42.765996421501526 42.359985411144244 23.681637973021708 65.250889050779165 14.803632685092861 87.117713210122915 59.321253882842115 58.044802627076152 47.010302974413790 17.212355872985242 10.598758322446077 59.333246725085040 3.034047028872355 51.013772026734102 83.055090045349516 62.970699607871069 7.563425915180011 29.073239097460192 58.031647292126031 66.020644192837892 16.011346674949046 8.300231398214075 62.026933298755402 0.662444963524600 81.650123093098586 42.395495241647907 88.213127048957134 21.542524309989332 66.490829754697685 12.012799403924978 65.503927408734810 67.819946262851488 56.515757627029551 9.122030787370960 41.356914339362660 33.267567215249969 1.722813266118584 76.141132356385071 91.203385056268345 18.681273075755691 85.762618685155985 85.560263932040215 95.159348477318133 30.495958058697948 77.827234284315210 44.695735814667756 97.869260039367362 75.452721346648204 6.211961376364494 9.290230963951219 96.748978235518138 43.320327201096099 43.781595659879777 44.170729360553906 55.977465316398856 75.308802427456214 96.912161822211118 0.678809757421095 99.762462031678638 48.911772490152003 30.362966863655828 8.491465947225251 50.992624814384470 70.934062386690442 38.249282109058704 73.081552644854114 15.675244168829538 51.206363061608798 37.120609058150848 58.352346945912380 32.481280746533450 7.832919447133524 32.665028753146885 53.219071374339357 43.791211742355543 60.644886020157784 0.094220641435738 29.270726106301726 94.396014586312020 36.334147519811808 55.484963153503962 47.056040848541912 58.632206538836684 91.382344092053955 23.663138925062675 87.073591906137992 54.742357101088793 77.026166632258636 42.233050443531624 91.480971579791373 91.121422592399355 73.033986870375870 87.716824722224445 5.103324821510480 69.410041367056081 72.623348095068664 28.226861563891447 73.967776339079933 22.116093218953836 44.026464644732542 79.301475151295278 97.270946941016547 73.552357032193456 99.388876111982626 17.450067906913201 54.628465953082539 76.243890293521304 79.438240702739904 24.145605092730136 23.968556755747194 47.145934470311282 14.317537132551605 95.204372687853137 6.941722274981322 74.522952092463413 54.312558958536869 49.561289539931749 1.429381078338376 27.703798750618279 8.309787380265664 57.962098816519301 4.196313291410203 33.442067111918931 78.261364499789821 30.525252553831585 71.543857541756736 64.759057066470390 80.861931216816657 1.143016453275347 87.141343077428502 17.724816383286523 38.322208124808846 38.756107666333129 54.022567533288665 53.246022208948197 49.839652503061714 11.461948490372620 79.345971695410682 93.629236171391270 95.151060151712258 0.872461565345373 97.141975765480709 56.871818146696370 87.299668151931840 24.906515780381987 24.976203096910986 92.440878711015358 39.830815538506826 15.819534474240449 52.795285406552196 54.043220085957785 31.196939404907940 52.424067389805593 48.310757320900791 79.733138278374071 28.591524041576044 65.155975341133100 43.115102319595564 33.869815105858855 62.929993191608332 68.885628112779244 85.626890713758115 60.340731969170470 33.625185756638373 29.617773594073562
25.439461624455884 99.758693379341878 4.221652165372081 15.057312808633439 60.721752736036393 18.657717491059756 83.742283676970018 92.968234042230620 49.586158247342581 47.519290730106313 50.451623278623394 83.317935968423654 34.254843419874327 74.927900786628214 72.891001937043058 59.468827942252602 16.732108718124515 26.732789483459264 37.932169361872560 27.617866827830795 33.361897706059310 83.560354671460345 89.885192096723216 64.658712849655160 35.650007655236195 96.328107961520232 5.537855450988316 28.230526776973786 1.296274673166520 58.981532258185851 96.597193266551614 82.330970186664558 97.995839156004962 45.731061681632731 71.492106183470270 5.850859611225090 26.895588147727267 49.592261414935543 14.847201260633591 84.027257422444606 42.713872167598566 78.095423311500738 39.519637320827094 69.486923076007074 19.066389217480719 74.398133891658517 89.987751466335126 83.958327904361425 27.177468720953158 44.251818956284140 81.235959449404206 26.725611799172089 13.387565042440219 94.454455334201143 29.715854197369886 39.098210671552827 23.632988460127034 76.944150829483476 79.373985048043934 72.377549702451233 15.201822006824905 27.690292503088010 66.979916929836506 44.530862443639144 17.990115978471223 31.559258128013468 26.652677074719090 62.930212159345480 16.349248446704912 88.690361247165484 93.269162522050095 87.644241409445428 62.758919292153628 94.898286295114815 42.249813354554945 34.527574825673234 28.056843764646466 16.943799163047078 89.448068661538244 43.319004663934827 14.221726518441235 17.769544350282796 5.917270965586397 41.628629181052034 75.563664071487750 1.138404061543519 93.501644521529542 4.735535938058144 14.490146795182257 73.639314023132741 36.357275564408155 71.403053471342119 6.933969006615792 73.798980520550373 10.119953521237413 69.348609980224936 80.852244767937648 12.974109640692799 52.143925365290713 64.145101804190503 43.337788857398905 13.062943133112814 50.098040885237303 87.965206546379363 49.616385095866498 85.060935821315027 28.393715625330863 15.197692220794345 50.672209015086182 94.402113480859938 93.178116693732022 58.384763207324930 73.101804594879255 15.749765167977191 14.664020698197987 62.858838281252396 7.813618594487193 52.086551237379375 94.622303341893598 55.205355725462354 4.735246528081505 33.511387475697340 41.850461477101867 72.097357910198426 35.913997373192053 31.768143900608791 97.341171674137968 42.399483600017739 7.608539446909335 9.837598091538613 66.673940005782669 29.387092998624286 64.236080940303708 96.265484216606396 44.039769123949043 46.389416390055871 46.158794756594205 15.855529817769821 23.505562950354520 8.123599221701738 84.153203888862620 18.419104531481633 19.017311092911303 16.427300324871787 78.606748664780810 47.295325793932385 42.057327489434051 65.392664861914369 23.411740448994301 83.863272212163636 12.369018586625680 94.514195756246551 82.398870441812917 16.080105416322244 10.667643073784983 10.948244007658303 41.077965794733082 96.464587859847498 40.797063581276063 50.736135422022663 53.585566860855025 93.542004945916304 64.577323442503527 60.853657048631739 70.279827153891475 13.757443853360730 19.766651330096263 75.029090762172189 21.609680607459005 39.357447617182828 56.610600883068507 70.284201805817546 38.087140528867145 60.092598896204350 45.459634373945555 75.900091797053079 50.494253893841289 89.506326366334264 69.380226763061771 49.194579479096348 81.256467364804934 78.789963704107549 59.023078055423873 62.063125041791210 94.074023120664009 49.300981327775808 49.060380675607007 61.170525618206860 84.295850880716927 74.818120135976088 38.320896871157487 19.694124908705046 39.232838484418643 94.562345025508790 4.023943304862520 65.576215245822198 90.647181706770837 90.951339146564507 94.065205751126101 72.202179421742045
22.405009745382355 13.123180490616216 71.011753701346464 56.254501552528303 48.073342811233658 67.430309609279831 2.889400792748931 1.312267300989922 37.408203792613506 36.313120486731464 43.432517815382489 35.744730368762809 86.912902019262717 38.816331836456875 69.039790804267739 36.383983225161010 34.001720737368146 11.317402855234505 51.009018316150204 30.774559052694872 78.065102334553757 58.361142702321267 53.233594669617943 64.881411259913662 62.960505188680003 79.218921934757972 74.376467716193957 74.622202609186388 35.048547952986823 11.809361757548388 6.459143867542172 56.213336785208902 74.278939593740517 89.461910574914171 29.711724889616718 65.082724076383997 12.477018034717846 14.114494774438924 71.517772949478982 61.887516050780548 56.932496519878164 63.214492993417629 12.117946427671056 41.368842562270224 22.925837826054519 29.811288584851393 37.433989341378279 51.735991454660414 80.705914047917304 74.494781792993848 6.322233711443737 98.160524542594658 22.306103483408645 75.619374700748565 76.419801705048371 88.368938124453848 44.609382266067229 56.060520250979259 2.438004391702575 72.696773510093578 87.400609286612990 23.694473460048926 10.596162841474921 54.920866230145592 56.463997761250951 90.636696391290684 2.666876333804291 18.777367477308317 65.465758697793660 51.398092319053923 11.726417486268115 74.605378064384610 0.209296580315599 66.909003866491204 6.956288677254996 62.353078942280113 91.067189334040037 0.118193992294557 86.572434800633587 72.666130000262584 12.310603594637005 97.035544652038880 38.558754821658724 30.488052210485073 17.380916023151638 65.796288254489383 71.628416623761083 36.580332474063482 64.827384386841871 96.251114078156647 42.189916019243036 47.878012139720560 90.025484001598315 64.302457073885236 44.470292635376360 43.655980011159976 8.537491507537464 12.172439473684005 79.248767513943378 57.595478046610637 16.833038261961676 42.468278216330248 90.919115411138790 3.917073634928758 73.006321439046602 56.384951261496653 48.167255632005457 60.961092222363142 92.531761571165632 18.736608939910070 57.045032117670594 18.759830391278044 88.677901298328337 62.286983119580071 18.176454398694240 78.206772650603355 44.016772012889305 59.963022832403503 58.223748496279683 43.387918563108208 2.049990474165286 83.113832993559043 48.651549313613074 62.953763937468629 17.098377044478397 19.877220798714390 29.638681131748889 35.076535430052893 25.054290742333407 53.846428788742010 83.860450084002551 7.214443371017421 68.810986003157126 73.790998432056838 23.849849067673802 85.337713507890427 86.943653620469803 80.126880841374572 83.601241354741319 17.823625181734759 45.057496472959592 15.596478890849941 78.056692206903335 25.059614975272162 12.306047892875249 35.923056259941688 46.097876246660896 96.394549049482265 98.983409868457386 10.063258972809441 42.209703883518593 98.181873404071666 17.816530727707335 29.696861826160514 70.475979092833867 65.710776599927669 41.749426287890635 33.995050054105882 48.249563542343147 93.952528210547456 68.497895740775164 65.591174489437691 69.908041549635172 6.038012355932865 65.073344923276224 89.618074250137894 40.611631432374338 90.163325375722025 96.518047551016394 80.328420443474286 14.042280657881678 84.327622795970910 74.411565371970639 13.485909945534146 40.978001396371354 39.924011419248473 37.642171591096407 78.192560995325763 61.570157365354753 54.586318610382591 38.052874677028690 1.162235537752454 37.235414312229295 60.077540061681034 95.760708579063319 27.178903978129721 42.413048456932088 57.371254854493280 31.977108734305904 99.998661243323312 34.862707935853457 66.538280952113453 77.815238830652760 68.195126457932034 27.831888159566642 72.126364369083447 98.416005311560212 36.944959560094858 49.319169567664275 1.979411854562652
8.490136533108227 34.396086530891438 20.827827999710770 86.795369596500009 75.134332289941113 84.968956919543217 4.143631825817041 95.208210315674179 37.812980116238158 87.552499519609839 20.227983425275021 30.181311190756745 53.493394947586367 28.812126792731497 16.815350514649651 60.283087768460163 67.478661683322045 94.789893795189357 72.800820565877430 72.996296977028138 57.248221448143632 57.290298811136530 8.728482645593537 38.203055198247206 84.754365960830796 44.786010644641102 65.013313156403882 65.526240289920565 17.168789706769005 24.735913163528490 60.716632453135958 29.220474838603028 41.179630299021618 34.338121977818950 92.814169024044730 12.062450582600803 50.649895151660786 33.440187866333062 56.266944186361343 72.576525146423975 15.622076857717261 25.826528777953360 3.792977517913332 34.267453790710242 72.054690906554825 62.841504836010110 48.525561317871357 29.955914445507414 54.835255436653497 91.687744914419241 67.929054075549217 28.989923702668086 11.095323074619079 5.832479927392942 24.072730441394409 70.111740129875983 96.004667154735216 87.890626933929425 28.164848165186619 24.705636805128549 47.761240099430701 72.929318705459366 63.830063064065591 63.344354578532780 49.635157969390029 16.025694000885583 35.872824244086566 94.683860788791137 52.819930796842883 23.649425931304037 10.751292032698201 7.295962266439715 58.951034183785445 4.167863264750360 80.325741017408831 86.127767670669826 88.744778497634684 24.721187417238642 81.187779456183691 59.568898254661349 75.522718612684741 94.938965763261891 17.989777707954644 4.435988608082408 86.889748506763326 95.657600339527534 89.336182899596182 48.527149003839689 14.423392744379038 10.328824581049235 41.991980744652089 79.199074007458165 6.563909658351408 87.538378410842995 71.279561330110425 34.016258251721254 87.157456485688328 62.342073592785916 67.750042710367680 5.944144965719900 78.403100390088682 27.297410680751156 68.395748189928455 87.189472680049803 63.670663644294045 96.884056173968375 77.527938532539835 24.761858810920735 76.320603457118636 41.541366886536323 69.934686313227118 79.356064524142155 27.157440479691751 87.174844771994159 96.501101861850401 78.138571224162163 85.708834898380402 30.356158403129562 92.708651790250642 71.861634125591650 24.920677387464497 78.159634718019788 76.330308805111699 40.105910507516896 53.085750682893305 94.482054328143576 68.574664372043401 54.731637126536413 7.723505348975845 97.824541261577224 2.324083372290964 63.620061871867925 94.449808167388710 87.309690922387333 67.874543395298232 32.254413123114354 70.046280175150287 23.032508636500605 72.740841270685891 87.532535283057072 2.787832556338032 60.527325200869939 53.146224947278810 64.257822357726596 83.295712792240806 85.789460071032835 3.372680931245831 12.669000399150098 36.887901546415492 41.355424886266967 89.975684318723779 90.990894408983294 42.101403971118813 12.501632092488890 30.527019516182630 97.561368769688599 59.964501097731983 29.937334754668210 41.476116397127207 61.449398576480284 32.152992841154251 94.681595719221050 65.843517142436696 69.784389766094918 4.232866889795083 90.530172588704829 44.602402930405638 29.669841313917690 44.383498960251110 31.742260268064282 94.616139296547004 14.724606509494208 15.558028847410721 57.248840853555436 23.359104056177216 3.919019660615741 63.959208205266805 90.678495643533182 30.508087063307610 86.263453381579623 70.152122039132962 82.431743298091220 26.818509585346749 21.847562410361210 27.294116492414577 71.466525087647128 64.504918796419332 61.663699216029201 47.420419635254540 71.538652110415896 86.735357905778613 57.799067480033614 95.335908885311795 59.791471176656117 96.562621061841085 98.556606165268960 1.178106232294462 83.762827760002295 50.689068244367320 43.067305617405694
23.726740383841726 76.844975159236242 62.154957700987076 80.644289784363380 54.532400627988295 97.420018803422053 74.857904996451126 47.153437116937461 56.295392018620205 17.265338864235535 11.578975531915381 27.685413719499774 51.199575902218427 32.869612175551985 15.543478697679870 56.592997306976898 45.996625881822780 54.248862947303756 94.087047843564392 27.045601268224861 16.286878794890825 59.488599010719653 35.755696802840497 35.251803428841185 66.717464368120787 14.642238286147990 5.266749026930695 52.532748317264414 10.782449104527903 34.016365538894547 69.283701870609463 77.304294232365507 92.422936773805091 98.611577555176538 75.623552785821929 19.389060520454780 49.964771595877856 26.903411209812422 5.586717314876632 77.136410128771331 92.777636472029826 5.267737701652287 74.587562615392969 36.125051896385564 1.720381296117579 67.986541309104339 25.768783220350876 49.111802487258402 63.309035734357089 20.682266099722657 50.305892617207149 2.935090367787818 10.585368881076684 85.954109169999612 6.870508885731985 58.035190821605575 35.115265639100492 49.840096242504728 64.100265854693362 52.146149398362418 67.887980325112508 57.263813671777598 92.045243490206573 38.860173402754427 46.519760290990121 14.493682585953959 66.206999853488526 2.980907254041298 83.708926797976773 30.238120436813475 96.232627663403221 49.048440173367347 43.291866312889681 23.627632346954186 9.064239053413514 38.300435347754089 1.549145361880455 16.234442520806603 44.139277039093180 8.398806492337641 56.430725388336569 51.548156476866339 67.314052398053192 23.049279830297522 91.877501154060582 38.266343359946816 50.237724229677674 10.592033502299280 54.525119424349754 4.428612625373162 47.862767469519120 21.867162073166281 17.365374383152655 2.476744512369788 59.079711260286935 61.946424026618885 50.940521363006951 47.789865638156989 47.989404861447539 31.838026009550301 73.722212225888967 96.699799534721222 25.280364273445610 33.379988466527756 77.551497169267236 4.474085415166851 40.074256125138859 16.713701037565830 42.018178630874971 6.322522341937709 55.807953397315970 94.132297217555916 15.924893499066750 28.233616755357293 3.484308064484631 95.628698363035426 78.421431878699480 55.740967826284617 57.662078059487790 61.311105812765632 1.579500444596205 1.895864752489640 96.348731477031151 17.550435540859855 42.499966571862949 3.841798229163451 96.706834830989905 98.119672875287563 78.501480964775723 24.314377028225366 49.516204551432743 48.737626714457285 20.809212569371518 9.040207279233382 76.456190281684627 9.158971439328189 37.114201723885344 85.449897884749760 91.499097323178248 85.153514229038080 66.960803524531173 83.006439315066856 57.302413052287463 76.161488050765456 78.249085346261481 47.812539547359499 44.408251990719386 63.897893024058540 61.024202718697637 1.506488699262298 37.931321575601565 4.519493404860708 38.310139283038779 45.662943265780939 19.292522675019118 18.465134535499029 73.091721041053887 20.856679675989497 99.097442089578905 84.060387551534888 2.445922257509836 34.088673601887130 59.274394784578732 28.908570432598790 51.990749877169293 4.852824141301870 4.673027742292756 3.041715765344866 19.034654770828762 32.389765905943982 88.063695318235844 95.568416409964669 32.865744502666928 93.314173859144290 75.390330905182992 79.902698155908297 90.233390271424071 52.733491126840704 44.998445740969949 96.046856876220929 11.869527192464924 11.864961864924306 93.520423279877036 20.635295080165861 69.290011942268606 57.038420214912641 24.435446484119073 98.098461776304561 81.224976811828057 77.900548654549269 90.914359941004847 48.932731130167241 93.703603143672296 15.252563697568167 28.238607748113630 45.516755953754448 40.342101529449671 22.242139717235144 49.581193227205823 48.256113362997077
78.418161962248817 32.531133415437566 96.600609203928727 72.035244703578570 97.128224914515769 50.297462843494266 84.747971833893686 81.935488906224890 53.002975203600776 23.881640228920219 70.233176283354169 48.975994647080135 52.996379444647410 0.479442091811444 88.992425502166057 8.598772709065505 7.267975299558938 24.827603223185847 78.985919779079069 17.162415320345893 74.629715851808740 91.601470630517639 55.608505503363624 4.516375961607732 91.029139592265821 44.070675795334488 20.880720952029264 37.986870421752293 86.753156423369930 56.251471448637361 53.988023193387136 23.968917894840214 92.387366367026488 22.602843926047591 67.066770830762167 51.981548023092202 49.770174992792292 76.821447352537618 72.964309400352207 68.506075817716123 61.318556565446244 96.650957235994525 14.946945238400177 26.780531293559619 29.660143748243108 16.810730235828018 70.412934731403269 7.470311156542042 9.211575666878257 44.942253728789538 78.135928080971894 3.073521776480648 88.649100472658276 66.530600617033883 40.618703138502120 65.935662217249472 59.350169074897195 50.806357415420692 90.279792624594862 98.756702259220759 5.664645809533820 57.765978130123109 3.356008907558394 19.384211188427091 54.728411413062240 49.290056703481177 99.007212102666287 34.936692519642385 99.993352011946939 19.098972710859595 61.172355164920667 64.165290896707333 64.360895342320759 7.558066220592607 57.660310628860834 93.898910335382567 50.372711329645746 76.290012095595188 17.249731487809207 94.870412138258999 95.403692664512135 6.860873156157654 28.413334922468636 47.662007734676315 1.074216046654153 86.887439530876620 29.216454211458320 20.389859963735990 47.019862133786020 63.022211265440077 51.861934738441029 97.309414258448754 57.418272330068746 19.779669897388132 87.160817059773890 61.278857134119981 10.000693799517069 61.391641380397488 58.897309335291261 20.786962098224414 80.445819516433431 62.926735544365300 84.476002094897268 56.476422895333442 41.242557268718286 2.051780783584722 68.961652763410413 66.396029300092408 40.956400754242431 78.483499622917620 36.148620955040030 8.674239076956292 64.902117674645211 93.908520103811000 64.041736834354140 65.071266808896226 72.853374140486324 57.723614731152296 84.007578605698129 5.114928921273910 49.074525761369259 26.245986589426984 41.789225798345008 77.486842698063100 44.272232253245939 66.362179969143170 52.747241387708343 73.786277869588815 4.715535030843220 59.414627461238879 72.090980071994039 13.857236124595584 16.328677252785795 18.664283357537158 46.440444941119864 87.887324067762435 9.858827413121707 15.612357330472870 98.244755321227061 73.964716962822223 64.040815006968003 46.132662926029333 92.882610390576474 41.561794548184253 63.341505308291090 18.591104554675798 48.947822463154466 4.992370870563311 9.153412476681510 67.672031002634668 7.127201312514508 42.296974618544347 38.722888724635517 57.310416577547265 7.936614179611146 20.058426684413721 85.111155191147432 84.203121560783018 79.255911226797735 63.244565931325539 14.416738663142770 69.801567572856669 67.505846821623933 80.211513093455679 62.796307347725879 85.921117714933914 8.319655976542473 92.981789406682665 17.648855559076580 99.058636599156316 48.565426416076328 50.172718526220969 58.972558149546629 13.069550151779008 46.688426453266821 67.389398380635384 34.213805456312066 98.180397396359567 19.166910508754086 21.589395971908012 85.283932591816821 59.209529608763170 73.030140322802623 93.383496257868572 61.474920381215583 65.122001202865832 51.106024362116678 15.422433967630489 58.103836938746298 84.410966353371990 57.738797665065057 95.219403408532102 53.390313965629296 73.702244745733651 5.444427474286229 34.553967107356641 59.879079341977196 97.792792110013423 2.128217033688418 72.233381500649912
91.947434761257099 58.283547711548778 32.307862484876495 23.085620990028687 57.608908486334066 14.299521460130894 22.448969599116385 41.739222911182758 65.713295914108357 33.107007690531788 23.557135900277217 75.843082871363450 63.067975686795130 84.447222244677846 95.032349501577940 48.488801864524987 24.959747247696960 45.862519705105086 4.393273312239088 42.078947123938939 50.936949021254222 66.975747671383061 63.485938582896942 53.265984279943105 48.484752580929069 99.495346860383933 39.150546143439691 65.265936121143511 63.240784000988192 38.098485385132172 51.971021060300529 96.633863859318026 75.243281363603799 92.990992211196712 32.669427476248302 99.584250908483085 76.853096592176456 17.930420513105439 0.584365357339234 69.998966637389614 72.703003462090450 46.390253495711377 39.205023806974161 57.800079422800998 36.685854558291830 11.266825999123519 45.527848268410352 9.254527251460431 61.478045516670718 18.622129046622980 60.825649207091516 94.536825654640950 61.802130852765522 64.145760420957757 32.209227048635604 66.662249871465789 40.244626748781151 23.200609850799971 21.014209719666976 90.880336615451327 0.927939434190861 27.409071179315148 65.583106383717322 83.810191789019939 38.302532619586792 62.738040380229180 32.406919743553651 36.377254674573457 37.179885355802142 49.876818686110369 40.198278278468777 28.957336815477262 49.510636349657602 27.878205925865529 25.146178179111832 46.415637251328903 30.262383648792646 36.903944379773471 7.439820030324551 88.486062928352197 9.009348748485991 49.127284879714928 40.546754005354948 11.331494482198035 57.375903915621087 76.240843101832070 67.877547708514101 52.495423590986555 2.520452600171308 96.501483952685120 29.485940008742418 80.857138282391887 4.534961933807924 97.201864107765118 91.540480460569796 1.710980838930032 0.453068503321752 74.307993772521058 11.810861573961152 56.289652775088442 13.586919883259419 20.111773783905072 54.374381592102203 82.661796783476689 34.683414251262079 71.744946517355217 63.698350082635294 75.907234516406362 12.382307081057553 42.841214114499039 70.801617310606503 42.173948974700160 81.636603543916394 80.403213471793578 54.607761839915995 23.127019999302732 96.260338864979460 7.067827745978949 53.205670778319927 72.462514749335398 19.453671039071128 79.575065374034494 93.163719341928569 14.456349180438687 92.493491017499238 82.208665038068034 97.088721772660691 13.228276357942793 89.173657111818983 82.566951117445797 90.852846392006199 75.890061864930232 14.432630941423884 13.116607713866902 73.867391462327717 92.468554121361308 46.169577581685303 83.807390017061195 13.850124860128609 95.657827905094194 63.137432753058818 74.243684802129252 91.824495394411471 30.354024267577618 73.416973679126329 37.007031680699164 22.036735364760208 15.893453594459473 19.198911301697041 68.827099434095075 5.728556092792592 0.173885157432863 27.112841939974274 33.856636271035633 57.183173110724340 49.143211638997364 53.834845736980085 42.217942025595875 74.372140677291227 18.999549700361552 50.686712094348799 19.576569581853555 90.665983482766919 83.693944889628142 59.256162186365721 35.765421311582827 46.618959130449596 78.184438208625011 72.871404066565006 61.387302200439386 77.597342292841432 72.201220903299415 15.938527122818469 14.510175062416863 53.836106601744490 97.119937779229573 13.813225590083245 28.072977211705663 73.970024863780509 8.742865748117634 39.254957010522553 4.573047547692600 80.436418848469216 71.717942049988451 0.821089150666054 72.944933873888999 72.273642909170633 14.418254077191083 55.221203228031527 28.008862356776611 27.708961937511166 62.275226105070644 20.818035039439941 21.775732840680718 37.337553908339494 38.966510311083404 28.316931068795238 27.679805252678403 70.387639022271017 55.024524890739066
18.347639133584082 94.894692077214913 90.616066286038560 52.259992992195478 50.195318267488332 89.284467722480258 32.606613693034859 91.351532732076407 8.597156220800894 56.156463172312613 67.937444456097367 56.418061160674114 36.021601247066734 23.927089187120366 58.007177152896304 59.038119920675392 69.833614540741593 32.753866723002524 73.942529906522765 45.877848291145817 74.675294126906749 23.141062263839252 93.432426359911105 27.013869318153205 50.883055087656025 54.006905242996147 29.445222399372373 10.218161961536554 56.936865614446432 12.383188119766974 31.117583897995949 98.652963967007310 8.850940692531250 74.145930452342114 16.550922266866163 4.970890098679304 94.792770330040838 82.631962957805641 63.057995449641126 14.317811200762176 96.704432994401301 7.908173296208543 10.940478191825221 27.059932021100654 46.146977518027811 6.255877659121234 69.990291220465295 96.882066989234573 81.207417519124533 15.948388441022354 53.080751605747743 40.897247427279595 70.704215750642035 70.264664348595517 25.191295900115250 37.886520723985242 43.069678658979896 89.264732999913875 53.223459006032172 96.351414479729158 50.583356996339546 11.371605349130309 5.673464709140719 92.128175494581370 96.265905832062444 88.382264465075068 7.664159774107182 13.449099446509049 73.838443332950476 75.180352589294301 44.445173384326530 40.010662396897857 10.520742169694120 40.758756525213066 5.812361518466059 29.546686957951497 29.444981671096237 27.886021401536098 83.451099731577685 42.419554022729635 22.546986474339636 40.352255036299489 87.121045393411563 68.969807263923812 25.955355298260272 53.773898665198857 88.872633603094570 84.260226054563248 9.014370998009158 33.734879655937867 25.199211941636655 57.673056858201598 67.436454005411633 99.248123414110196 67.269621696272580 41.726443177076320 21.162666461651568 54.679042064125014 72.064504705342145 59.596235650060493 44.586960314332678 86.894102814316525 66.859125458023243 45.515183393920701 25.000664222650670 32.854402701189699 75.429656423008680 51.770522775674642 19.435125592068893 13.479022490756897 37.926609337981063 16.983456447430921 38.236249972373649 42.310472292847180 55.422267340414969 40.103777605672285 58.852635841261424 10.049052864191211 54.875628922734109 85.328569026268696 9.737277952782863 90.553203546657528 63.090800833614637 93.213537962877638 6.818956682529786 47.050421912177285 49.178243174268758 75.443091022882385 61.718809798115579 18.971109100142748 33.459480788429140 20.703141337341236 3.755226217730478 33.198847879936523 86.214421372057743 26.940025659435150 85.564093231200047 90.701028885252413 8.493175510789786 81.492693535623062 42.908421332001467 97.670353674349343 31.551645293322583 34.899163028562519 53.441016778313930 44.475423840843085 32.885091305822009 98.606832539765250 30.558412272363810 37.819064305766723 82.713093836935755 10.310910225428438 69.195758194393690 50.157898255747426 93.484610554833367 4.888552178213700 4.507846261956350 61.163871429192461 41.488507447203105 90.875837594069623 0.177095046372489 90.776188671820861 6.447739784164042 79.002019400492529 14.799434018992407 44.071411918544143 14.022058723189346 86.647369098440734 91.616553505246728 15.602756998111944 34.680308362067116 74.690502247664270 47.747243969070908 93.741591668886443 30.477686107349133 10.665304080356785 3.046527414464961 47.683287740472799 47.648571741282751 22.432144847675573 66.315893602520902 94.800964138013768 68.077012326073998 83.408530843339889 7.099392086882816 50.328100271763113 41.773183496669496 1.369202611345277 52.283196065827852 91.989456609568748 38.683504864966586 29.910392235629491 71.986715162520696 75.365500030561947 38.592448993325398 11.287327515494406 81.262595983291348 55.956334261671095 6.237661680545292 51.925454368242441
49.406279534223188 25.765168122875714 1.661538045005140 37.124292599927401 27.768130608315154 96.772016879835320 14.101168762750438 49.210445589264950 48.280139326497981 59.338002559465728 63.873526468068995 28.021511802055798 25.209359803625663 3.412352073946467 44.510269295958913 98.155886169571929 62.055472255474506 88.434968320661838 46.436522904929781 81.334394860782027 44.501978842031519 57.407497297418530 52.042343081468736 89.903630803849268 79.367818646596604 56.601576101860573 84.527716112307402 6.576799885063855 97.396608627153313 32.019920535483472 80.701857804736946 96.749244250041471 74.536776270247813 69.642611457149059 99.331302810382425 48.370391596194132 11.037066077185720 30.361344321018912 87.389324193445006 49.249824947410893 30.347179738388242 71.672510830337657 45.068298681622444 42.596443370433292 55.014569963950620 46.817648320677783 75.327809929634114 27.101781722122396 15.226357043467932 74.897045198435890 32.936132059164613 48.076155099792082 78.473088678337405 13.598754535018632 2.060388435311167 63.269940918206338 25.923180056101870 60.290741933717520 32.305508885947631 89.534329381670503 25.942689531531016 39.061692491900423 83.670558694878252 65.386254490391039 64.923799958176346 86.345327394310786 59.604284842798130 44.019445503355911 10.381265223658575 59.518715423239534 1.921985348675759 4.665046282221708 59.366203149567298 7.919518358808664 57.993300726676054 4.329254621544720 70.057796637925605 33.388562589075185 17.010952163821745 24.451817782229256 23.523440252570872 41.729212885675778 37.744992231145979 86.010086540735614 42.568745821350326 29.248637450758398 93.704839456643228 40.454501415681911 39.639707219592623 53.171341971820532 42.620328210581846 9.237418033687806 25.372270408995334 15.472298977075949 9.974712107093254 28.256310676717867 71.267317759190348 77.854128693859948 84.355776785550560 54.792235125093789 38.693927772358428 32.591028967091319 34.595818204055938 54.858443398583582 67.419951595483724 79.816432017414314 7.223348090481574 6.406203204393979 24.655814389341714 73.248524172732161 67.915967896631642 26.764598534066419 51.135294233875996 75.988189455135668 3.554631403506270 82.795220003049081 93.920379681224290 67.270820014698458 6.788391192787757 34.823239248177273 73.613229899788138 66.687698250213501 9.885342920375550 90.797003264231307 68.524657605226665 92.658106688620521 35.784329296008302 15.063846433756623 30.809378742642423 67.607316834674549 68.083902842428401 61.094409609978662 31.822307203724897 84.027868657529098 91.292840891677670 74.319392842859031 21.380184101947485 19.596969957230691 50.271563516672572 20.795600519472266 20.333858519165883 40.975103055730209 60.669424404496233 15.229860615914825 95.612258373291496 24.041158424914876 87.960985152255404 43.310162239440139 31.047970178890971 91.883045401699377 32.733872810269673 68.416893212760968 57.570577251925506 59.503098700259436 8.474769144976079 88.695252835912214 14.263556405944932 29.454199811324543 39.923800327304370 36.763534107130823 23.661142511646794 24.128207013318814 13.147508281802978 54.722212782450065 67.748552375088082 3.306486829619815 62.040310447722803 9.732271905308155 32.200976496579692 70.337452736256566 95.367140883095800 80.781821823434115 20.806619834849073 55.418083996855053 27.588257486474475 92.190376181044016 81.877212780381285 47.962434712114224 46.688194061778162 37.669057567984318 25.492154764490071 72.252283053248178 47.637813837123268 38.137461599773793 82.413546419241854 28.065875054839228 46.371865911710195 56.128149696005856 17.099658376851345 38.010438197562436 88.263163236356775 9.224985760819527 11.219266162783581 91.119297836703083 11.210655434146133 65.315324218635240 96.201118995963782 61.160780421518510 25.966447900649037 39.613288233223386
7.256263823068521 90.201096323329011 93.745877611287654 62.657659396437850 32.143153420701850 12.774915464097736 74.051967981784387 80.233014624154592 36.173528823766787 21.369928714524978 74.517171107132924 87.568117609033777 51.844680410166013 77.984933625626610 57.709927695021904 52.518046165021858 76.365063367581271 85.888533693050974 29.815327556592862 58.916682697145376 85.564522228703439 17.019814491483633 12.492968895358992 27.776492961425227 62.651046283307089 13.578993863598354 89.246028201757028 75.930263120484739 5.448386432816754 73.209846858900761 8.068948606150617 52.983536853487855 43.513842639007279 66.924943599632059 5.271759318186787 16.625368453942713 58.751050650476458 84.060609335014234 83.896622694969949 96.216051253620194 6.375261283813649 70.896359099703275 91.286900449882296 65.247270195793163 42.347047033836162 82.316641421997943 8.619661291850388 19.381910163036899 96.192643059566478 86.213350624582830 45.829986603932262 21.789628407937677 71.523902169921769 84.432134006133737 92.372122079646715 77.406771594093385 25.216208698780285 28.037967076120918 31.981007880049628 21.241519593320067 66.560087312541668 2.235180763263933 20.729285651068974 96.019379602041425 97.908676160199079 48.063029644425015 34.992459203260950 78.043238974762829 15.775378619337010 60.446312120409765 65.030580571820437 95.172685731684396 65.241276769883456 62.061612246604128 93.019432217551596 86.485561588417681 2.662392998096008 41.660525485029375 60.805749304399903 88.201372055581757 61.229042552130885 27.042321126962666 6.888900955490119 9.528835617225194 34.346729869811156 25.458698339645458 49.435031418173345 94.429903464101415 94.002996329763562 76.315772403975373 80.414354017077045 80.665845392263222 80.108665839057807 75.911385955610683 23.780160099179092 17.987376355450312 78.447534088466938 84.906390577508859 89.969803541784188 12.120344878588874 18.057542923018154 12.261012366595491 42.239281270354148 69.323156646215864 56.748948665220176 6.004997924483845 73.973961078662285 94.978057979434453 72.849062369860661 44.136576739763477 2.330336492473817 90.650737541678424 93.855672166328105 46.414033900163417 43.067453090994277 23.556236538328335 37.582629532543422 24.906164788937936 11.206154647552625 20.848489261298685 74.800288493747843 76.447917885999672 34.280617864286988 25.948408261862365 45.341984171285091 14.106692291854406 39.940665942444312 98.724822118490579 20.586279752702964 2.568423165730482 72.060727553446483 16.794679277656467 22.420180894266263 46.735461840154905 20.632644606674290 35.430879940590209 79.218180658453946 91.870163581699956 56.687401674766349 21.885892988671596 18.437651706760850 13.433708712240600 14.664847448058982 2.227590383703026 80.400992277401357 71.411586946083816 94.652520351597531 82.110023323782684 80.116967532432355 24.840829042126742 60.652818911593222 19.100352243176033 73.480949177351221 71.625126592213292 16.852148774256115 75.436217821484263 18.515566494901449 47.848352625048044 30.547980226507377 22.698413566706364 26.152708566755891 86.004410334915946 30.508901623302588 8.319555868620798 32.752313935839936 33.608733901456553 29.445098936735981 39.887332822064806 76.148480928854951 25.037392154578843 49.016570705657948 56.162191639888590 55.362413765759491 58.017905685103912 50.639927418642991 84.094729201011376 22.694415023523174 27.366322374206355 80.509545546453069 33.009045002826340 91.752640648304734 3.853203642382352 26.853640899711962 3.501293932763094 94.891055812482179 32.037373692079719 16.142939185022787 67.314794170087538 7.907478335369056 13.208942217252295 19.256158507634403 29.967626743258691 54.195701930438730 64.559170810161362 70.762187511118924 81.209650029931240 97.115761421077522 18.954752035887978 79.869235771243453 88.994292542635876
30.942578658994524 29.259212182099958 26.118336100640150 0.201387710962064 69.569382316757441 76.806646290932036 34.971803028973078 21.207857877399604 15.552848461643819 10.131820131380165 59.817042411549295 40.987465015326364 38.566166944098200 65.418982394807983 76.376514592342190 17.227046765916587 6.580612350992487 78.635471141120206 26.525450062794697 27.649860697407046 19.863586422086399 36.008836385470907 18.323568279989509 82.988854859198440 25.576760996532457 90.854171739050543 69.310089444901976 43.709768507144119 22.032248551561807 86.267865405722389 74.134500063216208 49.248611549718731 11.183253556168250 72.135796782564341 9.778540048920291 37.751583244243356 74.494925130527946 97.823289767622512 68.012990604714787 59.860155616339007 76.534659975843653 30.122947600766704 57.230893528584367 72.881071100894815 93.724499976140947 22.559619027419174 32.111970221999840 91.430627944611700 80.369658224139712 50.590946812073398 20.260523271971444 95.468436140199060 91.788944441340945 49.584873941653029 70.784274855096811 63.205991470413359 79.925948844398022 20.545057031028293 35.877332270550468 84.238978224485621 52.166885250447812 9.736822602799434 40.109050940725851 60.015953341938065 35.473201306587789 71.111048363891882 51.787657114394371 14.318701688622770 87.735000694891525 47.384328668535282 83.043400906996851 52.978112391745000 44.502774187721450 83.724364935076039 25.601772272499758 78.726447006596842 26.299066119685211 33.527690059789329 49.286066068915893 28.319258034560558 10.378614591828871 73.335276159175706 42.974888402598822 75.394850629593677 76.970327313326578 32.992251721515551 92.432381325806489 9.903762011735695 67.669153977328449 71.137882435956570 13.802917392427428 75.104149103217949 22.768503321549151 75.290628797076977 48.390724382863496 80.326581913362432 33.728830567395299 39.595495446176912 72.000734285333451 81.744003390063341 10.765980708401457 36.882670518760953 1.760483549527936 42.516892330415125 17.073269741677311 15.559740314790849 61.102671080494552 43.728529961913374 77.439260290276238 40.328690887212936 57.270189296909003 2.884388244241209 25.198430663136108 33.287453705696556 3.517325833321183 86.252653673239294 61.279020843844989 13.759300199473223 81.987433195723639 47.616176629292760 64.687794039918828 25.462833905161531 14.840784128599804 2.047247645081052 38.730380208795722 83.954980490443546 36.766161553236408 55.845450988425164 48.440130708862526 83.036405407169767 30.532321137682551 91.651102108443396 26.349268560877970 50.956942492160508 29.457023635476244 92.149285960975746 7.921172199618609 96.977883034445384 40.921365684401835 93.541959836070660 61.631760560864890 87.820822597276248 77.661206271850730 27.142545283153087 22.060274437309857 49.076572211400318 8.317271333612275 80.886289303365359 81.308376779213745 98.013309159597355 9.241571809075488 69.410305381557805 94.782839054271236 34.928921460540849 32.593775687638136 62.588177600988459 76.407676118004858 42.117861882672649 55.607885950797687 68.986330292336476 98.548289885704065 33.866171642898657 17.283155059269873 65.662729177015805 63.944771349128985 20.689984768582569 95.103047501987618 0.802269504998887 85.064761995927000 72.103164886371289 27.346266687487699 22.008566944562645 30.707399584763952 67.470299218514086 7.271510825227745 36.343062393662976 1.620678322003377 40.192429988287273 80.809918092425860 82.379792151957432 12.074779860505702 84.464595827108653 80.454593457734333 84.872644334236696 38.746253867446292 12.864109040935546 65.295373259938557 9.853488350238182 32.529154364228688 34.885829333578300 67.509416960606487 80.841088902388066 2.914866972887298 62.691134061752805 0.065003002103659 10.041787083094455 82.785607948361772 40.720009895770083 53.716006502786904 15.531249657461366
67.098936759373444 54.939037856627650 0.482498355532213 79.407932970859193 52.879014422632117 20.891453945056647 50.115651300843801 46.320476203630449 94.685469907929914 26.193403241916901 83.032041101582465 83.274614219176129 83.679012489923878 15.561067795462369 29.960390092916523 12.699322934854996 83.435534454312332 25.318644317168349 42.330187317811067 18.533510671423812 23.760855909366938 13.435739743491704 18.778241128778095 74.228152336790984 84.713371429602120 72.102192028453501 18.797373851122657 29.520858935260176 42.515072836056397 99.901992733263313 21.419173186555341 21.654834466155258 63.978511318150630 68.686996670336157 7.933553238904456 93.992402557157234 91.624228953477171 74.799663687951153 39.016876284658373 11.829179973397085 82.787504537755666 41.069887158384191 80.844236975597283 56.555895907910404 41.328974315647557 69.058338709327614 48.555027819834031 21.273537341938344 55.097419376462540 41.129795829682237 82.709278409065632 68.253198391470448 15.058343589821266 33.031952388865335 7.624135429879287 42.267722215615890 31.637322283979085 42.808226598412155 88.610744617752331 3.075411893907032 84.375111517828188 39.047193045756245 86.143147370213597 5.398696221519305 75.843248736697888 61.246923432884195 77.910808767353373 26.863349811002880 54.601148808503261 13.631905654197995 21.454531895022821 98.925224099585932 85.100012854880973 2.869764934694874 12.091919202424906 10.719208808374026 25.189836631590989 3.762032514158720 26.941290549445540 47.977262777551758 27.234890272353031 23.005276646056593 19.997463724587060 84.912044695064608 69.685416615879134 44.051905370896392 29.607912558578462 8.864433347157830 24.707905774100514 4.136309592312570 42.709910308370468 19.960274922721222 31.749547473343011 76.703223910753238 26.333968298158094 26.269471098865559 33.883455180126219 47.923975595874580 68.164267810924684 13.425960563974693 13.454570881663253 32.225369191998880 89.956819695480604 74.508202827766425 57.048034010487022 8.561969873968200 1.858496466374804 22.915273452238381 21.308422222466184 62.383240205083567 63.308824920212714 42.347659185711365 97.566054884199659 26.093605219818471 61.353787957874594 0.018637825610546 79.333300193775742 97.332466384291848 64.991106122113834 83.616267647864461 68.993968675502231 23.064868491619382 10.808965790816016 60.301541585626474 43.977550978350081 65.286294545943065 56.601724319775293 22.789393811945146 88.747507777599978 75.070747186865034 71.594488423799646 68.621214068806609 60.834663105635897 66.745311289865214 34.004413333134643 74.485168794550148 96.415874556338593 97.326269160722518 98.466943605671275 65.673954589889206 94.205251784442339 50.081693430573559 75.673186815298308 0.368762698623493 59.862745816097515 66.579914167487701 3.749085302318911 13.581399512921577 74.563536166967950 48.685032337396684 13.349784314784753 42.475236495599511 82.599493774780584 56.279635645222179 17.089642805521144 21.656711360482074 27.283293455961910 24.068492996990187 4.517631794227206 78.505026950798523 74.361354039345969 85.910720647797447 65.905525739028974 79.934606091553533 84.422610663435023 16.120470442807743 92.502836155285323 63.783545730026269 30.934659983253574 49.932343510546040 40.256192192023086 38.595638192399853 99.590239472840082 46.950994877857731 20.792343404538226 81.700988380020263 28.587426677163354 91.452010558255097 76.811801774815677 70.093169540617183 86.435239102732993 67.129681519762244 31.866302848669836 67.904108392121060 21.758963870426207 55.713484161943214 7.693695085178110 9.091231181882787 5.473295238009824 79.084350508652747 34.246144931365421 40.269442532009435 43.630514590066483 37.134064146048203 77.356709242660500 60.827229133153729 84.910184647915699 34.598000230502279 41.458808904205725 0.155851801853479
65.079321809818438 59.656111280528137 17.710084670236959 56.713822273304700 56.835045911873024 45.256465043064296 93.313333467710862 87.837618052249368 33.411913595863339 25.761573205225329 15.525550747759487 44.008592828338166 29.006910294301246 97.568809576124096 10.882406340173089 5.789494209245816 82.930762863079650 8.063200079359644 82.457913313941901 57.047535329246600 77.079955876022623 78.002509962040619 74.571441755284198 73.609141495982271 84.972309859520450 41.744970105596416 19.074032220634496 25.514710329300392 2.693863904298843 66.890612193679289 56.682875921580845 79.699677259195340 71.251540360866230 21.368479420050470 86.809942739613788 86.958548967404468 8.703701510281359 30.843963791963645 36.364998851987743 32.750304097992576 49.622299025740546 3.613157755003338 61.226469241474611 42.532154094703465 13.046385889556934 7.280086838989686 68.645546447856660 63.906807838414991 4.508955314202334 13.005948540846358 10.458371453527192 22.312598091994584 40.557340193425553 40.570127476015372 90.014242251996706 58.814251015617913 28.068322721347904 87.165873609855112 3.132810220270932 76.719936801644820 82.132859143618660 76.420825097484169 70.169898210327659 30.716153922273893 71.862052650849932 74.915384232599123 50.119361049114943 36.592642984585588 55.871401837070586 16.927904130450944 77.954851865193191 92.466154421172533 16.933625270555495 14.960903737448138 68.309350881028266 33.744242198546623 81.208337047195400 48.764542549911113 82.725405160986568 5.639658516349566 56.708164601246722 30.512691487213871 38.512287513908220 84.333516059717311 93.103806272037943 71.535456233909912 73.169578830495865 37.001412008918614 87.195484024531837 34.169578304157156 20.713878188619507 2.245971389419843 88.078084285219305 56.986573860912934 31.382320958410325 15.752405929905001 90.479750754198434 37.832859234397510 63.292239628558335 35.935138327393503 33.321913059730647 5.015818316555931 52.682751019430818 20.012604189008766 51.452042357393680 65.038294394058738 66.932190149051024 36.838485020160626 32.419239438543215 33.027601440032669 5.483489466227498 19.920423509430506 24.739147619857238 66.459205784312061 22.241089344531840 89.047547281462599 19.826510872816705 90.725417094252563 65.948264126577939 9.986720974760610 41.908798893119567 97.468182098761631 90.325203073947861 70.512755520067799 1.947316644109709 75.170182208680899 71.642782479888638 3.013155020773006 57.449517287768245 84.273121247515078 39.008695410182803 21.821643104876376 60.449249113307872 92.274871443191941 16.015489104997492 8.081363560250788 50.906890780850333 37.707601656971647 52.836051624220893 94.165009401205651 46.128974137980748 56.459940876633297 17.880216291981032 82.903677454305907 3.075835358746393 52.355703520153341 64.175360255290371 67.659349166548751 20.969709981091832 20.433704561621834 91.462594134617177 28.737993371113614 19.150488684469412 22.520539201994293 20.350971114203908 0.744058933756941 91.461547599317228 56.830281141959993 52.962739635916158 69.922320053888185 34.767967856085413 76.135177387699400 94.944853692229003 81.761693878187160 62.752601136161289 81.733624139101380 73.897478339306303 61.222385776225863 42.171355801686573 10.781129887236196 67.200662641556320 30.610749957333894 49.078521975766890 94.495734528744407 4.843614303294130 61.960147975557881 2.707252809918748 32.843747065030385 37.716155902349854 99.795860083776091 78.463011320922305 60.681285687392815 76.824477118321909 85.131565611197757 17.235495454225379 86.601822366896741 94.644736180078624 17.711904513482480 2.030146347237627 38.436357588442092 65.193638467206981 24.499828094667532 12.683525428898811 91.534421622527688 1.859779262333572 17.371516361265328 85.638696562476156 30.068354192249014 90.578748257025751 54.497822739475332
16.744424515565861 15.975601076732747 60.000141569662233 31.349614435577855 4.956864964253960 17.506757718405275 90.360122880271717 5.886022291728843 26.323535227542216 17.415060493527701 98.693076318851979 69.915142191520630 12.252363899500839 57.184495898566276 90.104307712723823 99.971200487595041 1.353493261601502 71.022585586481441 87.830997516225409 77.819815391449950 61.822251743642795 8.210116307562831 0.808425525591860 46.068435878512645 29.535173571865169 2.132555686028115 18.554455902223776 5.065522999963634 37.568735110210383 47.264307282540955 90.360282658909227 23.861123594242763 57.614262693660947 64.047111648655203 20.855359043424592 67.578642094417219 19.698634888914757 90.603547276055480 54.316250196608671 77.624437234919512 98.167600064530674 6.792461478055134 73.965311122509220 57.320364975424098 71.955657136093620 98.268334375243640 73.623729345787453 31.206548761114284 40.477867283384427 17.163923075738275 67.498782352134441 90.054695526378993 59.452274860303902 29.917447122787767 67.266535435607267 15.961031608942978 62.837020014644615 10.855956040300951 10.098901815179905 24.045109552031196 49.700210918994181 52.320371238774122 5.058168344169822 78.852908805164390 67.771537149036917 85.142468575675139 45.952453967543960 15.342555882831267 19.074027439727136 99.781456777971073 33.889733548254476 74.490224443560578 27.930493927254474 48.450121921571267 35.393586612592543 9.549782760557758 97.902302395381739 29.878903264015122 35.214227171269862 22.329651840064091 10.350818974998566 44.192747698618248 91.750564362249762 55.287430478475066 34.583105546620928 5.058173249841702 15.670447951141364 27.596367657775634 96.629231922219091 4.032148373634358 68.191880719592248 93.092800831900576 91.399305370016322 64.128874990002188 59.880989039646529 64.029888213344194 85.203199552846399 81.586716686400578 19.103067023984664 59.345523237279920 49.737437429065267 56.960255135176311 35.430080073510140 94.176667937584611 41.912968315455245 55.395083819190361 15.397196882880525 58.125729370794389 74.689210807858302 28.044351479364881 7.766870144217619 48.849600021294727 18.831177396287647 29.545031433478066 16.391664702582752 57.211428669858286 39.627472466346660 0.516926524367622 65.468417993654356 12.884541875951305 20.490314641099282 63.820401156115814 14.368975077760460 80.935173390997974 80.085926799839427 34.050743547947924 95.311280913151563 81.330403050865996 7.643323005434466 34.109197651557210 9.599394158742225 87.259987976045011 46.650996748879614 66.728335064464943 66.811047916412178 13.718828907926872 83.852142612855403 86.007705053672382 97.142908789361911 60.833373038927597 46.000340173229503 63.319961159556748 72.259230706561354 72.758226892696953 81.533149369434582 68.782103925197646 30.749677422033606 73.660184379855068 38.465823791241618 83.394794928195935 88.574369338307648 30.511150768412097 5.358278801326966 13.438935194337454 44.337306599131580 77.488054307808909 33.472078461830449 64.433954323285164 64.503664433984014 14.886321872934083 20.261968529438011 67.291715153503688 89.322901738597366 60.694048401359154 78.674647058834267 78.943894971777269 96.065092667477813 33.214678295439249 9.118304944604994 58.767628455987662 63.861396039329101 83.442519856052670 35.422096381777259 34.499217165407501 18.610616304716643 65.164045837265618 36.358259107503763 92.390987485558014 43.188146953737785 47.397651847565839 13.396921849300158 18.020466981777826 3.570200678049473 16.187885615090646 91.120511219864468 79.631132608802190 53.774962227821277 75.219136458047032 56.533039601930810 64.286237747083035 92.269386291714383 47.118605594989859 97.884019782274720 97.763079917414700 12.469083416148862 25.252400136933350 68.930034208999146 84.584693314527499 35.048138615867188 87.785621959070724
42.158784962248760 48.311178015846949 77.750304283685566 13.979967435117491 42.335249254848037 12.480309042523485 94.982370650022730 36.351193495991495 6.971384941428549 9.882659072005351 9.837003236091558 26.230189328242592 11.864095079612479 6.865349720294955 59.951152582219933 45.974936855420403 57.606601342330187 93.917386467368686 50.641131180893119 37.425392863299990 7.515416233043137 59.292852349600409 73.214436831406687 65.649062614787965 69.157100640789068 10.095613861147001 53.337169487123013 21.101487972417864 85.291260925642916 41.690783861349232 96.861805427634309 82.071629246166452 95.170360763286311 19.031507457757613 40.300824067544418 95.820846269830213 60.617897616866010 90.923741901230301 78.651749723088372 79.582269930563101 78.946334568775484 37.830794554675151 58.752056513722820 92.945159834292866 57.520369277223182 27.057180562675732 24.448090744339069 32.806164927719571 3.063479003576275 40.720878568522622 71.785325316496255 78.632213539603185 18.435979564648896 94.556673782277571 27.140814803614266 53.123207155517434 97.082748984550804 6.876973814003396 88.521892041581694 3.402426132634984 37.962973921707032 12.631388443499869 56.296699120372764 84.903980923723239 30.935924978360742 50.172359946637314 44.752178007991120 44.590343250445976 9.064879693706107 90.171246071963225 34.144891005750253 79.569056441884570 91.718308414971361 5.363394627137685 36.649110081498215 23.189049685836004 31.990699147748071 47.428204788496586 94.125884674925558 87.904530027962181 21.530990366451498 42.738144881355502 12.486005368591425 87.920860303469894 1.134717243396877 38.688388173056190 47.217166750617068 81.600615740292966 57.710754267266125 32.628635719092145 20.919232245125375 34.299020919922675 31.632847363106087 84.207956213801552 66.271114223421705 19.528996335254721 41.491708359209355 66.239407744073404 15.353260981682904 44.588108341077351 69.040141015351139 53.806571559386519 13.265371373563617 52.960563111236290 91.430592835136935 44.146821651618218 89.157773996439374 77.329171431976491 81.071303225214223 55.341840786227714 29.802463089095600 77.105273124337913 35.970023758870362 57.837225714224751 10.313588514396843 55.823410442369870 73.919988536942725 30.024506812226903 59.954750579032023 84.646989665036159 94.024492711713833 89.568048038502056 90.377876789893421 10.715892072170409 36.978674022311999 37.836290241979789 10.127859947694651 27.007677464851099 11.047035406772142 64.616973672103910 26.806725978187394 12.507997713542828 92.201125961663621 89.385708471130343 0.954215653923007 30.967455489196649 74.396039168045391 4.175396642408169 41.808406822834868 92.585216441253806 50.456570415073877 64.792240464210408 69.905684980164708 10.572712835462605 12.185588343639564 93.075259136428784 53.105125498701433 67.525373968563599 51.782994050858257 56.320222749906080 12.368459514440399 38.042933112927372 42.901982501534675 67.554002153093592 8.608190126743331 91.211687977454829 52.015221690842054 21.152305337945933 45.863207725746570 78.924703777549354 49.709028251941788 39.713574352874495 98.804465553718089 52.808534500239702 71.524292385615766 60.207067300418380 4.230897030217684 12.195059678406949 87.282922731363158 53.562313961615537 75.345140732981221 46.491755185881431 98.235806608951137 89.244638319569901 55.859446154069268 2.133379712571071 21.810480433742907 59.923536679402766 43.843674614017260 60.972160719427606 92.056312570485943 4.620528347064679 33.878283690902954 37.437582979505443 59.159756571705699 71.231322695629629 99.121291129981742 49.237364620675173 24.747501237430203 56.880355184864953 63.479851888573336 58.821084133928935 54.854353839356271 6.520156933556686 27.180207515939038 34.336643428316080 23.919652265374580 72.151512842101482 0.192085429077793 84.213326841316160
94.723510739106899 64.940740131429010 30.261338445694829 10.626490584833192 82.540597136471931 51.164261436922352 39.248868260331484 5.621222671357251 98.547382608292779 45.841014990592100 7.523561359220721 69.075545322701387 70.615607610642385 35.938257181108725 88.748486800871689 92.413051896265557 41.179835459092153 12.491659432657610 45.169954147974344 88.549242629404020 56.175337431845321 18.584815451861946 45.326885578009858 5.160262150713512 64.781087700070657 72.417085687135426 45.828618035567203 25.581261691145251 52.595950649688739 95.693393325227134 96.322374710097336 48.114335132475247 63.986542284914393 56.493062589161269 73.958965192979989 79.053974858596419 78.162305522744262 93.526215648620692 85.735746642034840 67.316526107280183 93.466925735072763 65.855639100091778 71.711709279574649 93.466309930287238 61.989385149531351 92.537158521544313 90.499317885186841 3.762452188945165 67.785761007018834 31.788250023519783 92.699118826498605 22.779697215513895 52.861749055823424 3.186203989810032 5.507860267879938 83.538423711343512 67.047914902958283 80.375281367023717 53.144760501135202 6.503572437229154 5.686716307615058 59.715900230473821 63.527273682033702 61.606265561343641 66.265448472814143 39.605791400402126 52.963095465779773 18.281901746900363 86.878133841279194 49.465461088845707 85.271371198517855 17.603480793050906 19.227669725829077 51.614547357659767 26.520041407591933 76.629179600247326 94.318361427220125 19.614761161121841 79.066852211390739 35.099942683678286 58.190389389716572 38.317191266463325 67.351259921172073 3.245040142954947 29.171711281528268 65.673220986122644 2.364527310687847 34.925609636979551 39.864308612900921 17.882401600677333 35.088452701452191 38.920777202512390 65.856669700540664 17.063675610226948 77.173531189716400 63.495303341958994 26.878625028853808 4.055996341238854 62.336891924400980 96.802811348201658 93.431147295456270 30.597646218403774 20.271621398423200 24.848906123058910 24.770192673251344 56.359141262267308 87.848640442149573 36.611070783105816 36.664371802763526 92.781765054864536 55.482563764760329 26.228298197263911 38.681879447924175 86.811450989181992 19.777725531280655 68.963588877985345 67.217390288096780 48.610764880520151 52.473633611480786 35.728203395651839 75.842449777676677 81.790108881113710 58.776683378382501 40.205642405294419 16.206753219778001 32.196776975586097 40.936292134440166 99.813101974769168 73.783450170509127 96.998719064562223 62.122621838375750 41.946116858852022 81.447015218960544 98.793475930055536 36.948860878660064 29.736089356715180 42.764091230013022 58.652641832054222 47.756969860761878 38.375381289014335 36.168946556727185 21.435803346957194 91.273268534132356 75.330663704327449 52.966003372214367 66.766840513598254 25.337180859475939 89.892475147438361 93.248661696676123 8.557557952622529 65.329416667809966 96.609367510430218 21.882104194518959 33.910778277945333 58.569685612287451 64.403500980058197 28.328877621799574 81.027381412275162 75.154674192835884 77.148336137455502 31.459386226496999 43.884956221378225 57.376149890417437 64.150514126851633 70.421105025104694 93.962555460084076 20.832640851719109 43.538659208126987 11.136947106822037 74.309659916184515 15.782846896510282 99.242234540330315 30.261522218690338 53.738542558797185 19.536856307520512 11.909796754217371 95.116079746106237 26.925772521363211 78.453502428266631 95.640321529409050 21.498578488201360 88.834603245597421 64.763202533974066 5.123868121747178 57.717540325530301 44.075388390022283 30.914273205531483 49.064897914728277 6.708966742407274 39.592138121125267 83.492129159954089 18.451800480064339 23.800332886162568 60.318488846558047 51.465640680526072 63.407843765263436 44.702203120494474 89.904265070871574 46.917893861612178 11.030448536180925
90.213561839233833 85.920584894213619 1.424719818243425 52.585533605201761 61.251709659178601 81.201367526664825 6.199132641970174 96.698029931218414 67.370955999590194 20.170805764111321 51.786156623921130 76.589930355942144 3.855366892843060 53.410325459444486 93.042532410038646 77.634661341256049 26.570284529193412 83.057932374708315 60.719840891119190 22.924421114289515 31.980886068876615 30.418256485504223 42.806574954635593 43.039051677534346 18.775865441713734 81.334939956344357 1.159166619355867 39.089853935726723 45.329657663332753 6.735038280481909 70.670411809559894 88.397633312930523 82.819045628015829 42.856585005655305 87.609681170314275 86.965855852698809 32.013490299055761 17.879123708972610 33.548656956320158 9.195844724401747 44.744408652330236 19.045970045105477 75.411591124855065 99.041054715483838 46.688395665497339 75.991856728338973 22.706700625341590 62.264264817386753 6.179979946437186 92.874756265063283 67.369577362192217 89.081148145483226 91.684426610749341 16.352950421722291 71.548745912944298 58.168554593752319 88.041286443232465 98.429465988778205 9.044635337510220 34.128493428072204 80.259670961898806 18.635405511423066 63.316273807225230 42.205998207294193 54.600475468603747 2.326717787608779 76.237495739139149 66.155655879785641 98.342338064412687 88.535892628703536 28.815482079594911 55.035735153465424 25.294002079193223 42.285650815355091 43.579604490932496 18.785234773644500 65.055313303063002 13.491892975696572 2.717051149717387 21.739560731688222 39.142515085692018 0.410025117416013 90.493753198592202 10.001519219366784 44.130936366107363 21.328976420373969 17.022902809313912 13.245227315030640 47.362490129160641 89.402215876051372 7.224682691028928 32.688209896201514 31.961037681842253 37.410610309017414 61.166670338217685 77.772658995821232 66.333520387295323 52.628874361761099 16.257711221594562 62.104785310467392 7.624325599720083 49.258897658046521 65.458763991977321 6.421476963334161 10.975180615044501 43.052839196989346 10.131862862031893 3.381066491614015 57.505534488089296 76.095081193134888 85.419740960313490 90.000017453733506 10.057912146162618 7.211493207180764 81.041287205345540 78.971635624030739 41.338291751556369 31.897597494614072 96.979597106195953 84.184501340462390 92.892588213721325 13.347810422072659 35.545815157414943 70.158201565419347 61.976418742125716 27.856327501341184 78.311617641906778 37.753216004589788 61.066727276358591 53.432282794748545 63.634280005283195 56.738704541273933 41.637247974316416 63.299559096165893 26.805490400897959 72.365947172440769 54.563669743090692 4.956286955066402 96.849915298633405 44.854833575397066 2.399887218397523 78.322516935836063 59.319229557371322 8.583906298798883 23.498310174317705 33.274903854229166 45.629431962820419 96.398280632348303 43.154283338543586 19.534854347024478 54.393767472289078 74.544852101280142 89.848271190150768 55.343598583885282 25.333907311081461 43.954246369994522 66.127468936404171 86.864386012722719 49.935416673977414 76.426013571841224 75.471904786070070 90.266834136741153 1.562869311078174 96.424489993292639 39.051765818296424 43.240342362883474 54.470271497331659 38.628108008376152 52.485441631440402 53.867110752894689 77.690625396677333 66.250216100228457 52.716291232992951 75.843219536664250 40.322454924369978 77.248439480141585 84.024697724489656 25.932767882425566 12.209261225528801 65.575914608228629 78.383120775170553 2.854948344752350 86.660447943589176 99.052075439920827 63.873763430819864 8.736421310267616 48.244978142632789 87.662894766695103 37.880442978955656 65.471295993180462 54.404126280903483 18.964686269411544 18.099720279196241 0.512685840025162 66.546907605980891 4.258937308013133 61.356098447503356 20.707007689837674 55.265484458576474 89.273367573172408
91.418973733234097 88.476532865436354 35.910798463491723 77.790274135396302 71.073543400752584 73.379129433875519 92.897656745076901 23.602999868802744 92.260976272460454 25.247077210368239 3.935282333092194 98.041194932282210 26.326043915915452 80.357991249515891 74.522610735720249 23.248349271391245 69.309553814783641 32.274921496790832 71.400698808377612 27.905233495692283 92.970401671680264 14.617476265346131 52.751099368459975 76.097331449577482 3.666462592663755 68.354319687114312 10.888840226795438 92.039829325294008 35.864727628238910 46.716451380520908 14.673794373012072 34.062066374777622 87.174255285458528 34.239362449564105 5.261078413695586 8.016769755216568 16.102150699084795 63.914067783658922 39.803034678039481 28.701688814633343 64.677187549826783 0.885740575966831 97.573347683490894 15.895264286367350 32.782309503486729 76.832827638268768 91.834251003057147 79.860281270140788 75.983177937761980 47.731989802221406 49.586221213440936 43.128789005445221 2.842047950489102 63.675011603697399 92.931463097016518 30.428003769844747 35.867749735184852 98.293188056502217 11.281120907537534 16.204508000270479 7.792466501492978 49.543490780762156 53.054301642994361 9.494505846248613 24.789727907034575 2.056897063479490 16.376083309212131 68.297851544685940 0.554532423441578 5.199225574458799 75.725146447293270 85.877195851797254 32.106132420609278 72.349739081706147 49.380461840454501 24.767859563042926 62.296101492515632 92.896000000304909 99.101389752211105 10.212664782130476 75.901472408462965 55.523371742846159 6.322554840830652 27.618832352801338 32.553527091788951 57.576590281938756 37.966666322233458 28.411558332404997 89.564710303531598 94.782024099517500 83.661776425106083 49.764520546791559 73.627150438218251 97.603664274553410 35.543796022242766 46.205333416095442 33.715318328698231 18.276386987409488 4.719643232633109 24.457124281997267 6.793443022442879 62.018186831409913 49.656690236504119 90.842148172382224 84.971013289928791 17.742251569854517 29.313739141414143 88.512688115120000 77.125440443464427 62.980253933766861 38.444025160821241 84.177076152440634 26.220429048328707 64.141064263815494 99.051295778337504 82.282151390350393 34.688891581171163 18.687140780595591 30.372187813531891 61.266822911549099 27.015075394168807 29.857626510409329 13.580288898954640 92.986711275445330 8.338999242441059 5.487117541422649 68.899840868393071 7.953286223054579 14.442113076131214 9.231031219938101 95.354887114790202 56.464633244027972 59.615715897855800 56.811100525585722 4.207219031115683 14.743379234908637 16.543751045538336 21.431917807060618 23.185359354828861 37.635541859299806 64.286894459615624 21.289441152931410 69.327671155289323 92.930488920217286 90.166966883643994 83.421897589604228 76.954386400528861 21.675733807812470 89.589608585207657 96.583863724752760 52.385098829144574 75.909374939280539 48.695597541813981 73.816042412500082 44.470407476618448 78.004944508689007 12.052136256282619 90.859374955059181 44.056719690185417 17.678026573899619 18.245872620896662 45.614019121400673 75.503258039662711 78.336729098336420 57.996859990303648 33.054301139138801 40.029469718827727 81.955048290925674 90.440555828268003 51.155217731709925 5.418020264904843 38.850628125207095 14.406994360129865 73.027695154280551 73.786917782898229 49.906936718877738 14.788882875073616 25.156048253991958 7.593554185680363 86.314843035605733 12.047623827131881 87.941895759344916 41.551725869961345 9.045725367762392 15.987258990855914 40.068784724625317 31.642318697488193 60.094623862178707 81.823408908141388 9.003493760251057 78.614540636907677 70.154923563804488 6.314852810568750 4.784899537018705 55.248007461913183 25.445744028940553 92.221525960355635 13.192744021317571 54.384467332523116 59.194185432469340
14.866248381758208 64.755337596543399 54.000395394893410 20.871136935834212 46.256435704271084 32.219997724166561 28.425409146984425 4.463512847685037 19.481013972733898 24.809159358321754 16.426052931319145 96.320686415405689 87.455288277049732 3.896378669583167 35.576256043444552 20.358749112045960 84.532950745377477 53.714338877884728 88.769725357296153 27.083966005709716 57.700407486611446 40.451688819979623 71.223579715089386 20.695496488965848 19.625831013163662 87.519565942786627 72.264750535918964 4.557146823346314 15.523651812252881 96.206911000456131 4.716036207727825 0.842488377622630 60.060481597647822 13.723364717332842 74.988276272567603 7.605308852763059 15.761770227571315 71.138228306742036 60.079437287182621 34.392104805089851 55.607362868460143 38.786207599259271 69.940687855960221 70.909831166822457 55.710136114587527 31.782150304206482 97.437985379861075 57.379036175870326 20.994795284941993 12.410483662146387 79.028444513367546 60.564732173368697 48.691475032411432 80.985290688879658 27.050171641265820 65.273165753087994 19.412789489965544 56.084626922156446 81.020555210472082 76.490849011865237 17.726168904022831 74.062633055148780 36.401205304425751 64.923276942482516 83.793099568078247 71.776311149655541 94.524539444059499 38.762616995964109 1.104279790046692 1.287821525018285 28.081459229795470 49.416969915216413 73.652063244824831 61.149452136965799 24.629462900431577 78.697592751505738 26.227168686375911 43.448485447895571 88.362439162444232 34.738870393682710 0.741762514019517 17.105994022021200 61.205952229679951 84.239308061954645 37.868254854504166 43.188852101259300 82.780428749853755 34.008016271816388 56.018757107473547 31.539817568321592 7.278234508368420 52.600104455608253 70.194771598357036 2.134211956857002 25.230635801962432 3.233569964880689 0.919511223121505 15.890581388847114 40.446421047151780 43.540585285184818 9.432903492603339 85.712062229375036 73.585425718742499 56.079802224277508 65.925131785953184 8.439242117925028 33.180391618745155 7.379266249743511 57.038730425688080 49.455490623227163 36.986010847087456 61.374489124224887 24.874497301057609 22.952972860930053 64.641883963682986 91.558522277850315 3.139944788777460 1.778282341465032 6.898326444241420 94.931428644768417 68.904148151778656 86.710362872571949 81.737439421779456 74.862727505275330 85.564011775804261 33.870482813075917 97.575195813799766 51.063684823198642 55.615715393641310 12.774393977028032 1.024460863593646 82.252300727388288 63.965064299756072 54.799937581189241 8.430462586925024 64.551216333389647 56.281743869459987 63.016368449119220 48.236223934339208 86.168002306616273 86.757758272894222 26.224103105391539 44.209634009241370 9.691932175481055 30.125719179797230 99.230117149058970 31.532992988498656 72.425391281024076 43.334919376546267 75.666849279646158 91.450095920159967 33.503588879242152 82.275707433894809 39.815387937115702 82.493614416786698 36.595198205663102 92.737382767031662 14.043864284716134 72.167303648671265 83.387197524920737 49.012325455980942 30.112766158267799 68.966106818363798 70.525143177146404 18.492944100582797 19.139297222651109 49.855339520099960 70.288375572439392 53.069080902087471 34.024138402215662 57.779726922021133 40.549667162077505 0.394634634165336 73.941439355337891 79.721422984828820 38.477918128621589 64.605360394077010 60.715986319115146 2.318691112282922 97.621448233535773 41.198958644493274 28.198186566491824 91.467642041215470 56.517030889879230 11.391311473251065 82.542320409220849 61.311301695340234 9.129403314018635 20.534268168276849 21.517683450009915 46.211830756071478 0.286229134422589 32.866302100671874 25.546232058872697 92.285935223474226 89.902632781120772 40.409293418429336 4.316167774533753 57.119491230867027 87.421272829694914
42.764043208052250 30.048785248006471 7.182253407574124 88.437500534095975 48.791057951427263 95.024485627761123 84.845291024141460 49.401081108757197 67.584743455253673 45.566087155392943 69.611839334261390 37.425709512776486 65.768496955617962 55.946334552912866 38.802788333515601 94.541041073283665 74.842055814940295 4.307746197055673 26.768030767579475 75.420225153924505 31.165586858251416 6.808770187860613 77.300452759679018 92.744977384493794 33.121202658088855 52.500980158833791 92.088726621661365 36.958342502494432 1.569688671807667 13.678665395823341 31.669709285914195 58.296102605118492 10.919861706759226 30.621042759401927 84.787991997087147 69.722109239724361 77.527601164474589 22.639385541082270 79.652211487855752 74.472666875009750 89.817081313820793 41.198393754814944 41.501555477683368 59.681298356669309 8.933972887158570 20.007541446312761 18.251275482819331 44.435206135535601 42.957771025970395 34.371288022517376 87.706556830453465 17.721549400292304 20.522714386037521 57.014598935084074 41.434618441464096 22.186046262510651 29.835558271970942 88.748464221014729 61.215532846745383 5.278814642470886 96.042656175610944 91.893570572886290 52.576348126180605 36.625426820478211 33.110694888702938 11.887579419209370 70.822094341523083 0.954228933669898 78.167135151930850 18.376114337652727 28.263794232047555 47.063471074192186 36.517118017712313 68.215478841221326 67.441824126363898 56.650269416457292 92.768064347623891 61.085982906871635 28.878494028828030 95.427573749280114 32.076788202816587 46.942192678759952 83.248390019455954 29.989913196201112 64.150828578297535 38.734298678885501 53.034667098399069 78.566912130498295 71.902168699790053 18.315328164598110 78.095238492859821 90.925293347972314 98.091783203831426 44.628319902016955 45.210089338571059 81.816329659768741 80.038238524252392 58.768943491185553 37.507102335707607 5.313986805837301 96.592640083779116 6.016685404231725 51.498509286271080 55.443666760931542 34.238844464784805 63.940129508886024 98.847166011906793 1.993537828537373 57.716593485037414 52.946355797430975 61.498401013974402 53.319862682433026 50.287589915850063 55.153445919592734 5.007321233734530 81.470136765862790 58.393936835638293 96.829424032118411 37.903838007594700 62.501226757063158 99.186910779003412 85.000094304780859 47.967164119642490 28.477342355955550 18.436506672308607 14.827997336568910 45.429799714078868 39.298790005561912 97.597689236542521 80.276001044739132 35.391057121635427 30.913876894215186 87.262951357947017 6.528296008735401 91.421334364501689 95.368243440072618 76.874679156333954 48.987786237093175 18.546616854217955 89.180584702213920 32.609102603245375 13.287942817761611 68.709367447083764 87.199664447775945 38.944634042592817 91.879462020621403 88.128596779140736 33.938747699394980 78.408407159557370 76.494580353441393 71.018199726138093 62.586334282157509 11.039157244391351 19.682699870066944 10.321418732819264 75.017214013937533 66.236680556853401 0.720116339427124 43.353419651142758 39.225628202687410 22.774299872748969 53.793606306808250 68.619593178123907 48.879271833660724 35.215021673137983 7.246143544301543 70.822116594061839 96.037948942355555 22.646644684959860 54.645369537917489 32.233966193385619 38.230533074545036 92.561997002315522 60.173214156978553 78.885781300716900 84.098652332345168 27.569249587997923 68.057301000009588 12.016465875559312 45.682315925704295 36.011789702251775 16.266430902547789 31.383041536177181 27.129206113653403 51.124492409041352 18.585533277215315 65.811678195459351 71.134402988842822 18.425156640994224 93.751626637319433 34.125129410050384 79.531626597292231 78.771734149414556 56.967188589102705 64.956398079883598 50.289169808661413 9.021312085165079 56.784339246376803 82.293294301038628 35.731094304335500
7.501859590884729 50.103208182062509 54.013690990954025 20.177455934419410 98.840727600679685 49.934222001216966 59.757754565027177 3.771064978494576 29.396151018005934 34.400541309777708 64.089120870802518 24.062581624559286 47.421441201462663 40.250967418516481 36.952094436076067 46.254587142468374 7.891399919203234 61.982348092622132 78.111590295015731 54.470428649291037 25.954911454355212 2.782194066882049 73.998353591863918 40.438776762968395 18.298024395289026 99.243161653976884 73.743196183490113 73.944942007124553 5.757510596749782 6.218704211877113 92.984661283376042 49.985352563854910 6.410165570021764 78.086081551635615 26.446039460393834 28.230538641870041 72.441601838997371 30.011700158308230 41.480369215026982 76.891991314069969 26.921826970483885 75.007195419450852 79.866841326259305 7.503578641331954 33.856049822574782 8.209343231490774 27.713517919885611 6.336348776809708 17.162430296733845 58.849474260617043 12.233601018426244 22.063461399950391 95.303491355852188 83.428508377474287 12.346505014353792 45.314895077087144 26.326669978860018 90.406161305406727 21.435381608689585 56.433360810972978 97.650562592292118 86.620149008315877 60.471959832939682 79.817975787410646 43.861232443981947 16.288540802855010 31.264651360249719 3.361447327253286 19.196330952180006 84.011560966995049 4.754784341047014 38.953263322748974 65.151915962634050 69.614268026741627 46.029277336707509 10.788540108910748 57.536603835304369 15.130276975203394 44.339614493825167 80.013923438099624 21.156556014950233 0.361655646443182 15.339235438087574 2.428369864998048 18.807812541129231 71.901008585453269 37.688636075375726 3.417890593442430 5.026165084234346 36.468597537484612 62.667518609323672 19.633835311769275 6.821306921958159 41.486362505018249 68.555303768188750 59.403023709296512 14.019357697171465 64.438200022804295 2.913615482570964 5.611977522695444 95.175928705734449 30.699969490782742 61.267427203104305 33.209108122305238 33.920847054432443 7.895474362634447 39.374661588954766 38.963072689284019 46.022560372510725 2.986843399922645 66.723125501344484 7.632090058676145 20.730883716580671 57.033492925804843 22.544500726576601 67.930717587593506 51.336279233543323 50.897353273535238 44.691721957335709 5.164975235700497 85.380960743573411 16.719681065593484 51.241161184040074 7.660179074388807 74.664025216817450 1.982835988047738 96.364851852097161 97.985584098098073 7.832716160433217 5.442694128507474 96.352335538869355 41.493092934860499 34.361412469456319 25.595671056646442 24.717991005948360 39.028146049183178 30.775256320361578 14.892836696659028 38.246939027524910 75.567761499978374 92.826739036958102 89.453165973453181 73.504973048016993 11.525476814640312 2.505230480390175 7.078742971846131 88.958183114799525 35.416137242152516 52.213205623384582 20.969777675979138 17.207283765899707 18.165874532723347 34.386602063755213 61.932381552260352 66.564218117126799 95.270444221684087 77.032587944947679 82.786189297104855 84.052729298731904 25.008828585586464 99.937283501539511 31.852245725610594 3.760260860485243 89.495481654012508 60.931921493029094 92.726820100308785 21.044108801893501 79.001829585281968 8.012596204291544 15.375700963708905 66.376368874167895 12.503598154339491 21.561726939668645 18.330442852809824 29.819057068045250 31.678960437156690 81.405224242970959 4.885590541163731 24.718728497645227 80.687924792000800 78.818514899670603 54.324145008814270 1.646676342402587 71.479321829385995 78.898612375704204 29.138815269033500 92.477386486130399 8.294554784304797 21.003796282869679 63.685883437822334 14.722233403336016 25.206785753207605 41.678351748942177 48.136088503975792 92.760340870730701 25.659578358998047 17.907467708707024 7.664741742598135 17.554868916497302 0.829027505013336
6.881323954986618 82.335521596056054 46.247160599108952 68.033655668588480 89.585861275156162 6.691138639983174 23.069138385985678 14.922580450375801 78.789809296476392 51.740310229867035 64.193204145812075 45.025099443147695 85.241622715823368 3.505013432826309 76.669098372050954 98.344139398286330 78.041824808609988 43.071179574183006 18.158920854025574 5.060402569276768 77.254804641324426 67.230735590985844 98.734998463987182 50.004110071563581 49.022710886623678 10.104335576324530 17.542599400425029 91.675069824007821 70.377841740983968 71.069489616395302 75.740523446200214 16.237617884587440 80.325188342850566 31.070354930286914 30.070658862838449 48.411829015322830 7.428748864195822 67.258818164132691 21.269499520058709 16.621010236053912 24.115455936853870 45.636305072494700 38.529633234437057 38.407296254225599 12.378528662831222 63.205543929888520 90.782161052275626 6.706605023236822 86.618937342970142 51.091049692612408 92.373181088131631 16.761363486519297 52.787757734871576 0.578766403780073 58.299761839938505 74.048688279358970 69.930266480215025 34.131036530158873 82.396409857438130 51.899298775882109 81.375314853878351 89.195237064754167 74.128011382722960 15.668616487600872 22.028872697141932 29.400441730992497 18.045127159914852 83.361841501825211 32.982126302427105 59.534397677520076 88.177975464153022 27.527086815094393 31.655894230073823 99.819433171218236 57.641652557395609 30.071697922665063 30.207834491575269 44.200623278792939 53.922495857794196 5.663138191771977 88.618866661275902 95.760701849986404 63.151393563295485 7.553789462579030 10.100590070972403 57.601913203686486 36.368185985460677 85.835884722872507 57.367207398029649 9.278463916909452 76.408148800321129 98.761224280303225 79.276006739929201 6.093978899574138 94.722259058070733 46.187814633258547 84.768636856677830 87.665924186651409 66.522773570962912 7.279272579604312 41.354118591020509 46.797166683319190 85.878160954725161 35.680804084782800 43.249366756841866 56.313656251518054 39.031383903788161 90.620575476090679 12.926881224013576 2.690272404708050 20.847597209418268 26.927542695651631 99.254591722161393 86.089505592147447 68.250071547429329 70.799968498811864 38.281892035109792 65.551556691832374 9.301648916076067 61.528592004970086 99.573809541073061 10.526183896107820 72.805715210937720 50.880788483713701 4.452262889716962 40.009761167989602 60.484641314029716 71.179007423131210 49.794382671777250 99.405252285309302 19.113424433227376 23.249319735668639 12.616924229787008 46.639423024561090 61.976820495546484 52.735977605606600 36.828911408920852 3.210448126400856 54.696450990151135 94.573119774452550 70.089214640338966 57.767132571754729 6.946917319540091 25.091282986937912 59.470666108469494 95.268379679140523 39.355024046874313 56.099351001232755 94.334492225434872 12.525823967592920 89.389969398330933 76.590847567374595 79.810259151155961 34.113822372562673 72.742723083856447 9.429402057819559 60.750437051665330 91.098880404262246 41.029198399432765 76.254723767111088 49.072954913242206 59.338038338270550 70.432728693984728 12.130943176131082 0.154096278253335 74.659968389804476 54.499723740648555 38.068428481225546 28.585682632880339 0.764612738071435 56.398948028818197 88.714400380192828 65.566875486604530 49.163294321041597 2.858690273772491 85.980603936631994 52.369670231813195 59.176794844899760 57.604360308812076 20.320981712140863 85.331657348270724 27.496064221622561 28.689013036924148 53.497575257487576 12.955106569134989 96.271339085280133 20.794392882805024 34.914748001085172 71.136238807892269 65.294939707808879 29.723558225227386 13.586794418335025 46.233810922192518 44.949114873927222 17.248121275931027 40.705569985213430 13.977875844293198 51.108835265944677 48.102933825494446 12.335361084224717
22.425762566758390 46.345251947180188 96.909293534430589 75.565260982918417 13.714183724982709 18.733944183848795 64.592980159077285 46.422507330655215 39.133867240320242 36.736471826621653 36.187100325762714 82.934918019188444 90.826344566258712 92.451323091651005 23.694294231777700 56.951061529733884 14.995145605316019 48.228453665294893 10.016967904855223 93.832020264525454 82.050292380567925 58.658711876506828 95.498598758719297 76.901280925899982 36.773072408506614 51.430907607555021 64.805974591150488 34.764932233394283 10.176244519906152 39.229606572167931 99.215039703601008 26.907153403064942 23.294904002681527 47.851507888802836 17.108436010663240 0.091225848353582 53.010776845700583 8.599387944095261 70.942057772066775 20.792871221361032 61.898669019563577 37.605094170621022 96.267038608156483 22.597833257792686 40.086640806903439 0.256479681308563 73.108000429778642 10.780119387027254 6.648547559356821 68.908897886578728 30.661878315203762 77.366359871164661 57.216742159203058 27.421442006236351 60.976944236449448 54.868852914477436 77.976470029768123 33.464967433081206 80.909797680880502 85.306147681002031 2.346725416849860 72.606396609854116 90.206616167811902 81.639168238155762 91.968238223376147 85.242592261759285 22.822243754676009 21.156559673897057 65.915708283616084 12.276193689012615 20.472381704643226 85.264925512738216 53.445605151644124 1.573207716603175 73.796717048948736 23.351738221214056 2.833922525565991 36.683110999866351 49.448532227709116 46.833524829396175 83.206074056911547 18.829691315693754 68.804520870252901 34.357822958919940 67.969095135394824 7.677273483359559 75.975432818564599 87.311467159580502 70.586914471600224 87.651684236211935 87.856658310345153 92.198280753151749 42.465082780963527 52.050832418720759 58.542559015926820 20.770788210447233 94.398927119124593 69.681771591897046 63.510672632370571 64.971363145860892 21.072407867568131 38.316423639802053 19.802221702774002 84.513624224645852 74.729754429647954 40.318230640543206 84.464428219761643 21.956668431652915 40.130170702453292 1.434142351471235 25.823616896905811 77.322070724414715 73.623109751837134 12.808308810761371 35.855377619924397 64.023918051815329 90.690991933645563 79.090045144659257 73.531569389640921 85.827833232183309 49.410565633448854 2.610612392321343 21.187273848010911 9.516880541619177 78.215258849960335 2.818186844139758 7.928437894003915 67.755194755318271 54.642074690501296 90.270306963194571 17.364925944443353 34.762804530547520 66.349145049841823 43.287090213707948 17.837542620141988 29.463720231017476 74.789287366423693 61.489827388392726 45.656785829974197 30.466099389979085 27.701857507367254 30.967827654624593 44.505161049314147 67.103302638793110 61.714001929435035 87.077942418384580 21.275223441978085 91.344453717482992 2.624183656918089 66.050421565023683 74.278709588144821 95.753572369465417 47.986954917821755 88.877240954964506 45.832484999144540 18.901880261227500 67.263300282100786 99.373154552747948 73.576239567752140 89.131757977498751 55.003810218964311 33.553940631864911 28.379803507421151 10.552240382392741 73.400305842700092 66.549417587522541 24.808913561089508 19.173651024250592 77.276689540465455 24.516440537700003 27.222878264245953 6.837374281502573 59.503984375061293 16.060511156479642 80.480464397006216 4.206930004833398 88.739404316087032 18.184480866274001 42.007688606252259 95.214212854977305 17.837058531401695 30.490952498673973 57.195605532812934 62.147007124764222 12.056347671615097 45.869623877878539 30.017566639963857 16.170253208008777 80.807102266405920 63.172881686076551 40.862961832669953 12.594387075260915 66.469063411994284 15.724018300189668 14.863554980281823 75.848505288090578 80.778731868130308 69.292443649086948 51.588437982272630 89.350985742308552
67.696852586638343 50.569325552352154 63.459655784386982 70.532282922969202 7.324561523852502 12.365635542038500 51.136383109540006 80.313988871786805 82.499126978263661 98.990691913779699 70.642960043995743 44.997885590840411 9.948146107459300 60.553660380158533 3.342912449863678 48.988067589049564 47.652568211725445 5.664063644171113 90.768665056683943 38.813533151060163 5.322303651310833 34.022622845988579 51.916297205267448 63.881665808784007 43.281485501022267 13.021041519473641 62.932043150018160 78.640410310907939 61.967973612815030 21.158957068998451 18.523836767321121 92.490843179396009 89.525500562946519 14.560362268278526 48.193145425500269 95.788087445640656 92.509975166233005 2.728156899334455 64.721636192099069 87.915556981383219 40.734775653323496 29.414504130827890 6.495951416573186 2.883715805339482 66.393069283419862 97.540139747705126 47.308877831405752 51.990571193439713 22.530847250432107 51.322437395987876 30.905653740841931 93.466394399514144 31.761089222926277 58.724205947401941 55.338870261509712 55.371171470986660 89.022288599569194 57.374953883934488 49.704009804949969 14.524232720315300 23.415609004969863 23.422289803605601 1.899630202627800 31.570862650400635 9.501065103419270 90.924738617368305 40.692061611564377 75.746248703261898 35.280625230005690 29.847609827489563 77.940632464817355 55.308446569571757 96.099523123726954 9.016398835637961 38.767860844908910 80.246891198333003 86.499105052746899 0.066073901934960 51.510976488043212 26.407997119419424 53.986717964459366 84.978479525766133 81.843206926831286 75.638926043889455 19.391008317399816 73.454653934741501 49.189260094946363 60.318245798691947 92.252207279139668 1.379526673435305 23.354357500483037 70.486777264958818 93.062873501569598 3.426363811132349 99.713952555775208 95.240268515577540 90.537555035825207 27.728561877048442 30.636245791964246 33.907143477819133 52.827548108464541 11.171147311475039 60.263901738410439 61.484560585544756 34.978325605265823 37.132518437636406 35.922339703891872 22.317075691048139 75.695550522390505 79.021249438794342 0.025709270663343 39.099076541522763 33.264733268011582 97.900327938820780 99.689035989740518 43.381462867685514 57.455996386328003 66.314181478179151 55.779042374403772 36.191284945806835 36.185014610675772 37.694209853362317 71.099245608764349 26.687822108285953 76.667841909825299 60.069322145117418 80.570027548295258 14.680875429146367 98.733383619578618 57.423057591718020 52.385936346112494 67.703500221056231 37.112793276364975 35.169624827394642 18.103770581723065 20.088544073785119 83.310841987831481 28.542542688868121 28.740551125604753 3.900844064845588 78.491418556225284 68.768828786248591 17.264530280393352 11.938209717223923 27.287737684011550 81.145712480865811 53.750606524404901 16.611194655547134 86.257309965095857 39.127306122495597 17.099012285362203 72.979949129506053 19.325024007166590 70.353713767207779 31.023810753816871 36.642164927235257 21.629167559335340 26.699995232250995 95.930567261624603 98.088354424804095 8.343711869554049 10.236208079892705 98.441173530762228 0.969923128191708 71.964874100805915 93.879808183664764 19.488952080297317 51.778620982527848 35.109005997753599 95.879678904067177 85.946823133274847 47.304656051922990 31.902900500260078 3.884696866835435 69.124303107688633 57.707602431527135 92.608809358319760 32.180923960406652 59.785119873697759 72.935939469322534 94.292276560162136 19.173686195163775 23.434701694256475 35.020822559343877 8.533408940051835 62.992727467701513 74.516779559493500 47.137734639965466 98.201489254708918 30.157031754316510 18.117035737839661 53.490205674750449 9.124503749340230 39.129643318882124 75.732881943716208 74.795384784986268 71.241314597163125 56.427694981440311 87.803804204849229 58.120724805208489
12.043070035756809 72.828815210897872 43.827324031843709 51.284226619212689 53.014649831677410 51.398551978122008 78.651643369765480 26.147977008487555 47.917979509402876 33.780937525660626 66.108880614987953 49.614331947778076 82.858605002395748 19.367323212594446 6.821425888171529 97.924003806729161 54.974658136574014 10.619684154278175 54.446399736960906 41.287811922352603 58.923724614009785 58.814857920940192 31.238491899898115 50.615079559647945 19.360065859658825 38.634811162847370 28.416223737249023 6.809797958557384 82.656637788343062 25.023963393639569 58.562066495321140 77.394419769403029 71.285486150642356 5.078733903532551 99.327841542179200 19.235969901024831 85.022506198081444 91.038875283175841 87.145743659118509 18.542218984237035 84.617878936272334 80.659264446498398 63.954028145341759 50.505563744310621 19.210606635135175 66.376601436705982 66.424725024266706 61.364167035114015 35.411014210231365 45.448453182021318 84.738451507608801 31.037537807482817 2.313870384770056 22.529388616490962 81.122345609716334 11.248780770481293 99.252049417591962 27.374706226065094 96.163217941551210 83.801778525317971 10.752381833655866 22.078496768799994 48.079882728127963 23.343512531240108 10.781799361482369 17.391537253354795 85.772904183970951 75.240336319606456 41.048439851313702 88.857988066681443 64.308446427955772 55.261223453857035 18.302229084898890 58.814364413713427 6.319167044581897 31.203010958801414 99.266756795125161 83.312109560589704 44.651302022134011 7.271009352671987 45.742138539417162 41.845769435587457 23.608125574520709 11.607545642441618 97.510647798183896 99.715825905366600 0.513023601816864 53.928627061924672 1.674934457824806 65.864709051581329 72.432999444470141 85.002330096190789 10.123873969842755 54.978591947386022 31.035198660038976 70.139546703165863 83.890468349223596 20.322420369476756 86.081424270105927 61.365672347449355 44.390320062586873 87.025446865630812 43.876196129989317 14.430207718145383 74.923076763144792 29.909784510127579 98.642100532754938 97.791676085393576 24.669892753326760 24.848912715324754 42.039212935075966 96.900852856042235 54.169139732654195 97.267360510528675 45.074939423057955 37.916662855623827 77.070002583976162 24.943603162524543 55.205559126650307 38.972767382774222 99.149749033734722 1.728683880351922 94.373510460562997 70.840232433663317 32.725219567741512 61.040828965744211 70.529148629437714 39.659928387527103 5.984741210830236 10.247499176672314 74.389675243011368 45.328250230622722 44.671244170444290 84.765790872142588 97.921758108699350 94.426402882426032 43.872615123569368 38.737925027858687 75.903108315219370 38.950710026825476 84.639878994809379 46.778053378222687 38.034725940103300 4.979091805779278 83.385729499858300 80.846653373835835 35.452424337548138 21.132662975946836 89.854840635867689 68.353282254334843 14.462338408286278 15.212152416883750 71.436316321164611 33.714916669991709 68.998865583121798 49.492919938175064 35.124368432787179 9.966301158266655 61.463440151928154 35.130260221473939 57.662665815598480 8.204388940536166 33.629079847000497 99.387620565535272 43.446165005867464 81.939897193370427 63.826703437701291 40.142642355477733 62.674484542319661 32.802666940662995 52.958953191269444 81.552826094485113 97.091343992754616 56.119992986128594 74.282570129370782 7.374924923605453 43.051964455195993 84.952995500297874 13.575707100394252 44.427578334591303 49.784155781414761 6.566480822171195 25.632252148777301 80.654651541511640 40.324012367416415 48.022994673588961 41.354520249904624 76.018373267811711 28.861162455972956 65.729554074344804 87.651402292698592 71.909458311456902 3.003234395126320 13.389036810176336 31.276906520815928 38.925444928445252 33.451341767447374 73.539049495149783 74.546353559015699 3.844956995664428
19.749259925862482 14.254856984454523 16.394574137705177 94.930991882329749 15.386174529858721 57.505257747316996 72.889849808695104 98.936334858939219 34.143304261107843 56.828238696804249 99.473417314740942 3.216575710112424 92.992118637619029 53.286596916848609 61.463167077901915 12.861733978928546 81.388043538551898 40.859276338178660 79.393750313730919 49.405553114350951 64.746647704219413 92.499124839619000 45.229010883441269 15.733649788699989 25.342417123290662 72.805474755009044 87.706755867900128 84.060689443742064 78.339393330603443 18.764931341960434 2.972159390475859 45.998635727718309 46.670197193752493 71.338666788155777 17.246366773049971 49.413879037202754 84.614770259690829 18.561503514049747 79.063585511266567 19.051899294187347 49.997228871807962 3.762199272966515 2.935693015770779 77.405765524740545 89.732614973380663 27.403138714950348 21.198867064887427 8.297370483980249 98.255962158927886 33.050359608806914 75.618694036833716 16.400935623693158 80.863149884820075 68.465076771199108 54.783691989725625 41.823730105589775 98.065461136343586 50.280613125564919 14.763859982629457 93.844115398962458 47.282486925230295 87.351687664066745 67.527731508449165 94.899250707006431 54.428244564666585 70.894475181694816 87.531089744853006 95.583711879709313 24.440596942652615 55.894459983592704 94.000454833978310 38.148906875961451 12.247391890377923 77.823595464898048 68.759039383531004 58.688579537592020 75.905326348551313 39.139910428644654 11.891031889235283 1.128850157411365 88.274830810559962 89.875836321740906 24.032769558415900 26.031131066411294 46.017197864998195 67.241115789820242 22.732477149141360 25.113551426401472 65.642214744938059 54.169047213661756 55.172857575384505 64.738689333112944 27.525295636522362 15.624947549800517 64.242263308448727 63.478389601028127 29.706761861548337 56.669472037776515 2.129561480199582 31.405320041588126 93.168546788658020 73.359732863937680 48.334218708548512 61.121891481157085 36.427010645769485 1.848754757450799 96.087904111169763 23.124102995816020 73.112339731089463 55.931428577704864 80.407225079237818 45.190108918973124 44.352295964096875 64.706029506137867 17.228384853943123 39.400589448088851 63.737520316975058 58.040590848403284 64.673906998365666 15.895851088978441 72.670737856668694 29.212867861258150 38.278882262953537 75.092221338737176 54.903408796206733 76.497508243498601 99.934319029162253 50.563255534246530 89.812156561109660 17.924184949899789 99.355148307696467 41.285813003791752 8.503496062902782 56.164153186459153 35.967327080749619 10.836040078045095 69.849180937799545 34.005529878695505 86.791346934146446 95.085536894094730 56.121794196010676 87.032116622739068 61.768325739692187 67.241531761770901 63.972994085114344 15.779447037522909 27.796591211480546 89.177883911309195 62.956894890009750 78.774906400312403 5.985892828391959 46.799941686293423 93.601262748299405 79.346441901010095 25.344853016894930 25.581507164081962 76.735705419404013 74.814721616382741 1.580872075323669 75.103313975086778 36.680377842394805 65.305290849097631 38.663797897870332 79.316762301396068 69.204564351432850 88.357087485143978 3.895190627384693 44.430672846805642 64.209506461868799 19.159044747980559 88.945555520598234 48.584361692477806 94.421483493430998 3.941890396087322 13.491940395077673 54.125159824971739 78.810340081271036 34.975381188329223 90.390764017818810 30.531337343495547 79.020094697933303 14.039999317369233 70.832246650492209 90.692330023599652 87.976599806752631 40.400189942265797 84.879513679523882 50.298687953392260 79.218363391136378 57.927702151292280 83.845945438853548 75.307876358440168 1.796136607234455 79.283280326201705 92.673402864938353 12.359718329373404 91.010612924891802 34.169627402555783 37.659540237585752 45.461971789945984
93.254255423443738 79.567797649531997 35.310887150759150 33.687972772738703 81.740148156970434 19.974300101998310 89.831992243482176 29.535411034921221 70.045929759518074 23.153861753526840 83.686885307805795 88.851012124918142 2.437965455257474 13.219312021702578 75.011180610207148 43.194540482302045 41.333162297004058 92.290150006488858 39.951556798686525 18.424533603287596 58.427932550002062 91.459088237142112 12.068435253766619 38.658946445163231 87.874986253498463 97.614770659446421 3.677432609808606 89.670099192082048 83.592638714229381 34.405481485238553 75.853525222677419 52.054875657345931 97.691000766070587 91.512120605668471 74.295868952714116 71.115319066114893 37.737003871974018 38.029720260329611 75.975422722362552 72.928997801730759 13.671202008615213 24.571807436306724 83.045690951411615 65.983809511124591 95.811816865390782 49.064450093467251 0.478603555170642 54.059535326828943 81.234258874289338 28.918141243831176 98.937597073782740 51.185251339890506 51.531840702123624 41.770120299993508 96.910742373741272 92.430305006281529 80.583496544556709 93.948116191421718 30.964679241007442 65.148794617955275 32.137430306503809 34.948569230592028 44.805031505714609 41.750987114265691 68.847389766088995 72.075078203496247 1.860774085268069 61.338463834177745 66.244924858562385 96.239479997209415 12.254598831188556 50.800503241040083 16.199137432058073 24.687106390364544 82.185248165915851 25.563982227701775 92.057060766435370 4.171311225862162 5.302528518701854 94.012496796941846 2.571026675481980 23.505997013949496 60.608448353423142 63.682238545312750 99.068039226202359 55.688736242699399 97.378473556945323 98.360246581002528 49.418867408128499 33.974673129516574 36.533916649207740 36.421763094580470 21.724908784816588 23.558361936511385 65.476285427712483 47.323242426027690 3.173024640809674 6.388764373065669 23.181506843871425 4.246482970822695 41.117941292220827 14.112113541571425 74.621697921763428 35.706017675553049 40.785454010171442 57.142919635934334 42.671933057676206 21.792542290009610 76.729638574440244 75.504453249979662 26.585152175647664 77.333415609346432 7.938061340574098 49.479360798759068 52.243471909971802 71.390372701922203 50.436798284483388 23.584758387429428 76.244887026234238 50.441199623471746 2.618231078969790 23.733583412561575 12.053839755710339 54.157111555695337 5.326631558109440 12.728579626573556 27.499612163403842 14.889253204347174 63.359905781161594 40.660496690338519 60.716977200746399 88.163376014889408 95.601147920984459 90.689591752898238 3.288889762120506 87.547260320843975 3.946543835564109 87.421639022626877 15.732750662666506 96.299770735583579 5.197344883981736 31.739085052137263 46.187393610785108 68.489084756380493 17.800644156402512 25.649637556743134 75.391361171180478 59.487102496098579 41.087260424076597 1.789069601935689 94.242446331614389 24.978636416000931 37.231395347589434 44.541522756284245 42.178480991911229 74.354255376914807 35.743921875170074 54.559154899003396 12.268922108713710 93.700942576229878 43.188400897000420 9.796153250120543 65.704200015744036 95.164229547262281 28.677043961684710 38.156444349644282 0.893808421131648 11.252645640891480 34.480743776107794 67.011668750678268 50.104343850069291 62.614315295137736 7.639241651657702 59.721231484019043 72.657201795647026 96.978159893431624 88.095297421336355 74.296802368941556 42.556991058908125 87.528076764725370 36.295494856451391 14.536437468590091 1.928422012254971 15.677633230430798 1.789015247057801 18.116516564202723 71.500179234241841 89.317729254155438 56.763837544946085 91.590911713208015 6.965696716294989 27.549923073814099 48.576244505015453 6.792085113699498 51.531256962604687 48.963210132219949 87.950999129029768 84.144986538561184 92.580920503308633 60.291375366047987
46.006846038958770 13.774090169152831 12.099574068437891 67.039337244711561 95.723301491183648 34.276208040125219 13.854377230497262 99.917028487208512 30.560975444132442 56.034211858331474 60.333161157823945 60.052544205414172 53.263784307807072 51.529928262801185 32.866683903120311 83.298827458187262 19.431410560067597 8.119041397905679 47.231066857039394 13.891453749509598 75.202324220792065 54.209078717488133 12.035749587998733 10.681895331030811 59.893187757315999 73.983785252590437 8.500808154751649 44.210470164879389 25.656680592040260 61.573678263381815 21.891718052773555 5.541527853530037 82.768646349130137 80.840076249718180 18.473512409944615 39.727610971662820 7.178496249964206 7.355807373821943 13.451440297213946 33.774506648121971 4.564038446321062 78.646326111290207 44.668397559512542 38.969427391939661 67.050008115061416 27.492072360027809 83.730063918784026 51.537962910021619 19.400327803215312 77.036241675306655 57.256828104453717 55.278671609965869 76.206791562230606 64.141071485308061 49.849716846254530 72.362063344053283 54.682667946292632 89.343679088397508 43.713859437171990 89.509593056162799 40.187202465222406 1.924632755138433 73.313616300069697 73.060546598181759 51.833647284374130 31.227527071737981 30.504264787083390 78.541700014790962 24.559417243242322 4.042725306116191 76.638891878389359 79.523975194861194 7.857078468409773 24.807732473536959 17.498007595882271 46.246738336350056 60.733589662873847 91.017418034909767 59.231653283958750 85.363947072076712 51.205579029742040 39.241026336307016 75.539854298677341 12.256589002902929 52.138952067548992 94.696959493711290 98.250506682267158 46.961146756752271 64.344226984562582 8.240504885823974 99.921334136451918 84.299295037936844 60.535276709670860 64.787353657592035 14.968939459091125 22.266017856892518 22.766551186093452 74.698737557608368 47.412024557505582 54.805228947730598 10.869911449166281 33.231678285277944 46.380772488552957 77.112875508732998 17.668364185206642 69.417616103537910 51.761670857025408 23.624561425296488 8.952031151053930 60.762040925178177 0.998441550237261 48.077001053332857 63.183041629290045 72.488879511126171 83.685750672631443 20.484960415858900 7.260601891140639 98.879097097797469 94.851465615484116 46.172920549148998 43.157321021824345 95.681478036482318 34.018955760139924 92.697836468046219 50.815562047257288 72.380745140931879 83.830247323762890 96.649975316676674 67.078177868933523 77.316078294655725 37.187124236692334 98.318786067844655 86.720823154154530 76.897008113987141 20.797085237070601 51.223761195328684 31.077557740268603 37.674740376264978 13.099034569700596 85.321463350760226 69.749797957785887 58.432996412934067 80.875271318108346 61.604265204689611 14.339440541630367 24.723834616087316 93.991518200568905 27.280162774619786 45.446312796473421 74.859802018412708 75.256377120045642 31.013927231247752 71.518397397042605 63.028735170718534 79.092745814886499 9.990796794604083 72.551602785680643 16.541378584979270 53.600382562630209 67.625020643544332 66.285053280301781 95.263264147834306 10.346498445616447 78.258759674453131 69.543058344855567 89.222294576235257 63.107074424664070 18.476611584842605 42.266033742639678 41.084824917594851 24.220775494964876 49.272647720790516 41.564482323051713 76.602141662428380 4.143576243351355 22.991715773952759 87.543251669840458 47.760410789749209 10.751495386558673 14.687649791483715 16.399477688614439 84.949246882501626 36.645970208266945 67.548217058223813 20.874727775350266 75.377924121406636 92.257914133538549 45.026892969298437 92.659953072591406 63.410176829880584 73.756294578388761 71.292740465686833 94.598325949400987 70.614866452101879 32.644446432564614 40.447602982250949 57.988987606154630 20.065944295242598 1.632769366642928 94.705111865744314
32.554167160373467 55.935599062453214 85.672454948128774 17.840473249080759 67.995272796697421 33.275914195261123 88.263891073334534 23.710839894673075 94.113535256367257 55.522492834180440 79.058566467402201 67.395143383638029 66.141694914177336 3.477827267193467 80.133402741164971 18.626204159995353 83.181273824870004 28.776777682917263 89.693336599883708 22.927881262617124 22.433031716863049 82.595772725243151 85.086215070873919 40.128054480985078 64.674161866956410 70.233553734586025 77.478272231077469 93.480291806259658 40.650680962198948 7.255744116538443 8.544774647457142 5.109457041407328 65.625861285078628 88.038439331592286 34.429367414777388 75.626087730571555 12.041183546913336 7.230711704481230 35.516986346290302 54.182657175379809 46.042503798576419 37.552290532056354 75.881506957784239 52.501609353504882 39.091438559000935 48.721403762920488 12.115734877641071 69.743486412860861 21.352272358682445 54.184028387100149 24.400645092416408 25.100837317258375 32.974686925681837 92.575557135488367 5.580332137108357 24.039283332917481 17.233200655099079 29.770043390505542 11.374068752899957 13.043107959358192 83.004524782212044 41.818017128194299 49.740007899471138 12.577354580069001 69.230503756048364 27.652647520166951 91.848606688214360 9.505222638198552 5.366875532035442 77.941080654078903 77.598271226127139 61.220155933243525 12.808723410258228 94.914770838476386 27.390638898249275 8.462894242194373 72.555849073237539 9.683102750122385 45.908653389656941 68.209714880098346 78.535096768483569 35.117281489309171 44.366319900743100 40.608068238980266 21.973118702815398 83.301721712307113 28.977091439131677 2.557918447723873 84.885236336254053 65.047115787066360 54.715874235889629 38.336218831001410 35.135613505550609 79.854467786871950 9.119619632117537 62.805459511307134 94.885318586637183 30.598966711548016 46.102036017548706 5.764677073254399 33.207416061966491 71.232106893292595 68.912967462732283 65.084798833270838 74.981622473602826 51.600355414200259 83.729481482401241 93.639736773538004 68.643710890249395 36.526614713135608 20.738434330980215 41.696459963166824 5.264248529985782 75.432442695363889 95.584501885817829 7.693374981315937 64.510168802697535 92.422238952536759 56.783494902339427 55.897599138755758 29.604487785875143 0.855994975674079 4.606951977889684 48.763133146252166 16.265085413774237 25.913823408872428 53.116738535327798 74.697093355920373 85.849672034022674 66.837298574880464 26.213408987000651 94.179461314062436 88.319854391210100 43.398758497252345 59.313245212654863 70.923388257624310 2.801151484306064 0.669359534460634 50.566822989779716 91.580847174962997 31.695443346773889 1.342521660374529 71.192647183813889 75.840727701577478 57.154264173653033 59.843207631669991 98.166836976214981 25.848189676873488 80.094956599649663 45.025357505917398 56.016042716440815 30.706501158098000 64.404415523788259 85.034920117161334 11.824635687553764 95.714456802891419 22.110040009711952 54.088446900044083 5.508313985295931 89.857276780602476 8.878569581009588 83.766334952129455 2.624494733465421 59.877997519443852 19.609549783142288 94.191696037160369 41.935626888522428 99.676447711940810 79.491270428065434 8.669903151674418 57.127808813582206 95.039068235115650 90.834059701290656 80.624268558515226 11.612620244438776 56.935334646653182 9.826258663111210 37.698989240703561 90.270935010221763 34.688970917106545 63.296057256228657 64.376395157454454 89.663028007764581 91.338371374660653 53.124096302340554 23.395285452015656 75.012020421904936 98.363074651681472 51.928510740251731 0.064598054064402 99.288553615526524 49.922281074563422 82.692170497148481 61.876768223728931 98.855851101476986 60.995563728775473 69.134115259315493 42.914340517025451 59.372589771628462 30.042266719405163
92.486787802648578 23.009582587500521 33.315705819185560 64.439721502515866 19.300465738210558 34.089191800227404 37.506402685647544 29.998404225284791 31.127607101809229 49.197701757671865 61.644075864034555 51.788685093498486 85.401455788209731 73.244675698213499 37.045287307451837 4.831806101511937 82.202781726462092 14.924715632327878 6.413833104654088 32.110585012622508 82.084974893279934 40.653046205165907 34.727264236783583 75.840207654986045 49.514470081291037 95.510750569906349 16.855819729224976 36.966944151972470 23.206450624320262 21.884831207287704 99.037660002300854 91.180677529532687 56.910397296112272 95.108889873050458 77.392267468072589 78.401241700230969 29.149419462331473 72.563318941048919 63.285408621119231 95.792491658666449 58.744957363182834 2.785740951977034 68.389695945030013 96.316117940814578 10.148631303592627 41.357864835934343 28.636005565464252 55.984094636588708 20.074422645072453 35.393492918037552 47.741059709399991 65.030859962883113 31.886755884361762 36.388171946043201 4.545829015061143 4.751464221316870 40.952775009795403 31.411167800446993 56.008509469896104 81.562481201806463 90.723842539456385 85.074682993601144 83.455524040455202 99.267594524342812 4.834746597505868 45.588456266938891 84.884121050374631 99.608024846224268 75.320493930148473 42.993884894607227 95.575934451116353 93.120170379569771 39.911269438459385 5.169034996932864 30.711080200195372 69.602584372681292 92.064852475522684 7.895132684511141 64.147558710376430 1.077830348896569 4.065748754658705 25.830041130148672 61.179322265137934 42.269533240381243 91.097774084065463 41.027500014207284 81.393770106997877 10.347867588089832 91.303961921396223 28.514259935592069 93.717399797896988 92.476187349063153 7.763330305164374 4.988250214760804 0.649485971880870 4.842261891251365 5.130326227197568 56.739246280269420 39.134481296024703 41.423320031081282 87.469387154912098 6.827163084181076 73.395247434546789 20.324526054225512 56.409433831208176 62.005703790929267 78.180739576800818 23.872597897595838 16.027320876235564 85.397975687084141 49.104127181676780 66.528688158651448 80.011715678794744 57.215876035357027 12.664174025164943 77.647153923376138 60.844870449569385 34.440339445614875 60.863639289871244 83.755228092871064 12.370147111657371 31.267073626463947 39.031500135876897 61.335837978007568 0.387055659107538 70.788246706392272 10.747413839560526 63.024389658556380 1.162494829250027 63.845095869059129 86.159601976329810 96.198330174985628 59.542288295865376 96.894488274188873 31.306511604364641 82.716871797096331 16.741783055858662 53.234115297116027 80.332603366383623 48.865433622980767 89.278938734712497 95.251413592263575 84.376258047576655 12.281315517438973 78.111295988488649 42.788899817330162 57.327345068579106 49.139980826261450 24.019011431987437 87.162527572503521 87.923324089587766 76.913644658562703 30.560961580262635 39.742867228326674 37.069251807550152 83.316741982616605 63.408579084235051 42.581468534218672 71.730487437936915 81.124918127927458 89.910297116514258 52.698425337664723 55.111703407610655 89.604097881470253 10.158581467487416 56.004622581219898 92.980027407333495 75.132747646343432 22.443754721535914 61.800437344243974 66.630890882700641 65.050101641963010 0.744570181191762 32.332363799092676 21.946212484438178 50.960047246713977 15.571142877667754 19.251762000877093 88.989805911773061 34.849118384317677 72.299576258391141 37.317672456132421 74.567478162035428 83.183708955945761 57.348450948445951 43.066446717397824 20.544494064012419 14.434162012226459 31.691968846437980 19.725185594072137 93.567428285312431 10.265113443019590 34.109756037258087 11.852599874280656 13.532925851934884 42.323331364309055 27.632541965143886 1.224907510011608 39.674377600955587 62.513054458760550
30.740848116871678 29.751827532788823 58.032445270646704 8.482477247509479 42.255028709373420 40.473398136075708 83.692527858252262 32.489545270582198 13.119064290391069 71.317410439201183 96.083984812193236 73.291850971227660 82.333724926946957 13.784413915728710 61.247157256410368 50.667020842629206 60.771499643341912 24.329748282200647 46.248891001768257 66.925481117780961 1.987031877364009 8.781687917904858 33.928444162913905 2.594027704658342 98.584872916988559 77.325137328048470 17.768189142181900 31.227646730384940 31.675490026918308 11.640911651221087 65.748714288246575 93.252387603044028 98.141030569448262 72.098019116263387 33.637005622197826 19.947407539883244 84.237542875670371 74.861413720386111 70.257645272110096 32.249035123432932 34.228477511935154 23.739185609045453 47.629106505637850 50.973592872366922 20.977817500016361 61.744367924539645 62.742337913785740 48.033818342775326 80.521536528602439 24.121484356740652 33.328857052194458 29.890630789459593 29.730218571327793 52.689574772197936 58.427324088071920 32.352115429028125 21.128691277216749 36.261931358583929 28.258039202025486 46.523281701727001 4.795116405501664 44.044223188276973 46.241355766191795 36.024119760844762 29.065072331563012 44.262988125337102 78.346789123664436 38.964467740486839 23.625154236983569 45.610285464360125 40.029798943009489 66.020413276200969 1.357414081331665 99.805335372762087 57.384855668373447 35.138076789310659 89.637137786145033 7.412255964108027 29.961343600352276 12.598369992463743 23.527203888609115 2.602215842607813 72.048685595354726 42.628599026849820 35.545910344400745 31.236080697977830 99.436831754464265 44.912376976478960 31.154895890691691 26.128079202251765 35.938209906542937 12.999576227312748 36.441117837126882 14.350570625204007 92.325100374689370 27.381503658367755 43.847275782597791 50.764329768829278 21.591217066077164 10.542915928916919 77.032364184569829 86.131963670151947 0.071481283448571 96.265050808946370 99.690843329719641 24.623023960630654 30.759471423038264 57.789314109011045 60.865003029175732 9.922595561467130 60.169135039961020 44.026747678519129 5.785453963379961 58.108786821200233 36.507448438702440 90.498982532818800 18.790599130280739 48.136242402624518 77.043382589064763 8.696136681632026 37.706706844523772 40.572038268869107 94.070088599058025 86.791198698268573 10.057809119057360 7.601460445921038 6.167743599900599 51.810273133010256 31.609034133771541 35.319555035215309 66.225634794099435 22.506552826948035 83.798368792825954 2.617145334040716 13.914915748575908 28.403901863011438 88.267062611895284 24.157525705955717 23.558193193084655 23.323954540931545 24.257400359697513 83.201780941245914 84.380226922149916 56.994083740768033 76.720821804964345 98.837165288450251 16.860119229053261 51.513451235241860 58.276518828206491 8.267755873365967 44.296272293541683 40.156137325565133 67.432340511051393 23.841966028693129 17.179141373734140 56.388329544030078 45.214300536929819 95.789659342656108 68.244694383505774 10.844615694982252 80.448731179365581 96.118608076580585 2.257517452744873 62.469238322161793 1.648037330110930 80.968586910930853 26.775811957647335 88.314240226041690 53.100575450158480 16.004415956881534 86.064617068997975 31.702480667483147 59.938983789928116 52.299225839198613 88.855859668200992 29.108218914489250 14.943070800512260 36.237347855307178 85.040432366842140 40.281245806326183 33.027011628593847 84.162136734576734 26.797799486048724 59.952193378698858 29.471359130292253 52.603814285362063 42.774614425223767 15.313027834892301 88.610948955917493 64.744091020627394 10.610545038846242 95.853731134690094 34.367912323256370 87.430493633690915 81.654340892732051 25.387613537099497 87.955700869843128 95.562373743025390 65.885348351726805 24.761775851686263
72.183439542148335 77.231631639749764 8.252715074567707 87.233279939895709 39.521034513427843 38.668710898109339 27.146469640601868 32.949304961288263 29.258291975419283 82.336579422227715 44.988365043802922 43.888714841722646 60.285539695495984 91.161422052632474 43.492157072449189 1.950473217288595 77.150207278251798 63.182028625100969 63.401200381135823 25.529994045232286 98.979210123468249 86.025023107935610 33.685121871884483 55.288331967546398 6.088902326106915 23.690140574090325 57.117426122996640 15.561840488390555 40.174128049275517 27.260871799131724 93.144860973958799 86.129269466361578 6.292715246007996 93.920210661395700 4.314513942166808 50.264280899481861 98.205185053734709 66.213003122631378 47.738440795908524 24.637525950291884 52.149804039111928 68.403521963040987 33.178035652368784 67.437100869800403 71.412235493085319 1.870624300461821 51.100947646751685 49.205859669085847 10.282771715211636 63.022445124243674 7.505928865368450 48.811004063383088 47.621394560334565 49.002013266775243 61.717607282860328 7.927994439468877 15.700598927733122 12.993681675556623 58.958685277392263 81.611204369630173 45.966285615419700 3.390936222373975 51.901006907909085 72.810705496228024 32.911767696053815 32.275100126599952 65.058238632359590 99.151865701719913 69.066683735006123 57.753929004108137 36.666313397786340 26.381822565956668 71.247967082152798 80.932672047851767 88.253172297879019 52.422750152422580 38.725829066109050 34.881179899784698 36.271038865208361 94.431583007701477 63.722518402442375 26.708245988558986 86.597850714090086 83.916771637620144 16.866546255418204 88.795752800752538 19.239195327829361 76.138730919884139 35.627445220288436 74.714229195658660 3.503824607573847 33.437780528523028 65.265670370123942 40.439620168080189 87.121127388105407 2.861670776874203 11.736938509939199 19.374196366887031 90.638720530657906 22.439229388634232 77.229460811461976 11.039560559363826 13.956349104434619 58.093923459331940 90.115896485066742 59.873438926279540 60.702371546349497 25.925103765721669 36.363334860302828 78.505503213861843 98.644106910816561 56.700727039221945 85.254715310773562 10.469628212776971 51.226041582472448 51.889916862365780 37.349041510942463 85.226419351763141 7.559203352185873 46.917457270981998 46.421440099144021 54.952542116132420 18.894992366068099 86.054267591504669 70.671134937360421 58.974206810676854 24.084252364711300 6.515814670766873 44.100894703510072 43.110897793690661 72.930018413979695 36.154219775139318 98.791125662725292 65.976995561019265 28.001695698226236 92.312693197110946 9.127907622715858 24.784916228418986 75.716822781791748 65.751088057552593 56.578141752709001 88.154783579321190 17.326148487278438 43.972382126373688 88.058912063919948 69.627316920103766 63.715653668781215 58.634701989060844 99.679740573946390 22.668085422206254 59.664022497700145 82.571450098506176 41.977134206610870 6.688331950646365 51.152724107028938 78.957614817743689 99.781432925106571 33.002445648118659 78.331859030331813 44.159016863707791 46.946480244366583 2.763827191815815 97.337318686253255 32.059421341877623 19.050725691339419 18.533266966980232 63.086024427644141 44.994587620993720 22.658670259258994 59.292729038784742 54.225198380279238 37.517092572894065 23.280299116683345 30.243027282924128 54.603498850818120 82.524586901992109 55.697967515965473 66.634694462462946 87.256256219261758 62.242453381615505 62.888717501375602 12.763883581343972 18.994410161631691 35.414222816871423 87.313727985557563 0.019219552164196 32.699241666826993 97.223601033203735 93.043312240632503 39.352817623200245 26.627463536934638 8.189809356287281 37.532061907912286 92.224773594432136 3.367362095768045 44.997551720559592 97.109903095787459 65.195106512942971 40.846808131276070 61.317047936034960
49.757743788967133 67.408295598821866 80.078617068136595 7.516087290296558 14.507262351079053 83.782781589884351 44.295167961628344 19.887720287544497 45.609441668715277 69.765762679400638 15.271255401857786 21.498080299387880 89.367998005966697 55.935095908892528 56.081702723749196 53.143768835244821 33.970844280952861 66.826301031284856 9.054968781657180 32.536193682031779 21.270148265780776 54.483003502953622 52.421132595581611 5.139251913702470 78.925979367422300 67.933577649014481 17.327845349704972 51.562682574290285 11.982053688101379 55.388710066889345 27.295273827702982 20.237312024145481 39.168791998233502 9.168108273781762 81.220682513155268 26.212334036399433 1.892992170567243 93.687950366384882 58.185900411816426 8.694618619028461 84.735614627872309 44.445565471133463 69.166579997794244 89.559749391229388 19.839221436950716 40.299283047299980 76.169611541471042 17.025144104163680 51.301838110050525 20.862635047569846 61.205135533464549 28.960157447272273 60.140867123092512 92.705138728279351 25.643196415349777 86.977030392223313 65.685168027985725 53.202196428495775 85.734827772234482 82.357506418558373 29.124017341483587 36.568374703578144 19.474745309854523 57.948828346213823 11.447562866819982 44.024166048889690 59.360067697040634 1.954819569335864 59.170728067086472 70.282416066018385 53.783390566470644 77.106993803504736 62.040748350144227 55.614829548718944 82.900421805469932 47.159488537265773 76.402923104277519 32.908008835221089 16.501157616589445 69.016534255669342 74.998776198857570 83.747419695371491 55.641392014796622 13.213545485636779 68.817607046565797 11.854208523014343 26.841526496427615 21.555302855851743 99.590873551056262 54.319231060057284 80.263861507872875 22.115030649221691 11.857792288062175 84.687415298579793 17.633157903957930 5.377086606012293 15.643328788932564 66.747252875092315 94.509186322729533 41.511692209742421 69.745744953473888 68.723947048528416 31.915968506311586 86.905070310791601 41.655109271164449 53.360649713533071 77.258765812619217 79.208867687918072 79.280198893786093 43.766990832242527 47.366635530776250 0.169554948722672 35.065977323858291 55.246916572211923 9.631950554044211 29.132021338831660 96.183674113322553 67.172683214338107 90.184400668319569 17.194254359240947 15.347170614078065 59.185312872481745 78.743852827575694 9.522395669533845 2.431982087586060 13.927153894404064 67.210552395910611 37.935630221616478 84.917456520422434 49.123502018473751 77.355040755538084 13.345427397209519 11.434214296760814 90.098380582566577 42.819638486946388 72.692757294260886 91.450331375933615 71.057943614781635 61.547866306665853 11.205561793166041 24.174899753366908 64.524607086110166 3.380267803970083 74.696533098947398 69.271814814334149 72.993680875211297 79.286093470030792 84.072233393818465 57.629849979755910 77.957731126197089 3.799615885609231 65.850007352593835 6.259567564122570 45.882019836490798 31.435843320588518 42.065492249949600 84.820135212888601 52.206351552327945 90.612792498560751 97.797290388223715 74.369587365994832 48.183894401362792 55.580318115653860 49.930050640298575 18.070096890620903 17.334100804421283 37.392246012384703 82.944290543822277 37.079619377625328 30.939631301906189 68.811970728289751 51.936041847708815 78.923972170803594 85.819573678911667 67.971222879629394 35.597907121572312 24.017325249880596 61.906215038435839 49.111427813097123 98.406775479673286 94.825990375695994 68.758679783461659 34.767680233908571 39.927747959258689 23.498099452556087 73.007265721461621 20.691240064531979 4.845717359973600 64.599552329645789 75.392409055695197 4.955024305729905 58.524770226988998 58.349824003081189 81.106358921372035 46.850923427597316 79.934088120910403 24.879022311466382 76.692417671761078 21.751778162068668 75.520193170614519
75.413556483239603 89.997857540191433 56.084391631591323 89.928633179605256 96.166678643921571 16.196187754966662 28.251684916309085 56.718595267851654 21.885915956868384 99.325212964047665 75.204962091433075 48.247438256040063 27.714991723427261 64.861630530430062 49.565669097319983 84.415088243801833 12.773507155196794 24.805293044662491 64.956497604248170 43.468984022317294 60.674371882083364 21.124306376921133 68.731735835386928 26.683517235759890 35.817336915700380 76.098191186988231 35.962335722145902 60.687041949267254 63.083334509182599 38.325259358867179 99.806728352008506 65.789372000114724 72.638795834010622 29.359708123603991 29.022212159975457 2.493774552142114 72.000584018914026 99.291584596153271 63.480475078869567 35.430193347221916 50.383243451938519 29.792765719072111 71.583251973189661 82.459423859805781 6.657687196514961 23.130544892741522 47.261362357844519 79.486246385520957 18.015104309521789 69.975821875774329 75.380221018754739 76.218895095045553 73.392166396931970 66.949618464668944 85.218287047103715 3.466018536999460 94.402057286991649 50.018816417121627 22.337096507218657 85.187138338590245 25.544353130115372 24.210197898204498 62.363621224877150 66.375420172584839 2.974402981103419 69.630745198393839 45.172682878193406 79.436605389729692 49.640982032107729 47.153854559313345 84.821255890847596 8.949480491564032 63.553856086500694 17.242394829758791 64.227874137807618 12.915286959277573 50.832800400247578 70.599814734050042 34.226715993886870 50.778730484528211 32.540743766926013 2.456333980514358 91.291486035162748 3.731794766262642 11.573191549698636 77.626966786997343 74.074816370674128 62.876970533850951 85.407421861960771 94.121990796076290 18.190387125584550 79.964588917872007 49.400217685987869 56.566305325064633 39.542077004860722 25.479385503704044 15.929616125269453 63.847511365601186 98.616188000336052 53.143985975715438 78.902981319943507 18.561110853053187 64.201120706905570 94.875809511128821 65.967476824671181 11.288961156471068 74.437276686328971 72.838042900364968 35.839336932495748 46.852078384472939 39.121684094120198 65.868289164442587 74.396717365872718 53.372393051533763 76.943315821012561 73.183468187462012 8.317875436818978 70.544781989861605 52.553277229173510 5.867598192952883 72.574632287197687 38.096392223615929 89.492934286254638 50.536411478635770 73.135269118427985 79.739666143692858 24.197446798593980 96.757586094295647 43.678165285747916 20.338958567873512 49.052877606909881 79.125891522762089 38.399477373650512 17.962578344794110 33.701611770756799 97.051084642074017 70.866062062825193 83.435676110549579 79.898276543163988 46.200002701468954 47.203457635472013 71.181919346617335 34.747141421258284 84.602998213589302 58.388964146839250 91.045909119490290 6.011857686063927 7.143366943275076 20.478353362394330 55.014483188878707 94.611727696485048 58.980141656575128 41.885133079243808 60.578438010622001 49.260459474411434 68.829779100424645 8.962277454064916 75.234495158259307 56.467976338595818 4.717195212401249 70.107898559761580 94.771033641631959 12.934466240219644 60.354491953399801 48.534754491351769 72.551783951249377 35.019482302171191 9.690036365423914 33.921100657973781 65.202949715865302 83.350346383779822 79.955131645422213 24.496930777664538 69.025012539285584 34.649767980379707 46.168470356591605 2.445618564643637 40.555816945866653 68.048606119800368 45.701597371121764 5.502711103557156 98.618350454206023 6.896378119147528 75.185886022224935 98.796053924816150 76.006948475428430 34.849754085820450 76.991697421609302 25.539304173395028 91.132576522277617 41.770672144334512 12.839226908571655 75.789348968138242 23.076225995247469 17.238281238828801 16.809553905797436 32.387747085328932 61.102972867878492 47.176289958312424 52.591776660706998
83.407271600750690 24.534512507268992 69.066198477159233 66.015071444227218 59.136384273357493 26.431170528016736 2.032751237389485 76.724446091099537 75.120766604289031 11.066744898755342 25.851699993973163 67.366915228914834 98.908055528311920 79.562736535351334 12.441799098870810 23.101050900901310 48.611531512699017 75.807617568866192 84.224366907012538 64.349495462220332 39.267382000344632 54.863597274543572 4.475121087372935 8.583441884335718 26.700055945823674 35.486048088719471 75.909260015504969 92.260288659734599 15.889226755172903 96.215567597783490 76.540866149817646 80.466028634287355 79.001531782300290 84.921045683517931 5.254121833144010 84.642362749213163 34.340294081602131 15.216038539992416 37.790528142238401 75.173028034813939 60.030118908365324 52.505542686158989 76.282174003714687 39.620471534287148 40.421936437695329 12.298809855463698 69.461062340069077 82.050364117167945 59.349613545158640 88.916487577815502 36.143316827122028 8.100953596245331 23.079902407757192 77.816728415206001 62.233926956439234 28.520367438812798 56.758933978935488 79.112905478514719 45.893149706337880 82.608719867293104 15.294641051719537 0.154602010035321 50.765055144124858 97.443656633930914 17.611189187746813 38.732574917111648 74.522070105553183 45.270068227057628 27.422831841198871 55.554039206059215 23.679838506396521 96.499212633055549 26.755545800729763 45.919402017779952 59.067737401524958 20.004496003938698 37.973185257703555 67.404833073948168 99.139244137059947 90.651609839201782 73.126456129058496 63.326929867697046 41.971694034987259 48.460280091108807 12.490287556300995 64.936582065977589 25.126435397311663 41.054012006883752 46.588143064654929 97.830497655566717 6.128223005653622 93.160290232770322 50.201509629566743 92.414858432794446 73.729661866350000 70.148570482289571 26.923386025456242 48.625848635023331 1.087688931269193 43.760003779137882 18.458271193449104 85.777772619440057 5.011802768052210 57.851590544632359 16.950279419466121 90.679631906211597 50.861558750297739 17.732339337690707 70.112122946024442 20.239344219778708 1.496323270129296 77.130903462202212 43.453239636600451 0.712712396825177 33.533211612540114 98.764013298731598 18.852643492893893 82.101875232147421 82.523838649246883 44.783941689151874 36.670209944317676 46.155389787187943 9.250031036295436 20.543249731765179 76.747343605634271 76.070148679654011 14.550572590304689 57.607793603333413 8.487710272938898 69.429219873716121 59.134042097241782 60.944349816412014 34.374737543724102 5.447078469653876 78.930996965754005 25.063870529288955 87.075989319733409 16.792830581509101 15.448233880275664 19.583895144128860 2.432879619246975 44.472976350930537 36.528939748385334 6.111909689641348 18.027470137906189 73.929783182847402 6.785319743837515 81.839051577101728 9.501010695745659 81.804856153812779 95.893645115844308 56.297789884383619 13.235137221149628 87.417107427181904 47.513112371703514 74.660781667519458 26.172123364080278 40.962403486332143 5.010380493641032 40.433805281685231 59.577181349264421 61.996764808013808 78.274584475137161 62.293346297780552 38.831801266662978 27.931030648164445 68.939184991188142 33.050994315841422 41.796520860773775 27.683040943446755 62.009081560160617 86.326241511891297 15.017712874890176 60.061724682880509 8.304406092420102 71.802621902708722 57.477226042289175 69.135096382988763 25.138016276684038 22.904049136896944 82.775356424798829 88.337410750598750 95.324122251458618 9.560725759693034 82.018184323327887 50.080313547938616 57.538665989716101 91.200571025854742 12.134750157343710 82.873615767877951 95.430436599910749 56.107697461350647 42.751570182035501 39.487087722448692 27.540966224521611 71.634382831567365 42.951659930268384 87.847980354095498 46.883494816045342 32.092768884407178
60.045368136592003 91.002926331219058 41.947876141856014 84.484581772940999 69.146621365235589 76.254681642518449 82.203433470263647 66.333052352793018 39.218935738401683 30.514746346238642 25.638911444883060 23.821555247119296 29.858588920311924 72.654683524603541 16.508040513498955 80.732096308625088 54.331961038994827 16.262630918242948 47.100325060862744 52.293749585771465 70.586880986330527 43.501764452375745 18.928880788722282 13.469891892153607 79.679578035965193 3.132623429633763 22.496470931763145 98.144973629320305 28.516150717774412 76.887373468168846 27.440937649028797 12.838926178299193 7.461643749265622 80.995272807473768 6.863708564956150 44.326895487372809 91.153675736282523 48.382569481625900 72.256655696442749 32.772103665823508 60.965579978310871 64.361486342453716 55.734302707664796 37.163744002855935 63.378436422806651 19.181825836873713 96.979613638815763 43.193732802395111 42.042917507592428 33.050105955893741 28.588846609239315 54.357856394982548 72.099605194213126 68.131203017031041 61.169978969773290 7.832434623489282 58.163916823073670 33.291355070986249 88.200461179081159 24.701910304689523 89.855978526695935 70.041322488651971 14.591602322311669 66.394270863666094 37.394468679975148 84.497966124490844 38.741967208956630 13.047165005599348 41.619948705729350 32.965105373701697 43.609666745271745 76.659933353813557 92.098445817674062 66.613139097370933 15.994512437976505 56.046589679612914 21.866419138288716 7.753004440964228 83.194591048250956 15.182482638206430 13.669147791490888 86.800647440166372 9.032368744624087 62.246532300205324 54.348365612753881 7.284109668983641 41.127546666566708 14.034468925929279 67.980326006799260 56.824424496416547 42.569063606560121 92.376799571026694 78.421225385410636 69.516176636245291 51.030238609976095 97.022598085661144 33.362778864339724 52.354186581562736 31.063160671307667 85.310995991756428 39.408612826262882 98.192477433234203 58.260679414144612 62.657860389545675 5.190504919143912 74.476197799300508 85.757136915963599 87.682338847948643 84.781348159699405 60.778141107060890 45.856731364578849 4.507478614804327 83.292248795569819 33.976627722455973 45.355970051924402 8.910029298923295 40.666147801629059 63.716576861697675 99.944618296333530 99.817334489815963 38.655824966352995 93.557512785277424 19.945506348237096 85.808588721708801 16.260951373575537 15.650702192928179 51.615348616785106 41.743931486280239 25.651039359564621 79.051123927726636 14.254755672259167 6.293490818237335 15.434877267679637 97.349872227686447 82.223362202685479 27.334946539831005 81.725088177269186 37.938118409306796 40.319100757637074 4.463008549896996 48.818309247113454 42.506086518880323 90.746213229382377 37.543027165861467 16.202937249176575 26.144433362703456 10.834033430539680 10.645001460817671 58.492057268179089 68.796141449993740 96.916767062555749 73.260565601584148 39.174445071157592 44.627819351075047 73.714555816606236 84.113379635006524 16.399618494527800 97.720338973550142 64.760733253489164 29.323021453041555 29.122121484027584 82.000284974466055 38.723336386314301 67.279162579176543 28.926456489010633 77.894980345682271 17.109033556396525 30.056856192919856 70.384976218947557 1.257648914627274 80.910959780322372 42.639541403779688 8.247700020051907 2.717013360609999 5.721640657826754 33.660522381378676 55.927497427952808 66.411400995758044 66.980817060238778 46.845161454258424 92.154065762067788 45.326317831689721 66.681884658851672 79.797266702728791 12.257587733758356 77.100247137770268 98.307817956330709 42.965183283013175 6.769645900966625 4.889675278754901 76.282184233098775 19.743091030302161 44.931157317213234 60.489378940645807 54.738752692890500 43.678478183247215 96.025087245979464 81.582078528971934 51.728628171890549 20.562634822354266
94.609291212761221 52.569038126295119 59.888425171898419 55.863983717999830 69.603415692836506 23.048627201696714 16.627371502035594 30.876061940820687 46.025663159530971 7.699120204296195 92.421965742971878 84.147421094795646 11.727610349903250 74.254616240669719 24.114542738702525 23.681480581574732 95.955145904477874 77.959155798195980 86.986245112050199 71.852089486579928 52.468850068102171 70.346072450263591 51.766148691941318 80.458694714008672 56.876574794141163 80.293901533011152 45.498492342091154 34.934255246830084 59.876091149635691 55.372786560686791 46.038649039482337 93.380665770237499 87.239709177875497 60.468841600684598 23.785728858933386 84.350442308850177 70.146405541645080 8.326697469807243 54.192811788986504 87.116894115256244 47.559385270697831 10.334062902494900 14.323842005619380 1.815616308233847 7.143286899704215 96.617211145132131 23.944235661272018 1.946924970174868 34.659446652224887 13.950199003459140 92.650431802090111 13.306017129464355 20.124579799813812 95.829292208047590 85.972434506294107 93.871093282019444 26.259788808968509 20.930177110588978 28.716379715418505 69.006295999608298 22.870434148346032 57.823417469060054 17.785610725038413 31.565640567182385 16.194798531590838 14.987317946432299 37.898074811075958 93.592070537926716 47.756560646797567 86.122150641614013 89.349047325773839 99.556725696796335 26.242566809232315 75.372376645866893 17.521812404922134 95.320915073880428 75.316308599835409 23.801517923644678 40.416026047247399 10.305535495151741 11.400321698716221 32.943404767049614 90.818342890148188 53.221856104361407 10.278412997124221 58.018410831325895 39.588226232374282 32.487728537600347 46.380535116127405 83.993721899357936 74.498780084356355 11.387082998823029 99.565869715095658 87.957799608411207 27.658523915365485 7.881791780567127 85.116300482645897 6.242083920822694 82.534534195909373 62.328129022075963 21.045162979487685 61.228766329791519 62.559359981373483 77.083516853817315 4.906287996779469 31.188188202932555 94.130528177037434 13.083705193824535 46.215642931255218 93.487533179992752 2.762614745313496 57.055837343155567 15.421726031276528 85.681019527764434 1.722840099203859 76.371299690184912 27.733736442305922 49.853703740953328 64.863701897271895 54.684849783726882 5.349637041844080 93.607326869483870 94.476671043186172 8.080396545963154 98.989144672351728 74.298243303882188 33.800827538564704 78.586816335930862 85.387016855994617 76.841971512888506 56.016035571862034 2.380922440482891 70.666127828127600 20.030601081045031 69.739010740225964 92.656670407091895 32.868921289519569 12.087631313873770 64.131273965943549 93.830426540903545 11.456130521924003 70.732556526726967 41.580341332892090 59.620220097935928 49.537793293025722 28.074443918073435 84.032285026054922 15.906651536237860 65.675033120214849 91.957527821285638 77.791745840519596 0.452346922413605 46.886189029795908 96.265395285171721 66.305247398521018 57.318599521116717 80.144283175777858 16.811375934611540 13.201905738046282 39.042739828125306 69.697820301528381 12.541223196575746 73.730347218626008 19.163777424486195 9.764162916116293 84.078357651161923 54.834137180275945 26.970148787140236 3.861106803501391 81.770804420922616 13.225787630418173 31.665677483486199 98.953230188690185 51.831701002000017 99.807968860087641 87.149754588219636 77.954562170513910 35.852673954023949 35.974363951806822 35.330496267535935 71.986176127671399 34.803149571630158 26.541005436733890 56.817510425065031 41.198683600175059 21.042807894108041 8.503530243312374 61.950915911903181 25.419569282176546 74.245899781824292 94.536363227410888 90.782040775041182 92.548824487055299 75.080051628163773 55.948900408986290 84.718263771558654 71.699250073049654 31.329960492240016 34.693942805683584 11.204558404411936
59.403745639315652 47.442496297509898 19.801983302495753 56.385796231476007 39.036393247357537 33.365641454157590 52.837563835488545 63.387493461372735 46.165810658022366 78.347218045824476 13.279511914681951 49.036718620796769 82.566503662611609 36.319890356598037 32.652569391441318 35.895295682643699 79.771064569054900 14.783445582647470 74.822482877157455 99.216216038433302 90.255822763955280 55.547409004792158 18.736416826836255 16.407041516865352 43.198316482474944 75.090515630493059 12.874336505651518 87.682486732316917 32.123126152969576 23.370137167386861 27.920447572236640 10.632934144470664 93.627019182334337 20.561541159821260 38.340108334901636 38.727792652523384 11.333382760747913 22.888165836191344 93.461584304190467 15.145916376932078 36.365743499198487 88.249636936067503 91.758903983332303 13.897126269782678 72.857680767077184 78.053892263536454 68.165782456989163 84.311540559356658 11.330397173670015 79.141288707536646 55.672621149804037 66.387482328687980 44.698196481861451 38.896958794440820 31.159691205823680 14.061826721593295 82.065508946684332 13.899878622662687 91.211992304432371 24.246251802986418 63.291507727756425 25.638535220420888 47.160883413332023 78.139710635084427 87.539790711143368 33.458960416115410 4.144980991935265 99.699032384122077 67.716419108401965 33.829989412001012 64.506001302717635 47.779763657677755 23.721209632448705 48.149818095733067 60.130732967932346 48.638635982829001 81.225545325924614 41.322660800516189 19.868327670448306 38.292298202635244 91.869346373975247 61.058616349416909 30.312997387952834 73.242173414329955 47.669016365477823 72.912827912264376 73.743874900111891 34.713180261824384 45.106357834022972 47.745606890129785 46.462380319162413 43.996090472767925 37.629653180955479 25.183285056478187 54.365193791857521 2.726795451270447 89.539178569691060 71.871557535152675 38.036398563844841 66.076610219419692 68.496847624216386 10.612845328665809 28.293600383714757 43.616802857002291 40.819362854353592 28.464058617967190 76.384851782422373 2.081662241137527 63.137226999047378 36.219781027998479 54.362833753989179 27.665505586669237 18.788916782200339 61.392186280788430 50.031512351363773 64.295962046941440 54.251054955181935 37.121450519342837 55.990509311161048 14.479658406232742 15.466289530705346 0.511128170168496 61.672478123265236 30.400973657458017 1.474459297637243 47.631954481890773 77.910104887664488 88.501213557185352 43.887186662232438 86.023457322302434 60.815809010255997 7.522629929839786 66.714923730338086 85.121675601049830 75.416635337976572 62.210313192969124 23.266992273439445 92.689044374974031 94.336900282414433 93.145297598762014 30.502801237351250 84.336945762253862 0.429466471111029 48.644306880486646 45.757802403807133 67.415006580250704 6.630567063765880 61.953450818645486 4.248535368009343 53.652996196452328 51.726323529905152 73.152470992350032 25.631322661310453 62.669824236375263 68.787208240076211 0.149730480088039 86.633408393534467 3.926517198038804 62.314290020113937 54.521355857354095 37.267016244716743 31.630779031468425 52.388851508916567 98.281586143477867 90.458851979867887 53.306461759932247 29.607745307555110 53.469986609751544 90.437234982485975 32.139921633829950 2.615074607451051 45.020174001810965 24.673065858536859 51.322214598735385 42.614889103242547 31.660495620400496 39.343392234878380 59.525341134884613 58.390275052017017 86.095353019001749 48.335051744027915 32.004243716241909 62.566192395012656 6.339328567193114 5.095308030380108 25.495552063368933 71.122824043642225 42.098476281882000 98.702700314720346 5.374131909033864 6.417083090063469 90.876008186896783 59.572737153549973 13.711927763286425 69.923396274800226 78.402830225191252 26.688252336202666 36.584297369452337 48.665400989181251 4.580817201989040
78.443099110583859 93.834296591623414 8.529084018775258 92.451751590522875 0.742429608034878 89.879808784065929 64.425224880214898 93.457058238973687 18.056780182982124 33.784897101730948 40.762446739251970 80.595332238085362 83.828353480839652 91.707097392055175 97.601701708347562 23.230534755500543 83.638862494885885 52.065056214320308 12.157076506021570 85.531056319027172 83.272530819337803 91.898898037624846 43.971325762164426 5.412565408258130 15.104030836924965 54.109681695221667 62.317464031192074 60.557421632236405 54.133321050799722 92.389130154290839 45.623861010136693 95.536681005054675 43.452146638192225 56.839520270495022 93.784796880016799 9.843381153892427 86.049769952374021 48.713174321577291 21.766407667623699 16.717933908025696 51.587071754149029 1.769298526154228 0.515160952763216 65.031650140460670 13.047711406450258 69.689807611105849 32.893521744666785 98.024679275800210 6.035649320737024 80.534615853318414 56.356372700346732 60.099981399700397 25.822633868612709 95.588688384264117 78.850177825386993 59.474331443500994 84.455071912812343 64.253275687472808 47.180929757743826 43.697117725216870 15.064051563840430 10.998662639214684 62.392419256836483 15.604222798138235 16.029516664855358 77.179298762195373 12.650544357697957 12.405881477438241 94.334433840813801 77.591654225701902 56.091191481609279 7.492774845119454 61.580680380862205 1.978940484834713 89.688158740220786 74.344281060775700 12.112038575588336 97.728890080168526 84.954698065599672 39.910389446858041 38.955668279496315 92.361274043337815 82.872519379874348 6.457304798689889 54.719651054982386 15.594406058047328 68.135267651585679 15.550099623255687 41.238424583909975 61.786338507062702 42.428888303997184 70.768095732208280 18.256358650065295 75.074028327631737 62.794827578155399 47.283161632470936 31.001171357179114 71.287138833546521 81.035441308241886 21.423229688458267 41.381706245596675 11.637492280507978 26.670386171917858 66.697128987819482 78.963444330518698 32.204650530538892 28.540103949368813 27.815998176043031 22.135565079342033 43.128489450303555 88.524648901288714 76.292858449037809 21.020952256574819 7.961495047324274 28.539141382029786 61.623534569389584 9.967048723337879 50.183336158150873 38.228117020536715 71.718154181610061 39.403014388262825 27.876852995465352 31.725796539344199 12.103638519834959 58.562748413533825 62.987542562296262 87.150820220631132 14.606905863623110 87.961409691717662 45.010835511401524 59.101238520606955 27.645426476148238 87.303467934838281 76.641719538619952 93.311477139573228 77.941990409655887 87.600517820906816 95.516044651424025 56.217563633437940 54.927907846152522 86.473846357398301 96.743473441382505 91.579129375146778 70.475329215962276 52.500073023041452 21.978092106277746 60.403032276629752 24.539602941017513 89.984715548216656 93.415630651670682 34.777999490487957 55.358244620465157 2.117001802895579 71.000722588718460 77.578518061225012 48.873761193308383 10.559753259726435 29.827341432083575 36.713969290257275 69.221619236278244 98.468824558743023 97.842753803355521 62.791503010230663 80.582609613812139 5.740214341333861 36.231373696944694 52.864722547434873 97.334823581360439 9.249701850016457 40.630913272031890 92.246936419285291 50.551558628038350 59.130532349141809 38.287549743131621 38.474152856529372 73.229148255750303 52.721085634404908 36.527663616958662 2.863143795956824 92.018044515867075 71.765920660597999 85.737230904700581 31.241136252002544 97.025822310281740 2.286892302694243 26.046078090446990 3.823070229550107 48.412324606257265 14.432286678173877 58.516969883352402 13.054985165257438 70.772621206759311 59.957425242938200 33.086556691362269 24.844993352380428 82.963053548145837 94.066124931462255 27.775928344229982 86.695445814540165 36.788660765996738
89.637119373177811 55.820901249783041 68.264274467041446 22.501176242485087 58.308179965852460 29.772101278091966 77.341930069482387 83.467703319925775 95.629802945637991 31.294432893891454 17.515490164435089 7.754748757921714 42.573563777127532 81.924469574742460 73.191702442663171 97.260800341522028 75.143153530919776 24.342745472008954 36.704989760236806 56.755205877741197 72.821681353208902 27.844999123924417 78.145544403064591 9.596900238847550 53.766070757376738 94.298110948450059 22.744929233188994 38.415331384266182 82.823860273973281 43.295613654950174 18.457365182509534 22.903104677911422 79.802749434989067 62.458900736921017 58.984191540356548 65.665770660376438 48.757854026683347 98.992300406133708 84.972565742498190 69.007432193360444 78.242092377385973 36.604883692182320 39.629722101624431 54.123155157072510 15.890786837886683 20.069302216686914 19.691930158206361 79.045492754885203 3.665788622278776 26.192474189069294 54.817428052350095 76.177866719406978 23.245598284710280 10.199095303977012 69.053318861112757 80.890405786617009 58.146762521372416 40.606733874585686 34.266637008080323 64.195250034855889 51.768777107130546 92.400985939810880 30.368808396491829 15.490392979897527 32.673772797738465 11.565035952039182 9.378242653160262 42.734868231087034 55.819247235115419 5.363536752926901 37.214542735035138 48.123112417878147 70.940639380438725 83.548951144111001 90.694651406707251 92.986366991416730 65.673140395388060 5.994328414866867 46.673449570913903 71.929706106304209 24.942031393819274 30.797734731679029 72.891496339709732 44.508410501260656 54.940549331634593 35.105943543465948 20.672591477698809 39.996963173592718 58.066934468374043 93.711884470322275 43.341026486912682 69.601907540888291 23.940756601937707 88.798363037424537 93.111254945726188 54.947375367438589 21.499364687182798 16.916056383301015 32.418537177030551 92.397709691782993 16.295298575111982 66.143512945051128 18.871038490918433 62.319733966562005 52.092237317164582 98.210620879752909 2.262382042422351 12.543061247325404 84.888477268490220 26.405081168094526 34.297630479985941 88.310483853093785 16.447002207456251 68.753067661542985 27.657394639401979 9.778745888226970 13.779356089899242 77.345037775664082 45.659493606451903 7.228648765916912 69.757044395415917 71.064473029033678 10.169415219072864 68.777558285417584 48.979441040427176 47.904579630011035 50.964160720542374 64.884951965408519 45.347588166164485 63.719702151605240 32.708267879889462 92.319126594312209 62.005201645081613 47.829049700047811 38.414659635388361 41.111624926772485 57.409901391033394 32.647577960222932 23.533014681414265 62.790465218282407 86.768802762947900 45.281214349523268 98.693105332049115 67.696061271830132 38.965698204199043 66.103854786629896 87.685071533595377 50.254726946905834 87.750528450309346 24.230088077037838 14.262904276985012 52.358478313577365 80.534138460833375 78.756028406887239 9.140831240454251 59.531971495508060 31.457669290451374 96.935438907038701 7.302781420834603 33.748114723463317 41.855600153202253 53.745691253215554 36.634142490079782 56.940255117733486 44.768943652652105 8.373012870644125 47.827601753833285 3.539385759061997 45.667836315734213 11.255884083382117 83.884979421755972 9.534342163900611 71.116170965876663 42.635544444765515 93.637351441777781 83.655461041123289 20.957915246034219 14.018196998980702 90.550299559339081 25.113646788617572 96.044103696669495 32.089601253985656 10.467473495227953 66.590162858333656 23.644965199247913 63.758493094187116 1.098484572760150 66.204899517658262 90.196765017376634 40.556219390845314 57.014151946177485 43.958173482522213 86.350059656690462 28.648309046400421 0.033845941242105 92.346767852277651 16.762501649518281 9.343786835629409 24.644188160409985 36.186057084189336
44.642590975952004 31.381217194355195 3.887728603081053 45.316425894069276 87.308552110602250 55.182885311450590 68.003272678429667 41.107941169508202 1.268183414543911 44.143095870916248 99.121947290525839 22.468743880521135 18.926986466375972 60.923466552893132 58.742152381810662 63.833683281688621 76.481500054966517 8.566439407154148 79.272834123241907 96.524574299505673 95.288788043700961 66.647436225534832 63.138935609562061 19.925637561266306 63.402395636426014 95.146422996968766 96.477657404136053 61.619077844754322 45.799682560780738 8.441872169378151 84.277070883637450 8.967810743058436 52.698053673292343 1.434063107372863 87.469568951721527 50.404779586764604 26.300700469956663 65.434046569497568 37.273265381037938 63.144764449197851 51.810221446728612 70.409873216702778 14.111144714198410 76.829337056258211 64.319230569572014 1.756916587356061 56.958965364044722 38.974565789595928 91.987373736223589 69.261466578378759 49.915734469073627 32.810394988910076 11.291465297780345 56.704472306826879 93.312823405103089 78.773761631391409 64.890769318419188 9.806838116033811 6.241987182763687 87.179231241809504 31.403828177114733 20.911985942406019 6.492318241630047 0.781384242757766 65.285152011082985 79.425492754728111 11.770986555099594 14.807669860524520 19.483757117197463 91.444946142469234 28.813324825969879 79.122612356676598 44.841783897416377 7.929139312740552 0.780122775129410 63.779900922461472 84.883491775290693 47.301856569127644 72.288575865029912 86.628035567311741 86.919261571118525 72.090371311481263 37.426254431715954 53.405691394207786 36.299300788916653 18.253609033373998 26.171701638367306 84.544605340045507 17.187773438693533 33.505404592148160 30.334304617057526 29.006059505211290 90.952079120932694 14.461976282922627 89.409841866697420 39.266819952450383 64.585735573966161 21.609463397050810 48.148791407184412 51.062487563973406 7.210312165585075 97.101288011139403 63.444574124466932 19.907732257503220 82.536077414085455 99.135940733907404 72.101159385282926 6.977855676444000 31.630890532261201 34.545384809219051 84.726454520950966 54.813361277834446 52.183225218282402 34.975865861614416 51.699178004615987 34.025460666536148 43.466057929697897 7.726337949965078 43.243340689142862 1.337165141729557 52.688294215038297 23.266575466414974 8.370265912938024 20.408318532871871 53.105846749426675 71.386183846000378 1.915393471822446 94.220692500820263 15.662206433502490 57.834314830538212 71.386415874918001 10.201595412475140 57.456900700323047 83.564065604641684 12.208345069871029 84.109329267697518 75.812997306239254 54.775274849686284 44.831898298216935 52.263512560461081 58.808800015076258 82.006558341265560 75.120879523718358 86.094211597630078 3.986104217600239 47.150859525856895 33.547424836874463 58.835418954918836 94.918566407224105 93.124899395003226 30.945095151314405 22.841058648692247 31.334279030833269 63.459873954813958 10.324373568426914 50.932851222999091 47.268195210577126 73.654354639371761 53.270463549904221 32.468043526656729 77.515251491760324 63.929961214039999 44.617094283741864 92.306507256402043 39.150836087095485 41.092869131567312 55.902414052585755 28.691619828611614 56.441677173225443 58.136844088198728 95.604907189330120 90.809074117758342 16.454586163018082 41.084178153592674 43.608614867704844 32.239826463265530 48.866178457626631 40.324877433872921 40.500721647177819 81.520220751654250 49.207533120617356 15.767079319075950 23.641548947909317 66.595766524291548 98.692569653842995 19.080035565287634 25.179058079588057 44.155411414399929 69.349641918732800 87.916599418440882 89.509971573486496 5.411518028197371 25.152700825154728 57.472697327050149 55.354587252125810 56.329760726901867 35.331454796302765 22.264401789143594 83.582836919706324 30.781186063658382
23.980048943812548 34.047585280903448 79.876691261673031 24.817835878037908 85.186420775807434 26.708832942059956 0.684537619830872 93.578162280482061 72.116700966563116 68.917597069305174 20.553336463710924 10.144893564615387 10.419849490382649 82.431116989403606 21.467742182029468 21.500092631149993 38.890723965053773 31.243543254618920 41.580913985479405 66.715830514231286 39.946531833130472 78.799568548527105 84.081631690494802 49.134684276750939 39.641664375876410 57.738231807902643 53.041597610566036 4.080700873463094 98.219224570655086 58.637334799879469 59.119781106761351 18.392569510221822 64.543048437111494 76.217062724633507 93.773786030127695 46.036869691979973 72.181555926467425 50.980001124463115 50.853207667712788 88.898045515969187 55.746209915738632 77.942068720883711 21.394451894606693 22.152777042627491 7.656067229127784 64.683500574027093 98.700509913950384 24.791309899825286 19.050095994023220 92.314735539795066 48.661497507126164 18.105146893851987 95.478714528265670 12.893274041481595 84.874904966630950 37.563609481462422 69.220886841230495 12.702284271356257 29.840481751392069 2.116604782174647 8.376958766834285 36.474383555867249 48.459988137253788 20.533219585344874 50.897900322472992 90.456663509181766 89.743474610441709 28.068310224735082 57.927615921286588 96.529859716631762 42.496487814631301 47.649085591350662 68.126334464361179 17.540987378743409 50.886463456410823 14.364550516415742 90.173647524238262 49.521400791509194 45.047126505566141 41.456576060302375 31.676314018058505 8.803269645978840 92.263354656135178 64.166315867367985 50.738801087459251 66.484984704908484 44.486931169126656 92.729119992441838 39.317150324806462 95.611613902964763 74.146205460283625 32.807739816456184 73.626061752701474 22.319110964142830 86.114333202767099 85.884334271501586 47.345898189682515 82.535840628673625 87.483340688051385 4.035788601669898 12.964271726190058 88.950883664442614 7.112612852666855 48.475228338605625 15.934929496937688 0.667188619669812 99.473415397365287 91.798641548451272 20.462245560738555 44.406709544140213 80.136136617768770 44.839646678083170 37.245021086244904 87.764873023864666 94.340909018820639 14.361095920362976 4.145782095285000 60.240742482095264 56.592601253827546 96.358754428109833 13.111112380898248 31.552651257723475 52.466044826729096 71.435989536896059 63.801567359931141 59.674213239963471 90.808700731173644 18.890926583015442 34.449413546467355 37.849682540398810 84.972779826963134 1.782717663654576 60.376447731352847 28.723020034838886 76.017738477852376 88.050782866739482 50.278359874009162 99.462909629465372 81.229947232077109 27.875876835404945 62.128791864233023 85.730042458036792 79.918371652227307 30.740327409534775 53.206998580580802 23.804959407852699 2.007022523413737 17.966898768840156 13.100146818519320 70.117484087495967 42.172817469171463 86.257009985325951 31.503792610429425 75.409079374006367 25.961972482317119 52.848459864307415 44.394737345925847 36.615938068230022 90.056245281191565 15.669459671069108 34.733573560660872 30.433966807909098 10.216348801493890 21.760750991101208 42.990948057920434 20.581156374835253 12.117222352081470 29.191300401890587 87.275622563144722 99.791452669149848 16.643641240548824 24.905554389501326 44.041039651614547 90.543103708093184 51.106752798600894 44.921052598588041 61.126804163731549 36.109650438473864 61.105535836309421 54.792580992082009 4.508345707788375 20.546722511099546 14.781181051764658 58.469968374468905 22.946083649618142 55.043897544619760 74.562106444927451 37.307320205916596 6.788193441776857 71.427438682763267 66.834951085339810 86.680091235406337 22.070520620213308 80.234990464482408 89.164592923710941 48.450144351789802 5.173089656641661 4.912319083370975 62.939294175088911 94.589369844413341
86.836171477195407 35.660633933370768 47.617143306310119 5.091532980879798 2.616739415324543 72.883861572670313 28.999446141405340 42.037338237560171 10.140114305110915 70.582257019667068 4.011825215247844 85.147826976421797 42.348838893469285 24.350578458791993 24.913049166432899 48.218500406561958 21.822457508187188 63.276738815801515 52.596183439465214 82.454666924368340 7.623591183693534 50.160310000522443 39.385028709655856 52.526618053349615 73.331739562562561 65.252914060625116 60.292410618230953 51.589727505065156 18.260876863736197 44.009749193599475 63.453577889132085 29.904348796469581 87.826928881452488 79.737962243586580 93.711469156426958 35.510338704193998 77.364910139649410 3.650914963021634 62.827449756312390 62.819001506592777 39.868841025755451 46.080393751612277 69.162308283782508 75.341165827766147 78.155823600704622 41.988617900838754 19.669911157112331 71.446821189559898 13.223959711930977 29.519075294011397 15.442362009633470 27.968604993436575 63.502250630221916 26.541506224817280 2.524841130474020 11.217495367743279 39.046410125382650 29.565363792421795 7.754776727264634 51.780108210372674 6.235179124281387 70.624500374953996 76.575375024769500 89.840870283355287 57.587196649532842 58.578526869569060 70.799909318928115 66.224368054671331 12.740081743898212 65.113817835074059 86.696898725779263 67.339019990016482 22.769265152566931 24.716763120553153 75.844101347986452 11.239438378282607 49.297035098840780 47.381866202501413 64.995740366865803 63.830098329345887 67.104355107409916 18.883629830440796 89.594975189163577 41.113995040110794 98.687769415127562 85.326129226304602 64.937921360903331 29.699286358850507 21.744341944802926 89.290273484876110 46.192345433906581 46.834793307564752 61.183003472044120 92.728781506013135 94.047167558805583 92.154780721049818 40.466811264684679 89.768483580829567 65.934008708718224 24.853185968546299 28.615506467514606 30.133033196506997 25.722267671013832 29.532400097867807 13.068733136957567 75.059835542265247 42.523044347956983 43.226720085821398 65.434244021160566 59.157567840463109 23.154821145360128 50.638695041423411 37.678381138575091 99.765740506378393 80.071867699444638 73.984097247529164 43.607070916946626 91.507932268124264 78.734391917731912 79.397522200315208 11.360676961210814 19.395063159351032 75.611227262172648 43.619552028440481 2.876866343025042 78.878466021331803 56.887798889886973 42.002588089667647 62.498568390361889 25.916236040476580 78.369262811519107 69.183804159264838 38.754024089464423 78.826064126668470 70.961354757415847 82.999301053440817 17.988511072935708 49.872975287132292 93.442605113018487 57.222093264768645 21.958552692920463 64.889312593036735 88.497176175481201 17.200511645583127 56.426554595959288 52.950194393121805 50.222355592522760 82.924812529221484 55.615280684956183 52.222831668222994 90.627743953442987 31.452000920598199 24.693490927039406 87.766436700794145 89.082256289872305 92.673626134923865 56.030027030351704 59.993004222840241 78.753466590359579 84.648559379945041 14.430245721238698 52.499460418216671 98.791855468358222 95.941939621878419 72.262232675540446 55.480435202932057 4.427917060489117 78.854546247240066 42.109069055563872 2.808341604730658 4.332907652840145 38.607113990978227 20.700242808160606 17.830405302977383 83.470608166360222 12.604477404131654 68.095553305458850 74.996887009213211 80.201055628031895 38.004723443215340 57.604576000865315 0.816778539941132 97.001654193773390 76.053611588696313 56.462236412970292 2.652858345245479 3.897762215142064 95.661105645238294 43.828480041821294 13.385967151272860 89.138282056126116 82.087430763208516 56.077216450701307 56.628255883868931 70.384133829283542 9.411488538617064 67.983610466822881 90.638259775990775 38.519083962752845 89.662534175499914
47.715899174435307 81.499510737676943 38.314726509052321 97.221437444970363 47.146657627589271 96.766635334185992 87.108171524874948 51.367217918816941 65.247141320794114 55.714004400108678 73.456528217124699 38.915620171501700 94.093159653060653 49.516319624326144 54.389620559927188 42.764191193162524 9.158544159439220 94.934451154899520 70.269374100940567 92.703658240046252 92.294685011272620 78.327270371399976 42.203758661590243 84.381776969795197 30.982821203798473 74.859391916111520 15.220040031562931 8.583741085943764 53.433760055064802 0.557230492297900 10.821383676013562 69.213870216011827 51.952848665493725 76.490454133200856 67.595259756663324 89.591808474504759 78.620480486014387 63.664636369885166 88.794239329660059 3.101919745077586 53.599182818894612 82.599235841738974 59.526829112352054 73.138691047825006 68.752693505281016 3.583522016421903 40.500726475236604 42.628351955116209 55.872080171865889 86.704332566942938 19.366468193157804 28.437579865640629 21.011380533036984 66.497191467843479 45.885809635440232 28.996545746604617 12.752930174577060 22.477142309326247 1.889511878594297 27.965055535682094 66.089911146916450 28.812140507794560 54.001345206576076 41.483978296441727 93.282594653717695 64.426360175536786 72.463487030553992 31.698487487028782 58.719043894698927 82.183922622435958 63.825707008089637 26.942736082561957 9.369566954430475 18.239412206651050 57.670252455427729 26.053684055322922 52.500596573090498 77.128581101589532 89.583869373423099 71.549192172617140 97.032718166591735 20.451133565570036 51.716106330239931 6.387089667261170 59.596152887811314 18.776769456307775 52.220938083837410 40.727275337797032 24.356556622682245 24.017798660165234 78.455893664297719 58.924300511947678 39.418762583859390 77.430202821140739 33.184213914463847 70.964521579011731 44.626708586724853 92.117936110395377 69.748925398307676 33.725001044352751 10.738382731354879 35.451953636787501 0.126066130292146 10.682808719854521 83.707219162174212 13.625357856111620 98.620637904065219 58.181092811528437 68.753436896839844 47.954844354583471 3.022675948608355 36.856078311623939 34.929480118739420 59.912899403007813 92.002179308651492 47.973384405375150 0.748204260485918 7.740371996478990 30.490204458661509 50.591324414852124 22.298035141260709 28.863272427635511 3.486529801121163 88.319326621754129 99.374588492606378 19.398832219171879 87.426424323885925 19.073153273730036 27.406349449910405 59.033437010073122 54.777389831180137 57.691137420334080 55.320385410236597 26.437702058935852 21.430706498574793 5.938552123546915 3.174701498553445 75.958451250447069 93.696095520635282 23.281599283657272 12.888308951450867 11.874621921152539 20.253496449196241 78.182287593149653 31.699680964028509 51.294909947057775 15.045037805679073 32.523017971925981 1.343215469595738 45.435236238240087 2.116115940858798 8.267504922049330 72.906266148413280 70.162336128404135 79.548337593433700 87.662733746304482 82.104870317848295 31.007543318366050 74.914750850815253 53.538201281599775 67.633973009252387 84.886145790866010 27.570803178737012 34.920558180278640 59.061213121410439 79.979037297354580 79.453570107261555 75.510271488058549 27.356826875585995 78.895810705495563 46.368046445109691 65.483099670573949 6.863865176603056 75.918866836524955 85.266547178540293 98.167222233569319 79.240987080241354 55.469696233302827 20.818698720443575 64.773860182946166 83.590376158694951 14.310634482790707 91.935370583490439 11.672813619019307 30.588885719248580 61.871378025380800 8.482085528307648 1.976364721129198 75.243654144132393 21.811442003200710 34.834485791943202 22.209335094184524 57.207987839192938 84.484784504878945 99.418831367103763 55.510019184636619 84.805224903598102 0.773376296414341 80.725219113887221 9.191483424149782
53.609315825613471 42.291303575898056 85.584770138780911 55.878043915827682 46.187357375274644 41.471944984843070 43.874539659164860 31.985152114539783 0.887039839187065 66.839385039790372 88.628032020368366 28.613805603336861 25.134348892663873 94.424939418093430 36.078798072394882 87.416524001289559 15.138452047196216 21.714453769791795 45.169730255458006 58.526047264016952 65.957237030595238 92.130850596295915 51.905376345115840 24.832033077876893 82.414911851899504 54.057832501499149 54.163380249903526 56.120805779387425 65.137477481011516 55.825315976915903 68.062321089065463 42.783153014884604 97.393531332920091 61.674981950375049 98.471774917614226 62.483537960421330 75.171587296670523 15.545437669647866 0.312004623831541 15.223463745430799 79.693348239330192 67.158524521205749 43.841239550847824 86.027588617634237 55.939787096588809 24.444872580567623 54.361697152527611 22.164496117266243 89.497769621708528 72.089083591964680 89.436219452892800 21.567979583277896 31.170462971459521 69.367610960355236 88.095834146874182 68.768168625747279 64.315387757068862 36.780976589360556 98.766610298668368 39.174409506627875 78.132425907475465 63.035031057750466 95.265955043627756 83.199774910736750 46.080326839547695 87.239803478972064 46.059169307875834 37.296924691483724 62.606131318713445 13.047003651379718 51.587269455000225 5.052363285404038 37.152024985787556 97.119576416568137 41.287102096967153 97.983758464710064 64.350353042999657 13.221178608975571 86.701258321915361 28.516735568310846 10.419572654643405 24.434655737592472 15.237039002738173 41.644582999231261 12.532678300737278 46.740314201617139 70.812562824884992 77.172430629908106 57.520691332305965 27.437086474857932 86.619893378024202 26.365000803589634 73.885744471359686 46.394875827409024 81.676138973976009 3.710130045463900 7.851867931351119 44.408973899475676 94.879080699663405 8.117981149349763 43.369945914361310 81.632701128298805 20.426077927085061 54.720765058752526 56.284162938967455 61.613898243002708 44.674456940632389 14.676161221905382 79.339019203348855 2.425371682744382 70.460291709598735 25.269924884352900 95.034607667685876 54.060902925344799 18.164313869714555 67.011658517981445 27.632241190637075 92.758035629461347 67.353662859927496 55.723456919443692 28.009290417599907 93.362718530170667 82.571764689723949 14.571824372386455 14.254340190769799 84.999002683246800 21.485456859753238 43.982110866327417 93.017943758963682 87.614621646345299 32.356718231771040 32.273419497669167 21.416091922332136 4.908584799332005 34.798042884636558 97.099185095787973 76.030276423597115 70.465593738475761 68.775400706064559 14.056106097357668 50.533701388107907 32.952151094714701 37.429639989309550 39.983422320984566 49.223949316984630 99.669925058135718 59.127508270894950 68.889982861513104 31.973757804659396 24.880568126863910 65.147378640967872 28.281665393142553 73.445528129357456 97.778196115192259 53.629159200853195 56.507861301868758 95.628373178419508 15.960164768024555 53.638548376073423 43.144547098957673 52.194284167010487 94.329144655026496 78.084500833671100 37.305409411311594 92.304094949143789 9.798962324308647 86.081717363349199 77.141421502116387 51.819189376905769 55.589189745866349 71.410292891902046 66.819053569266799 30.648894328430831 90.162063985884359 51.088241733299313 4.839411265891924 60.711775800138980 96.650248700347817 95.466857288756557 33.211613333881182 90.459026849162044 3.793600935175412 24.089194241879163 27.077690793887676 93.788508745638552 24.179226172026922 54.227983557142991 99.399092050435200 13.445698682573282 80.780319686001548 51.441746560807090 52.632870455962014 38.559638243094021 67.558295178848695 51.401129971609706 28.015415913149145 18.823705449166674 22.963716926413159 92.542328294078274 21.076713396602585
89.446829337845529 53.054457473203918 57.565958270399676 3.846076620904648 29.042835239864985 66.468798540717572 90.327245636601731 18.211022234869400 59.401053305105698 88.464784406435342 44.416825830960981 6.717435019089879 90.147295524403305 25.506463739007746 45.664676163349085 32.097631665560954 31.977442698958203 53.464710021535758 59.593914950428427 13.795757675534881 61.495916996359831 54.283928159229191 78.326061489312892 16.630399312556566 64.679035563798010 50.443729192631992 35.335292506720798 7.202118837412518 56.228549227724557 61.759231635439434 80.947198939729915 50.923388769474300 28.345104371671749 75.075791628852613 66.838758825800113 8.587839113264305 77.423888535754116 5.178817704669170 59.242140530323120 30.160125246229519 33.701264908947472 88.101799353096411 21.990791522339382 89.618360278975857 13.764374814700520 94.176130906560559 78.182636967040523 28.141750438994517 85.372595367725637 51.141587096465713 39.036256853124051 24.303920825710289 92.088105536087923 46.736547004488450 30.394971082467627 22.174111093930861 80.444272265551916 36.527724760257861 32.951510058671808 38.102798464443119 84.669360280879459 4.936142025493007 8.447058942947915 75.049584602665448 39.819481188708572 67.157002348231160 36.678576647803105 30.128426643758889 15.747458734442821 74.998997030442354 96.609684934665921 59.669370100697883 20.130609952892129 19.240632989538287 40.386644667030488 75.245639779121802 48.451443907819069 48.647982863659593 97.278456200836899 53.833702104421576 40.076152451818828 68.964318894690578 46.193888904436079 29.636046673470606 7.152332666922168 27.508963097588325 23.145734672998188 83.636188963087875 83.691350598610313 79.602761958343521 81.843918019349601 25.590880423241924 70.356448320993763 13.191211960266591 1.952597870131034 76.166982145527058 41.182307506805891 33.391647275102876 26.644090732371772 50.138507119146439 95.315614682556955 36.004366546614094 79.995133240810063 40.193165622960144 51.182841232883760 89.928701596965297 59.741605162053901 26.976895243402588 86.630045161614163 58.298819044546256 57.685381793864046 7.974910972354143 67.209741313335059 33.147626227297501 19.658135588248658 92.421606660301052 94.729857388376814 46.369819431881417 69.355396365541949 45.524111292405344 96.559556437330002 85.984760651381691 18.368289113830528 99.961406305914181 97.538106189708827 72.441814408414103 4.094617912065401 0.023281335126213 32.562975331484658 39.189566619015380 47.708038064911008 10.293406447595743 41.383051781652000 53.270396614206497 79.550847823512925 61.285732685771265 20.906027201991140 9.451859603747103 18.400769178156917 60.665892343279680 20.775659281295066 49.906844320546327 83.375103348992781 26.366221798356758 27.574821402404083 21.419398060881512 8.751646523168844 54.314133271458886 23.784070240277089 76.758992847748019 87.029063462444213 22.191140486028715 26.521430172294490 43.399665486145558 25.743904298332065 71.147659329545206 97.697934423462470 49.056378416832501 52.727892110217965 49.352612318523640 77.860491151580931 44.019707370859742 74.688638758514031 2.727750464853484 55.127254408374490 24.890371375789798 89.414240316084872 91.166962712064759 84.523307387992560 94.582711636613070 5.325249162101320 41.847090385994591 40.516652118623767 52.949100197043052 56.434492450317073 12.607991298483201 19.028281533610969 8.921774054555199 20.816184306670095 44.764031446460898 57.753198050418753 46.611300830086414 21.394135867436724 1.511367718026657 85.864664874479899 80.137354092224996 49.624371089100869 59.005166563248991 89.546185682379132 88.724163715147512 3.911808964504260 89.016066117432160 76.565391915993374 45.775728320068318 9.005636072787393 86.577982738850821 24.102103196418835 22.055587313757897 83.109453066635581 32.794214467218666
61.023304592778693 39.363373923716829 1.566899969752467 92.297226743396848 92.079045818727508 70.980384413739401 42.462704179617980 36.202323674616935 75.350396028938931 9.483437829100893 31.144310562309883 26.173538778863147 59.039389961986245 30.580301682628686 46.008285958320194 99.537066189662312 28.281366315579682 31.906605080720073 6.972384276118094 7.876695028834946 70.458847901114865 53.791882140110026 95.997314847848457 28.364350712808861 34.437514867303484 81.347913068059000 12.101461487770869 11.890270611907294 95.366916468132644 72.121357662624661 10.928069385583139 72.526832105999176 40.459284023488621 77.649819621259226 37.593438883607931 39.200614865794002 10.343418510620184 15.779757872003996 82.537575790869084 63.293795193414979 15.822860572921494 80.588592818115899 10.845257708833611 23.138645023378601 69.164417007272334 10.874892470865493 13.309428628351338 25.574341099186192 2.325610152156943 74.498982647345230 58.663195577682316 20.690110611464331 69.147225764378746 87.241875117041829 29.072490029592945 3.704736702659595 48.275466623391416 26.014553472240422 87.665672571622977 24.753339324507127 13.332853972616231 75.675452342600707 12.308253363313392 39.344411744545702 99.619691950185015 89.561998493913322 96.326617278616425 66.171251197488502 42.379083622375013 39.851424468464181 19.654086023621677 48.207495661870595 46.571908608308341 42.375390589411410 78.374082654164141 80.062872017683233 13.328526530319317 87.771017024039779 91.192222935327180 5.677105721352083 31.572227030518128 28.389951224319798 85.423922292782450 61.908807659576304 88.952884021815535 48.848815426739442 65.689657862756590 69.585160724895772 31.310903097012943 75.848835151883449 88.579971363829401 74.855007972490867 22.757258730635101 42.507961913971435 3.014652341203505 44.099461530541198 1.549345776440236 28.479186748854090 33.587894589143964 80.222326717530237 39.853988709662339 37.318744027852780 40.359615604352904 63.542636601057247 9.040636998823004 34.966233374582870 44.243883499992556 70.309175882621105 35.791328417115899 25.000117801551436 16.606279182810578 69.422061601864314 56.115948864290630 66.426542104383842 43.845914230487757 80.657121884447662 19.022649293555293 6.904452665994098 84.739841745222719 47.603734633374870 51.070098364901874 60.966840742507564 14.101343233075603 51.939226427331455 4.562642571395026 85.464288339808121 40.214093980668764 26.085203406908075 30.347724116031770 98.810607833151735 47.899795645873887 47.627298644298598 75.316293663800579 18.062316541307876 79.781786407016540 85.125480136565770 40.465510303341937 49.227438680000155 79.166732034009414 57.262590490032650 14.385413006041514 19.666622023313984 31.096470747651452 88.606453293807903 68.214265790120081 90.896962014097738 91.330989039610017 58.661745606414740 11.142534091042045 59.373951753925304 1.438423910058184 8.452886988564245 31.030452099461790 87.709358105535614 82.780668711436618 69.422861092660270 71.530091057383800 61.063370569842427 70.716072972665629 7.493879108753809 4.663748063146977 51.377276821887939 50.804968126868452 28.230175997251006 76.486017594028496 34.780372802383361 53.193751853036851 46.113052690073552 41.513977172413128 88.000130450893465 50.042275459096466 12.306575671685337 21.253541958296452 94.204539749829749 31.485186529135511 86.015562204807068 93.270702028680546 85.567740557861171 60.141727750906938 4.921767119247256 85.771361808559661 42.402815208381639 73.680005449187789 57.599891523074419 45.269765673076080 90.064955792020626 11.951165927228457 32.175501754150595 65.220531944872306 80.119414454574382 69.082302345731165 28.733017875410582 50.642550261355701 7.518091551485783 72.101460546796858 39.300155925461389 39.814937569508317 46.612813380727758 69.796280444004850 24.618454911852851
98.174709883714954 16.480234984890895 86.575990078867676 77.910018513554888 8.308465244815865 64.821638220895906 48.454989061034524 43.216294150031509 41.027424658044289 13.484406279835181 97.900891869590950 92.278604303717728 19.018069821556903 62.368697058604681 13.375199500002477 55.770875057918744 60.822910285815709 51.471785897167102 49.162932423141768 61.713938890694109 43.345098791788814 5.464528092345267 82.989233020584464 91.739269453156609 69.333890808774470 35.482094518966946 92.888923242777807 41.134804528582777 41.408778110118739 76.546004316088670 56.774925002397900 63.786956416405637 97.744116720974901 49.726962763426386 36.838715349798278 87.814522926592701 33.652266684736141 20.526579677602264 76.967875658175572 78.831522686205631 19.262247137796784 24.955363959723474 45.824231709503394 58.744427748805052 45.841178914309765 76.405655173557150 97.370962469133886 95.445461848358903 0.551076554394114 70.478030349213185 16.990049634483196 10.723791378096736 52.067235248941799 47.279132914276190 97.092076252954456 10.844658087033688 64.686948443656405 58.928877095716878 11.084148437704687 75.571996793985051 27.384587928450621 50.081027751967056 92.038046360059070 76.137402883312888 0.707077796346434 90.836211711999439 90.491475996759192 59.276900844292811 63.202402205937190 25.189296999032752 61.430671467761485 26.832537137411137 54.264898042887012 77.364669672270793 44.048020417075037 64.738184143454120 57.450638589597666 76.788067411021245 28.743868147954611 20.636889791798307 13.729193054917488 69.877502296387590 15.278446169079697 50.600933930275950 37.345217903530980 59.447891078274452 65.862678522967173 96.423539620888448 49.955758514122330 69.100541498690987 69.655259488009719 58.617710218440067 36.478680785307972 15.406244730769348 49.955061282092196 52.314882223079294 39.922855845777917 81.468305029211251 93.959140861629479 19.009731478861390 3.471403975512133 32.020838354131556 16.532204691938844 67.394475876521383 7.000264933563527 13.179980410157622 79.921170492064775 17.280949898015109 74.166389856215432 8.805693958744342 7.815559598441535 87.871595347891969 22.240476439856273 68.795177980650379 97.731651714946480 32.419687530042097 3.774481489987014 5.547284073064862 49.515667979056069 69.428981763265483 87.274262050473183 24.934449726081297 28.644222877533686 46.458938939751036 89.726668578204411 20.727085729322404 60.775328022964558 88.295033932578448 44.970680859381972 46.145924052302689 86.538089185309545 21.112437879568102 2.319573626058113 10.168223395224151 28.017844384120949 34.653215004763794 25.936199757963763 8.854094699356585 50.451723666201175 11.575483812983478 49.204801314257359 57.867857572613701 2.408440224220587 64.584454684895647 88.114638750329760 52.478184921762470 1.539543563232115 44.012879143169556 82.439182982203576 65.334603173436676 3.894147113401325 52.884438898219209 6.956605547942751 82.172034755388438 3.356225182904382 77.731361310684647 79.245607698051785 51.436103984436379 85.586641551987981 57.933458111317272 54.754498726864931 68.876478519006326 65.307439661887614 47.416720310796897 84.817101789940281 34.012545423454100 1.038045198488424 98.719373812344955 78.359504360888025 83.366755592964353 14.705935046644846 63.021802451846753 17.003556771245876 80.753501729883467 22.148960126641427 54.627809991385575 17.467550149215239 91.436500633553308 46.353673339253234 92.935109522292038 92.102542213199428 23.082279922656557 50.747931625632972 30.030445511928782 97.708560107573334 58.350370651272598 77.508271752313050 72.615177551398290 15.383689038161341 26.331040618040337 33.387677138337047 4.817731445273621 89.200942297915375 30.790943624416588 17.335132685111375 49.463274530246757 69.315243253429273 38.452938675813940 94.222253417112327 33.756457627188610
47.666876538509051 27.756810846177881 17.568151985831282 86.019404728119980 11.197672514627200 40.833797102008575 76.869673374318069 42.581437864593994 39.306700828316288 99.509140724418216 74.746143143753855 71.807317683566424 1.198326964887531 40.192631512970976 38.472395033618454 88.679367609741817 36.694307818834623 90.513363143317392 87.411600456797743 28.780685577688313 38.345187477686252 72.950024494308778 41.532417664520594 26.596280176803479 5.144170576419704 26.631584793383546 50.036571411250698 79.087768638889528 77.228411291973515 25.103588313117353 14.468535389738735 75.505741929415066 22.387975300316754 74.364096309341505 87.365851409597823 85.391944515233604 72.341041445338206 56.515056982723962 28.747145515789473 73.865798645078854 56.977259390303480 65.971733309931025 63.095278517184269 47.046915314761698 50.608687722087140 73.963855154521411 97.131540910633262 99.135262129698020 84.180653541924059 26.791995235659392 95.903493452766753 94.510352842982826 95.763432219956997 55.908722162431367 9.772170340898523 87.365466207546376 23.934090099428751 61.460197882928270 20.183996370338107 93.016356630023239 73.193497912867414 85.602644853083149 26.964534151243203 16.286968914976697 78.228985449074500 22.663818165957451 43.592674389258349 41.751649475159311 46.596754242999893 94.251387004182220 79.191254262677887 27.486097750793625 64.339798015325172 82.915815855061552 38.252935289982091 81.688188468903505 95.400236944765382 36.131532189809292 77.228336723443675 62.185504797050065 66.906376131326212 94.860458567407520 37.659375988947538 80.519169098646941 18.369662819294586 12.420210379667108 11.483345158892455 41.480300396989499 6.200267517103841 73.330886857836276 10.578795629930870 55.731228878955299 63.351680451407631 16.526461485617560 82.162243408112786 22.022437415523875 15.338331185086973 96.833930266461394 58.962503186941085 93.354526765599559 73.602362068343780 65.563856807892876 1.407960771118399 69.987553241154444 55.499815333993588 38.373547660215792 71.332116083738455 2.354130153339640 41.100728001769141 27.056600638113405 39.669829390013902 82.238823814323453 66.772227356140988 27.217680148458545 2.962192737222358 35.573566745764154 55.928467935461100 95.353695196414648 31.796872921258178 9.702518779795078 55.584546608680832 68.332236467227887 61.613692333124760 38.451008933993300 88.598527137131356 24.945937381141349 10.939209057945586 40.506813149996333 93.910147848712356 95.186471381388799 14.236292060446388 38.840226813236278 6.910363016876175 58.319200907995572 79.375978565719606 40.221681356283703 33.121111342324305 77.476108623623787 6.689775894206706 83.029531110501097 88.199853825525381 12.738720279499683 62.437196649163681 24.652417780771728 4.135320179801472 13.156077162734260 6.299956418579788 58.175994150268785 61.055204616296152 50.693040955468824 18.017257304122293 37.267215980817859 59.076830462820141 79.398882824120335 90.333102514545359 2.249150675420841 22.012648272403410 57.853024238143192 35.931714495389301 16.351055525113733 15.741861908853794 49.640043299221567 46.827949033711967 64.388297313784904 90.976720128941722 21.069055128742065 95.102233090158975 5.252540752973989 3.671582375641613 10.886599156899834 12.278344122531459 6.739748440677773 77.720912012973528 32.470641561655164 48.111101988173523 55.659502180197450 14.771691808851751 53.995534133869413 78.678144458592783 17.990630742428248 55.058487433828176 14.704032842355163 26.859289862608360 4.280688654156450 66.186276243447679 10.266170275576291 31.903517905515844 54.848309080384361 26.815548600284234 2.535087697470273 82.924256933710694 12.033215548658504 33.126842218960071 60.004520456869400 30.325299661664406 6.576870465602047 39.133021865482590 33.799520041297512 69.701136388976096 7.730853428245743
53.592934133150315 7.302156591615761 1.415894718324207 7.134814752323082 67.547355560009393 69.267462971694059 94.363598650115250 44.372014875536024 35.934092360833169 80.777811860324007 76.950460243649374 42.850901246589302 79.736649224810122 29.670854123516865 35.041997829601648 71.904922351018826 42.404047349026840 16.072927965899897 35.540702458350992 74.836885758817729 44.867540895580319 60.158973266955215 34.932079455550571 86.155632411902673 32.054564136769081 53.963979992663354 68.026190626824487 68.484382487486243 35.064023986070104 82.795456372842906 12.139868475031202 30.382028449932175 31.630764539813850 83.943455256580663 37.591097417125319 50.152939673290497 42.865666263245970 86.632670121638952 95.085947478657133 60.520160523568755 34.408852226675926 52.032834426366570 83.997690694908741 29.043284215416943 28.231004891650269 92.669197120566096 77.870086122239158 97.748464794170047 92.255783758946848 49.607494445546372 33.436805923600765 9.084304005519295 88.364229834846498 40.075245011621917 88.062122672034562 9.613117597381414 98.569868794322758 24.579748740878770 8.390697736810715 6.614764685542895 59.678708564611469 17.988275550178024 65.977686057379842 59.474340205738443 52.797742867006093 82.922607734489802 77.831508138596476 45.369819611235805 17.936278258245697 74.805256926257059 22.502766696521704 98.613718132330007 48.604923871032724 85.761764191568744 65.946654435934775 8.488233377989129 5.083538140393862 19.691099117443088 41.574507845994226 45.593704050628546 34.211456251546444 94.550452531501065 59.301052237614151 30.694658611572201 18.065680583528597 88.792653937276114 84.273573832177760 14.623767527481791 64.033225151862069 79.460020283907298 72.174536372267937 51.422302939018074 9.416890600659865 94.183168470733960 67.767291174600089 90.828753706078160 34.783080302775261 97.543067552757847 41.323254258379038 57.911100185352602 64.837789074066791 39.591693964785392 31.470847203112196 57.305010786901470 12.764113307681679 92.936785162632248 49.753124685108574 59.615764383661507 2.901531345151920 42.743893112110399 72.165709295134121 28.579839701620358 56.979548584560014 45.873666490706597 2.419654206184296 87.306249160165336 63.715329333217682 42.862506105405132 70.117662701442853 12.299453639453173 78.569328717939030 93.136306771835706 58.085032725100639 20.977788893084494 46.111547109800235 51.612369665976502 31.390667975825583 75.709505906971899 3.821360332152013 10.487086410677026 13.471641646931708 72.891734896824175 41.424931003395251 20.526552513751206 80.033400855489674 10.438545315701820 27.782163659216931 15.787035480064970 81.659819644379837 82.641555561529472 53.316413148054842 19.666077926407400 13.021564319410682 63.573848215888141 67.248092619961568 11.593991588970997 65.243882645872887 81.969290655088827 14.890175434795694 52.734108265538396 32.912501008936815 94.888350209691041 43.219251077040141 84.038939988363410 65.715392776322361 34.288147998753026 85.558280131478909 98.538153520590157 47.897323955094429 1.046766936165322 1.886844840813096 53.698964056116658 15.743696698712784 27.084284724379437 64.511174061396218 53.222018298349262 75.380255868432144 11.883465741169651 29.245352905730403 46.891452392705880 56.128169544330106 2.561600380896356 38.330669231725665 92.228993144115393 43.152590909995027 14.143495939684058 92.743206807334516 7.523884047818230 50.169292044816352 53.707480762371418 80.575262431429834 52.180777531389886 92.767285998479693 27.899930395141137 68.186395136131878 79.865527870475560 2.300187269600129 27.771273721164402 47.359799648596109 22.309420924286762 41.927070375095312 62.058619918470129 71.429070328563100 70.164605487871029 19.290169900167054 57.189479015169667 59.482789679127535 26.805860958258464 61.074176631178133 23.522424617652817
43.711903107295470 63.068592671812105 65.152281691454689 1.980237048403788 46.138691563391774 95.179668156657456 65.315780859796661 91.672642046452410 49.140975170151570 38.189485697782210 65.204839132126537 95.470025550702402 43.480695536108357 48.793339933017656 18.653214096593963 67.019155503863956 5.198515986293462 70.438316040804111 8.122979085384053 25.338166329155765 65.727410234240352 75.072832432133850 27.611341961310419 26.015173795403644 62.119624753806491 3.846656169667306 33.115615953393174 35.669014571003125 62.502002492166000 83.801369758699224 92.970126080097387 24.736427087169911 84.903477572895810 44.603493956336905 89.161892248917596 10.357900386978148 13.209558394382380 4.773103946872792 95.612564442942912 20.831877726763192 73.628701056951783 98.509090534231802 46.604946048388626 28.542781700524579 47.417961489007844 57.444688044612199 86.252350077348922 28.460380763215220 57.808589043522218 5.504604251825606 89.360376483343757 20.696558124708343 40.888106822938177 90.131686570992983 7.223568132539803 62.951672506794928 24.798417370498672 49.633879493080968 29.815996665572264 16.330886023284808 46.191154212611082 23.933195903124616 1.477885294460812 94.410524786429903 17.361177503459047 5.182875238105100 22.119756503473674 76.497374219705847 29.756167644563725 3.664399006116559 22.217695400948344 81.771213051906372 55.346499541097451 54.389610655517707 58.905506625805678 67.293788919241763 28.966027541237583 79.029266060633887 86.070044314441773 71.958828947195030 72.608004608775701 36.237719278898950 47.635989197864326 82.248323567071580 86.292996335477127 41.014467706526247 75.802817261129292 84.976355053708431 5.545198952044117 22.553005504454326 75.233453083925028 79.314156248598408 63.982298734666408 90.125954058630825 87.555465410044263 17.146176992427264 37.461505052199918 63.016533042605538 16.572508887668270 64.245205477529112 60.615839710397488 44.247581131459256 0.638134709718630 36.229302879807712 81.431758515783514 29.675882975195822 9.315063839034032 9.838403030153653 79.344495673991545 34.429307679500631 17.256263232639711 40.675469328007843 53.860171828497961 58.692181883572403 42.026838325913218 53.744400814891279 3.162671126817140 14.506172151008535 22.157579302612461 82.349674923873252 8.640090204041883 64.646446521842222 95.123805802392667 28.963364616856136 90.090950988685037 83.611462741524505 73.747974826384251 20.587569488503078 78.170959425854676 66.767174033498819 81.461686688837815 25.179182286328960 5.519254902725623 73.084301975424395 14.159180016179318 78.523665286817661 19.448978582123853 20.100000561850639 8.343789351162222 35.760539153359481 31.087887212084219 14.816404210890855 56.661945291367523 18.170567081802680 75.339055069409497 89.215996624344513 18.570408744617506 50.168903340234984 87.815404356486141 65.466300240527346 3.201438922521416 29.511744928754435 66.572531021129279 66.364195879064766 60.204634068638327 50.763130225662714 16.040335012128683 7.660171803212212 30.025025225511172 16.709618415067329 89.276658805667580 75.625054003762273 2.249537135113444 64.164101655779518 94.624765447439941 27.942268281769245 28.925355756622828 84.786747905678141 12.072467224452954 54.394915826034818 15.799908864480816 90.791303310827928 74.984328154489447 57.963542160722866 3.328443834622630 92.305839329152420 21.271034466562856 73.177145676716677 99.407767592648938 61.636863404284227 43.300947112732160 71.159697004718694 61.754835665382480 17.140919758239338 94.685021505272843 62.028059868567794 53.735336807427636 84.919086298967130 39.897710055854333 99.370014152408643 10.428707533129323 35.582779237944642 55.407423389592303 90.500794459971630 91.893281919299113 19.578086574820176 35.457830502099995 56.913536216329888 88.007130979266577 57.168567035951803
51.295516356178204 27.627516671547792 3.047460175409855 89.991296239094694 43.425863729183170 61.082791760532317 66.921398840548875 11.423482044082123 12.365808234435560 26.094302521081215 25.135341612925679 69.344358003930893 86.992567590185686 70.272426982584449 30.530132737123395 63.663060266364660 48.580067021522765 10.605118854899342 34.310986441206005 5.796314465870278 4.343879246005534 88.941177843500824 50.155714527282093 53.660661759156923 11.283883306046006 68.360212799816267 61.500840618944849 86.789376264203938 97.685658216044899 31.892948355503194 55.357194001434770 94.292232010425707 71.526704598414142 57.179544855367403 9.702354538488978 7.991070485706042 75.665671024346381 68.715664273226750 23.104413788871259 69.041192574295593 74.509027482951822 96.236993796021409 22.895708587315976 24.686814431801430 79.295493790112033 58.826403911590589 8.632306819778535 20.204456710270847 53.253408378727521 42.277718088620794 10.900362186691936 98.702194311950990 6.503395010486623 65.035344738959068 91.308187107617869 42.738624010039082 77.224128480570215 91.017480336568681 89.413377597131245 63.745960672338867 1.436581550784799 13.445219091463468 85.539929407377841 58.935198996460045 98.065533444834315 77.663728127666232 98.875034893510303 55.741477908470458 62.297161672721522 97.169845586500458 33.233266074858200 16.855548856588943 30.266207060461959 36.999098669700622 70.785898015474871 7.625412256351948 0.746491293588580 46.915949286048566 19.665582071511135 36.569854271066291 70.348894657742861 48.088790057042495 93.383437188145379 47.904137738130380 48.964500504237343 40.895457121696907 77.589463852557373 94.069582206275783 32.195650716811400 40.884757872863965 99.350273015732299 44.228999313714610 76.662045167329353 15.465660624675415 38.467380725793788 12.749779082881918 32.739841242294176 26.674001250762057 22.674430738686134 75.704884537901435 83.812901789726524 83.599162184166900 12.543824557973915 74.652699229948709 18.652811877455953 10.598719085048259 24.895666234708568 62.799260494241935 19.568952307729038 94.385115929444567 31.292394810201074 27.681836017447679 3.195417195893435 56.842436777676298 63.166450780915937 20.592504621723652 34.717427201762249 17.590955057641679 85.338432485232872 17.587029982642164 77.833427886872684 76.769477933324183 30.554247467192010 25.803419179662423 1.421746964088222 78.381316851368609 46.586364062962247 50.728448172952611 31.027734689986953 92.894552896613448 17.772789088350272 49.748311454596141 34.087845494746759 77.504466013825237 24.731399765451258 17.727521295225802 23.212231929119454 15.889482205233985 31.819331307722987 31.341836670700740 99.141939574066058 57.489104163246218 45.034340851630247 25.548595293919973 11.138960110813878 3.097075134099547 26.292082099484006 42.027606236871151 61.913420157287725 82.187394959743528 18.815319991516855 77.860461761890136 29.253640358463230 44.212556662407401 12.096844627852832 48.630663695777145 8.725218661899948 71.749622679401497 19.104883787039697 78.636458206973757 96.698333986545279 49.281420571748804 89.143825185529252 65.036544355363048 64.358167390129168 19.463737394927339 0.203393581691669 8.561494976717821 34.917712963180200 81.129577134515856 13.571719851919239 98.936407561866929 83.260415575101348 6.361999498323145 83.852616341372141 88.150526829073669 26.943818254516572 92.737213490568450 17.059436971892151 57.198526377824734 47.287714351424384 93.545115254344182 2.441602229399253 49.680107136563358 85.151422194336547 54.160836092039268 49.842806806326280 76.738608173208789 59.707417971696898 83.289540194188959 39.953194188888006 20.244810684939363 9.760800321243114 20.212754953635205 10.352401493490992 72.464715869615247 72.266324203861416 23.877581897694110 18.381930777828781 37.028101950254921
99.195607415235727 46.992405981203099 17.468255810937482 43.894874179624907 2.826186187872082 26.183060280304581 32.073079047395112 83.150084316610887 3.411946928865284 74.687551697616257 99.729606301125784 74.931175745078860 75.878797811875643 75.875044891538877 54.755920073542129 73.857088395359327 97.773060095746729 5.029172768644063 38.493838365995501 34.984133594463842 69.291173129282541 97.484779634214064 14.297476164459056 68.365434415923261 71.385118610245854 92.804993563859171 54.841614817949157 34.039321595185122 84.399483502656963 76.591514856971116 43.939933392066102 76.638196964362493 27.637032242520476 72.293098415818790 83.236505946083355 23.195372284816695 80.449465396242516 36.529048109922137 40.726116436649399 24.091242137910296 66.801593801163577 24.322165437749078 89.664709311375162 41.034287900929044 92.793545873143586 92.531780498896779 12.850646312813341 60.968639470236894 94.916267754425988 54.075902243556072 21.480361391006241 17.874509981280905 67.013502804549319 8.860209804816133 21.865759613983926 1.384844096473681 53.399971325866467 24.571801401536408 32.767829417373740 60.868399911112292 77.393515836574352 86.142824177193773 47.126815169414172 0.328047308762625 42.879981334506887 15.171539138982714 13.895145239615625 32.182796632994794 12.902051524274928 85.775248832706566 0.470491618500735 6.832936518795762 38.207093376112290 93.019827110837667 65.969497079801499 47.510308118813583 44.368891529199082 0.405693935901330 42.000680975706942 76.197486890171575 39.370372204940054 96.498660145726873 37.314158147190923 84.722291453536229 20.216297433371032 99.778679275244272 85.471795137959091 77.164394557517895 37.347351341457980 24.639703020903013 26.030016404948618 53.855950322566869 40.306587688661033 36.251195258624428 20.898195460746294 38.407634238422816 1.153170665202330 25.847118857812067 66.018524295691236 70.998106684015511 73.701697318789172 51.515037860216886 82.656576725842811 42.318763236684021 76.931878670603993 87.111046245483010 6.178991799699185 80.640658112636913 65.880230409226471 38.505359040675188 93.902489699974225 83.584142723788105 89.517436144432949 58.978839694221044 88.261366461058827 57.297192085179979 38.151737226313799 32.203613418691731 69.011122514569351 11.901211500920128 83.449941828481712 21.701585068703068 57.100659705385382 96.542072731693850 82.751260530612839 8.978071158125134 30.840728992313061 72.129906235658297 43.941807240083278 26.032860206521391 11.405394638339972 43.473815694187536 34.499543197242410 49.904472303183134 97.632016963048201 79.346531048571237 10.326976665823063 5.436311630491641 88.418171546522444 29.540977847012819 10.943083954489863 21.685708820482464 9.227949843511052 95.208751278224199 49.050224500236276 90.250119613556578 81.498184812099453 66.967578543512957 84.189316693788427 68.752142734611994 67.312324060456788 35.786138704926927 22.093081463452833 44.573518237539346 91.259582159370225 27.801944351273612 26.574170292367995 56.891701500904659 80.157790347272154 27.013927536271755 95.749781790286718 24.235260812642313 56.481451382321893 29.493416879325839 1.281462898992292 75.212901292566571 18.810280212694241 8.071714540624765 0.543968430198760 9.011329033532334 52.647733916112614 85.153926401159751 1.629726137533560 6.998274377003599 34.117076724361084 76.459901270415429 93.493262022189384 5.049544848079101 37.985798670446911 87.836145064587541 16.655359048113951 76.854771587997561 26.713187298001206 92.384249401562300 91.796259735126881 86.447236563193059 64.384884880731406 0.476479137454178 97.484644443132993 8.188082893187554 82.798276982386881 37.944389624640721 37.333960905829422 94.980575661920369 77.742859484114931 26.041768300985613 16.267209260761483 89.224833302860205 16.922797208378761 53.627063686094964
64.667502458777776 41.932914057253122 86.419512285553793 68.834946875319915 7.651352421650238 72.210413433964447 70.328502886559335 26.434796589048581 82.684756677038763 10.641687286014822 9.446073007224831 94.569731339075901 20.366788829252812 58.827687901395052 60.021374967315310 71.567459855185135 42.898699656642791 83.770888773158831 72.284943455134581 76.476449644257272 93.265917736701681 64.381173087304560 65.663239219491615 84.406121850577563 41.783315659266727 55.157765408527325 33.442396859090820 86.099690380157426 50.068270193987786 11.347551611159490 32.244983659343163 41.298996721030903 52.129898782374497 65.104938031195843 18.296560918842410 78.128554295700610 41.015664478212763 2.259931227717538 25.661418727467034 46.664741384221067 45.764699312683142 74.085644473818220 95.871777972925372 60.493552495664623 88.818721424402895 72.839293721763696 54.214160469879204 52.787419021046098 59.013092810157971 45.009302509295381 49.173159761946941 63.296078108058438 9.812308957066563 95.285710611706989 4.837869667613348 65.187985890547921 27.852611146305328 97.977513070257658 54.554000058645471 66.803906579316603 81.417491367030053 66.742778156237350 0.847725499697838 22.032502928420140 70.572221790499469 14.220875533498612 63.712185033437351 5.846802065277790 19.801240005081567 83.409800062574931 45.142409060099254 27.822624243033200 39.549280197081536 39.596215216650840 18.225336959664638 50.116413817494930 29.588614065861385 54.757181532847277 24.802015417065416 36.650705860543766 84.815235268090021 12.679205678646044 48.246601114340969 88.751635010537768 85.295311971552195 3.701410863470667 38.563825464923951 11.037552717807364 69.614401408595313 21.540910325596574 89.593241612930754 34.586803965386423 27.471387158131645 34.140759386532025 30.459582051627976 93.297192144495625 9.509977368383938 47.821435778708313 19.700817394018642 79.529970194099690 73.440232019312418 86.820105719448776 62.042397134526226 60.923244617511884 8.058334643898835 91.334654690242516 22.182679831819996 56.703989232217879 28.915988556699258 15.365494927266477 79.790893381343182 94.340202906133015 51.076118820227414 73.048299468025817 44.248319407563997 60.078472361867739 37.021684622989483 1.247185147499430 21.561092639068690 47.196006815803770 3.495400049330744 46.253792298599528 28.710399212244653 15.978113838697039 41.283359972437651 92.843835471207370 76.627768533369874 73.509042695392083 43.352273432774382 26.986840652233333 10.576518586318262 44.704314106671397 78.584888450052944 39.059285314055259 23.406989865588034 71.678367005407992 22.386061135866441 45.974582980146515 19.024636134721717 83.547235453659724 59.897056705167486 66.680831981650030 54.728940705672343 30.114488998133591 9.248876564420394 31.882482502480869 26.718918068609753 18.226984321659913 92.317635467049868 12.305493948082614 65.939454816960847 93.516167925615775 16.384472152133011 94.452310216595066 74.876896988976597 49.875160589853216 97.577231356515924 72.426662616580515 70.339294886578713 15.036837437419448 67.525857227568252 89.167971359562713 59.030989578798554 20.842843690071266 46.848977377430209 99.679243145578226 11.183162703634242 41.270660437832738 22.273775238961068 55.263639783186250 89.633444391491196 32.597278935151031 22.418312885468662 80.607479906767026 25.532614104964036 86.587864055264575 88.372644456122487 62.846280421327641 98.181779932625489 17.577553434578530 91.750068223427917 89.274086188879991 74.954303412799106 35.814566923439784 58.451428972968181 77.660668803865917 47.512410752230736 96.143465846430672 93.507322057974861 44.478965478830290 6.209054984837781 67.719718011382227 91.822950440671264 5.097957213211601 88.323484119466315 41.867921828838917 59.164801052390828 43.910651746064900 43.787298931173481 94.030269926695752
47.810669763272799 66.403427607113159 69.231177080208553 45.055681973648007 40.531671304907277 67.895268227913547 5.595334465726054 93.237394617199129 79.311634920070972 2.113205661145523 31.536451857639701 47.235836613387548 31.558078019205425 12.689233738677041 7.999240627792348 8.488574980848561 17.367325476989848 64.904680765313429 20.783679448532322 10.817900137490522 47.063058034927522 4.840722900211758 20.129961736160919 46.564093233165103 80.761003893113696 84.653313817173199 56.546337303199799 14.589944533336807 95.853915296114593 65.565654412088676 87.593806467570630 9.629795151177678 17.721378798813770 84.190461486811444 97.224213226400266 39.898954584007996 35.266187327184504 71.128409609790950 65.438457245449115 13.794708309452218 73.106420706433312 56.725749995291906 48.488993173114345 58.160020260091549 28.840228984539539 86.629069827101929 50.009293884887477 80.874043378033818 68.965495789948250 48.713144445948764 13.839512288843425 61.287946494949566 25.264854547610106 12.174432429776816 63.918842776508875 24.337323417371227 26.655516019127290 19.581843693557865 23.623542145737964 80.293818318740790 1.204096211171024 3.865673662098879 10.090733236108573 69.941541575793408 35.171038906138023 75.197487985400812 92.331242890469809 81.836509808562198 52.142021698904031 36.035013438086239 89.055321243492045 35.338260593876278 42.240289449569310 88.424626926459567 59.441450755883366 18.701888305986547 63.291343748466090 88.984755868873435 5.635117185970850 95.285863204243967 65.087370871460209 38.394435095095723 7.696650774533698 12.152797306006224 13.854932980904010 26.267441585298624 87.113057674436519 15.419361770381911 51.518502731370731 11.884571329789850 52.035434104595609 55.610104245206415 68.179609117581336 72.275705023896990 4.298852749865012 54.760529391672883 81.353387256616102 90.138929889202174 38.365742644679827 1.257752671007428 55.065655909997382 56.858858507940703 25.704559638320113 27.087146380861338 9.399551386315041 1.693477146020994 55.324291509397781 14.946262363894968 47.004979511239789 75.389932086868896 30.347038462817476 36.597291294883803 88.472993426073970 66.054610594696157 74.703248145697160 28.824325302082521 18.334541417328808 21.404824644310906 42.219098492383530 90.129263049341162 5.170421922152412 63.272782340975510 53.551488928424753 66.206999497767995 88.415641946841461 60.217588666941190 92.482121618788085 87.797703506478811 77.621227277789586 96.324396082178964 28.423112603977053 80.246422902543372 67.746769833394154 16.039811338529631 35.142150729526065 17.300327328620980 42.937756385028202 0.100130913021379 25.914554891015118 28.984258527871866 28.854086205074069 31.030678404102041 79.725172362544399 16.860844327046699 20.149476064904182 27.078307461361085 36.938481294217773 88.819860681255420 94.735319473927902 72.277309788428298 23.543045743047841 30.679224480312040 23.572558535149124 93.330979926419843 42.321118674652993 44.345072317296960 76.002003568601396 70.355191789908872 59.459562318829931 52.737397358807456 53.952836375046608 52.392402419859749 73.588881592893046 46.045815017990634 83.772340839923018 81.499043493375396 15.707192696718131 18.994317611490342 69.925080144195249 2.889876901902566 57.463057324608833 17.477229883483137 94.578781233115066 68.669166518924726 35.714063712557461 86.798020157780357 15.156345841327646 60.801929505494755 80.551786350689454 21.163077207559024 43.266347827274267 48.658050368254720 24.616114217691354 5.418071620517773 37.851196160769810 87.383365790066065 24.499171599273982 16.557618010648124 42.291664521073855 99.774576860173838 12.208524187659220 97.016121881551584 64.985414984480343 75.986652417248237 3.844641391435455 33.188454734461189 89.085893887707158 85.841093792135510 0.072023824904299 85.460023680608927
11.729900899005408 39.408998397566599 71.514267808867515 63.099952432292106 49.032592000041554 64.014369818750822 59.642522225242402 92.357100179025039 6.145746974051791 67.129435473545016 46.092129147493786 25.791156515624913 43.347047041403677 15.157422375364471 64.096323978293938 79.024946757016906 33.506460020681480 40.877981406601350 30.869901426933634 32.940985573035086 65.197497433882106 48.176906753626845 76.684704070088969 47.553931254848983 39.053995026287765 76.129427582877810 70.512505871666747 20.841902341487859 26.320268307853144 28.473563838685600 63.414115423924301 6.140269134969179 99.254296395736603 75.631305655582551 76.157261878491454 36.641684457793303 26.977148212564028 48.207222144479623 87.185596895591289 31.427564987888001 15.872186941097866 45.374931552347263 45.926044110624531 85.846820211443728 98.949842714119313 70.469062181669614 66.711869763112546 30.198391024335770 24.848649971326253 82.278263644999740 57.711563739671014 77.561220285112171 64.998892857128851 85.809305897750406 55.481261858511445 66.238927740948895 64.264868498214540 21.337319755199758 41.921492905812094 36.366259679519509 10.480535900247078 74.002158083490059 44.419342235120297 85.736738688336757 65.538910707624296 69.568294090272090 53.510104088837664 1.138262218667041 62.558642551728880 94.242040080501042 76.869999044492843 53.132285930367793 28.532895698891348 40.034444453814707 9.616448873331684 42.544109991917821 17.762901202358037 35.326628536836523 56.631551122841614 39.953292973246313 43.305880693241171 41.836708149743806 9.155417805757649 94.813761895736377 90.804930143241293 69.283103195517015 32.117231103653829 33.563427278764280 95.461538877040326 15.418678889611781 71.293554237515508 51.085825513790326 94.407065864652168 39.125964431152703 54.916585201390767 58.706469915356706 16.425931836299988 5.701239505073219 35.858297118781344 11.904746474815198 66.029476598220242 10.143041943134445 78.809972529979930 86.184899674588365 16.524735364748533 86.489837142062171 93.049104291388090 29.764748699946363 41.560428423057196 77.369440278505792 51.907108228117274 8.786468209129151 74.017633820445909 30.128144900366461 18.653406699379694 69.769987627230094 98.301128699329084 7.202122769398800 21.875219252945900 31.817453359447146 21.364022764100575 6.993480688527276 44.055024616655039 20.046439571131792 95.024900936788796 61.638276174309055 63.302856630542628 24.062947372178300 48.333252242280253 30.369377437891199 0.515184215738229 93.722412567776544 72.545668419661780 43.261394156692589 34.002489272672953 32.259680274936542 71.815168394354799 75.290112352396818 84.700813165344542 98.077277168370955 34.003946327085522 82.598906521030273 93.668826818081612 47.514894763910810 17.061704212703500 58.457223043309071 41.241509199314955 9.462054197072822 67.542328012968767 56.246923694492580 21.570615516912504 9.794260325273852 67.840314025904519 93.175760121507949 76.167209413763715 98.931332662227135 36.114931734229295 16.154220427972767 96.071624537468580 6.869305443827011 56.675099242944405 58.383208593876176 5.378866868978771 2.391588290647506 70.842488724884078 20.306611895850459 6.933237017861915 27.042700204609403 41.234779066793116 70.719631524787061 47.828783094288553 32.113550957053071 9.598998319281005 12.178331737568826 63.496057422360529 10.317533017822456 5.998510421999692 44.406587978583886 48.991591136919880 96.003369626374095 94.715558338234928 55.986001658341863 53.755491874277524 89.279630570490625 84.038667823581889 66.591814434361680 21.923024821217616 13.785712974176290 73.116848600406158 68.207352429098151 16.340598498125203 32.709451927396429 13.157966065211578 69.986639199564024 59.460426996339621 31.081007103638491 65.055105938316586 40.227445740891042 60.922116142269111 99.115428205159958
54.150886067340231 79.391728557797521 64.106612743834773 78.240850063121073 7.753206437288041 27.756336808660940 92.943881190551750 49.837728096720888 44.340247890086339 3.787841239587619 21.738575455290054 44.374985457836672 19.001601518730617 68.865745377644970 69.680056285529901 85.505961724422434 44.009214503470261 45.297318541192908 72.406422844862931 14.809120878575710 15.923539184148838 55.967386002729150 1.640227609701983 64.736232957919341 49.491771713979645 80.750105708870151 86.667578283799855 38.848536407800935 94.038151678774412 11.068178133141648 62.381566846904867 91.814474860836100 1.389007361853600 29.116982312403884 24.592651917689423 0.859887703251450 14.648571094155960 93.881090166795815 0.133480005153808 47.617917554519885 41.405935846541745 17.172882489263774 44.085335719651262 12.548808893755892 36.947065763263574 32.481298453557514 30.716630087800255 88.073798879749603 73.387909513744091 66.184137892022193 63.575755795989309 8.376856205789473 95.480055285959267 54.534647866391197 44.488580289423076 68.536441518310824 7.670905382558080 13.427779744419421 11.264900748498663 69.903297395989256 69.036067664120623 97.614863538465627 3.739448549432489 57.519223709921960 69.644266000951362 85.158192508250650 34.671536361468455 26.026832455849025 31.725447206296042 48.106717524837741 98.638096012214532 30.084774395193350 0.278415934470766 32.233785520785709 50.740982866459220 56.085229276690832 6.635025804937966 10.754526500152339 94.180589821177591 4.377541879742486 33.318557458323063 14.347753153921229 65.555005956234169 7.147996431500081 25.295403911719315 37.650077849932359 32.610248228080728 17.491692473405529 8.961267097038583 77.205659346406364 98.468406040538810 69.572266177397751 23.928412055701230 17.986244718113976 10.585567381228456 83.587085107993047 6.075273588235309 11.289152561411752 28.581186850541140 13.654839524237406 32.311255632249683 22.565418757678003 29.412783764985264 64.271164786778257 39.753172591429710 13.344230908937526 19.909407681781321 16.247053848610051 81.097044034197211 43.301033385236188 76.170889250965814 33.133491800801785 92.017405871929313 61.415920571825332 66.689983656577439 74.406110710492200 92.054722954575809 28.039493018337090 70.396186646436291 16.345547133140460 2.387773233898982 82.659437379097611 76.137104120065075 12.493698080753058 10.776914750589572 28.862873554065359 23.317839090854385 96.671035025381627 10.991394282742162 69.360014881117635 22.965857915003685 20.212807711624126 17.665341192884664 49.162539389568003 80.428686843011505 28.434040481316391 1.389701571991497 36.967989076926798 36.689070445634755 48.769678883655295 17.141062991255708 33.853448668364713 32.142323157900776 85.500122592264162 52.391638659711880 96.762396848483718 78.979671485061587 13.582918294478841 61.690214114335006 60.339680505085866 42.178442361787241 64.975890876096543 71.718320836903175 12.134732968370010 55.097968662065298 20.188737764466314 75.525198450821406 20.561794596547923 81.652809216444908 67.433102911049588 18.942090980915836 76.490518207123486 72.723587713462862 42.445668884410260 96.018749388309232 14.181474623115530 75.931996045940437 27.946478932899222 58.923958694836386 39.790752874425770 80.354230223141514 37.956324027949286 27.302718298472239 84.014045764797601 45.302064636932528 15.651891105997862 80.831041825496968 1.035853431425648 62.671584758173360 86.124068285360067 87.431868440229835 39.910495935436131 36.907449243677213 98.294497003605372 52.906990645826610 42.399445748923185 62.551269530048422 15.448903501585054 2.205772410257179 29.012197373917235 80.599833232204503 16.838292100865804 1.850606516077002 85.824823827213180 24.223805057166835 75.802907824412472 5.738855589858616 47.488494274402001 46.613174637489799 95.747512484275916
51.972519046522336 43.620890992855578 71.017686414493156 55.861054771506282 59.887367753199591 2.839590523248681 93.012284677138624 84.865816885412116 6.451362039376396 55.924386481080177 15.616247694328688 65.504343468669390 39.932369646827162 69.744169755207480 96.672131060833692 50.789439187288146 97.166345787196605 92.731287621348571 53.394688497483422 91.385735284060999 83.586798017207272 64.585865926851056 60.313760164870857 65.940918923910715 92.228326351144290 5.579782796446075 63.609595330986060 15.100912832435476 97.874964206523700 58.185211897281633 58.997692025478031 90.084363891305600 26.573622525037944 53.230762153102916 11.488961017326016 51.577484549620131 83.097102024538188 44.198396001247097 35.423423268399631 66.035368915380900 45.652151903153516 78.973995582493686 15.638690977913328 28.377908538923158 75.084892135612577 34.773493963609660 41.867533792828816 97.822824800105252 64.686215561770481 71.226250908715954 20.774187054013659 7.024007343112371 8.374559630816247 9.528353349740959 64.988752903312914 67.477998763117370 2.995883900117402 46.658970173527933 17.964147873078286 58.266390524110832 63.145483749343690 99.904676157372435 59.502920476735135 59.787743979613104 12.676499555645449 8.071901135712178 89.285653081552397 28.496046854149036 70.710828812654711 37.774719027306091 66.279177645518217 23.836393238531073 58.246570269198415 37.707665610495070 93.783769953104397 35.572815957072137 54.157016936739858 84.786927223740335 6.893512108322408 17.555376476475036 83.425913250328620 97.574282100223328 42.427401405488375 97.943676781157123 84.848223929767926 60.390286776633459 97.695463797642077 8.542181148626128 56.330005872063268 79.902291893796544 3.724542874086434 75.453893678274724 79.317082563824101 94.257257050528153 15.716846862389112 22.593280564748198 2.790212133962888 63.755846936386540 88.395963343772664 97.732019463145548 57.168238354871228 56.944359803500809 36.185191313257782 69.093050354937859 58.855409062527855 17.200214504218636 73.859991119529013 93.477130925898564 14.535249353157143 91.914667069550532 43.326610756988380 6.366051329208822 86.034117321512255 1.602280338817708 1.445367228423466 83.456683438928010 95.848393946503847 28.950499310106437 6.069019521644869 79.689755025843141 24.263353294597167 45.747475413668525 63.369310974182213 34.268308555836704 79.546782524213342 60.512008021222073 8.920285780792735 97.179768609607294 92.925968720388838 3.917588941374306 16.661291020038949 85.029605099236690 2.207157532199033 40.028819459921685 55.752297007368568 45.925199051093848 85.169407990600874 83.958339659149601 30.917871305820810 9.160774480803314 50.815145835011663 13.455916165137394 27.474119831838717 53.470141054421781 12.212967499798689 57.219248085396046 84.867256744589397 57.428317500218327 41.561631501620553 61.972407616463229 1.600447120272686 15.292938590940508 22.195844834048128 52.444308108371594 85.756778355073891 25.850963466994724 53.276370276628136 16.519250344075942 14.466204199593346 56.069427918660494 19.491984886102841 70.252532334256742 96.560546597924045 10.685674187749761 15.519118623567385 4.953586190961734 95.486055289173393 95.278376161264006 11.417763154999117 63.633589796932114 56.598585050511986 86.370244187543520 19.943915229528542 1.601259102995867 69.014662043207380 21.113640326062587 87.209923735891294 31.814496696858750 79.882374875109477 65.733209624935938 5.961572358299971 97.417584209686510 55.737907153508047 74.661744451083649 96.638301020483183 26.842180090918543 55.761053181368162 72.951633784366805 69.325279359102851 35.674614970433453 59.240515573228549 7.661633086239583 96.294212835732637 29.964869901223988 66.177506709183973 12.346349414121537 54.241828958854931 84.037909309279783 70.129188950776168 5.490815783713366
76.100130574306121 95.535387193956723 17.920341370627678 38.498060749364569 29.167068591378566 52.051487404403510 3.029380959902561 17.305989281788737 95.471941570144125 52.528314626379654 25.109788655781738 47.647158181118968 13.792338460354102 10.098820295576195 9.306402844049400 25.385908544416214 26.949810093061110 39.515994583879021 36.614216458682783 22.740291765279185 4.143018461151849 11.299663225429379 78.758965757367477 76.093171986371345 64.087508482823125 85.527380659211275 72.050514365428057 16.039946706747187 10.977406146923041 93.588144606704546 71.732510600325455 4.403027635528145 43.272938420448796 21.376824915642501 87.934099820571120 99.711450424215784 52.942877319257384 44.241845468613406 60.371847152931913 76.605384007683398 9.383464687878062 19.858290557795765 91.138974137103162 65.886867955129418 92.856085319655350 84.647251945541583 7.795519010174656 18.446459979460130 32.413209029588984 77.457014842181565 40.284772749395096 26.417017131157738 33.193332048887527 63.292631780068142 70.471950908500787 1.489148995322087 89.201982078965500 54.030829505682640 20.401178146166565 18.801350397458894 45.660779269922514 72.321159025058108 14.805445484986956 83.500570505565932 42.481088447276036 25.994937211427938 60.276122740818813 31.947302367448437 1.324294191623976 19.682546670843848 27.437299582679465 80.208687573822090 76.996205688953992 11.049170697233389 38.748127860440050 37.255165281243627 48.154469016077428 74.658098687379663 16.936288034207447 41.447830143194210 69.064852059007592 35.682054544685606 26.821727745433797 36.180879400988033 50.655450824621674 76.700948192915703 59.894006982950501 20.633013298954250 43.300145190863162 65.302692642134360 19.285463665789958 87.302134833309907 15.741379023291213 44.221772605405938 62.145599373020730 11.891446803338269 18.764744684423217 11.627741947237279 68.947926323329668 62.447607262769786 54.035689833475431 84.305769940816177 38.359274427039594 30.267818521475508 77.156750894669941 39.025845550503760 94.765708402668480 0.003455398015861 65.237821677132544 85.049162293180927 41.974581559151758 88.023093042157129 98.115569710585987 17.881379566869494 74.283446471812724 65.496993844682734 69.780245359738288 33.679495499712765 55.898361862170852 47.446735072278571 55.058522797033241 19.781444175399155 71.313360486647653 5.674108242847953 38.033882808306231 3.895145392422661 37.187292142018023 2.118749134894848 34.810781613947505 27.404641038344259 27.166771137770752 24.438097601720244 79.945007063987433 1.372000377063953 80.469099502345287 54.620609324146550 26.748211622367545 69.310562183264778 27.225129048589871 23.594299700747289 65.737198812678216 62.944599785861840 33.705820715596161 92.772949868754552 98.853798458200373 94.980608858882405 33.939310278980948 77.034358673142918 92.881208898637496 54.388424406436265 11.168148089626516 60.194994490382925 74.220713515148645 83.293138872392703 41.834899778412492 4.579782515745379 8.745617026971020 0.821866560426388 1.313447864275408 59.630069079350577 21.130453328362332 57.770503540672181 86.172948983800055 0.389618667677849 95.224976998876471 71.008819791555240 93.865063733936012 71.360918141405946 13.120822331249137 87.656120600087718 84.527819512222976 70.024435781223275 51.939876141267561 44.684334476939291 89.030913924546795 20.471424156813566 46.006603483149689 49.193953909875333 62.359851438980186 7.927340069451883 92.501632766132019 95.411048104785266 60.935166198235322 97.037213982568218 14.648225567486783 58.504046269055131 65.970563352142491 79.891499752617023 80.119320647869586 70.441534903630640 15.959238141106646 48.430108010157809 58.174484576098216 28.464994511545470 12.695611052152101 58.499809114276005 33.853666545936314 59.785133657010817 59.993624458965066 44.832152785250621
35.039897580888201 86.092619637102558 2.278035254501076 71.685120790586268 81.159907544146620 80.690757322482980 45.950463247756467 37.593500581863594 44.553462821148379 69.872558207457800 20.864113252668837 34.728170691945238 91.040262451843020 21.752935100492323 12.744012326333731 58.802101383897480 38.850684611159402 63.549789543001502 54.838192383697951 62.640479551096043 14.875200684074185 65.076743578225262 17.499646000983283 10.776922705565251 82.080894447775734 67.008044332630789 27.335836863383769 45.450394494360623 33.439633791050326 8.660003543926020 78.472691483327139 88.339559925017866 68.739608449457336 68.311453871662039 73.627790937734176 51.784531891700645 50.022296063857851 75.195133442485243 40.387073563173779 7.161731108003555 26.704789175366805 4.047847574796448 72.850855691179135 58.511752308624409 57.631964701636150 30.015674209105303 34.477571131164517 72.903780614348022 27.630740108471542 76.382812475151113 52.185578713111660 86.314844713476518 57.430429420444327 44.340875802274049 26.519052573649805 71.781643866009119 6.512130984994869 12.529271131471720 77.323683797108444 22.489715548495560 51.671249247595107 29.007829855818091 85.340535155880005 86.538383418817887 81.764057375200110 54.294089709592427 80.069261009539630 35.511771532771618 35.116771531497115 1.475429504139392 91.990047673591008 23.200418959599855 15.359507946751483 17.575192558209018 70.913316415279496 7.622903029452777 90.894848369276588 8.716235996787825 9.074679169833043 96.771851708157385 28.273162862164192 77.304505855200972 90.409082813564311 52.056805734361674 18.874193069147960 50.135815408608067 58.031656643494877 18.231888568994780 98.389681996787218 51.514851919441483 54.328660592332270 9.524626058079022 3.135407195845241 88.236253512216337 17.129834681228150 81.554852706834396 20.268718949588159 79.454048560375142 99.791879115459039 53.246231664720298 77.768368871120444 8.203497441100115 38.044587960693534 11.583665396903742 52.857695835221129 19.558411701832956 19.775495683263710 64.457625624605882 27.577612267792507 81.252780190635633 44.520298775761866 98.972991596722665 25.085381027968456 12.819398371138945 83.705324710519648 76.506647528794332 24.330007758521909 73.163672375464685 20.234699210698317 75.291342667025248 73.699265995964623 69.682462040843021 30.343318490559025 60.350652795324791 87.478159885845102 17.329627845309268 40.408274434648320 42.689220437396948 17.799000363413629 82.387043314374964 68.186323024990642 34.035470873951880 82.599844575095062 13.753169619700433 95.869783891538901 13.225945071998858 39.712994190510543 9.433052092824912 8.503478261590347 31.938589532711436 42.844911524838757 95.658227136601084 83.593533519888652 52.068403119494313 57.066996314199535 70.328264356602475 97.988437366577131 64.179399149460949 86.859703689111939 96.480577711217947 62.479008382560977 43.711421572132394 38.799750428331635 96.572240108258498 26.415557499320773 38.126170150022141 63.811939561370679 85.037718867041661 35.370555208956688 66.966995110029643 67.665523648435681 59.316440033359022 19.140197403733183 26.976424408167542 54.922114411315292 33.917996159352050 36.979679344220308 84.309058838090451 82.595840398340016 91.924030902542270 36.577159471774145 53.504954137130170 50.599532837736369 49.820689696394460 54.720773466366481 21.780465271864834 15.356356161230122 73.174011632759331 14.481349377046747 59.396131834436552 66.681610660829591 33.355728213131584 50.269155035478107 97.617364874003513 37.357701752858453 58.116115020657567 61.763720172584023 99.307044697906178 48.402775971261036 81.035185760501776 57.067823717022669 17.263813863802959 55.922019233371721 22.050392569855028 68.826483310935046 88.947636867422688 69.790737655114128 52.539802088372213 28.581431764382859 19.806964347540656
43.002286299266643 95.993841524191126 16.827633251573005 45.899556090021001 46.105345211152581 43.665596823456312 33.923089770140479 86.973241455970609 65.649292345626861 12.070032607716929 79.518043459296663 74.670459227392811 66.207765417092219 76.020939475069554 27.165617156105892 37.188270285578206 59.838292552567566 64.831471320085228 12.942866471272762 24.007085202644628 80.476958576947965 90.612981516577136 46.608913652045693 66.534556283870089 0.401153915693875 68.846103865294396 93.255316814046381 15.914622361913466 97.129483854745629 58.601292294865715 57.340188962845914 2.570296790106663 16.879871229446596 61.388393068821593 86.165325336046834 57.421849506513425 28.346135122076955 25.621220898056741 42.538686458239802 21.224121098413040 70.479095505562455 99.423929097258949 9.735211273253741 24.766917459978011 35.216856785432192 84.306019694127215 5.406025426341532 24.155721559655795 39.642624680269698 73.952456612123186 88.861502639000221 41.469440563768188 28.275475275261130 69.901697803652610 3.895518194068637 32.857752346596669 35.677218677083765 93.272872995822524 64.172822357683131 84.196551846516783 15.538075005435935 67.408368509459322 12.238798173033238 25.817580782386461 98.495434055193840 56.324111507452166 67.008260101992732 79.506859771939901 52.457696692813983 74.324905843744190 9.496562852529367 34.211650555332554 87.060655279858679 33.417158550962469 21.858003869564634 14.642489176561712 14.954298268941512 29.638228161138137 71.754539041963554 85.148799509897103 62.208560395079523 29.257399408046247 11.126159446845508 8.728103709330826 35.238293655478699 19.658034592518938 17.959610280580197 7.859979150538720 95.493239844409146 29.933372221278663 35.170618952503766 94.793943914129557 24.276790253633195 41.959997786550304 18.057562388321280 36.397887970201673 47.092811240364462 40.680530808127898 36.643458124024875 11.933926732163480 28.647537003621093 75.756756907045357 86.348134797500293 63.531669084865747 56.418952579839022 86.178219288978099 65.655131327614583 37.162149128155519 6.179669217362771 95.518580454253936 56.742367215565949 62.279168407690676 11.045161164136886 23.238674558072514 9.311572116748634 25.277127521769106 41.674713014489498 80.037861978758855 95.233285873323865 96.936138302043119 9.637797325398100 93.829782359567560 18.023346344654467 34.281505359156263 92.483596088257642 18.816185201233036 45.189126596758570 35.217947466834097 35.179865910576225 90.793504068119120 57.044644695781614 54.731594927852676 69.896665743229349 3.193877955279978 42.674030747503934 39.344435134494717 23.912392356118428 31.577463943083405 90.659640717978988 76.240671269919375 66.995269362587152 68.863712187876189 87.688302145038648 0.065208422849838 77.639401383861369 50.570727681701875 87.974091102004294 62.642497684049623 88.234424387138660 26.299160068083538 41.960083152128149 89.873168759201633 85.035831389541997 10.051557075315953 22.267165627298002 68.011012224145659 62.461709209921892 35.076535956055807 64.641046087596564 48.354281940401769 39.827241510515954 48.241905346020189 19.463669333496014 15.401625284412280 69.880277450366506 7.715678715481666 87.601816001499088 96.825861436811891 89.524630751725780 92.195417535798569 23.129512382712690 71.007993970346860 5.060121484977664 26.277773816284121 60.370061975739766 23.949848372046144 13.078800989021211 77.900767289445554 51.943146791646456 66.660627450136246 76.282632164318642 68.733101276404255 81.374403329463291 59.190065237519093 13.426704009601419 84.470589913932216 33.873344213111622 39.147981225366536 67.837973038636093 12.435648605726680 55.965451313181916 76.567311760757590 71.311471361734391 6.386303199918664 34.679913877206594 28.935960954846031 30.654765344620174 17.212510593473073 55.388265656198676 84.509704818277640
59.929642901085657 76.042855455580423 94.903214772901308 88.820934655116233 70.829592262155288 28.100778105598458 68.452899984655403 89.729486451016655 20.758079889904614 72.169145804144222 38.827261595740005 97.897072556113557 48.126829713009776 66.246600431678914 82.682093207835621 57.864948084363000 76.378710855309379 85.539914077055059 34.648983258163589 27.532286922833404 34.053699326411568 66.193384133574625 98.446485576639475 32.814195675468540 23.486349010456752 6.465775733598700 10.378608200336769 79.132282472762455 46.411367394292157 92.902533511305180 60.997387857391395 18.923708665476259 85.166901108072366 45.542443752257377 58.939781592708030 6.644012639063623 53.958678264615834 59.564205087747581 4.856116610259365 1.812585256430754 55.365133898101682 4.615427170753650 72.028526824575465 29.162875454232452 90.560857369008360 24.071743710651994 38.255366418129618 5.007554247545942 41.380235477535756 4.961572288436589 36.090976115618979 2.315077242469255 0.316964985054879 87.920661924112252 4.632141576978189 22.412031975322545 38.222070002516325 41.507081367969811 80.269083712986770 10.522897678597044 45.480803063102137 96.534903124215830 27.814916724513573 14.762271251494196 99.644851148800953 52.014381682542201 52.997203658876089 7.356342272649097 48.065342227622232 30.813140889923240 93.499515175391252 90.316821704058782 75.226596489749483 60.110504786270369 75.754366091243213 10.796429898213511 64.430532896338548 13.597835049718521 91.086176067619718 89.660212942872292 20.347324750753316 81.822698727615844 47.645683591321685 42.790839698187398 18.652318383419587 57.274944498690218 21.018295618142890 94.621606193934767 42.903636293586779 10.000823316700302 52.534272197557840 21.029513941131238 95.223310407520515 68.122161036161486 85.745927650681068 23.678220039908471 18.796370335905522 17.134263674717964 87.840967138649120 12.853730833466292 94.479933483352781 86.463918509790005 42.902140165385447 47.241157893140986 37.806425337344542 90.316996884723736 1.096495150088039 88.014417196314668 66.022704204063174 47.015584593917403 24.901317804897005 7.953721343834785 19.259978921159160 48.544647317039711 53.195150867739628 38.346269730861252 46.402171837981200 24.028542443111846 0.363637097596958 99.984095672611843 56.669312264321505 5.627217933621220 81.634096734511672 28.470371915452318 12.673360953257063 45.908547714110924 51.020342371626469 19.444125920043486 86.184014611047445 44.793808898615815 50.063381931383773 51.655559102588946 31.200143369394617 20.447553556924902 24.018791918009430 53.620953286507721 50.438611492172804 38.459409699434090 2.055572342557999 96.599028002677755 8.604410228341541 57.497021723819444 95.758069725577371 54.736514622117902 44.002281262745356 18.570778142284382 42.552747667029010 17.899892365046099 58.300240492601155 27.515598676447851 83.454082683473402 16.118650000840105 18.450300945574327 74.591132944902867 28.649671096226637 32.890499187289720 37.121374067912882 4.370440130520848 0.011093819577479 47.599991873488932 49.790842429931281 7.148031114296172 6.605368985460225 33.830373199064347 94.698540717542784 28.548449583299750 94.908512108804175 40.590423010862139 88.893595674658613 12.023297193339532 45.662243250964771 16.806527613624876 95.053764368405766 73.361165871436611 59.359216915767774 76.344329415397837 80.290558690438644 76.764227178668250 85.907039946614233 55.073500762464725 88.989082665944778 80.423896809780331 21.193850109273516 17.134501399126158 21.630499135139779 28.419513827908283 18.118104846125995 52.395625174770046 81.206094160403055 98.424185150085464 21.807161917240926 94.459693504016045 33.424113759166175 34.342640553201100 16.190615546699750 75.598568716382488 35.430302505695010 99.239534027417477 30.868053300781394 11.332758796508170
64.936793782857066 73.539854723732347 71.581990361445563 5.806167287619290 5.681677514161255 79.651255288671067 94.261774133326909 73.411465998881937 2.653517661705540 85.540070035257216 10.327926233354956 59.385447634493083 89.249864764724009 26.772955743564740 55.702435722858404 29.753376293741031 23.091384588714924 80.209869212261680 77.344481730155366 34.900766312912168 65.870400663012106 31.387505130325199 30.034485964724045 20.620404181944775 38.240219336224499 51.949244438402317 68.568268828334482 67.547735020542561 8.987546482955022 5.855519001881870 67.002301248570646 25.800989518030782 78.301056858538772 0.338502648373118 41.709884881122171 53.117204911565693 4.768971610923223 65.981465577144888 60.933504290990371 31.872514779728757 65.571817566818495 36.809204758400639 39.530535768786578 84.304640232012062 81.393949399341295 37.468625780981590 28.760027133396704 92.626783608809220 24.775421050030623 54.699097034928471 36.831032321857457 84.917532674083972 18.750580688922479 79.829732387192507 33.723100754971867 84.249930785367710 92.255757013667747 12.445387019699128 81.964221657291148 77.817972560975207 88.410013229617334 78.534359276084359 58.846113622483884 60.758212402852848 33.900755384226755 99.459230157914817 13.673211976460598 18.446920872444995 28.411488572218392 70.784919667175515 4.522586452215283 94.362171760797750 36.996062360814463 78.269075417357129 17.722834686138256 47.911161817048352 41.135919480372273 11.874327001029982 45.011667786829214 52.108299364803386 99.112252288768275 4.430465586592646 8.054483859693306 54.751326907665586 19.818396610792600 78.940295433714240 99.690021698190705 28.792766360716350 32.865482419741134 40.984862623763021 85.493118570168875 97.103366007178181 47.111095511940349 90.176900592871732 91.352243063931027 22.355377702581368 67.120101741224843 42.581200138138563 98.548786024477707 46.732104483386927 90.781958218342794 71.501810452985382 2.311505033249495 72.473882136702684 99.167047549730782 96.505263366188061 25.649175880568642 54.735059242386960 97.873805435558410 96.830166028485792 64.504419444387125 49.960893423354257 31.103717087085549 35.920180549523280 29.887936588769747 14.660846616856126 88.077080475821560 31.594767938222891 31.437324322637185 40.325356580213302 90.989824274053021 78.649624967146110 84.997900607146320 69.232290912915303 72.888464273753840 46.304288825931373 95.770574703439920 83.228670640218709 63.374820920241724 62.594553221877369 63.002675817284661 53.087831432447409 59.579209230139199 26.203085206080278 23.614337914193960 76.011434602768475 16.666751057735020 91.821947518588928 83.131252642655255 99.192794411483746 69.592497866371147 0.439846794991938 14.718207869272105 90.226576128020113 24.685431885943821 90.490768962441223 16.839880956855978 67.307500198220879 80.663649752886286 85.681544916788340 71.504761537107356 33.080970624522813 91.678330057511985 13.595397460606895 21.963350979532205 12.072530253724311 97.222113068179468 15.837813492520947 59.154617054489002 10.414184023978679 44.381133599121306 21.400154370450821 74.430138822152799 22.983502380183563 41.385506244535385 16.345621384271425 99.984074901492093 57.103369110182321 51.033385530238526 66.713528997688755 55.024630057884096 80.751998266948391 70.275235370995219 29.801248690934479 86.774495243837691 0.836890530974654 0.640472672344583 50.072130754514411 23.273946635427446 2.587809252927342 84.807620988286601 97.066087374816121 81.703936791534232 32.196840421994445 32.246799779597666 36.347443237101949 4.082324250532954 20.125367094678193 94.203447289015529 71.949419369017903 98.995010368317821 54.734661190420695 47.710577166890211 80.775773890599865 38.433871976213382 4.108984331217869 2.004727021128860 41.787145055278621 37.136584525275730 58.566848474763091
58.317144976005345 53.039539071173891 64.789555009886513 97.977382492840931 12.716406603036667 38.063709438460911 51.849896636136727 57.532516751573894 68.514077717917843 72.215986302637873 20.929275702887860 59.515973191588110 5.136164182637537 18.172852863718138 6.433956985951871 53.823667558350131 16.023779246676639 0.446002354852282 80.412488182216933 67.528532741771770 89.168530497155032 92.904320233327837 53.238561483096078 94.266541507697397 93.815852820678984 56.661639943565980 28.507164143034046 97.195212837778598 98.465967165945727 83.239092083122713 78.464009371828126 17.820273689449028 59.574358487083757 45.805297489436491 16.047092405216588 58.297493700755801 62.141061702284425 83.406353076406972 39.245353690725779 81.112558197749578 33.337850164232385 4.446526407445828 41.938361901333188 2.250167756271226 79.120293438199980 73.946034225255858 8.241736342543160 15.420713008679011 7.733740884218465 83.258041486964800 58.186015384260450 31.815690722711633 34.594608546133841 56.523818717157383 74.043678389092705 7.806916622590999 40.803410623890215 96.575799759563566 98.713253877513466 38.871976566045298 37.820059832087360 42.566978378178234 45.524784344417199 65.424125344334641 70.614805817799763 45.561012696537432 24.394127136191514 69.997213406717478 70.283214337789985 33.438231253381900 23.087584804328497 52.262908903086569 35.245495150013184 94.729234545424262 63.600437199288486 28.246962524896368 66.585419672431925 56.780321417726384 30.679891879545817 75.441746122937118 26.313837468787384 92.413173101860821 63.058167901917017 36.841202234010908 76.785916940556731 67.484625902658351 78.024928642715679 88.097435190300089 0.953070024592650 88.328948121663913 47.223762728920718 86.648025977308635 79.711729934706483 16.882497687782571 95.231048271525907 12.345151021521284 69.868492481257022 51.070729683452363 38.392696715076156 43.521822386772335 12.480363354487501 6.626544738630735 92.207980980672588 58.872567808715651 96.820524112213448 65.133071964561680 85.428223565057166 77.695086373852533 79.738191047829730 52.709194612511979 23.940911037594937 27.302368802741071 16.883752691441234 94.638928707425165 49.422449513691724 49.956438165471972 95.083740388920106 17.106141318004497 6.182475504348872 70.740411771144849 29.482550251297258 99.023433705449392 39.600439949574110 36.468488776755933 36.440272978566249 41.558859035359376 92.695978067843484 17.596871560115467 6.093583202492237 28.468193071301961 88.661266513309727 57.379397810211309 76.346133267125467 37.485658688326474 71.245427208587216 27.766907660247774 63.746249405167845 81.396955427682812 17.841578527489766 57.871148006209047 23.669936065659336 85.576601998816813 17.969049150466855 96.570786547815644 48.402012215217802 5.804284173320140 46.944579148080244 7.187122821389780 64.385294634752427 82.369586062836191 97.955110075429587 62.951951427659189 48.147174781407124 22.495268668732205 33.835184064049514 78.400861305125957 51.999246733508166 88.618869681805890 26.607104412294113 86.646756902908592 95.247546339993519 34.029451152527223 35.352216768984846 71.251298927889039 84.838658315536122 87.057021351474802 54.807787273615226 67.614446622969766 93.652264561374594 49.276872006853111 57.829982903733445 36.295054174243091 59.416989341598850 59.640467800281392 96.192499221054945 77.161262391458450 10.673435715509427 0.956561879304896 82.014797858666583 87.748188454332634 9.694066764331277 71.139936523553587 20.371310466378311 7.969687476616450 55.256848386680446 7.415486961698791 55.555060131374908 92.271079874507876 82.200748831566131 75.783817146155812 79.901438381906004 50.819308594278809 36.295831221913858 60.793314139085410 8.291766836982417 28.606504745948559 17.779267596674377 70.997848433017936 56.018539219584639 1.395003663070793
91.620084087730376 32.566378101811658 44.083907517377106 36.357517504752209 81.286207825067152 99.693686287654771 21.029712096001852 10.956126467072513 66.349843755915472 33.355856162748665 16.217067767408743 57.794185667750497 69.374305736875641 36.903857759656574 24.156700227054195 27.761755095258312 43.750661702467262 77.762945086661603 86.017846798148668 43.186919079373268 96.493502631552289 35.330372260549090 18.471258564929705 67.283223240673522 63.483272494577015 94.313059814366341 1.107872998124171 6.161784328397724 44.504292120970746 23.768261748451415 89.924178473834743 24.386749383576078 5.259486149514614 20.858788617836321 57.558638742278433 12.812903914081698 19.316889335280852 73.549621183145192 73.925669760119277 35.222610798062469 94.268339072560778 57.648888631319707 78.964755054719248 21.179280869117722 7.839351883231793 43.215555952912901 34.154604811436862 59.620942951788855 90.858504533399980 38.355137647448423 0.470574244888422 87.212634181353280 26.121595259395715 2.736856705667479 61.932691995050845 10.329375373347149 36.942447818118197 48.530020441484268 96.291914003795426 15.740210295436874 53.039801338350024 19.945880442906262 57.952075891982190 24.640469823937650 6.100819962210302 4.078646756385041 58.836574779489801 58.712488145852113 44.831311611439148 48.298220650366254 59.665657564104166 41.109555552926139 95.395909985479989 98.351800262137360 58.730929502951227 34.566555028156365 68.222459095523220 29.657789702270509 81.299818464648638 4.080118939015343 15.009481251484381 3.146289567314531 90.777469882526191 35.570720593724005 22.049127700617042 20.904008658730788 32.211799669434015 61.060177137767788 46.556683184411085 46.799973134551301 22.950611356383444 65.422824982252223 59.937445022089854 85.644794824361412 5.787520799109891 80.164181145274938 60.317167650106427 46.051637747347385 31.808656923215917 23.168081377957741 3.974884800779854 69.403744873241919 15.051667004897585 33.635646727856027 15.233197364657148 99.696276196919669 73.899214152750289 18.998171376907425 59.194218646014896 61.350975906313806 11.044427140279090 33.757895343095370 72.808414856278276 39.403893152609868 62.783373784056771 52.060854414027979 46.553957813647983 2.472350058138351 62.452815879602660 0.413931880178753 92.544549732720299 51.254064019840428 64.100715787653598 98.470021323194374 52.270993249049546 99.905009335301173 91.062438186452482 9.108407357972004 8.362720465585149 63.522038364942816 17.362270627433830 56.500946455627911 42.310983398556132 78.066188977172359 15.537784772364160 92.506631256991085 75.717778908808299 26.795706613386027 59.058574525359205 37.307584480378566 52.872588912992526 90.518280536537944 95.902565471921037 34.154247578546503 2.190116558812216 61.554675312719553 39.967012417317704 30.092347157790154 45.794202236474909 50.100856056570784 94.868441458365027 99.365580013987824 43.815673797895386 27.242880361781708 38.518079619781709 4.574528035386882 5.884319758155721 5.557364718939328 17.215106045022633 92.893490261566910 56.821994606334272 9.148586352478095 71.454107683399727 56.872710044342767 36.214819761273375 12.763198101815265 3.794208857948300 8.960109326182996 80.869011943841514 2.930674967397495 75.655504322554663 19.998184462137424 53.798292847688458 58.037100950786822 34.254237917188632 65.950659405484345 8.550017551080192 23.440994479695544 64.029988832898056 79.014074647898255 56.496824360353195 24.122835575804491 9.823851136450124 28.311817742050561 13.279523900807366 97.575279946497247 56.857000697371220 3.895013777445810 63.995092528255881 81.131784236001451 90.226533721569055 34.147477114692137 86.811081236590823 59.143195167438321 98.161071506157143 0.624256515565680 10.448396366626532 63.776036693283821 98.105175178318575 45.668281343525543
70.151496620285016 29.969119742277073 23.617123619612059 66.805522593932835 51.995791024678518 1.524268852360378 63.522199176048211 43.311641347888106 16.123560830351369 48.501853995187929 21.633436102576042 98.804345297538191 47.780309488511918 52.831645775832705 14.868763177873545 15.902714909935501 17.121333026330589 18.484034668908233 78.244651165681574 26.991895116238585 0.646665670571045 30.393558634151685 5.954402531098834 66.583675618778443 86.194225441216716 52.890341139782151 59.062651002370693 87.073151939352968 99.514090303573767 68.096737589869321 42.639815278177792 56.059838620004030 57.918133501730516 50.524927000773602 10.987133956489824 78.623407029789107 34.556948556214216 25.964847818946080 31.822985870752397 24.255907385563592 61.227328353071243 97.061481279556730 88.651868978321986 45.976058053579379 60.856060664912071 56.594700533054656 2.592148593531973 84.322663215212856 13.679908054607937 70.920212557229576 48.399884045164619 37.334478371999403 35.414325974417324 46.147000081025901 63.226266023356736 22.101642719894176 13.530295987211073 41.247489832767428 96.235778481779008 6.949803058873972 39.206996363137094 74.809087154415721 77.211937043341294 5.997195491355378 70.109130541416505 57.352584240751384 85.368581939200936 61.623216263015138 25.043024685957604 33.145371516541367 3.561592117446055 2.343994104635994 55.524296601876479 26.085652496337985 54.217707749169477 55.883095343021068 34.783449130349084 22.560219692901839 31.078752000582710 87.992892234359971 16.236357880168484 23.556591831252092 6.403793338160879 42.437127639306638 99.638925601530431 22.001517309924601 44.124859018514563 48.366202292314462 56.915603656587940 97.980196658015103 65.890529672485556 8.647272295040253 33.877699808788009 87.779292566625159 57.446463777749123 6.844346878324514 75.631835160030221 27.484008917419601 10.610669195456124 46.788984332895765 79.739598745350932 27.735071741429884 83.937839261873847 35.633443472341227 30.437719724606950 35.135971643792082 91.386356310911935 39.293460072918997 44.626471212236652 98.804161362087953 52.374991658797839 37.298410867094645 16.951053025839858 71.434493279934600 4.654996039089099 79.249190597137869 36.381955339781314 1.826880888256643 10.821304665967702 68.884978134354640 54.926293453150251 54.457334120373282 35.961583431214997 79.715883504855441 78.922349709837405 45.133489058945464 13.402428127871524 51.532799621763338 51.703309451002546 36.912570896710250 96.522562022415656 55.466418244318049 66.318138396477494 40.846345840135157 36.929586802316194 91.691228187262340 78.290961872377125 96.175575960676099 76.067965223788661 55.012792223262664 90.420791960820850 70.256454289333320 53.761644360190829 10.856051175959813 87.829706092443814 81.831877653777653 53.016191620917233 45.269869444688204 69.202272736761699 67.672417945778648 96.306918103193283 41.495836870744085 5.546535491281290 23.545141917105351 27.680814202148106 14.749404924843368 15.562645041440115 71.853642669537194 59.545902933982376 76.114964015563388 42.857016534465146 33.321606597222129 76.898672812927117 61.425706803600775 64.531181320210322 28.207296479155897 92.480452647612609 36.212318237797724 32.002089974503519 48.158382930045327 60.107572667195974 13.650843996797402 95.316532768981489 54.871942220327327 6.218273645143202 73.037390925952508 73.779951001592053 27.556167205600921 42.783989481981557 29.415652557382977 49.540981607633896 89.142129713872748 5.699506894260797 25.871499597930679 69.763321122834554 81.276795499149415 53.493787763515535 78.545834658526260 76.197770835184613 87.925360193565353 48.401205216982660 93.898457444328884 17.357591978418629 49.301858979726795 30.681900659354746 84.416844629654335 37.513514476739232 73.179841873229265 21.130398227299519 36.164712263515817
67.481843329465690 69.583216084198256 33.988514417677663 94.971983545110959 51.177898826706944 95.678522794076628 73.351729807603689 21.303053823532338 35.813962447712953 72.030279712025745 34.526061206306338 25.602116949618924 79.095924693476903 24.233241651415771 69.873353115453583 71.251110834350300 21.970581428549586 52.543652965122959 32.682045646555316 70.571343560947057 96.372933769416775 42.776944118404316 13.218737279845428 59.468310409835354 15.673225652332967 89.720135813232233 65.690325490873718 33.263624093450808 66.227324707686407 93.995406037586633 84.129127651591730 84.181897537584433 67.346721321397922 30.603522238610360 3.528835275364550 54.168404523299010 59.657145287283321 37.715708528015824 99.635320545490686 92.016528992469659 33.291323462086766 71.419326191050260 4.313001244141912 10.938899305989580 33.432561614546415 75.920839562329405 33.955390403057308 50.974506686289232 60.374660706057014 6.272213616365607 96.870674386752498 11.549668520676082 79.327032497852130 60.659075123924289 27.264970106798991 58.000125477374510 51.312742251645084 39.616510154442210 92.594557905248493 13.583568709252091 31.334597625650730 17.218675506470703 7.558255876919029 90.437491308701411 96.088605288089141 14.752523935839090 11.800726830348685 14.376589563772246 40.826223207653854 78.629269042106102 93.769731125409834 16.673029964118278 68.197708505963760 3.842464511934929 3.727667590789641 80.938026997258234 80.163357251202356 78.589138686192840 59.617806802354636 35.877656116078207 44.658086500194017 20.614108556820376 70.001137638413098 0.074868621917179 30.667273218614433 36.994767274979701 97.470802205213019 34.132765837576606 70.670346783225952 35.119636970205725 4.257203908217178 4.811051170145975 51.983370149572025 78.698522467120952 10.375360961824519 80.812495199869943 98.331052009375711 38.208293015666264 5.991001213269187 37.962125507187551 57.197837425190379 66.136359859108452 98.588830610371474 85.512656613584156 59.037794906642873 29.227825849856448 27.054046044347480 6.853103598772902 0.012829301103068 98.679211146446036 3.082990987073431 87.658157136228382 56.667807410110846 43.158853330382485 53.543951456526862 91.322762225245299 93.784378912886936 36.108828937949426 22.207209060047649 41.592977723347012 22.027674185161807 78.270487306530384 0.243480711020794 15.222029019248041 93.882312829241570 43.257254534846560 81.559317102457101 21.100786818480699 70.731353137240660 77.980453700117721 44.242308454886526 97.465190588142718 41.206243197218008 70.584560180149708 99.030870514160256 64.083092922150158 24.870863952842083 13.250072647802579 27.579415523406205 73.288328460682635 75.881139818326218 41.605932616880260 40.964294675125743 96.380739162041976 39.247423808859864 98.062323843370919 63.557225416577978 28.656918516905982 96.834924665823948 24.655256661123214 1.160622061111993 49.338893460695331 32.572254541054633 33.833587511886876 19.338859675301045 56.816608316655049 86.062726520443846 13.011450599068052 73.464834148308171 86.027045078610115 64.261219935806281 60.438888391189991 21.904634751043485 60.738120966907431 63.178544194458944 66.649091085685967 33.492583087631985 24.195365699498062 53.388207983995464 40.907221351366431 81.292597928684785 8.062801599716419 44.811667185746238 96.952567538964303 65.777828073269731 74.039084258026776 40.775517415858154 43.443362269941069 59.406243768541387 24.599310272983011 86.704228492906054 6.921736089871078 19.111010242094295 25.344402420325718 89.151309976313044 69.454740596641969 23.271703240356167 13.381459903001392 97.018382059873360 13.764318685752109 71.580213638516454 92.618970971825888 85.693793966525604 32.431148784591926 0.296465568713122 32.373070826639605 61.582599547194505 8.311481455592794 79.255317303739830 81.001431833252227
64.465127442575024 64.973503172624575 90.842760613339550 46.656507990971093 98.509618214092313 92.361706390569168 57.856633643353327 16.632429035024643 27.671312679060279 99.113081753919928 39.467666301247831 7.457286780555950 18.879752993361208 15.958154387473478 98.560689430919098 83.866888719319789 21.661179188514545 16.651834504437481 39.806425987755908 58.855025269704562 23.301674311913501 55.391850614281410 91.678895779150153 42.745309993030389 12.947334645518538 23.319451396986313 96.339119930427415 34.789984118962479 59.917972179013937 58.152431218326186 54.433892725218335 35.855943903141288 38.296614847099200 24.590674181105822 25.049592384576378 4.245816106734434 39.549601512116240 14.215781168749231 86.508292473092382 63.961138356470258 18.828607356934622 47.836532339706409 1.505997086157973 98.456385272896412 1.869520121134349 98.007441847097354 39.774198350700232 26.823603859510047 51.521881165215092 45.200908208951077 88.773263792386558 84.681639379312756 90.378952042075312 84.954678839472507 67.256598056590462 6.104548823794065 60.468070401962478 58.039373007675479 54.515288857425034 39.507717645953242 29.601778683358727 81.414690803132075 77.045471295498871 46.137149366001481 13.734385896978685 22.215196595363551 48.180780648082710 0.323413096910052 11.812318335628458 26.502603165366157 6.285856598137574 10.297101892646488 17.171977686159657 99.545515834574957 54.607475604432409 99.072880370360352 85.141832720520597 89.730743091879347 26.917461659884832 11.083224153569782 88.732119655446795 35.423974257044414 32.186347688489711 77.761848811842157 37.315353771534546 23.404674935953572 1.743153740104297 87.537861548378899 15.858512211933739 16.018563384615490 5.600895333882960 82.929784987887786 23.198848564111707 56.303416252968674 25.290938654386352 83.450463215606192 57.830198512658612 38.248773604251319 12.117994936987442 48.834957233898216 8.170117117718723 46.820983295702099 35.781589332931304 79.267758265705794 84.698648253577929 75.380466938162215 84.608175254384975 54.036692201204637 89.383582544719218 6.764283089175427 74.288521110514907 14.065648044571844 12.543907713060731 43.963598733276029 45.442995732974047 74.307992099956067 81.585949666549809 7.073828086478895 66.541399016252811 62.462388447109660 54.258003239770872 53.523159127026631 93.864111744865610 91.783572765987401 90.089127295596157 77.375617758037990 76.732862408566575 76.542625714762821 49.745261938899979 23.270342116630683 71.800043988869817 57.641510345446278 41.979671335275256 32.863136138163306 5.953310379034182 58.439628329460177 87.062904363365462 15.874615189446716 57.918254150120760 88.039728866261683 74.293356859563900 30.017426370112510 42.878152687700840 10.977338057639285 17.475886307400213 73.105419102855294 3.108777086524284 27.860722458777175 32.751264699195879 81.263878302857634 22.669093870643707 0.661792812528783 58.231107161082051 67.933374231560421 48.386149023675706 57.929671257055219 85.188859411147604 6.773513353898974 28.081786660169271 65.749396432628231 43.262538648238767 86.922349730250758 95.313026002975747 77.683788090082160 61.345515975537445 98.529721858712392 52.452434391148159 33.939078607739162 40.161966341614921 33.677136448079295 67.103375849026946 26.821548162704424 25.184921242502224 92.898774711668125 87.527321213918313 57.950152882249959 18.044262638207687 20.621728479051605 44.802256085941337 48.278109976060371 47.965443811085798 8.151842400992082 54.176608146854498 53.985809468191093 25.017265448093372 5.423001336908451 27.249197560708716 96.642020108718100 83.915217847592530 45.610452033543758 68.967830062315699 26.099501819927472 68.967085389119973 6.518651724550617 59.301932038778780 37.462638667089784 92.849760923669606 56.426038039588974 7.744350188958105 84.168835763543029
13.718713588516529 52.896610595094018 22.430913089564129 7.644351072151379 69.660779706612857 17.815066965571980 81.654817092005175 62.546575909355397 44.827353337598339 53.751762361840136 35.928083961226541 75.891280437319040 79.381035117532775 93.701678746639189 20.672392100804871 16.042270320050978 18.376162728138834 79.683676281549850 67.857166223008363 72.517920185650439 31.525227630399467 65.132718148290465 23.598651787810020 16.979824396162957 21.395304247775293 53.210377252047500 53.976054487812640 63.737787123173163 52.292503171748329 76.047637547855643 75.556298106183817 23.579140012964682 16.897725468991588 98.659294934098781 51.592749900993276 74.199004708756277 36.324290685232526 60.516948818313587 99.069980107111888 5.299662751370660 50.573038457727158 98.627282944592125 88.421421285621861 92.678206934240038 44.664384725966258 54.533717282131086 18.789458665516367 73.451035518388679 5.924090640446755 72.113385091211214 95.007950598875695 7.692005420111848 47.958904311430850 35.695538290560158 7.071185786054812 74.915071788526163 25.518691015459449 24.146684585968803 26.058011372229295 22.400447915256038 62.233410818691858 12.154255815340409 15.418330204689379 14.496257105528132 46.021228497113299 24.625429521192167 74.999164419174676 75.322424679311013 23.855693175486948 49.731205265283386 79.264972968804912 63.666168308643520 28.089550293999967 85.827757664318156 82.570754513903765 55.507622183243754 23.038407605944055 8.493383857854264 43.759387127418655 62.519128101583966 14.253825641111762 61.208871243137622 71.576527941290820 66.285305093068786 77.701686757593748 37.683097082772207 29.574342856503499 70.618127202084239 27.212004471098318 0.524360693477210 26.349978836707432 31.652798090226852 4.627917253100677 85.539982406474138 41.904345989644142 4.475898937364398 51.549611464599074 50.768063044448738 82.297523428770219 40.804241705117683 85.760489968536547 18.470411134732089 55.601465737969789 22.086906364989535 8.860143324696113 50.851391959268774 0.082313482025587 10.363564086855071 43.346790122344622 44.653398713727277 41.783380367148837 58.187203556461483 88.935608708360391 10.684840892126246 37.642188601095960 48.334145746422749 49.995732666434087 69.450569524254902 49.145637807191335 75.815164791180351 14.273858970297260 29.805077409606874 45.434756823952952 62.339441447760535 25.098267167634567 71.383483182326614 57.809059857532063 76.525529879092986 55.051804525122570 33.082127628318226 86.217332354845865 89.541798245249851 5.070699315839445 79.829150990796620 29.777520470009190 13.292341689910659 6.805206913804041 30.575923719275089 44.360258334134286 9.310193899582996 32.629728137778692 27.083426548166688 60.607796084993673 51.056524540312267 22.030534778509960 70.820439469441041 82.694449952165300 19.040106645668775 94.003301304160942 9.873872662713467 62.763439261709038 24.292705485698985 11.777611038426873 19.188077725339813 36.252624789404578 36.431671812644993 29.446291567308826 26.776238097981921 82.123979373268426 35.039354204467934 13.816530495933277 26.178584270180227 54.261293510120531 34.038502346920595 84.615548803620428 82.673800458521470 3.206230403513877 72.673241665908222 38.194871691000913 10.409170815417690 65.977738131651677 4.752187237081085 5.856822371591841 64.653560809547741 72.296979435480324 22.955146590991649 98.487841046726160 0.329223863598360 13.534519760883079 17.798601568726436 79.342424070008860 52.108205307659780 85.671962142691868 65.829672914909878 80.909127316879875 39.898176701329227 91.886089800120260 92.231275274674147 31.281899304481243 42.447407757121248 76.595761866348028 28.026404747504873 62.013926878639502 66.138817354522672 56.168982650848484 67.361499832607606 72.857554059952577 88.948151091271384 85.840737732106092 85.591929273151962
94.693991530637504 81.699908911069230 83.577112950594540 10.109197461977315 47.566446264931805 3.575171595952720 4.390086077499966 59.813058495546024 31.825001215357517 97.245806163930354 20.480337046750119 77.742769516104744 86.766133771042234 35.122781475086427 46.626593739069058 5.065327825095601 97.873180362874891 42.907445439398039 95.010614561815004 34.266446158390970 0.836348207734516 15.994558117327617 63.611606160458187 90.971580992255369 68.014656033398268 3.907973448727442 49.296096465155792 3.421424805123874 36.626459186932323 91.343797263988009 34.757390696391823 37.966271025392572 36.444440455395601 47.558261381997625 81.482126669485979 88.873229796770545 6.330010085169002 82.467892283934262 95.209568125576993 93.656188209523734 90.526611247143620 65.531664439088189 9.913037306533967 77.599883690372678 19.530625275845061 60.368784733801419 20.596888748293907 73.239230647810388 24.158828682619593 75.457127503358180 12.699934610482133 4.740642605755063 7.934849270915134 15.739008289206458 90.966637580460528 72.980313302870172 92.722715433684925 92.459331816264722 7.188005349545823 5.629628904818995 92.434778060397235 78.710314018047129 95.206394442083607 24.456882874778486 90.349894440451479 75.452799988612412 72.583712286090119 51.166164824557491 0.501270635779194 60.065194092757778 58.472808486669102 40.619767644217490 69.830092230102409 29.442786619787388 8.006258026081692 1.655963895525236 56.549974855908744 14.975490009802483 61.595564626791521 37.888354305288821 33.128700542800061 25.496476170724126 20.373784705919405 86.196311221557224 75.273343525253267 40.773645148354397 36.493785892025400 80.677316854206865 28.517375930534616 60.612612400532271 25.442797068239898 82.049528382001853 25.321647177137983 8.869833294255914 47.590029706621181 83.095522881144689 95.451300107983315 60.560092487076254 36.252238648300739 6.101886528689892 45.220146437907175 11.568733391016739 26.437219422458448 9.572815137357582 65.045077833974261 86.672475217722180 43.860939917228457 92.825360633048007 57.835374266317054 17.415683853492926 41.872843415696281 76.900425993495858 52.077947449318941 63.580291194049423 47.555197595841136 13.881434779493896 50.969992379351950 61.976613238696387 7.959956847575677 84.766066524555015 37.113341818147660 70.980111751612924 60.420401607894192 94.470252924836387 24.254058586525375 50.290743421807214 80.942807925719791 26.296349400958498 93.464079989216074 51.916090294203030 17.149755550042446 69.935589811061490 47.863047581974364 72.724667075310336 89.127069606026311 86.021100792139762 18.492710022356118 48.046585632249418 0.988255234471891 28.910857323206528 45.233905258831427 41.974768711417155 64.333606802166543 47.610793641346191 75.540779117237648 5.691090249064235 19.198968132808936 2.716397558204398 80.206950648708300 12.257310384581777 21.672122182747444 88.807071395370727 87.978730027203213 80.698420496985051 49.326475329393425 40.747239796169232 27.155146346008873 88.710897530556210 31.750106246868746 40.322049133110006 48.885899887138827 46.248124276320745 51.454088664285926 42.707561844808218 33.900257518203162 68.895407271183331 69.742877415195551 27.174590386298092 29.678244037757452 93.955666592433602 85.797931000873945 31.836822600915383 71.899270671596184 82.905295161951926 76.487415465013768 91.245484045447299 34.780314682300038 96.278933868272787 75.150038628078462 45.696397985577754 35.928004725910725 5.009433308299005 11.036170556705304 63.157053606270139 31.497250488785621 51.485172138978285 89.263613984123509 11.891091035278134 4.593930457893447 27.368511311667920 95.640120289199416 63.385320504147643 11.627617263529499 11.227048607900169 15.506028906781355 32.497452234553194 91.745042171570816 78.954955515323718 82.136980112045208 52.039514532354900
32.763225207044044 75.062226439660478 97.097201987395920 24.123571630686026 87.821916702994628 80.034938981783895 10.426039692195188 38.570389481759257 40.228138306568439 84.069719017222695 83.550399843061356 94.587540820795539 50.172313784321666 48.702494596705804 99.023550829858436 19.024550732324595 55.423296034903537 21.080217233625088 36.040442803371640 58.096757475962654 0.163410834628119 35.180621141305416 63.499207691710843 29.485972645007806 81.609408633279372 51.868789473899447 68.621258676073879 53.380180555899827 27.928092007543228 46.579890188822112 13.101070880016753 88.760276258992960 71.910917901468508 95.644922223907798 2.355948579585843 73.030019841285338 54.847813328278427 90.379941979772809 94.700315731533564 98.705924450384373 37.695645526823384 80.319122219444466 96.206974902908570 34.699095185108753 54.718068045741077 51.081200797171299 82.085879671273872 94.326210987281016 26.985572943584057 86.505783779204151 86.233543783845832 19.977196770766525 1.067480177340430 42.652662702135672 94.025943118046669 68.449298640991145 99.079849419869106 35.139064781009900 28.109243284799511 96.258173244557170 45.093699186805040 57.665144607366649 75.465837030659543 54.470731506556504 95.660591344826202 55.913771941352493 76.631313524368835 27.343696105256722 54.698565298510019 14.475049346435476 8.306356363369805 18.509754315035888 46.699596912450559 67.372633017037074 3.030184698565219 72.517698180178201 33.358411449817169 8.825780367916469 40.603609537633155 68.776442455900280 57.258940727451403 56.594743024888160 79.706599137849636 24.743697515185136 94.778211464979833 19.489096611184198 40.434478853914293 35.529808345439363 4.157731465466918 40.002672979194784 78.513439958936019 25.751159336142337 38.101058310896441 34.613077436687398 17.882819448919228 81.625386416753528 88.252746047901127 70.249600167539683 21.297097530368902 62.755576716264251 33.921280344076202 19.469493451646237 59.367471260760553 44.083014882515585 25.319048349214501 53.239001040820867 35.311911460805291 65.396117890065014 7.172848530913189 36.167513344027391 41.287782608245358 54.680105556981552 1.916531589902848 52.964543754207881 23.537816126558397 98.072744448330965 9.592746611791270 63.723990053687544 23.569274775825910 69.020237710144301 41.237763184623411 82.479114635151447 75.256589546268572 40.267661661184107 7.490146045140689 7.596451611664912 28.608039343520332 92.173845575130954 20.656839262619865 92.322732532307484 91.767296484419731 72.579023416325427 46.423763850731049 6.381271036201419 33.019157538991649 83.187595936794395 3.287095024630982 51.738056178175718 56.498267385292614 23.393232346100813 21.732960815347070 47.973098697143122 34.844283268968667 99.282140141814025 41.120802879656324 53.120694967093776 4.147267390733489 54.042491404241019 38.328215491067276 90.079095278702255 25.681809382319653 3.675692759713012 82.082874766381806 30.274497572731406 72.512945247393958 3.041510609233300 66.645300275724182 37.673186418938172 65.844809322191239 52.036379455665795 95.524180741026072 33.470769796442234 96.469437028649565 96.880210961166256 64.866878742832156 12.028635365245776 9.824911217301480 25.661243044650618 65.790142407573811 48.492064082358191 7.204581904293028 78.645871060891807 38.086568946339860 50.288196730497113 51.933258092163712 71.783386997110981 0.214877963594118 95.040771341960777 58.198793614346023 79.549220334190125 69.593492864892823 49.371657372227276 76.440875488414420 42.406510893010562 34.921509137864604 23.556352750860931 67.387987579241354 40.988185389580167 76.991658314824846 67.689426990134066 80.557101201001714 77.137179530910714 92.539596213827664 34.480186755357792 68.115429723381695 2.559865282891505 64.591756759555594 53.834834755098512 58.515823299593826 12.010741447656681
61.522587825051211 74.428909304555091 79.154591115842024 38.738632345236113 86.244706681249085 83.262355265466738 37.425677216957254 63.690434450749009 33.352091260848340 66.329956748523514 59.212893366932285 11.319269217319993 41.370630423571086 8.528569215456173 19.209448600153689 86.864615634190329 67.097917950490398 63.330018277748742 84.605489565704502 66.058967447498276 28.551283581821252 68.169019282747712 45.653738494372462 77.427196123002318 92.761487059150369 10.016189255588470 74.612618415478209 38.744918284191790 79.936307343705010 52.639835359926288 88.875219250600352 93.697216137196932 13.471440606956332 33.259547888951346 7.692586155345282 22.520711542006733 74.149593620516086 28.027059976591062 49.709477770196301 38.056198008647932 9.545710856139166 6.049382517065782 93.726764356601507 7.170258942816266 99.891446428693158 40.952351483143801 20.722210950946241 86.041692371237005 32.698942675774404 45.235558210792490 32.937213338423085 89.621736011776491 15.089309855606158 42.342319148246020 88.875748997254163 6.447821113043172 73.278285138388796 4.914955680331490 46.304862207269096 40.770334431801622 7.692583258848917 59.777658592145514 22.395058900924127 94.335102280402083 51.223628891117038 31.201680641757058 2.447349226338125 2.145671836204843 92.967205415979919 80.127782450443988 60.159206746945401 77.887491966546975 50.083181284274794 5.524656459066457 8.533618617469862 86.255237866440027 69.925235177088524 5.098605039953541 96.804380446754195 29.660690754203745 17.887454522113899 15.642071835173132 67.204173563061957 30.632416218900971 27.639328918732609 87.338619389742561 71.854485048501772 21.299933065727984 28.892726846265461 79.342755334750549 40.302428768788133 75.818851615428429 80.465502372715690 25.652691414708439 7.627063262057654 24.760182790243647 32.334165220215205 58.652308172134923 80.469337240295175 38.064738222305373 73.435247738827158 33.676699577934755 6.101818801650793 40.917993307631995 6.814929246466239 86.654691025761451 95.460706082251917 58.039281462738280 26.792471083833824 60.651292303759938 77.636154334175842 64.655629768764655 24.489542792318030 55.205079519600432 64.267353865065488 92.406504785637836 2.303522803754721 60.361481071460119 69.296167884872361 72.851511490435385 73.035243248964022 48.165914746286553 28.086350691379845 46.548881123482623 53.953880496337028 80.220420376479623 9.063935921993050 99.862916577111406 93.518120412231994 86.055210692853052 15.130024084515370 98.417056505924705 72.114490887256409 82.916225349612461 93.009308608437777 94.991809951637507 7.004829108716281 54.515366356701875 70.400915647187020 72.628366875044861 41.102050649054419 43.051517626883417 88.879763970926305 24.605695194807218 71.446895716588216 93.521795413093628 63.019178595584421 33.068261501492444 8.201610318598062 95.478578842330421 22.517288219071595 7.767596216930372 70.583591697681371 77.609891690665449 96.567999507491436 52.359921425370182 10.235094802116674 69.724524505060941 18.646624182513861 18.178170656711711 73.064794533247166 33.784249352280952 55.324084015199404 51.441236982575504 77.380533634666818 38.771009601923367 70.338564838423451 85.617293941985096 97.984972297162017 52.556400005456517 59.500215126098219 44.632217829288798 46.082953123381031 73.296552572545764 84.789027060347237 50.809179422206142 77.949757523777180 98.150811949077266 33.923500885205712 69.888919669381181 8.984302457163517 52.865449139009023 63.643877656332116 85.355425220885522 14.636093421715024 55.790326813467892 72.320563865690687 31.201169889598233 78.049879951565842 21.463511723641094 69.748127649446715 90.170517347886019 50.767535782452420 78.259234876407106 23.050488890625907 45.504782643631714 92.231947306622970 44.254538780907716 81.389914039379391 86.524773748788178
0.870599813768436 23.860420817660565 64.981393833563601 66.689386517169154 48.072693219974539 44.275862833205316 69.239789574558245 2.650845659767576 76.967445664744957 30.544477999964236 91.744297915527980 13.311058574054535 30.364982086025261 12.229864002081136 40.733806801619622 90.215857941319072 76.193779763541855 64.084329741159763 81.545374648691464 2.250875275380870 44.451375460298067 48.055958408284660 88.379948228868926 90.390357817933648 82.334957652640057 24.118572706578711 52.511581590639658 31.931686592981112 35.081255206345418 15.211334557685753 63.693595672386081 34.785146958744647 40.312426906346147 63.184544464016170 64.210181397023078 63.246966352393606 8.439082684052368 59.610435499567373 28.312838335051072 13.627082485239006 97.111658091768291 49.095683277881662 21.489509110817217 87.069809954855884 19.493969103899424 10.762486983447840 85.119921358532665 24.967974593569863 43.874745847089216 58.664937372995304 86.986046876141671 40.529908708660081 11.113344646454347 4.163248888700233 98.653038901870488 48.600238702368500 99.270972823199372 10.624205829824540 51.202546577832429 4.416097961969800 56.047883924173966 70.030166154153051 98.042598326400764 69.362390619069259 78.890013561559059 38.699672770615749 96.453961992366615 46.067546147751500 64.425177372537860 41.215732856842088 47.459961299371834 11.339574771156357 35.976678306847035 72.559321419159588 34.587162595901880 62.311146723952014 79.172921188775945 43.111132069764814 43.426118640424718 78.730391056168159 96.247630624518649 25.853882872030642 7.529299404034784 62.680788639187789 69.104475114560287 44.510333100123823 44.574601365261302 52.405830498828564 65.790648778358189 80.235627155135319 35.180447790318482 30.611773760986559 60.796603015473259 88.246511506609110 45.863761896400810 5.476278761309661 44.378844084106817 77.177198989840008 40.528381895816821 59.383682892201719 54.233570005987218 25.073333511683980 87.781332692285361 40.811561996421652 86.546066858538978 53.505154404344722 76.555924621837462 64.398681965059708 66.194689939801592 53.015320398382769 64.051553200491540 78.350232485623778 75.990638558177537 71.466624714973548 15.868994099341261 13.286720792895245 48.334608941794556 21.612051878225170 75.775426643907835 67.892668803080298 13.634673229376858 96.603789536302060 18.129607510432887 36.036419221712194 58.891777390597291 38.667613150680914 22.857141371106458 73.217309356748800 48.879870190163608 2.584511738822115 97.655458435719808 32.748147289078922 59.221231897245666 49.616576855353742 25.822264415665707 70.001514568359170 64.263935903744354 77.012257746136925 45.393459016868086 80.648013572576929 84.329655686520539 48.583772024346047 10.849988487328922 63.331083938528032 42.312321429368396 27.069148416075308 77.429457953772655 9.206401846755064 6.387950057045888 27.796257820312398 0.742310458979345 34.474850839445295 22.604752328405876 70.872915301895731 39.909323154765772 56.901458273321971 54.628069935133460 72.547035747263962 96.686156204470365 21.924276744140126 26.147840531438781 72.795409973652653 52.200060208344098 39.092931694376730 74.451855328664976 41.836018288870591 21.913325013360264 40.751197722820855 99.943108310185906 71.078359648599090 97.703530808007400 93.531709247737808 59.441091990371220 29.866084939938620 49.290845990043231 88.496428338821715 84.765551200213864 5.171327577641637 0.957994141423313 34.767620744927143 57.499858179228916 38.911598882170296 41.419551950342438 68.315463435047036 15.256141947059110 1.030211008919613 88.582217218629779 31.029050996634833 10.741069978517237 73.630666746079726 3.584922888681974 1.055271705500127 68.330269520230530 16.852757674070805 5.679227236540118 65.274597465219685 66.782336149763395 14.703538381026949 29.843234799686368 35.846010121844394
90.445525155927896 25.773155564347771 6.547217945795514 75.511973626864489 42.542380338434135 84.425073623126593 31.327284623410812 81.486181301969737 38.076109798949474 14.781520054287467 87.207304613367370 87.689047301476364 14.525030110570746 25.797068810613411 48.733730077973924 7.130364913983223 48.997095712072891 57.758554626678894 79.543348534782822 41.921969196996130 32.831052245045321 98.882514582491723 95.881798975609399 44.397308658005855 58.862238627901917 84.754722474638569 44.634526526777549 47.061879058324777 62.008880632056815 87.077720528673552 96.080554728861813 4.848210028578459 67.005750295253847 94.685035741839016 76.447866156485517 81.139102169093803 16.065289344329770 24.678611994696318 41.537372886226279 59.743277792519542 0.307055025910075 4.354617830947427 24.270485784638176 9.245986397647442 73.716591119021501 35.555416226430346 68.358193086410353 72.889591890597700 43.524241201908943 84.397270892778408 43.688682205091268 14.176694775420174 26.450711791807834 2.913139493334149 11.499325569973639 1.667388163723993 6.900131790967201 9.756663695273982 19.007335979678551 40.222544717929800 68.078683007680297 99.229329095266209 81.113035886867721 10.623788686806945 94.360308961674249 36.497675389291707 95.801327124349172 67.713737012145273 67.781596990361464 93.964412848141308 73.511060932709285 69.354937040109206 67.689471494125215 36.779433912242766 18.764912166981908 57.956410781530835 14.588109207338107 39.860467293328384 79.054572545617745 15.871562991030252 49.920800877826700 98.392003498370627 13.576280579021493 99.451136914108503 50.986574568118634 54.314094422335643 37.690898295633069 73.201768280045499 13.919751561709026 80.419875834533798 15.881526401651847 72.795528386537868 99.503732322763554 68.496216939207983 54.171447522406815 55.586192671219472 52.839801897480378 89.211397984435848 4.679266488055300 32.190450644198201 79.948702557567941 9.500051567102741 54.031648653590580 83.250230816153675 88.776185485677502 13.404604728026248 46.387143652883701 78.588681833024609 18.217605696401971 10.664233559254054 27.571339128672822 15.499274072736203 31.885669984165922 74.571097853600037 57.097241863533121 61.618025478345018 88.013025724785223 86.663546815591147 91.677589112772182 51.175236967758117 61.966120360876531 66.609524180878282 49.358216177737916 90.627672406828253 8.502744117421413 69.989396473733876 34.047757501519740 93.954500769153000 99.381291412410860 81.964121509563441 11.197189695222331 4.216100766931974 31.460559078085382 7.822059998987186 10.254208522529339 92.320370474115251 85.800903147544432 85.377388006452961 33.731239956980360 23.515627639912850 52.942379189718615 28.058849848602417 97.232378883843708 95.598647218641560 31.733825277454930 71.656370209037334 67.268158290832218 52.691657754657207 1.661296042320060 90.554257187306973 22.976364029647478 68.334134423125761 21.638676839277071 72.394066356797111 94.388836835103405 90.915054314257432 41.706272489723993 26.467159411380546 29.639022304728769 44.725570316435558 41.457190336382446 48.449748915578418 34.148990608844876 65.632454888688258 27.191563768202688 76.104074018188527 15.922819236787999 54.706003729728337 84.750329897400007 66.221060263832356 74.253736150466750 3.280962493397888 28.775051841780609 3.024510088273213 12.377877599745268 78.376386146765697 97.597944837542599 29.075074267088052 5.865068048748856 51.786497876289296 39.826575165171576 52.956879952662064 68.995327656465051 51.006977823387267 1.094932845358709 18.036827372400467 15.480062007527550 82.524504172437574 97.397609261272507 47.748369242978249 65.517097924989642 49.132075712517640 69.381177095166606 93.296568093324012 69.786573056001373 54.463473085191559 1.122856516508342 46.830208660892822 5.485001150072211 53.916860684220666
43.316844536840549 25.032287150825884 10.202372674259120 39.543768264636306 47.920630327000268 0.326983615042442 57.000859486658229 38.944077919889530 61.808132131569970 99.404662872223582 21.789260466329129 45.128046279265845 80.623974212021793 30.168430824835781 62.113779221251605 47.668705250463105 0.833225569797580 35.675043080889814 2.196368309458896 47.975083280088171 11.782961720150375 34.310273630414457 68.847431899737487 52.752918662652569 75.579926726121059 51.944809220830876 14.520211766857527 6.306869343992583 64.296963637003671 18.857718091035270 21.989644645003160 69.379526300628370 32.931788188529907 62.734866386707303 77.864965793695788 57.488290979805036 4.494027004826274 64.086491514352289 18.792926050169079 29.857698125995025 8.879006868369421 50.584898154607636 77.430456112425489 99.270635725837224 46.600813172653389 82.043812405279922 91.202775496555660 98.105305421236082 90.687530180399690 1.321007232974558 49.042581322857700 28.251738191407448 4.442461882410853 71.038523271472570 99.574302784094172 70.165330769318544 66.421726454158076 45.051389612592153 83.747748481378238 29.624366870263142 13.967660565711581 77.853682528930435 98.594565861948794 99.415224906578743 1.069347733180193 99.682170375630932 48.729621066438391 59.964733093065234 99.501923859215879 7.768008542855065 56.545716524683890 40.389557745107005 57.735924514356071 89.710385965007887 69.222389143411860 24.994493211784242 24.937795357917668 49.574512966872533 92.866647938735724 89.943970154951387 31.618846187975624 51.844436536152742 87.012242370740481 64.119216916221802 25.978130797317654 94.468121310409941 55.122451675578610 64.300097112699603 46.885705296230526 22.758444520452159 74.159425851758058 65.604133180002933 64.137041230708761 54.375747097571882 27.020243969059742 36.588432984987222 71.950060921620491 87.709532132096641 56.603579495957746 18.497581063118453 18.077596594467483 85.654870844476690 78.236893712169291 89.134071102684985 94.615622589766886 68.151538056345302 13.714367987180854 61.445041195628249 31.375571912470946 88.853532058894885 76.216172931259450 64.409435453245123 90.282845420134308 3.698541101801855 77.662987418543977 63.147348658108186 82.438806269716878 34.391206253371109 37.230476862859476 10.133119809310219 92.366377243651414 96.190310512883983 21.360850634625272 58.086675814762920 86.026800417557141 90.201194045202229 95.533718789423972 21.511630080312948 40.993489097480698 1.060210414743135 62.979858498961384 71.498817050332661 60.895756583743520 21.680297160241146 25.939092376954097 27.060117167961295 78.663346618881633 86.314513965105888 60.165881421918058 61.747133677707609 95.787492834003572 24.326310322699708 41.715575423235585 80.837591015444445 50.709239625419357 15.819183200278598 47.631514782387121 26.265227763605768 40.921903283121054 10.768092425505159 18.601119111284049 4.164553183414843 81.307006510928275 80.085045220544202 3.780472042835470 58.174881060596853 46.677907379161098 38.057886851933233 36.954487756376921 45.037892601168195 36.617055819633833 46.098429055572090 41.025691090905028 67.173870981065562 86.791459655323962 31.413785999209299 78.235888420461947 31.590648568759317 18.542307156097515 49.211293725363525 28.126241354041802 11.250750347047855 53.602381182267045 34.735617500690218 73.818055211828749 26.405422681707215 56.782769353795395 5.779531299533680 78.719032685578611 59.293014469770789 65.224179240844464 18.469630926812663 25.910490159501364 88.779965400754207 93.344556465389104 27.489386272703452 67.731884399065962 70.442996726683717 66.822992173787483 37.456482585716543 41.322711222876308 59.192983017491507 1.116784582497665 36.639601084123697 82.101340803485272 83.919321706390974 24.194958224960182 79.917060077506179 22.869312052275248 62.467788700363954
60.443148774111712 47.233902560974840 85.732650205883346 57.237889841380294 10.455026240542820 29.325155839979868 11.967115032918230 53.300388559772493 8.494990443418738 70.939039399202770 10.610070198676770 96.001856524628622 38.647212093952064 69.615927243293442 29.903617190442024 29.772643328117443 75.591779881579541 63.247857214911406 22.290346196988263 95.223976909161564 20.008540598948866 39.606496868096855 32.664322275145977 26.261307989285299 31.569911716156085 74.065518636059991 46.052439702118839 96.484719213324169 59.149458276141530 74.329368750265886 72.872281919450771 44.724025076941018 92.400788798934229 73.549558695539062 37.500187579442425 7.715671327317697 68.801702090212999 78.634244798312963 83.823925110286424 15.320969707961417 6.824849601097527 60.314991161503251 67.193766575385951 90.379748480670770 37.463049708730665 12.851902055895225 28.973225176748397 65.325064595688090 30.989252263838406 86.767913719826751 78.953640450941862 51.254539858048773 51.761970519414810 63.119570681170160 73.817192439926927 29.321458630627461 17.585663229975889 43.204125151065199 17.066310675883333 17.310077873911091 96.771509348162382 25.434848048243055 5.674082922690871 6.653874848562524 33.981081304201446 19.346120538282317 25.032892671775485 78.047008670821697 23.444719689957939 1.412849153506934 87.664839411062047 21.948109950775795 79.435517479841849 89.417163869696296 8.799150539938482 44.821336315641013 32.779167164230763 34.244949810356239 57.950594635142984 56.225242029008292 69.139330691011864 9.226802997922945 18.974536584710833 90.075492652802396 43.390773831469431 1.753702573258742 20.996051410517381 42.752863128242602 4.936286760038744 86.274614316810371 23.770615825838636 36.014077285177251 77.360126100091136 67.501958763462326 71.265114837321761 89.458332758673450 99.722175495402283 37.144820466084269 5.935865341880076 3.807132442293371 79.660851065205861 1.909427980804834 41.887706837654790 81.831260581181027 6.423631392073348 89.372766856931790 58.289170551977911 70.410937687960569 20.951386563321527 13.624005400324480 89.949167753840840 89.546230533188918 74.669906195613592 2.318287380429007 38.230071392563126 26.059968779686326 23.972653028831338 53.061014663541670 47.518328270499829 47.360048611530402 60.054521551940489 46.773598591886781 53.008762825138191 34.345179666238003 38.486379959483628 48.487564416443220 72.277339702586190 64.726397584443177 92.646212005202813 79.991733442060308 74.268656767845570 30.010876785542372 66.248878449531460 72.355804862655987 4.599165951946194 50.028453790449021 56.713239043850663 37.393347525904886 94.860651597756501 55.804017023531692 31.585047429941415 59.624091581791319 27.335808340449784 28.724001971147541 83.404896348829368 66.640408365041864 50.451416632993038 60.534225840656795 8.218963133054180 40.683603956806081 19.101223899552810 28.522554475621519 83.750780973160104 14.213359860322971 16.911928925844478 27.172844175595600 69.093026844963063 97.857775147558385 77.336771177315910 59.796105797306851 16.980160441896519 36.827074057967209 55.691833291332074 36.426062106628287 28.427280694111435 74.090458215228367 34.634434136974320 38.626231554378656 1.504074317984261 81.058899016744093 21.544185237010240 19.333201692135638 18.292537802193909 66.661395742204093 9.736206533846437 47.063080569509275 30.572059934680240 71.028352556850407 23.554837618103853 56.604183541561156 13.728274583784362 79.727748440686995 70.537474410353013 92.599682625966651 63.669562418195738 1.177292068211844 19.068113013565281 62.967093374929519 1.257288131793699 53.097410081216466 31.104683211915042 22.344505659100133 89.349161899897823 53.690826510460965 14.465386568243964 65.708955451115472 57.330251081199449 30.074782573702098 31.244849359463920 78.409770359217077
98.111998552684298 22.104501257886010 25.877855928349781 6.688865591884918 39.227578624362671 78.647094605848181 43.375303420986775 41.635382754537829 51.593723268955380 96.309324423341181 32.536158926400518 15.432978951271991 9.555992926212776 79.065112359417469 93.890747403741798 97.045709639996176 68.999092095448418 17.392168103029594 75.476434423344088 44.737942192252248 69.405010996482801 62.193962137341721 61.594075668600247 15.276996305928314 5.792482093618235 75.481005423571844 35.276008039202722 15.831048106244960 80.324503021802983 15.536694340327628 3.548332533514376 7.428351461752669 5.881884232706868 12.163675353219737 11.152590612165492 18.115000740483602 46.036341599894513 97.604172648235235 16.349488337230600 40.017229921028388 75.384918832668589 59.438981532695848 45.604675576965406 67.812511723879823 57.008699428332932 21.169859123731381 64.690288089641314 52.817627894075024 58.072079179068226 82.290149238423368 13.627666582663789 87.779273111848028 89.565716873830041 15.617728061484348 14.428340936308759 64.493312594764234 12.480450755452088 65.619504598475999 81.769487480310502 44.989176132646058 66.590815331768937 51.694891533789487 59.940313691081805 15.249821329926128 68.374352598785563 7.097278001604224 62.969466894944937 56.514652593773654 23.847968498207884 84.654385266857958 34.943865351080717 66.044107617585396 52.941936137517686 5.644021085157547 95.849632540352161 73.175614959414474 42.098669877226946 39.503837775493707 73.363633238716787 33.506510176679058 56.530841081726798 5.235009157562809 98.167749000017324 18.547646865259850 70.538863401072092 87.764325555792936 90.143503312795261 50.846495042034064 59.015033399030273 55.069586794396095 71.461812611055791 5.559272113518798 0.666131328764552 30.361291288847148 64.059758555181162 54.822422400530272 16.377746215437273 77.332302317484533 23.794526041509435 18.828948306138425 2.923016157579883 87.287485328655777 77.690518020621269 77.185207899406166 43.215572059400188 93.004644085183358 64.213968380312053 12.530045248765564 30.970965315712974 65.894398204229219 29.393826876953856 66.074619914312478 55.334890141095663 19.893639635246984 6.443036851300543 80.416280292453706 68.781412848763608 22.985009628305598 76.341226647264236 8.362337152976174 17.993603978326590 61.977361784676319 62.344234482900163 60.302964620313993 11.125189042460871 80.840406550843880 20.722113727931834 28.510520897020175 31.373467401329602 99.032798154273294 26.939297930754936 64.033325324606622 72.507788050433419 37.167883046637172 20.066514759842235 48.810981996025745 21.928531038443378 32.191687848116587 77.050734712885017 36.401808187063203 82.047329972105786 10.726577929802605 43.232955514961915 16.452243516894150 9.295647777581307 35.045682298773727 41.378162256115559 5.458817125046444 96.251981725068717 64.004132889892915 2.828881996510424 61.927281675461607 69.116427928923230 41.124743073911127 29.805223727334727 48.207935369107844 2.289213088532394 31.689219666084334 91.713342369041271 58.319169185491603 59.180742285383694 60.206889638684679 88.254473112871608 57.250393719154403 36.757109437230731 91.503435958983985 90.125294159918653 76.169151855630503 17.948496701039971 91.144743401785391 86.527968881076916 96.630967496826386 20.728612928963596 57.790702478206335 85.352688137591784 6.378531929254027 49.364665943883232 26.407784917472377 68.146846687768871 1.549024691626188 59.520035289128884 35.207604051495636 61.140529357791564 13.704625205760346 76.614767391769576 69.616320532944471 68.794393179957964 28.267779799061856 36.969901677937955 0.668878070934964 45.507346148072578 78.767083710145741 55.455109548880735 89.134362320755017 44.992496680998620 16.020024629856199 57.457796512013303 51.040979445710242 62.319404357923311 50.372562873616559
34.158627704804736 10.080739105451253 97.508747640342690 74.704627140442739 95.739026677453666 25.555202802898481 54.919660396846524 55.401499946835465 75.128277176344696 11.844719537614633 71.983641065272849 35.003310170470293 64.886373816791050 49.156406895392109 42.513943887182350 93.207882084510828 96.929334630160000 1.907112218956841 28.353838933838105 90.554045639543517 53.955386399914552 95.966351635002596 55.211587182298381 50.074993000255411 45.090986101325726 13.634924509196523 54.952440602161431 27.158863105493470 6.658849201161909 4.307235258447517 58.743098700191723 30.999403042484563 87.367636000343069 59.987134325734978 3.283540302137689 9.071971455193417 61.906486633270219 94.249192811187854 66.175116728992961 43.162640004957019 52.236767211454719 38.410579239461370 43.253963915526519 13.578593696296714 65.083275324243033 14.514097205560040 76.562591212528858 3.789381737548225 32.523301723132590 50.537736940596112 8.931646434268693 43.228573974357509 68.533811921136831 38.830084266130896 68.212308142907602 44.472584472865087 92.583671168296178 5.644265432305695 61.615574083171033 73.445333206855778 36.466531623044553 33.161897022634612 47.454372200163355 66.525902299466850 8.364421162932523 86.940105146919862 84.335512235295923 97.445443147218853 28.061747572142327 59.711451451704725 78.419545376112922 55.121249064910792 22.613546917138049 82.100801053649775 83.340179174561271 12.204648790683603 11.887224295655797 87.743963604876626 65.914062050785645 78.963252678698296 37.695788857371284 61.612327051379921 69.284291325499794 77.332162030701852 40.180725716020525 90.906174679026563 49.331965869421211 71.535960142954650 84.942073689977377 47.481552621019944 90.153069094698040 88.498977215149665 6.184660834028143 90.071246517532884 61.433939181330963 83.294479802390981 36.817598007959532 85.221120322709808 98.295089194371783 45.242630031489881 73.118087935873788 69.711427904958768 2.970255290393808 32.894077708531036 77.844140800808034 6.635503489211969 80.960817480033896 28.832994469610185 91.205998088981715 60.022989591677955 81.812103928000056 95.557949644375526 4.267345770331399 53.330920030690422 40.323883753820098 52.258181829187158 46.918095252143601 4.511232990921021 21.100148294725596 52.343981007154362 65.472649258257718 47.559595522054288 5.473315588467997 61.221931042922918 82.028311999578960 58.241078994217645 31.995126974847743 64.559251885686834 85.658039696377671 86.979133056587173 37.590521199229784 11.917294670438071 97.384382724037096 51.419461191007429 99.346287300289774 73.424461278511870 81.548947869473565 91.298883187523842 39.551584196006182 23.997836034131094 0.992377411299039 7.844584885281403 29.149430723921189 59.805083658658390 13.994949856828477 77.673324058150939 84.338416588330148 51.963059653538359 70.168246925606766 20.825878077931883 68.450229799037970 65.463600553217177 74.062179595283212 92.590755352104907 83.094151763959388 13.127286054519915 89.959205066126742 91.176993796848777 20.482706449642262 21.062446802084843 21.890052893380307 98.107478995572450 28.415121460541350 62.653687862681174 45.585549517567500 1.827141458764836 57.050824948766852 91.894402138644864 53.427341720596054 64.993215145393151 59.096641070168566 60.807670582563325 69.147186272854128 95.771711282454760 45.031984472877440 88.535244406126594 87.970896465355537 15.623950170361066 63.553876211501468 52.199640760988039 78.933888935624594 79.359542968654338 7.961301787370689 26.501937514931139 26.967645916923733 42.948693163939524 84.717675023761487 22.682831069073927 18.624930924608595 83.985289685567935 82.529509524739382 88.271687108426377 16.573737206289930 25.523763388384570 60.717764857012050 7.625387448214260 39.555703825478908 56.418562238325329 55.606492117820686 78.067836035502580
89.096074238323894 64.041818530583598 60.807148226651144 87.818688648725711 98.413712016592513 89.809894229343200 73.528916253057645 40.327804064225759 98.155993200367107 91.246257391420485 76.286953688859072 53.110566016162075 21.378645870427992 12.653595184911259 84.497175501879539 92.494658454819472 5.530628604280174 21.265047616718736 40.368852875547702 32.708309589171414 19.944628461962477 7.547277127019947 2.538453574184829 69.822036025808643 25.922161023821431 23.641925018052934 39.932384479529048 82.008561352023122 63.940477069604704 43.385710268282743 71.681758504561628 35.666894115408795 38.375324330657222 11.665105693132706 25.290875186258976 27.948507465715789 10.940950443230369 10.766497647749240 48.332524899462840 41.215435738989839 70.924925635244321 23.927985964618170 57.127770558448198 55.954677006549602 32.464836235956000 45.513720842129977 80.339519200543435 55.577183889753066 15.733114449028108 38.964318548753020 38.770395202228038 34.555953904424399 16.808765525433500 68.595677624588177 11.729164921614309 96.887402077680846 27.650235641727505 74.903346488132627 2.785804006215320 26.370749702216578 13.778921930856725 81.684726539226276 81.561921412261185 2.608952041751145 83.648670699359059 53.095262937876022 28.071692102140723 31.174690048250685 5.020396685228046 94.789487014154886 35.842696874118573 85.645655407314209 16.885279185934621 95.480045037732580 91.500574479463552 61.864401246657295 7.177013591671311 35.492371072693707 82.501089227953429 42.454954382372669 38.851758376589572 46.754578535835108 6.319205354941460 5.645177903144727 47.639437574911383 42.760031169758506 50.437199192354157 81.614938805934116 26.344063803690922 2.313271566820618 77.236660333701266 55.637734027678697 61.709785762307298 71.469231466960480 49.470921431559148 97.288969073169341 24.469452260305246 92.041269727180605 67.045657205016894 39.138949573601693 95.865475792962030 62.375504442026418 16.341058113911423 38.088506026071535 95.260040809340992 88.257206899687674 94.108476153661073 95.306048529955916 2.397853448821097 22.507803388451052 8.550928662068157 30.584767374306654 76.828730697250322 35.085911991064918 4.616101565494601 44.483433401840941 45.949318668870589 23.637793207712065 54.851391856432400 73.598743355317353 73.506580844082777 67.492328763761805 44.616528942383837 52.781726111152651 63.227269144984689 5.787536655926672 30.144201197449039 69.658733097400045 23.768210077561303 33.197895717129725 60.630765467920000 6.874819030741985 20.609324181377652 47.596043917617834 29.683172528860744 62.580088441416493 30.769917092436184 83.216420657338276 63.186539414827294 57.442792737260106 27.192308411591060 5.647692639826285 56.065399386957061 14.177260991854412 6.051352198044624 74.260146478952024 12.443690543322994 58.897336236251540 15.770513744840187 88.144279237465284 69.331300955158369 25.298045666415891 83.975238129653405 12.309109671069528 70.527981872254614 75.931132491066450 82.976145476257130 21.273947612099995 83.334107049725176 23.167071619417801 96.157622427708617 85.854322023026924 54.234504247864223 82.043568477756622 53.160393679666583 16.057090221589455 8.879222413796285 16.485356463673785 8.205101166549744 68.634805856109082 12.393647683749565 23.930281563603593 36.018941632539523 10.715461339215150 56.693914221794081 94.981499891908030 94.103187387831781 45.151820958426626 4.396365298450178 98.542128967548322 71.051492083526924 49.911411808053721 53.330269488275171 31.109420218666894 38.416300275739204 3.404778765384109 80.660329925019454 65.820644931436235 75.056937209883429 32.592602995233236 44.808591517531902 80.536127623070655 1.477493183484890 85.032300122580509 25.920629909075110 57.083725801492292 5.766800376942594 53.049398352588305 35.045243668422287 6.082204286605464
84.018671648216213 92.385418068348102 39.227810733960553 44.200145970022710 31.784927726390222 8.606374357960721 13.760733433119221 79.543483296939314 74.521146309568977 68.311590093672436 61.262023671154822 2.463779099801966 21.829082756023453 93.115527615033798 37.210268743586752 35.087154352174998 67.721882538604078 62.831900363851346 84.609067336242106 56.028544157698512 48.449663816260660 35.937840237872166 67.082722463040838 47.671890283150645 16.560129585412398 53.603420589124774 35.206645055290423 50.938578769889006 46.774683235463819 36.569946681199596 37.300769804833855 8.695715407613424 74.611714264071949 76.974917420077531 0.801009465731528 63.085025452429377 17.509890460189336 63.262098013826510 24.842498481803698 59.616607997262570 3.768758033366759 43.735728413824361 59.698599681712764 35.488285232170412 47.965252076657528 19.235879184812287 15.433680429160756 73.863309198111068 33.036034827150218 80.527711142073059 59.857947581227755 64.745192314172797 47.543687150835176 55.392417285010801 19.468396918826659 96.227967935471298 26.818783150576653 23.177071221014867 12.096568978424749 31.560791755450179 10.316280653902643 46.554291446852645 79.855141385353463 2.340790269060655 94.806579539533502 41.075442228158579 28.751115285651252 97.322483689983912 45.221109655717271 30.205144906191794 11.028644186516324 67.635496346092324 21.354898279348454 35.721429381274781 36.855696265567040 25.265118591655899 20.905137278657971 79.407566157175552 90.319818018252363 29.558355951855063 62.228898009710591 88.769028471082919 38.681085166148144 3.818373863364433 40.625598509996507 80.467779535077071 21.939106499523497 69.899657233607385 12.590895757201482 0.379103221468113 98.512524026863574 61.098794822299908 96.738128641318795 94.604541878526220 64.166120627650187 53.368002832425354 82.919772260939013 77.685831084178403 24.505245959482536 78.073774922419574 28.059222398398788 91.513311947400922 91.747679668132761 66.762064706908347 13.443721882910086 65.102962218491243 34.887752577631858 97.049722048168235 14.752657094827326 92.433483994390429 42.374294492428263 25.410786214902657 47.492419849895697 49.012251565531528 0.804307443161467 99.916849721083778 70.704748839238704 49.979973564048031 42.586907951041411 92.548209709147343 1.364333910849402 2.690447477273938 34.151950271743928 6.590592837538390 15.272341707984483 76.934820726061361 50.857081312049388 33.145086039138150 58.177673196603216 1.062169832400839 32.167189901132090 28.476701562539063 20.521506208956641 72.994749034869884 43.755762246663430 49.994894388480702 94.670955958282022 32.933524465770958 96.423046415570568 60.167478644129481 78.474087754298111 93.904443024990442 61.315955666465548 63.366563972004876 83.053552669497961 26.304993649515907 8.836552187298619 17.739680383005872 29.502117404532235 92.854016437046994 47.424836601975805 93.267737897914643 44.316362212968372 27.875784164396865 19.001885524090124 66.604932366028052 1.987084293830077 92.442442017332226 44.532538986025294 31.714771871444590 48.920247031460264 9.694805948082186 47.026247663808377 89.452837475840312 69.389383235989584 32.165172254660781 32.311758254007685 11.145306142427181 13.882696811698924 35.340143984501559 83.467570407263992 26.684844240007465 78.277732621131619 65.902803611238696 70.963091810993944 62.727651340637237 57.994901709454297 71.673160255539869 89.098419754500753 22.081302081991261 78.976374403038108 23.990041878182254 16.014507304141958 76.910187320806259 36.881381714791736 58.942577943116149 96.412053143737182 38.434117209426901 79.036102054886086 1.020990521717724 85.790678705843575 63.522741317918076 40.781104690593182 18.934911986468940 48.743247737320019 25.711049370933882 85.824091943059940 29.910615059413647 83.873541643337390 17.679911663266100
93.373009240897744 0.048398700209584 45.674344941208979 91.935612098735433 64.139848795329442 60.853311402294885 96.838847110514720 23.174663968977928 78.399877162568728 50.265550515249203 36.003428430136296 8.684836376274541 8.273874358836808 50.330677471027386 50.814450053671443 8.227490907805180 10.713167355517704 35.048738912933771 6.005752082819193 58.107939508261644 4.410888256546963 30.148527515271873 41.534532192205617 50.518651536994376 47.262104001713411 88.068272040506812 95.154938545992806 36.453902404770666 22.608431666348849 35.395949767181236 47.046566996175500 60.698956381265901 34.191023883450235 46.785334278032799 46.607384024551479 59.104703490204791 71.687170988536394 48.553408213661505 98.002192504889351 73.069278806611564 28.533142668539924 65.565649917830683 24.238204668059605 37.658445746292166 67.764997206516526 29.037255047474474 43.382126246408944 81.103039118168795 27.354210535060830 26.819315438455614 68.262284422128332 15.027087230287673 91.287183537626788 28.290393113636725 76.954578261532248 72.237294485777667 63.527012131636219 70.186043875881282 57.778772329628879 22.626767146151561 59.984596465956166 70.495106539868871 63.401710599942959 70.900790103743446 3.504754803514254 32.744430890029186 82.790364265930663 85.152686885297030 70.064441224403240 84.200067280972732 72.094990037894206 2.373920872559787 55.338720363401826 14.020629815298735 10.895839087910408 57.912172434936892 66.243932245482412 15.929031713187069 93.094046570500709 9.387645754432484 30.928845195632938 28.574393566023037 7.488642421047587 69.300416082949852 96.955945144224003 4.747347123073453 49.225173702378079 1.006375088638434 24.795595430490025 32.790741182286254 13.204955056565115 81.424124857913696 99.291744248319318 4.134040927624105 61.526255011211141 76.307875135955200 46.245669901621056 50.257372820075183 70.648973788633725 91.826654179485061 74.520325835064895 95.691009219748452 3.948489272922673 37.938153695377153 26.889014803237554 54.536356379784500 28.419544078744519 38.241735398126906 72.899967080131233 78.718871145413388 39.705001419152410 92.012731727600737 61.719442259856606 1.867568280499143 58.398513585035317 35.064494474680664 69.159082579641364 57.881506543401549 24.086303242928430 34.457892722868863 71.132858382619574 35.110456038791405 1.651608692913364 50.710242733896585 23.363974551405875 50.444079868420843 10.842253534258839 43.412184559169596 4.796424339347450 90.354200169046322 70.056564474005683 28.722439428994264 29.873095951102869 71.459794695496257 92.197036330230219 37.750977517432759 21.609385253919054 81.541440014130202 22.547674508511317 62.870814173327879 3.882958348121468 22.512151257409773 56.070367777875596 56.163064798563326 84.023206410456226 97.901166136273687 70.894596730939085 13.517273620282710 99.156091000731777 52.949425360706392 99.930063191926749 77.189841143478446 88.020280934427333 45.952653748812075 85.657615610258063 83.738296164251835 49.807538627534441 77.022248202833893 33.225199743434743 9.422095331044700 19.382119221988404 82.174721311234308 85.700731743917657 10.813093366622240 6.233397080754621 82.463207889953409 95.436021496152492 58.175145828937815 47.653115016775217 41.307776611480421 93.368642118956942 26.820871437861584 90.147445471411331 26.914484329495259 57.769871011955729 75.597989946233326 33.882517127548795 8.190779103591527 49.310332533610101 19.749559841967368 16.788910229745781 21.320564171045099 91.894485143503786 68.113120719839159 91.146425275539514 44.682814220097541 28.219173116067953 7.509600737870048 55.025733996505423 50.420425583981569 24.754115314747359 26.320859349875793 13.096210814587028 98.836943117521443 70.094936306081536 15.269387590842143 4.558915638259686 98.988437680011572 30.645660091244899 41.151896333452761
85.613268454837197 61.547812724282480 68.117991793977183 38.763340191178443 80.724287601312952 99.534582323625571 56.781913692021526 72.719286010988512 80.407060433635351 63.969540856617634 26.444551923689641 58.110408476643904 35.789270167447171 66.067776237814499 4.687629584209763 3.777700624764380 93.982962595741057 87.100455083024414 63.306883449521443 57.966440235242047 84.935381023354424 84.688450480749950 41.311387804313412 73.587620581681762 69.709881164541372 43.126795302582785 33.506819408099190 91.397421025070429 98.518649323101172 17.494619208798944 85.258471766614363 11.267694862591727 18.810136432301160 20.123967680520639 57.191392271274580 72.413798632235398 52.974900679767643 88.475221401879082 17.953837327610898 11.230327431307895 57.487686648105964 5.614044053335232 67.912653252003054 35.348564084165524 92.664678463952015 31.954238124886768 33.039597479247860 32.986303127618108 98.026534787626858 78.441445308129587 77.329482343438954 28.663447852202861 25.003497452773548 61.120929642747122 65.139226282425241 44.499598483880455 50.118415992852306 22.012093340265469 57.113460119256175 69.693091674815477 41.729871365520168 59.143775951642638 87.642144932893601 11.879521352090816 29.960935192238512 50.672072488337683 78.335115454872621 95.405662883248240 50.744510813625340 12.828051695816523 57.144143782588827 82.158326191434583 86.973979536483142 54.617227470170008 55.110623110543123 26.394105651537526 36.783187459969625 70.994126271035071 57.824445316849534 44.150741562733309 82.334475229548630 42.271686268556451 3.726632152940512 51.705588180148709 35.542113482707464 11.705430671107598 25.877118479298321 10.454977364435624 66.079348282789141 93.918454654726901 52.949817793442300 71.443676041578243 48.316485742982742 82.208406984443968 66.104131184703732 0.691503477024125 5.435227038797508 40.831207199133289 46.529462865046270 41.720648705472826 49.300088374213161 21.175147017463093 35.846659935967637 90.936888988841616 34.344272087164683 65.390173511697924 39.539246924600590 70.525825865785649 0.544124467586771 38.391702630635812 93.452430706576493 87.142451550066085 55.443335476174241 66.078005506697494 15.645978077985824 79.713023856804597 53.363449696314625 90.112316286590413 66.579857627322596 58.224133926769397 24.820036467657303 64.854599680014445 70.184580822990682 45.890506628481319 10.829199921206600 46.636483627468664 98.255042630649882 78.759112944292340 9.136848837776823 37.067115854703978 61.255904176009814 71.862844273105367 91.620063154822262 54.689413037937541 40.053728511806021 83.455254864725887 48.409603026095269 14.570689469616649 49.056112844762282 84.996748224487263 45.191161335769728 81.052889703209402 52.154328220908766 95.296964842054820 85.862408614823067 70.327574068907808 34.991577621449089 91.058501239136575 81.175552364680343 39.543768893735397 12.812758183353989 20.038829361110778 77.657895687285901 84.837903495191526 92.487573397833003 54.638219209025877 14.921246174263491 43.977288062174168 93.752131433134508 94.212012553047245 93.043185440021475 53.262467904745684 59.201693704915137 43.676520096228465 86.098425604666346 36.022357419653829 80.299091976905189 92.653963420651863 38.917992114550124 59.865637153828658 8.082968677918190 13.920991541996830 46.146350407761972 1.228527128948320 65.823851684608329 75.071674893472405 89.326561908528220 44.471514082310890 6.166119820816263 34.382711169395641 41.477374438037998 79.550892071539991 55.949837705672643 45.314697857601828 33.599435684740875 47.497810071644643 96.507980118373396 18.669188688654536 59.144000244971942 5.520498092725301 66.058244269151743 89.023858603387040 99.934654099030624 28.780834043423020 65.131904898307653 25.015922626356790 54.381661732789453 88.267420884239868 62.881663251317136 4.807873163783705
99.865642372750131 78.601519882266871 4.449689307016891 28.209633091079944 56.793058392674403 5.950917194985205 4.241381450146465 38.553997365136951 80.426954523722245 86.570812504989945 82.609622885507108 65.235511249361238 47.535688144009129 50.073857844534373 89.920871135473291 61.224351549323565 99.520862583822378 21.640194287017110 40.665716836819357 79.031832828027817 86.631156010218092 7.744691706648510 15.612287200156116 86.914878622703668 90.550898329323914 73.888886214779390 9.366004239096149 58.868017642417925 87.129536809168059 19.357154705478841 2.389226448153137 23.671383806182924 17.125530445917690 19.968443209359897 97.278940380637067 19.370356400966816 26.448250218147209 29.354702918907250 45.807931768607816 9.577567689016032 84.326936080394262 29.455607984731536 78.466954175677884 40.587481663916670 40.895863139415489 2.454964493751688 72.579107556375590 93.871594860094703 29.445152707981038 24.241822541100078 83.736770268027499 13.440209234112100 67.699752563977995 51.241893163273488 88.137218845156440 10.660399834481925 7.059629554926239 21.755172642174749 20.061726411914016 80.910560878101620 42.534512689278436 87.419236907258366 73.850822302232771 94.963934886913975 91.196434765258061 87.861670451480961 55.015894969549294 43.507652530586171 67.091417063590626 13.212396221834622 43.970516695257501 32.524251466381017 94.253575086853886 19.273369383422036 8.762337902922013 23.459429072877235 34.434500399776859 17.261478625074545 16.382385180962789 81.079896792726061 35.255599929138690 95.430382083351191 95.071188628796193 37.952551758088383 96.483753021981684 45.448497295114265 94.893346185757650 63.022498059111264 33.046098294711193 54.892668513369948 80.853479955943357 58.343688312643337 40.725868835901103 90.219887686964640 30.954871359031532 80.976070291681893 60.547258930687676 48.094492646083175 63.230886241792980 44.750874438161794 64.708801679653021 69.955355147228673 11.626772422188470 24.218997009576370 43.628160299028842 82.841638003674447 13.837714961540248 42.289411183349259 38.196064244443143 96.829162781110981 87.301428138324084 65.357152796124993 57.883388804752677 84.549913058765796 38.855649315380525 41.503496329861953 85.948446432856755 16.902023967619673 53.319598641509316 77.652511767287251 0.028218873833874 59.925302274290374 56.313372800340964 91.770568069576726 34.098303430209533 32.923400162414076 3.589730602887886 30.434085993237879 96.054596873952377 64.833232893871724 98.720625414168779 89.934880740437919 32.752482551488463 95.135296995625723 64.509587001197261 35.863763980246013 47.091092078488614 48.860232957653196 29.981459447342473 82.983018021058925 85.246037781762809 55.501147943871665 19.183918528807787 10.244619313290215 86.493011886442844 49.794025336547122 8.610080208646121 85.379177694421443 41.357012674046480 53.207939882743347 32.111201315939496 19.398163112220356 51.828468095000225 64.588752138321937 99.293318765125591 62.527324893183348 64.471825223642099 64.057948967395689 70.383715045285015 92.759231848601004 55.001179173850311 49.619171727593056 84.550798442631674 29.541889280195342 14.501660107063563 91.747021013111919 25.077639478108040 42.240995693935446 99.358534594717185 64.217943278322480 31.597922359036566 63.848487440059188 69.463898010550778 51.835869441737835 49.320311791134777 62.952013959388239 64.597603703847213 32.397789722662694 30.782195780533083 12.745396495027306 89.854588965574990 78.248022585149727 44.206115271567704 15.942886968510717 29.590655316765655 57.648456532401227 5.574151727070809 50.581831398410102 93.446312457572859 26.289587822066874 65.779095828458011 78.359195287413186 90.403375690466305 83.364557362665636 11.804963866212049 53.038725841840019 27.345106706944488 55.458272198266123 87.874887364068528 0.636427713833476
49.422211535920255 19.842299839385412 22.222166252297370 9.839721392918488 8.939154731044773 87.995495046471149 41.568256637756477 78.682456949683527 73.899110225187783 62.626194704532779 72.761701534752333 12.153067611916502 11.749550256985607 87.904435482358707 60.332787582529313 50.438438796928907 34.648070614689587 97.279965397490869 51.174939969522782 7.583528779349402 98.652176823372173 65.792869371236691 93.529387190485807 71.325535782325744 79.167621379435673 94.939372137905067 50.736131164640256 84.550510611307189 74.539480187185617 64.616810062190396 89.545746136287292 72.019457060636469 48.856204202216205 52.220651434814371 91.803576734719343 25.094507370110687 78.902392620226209 3.473469569024012 75.693256199436632 64.766121602603462 61.443119567933671 77.174269703155531 55.175112842281763 82.126367913780129 71.399300229196754 70.733031135617949 85.587970575396739 47.494525567845557 35.671412748932049 80.314500048911952 91.470346121342942 31.827850658199608 9.774612354343649 90.093607276241258 54.452968076915774 52.030090770321415 64.139239465662484 17.464428632010542 1.683738835462290 84.774224346096247 49.499711106770825 48.436562841232785 19.391835254768019 15.076000933799827 65.957366799781866 54.604709689234674 71.054625417721354 87.325375616150666 52.861445712038112 45.963841265354880 31.353855435478760 23.670433428628158 17.523817227281146 87.148615091657746 75.874641361554723 7.831753308613198 87.626199617570947 22.662277570536137 48.885590048680108 65.092032565061444 8.723257160585963 43.532215277185458 62.895394229653611 60.274309533632788 18.307613903757158 15.998851161398841 77.265117841350261 64.243276723641770 98.016845245171609 27.081526584519679 33.338991967984889 30.666003229570681 96.402493438787246 31.015876909778552 77.733958724884403 69.507791431255058 90.445551087702754 96.365792404899238 80.750594417869820 87.306115058666705 15.301800389772080 43.828554104044180 64.974520421088712 71.804239784946162 57.427895753139836 67.479414711397652 1.950246592345473 76.533829310566986 95.363236484332134 21.412926341530081 80.271627968110721 13.626820327244848 32.410451172681185 7.942751954016380 43.661961442571595 51.379549268314797 10.989539570387496 79.677306151065551 71.771309322750568 41.045992591021530 35.801785066460091 5.767265084931450 54.090546148023975 47.883363356731003 88.959558111437715 43.364973422224928 70.742913118773373 31.151708318212059 50.769221437133140 66.067311609035144 29.714159760814574 28.065216434387054 13.661792394171634 51.246305924352107 1.044992070630446 10.875300920416020 82.381865990715454 78.659995054376836 89.104171989253743 4.510601371226441 1.284815179622589 64.035179637124997 18.684721148110473 58.457240894940988 48.002343927480105 51.043800051653363 42.175535903116057 16.454710596729104 65.079450191338182 29.716247987227206 25.594809629162128 3.363636397246039 60.992304492668580 71.570192320192334 52.921323791018573 93.455813712766044 36.710053893340024 54.351529165409453 89.551822286269839 30.200665504579526 97.403234863252862 57.746396526874520 28.602947353839248 41.611818946940083 45.305574515739892 28.907756950067622 87.747644717168882 98.820195142131553 90.170692849732347 85.295354395212982 61.544629963633923 13.255111505130079 46.158087876005560 22.414314203964970 5.460215082568965 26.017020388908030 1.068164761654100 61.828104960561546 31.239898335710091 72.416286007788372 4.855433546209442 10.979753890462952 13.030083432547791 97.875395351172443 91.845790727989908 88.240149337525438 53.751196867400644 28.588703866263732 66.369764241737357 64.099246875788893 45.929631835104537 43.210890201591667 58.583215040555793 19.101288318265418 14.399095750880530 47.973581180117165 88.486808363210372 60.338507460099208 57.653235085026097 77.092158500044022
96.474622868712530 46.486397591210014 56.062285633952392 4.177431533622822 94.290805749554281 58.519576285583263 84.438724364166291 46.090373060881561 8.298454026615175 59.145640658054830 0.202689349957186 32.208138846456990 9.590095469844439 40.764478481745414 31.677336526564549 74.903258908816156 17.582861050239696 31.053628769557207 81.026103896730888 28.081573918448278 17.495268039059685 35.970155457597699 1.996687548219500 26.683943108594967 45.329137400627687 22.017570955542844 32.399340929800246 13.113848954782249 60.369564003801045 86.583356795666404 36.200047638925604 12.762398363089178 11.044747216733363 46.578722945570384 15.923183635259530 67.141960959263329 17.919729841434084 93.973636227379032 45.952323293693787 28.278916728838986 61.905310459109145 52.327817373472705 39.185361459537852 22.349541874220748 15.836431795272865 77.662608167911102 26.832863495280268 85.980438907822219 4.085275810215061 64.013135580188731 62.249687789924877 29.289129532484949 55.678887165248817 72.941259186311555 67.959742249544263 84.734707124841307 96.661922256420496 74.229474479874114 33.427491995056059 35.400098997306117 44.475430515731261 31.903505356382134 56.064527721566563 29.420594633034746 27.429320436144366 58.817343129140035 36.667016208960078 33.112806169334206 86.968765187494981 11.318294091496629 22.560986500632009 22.763779775033722 42.350701075015031 94.240974136528749 89.805346727460631 52.854515653046640 54.682794404846824 39.427274278886578 94.631353230915366 44.615183973825012 5.330276063404060 71.876447190278299 50.695271991921665 14.655183806695927 33.949098007819536 94.089670229329286 38.414548062620803 40.592519867777440 36.075813709115401 99.315902538305139 96.791231150032516 0.591723019973578 5.989402719577697 51.774422818382149 68.314366204461734 73.943033805088618 16.743764588882037 11.908483115955914 48.962477434927557 58.558421575576624 2.713313503472359 84.625016602340835 80.287730318455644 77.676892169377211 91.110275790228428 49.520693855558441 92.864404807973287 96.376059466732841 92.528492406805867 83.076117985218545 99.047403386055450 88.864599958675711 38.425501810269857 63.938359369270422 29.488422683293646 89.552988137704190 67.389306720160818 55.939835401425910 13.506773296071483 74.751718576327718 13.500326267447527 93.700555777138177 81.710674124683763 63.999767394435160 37.058216156419753 30.841592122712591 85.098843583265761 54.031611018891724 62.184146135846099 62.562050509939660 31.396794406137186 90.586196938741580 78.017975327040773 93.689365975247000 41.928072658707215 60.640889400892739 56.792765598654491 3.920121188050840 8.806731626680831 7.360192727181792 10.879568530900208 14.227212602654726 68.590788155840855 29.517455187587583 76.937163488266776 93.111219898050933 4.406025602010077 53.019289748491872 92.066898437866428 10.321020247217138 44.341920457416393 93.570201083934805 11.575283983501306 86.333379519845266 44.806707428752354 27.197557684742545 78.127017861303827 25.581144277960998 78.338991445423616 24.391582994258552 32.042190814259307 51.999958962865136 14.672403714480053 86.240175960853236 78.001695050810810 93.187309180544560 53.643914687086422 71.205150776708720 89.723523652137004 15.150267622971214 59.916083012669333 33.003764784577847 68.128648959688491 56.443241394182394 29.364319266138516 19.137867071737581 49.360039403173353 12.690701190671971 15.819268138436049 36.460724209235373 60.293740033010543 90.189801481213010 41.474425696707208 84.011871865244785 67.210790687478948 8.604558039724896 39.007082571888432 64.084604129946186 41.758208253469121 57.344013021203835 92.132014669757481 45.851415021003163 62.768876529628123 67.898966336553940 0.039635730374366 58.261215850514290 12.893400167504410 12.895244782368653 29.188499077432152 20.779005172325927
94.545230775313627 75.606660357161431 67.544788194353117 95.082116061975626 47.518181308349696 34.467625260459712 13.589940626335684 19.820246526534145 67.057077362553940 0.100310023767314 58.554869073887048 63.906769493461780 33.903539236277268 42.001571731718400 99.830447294263593 26.387021146731104 2.088333428544908 65.242740193146446 91.889274073086469 98.205770058909820 63.115920835017434 71.779885617393475 22.774172070334487 58.816278242419408 22.599852056001023 53.564551556625403 51.899861296282012 19.330716192529639 72.753570304359599 67.492416493402885 80.392804670676682 75.932044645237582 63.241400038994513 48.443132248988896 11.715963052722145 26.476433186604854 62.910769406559567 35.163426944936646 51.645997002675372 8.808697154735402 70.491936406076121 9.328309161455683 85.407042662707440 2.525915869127671 94.212888822961688 73.425529467217629 27.054970354702746 7.784485891687954 41.223537634803385 57.893202389614132 60.573382016627200 29.731359047595717 17.684621361064636 24.718519475719891 2.605608968748319 7.424067415366142 90.255269492386176 42.136372625488235 75.912368476231734 69.817301544874269 72.864662791658716 98.238362137820360 50.864095435192958 65.954702968208451 70.647136072773151 0.302610128696623 99.885913354853855 3.320438621314359 9.066183298918929 70.315807861462872 51.301426838263822 78.621149852749411 36.024943819870572 73.205490870960475 13.807692029697971 91.908407589537262 70.884507649230585 14.242391513349162 5.358352938497458 64.439557672263533 97.120854672280586 52.775772728608594 98.205970364202315 3.989293049784393 58.925697554364888 51.141516033156741 38.846183179367557 57.394870607217442 56.928202645781369 73.016186670542510 21.418872429947921 35.922002264019561 46.062900878124694 82.858767112697933 90.342266972074697 21.683404284877351 51.344817157675735 20.045865111263527 69.400922825509184 90.357921658123232 43.261989288820999 56.279938179666047 60.788805478458286 26.332614888962922 16.772162448571692 45.204933260700095 72.290076296184324 97.685535307405345 57.236791675576846 45.484568224658794 54.367885109488022 45.759826358157916 18.827305993336562 25.370555398973870 4.144617792865823 22.627943263994354 72.773380487439667 7.246399697231576 36.116193425527896 98.268937939077972 2.521305591148104 32.470730344508183 25.102321121309267 97.277413021868796 84.539509409785097 20.467217573659980 33.830603117039949 49.636046498503930 53.240251711573116 12.041558870810897 7.198887542179266 66.122596946952626 93.950504463425148 42.564199912145675 1.972440615217741 44.886046653139722 85.588374813814696 63.336390119205809 19.893382698457518 67.596794777915704 71.807933209321078 65.804038050040688 66.291770169428503 42.092406226240172 10.918344940813807 57.509665282861143 87.916135988115087 9.190611288613260 43.773675113821398 42.275056480392500 27.432404762561614 89.104857071258152 66.902362386284281 73.798115743305900 46.482667231077293 38.002500293681507 20.738872029401236 14.201311292341135 86.961592345972548 38.679656951769218 56.771939338203602 37.303666550407520 11.066900332324547 35.239702264698160 75.974464799933500 65.737485023187176 78.322668631363143 35.682689080906457 9.574461509759512 37.950474731606974 17.459223274997527 87.508644468886516 24.606640273050939 66.128375683877209 82.428406841525330 31.420649507054264 23.811498077930704 70.104917645988323 83.419882819053413 6.594676458267024 85.089015592761584 36.608076192235686 9.532723355115191 60.220577663919904 0.098955659287026 43.941991419997514 92.571699073776827 43.172086720415251 95.560773219616962 0.600124091354726 27.507759393791599 51.440919358718808 62.147934020807597 98.476468182612194 75.233651616962987 50.891556401818129 1.035917181067636 80.120307648319965 8.763510978355615 55.746771849494117
98.731200441864644 28.813112732195545 70.577998405794347 50.225790070900153 6.675906992659453 16.673095488672363 87.469888381607291 94.632213630320365 38.342593960933279 55.085474510198473 57.104874423943301 89.118551113889481 95.422246945933935 59.994729354116558 33.367635908931156 7.914012628404410 80.154453850308073 88.349918834338084 16.251320752276733 26.931306178990887 37.747520826244774 71.056974448068431 57.440731217808796 61.395467761714904 20.728205119243380 12.223439754782984 33.332067304720546 65.335000281608259 60.165344019828673 29.862635003625837 33.058458043110342 9.842909178360559 53.428199136536762 20.339616911386926 37.579488520967409 15.365913318290891 46.669972919557054 60.524253319742584 11.246873819247938 74.247395777832153 67.461553454883841 21.211011256118752 11.066074715853214 9.500388916379121 40.128839060932563 41.907397208738871 99.216193938869139 10.943992740781194 76.836269140055535 15.233788935921488 96.286165752905603 58.772193447755825 89.474216403733365 16.981162231768000 1.193127916209669 13.013335199950216 11.479546677686358 87.610536526772734 15.044555065071396 62.959205765434788 30.134799944200029 24.556269159007226 90.036310793454120 5.321222783364998 75.760869878536681 86.672770534953003 80.254242330175416 79.143599424088904 58.831403029490126 50.761292297709339 51.907448483952756 67.230156678076369 29.244883832781088 17.058441290934358 32.587917363914642 60.020883036864973 98.285034069230178 1.384680686177731 16.344451589954890 72.989934325090360 61.792677157361844 69.946220053329853 86.359599533302216 85.955026560500926 54.210820594324318 56.792493090518256 27.122285487308318 52.996291243991870 63.820042519591311 88.089532695786716 5.791949400438934 5.772369825031642 23.010830806805018 50.933684353477396 33.843987051833565 12.709454496559536 10.141572402859744 11.186622483824637 41.036970099112160 67.485600887419963 88.744827923160372 19.790643189536194 42.656427259480267 16.903431444351934 58.269547649778588 26.646691181441618 94.919306203229354 57.149252046683294 68.004526174271859 98.303654790615411 3.723718607088922 10.192723196451270 91.237340761623415 25.186080206365389 20.713668183337809 62.057698505459356 10.611572012264025 19.364796174230371 27.379064742738436 91.572506197280433 29.732750971746913 17.611175008096502 10.535477055036980 53.508138535441319 38.916417417377744 1.067758893838422 65.289805093235913 78.580708977572357 41.047248508233089 51.722793415019929 22.832597968749724 90.592394819779827 6.097421039081841 26.777037645936787 19.565380570125303 68.392997626866602 25.962242784982557 19.635624777480189 33.079415186153568 69.480678652176792 74.135185779545040 56.619808062425172 98.774328879306381 1.545172710464338 94.797939371021954 54.521185518697692 74.367137072385887 51.864301322275722 43.717433094525745 6.126846225705651 50.044294990936180 48.021262790096920 94.671155906830634 37.924164564777449 24.501506895471902 66.048884688490546 43.252937791834398 8.855355956114719 6.667300606851978 76.027692683113443 70.375984658365013 24.374746465721074 73.661295117096657 49.293137827249268 85.648271548254982 73.397670382803355 25.143753981923346 10.529730372740486 73.819002166078093 79.897210572934526 38.002115175783047 49.957194448775397 95.309656581565847 83.047523658476877 32.818504104953142 60.448974518305157 46.992385992733468 42.399168142727731 47.312163889165461 59.485566877504560 42.388254779119329 56.467314440712322 85.185084332641921 79.141761519655930 10.561884420381118 81.753357988141929 21.946935846797000 11.891063852135586 65.014303095935574 40.843278944071372 14.927343131889392 98.138406030834659 74.521076013540608 38.371719270751413 94.565236381034225 77.746675843718123 73.259787204403324 14.512313302268476 84.660417854597824 87.619022394632026
61.035342109363242 78.166633183515415 33.251168336517544 95.900721127859640 97.083468820829069 40.269440809890114 61.141423090502713 59.392004123352670 47.433818523867288 8.920451716296974 41.555621837573099 24.626928681772142 99.744653582509812 16.656067991845593 95.463573766844007 17.661290702500310 43.223265754516824 87.022273315144190 96.685220203104095 36.281204969124936 25.202864602392605 95.260767679316970 68.638035102820325 17.042640602091787 2.679501744691593 49.547021862324527 5.599421480562993 92.554779135637020 0.815392421050343 13.640450813772775 71.455157955571707 73.401165697817746 70.012641350418534 14.881645956893086 1.906494996125430 19.252780675639482 93.856866569710945 67.044485804660269 36.242950658639906 11.243851605848654 51.322526607342411 66.013947849345271 18.045389068386587 92.529579738468399 66.544849541033230 51.535777909871797 83.186272461175676 78.328659510879589 99.624445264236186 87.847224680295000 81.954889134232801 37.922414200061269 87.079960379850519 77.379071622394562 64.542538949775235 41.656998512570055 46.805021304364004 18.184563902137342 60.466947081570645 62.290621207671435 41.287900548456157 56.598487438166387 26.657893951700906 87.014059290642066 96.788075231072739 27.798753316006085 81.580299235722038 40.210100307879117 92.619362880844818 26.683883193636181 12.055964455050450 49.669683030848809 76.859885143842178 70.906728517876971 74.968340646462011 70.645697475226171 45.376569629659677 75.062258226950590 39.435857089069096 74.659773232349352 45.197426044018009 27.938782836206798 20.147824549674421 5.698241792800685 12.449780891607965 12.099156864604799 77.852228845304182 38.659233529803586 8.889034252086581 17.455795198481503 45.955249860293478 57.069887804287312 71.817704589640755 52.233618090855927 7.741833462868697 96.295283862983297 47.585223182023853 66.851691247754147 5.216808855741228 25.983462384023483 29.908585509000307 82.177517639227688 71.547352615531125 14.267996371031799 81.162111261236959 29.284767036705528 68.378709556219050 49.007008072310185 6.536386290085650 74.913268173910183 15.337730638347546 14.932293576393107 57.998631216875886 23.309878736977140 56.242125576083815 38.547127762374281 23.869894770295275 86.236301249925376 47.314443651734059 2.054927602729684 6.852122921422232 85.500734498143515 8.420888567505679 75.698601885625152 28.191575408177126 13.843821869732032 59.935930899793696 27.523723438146273 62.080366567363107 49.024436289227282 87.707760331512048 91.867248540804141 63.718777664011505 94.098905813319149 30.586931662060657 67.090372737404380 69.932518045131602 20.311910019395963 12.377049065109002 89.499823717927768 22.415223017871433 11.779081030682326 78.733270652485913 84.237979566166800 70.861258516467714 34.723669314374625 94.164442398877384 94.099479620478505 20.722956020660899 37.562562028729161 42.897742716768320 41.335717824382392 47.778525151886484 87.561965272213797 13.780406495133391 88.291126486182506 32.601043622993572 2.761457735737860 67.771627164502846 99.794151955753335 35.527440321202462 45.888512821332014 1.188341077864941 14.206808045786811 96.720752585184584 44.960889816724666 35.943255080342865 34.128492523948339 36.601163922730784 31.149219466142043 56.535192176795157 77.391391995057774 49.850214014947845 49.980022422910849 10.707400099966302 38.604356585911518 54.202167518665632 92.325152577463939 47.030886013796405 78.524000985005344 71.860870622293604 52.172042769310814 13.615277154610206 6.052657070249701 39.516901039485340 85.723405007809973 20.529167298463214 60.825901163150107 15.720971275057337 74.299163340084434 0.418482281533539 94.163848360515814 96.296774623008545 58.877894552635091 90.240306916822504 51.642588879420884 25.094032993247307 82.836505346682912 9.752887187266246 83.306294229344118
35.052240479263375 75.918304085251890 23.873280358302750 6.027521343634168 38.542276476894976 85.999943094355416 15.171573687931373 79.567927059801974 23.484990800102455 49.779033147334552 8.873320003946628 82.626755423876602 38.540535113597720 6.367549813571383 67.581562962612253 10.160278837059277 95.129611992633130 78.808735688511177 7.919491052553318 98.086964396199448 25.104599426179675 82.360787278225118 24.477103679431721 32.670111730713572 72.584323822499044 81.734852721991075 48.311842061607550 75.497630304424149 4.489559978433966 18.490832639983822 1.735016587291016 44.548505926393076 56.070992258638398 53.175849347373074 32.239725275808873 17.795812442834702 58.169113810389504 55.073391948917561 10.661238031273790 91.943038589012104 83.110456841599301 67.783309831082121 55.297674891981430 62.807877952478428 40.396340419641000 28.063684829573432 84.770642837851767 4.741482522551999 59.785937684443837 22.152275238075426 74.159687332017270 33.461629986034922 5.243306526571823 56.410771641842715 85.103640387989827 13.791424019259290 43.991871343505728 89.233130883218294 41.569354977255266 86.516888132392921 4.749960804514153 61.060952043029040 29.927307689469995 58.718107764058139 40.169409403617507 46.606669317081014 54.258555053579336 27.954930668976452 65.930914965142861 37.097673507779085 53.763372319869617 47.238443256788742 90.053329396158460 57.448128268275731 72.281025145317670 80.216641658298968 14.648153021574206 75.344603815606277 44.079266576912154 17.362451958572013 95.560289422991943 86.680585656855001 41.143420893668171 58.608074621185715 7.374868949594349 60.555715992003059 9.732683945821174 34.832251080316226 31.453894423759955 49.449946463840909 13.606489528228360 71.157327146236383 78.719746238595505 57.220210641345737 59.976459383851996 87.942553698792551 29.546950888836754 30.818158126134044 24.734949463959833 94.527823431605611 10.217901945146412 55.833415402796405 18.012930767924086 98.851402640066681 80.553176824537132 27.413754747695272 67.746049195176127 47.520063851462581 37.511045229770765 78.883715767265116 43.504181207934543 20.670815997874435 89.836281230651764 67.343333370483123 68.842305393032873 30.093642402612875 54.202498323498901 9.935389441852639 31.302529640074074 23.799985980145287 41.676905636152362 21.445214147453285 41.998781772642516 94.773125980208945 68.313300178781006 31.235626932351678 69.338607390067509 39.088569010077812 17.022783817756171 62.074701065978253 26.611276129378460 88.408387195540826 63.843632645578893 3.667698151883669 63.567473996237837 46.307179161847010 94.919775429915020 70.511650203143873 97.449385786688637 39.263776665319320 9.489981843177485 62.347912230542235 8.195123755308597 96.900876564339811 15.785899748707365 55.303740553848925 57.691448944009373 25.561354457275232 72.893159925500200 39.405711070889367 17.780618363235977 90.787783825088866 19.774304486095950 47.760039798931551 54.725396481999525 52.934929879700299 87.804271184718345 8.847295198409510 3.035891254023637 42.390069644998228 73.982211621526844 53.934941259060508 33.225202779311303 86.448535114038194 44.044670635247044 76.283976278742585 47.247734191827760 46.772484212620355 42.201611179844669 1.189335152396309 54.773544304861801 51.508120450375891 8.994442626155653 48.571680727996899 46.043174073799818 90.134161657405969 66.182144978372605 41.035886833812171 72.971668555915045 28.976249992961943 79.453202824613768 24.927474262084470 4.161997272941065 4.414716732591084 78.920155916513309 75.788810884814723 11.800829327287410 40.447083638673206 87.715830104379620 48.134509932054648 20.199759521036519 79.604367347069342 52.018605494771897 17.912334700354027 14.513198582069453 36.725106544838027 84.379808357692383 16.751251046336748 5.539677430761769 0.536741945411889
81.287659099218558 29.705405754281156 12.577797908440102 54.408659784615324 15.402670089793681 32.993512487079435 1.198276859916414 66.815686355552742 71.080515023216478 25.108880889253303 77.961500309008784 97.469412076476289 68.919273556708262 80.893035837509856 12.241299115495552 52.157728213901386 73.014864275748920 9.391532208509757 44.440475674249946 10.934139444511837 90.746467808403352 38.298866888168490 92.886321522336843 98.367353481132341 91.552090919862948 66.478976835232871 14.037455541565391 81.318127029700378 55.752119705653747 91.746513711874428 60.686172258168661 8.147161403881519 68.705066061178726 55.241009981474519 18.877697702645801 57.311338184082295 50.373885275333727 18.606228884352525 53.403706980300925 23.043759220297844 71.235482035732701 85.591259411310944 25.664934156867936 45.992300463168235 65.342999422746317 87.097782161616493 45.175849494063684 60.128299289480445 23.591991846096704 7.349638448536544 35.650253897328554 1.680094985977709 75.085307516598206 88.503700660785626 94.356189181034679 24.508866160232202 41.429186082780824 53.040214904178086 33.916514444686641 69.163972150235963 43.831530896754579 96.344322869563314 29.002423434195023 75.082530941546381 6.780519687392927 40.785900470484606 94.287560706400015 90.886250897126075 39.803862175968554 79.712211596141231 27.754856544493723 98.613051830932733 74.834999298340833 94.994030675305353 28.224244076095783 82.780320210002898 64.096420881921944 98.715943354976829 97.022372021782772 7.558550470836833 33.977770529924598 65.379955911895877 63.554846835258239 41.262467421663082 92.350414410176640 75.345753447542847 17.721977185411429 64.784951308083876 56.562478728351152 38.916209924338851 38.756894922451799 23.065239214975865 35.273804053112542 93.032006715236975 40.238904079002999 21.468646016016546 54.216651939066438 73.552531115777981 14.144801459098243 2.585911449586065 47.179446421114605 66.444788124340732 33.833017580009582 93.706466025944806 81.826015673503832 3.585359075129591 54.424350790911468 7.720811101502346 18.269197129172543 45.857947093054150 93.440042449279943 37.936351671511424 38.978461310629072 94.422347249345023 15.378290621042456 77.669483478487038 42.117943809052363 13.858584726403123 97.133253160811933 46.578592063365512 29.935002258093768 39.866501592757729 46.558297267948646 35.239174518937908 11.402528730467122 74.820293476250413 63.243052571534385 39.984243418366042 52.243334778010698 70.582296985534171 55.390555370608965 0.422652511455890 15.738915526905151 39.300064602399765 20.361036847918868 44.431922886999153 54.715516911018582 68.714023198172285 18.447116901853811 29.070538718769747 98.089741359875120 17.776262405165976 9.087890227356588 72.130310513572070 77.638352651800759 7.103780847375996 89.975557299969836 37.875183008181388 90.289728941953612 77.650682541709386 49.614790995699757 50.453378305615274 99.685960998200457 92.543486560378881 29.196824395046971 94.543278673295234 33.473371033130974 38.305540593851447 25.693128668641275 72.426874201580077 5.691366615702798 19.226239328648418 7.757840198372190 44.288844235996585 2.205275192689071 33.142460530203323 5.840838717020214 77.445261985050749 82.690103314052848 73.179139912553026 85.100210941971085 23.529892189098444 99.103958678633163 25.286222206263965 98.881268050507060 69.470178464881855 0.187456545642495 60.826291101018668 56.235887858000297 66.943209965683721 59.302106083944913 60.625196180268979 38.048119631681232 39.090966086551568 6.578062339245882 45.143343904732568 52.406850466666718 45.094306926183236 36.536129772960827 16.333596690228415 98.012342912599777 86.742318674009141 28.846752353952422 50.565533484593274 26.374731765236138 68.694041771793096 31.144524385020013 94.991392893291675 35.794973129467323 16.758565752207723
53.197798505493665 31.796709450877035 95.194374436803258 53.248250577869037 67.302941954210411 56.493787039425349 15.179643235121187 16.996640667748963 86.210215441487620 7.624828519895555 86.833884303192690 76.341225919168281 36.098234971141487 55.476818254133640 88.457044523469904 58.782472506992967 44.578452363220642 63.734308612357140 75.529288999461215 69.189082702172740 77.274453827782523 56.082055945215394 85.009114854025484 42.288326545136847 66.267636230847472 82.566613350400289 3.888381408731700 49.980492962339319 19.392147052670072 22.964627370292444 60.415756563045463 46.079776614914735 0.865412461471293 83.742242844447787 14.997492153753145 44.100223620837752 4.640951983164698 27.156790269962862 38.631234831359052 86.838698005931064 10.686268639031283 76.591349277207797 85.492785584443027 73.246611128586153 24.252401545958481 68.829154330491932 35.466887145777370 7.117303662430707 4.748964589051430 36.583697609546796 68.118579405680507 13.048768253882415 16.791222588144429 60.503796421785502 18.174921770622120 16.318579115221532 79.054727323717913 12.282116844017610 57.285714741832550 21.010130614431976 39.508546717894767 43.131936331508882 63.413841737628253 73.048364416369878 63.966889053820196 23.206444874052501 90.018140523936310 39.369799669513853 63.872948923614835 2.880086930422432 19.560015433793019 58.340121972995462 10.031397305930156 11.032184102464415 11.718662360486364 20.994681721747188 60.855122706680554 24.789395942858803 56.717589909885703 88.830135514072651 24.196237872727366 82.289467720825144 22.742464309158137 13.636789372176993 99.356809125566087 87.066793277005246 86.938672613004570 46.492716506843493 91.000309339241099 41.548265517926772 19.054410022644774 19.096670689029661 49.076185530286210 56.452451663094415 10.301921782510949 14.318077628341131 3.978535177825271 8.880948189485871 29.554591948990826 19.659607311346917 38.831776698787401 15.502766889539799 93.514845661001516 83.564063175984998 21.446083905650259 91.548677351570660 35.308083908144205 39.637654567928408 39.577657787336470 58.038793328341121 74.146359138274349 15.564360266914633 73.306889376987158 67.189691474400931 43.235179719137271 5.880168306374878 84.600368653780407 86.722916440860885 92.814591904528754 52.983697533043625 93.546366433551739 62.762371324146869 78.668963867356055 84.219159461579324 38.997156518450851 82.730653712617240 46.540248901002968 98.585119640022526 61.653538260079365 53.304302995289397 71.409459709684086 5.634269288479321 45.315507183604645 1.115834564299933 17.143881512557545 90.369318725317754 92.053772284970336 78.257977668430669 15.864131592440579 15.034727990451923 92.542759010098266 29.575271753102893 21.330897054370158 98.234471025512008 65.457613452466887 87.368863350004602 82.568260841525259 9.204210140457080 14.647788739414469 60.667347077809687 97.842978386425159 12.485022287903558 53.153235492137995 78.720340175495068 65.093840956453079 75.506261809625428 15.720431107646837 30.192795843534338 66.291233920653042 49.984462051524105 24.354336866566939 60.611719055736287 52.746879286547134 44.165350917284407 40.560787430726862 31.597337679022242 92.108553349959436 47.727665658158081 34.918103639386985 27.717885968202694 93.259984309948791 25.124123111405481 58.374982190164694 12.614851139861049 97.105273803331244 27.236492325618457 95.343150287122143 87.816135810365637 35.994363516451642 43.810748614288009 48.108095891421108 83.389258044476662 99.661925129946056 39.387142219707073 53.126592366634640 68.902079368386964 3.888185896221885 58.444498577010073 16.480618865634867 52.862469662450806 2.149877362212294 49.888699023245309 35.170863642510696 64.912161376254474 96.916303454097232 78.188992619773330 78.673945106526034 61.606734184216364 86.045541485207181 92.668762034337718
