200
89.149558675743705 50.547130226498972 9.698967738970044 3.099220259711621 60.351762025837807 30.016669570674726 49.955621141563746 98.933500285834981 0.900743916097402 57.960917536160792 73.119839718150331 13.828913253053621 29.012257517546679 83.254216963768584 85.900553302482905 15.538897521611760 21.113895650022052 47.256451007116127 91.975994181917088 41.142194242524468 82.319079936110853 3.621773303768472 15.639025566453801 33.276974203996112 11.676395294661202 67.037576908874939 80.959858769860446 96.442770669046823 56.160711690423817 90.231737437421174 44.661276154277708 18.213927863631874 11.909292497624946 41.868125659547985 96.392209766814162 28.814318578739652 30.829406786469214 58.358341303229977 20.331200536481919 17.021533791320596 93.758590438376174 72.393851680206694 66.145156139267442 63.671356319658770 91.777018021613515 22.244315672261827 26.987691783986556 4.905035921071999 13.675228974461717 82.285908259721651 39.542880048356231 19.579611942350073 11.164433507735005 26.440339179830342 53.858878356007381 56.548848953233431 88.951571941329448 16.153136597469377 90.198874843210234 80.095261356066999 67.859081243605630 68.579801040888071 83.386664726255447 89.118903397528129 12.910696112429420 61.954492927630902 32.856560255783727 76.313893745849768 65.774949982035096 47.243970629031786 81.813246713682659 48.454896012786165 78.882400258445728 88.224504587131705 80.508691908086007 51.816886223865353 44.477068385658015 67.346713422825744 97.573390446523703 37.491962841445400 87.941017013626436 49.987731364843469 16.332228158001094 32.471834721756267 39.642106661139586 21.265937505722810 36.744312968625593 28.422913217484101 30.078313255248457 90.048012585836162 36.327389118144474 93.530988066331190 60.439863487966186 95.590772156034816 51.248778254335505 18.414937342585212 72.340733607329483 61.981655924583201 3.606830932849214 43.974230557495275 42.269010885031975 75.374025869362214 37.880773454130271 58.310154297518999 97.379890087856666 86.746439067400388 94.079859181344474 37.545397189634166 65.949806206480176 86.331826963802328 19.173032208389408 22.872652547632310 53.821468070528368 32.663962488377720 42.133255868306463 61.598463376106174 22.072195424211216 29.397294719488677 65.549601849818643 36.647581684463972 9.837610768066307 83.409630281526404 11.119430788325813 28.328652529266208 63.843913310944721 39.591951123264359 32.285863469176945 4.446523247226864 62.040354013901030 92.405903286795720 43.778408313033566 86.137659596018494 5.884999198364693 5.281509713465981 20.864192521908130 33.909082216406574 88.470893586149828 1.996277162810545 61.250913892074877 75.600781773611729 81.458684049653783 32.774794657737736 52.548773438599341 71.610990926091986 98.932727869352917 73.467478091475911 87.296056866849327 48.050719142873930 80.907458728374920 78.483551724937001 33.570223879056414 86.664016823942177 23.905978599631904 75.912548086385513 9.128165380306296 66.796876409000120 75.868146913864919 35.016146486860947 72.001637537760629 9.806146011641903 39.862083940991823 61.651784295025870 39.571871088777677 82.175821259750307 83.148239238261340 81.063894025871491 79.218133358006668 24.287019281137013 55.009413528408921 76.642224658509619 89.920812938609558 19.097899973118061 86.004946555164437 7.556246384616482 42.729600553852123 7.308227304824133 60.002715321644637 10.738699343454684 55.660395543645016 85.988546977332348 31.103551611492218 49.696208219904506 28.651608857552535 26.580153605521506 92.418112546977909 41.103036965633841 48.225006745730902 43.023314793856258 79.262237764876048 58.898398545787970 29.857919205780924 60.289383787689779 48.943161664539680 80.388950766720299 52.719212023809888 67.675138936640920 84.513957334324957 34.064050390491076 76.351572912844503 50.821451290776700
38.220552788187725 99.631638832082274 90.047366330254746 51.697492902497203 45.061836490682019 67.413110784052350 16.113521522268158 65.638585718293456 71.166795263908639 37.986256213806676 85.749531789809808 67.252814795830304 24.609485836940959 9.150233626517569 91.567632575281820 72.202097907547781 74.455814875691587 34.425161590086375 60.556089296932356 67.519547150241465 67.800857604696915 19.346837693070228 43.175045732335406 62.909607741829056 78.366075082305073 8.510024050622189 32.154939940273650 81.526752666499618 23.041731433418853 28.741043088568308 68.529654525014521 26.484170399856509 25.098617530062761 76.735841000010296 40.489157854693083 44.097960635759634 22.985888850140000 88.008738668613432 41.848176336366741 50.290681964270554 83.109869963803703 2.163499791246049 15.474284240239733 97.402350524611762 25.002327427184689 27.155364595435426 39.141541147092909 19.754490826070402 99.319833467340629 36.267713644666429 94.203252202240549 65.229448751588123 87.903391280199045 29.974406659416154 41.571076631003713 44.347254350373930 22.032739685054725 32.669196081126515 78.266867300714239 10.787138820805865 50.374712590463325 51.604523418080397 21.920101035807626 32.111950655438427 17.112479132381196 58.253823065882258 53.676993617069911 19.807970757090622 65.981105802293854 44.359989040853684 23.727400011313570 83.433479944322102 68.354912658460151 67.900840725550765 24.796680566801676 31.841404410949703 59.047138013014546 61.848588729287869 95.180164041000893 98.704466484551929 9.549284843640693 95.045111450897807 82.629681612603378 39.853406722367367 34.997144941309969 81.749097028578021 98.167953433735605 49.102265640003530 67.567256991394956 64.031541746054600 34.470225401559397 96.529470487532848 24.218689501126022 27.951789270226733 39.445230327747296 11.646550005467438 72.647110968229896 62.177694799306153 24.821599828795591 32.720860451247269 40.364536638799954 23.030254012815078 39.475279795987461 44.185511484166106 8.649295619596542 53.842131185637079 99.559143122519359 51.951960961117258 56.491530857896421 52.638699379375474 36.281252063862503 36.396148631777358 93.766483423555840 10.066129690958302 36.212044425707937 94.552132218243131 4.921651184929898 75.533631891048557 49.696137720040532 50.088659569376212 14.675270800781959 76.727958389687529 4.475712100310735 33.709278540723290 48.940685339731658 16.407379193094062 4.483445304566470 90.935097300487683 94.558672567081715 11.956286560318075 55.585365537838364 2.618030603329191 20.557781730825731 45.196118097617209 54.197299866769924 44.964667807509450 22.262616707869519 50.412712817481129 17.691263232533828 97.755420854837126 83.559783365684225 31.747384457571393 62.344970936405190 99.980478655360585 26.007556557503253 8.297844140509447 72.020764451755625 86.575295261213142 3.851501795944512 54.342115260520337 54.127033492029440 32.207951101838951 99.443532606899581 91.393685371819970 64.800395542941615 30.657454692052642 44.839112147954673 5.462086703151048 29.384979817098234 24.795702130691801 95.587515692447056 10.404315752743864 64.095691177520919 69.258655278703102 99.561455841340234 66.640849444167202 43.740797069185135 97.585429428799912 45.310526945105714 4.374172844888680 99.961271651367298 53.749759099853463 98.925033470798837 24.393672159403334 68.649969030910157 43.028649998838240 82.695857266572986 71.584813096624018 86.918529140051533 3.441642036396275 47.958131238971035 40.160703889891010 97.104662761608424 28.669411697309457 42.074738199470097 15.080106885166700 34.872049148613705 13.005751066750726 26.370259734811629 60.570088229841936 71.089830168341479 13.355307336409217 15.434200333190539 87.624999717367970 89.506481288943704 52.420089474432110 46.274776366043746 24.792494618554006 0.533482466392410 86.527753379573667
38.961834471817170 60.496988964182663 52.310421017462829 34.908795483239295 99.884090906510053 27.117068833386838 58.324316806176967 48.934010216959109 45.807731874917259 81.687009770273562 14.366389500195464 35.087184175827737 64.917241307512285 49.433993570546150 38.898584953957240 86.735832728928926 84.294773591407392 51.508491340268748 79.782641425238424 49.188960492753630 48.202955531958501 71.017654427600590 39.713280803637666 3.000704092212314 15.483466202499251 34.002733845479369 58.831852371133550 76.006691714747120 80.017925275759396 15.873093314517572 3.290882955747165 0.156660640281026 18.769383196104130 1.882829229636462 2.744154497467344 0.307961835481285 44.876414666246525 94.930250217431990 37.561965779114068 19.150586309787563 77.739864337706052 97.499189351351703 17.710865817887843 88.810433754524723 98.905733210315120 52.312351255680412 66.299693181263876 46.144401944904033 11.748397279963863 6.973457633387492 16.694220023770200 7.232247778868295 35.284805124566120 59.782100432931742 14.696232162082111 66.180019915446380 54.637635691943778 89.075127765797262 92.185191364646016 82.108437050333777 89.525116626201509 45.592217115543420 74.153973779467137 45.394492848882820 70.907819336566320 60.072461644310273 38.909348337013881 85.382582361515674 7.689418122552238 14.012174284273238 91.681455043434681 90.118035126671415 48.553701081930178 49.726965019096461 75.232281108348971 70.662127192398813 28.551648248118877 25.164500555149473 84.172988132869293 4.014751448508102 49.705229822589502 66.006607020106259 91.135839218121987 42.827094443011816 71.269292576047263 53.233119322588877 76.813824718158202 85.158585728562770 82.130882339642227 64.853056269650949 54.241564745360229 85.783247973089232 49.987003737030989 12.970828036194371 19.126684376752035 72.609165436147407 59.174445221630570 68.027529247359141 88.893445858155957 23.888462385640796 8.082861260678742 48.783347487947722 93.143690158461851 74.495086951816106 37.009951136577548 46.825492673047556 43.611259561660866 95.497940197145766 67.719157041243520 68.627205736839826 53.630270481886434 71.288219568140917 94.551805702534097 48.578047007532767 17.650967223571090 95.481218863654831 96.660615409585802 34.196962815730018 92.910798742764584 20.758560127232649 53.331823269071123 15.916230081459680 54.823946559269721 0.859175203591378 4.103792521149252 54.112457058749072 68.031996616034945 20.833877041586991 12.530443021046377 46.653360941205250 33.434484416837321 78.304211599903724 63.510106799072787 45.333034503602498 56.248988062903940 88.734196420039098 71.844542419685396 91.481360352925066 88.021385285424330 43.983584363953142 31.309933962908953 1.651000557949989 84.076529112526231 95.755886571214859 86.505243004898503 88.873410425828055 19.477669848880829 1.277794923903819 85.582200894087421 98.975106474872248 14.949429675071723 86.880147444568252 18.376230404480300 48.021397671908396 85.603040471269310 12.269202020291136 19.812172849763243 57.147356924418993 91.075061090212543 10.921332546533035 47.538341096970683 47.453056528387648 94.965920795063241 22.375636793513632 94.451130477138506 4.822281857240974 30.547002068175168 18.735096833253628 90.936027472386243 70.632442403072588 59.952671592626494 30.313085476710899 18.284632155468916 48.888034898328250 80.000829683028755 83.796157059072257 38.884820520618199 50.590573329383282 15.860388557788463 90.561947343474912 59.893432175872263 83.410342774479005 94.128100712193813 7.255992818740376 70.115221792405862 69.351479330610033 75.431448158271792 42.778862244213876 72.024912382589676 75.869896728747690 69.524835661879195 71.805145521531216 38.277285155645032 54.830212493686382 97.127545950145972 56.832747894564548 49.007847447143874 99.025727336853564 35.778823339462207 36.122421045774246
12.245947870204542 86.333522625974425 80.006311498650973 66.390707411701698 58.307126151746388 41.792334216915570 75.021039503028007 21.351298149045185 78.411152392789404 51.185771302846547 37.968315291437882 64.311021846020040 66.914275836130216 21.460964546771287 79.794848310382775 97.283616592161621 93.918491862956685 2.902351863740960 59.817992779129547 15.171859816860788 85.231891082722143 97.164995381120661 37.392844024129914 59.417812231627295 28.848879190558129 33.443115871704187 16.719267075433287 53.377528121211384 86.549577386194926 41.664790377062609 6.105891168631794 72.339667914516312 59.901842785489443 71.760952667411516 42.954646073431626 80.308047719590775 80.377437219249657 28.046929780973340 75.468434772241650 93.142215346471303 98.478333384843197 42.135279415494786 67.722336081819890 4.146441730136652 20.634510462575317 78.569817488588598 63.759342331520344 67.143850075300492 11.963996432999425 32.591313774246956 55.423779599074052 27.560784335661946 73.845239346955566 10.300343385628830 68.493036274012113 81.081674883197550 79.718879797517076 70.517226099851726 39.311334915144045 74.201290379141440 87.686413292347538 56.927207935292635 60.711571838930169 94.412833259110556 74.922410788747214 65.837653404485181 80.099947768150642 44.908560175424583 12.228996118162938 91.585515390797369 5.823311086018490 81.063198349706141 33.371673560041145 4.890664465283545 97.582475485295788 89.758969310433557 75.481355162873598 39.369007562551992 46.360055108379029 78.869273341053287 55.903010831130160 17.465457286329876 49.865446344610845 41.512928838305108 70.402182384668095 3.447885208710388 97.496375776301392 61.427891449983541 84.355752486602967 8.363798088143737 80.873641145012996 98.506122749537056 50.068653570809794 28.189779509050439 73.889225989990919 67.327439252450532 53.302820816645848 79.814303746326686 74.333812374174343 77.357588516688637 42.183714879795765 55.154446718212490 80.416237604355317 79.125943491295686 31.155362338697291 81.197849488340637 89.544471903462139 68.181996076055725 36.589548916148537 64.001657829241637 49.340284282250323 32.447414289112821 79.028926275462524 37.490433404628355 54.580840330860248 49.639689439416138 51.559856378186872 60.784929971878846 18.232354792786797 51.358797735214189 95.402843615221784 38.409356912528800 62.812177171056874 7.821613397157412 93.226736330409281 47.736934943180962 9.019222045748487 26.865777831252046 98.156830275124406 52.915087170870315 69.091296355071833 95.505651677159605 23.002281680132285 54.476470379584100 46.103339385610589 29.326293324570287 19.765875140858171 69.248909345166837 48.641285594434869 41.802383679638865 1.372440427829913 8.261669654212046 70.514748517256251 25.524130687380019 27.059326470038304 52.606757943310697 27.560537044981004 2.936314509333904 19.179809651555757 36.842300303321586 80.425098527322632 12.077052092602191 83.800722356956371 50.019847197180781 46.626118816067873 13.807802425726623 18.954454050045033 61.315660373838377 80.743504949411388 95.819378080493266 10.724488535763420 60.671736283469180 28.645816334660768 91.152840475035106 70.709560588629472 84.832977308557986 9.192848415674881 96.328118529521703 25.882879080638677 21.515680676996453 52.272253889549226 19.248624954930150 55.945828545779023 57.361090884279008 91.446377855110129 99.378093081237253 95.738714780186257 94.159515796276636 40.598627376912923 7.741357246684311 32.956749445082131 68.687813292679735 80.477447695722020 81.787783189306936 18.685810182915464 74.212403812842510 78.455272345806407 14.708602490769163 82.814770357355201 89.436473984110407 88.481918395134343 32.522147959518655 80.364107879027856 46.872309511342436 94.858468054688643 83.966830378440307 68.279182431446159 69.031168673047077 4.764352712984799 95.944098808168832
87.720933532606352 36.914509183168498 81.655445439275653 97.002684951649414 68.892107518898257 19.302403167143755 54.612429934489569 10.462048134012669 51.170753265412159 74.846497993756628 72.690603182422990 40.520529970039021 46.956088998586324 72.275534069784641 92.782112752732871 65.347146186866425 42.095366902213982 67.352799265354534 12.437055286811582 28.829174703779692 7.195203930936877 87.592629392195761 46.331910994180284 16.321946579382363 73.426254499062779 2.045872728264531 65.302287359057615 78.571731024991550 91.502701230797541 69.477356148320979 1.154435191241010 36.206049447994936 26.637849927426636 85.341977152558783 77.421584769778036 5.334394309424139 88.335703507023268 15.910817164313695 67.385245632914788 86.125783680389958 65.991045836356008 48.168795591062405 17.517532048472930 17.194258624035154 8.876184133184106 97.101733765836400 38.739551098204593 21.311353030528323 49.890813736695307 69.502606516486665 54.176437356907513 93.408830314045687 65.691806406952054 50.116967081895844 36.388773241629799 64.468831497667651 44.661071984333368 88.088764473755731 0.966850710273748 50.474185994105206 47.439056905639887 85.986347151755410 54.089476270908200 99.463444213622125 74.002947783439680 34.649046539094250 40.070942897600133 90.292690251373415 56.551424650287970 60.375185044666765 62.115157333220964 57.764249004915378 76.015200315309414 6.092719297422555 3.742529845844622 39.555987413292051 29.031859519358981 13.336854064173131 76.249470820226904 13.039204819303718 18.907788574388750 5.220505379090479 42.039505414962107 72.633265846920608 16.111625796436257 16.912026251166335 85.968000575254820 80.408250016678267 27.632044708805857 5.728371790594755 15.398435497647235 24.552549297355931 60.593275955253276 12.497019484769979 98.152551462283540 53.000777631845274 51.299598909735934 18.964710643595673 45.386565168384372 91.645523868362289 71.140720273450626 26.924255841210353 83.875360274438236 32.656588157864640 58.923369365656967 60.635609332105197 42.226399836487346 21.407500912376488 48.908897749720651 97.117920948792161 91.242131988145417 46.793797680648773 37.837456162178128 83.949866653234309 66.339568068171545 14.748282858048711 33.855937302803675 26.125132049038491 59.060455700303486 21.984262109518838 89.936811736982150 55.548861206233866 92.527803293872807 53.727772772752445 10.554719196035467 41.490508281264681 54.016987782895356 23.611628219850409 69.925217280090962 6.771396596639079 3.665237383859643 86.036109457156144 29.677842916090359 39.585858074823143 11.351133343750053 62.480657575908694 16.280361009815568 71.318722219069940 15.144773591766159 83.368944509527466 1.048661502547465 10.415394576298864 83.556182495551738 73.269097835664709 34.902111132917767 21.774724873816997 7.758471215980844 34.701003716523971 11.959526864560853 16.443112471341426 18.556095582113851 88.104839138122742 73.713996517043725 7.207593975650273 91.102307472625895 55.253078000339698 55.544775304466917 38.523407011422570 54.979342451171796 22.691517309585794 30.353309798965977 31.055214728719939 25.387469275730766 20.848781641721970 9.133410304335044 56.912983962827610 75.066956710016242 79.241964976240581 19.836488616526715 6.586128221765519 86.187352748397416 80.753201913617900 47.982802364934486 72.935591708705530 52.464817065989344 12.443076536382936 58.240337898437787 73.466627500463360 10.695884505116560 64.884278654107490 72.553866193139086 63.994183968643981 55.361830081169380 7.401220373746165 10.495861093778869 19.673323231555162 31.568325222791561 19.280047102042364 58.283470354329303 10.179059937764446 86.674612979773798 89.047670627721132 76.685076315953864 48.888069514436580 95.152418829647331 21.512845971557603 41.432151077187093 40.385607863615036 29.319891826442724 36.353174141587004
15.706950078801906 58.565742420818857 53.227715157671959 0.164858696723902 11.497027798495175 68.619025155327009 67.879680683201656 17.706803203428802 40.366943443800231 41.460787764191153 0.859957138742651 21.690257909999023 62.755361238525431 54.555432263093252 27.132048751234517 95.988152762324162 57.738331648493769 23.991455697989139 79.392755660728000 40.072956419100201 81.461735268521068 70.408801725057387 31.779488614517483 64.023183993744070 30.130596020510225 64.180649435168235 22.289227848409389 92.407406372159954 51.017749541623758 89.371730902349881 58.885111390131463 14.075061988276660 13.968736784904046 45.362755829444126 21.089741483122026 92.517105150108208 44.521402922907505 33.349380946900645 15.785756027124542 16.151663326088883 34.066643941727015 94.562521397299690 69.472074845618408 32.342216500501976 98.908007175282862 58.388961945469788 84.619346516035435 25.464864884866444 45.013210752508101 81.379250050751153 37.723771314622390 90.768950860350571 0.297361170941002 94.433793957976079 25.131318333854924 80.962475909402997 94.474853795964918 65.727165713240410 72.718040765842588 51.438596824587677 99.479572211744312 44.449239788984407 47.897122121746769 69.895288878718858 84.780339775488983 78.784537364087583 40.626483954532887 45.771331807812423 7.602201305430778 38.750926173638319 94.150217282780090 45.004287650610266 65.149789681414774 21.462830903732353 9.518355092387809 92.467984559030285 61.464354314241774 8.818759532131516 81.234027059138370 9.573945984476506 12.577928126155147 23.673181540177868 46.243027246475123 14.718295222521682 7.062799031577938 32.738299091347635 51.681373325471057 93.938122349793858 16.713204847603336 71.325500808108117 57.078739056135333 60.377887458944677 18.475128922036564 10.541506081961883 94.038465524541621 90.621571041621124 33.217686903161137 88.745521823827033 56.174463763301382 22.727720757467694 6.136483865994313 37.557660882487333 37.041305440631099 90.127674393259255 47.526539670718435 78.799661893012711 14.095346849308509 50.129475814935752 84.455980245995249 49.755455845094140 31.321236850266121 26.615797069709600 3.982041105173328 2.544256944913303 86.704512882745490 97.347720031403995 17.706772494217827 94.023170147145521 38.021971445310953 48.824288549687381 62.309734574768683 54.928998667771623 60.318598166523806 93.469926091376777 68.279100419270037 3.396092081385682 59.226779566142987 70.835805076510454 55.917520999915574 31.517308557656222 98.631418666313337 79.819230647488936 49.232675776104259 34.656370029289221 12.676376168621928 11.767817482580734 99.860752412944080 81.729680226191505 47.274294115618730 74.652475653300002 4.052392128670101 57.599417996976300 63.745974656555660 50.752781624053398 32.017344353365331 17.591040593996720 29.124855094945346 98.927665883786858 82.228489631440340 56.579224949865129 84.457777663176671 43.103515566764038 26.504917077220924 20.937913292076182 67.523818448318934 82.169072239974511 28.784542061735774 4.905800523158588 48.271575267936250 60.073233878036611 77.265668397488056 13.723565113135528 36.300862256408820 58.641880155298288 53.772356485748929 47.984377370735942 30.725788800707964 37.962750827372837 89.707465706599820 77.190845910648676 24.591982968523119 19.594926255415814 77.006030285237799 81.893895027336754 7.487917690824997 70.692266377913199 59.882798968466858 80.669620713707985 67.075520446852622 99.811146680866642 67.097384247897210 75.580185835501240 13.043615303919676 53.579650619714329 11.749303890175600 45.099064062247876 31.973651099875187 7.460521366425709 23.309436885000643 97.966148993570798 97.995421140290134 13.864616665366714 28.788746870953887 65.850965245107716 16.302185356576437 13.610480780260447 8.069661976219489 27.323660161207254 51.336459482237473 68.936305095427130
41.382795381353517 76.549234336656198 78.330576339122075 40.729134905441121 46.747341879278117 61.811715492776372 36.931129206000122 75.922426557354811 31.448078960528068 11.223815935140390 63.492832759080109 8.787556218556769 92.583686294585277 81.303516041900949 49.363378020208955 35.789604957948441 34.447271752622335 98.764013694745003 79.267112910950004 18.201523730604453 83.894807467367656 87.583931911741416 92.485827166896826 61.990594475588992 5.210373258880995 49.366663755126005 47.433500386563800 93.398393506904739 47.045680866548658 19.186035463358252 49.478790903164374 91.263030059589113 54.901711629448805 24.166371878226066 23.009834869155544 29.421291186422472 45.459461514226632 57.795181282239497 88.647767545429474 58.099387181252624 65.281149733394599 10.800271302552900 48.708338743289950 73.025541292259348 51.666945722366506 63.784380646461479 31.767504694360937 55.941192857678111 62.819692539867020 32.080894053070054 60.480813628868226 0.274210103477224 22.802865295002718 66.905848895368877 58.101962584343426 78.179507614027486 63.525348874985731 70.620882868609016 9.285767521240661 49.067488299609053 33.756022054275647 53.617951238576133 98.741727900856645 27.148792831904810 51.724244192541832 62.136516869517081 27.172466896839619 91.496716685356787 34.310412701004800 24.491920377592436 60.657859648039825 50.452638419779042 30.665903709431298 84.120615009777140 11.679417901329748 63.397584471141968 23.559311659753888 61.961189988211032 51.082212718143353 36.401929575812787 57.597255304639660 36.763554678485569 53.416659954314127 5.858486859065981 1.019109283671460 57.937811587194169 38.272065128924815 72.160575649554033 97.904956310274002 5.311738044137138 10.026817061748760 12.021720230533649 83.738923743260401 62.820165561957928 22.487685618338261 84.914119960403355 18.716069782464618 94.362605687281260 27.358271580700322 71.359301562468815 36.181049916471899 95.976964716889469 79.781635175985485 23.809444889490262 6.843486641887687 91.459885996981697 55.934353812758985 70.431682929297779 63.238095300713283 51.103838674975236 97.896142678738713 79.946978751951519 32.833634847011041 87.649460442225973 11.180234612055573 76.691742159200018 85.851989847379826 88.350330439106060 59.635840366697643 88.553279090403919 84.000937874810930 31.094613733797473 71.461130612051662 35.206424112146465 64.529539429798504 35.863695915620532 98.202156337784686 71.485668523761817 67.604469187969457 94.383482903639475 36.461678724175393 30.050982459914401 17.742274878157104 61.796359821862524 48.883447742488158 54.628404375408934 71.587370688600188 51.321810118690138 83.669991826353979 11.277718682450788 17.768399685192382 91.086742167795762 31.311943402026809 42.890667699470328 79.774092953254524 71.502708483320760 16.793447335474809 0.603449103514764 77.321934492875116 79.368267080343344 61.788720377796515 37.501538917477951 73.186627207625421 20.607127427278439 94.632815420519705 88.207548435978637 94.444608692919743 4.550475099694228 78.310919704649791 39.799256917712235 84.386741814178208 16.095957576662514 86.555071764271858 53.531906240708530 0.776892562111875 90.536015123845175 59.196675796298791 68.144699983736118 31.395914922679381 54.992350587496432 69.155958139923627 69.504917295999164 88.955550352641495 21.089231331556913 77.196169717590408 39.472624550498679 69.754924170024552 42.139367196570568 57.127360846811584 32.396276147386750 49.534591054450004 19.482991501569767 78.505325505720251 25.315072423263295 36.342834669019389 84.511877022162949 55.995015507338067 14.144814464455013 21.831398175028983 13.169986721161496 96.900385065369463 25.727511785398015 13.895714302549155 57.416594339801783 77.337691381078059 21.151285130462238 3.430108062650872 93.282957546867507 8.630991917490437 64.062388629554761
35.030120819978613 81.066266824151555 40.230265527595691 57.110921173971207 6.941382238010374 62.089139972114168 9.108401442883206 35.444195410135158 60.298718881943259 77.315058004224753 98.424138682569478 69.775614324218381 11.801543403499181 82.241974472585468 1.116164320567081 15.744857499652609 80.216395491135728 57.898803247384613 78.565241937268581 25.232162667952917 17.694684418750704 24.792155975385711 86.913490032512016 95.938265628916469 83.826435027546069 73.903644993708753 5.077088346737368 5.095994719160624 62.908564961251635 37.974404264703956 35.700098757219621 76.244633377756571 84.313851922902558 21.796826395531355 15.797953191345593 58.836952345089735 3.666912882674123 75.812934924433605 26.035298234738157 14.078719743140278 30.725384669769717 96.360055539109766 88.736596381625333 44.174252475529741 10.900466421927991 44.387170118955801 53.712918691757203 16.714196085564716 23.746987665476283 58.061099132161466 58.812406525578552 89.109904855266279 75.804830507058085 88.228715190093538 72.314069142408016 23.901150519140845 58.879116402107570 77.669190209793271 7.212029853478208 18.864300062450635 62.223858511564309 26.762824839913655 43.693299767742324 21.334337682569824 5.797817814812456 14.961677653090277 42.861463055770990 73.311146818618042 26.814241694901277 7.421692859168283 28.858286217237051 44.814702055570152 30.247169373611893 70.986670495585670 24.194174458617400 48.372781777519378 44.537169387023702 63.531916573556572 32.375231948752528 7.423847229822956 53.491330970268656 6.168357687214899 6.072157084257645 55.109844358352866 59.840875544128011 69.846932282570776 40.071877443644397 84.062662161021933 41.368613494672225 55.399457093896388 1.113872121383608 88.240348020588897 18.688580376809238 78.989018018125776 30.022651368522190 27.376786860660452 45.859880298494083 98.249157341325571 80.669776627954661 15.417459190986582 87.810593008282126 54.805614917920785 64.775460685084212 56.045861390210725 33.607633593706474 56.486384699990126 11.884550074098287 19.062719111562298 36.787504818923054 7.543024201023430 94.052277277029333 58.236513721955710 20.548164405833170 13.037171450171481 37.019562488145652 74.613028427311562 54.098030572543998 10.737917668157703 79.218043307444006 53.131571281418857 46.397426070635660 36.675912235243899 1.129988945807381 32.786820328979459 10.695020604412486 55.253986810350277 20.269487769811246 9.096183652278667 44.907532087476397 50.142483737968249 5.148986962554636 88.310093731510079 33.653754624877386 12.778169250221350 93.620238354506967 49.464535748336758 78.440669903881172 89.985949215662004 86.216466994283280 86.844811139682605 35.145316742264107 32.780656035747526 34.569149266123198 11.696908027632203 95.724473131813056 23.531463425179378 69.326947564361916 75.797424218856435 10.647481661487113 28.177020719862934 45.077795929202480 3.302737146749357 11.524377984707401 34.975720035513667 8.399729292535474 12.347869225260954 29.133454770683375 20.955413288982992 22.663692588999417 47.016606028523732 97.421710019455475 60.622768221916935 41.691991439173862 29.033395944291062 24.021920351147230 22.668854706873041 94.328622477484956 72.390836142069574 2.941002098340395 14.911079467387189 83.202804750775925 79.817712977469796 92.395853603587923 15.463584261138418 97.139802827824056 15.868081834649516 10.358185272862908 73.033035752172509 96.748449161591793 87.189346572973236 96.481829343732201 22.601988873071821 28.373903792317389 51.617713688302850 94.222434055739768 13.235536340122934 36.341954070969898 26.591728509634049 36.815197692187397 17.523868928824005 19.069359313473623 54.580755613820372 66.644102951857420 67.078930582195738 77.561578556483354 13.591708489244169 39.473195286322657 73.917113867706092 0.987876228935813 77.285641719246172
64.232080887197725 91.624311188594376 89.599380689039876 58.715758155956635 8.470431522031340 25.097548201969754 16.294297815901292 20.839095256774996 11.107678850016923 69.639952041076086 71.818300153989227 38.998126759109617 44.440013876930408 77.057248562074705 81.180708652481016 33.519644396064976 51.859650611325002 16.033621400534905 94.002297311449652 94.941182359163804 20.129370221763331 50.862632318315363 85.888014911649861 48.919709840860101 72.230252516988031 30.534307820618423 38.502527893126000 59.588667379782976 55.316194352307782 13.940337474477216 19.251429250604467 0.372579502360171 63.225567128522442 25.515940784213509 75.366813824864593 41.959221963705353 57.441962592578555 29.382048612271426 60.256608661723895 76.376336788089020 73.004992438113618 18.924364401360162 2.301036282032942 44.944166907039282 52.940173053964912 65.071106501377400 24.546673088171023 88.080239025063094 58.144366891226561 5.392740429132847 33.899210851339149 65.561076355000367 90.379734538009927 78.216938372262376 28.464001330491350 72.182684175194282 50.362218208917220 19.937012203959025 1.940179676129672 9.909650978221618 80.510361566515044 20.599789814262515 27.888914340800774 7.268173637721764 92.125794286028722 70.533176117884139 40.759832536341499 24.070942048836706 48.618488559529091 94.681004564828029 88.951883514948094 87.560987065343127 65.894050985052630 51.819937288730202 17.319292951295353 11.142316713804734 30.194901800154007 93.946909789202195 76.558592323031490 52.279922333444176 85.293057410938218 17.251588572572906 54.016650175095151 98.724992937188262 79.526188039253725 2.309435440869845 85.616610973762732 68.668193148795908 89.768175843846251 53.342175842203524 99.246510635747114 79.190101486885837 3.681884056733287 25.226045848141577 23.315450802354643 94.216871502557808 81.499349546826778 77.426917897010426 23.582296128253923 48.412823471889645 10.655822818555126 88.476087647549235 58.569226076191782 65.132569259848054 90.083425857711688 59.928860916081398 56.772742687064337 15.305414485226088 38.022579593158326 60.260003479985137 72.240586404442638 47.512749894532327 45.358480389179434 97.386422327983809 65.024618653897576 88.292476490493556 71.785462475335976 78.744891237075734 59.392581348081507 83.014175759911922 23.215974012888509 74.364217723355324 64.022293184042738 63.547114417569716 19.439338791740944 11.102060365652234 27.904092065983875 49.531999565280870 36.286552596193367 59.596288906155294 43.162010222269529 26.331466873699572 70.272865556021998 52.472879315048907 88.437203194541027 50.378839378001253 30.903488127792045 21.786516879045024 78.302871741140905 80.738936420769193 92.011920558171795 42.267158842798395 81.658792672987630 83.853421366239544 8.752687095462420 80.782767180371124 8.806954810190570 38.361005880302159 75.137159521498901 81.596406368259039 94.463678857073248 31.326742520947182 14.622712176260855 71.563957769458213 30.419585933874206 4.536083556180825 60.511297769605910 93.801870367350574 61.580962905468247 66.410844336519830 12.356346267738715 12.331687458009588 51.907311659738085 4.161002767415445 96.728114383310995 5.394507729404118 11.939862859442796 28.561979487879263 12.719934016583444 6.842307719662422 2.282565707905704 65.899593670293029 77.306776894613733 53.066260678129375 78.564866199883454 30.294702884872184 63.044099349036074 25.191731883182090 66.158701229776867 18.891190449425643 42.355233085880748 20.987506705762982 93.393387136345993 2.937392130206506 1.839794479276180 25.730050822616580 10.785666208412382 56.539194304587973 49.717856780909464 55.008899988304748 22.768792182358087 48.105972378176986 19.367447468795362 54.966441648994177 53.015714944949465 41.352231360191880 94.208393972361009 27.524854984397585 12.068627527656373 76.929041230697806
38.124229783750764 70.364653570662256 65.624127346574738 99.787278226255197 67.017358125955425 94.217012612839611 5.545799991702516 69.215445650249407 80.389792328124912 6.763524749420224 78.415286479054529 79.570085266166373 16.759127088872873 35.339362193879964 38.878978868805291 4.328306073306132 86.095067011353748 66.822503096204073 52.926964363363560 92.333630076844059 6.543772949199278 48.180450345688428 71.511895978825592 88.856103518044449 35.235527858895651 8.746346151000495 36.794078587528531 39.878547834018882 42.600152345586352 95.682325793307285 75.607817549307882 13.152042545775966 42.541581117715133 93.930374056140948 42.730122540929358 8.997930158114320 33.518622838100498 38.928345658993656 85.318200790637164 67.413752831193420 73.597786955145168 25.394056583405643 46.276161516449413 12.495862414022740 96.910329028480248 14.250264290093694 22.485888152697477 77.783525547940840 87.862701267340697 52.084743395537480 96.767210727131243 6.844364578342265 36.011267886692821 80.399956462106857 16.734967188187444 73.517738483137833 55.293116755737501 65.322998914193292 2.716245871003242 73.125477141206773 34.881653355463818 14.765263833306651 18.272262396191252 74.824648461824097 36.516625273136363 80.459618737321193 19.720519259127300 96.228886011950536 50.850822038539178 16.391062531343437 54.923815876535166 1.415022678047306 85.960279452613037 67.805329759870077 31.865014828382897 38.528086335618539 44.355273583398869 84.749519918058240 55.043704032874444 57.589571920229567 4.940029846079530 16.284241111107868 70.327118788109118 32.184662078696689 82.531813064140124 88.104241482930462 79.142101467249830 57.718674019020767 22.722152885109260 5.351121705642559 24.253957022668150 41.291443849176545 4.381409952154891 75.356078709515103 55.209623849271509 18.154688203339319 61.753415817307975 51.203163524430892 81.519552332446651 40.414186945666962 80.710384562499357 78.709615691403798 63.991610498149065 9.537834902148468 20.609921701320189 5.227417337294860 7.544869237895490 44.386874161856760 79.159858542005367 71.116450125637215 40.163195115955162 36.925569186577533 84.799061211742611 64.200958286510200 50.525009003304433 52.888869097903758 22.451832275927874 29.448678128928318 74.586241533972782 98.862005494722354 42.087773603858821 22.548968095966803 54.079787891756524 76.272741891794027 67.017922224258271 22.552515049082768 58.841486012533416 58.729001525426646 38.835297324603232 90.549697478368373 33.360885356012545 62.852006849907880 37.265785833033370 35.864883534678839 99.448221467544613 83.732087672144388 30.846606543205635 47.608533168737402 67.438441882839072 48.412055795950515 94.163072450846215 9.885844061403027 9.302080977498195 65.240800709742928 52.797425689677667 1.377254971598874 73.762517350552187 47.930917842380261 16.784727508715203 92.099807439892956 7.372232813775426 16.948748370216261 12.241021674983109 16.341069995493406 24.715845402617443 59.614563701475717 13.488154956439690 1.168802099781463 50.977686328950277 21.709351507501896 4.554369215009979 78.545855474446498 54.943288947656413 34.488385389115692 55.037727820661708 32.630697754860179 68.371861538044740 3.026851165325739 52.183321201338437 19.312252323497582 62.746261298617299 22.975613023117546 36.497612556672976 71.698583651950358 0.169512054900334 20.315028964885862 69.328708386634247 63.141337744142803 57.249962719934857 25.187674000450954 40.182211503326585 24.588344610254410 10.891634855947906 37.626126950784119 5.862021846090815 83.770838368199321 60.854925222487843 67.632284111520221 35.321839164169113 59.090666442309193 54.477435245175997 85.107958548299052 60.949823968942454 90.776167313369029 59.274903861360208 86.899094202907918 6.341752308154880 82.544469424715359 98.063438429084655 73.847772008353076
23.290211863544453 35.649962637133292 72.083303160330601 12.637859740383250 95.215713178951859 48.225984699156669 9.814575879794052 73.543761429027896 77.385832932865441 15.098249153142419 92.436703799892896 63.089432860701365 6.420078448877298 73.151687018164964 43.975237422564916 76.241760416945553 54.131049681473975 52.771270779764038 34.093125376485304 53.227060449030319 53.473930169752613 39.970912654957601 15.931645381051974 46.956373301993473 24.855106788644232 82.588009327487129 96.981723904451698 18.223975306834596 6.046159354400837 54.353163908962955 34.098131851055669 18.500662215535392 55.177416058845921 34.630579158783902 99.017099558478478 29.412450948089386 51.802296933988870 16.481421992435429 8.247779517333120 69.076540964928725 78.448617428485434 10.739549804507986 55.355766241789595 2.149794266132155 47.761288558442672 31.817091775323803 65.890997002506580 81.798421731037735 47.629643985916317 0.187901966545623 87.874322275439994 49.520295930591786 99.477435520346731 26.678653351501012 1.351475069546471 60.567707144610281 73.042922651715216 28.132980018286702 1.276838068504726 0.142018396543497 26.218644993396932 14.628300451733656 45.596482671065971 93.208914052554519 30.973307723038602 57.818086731585169 70.927872529340391 46.856429304569524 21.123207007119039 14.151791524404834 35.063493313596929 98.012659409454088 94.417640741015077 16.647006542979316 47.121114264541852 99.101637089535771 57.622431408100248 92.275130953629997 2.532507123627981 75.360445718591436 26.466127640487258 43.157909214143821 70.250901923391368 45.347013875293428 24.432598030476139 86.852415162405208 45.939271104854271 28.321821698229719 70.643455050444231 88.782368538959460 90.537319242653609 21.242362066643729 62.994301769044327 22.518033265255653 68.753329710642504 81.839724657302853 63.712001993852027 92.251077871286753 12.569404034052523 42.470784788964956 45.928691934279520 52.969265697434423 97.343054465645949 58.958138353816011 29.724931108356923 92.103133078193835 92.023996180106906 14.448840336489932 90.883370034186882 34.974847631800188 25.787915140457194 90.880314445458552 31.456755793533631 23.337343539558496 5.965418859923622 66.299707543792934 20.771242351665620 27.748687101632498 63.086437853425494 33.590029803420109 89.977500535588391 45.570591389768332 10.758059392783160 63.503390167446106 39.004116900109011 12.911675268859934 65.368989267601094 67.226502682576367 40.199855846361679 44.754944098701010 99.559386225800012 66.550930501051042 77.674401261922554 41.678374260069987 79.536416068346483 23.725968682445142 29.752849656064871 69.712343317768230 26.633243412821216 40.551287273247659 23.832448443130627 34.488964419765310 39.422792635855473 98.020478194245570 79.350212590023219 7.431200931161874 62.993169979782785 64.659226562660308 28.853882528423235 10.697106331100159 58.745621352906952 4.711288676236769 0.200725201859264 82.425330890546405 60.442375662489269 86.894605720168698 96.474438110309180 56.171636960154544 83.690192829711222 46.629974590316728 2.284859064658973 42.270956078769586 61.731449692332021 93.998973839343790 3.626127425029968 15.313076739456688 49.530993255989728 66.721131756529857 80.903317300946810 82.242614503847733 33.858311203894289 75.951718944727816 7.039372197678839 8.243546293340353 36.600646468522960 76.928419394871796 99.185481300572718 91.417677257958019 33.393586541525380 80.612308596676613 5.145765954449743 24.947220122698088 26.893390294089102 64.041769795596210 78.125358536434504 3.323393856311174 48.112739788476965 42.185592830083174 47.414758317680814 34.133603759893340 19.506111319921970 47.820560572666238 52.863301076689254 49.777909620614544 45.599726969029462 58.763441043088882 36.901375155407244 29.751400125021210 97.479985495215672 17.696520720940669
85.846816303736276 93.922393323168620 53.505772433800324 64.856746283077285 55.525710842564550 49.645825815903756 99.807541011823190 36.407351972171185 9.538949931870421 97.140169529826721 85.568726327654815 34.366039257338507 74.154086565263697 69.198942570786727 75.239113827775483 31.941432051036490 64.972085635914226 23.284571154950907 39.556047205994268 11.813610174724776 82.281255510555766 54.121980430498617 39.309952200577655 57.241520328392639 32.539081078474652 20.523512191603565 24.387940985283407 3.900009604946375 64.101109607158094 70.176534521897082 80.255768930317231 28.349345795969384 86.298527566979587 91.110757590771769 61.991303606511259 42.944684345780423 62.899253803240860 62.966796605415475 28.203906523427101 68.402355604342972 18.806420811914727 22.401553119170448 3.674436740561382 44.802581759329108 45.943164753521039 49.639120419478559 83.516610740307527 48.087246338251511 6.225402280243153 56.137100929614277 72.985768427743409 6.835593534350681 62.018335662205779 8.160680702038746 32.840484669767044 66.457972979536407 93.430536053602310 96.210326754629818 64.587769266510264 73.112161021712438 34.221282981019193 98.078113983934472 49.322912324789201 50.491863453546202 27.662848985233889 61.884626559209281 33.711752983035822 37.202239011440639 97.561965620374252 16.554166346449939 81.017391838854962 45.486079410403022 73.989258250660413 25.382594333342801 33.097515899627730 90.444817367181557 76.104379082336067 24.431211484447712 29.675670544249410 11.050299775747686 8.773032432582017 1.300458673945304 19.460059747523704 85.099750527321589 46.701427190331302 19.741117801509766 30.490932941040793 91.876798022571933 45.965550504942129 93.389488333309913 38.179404829974196 57.279182715842992 35.311224110323771 10.925761079343044 64.865166520585760 14.172748947355229 36.481089506992845 47.196074943544545 58.135394468593283 66.088388998427249 49.665567419176767 10.172428729646555 36.521312846123678 30.271027353595059 53.516590521963295 99.385461120367182 57.544976471588093 68.488187544405278 89.669996176570308 14.694049183892055 70.531772194000979 88.824620393078305 82.199594541996973 27.061553074497947 38.022050677088700 42.193808004261626 35.446724597362852 20.399770699248332 76.102051217829995 61.278824528356047 84.119650636037051 51.064774850202930 20.296393322563912 61.983187402619663 77.981338933430450 14.170961549415894 40.688202496776192 19.452707147963078 48.798954803159113 62.055635605219294 33.911305517297166 50.417675267769226 29.557412051891497 38.501519352884017 82.439307475610022 11.181210904452810 42.026602282087268 97.972631071352154 69.978015543426380 85.116978729871562 60.190840923305444 37.132404105669181 64.661285392249823 30.584092351826399 45.338058321160602 3.244543195228711 57.528968124672971 73.024001689042180 94.582282777716458 13.516201672100115 56.605613945971101 47.531210268113654 66.442055422762607 2.949129041190968 2.699378685544396 60.618678166161523 41.472492878092837 54.651223482639381 34.910488026315015 44.624160378097734 41.419690614959833 99.489759792765724 15.388626776203884 82.668083491944614 3.750409023359924 85.474544799996366 65.351276288971434 51.562108858856135 4.064180533162808 24.635954890651590 99.683685980444153 88.376024183922624 6.260106451140635 59.481950015843211 38.596630079544191 34.876073926973362 54.442384893041307 75.849377707114954 96.369626737260390 78.558793335904625 62.740905491727375 11.695523025214904 43.876832973862342 13.220211621021495 6.443614908262041 57.664560407750898 24.188641902030248 6.841733780607074 76.039637108757603 7.847383749849279 41.113013254130024 52.108518865053433 14.831674042976683 15.941370246742615 70.023293124628694 6.319920266535728 6.133406641629502 56.230962889066625 52.502152640685615 83.284020159925277
68.530125878974275 91.312498039210226 41.966038280859273 65.002586929128213 4.630835918977017 55.702858208759039 95.708966437159660 60.795628139997518 8.549089699362655 6.327540796572961 45.192544492025419 65.238422843502761 70.203964485960128 80.935489036477634 48.119315176240931 44.737000488356536 58.508355441265870 45.956479979389982 10.297104776549737 13.888708408114015 3.332179061252039 45.883915020852342 90.055082261248103 54.305015367224549 44.548229616465349 21.046203878352454 77.302720904066319 34.851743100291174 28.404740590688192 77.366361067330416 87.635071508981383 61.973967562586829 6.505348472849393 34.489273701726255 13.156348659075235 28.989730742388218 97.577373110735039 16.580749120403070 60.405253265761274 35.104685871968790 26.499800379635474 99.079816623284131 69.706586997810618 73.883694590597997 45.294099625531778 77.568164803374842 66.850577442066594 16.336863668109871 57.008617458910003 92.760631516556984 14.584806307961596 89.350746713048906 72.220215911853984 66.020271666909650 77.618945680700591 60.883752174068896 27.861875181740881 19.810799875073361 60.640522925651275 9.266761969170823 12.774575044115055 0.262435457084054 78.273066181385559 80.720451058295666 71.864948999802508 16.805709888396947 71.744755311682738 24.084471724990575 21.185052687894025 31.646866813230101 22.867209912698982 83.212458236338989 98.868971188706766 1.947137180738612 61.212514344294654 30.830355085328076 77.396628330218931 88.019111793485195 13.194263381193682 30.785156725945228 58.200162443407642 91.373361173549597 69.101120314899816 56.221632248375364 98.487550448238608 80.416542665791667 81.460744989321299 63.126129209836179 26.369630246970377 69.202680659780398 77.328043339322988 39.691492940275928 3.301649435793919 90.797158982752507 19.247192222249520 7.613202535201625 86.956242968793234 69.718560296992337 74.642626299851983 75.050265365775331 3.438796361763496 53.924086572432238 87.613418757854873 80.572982340874717 34.550391884718479 5.821612276521937 84.766348751854338 16.718902556821323 21.456354323410164 40.282353039620979 80.806887182327372 61.483062866098457 83.847476689305992 28.551258523930802 99.225721570810606 56.036863465748155 11.561672731912143 51.734130263380329 95.986350113313065 18.216201539158693 66.990705624967802 47.800151043798444 69.513333431707196 47.616910213796871 72.836749051037771 57.036910742460513 25.914355908818230 2.122087423574470 99.955769363731932 35.639411479240415 59.976201942775845 98.849784679434720 52.318772249143151 95.425248409706114 90.900598289338959 75.933173293498442 42.956333993480797 40.581568753095965 20.575938161869956 21.853115011653912 46.393987947190226 79.668777725376486 62.550078226490555 59.922488208862625 82.530128955297329 64.790039470362132 24.750548391853933 94.388381081548317 75.737109633763666 67.104024231968026 41.183194206769045 28.120379170328679 15.793864879414254 85.951001638806943 36.243630320560236 24.623957992580113 42.367168668241206 83.209986782511564 21.981658703686023 21.662994250182344 41.776492527544121 71.520504642058512 21.989631928777285 51.314665910142786 18.706173529230320 92.033192595727741 5.173363490346783 88.627542701869089 63.655217845741987 8.869319226328676 17.709537551881859 30.494908989926394 95.802494040270048 66.938693909291061 14.823721608129791 46.057974614310382 87.951019430647776 32.647825790583184 34.119054265108119 85.125734030471818 10.445090688557157 38.828212664453801 43.305926320173569 75.180693990562091 7.406442894752141 30.749579355391621 62.261347634040284 93.619273042410526 43.014600870204212 13.406386471980747 59.947785524511943 78.262737243601975 90.374544612214095 2.910841996720304 61.855998234942291 91.861275633716417 48.048273819295098 52.855595667393430 68.633122959782781 86.298346457129711
46.826756045588503 23.816593973022261 20.064183270991453 64.536895219348395 9.073677173420858 38.164225659940890 9.440026083356944 95.783365889076421 0.452812261548607 80.094279193039668 50.196970323594734 63.566891567704296 48.204097043883330 8.146343081189844 64.670895940343286 41.255427333071793 22.938186830950514 41.499341166403461 4.916699777569722 96.325555350622793 52.474573694777469 51.065908943123020 37.642544693375648 19.369232320340590 96.997299352540267 48.437903236255039 72.344595856896575 29.130070251658680 32.622403253444730 2.278298836774084 98.781150718034112 66.698556291273263 73.705715269286202 37.924945280412295 74.166491995936184 59.845521743150329 47.638669638902911 50.258612766756542 2.933370318970796 60.506165435154415 79.182331457953850 58.423237163523325 75.595914038970449 46.151073629789828 14.791874068728973 70.451371560098352 64.550762401529852 51.176813334044560 52.387981966474129 31.534148481530377 43.064799140697730 83.935980873536025 44.982428831074515 39.428062298537995 58.328466585131643 70.038598442357369 56.263015658912828 1.340541257706773 49.135319567451518 59.662899846740025 13.136602897091032 83.012566194677945 11.157095509459458 4.955493132363465 22.782194488949926 66.957561007942843 8.321795085434513 60.287824658735687 96.476408499668636 0.439462291747750 47.285202297444414 77.215046851162739 87.791551197504958 1.779335386849124 5.383637647230721 58.838833681606616 32.912728869166926 68.981287675633013 8.536084025599200 79.732756780655507 54.947850201197326 80.963755322439937 47.354480951202881 14.298591493595769 30.258723649540521 37.784005357995653 68.910808448899601 76.852296881925781 16.600956554639524 15.248748503046405 86.815724068188985 87.708594768069361 78.659117371941818 97.390603073035265 10.333291503754950 69.208156122719146 29.119820137024576 87.523616004014045 55.831192312481306 23.760971588066958 19.975844554238307 37.388845789895477 68.213418449058324 11.425733045020326 12.379685022358899 78.722261331961747 30.556366354089668 32.813085017208834 53.196096635718504 91.016681231307416 7.205029675107266 52.200972666464118 67.941310440130394 99.758426388047098 56.700675102046027 67.484063621665840 99.779845698042166 60.633413094315401 6.881674404968408 42.061657854778836 99.812567269072233 27.966089458215905 18.148822101215089 71.429605839749115 32.604610255738343 97.728158482652375 81.051430084563620 60.651320043468047 90.860051091833071 25.919008761267250 11.265891293535347 9.935309445742057 5.619896506441702 97.868278101761788 4.818659289597138 44.450757421135634 0.207826883161066 82.033238608875564 43.532773035224871 74.876223458591596 33.501212178868109 48.171878313808428 52.699853297171217 50.191274196410497 31.079215546623928 71.986391859543090 86.797595904196598 38.515971323740864 72.777642573245387 47.061500043371126 92.360134554356051 58.381007557067917 98.741240948002613 6.989876436883935 59.223491493130851 60.070997187663778 29.789570760595485 37.220474390657998 0.297254979896555 81.547985962556965 69.031667893764990 26.911152054471831 10.218140164005419 78.142259364847718 44.926317789099315 70.728715207796455 89.961915929490061 58.519040179942969 45.329836924119412 73.207664399368639 66.929015431930779 6.302080917358199 68.415135757341787 97.195912459303457 9.903471944915033 62.560904913198137 81.576577532151447 51.067431915723027 10.604037182517956 98.380746092348161 48.584165014799765 42.245315268118745 34.235950069031574 50.315591499778058 29.494699705631000 54.010852097968389 15.952704126295425 56.046735273107871 80.165235184288008 46.065572860485680 72.297857468906983 71.427724093747941 64.027745050271022 83.556904802387564 12.234443904347581 63.515865526108804 77.978129175095873 20.812422904282592 57.192942912334345 71.979302580460086
42.679691668385509 13.121756299280529 62.713872317281549 59.137768071535511 83.404893823558496 23.504177869794251 39.961225212895613 55.064280856076351 11.078508213663806 0.863997558963936 61.212271489488970 95.907507005327560 75.506325919397653 99.304009016383745 84.197454518309101 77.883366894972667 64.958853488779923 20.789077409670075 45.121975237247256 48.989888087653057 22.042210030952681 54.837789827381592 93.060490454039098 16.619118556839329 53.230291666323545 70.181773718257617 97.601847620952654 29.714828159295436 11.001763886802129 13.285373537523581 29.214762423665341 86.432515745767972 62.999055833396824 72.369970877756799 19.525504942195958 39.629688496122185 64.614206250466168 72.934303797205544 74.618501307688874 46.051433491989826 36.403954198491064 43.475826491827505 47.301082203056225 39.459969646728709 69.833664035952154 42.244165879305598 63.370545022665716 74.529062208957669 5.162737522971572 42.221479682659023 7.664383278031539 2.186659459189111 19.349248219817326 16.007914878168073 90.204006499343805 50.885590517656624 58.355327723542658 40.823213210758766 76.609501915309934 15.332487318290966 81.791571560311453 38.688007759070274 87.072374067908584 11.680645275417866 53.573430573927673 65.903642322411287 8.562233477717784 83.980054155769849 68.153164028431391 61.410975894390717 80.244707552977317 22.474147384675369 58.536547240645312 58.756362052866692 61.130201660360498 49.953576612718564 69.867494227144917 10.148991183811750 46.935370769376860 96.180180149005878 55.036385236787197 10.349440142511668 30.919918311741569 34.563011733769365 86.624119844844287 58.324681887195894 72.496605328487078 79.029205831941667 90.536051324336469 62.540905220773254 96.469850713977962 23.205214250685703 7.921249546786314 70.608275419006446 91.918732567626947 8.712420802362963 83.712180473771284 61.053225397599661 49.563894449681499 3.388597267173554 4.688275357873717 39.925615481861300 41.682897266881994 79.521695723997851 64.684394332208484 73.576910925952347 74.148356276217569 19.748972718880609 46.696083199970197 47.743397335244964 15.012180838440836 74.194132466779664 56.899623196994575 18.129796456665105 90.212976204302350 69.733486015446161 99.751423051529315 12.873723767077561 73.448060722671798 20.030192235778198 79.895715952889915 42.717296821055662 40.835716967045514 48.074126332899645 35.338851530195761 16.659258245861864 66.305345482905494 28.080272041183242 35.464745111752052 68.558050759406797 70.642974499041742 68.066529274085894 92.962359875337086 68.413093194732241 54.837443484373892 75.367797112693310 45.946188601975912 13.830465010494397 44.083086124554896 11.399810014026034 46.948776270527951 31.955553733127363 61.347450788239556 52.629224450847445 57.326659328120002 46.654889302361013 18.613218491575001 68.705933853798214 72.897167116492469 46.229200582404005 12.551171436862674 31.147663805670589 31.327284855292902 79.420951989329041 29.701580404469262 39.811064292375988 31.410625966288087 3.401403347860310 4.398460814879557 9.941443355864521 5.352502709077999 31.670529940018234 4.080050190773354 32.438346869408051 74.450832981466263 23.313499757478606 97.082235655361842 28.718778428135426 70.434256303400318 53.152019251192904 88.885915970440507 26.407256161567037 60.572762657749990 52.512268609389423 6.095662412644987 5.693746085499152 77.791916911039095 37.900575694163599 19.655533196037990 92.471475044800883 50.392233300432935 90.082245155124042 90.596398918064267 65.432985407690666 76.437536189760863 16.037912399019017 91.874429206370010 68.618766896168808 48.318560659784893 25.313394613109629 44.482136515300560 74.461682019126371 81.804694511302216 77.489619513895690 27.478732110133620 0.883736395414370 37.229912526483645 30.714548894951953 43.548782400368005 65.321816794615813
41.348337809787708 88.173073625023363 31.562143325950931 94.495648119404635 56.278506240991732 78.049167465413475 3.135428322377865 65.740626462999998 69.466072713984545 27.776761235770074 0.156174525731745 63.707774117292423 39.529424457094365 6.220576609675865 33.259707284178617 65.929970881369329 38.508616221500944 50.284987750931073 43.845838107227017 59.145418965818720 64.065452817861285 40.581612226901051 9.527407680774813 40.198428352078267 65.835931216960134 45.545424684217181 35.351137325515516 61.289980490919874 10.814972927079436 36.622887481755470 6.543232208556782 13.447547381882540 0.481076189718932 21.871527113176004 51.490030557089995 82.654559566574889 11.145209470971640 24.330495026055644 31.017495985303100 98.560040826038119 25.170928491388402 29.536111919443020 75.327632106093418 57.240714144897154 6.260735467574197 48.052092487640330 33.344030599103149 1.622091512351098 15.718807141711633 7.625832127290311 35.749856852965834 1.594088002829486 53.506757914899495 81.289979763846858 10.055831599415166 40.929504918419838 18.346934675688185 88.596431606954141 17.679052548901765 18.128885749119238 93.502373887721163 71.660269674696224 89.675330636798634 64.761319773422542 98.842644133909772 45.272759986851455 12.877395224901644 66.903569432452954 59.448082830398576 77.622690520896882 40.691936596949759 0.495700552542633 24.354219934932487 30.660061830833520 29.912646667680232 72.516722339331878 60.406362361927947 34.171929765479703 82.615407512219790 44.385530963078367 84.319456495198310 92.818898725544983 87.505188100471955 37.014257279444685 40.318378460083501 18.574492041069380 96.103073895016834 72.473383869332267 79.404092605323513 77.693791513487312 89.604296970994199 68.914126232303303 9.094453004648495 92.692519122501366 94.130700723882896 74.436773743751971 38.535210653744677 94.322920299253326 6.818474302405486 33.034265975951591 21.118493401246173 86.578744358670946 55.129097539848395 93.127149964540465 23.097588356095223 44.534363871672298 1.544229524442453 2.511549708738048 60.961981926858513 47.972778342619840 96.530680497299088 35.987446580024852 47.223188951988234 85.588855256390602 9.368878836423377 32.034986636505501 7.870254448798375 17.653920282021929 65.888952975770422 67.134878282445570 35.500473970836389 10.139216247241789 9.995607140037899 51.037108142401820 84.494295296156366 73.766849318354105 51.645148948941774 11.587122090476520 49.807956259921383 46.648547892013667 60.559011008187767 56.134644792477395 54.558244734825770 63.396059040455178 88.735559151994863 41.980726976926576 91.942075480539060 55.438442761028007 18.464531279301333 2.645965468885658 38.406518421890013 85.978350580884907 12.113043158457170 1.540720955048902 30.753651519839732 53.986345935376022 46.766921346838174 34.250674995922381 7.667942880234346 67.045930922271808 90.395440252983803 83.130050139871670 53.668237133578877 70.090537981290737 4.606537767410146 80.431202223031917 75.158819272244671 44.346707917536065 31.869965104740018 24.779916593425266 53.416525714373684 45.284826079027830 97.701166817885039 85.432066161433582 64.233365331247299 41.633986840368173 21.413859900641786 14.699770927596978 18.722303967950214 98.811059505034891 38.637440762042743 26.664645966878741 84.436934479110974 27.348696828684758 22.852405703126845 12.645606275265886 20.990319719293183 79.081894952897429 10.599600824564204 33.030397791795927 39.126040152348821 27.155761084768535 31.025731394288204 70.243106045209444 78.475536465077695 7.730593826935960 30.642481342702521 34.266796075033469 73.517238425103130 12.815292718604754 93.666553079372449 80.912186989811389 42.731171683449709 98.866779229181262 17.291211276698792 35.615804099206692 37.023138466245221 46.322795645726465 37.288489800808286 99.873376804689855
78.457088022652002 86.657287516512042 85.295868021360221 31.640758338804364 57.370646864027549 94.652132593829634 1.385808264688104 95.333852930346580 68.123786794409341 96.556068746486616 83.788652939059645 38.374989923874658 47.440726893167970 55.156798956475285 42.842148580836714 9.070166006675784 77.588559775972186 4.415020630633548 75.574414373638604 63.259430219470481 75.914139868778790 40.995986463962630 85.298924288903294 1.185161445891370 85.477726152415656 93.089844526303040 59.152210986780361 77.401737963894263 48.855812771591665 49.545123101855957 54.445292823624449 80.833984795820896 43.967152471744519 15.080302844554861 34.096887751946049 37.251230199415353 64.139634226844692 35.318226073718570 29.441358835416274 44.208467228557957 26.773000659396505 39.567324006527429 56.848016873962159 4.944084279626559 65.725575677378984 78.261861377711639 12.028175345799919 29.265775139148243 16.475687512315240 56.469540659954518 78.889056103600595 93.129959146970990 33.524303296842902 78.075130287437872 31.458694000015129 6.505654518678505 72.829528578920858 17.884072174202238 97.449506480209678 78.350349623846867 13.768257271472951 91.075274313490880 12.121246630030980 19.902361628153976 95.452609052433658 1.541304665327292 1.255841965370086 66.923357959669062 54.060354443807903 27.448084417853778 32.102497524088768 96.748397080472429 26.397149789442096 10.637132392557335 11.418282026048077 65.073351565617017 77.957152290740169 44.608080022401943 87.945966211852351 24.699759079005478 2.471782000939204 10.023762623454857 28.974399985897371 19.576693136469437 43.902866542221211 74.910556353138148 62.827894872218856 30.671915093760028 80.712647506239207 6.204241718721981 4.956132811223391 48.721750779820908 81.649834525371830 34.994072034266679 49.270470840294990 57.198223174726749 83.435450641709551 93.673574742953477 77.508636567674714 0.454694102602138 38.762354506780540 7.397204011268411 75.760589651816318 94.028899430367787 31.374337852483524 82.287256340594809 15.869853803965761 66.474228660497616 84.638011523327322 70.838373531804777 87.721936704253409 72.931324870113613 17.181206984529172 82.767841683943928 38.256818420989724 57.707624484209973 51.638534781184511 29.772919604473735 85.659171420576172 1.130380750280657 43.997650465138307 77.340411095481016 46.405690463046014 31.169434167516719 72.387676507181084 75.696428179206791 17.202656055500121 1.735906795292830 77.913611737125507 72.288846426711530 18.370643527002841 82.070393337387841 82.171327196647866 0.380304562453959 76.673209486572929 72.969115206041153 42.850171093829417 25.421759285245038 6.606639574220341 76.078640603480878 31.179059783536701 97.917501308021954 8.381696338142309 11.182888662496415 21.395122115307551 10.389876176557532 69.091130508182047 47.973482945402658 70.641217229057474 99.067883737793750 91.015073001163614 49.787547597990752 66.452432228992137 73.398430633088708 82.419730437706548 16.020491837747940 24.379312142091859 47.924287770782556 28.625169947528871 51.294879029472895 74.118303377806626 41.866175274071594 23.058401745259204 10.571459606197797 47.751888669819422 70.485363506594183 67.608082254597505 31.531920296429295 24.915195987916881 51.454910140859354 41.288820771067925 94.461741472003268 2.518933562655945 15.189939314799506 26.910286071574397 45.993548178333157 8.490199432327838 79.869415536403181 77.871343969010553 74.568825068908140 54.241926215908833 66.319655157261082 72.383737160503287 4.346569990497152 53.346892924110080 60.400958759771569 95.881520547315930 49.170060388249162 46.676548537131993 47.726865746492351 30.898218769212747 39.636006882628706 76.348534115142769 73.075281669120471 34.842938119126799 63.929779364608329 86.281744526203127 38.382924532415473 88.905184331411888 64.733956057494751
59.521066352576845 78.911785938939431 38.824600127090093 65.915858744489100 44.618248803377504 1.250287997955579 42.755731330349676 18.800068211804209 40.153822080868750 91.056941027324029 30.774315546027687 62.260363703951839 24.855411111851989 24.513363747660431 18.804042981407644 68.780181208113319 41.342646319440135 12.788136543926488 83.368636725048503 82.752389499504758 57.810514976104542 22.956960441759090 33.762346932142542 45.021240837725443 89.902057458939083 26.949617583358854 54.416146322827394 19.598444535471504 24.632910419332877 53.636888610552056 84.802794607889027 87.264236244704435 20.907246439617577 28.514478122696595 98.388684655579809 21.423893359939903 15.077057318483034 15.772903162332309 64.825333355501954 41.572719020157493 4.906725957469349 2.986325105406462 75.396443128731633 10.655495455242336 31.521494169153328 16.974773531833755 82.621838553273435 48.926079855430316 50.528904582433313 70.310974152190269 50.558310479424186 79.140819858558473 11.271307389539430 57.521420255063880 4.392148762886228 73.312484507855586 86.244391455334849 63.921826568729223 34.840506497624844 14.001458661972189 29.029607997198614 77.086590850819647 16.710266449351263 80.669698361520531 26.672225364641523 63.218014996253743 34.771199695464659 56.119290789499331 25.962502445677703 40.892654546759132 24.892370907289376 14.742801539274030 57.643103966270090 91.673434257257043 64.283589576569270 44.944962509626706 80.823690020002957 35.416955592662113 64.676968017483588 8.631171077885769 70.808719204995384 50.456254378658329 76.699340301956227 49.992437262924206 11.793712534281752 87.007808584690665 16.348667545162154 41.467330311582415 72.748766226834533 82.077756520097708 4.114444047545584 52.115886115971719 57.466327012998050 56.780098522736935 23.311595246032812 51.257333585047959 85.816501994747227 42.320125248909548 96.705878107807052 22.243328252498685 73.716867428085891 89.141510266667012 90.449156902202645 79.950885384244884 35.844366637367031 44.160606559442662 80.414221931258481 31.056762346199839 94.863711872841066 17.219055193391153 14.723466725327805 78.921056758252661 70.038688990531853 95.318083279219351 22.359514614404365 51.289824655557439 67.719663559177064 97.137482248902089 64.263990518094559 6.598779268215427 52.415071997504448 99.109792468255904 94.396399660011880 57.057432202424444 66.497200078563026 89.794564321234859 24.980544663212100 45.863699071007915 58.821745589012806 55.362465673387987 44.593976319770547 36.718452505522805 8.579596862586437 29.586751250453435 35.204337669522204 54.598447045149634 45.376442479699698 32.491253690229335 84.492835974997007 22.680177178324357 33.193925833060298 46.821322047964898 75.803705028702922 89.447844858843496 23.751352192750584 18.813136095263715 59.679873179061595 99.402359122890871 35.202571338730635 91.458449088609555 59.276067123022194 15.782173320640148 72.177729778700794 85.621098402837120 91.300379642852377 12.187956911507625 41.635923976550679 6.540617879542854 35.124311446148262 9.452735476002626 56.997654910324037 16.470931656940422 93.027824828710436 32.691347833955675 58.970415124439569 57.326482947256622 99.983895400612681 76.675796838804075 60.818281891204094 45.663491828956495 50.297810656102207 77.726457735738435 67.639161911987060 60.980572015939735 85.707712752961015 21.286353360010601 74.939945079459619 32.918218977430655 38.037009183423351 35.441858243020228 61.239498189471377 43.131440839958699 79.106622192205876 40.417114623543718 21.566093464263048 69.315413585573367 5.142769233514787 71.177537575835927 40.752064444515334 38.045461433970928 19.591217471276778 41.666476819568530 31.831879358619673 40.676951714823687 49.218924681275297 53.723105751097279 87.373952647710482 6.451381943544876 27.484987810229722 73.683255094202565
51.843467972415738 37.014277538891761 63.635854283096052 9.221109578072383 32.745904830865783 48.812859844065358 19.101344790264829 93.677449985611503 85.104430405942338 67.219937317778601 93.356804566599521 36.588670123535493 61.725008710106309 51.515236147854267 83.793972803133798 51.893176748184146 24.767166761734828 53.856703470846966 52.092992634241028 64.871884408189246 0.217698461756388 10.468250758905228 66.801937199188700 49.307460978026199 59.624607980969834 71.867483269996526 97.486454472033998 24.205378347442540 54.607715979609431 19.985171360345610 7.205299049336478 80.702786941495120 71.176861777771734 28.033332732186487 68.317829785430433 12.276412504015932 38.889360206965662 48.932030973800266 23.189467898390248 36.858310247447633 46.435052011248324 67.394958858910741 47.131762677811459 45.600365511927464 85.244025089364555 79.877959009847174 75.451015309874606 67.801624464245194 46.012019664678562 11.803606159820346 38.389390197582721 72.593777978902608 94.703734906374009 90.636391745398669 54.613505327995171 42.638683503078504 22.547472682190918 51.077845803470176 96.614322083042239 56.270445628523383 55.819857087046373 32.167107668695593 12.956715027919618 28.142741232911604 87.682222715928788 38.470442557437167 57.468634037717671 63.902776953775422 26.832298693496924 68.637251209741351 90.875279831596472 1.043940667517562 86.021944107830421 81.052797805791840 88.796204920325025 22.419296212429064 82.011798594598602 52.445977371773687 65.982482729362246 16.081965409820530 40.504338968614185 18.268822090313709 81.247688322471987 68.761040176226700 34.984114677199408 5.714311463152566 77.008277160443726 9.059835661781257 45.915424763415203 36.650405430395971 31.653189999870644 9.409495149040614 5.628604833933215 15.992149481523942 1.741910550420378 8.070199362891927 60.405920569181973 54.667654527525556 25.105905728041520 10.462779735828487 63.711762292271111 45.246814770646758 81.723371632077274 46.983339853884246 50.880120990206123 90.597354158308519 32.710583661991379 36.040115538209875 24.727319279779035 25.447117984311340 25.094792502595155 91.288393646752652 14.181586591070438 19.859474992268378 13.634850512464869 20.336324477431369 49.646260183037469 37.959490486862101 53.424592756567876 44.346338026641739 13.398372864562823 60.214430689407706 56.576279804437171 27.711196596855881 28.152799186751089 84.430991872139813 67.344598134347137 12.984385994323677 66.787373092869188 59.708826544615235 53.662416671636805 25.771265716089676 16.365196832573460 38.464266792944038 27.234163715653882 68.537011330566315 91.582097650863034 51.006536216943068 27.343378980993737 70.625999026498107 97.187050004963893 33.433794250657456 32.643574640204911 69.504459148755515 5.923857738589766 9.345777786215370 24.311770259140008 90.301834394989399 43.164066665065135 72.056220739610936 84.174748081621743 88.950456234458557 64.712080404492781 64.816219944481688 58.552269015275456 50.183374031624638 52.760041544011891 46.334431282394242 20.745169163891553 10.532668279149037 56.300873448901903 95.498008893357138 62.323374577656828 65.421010324590299 39.807615719895594 28.184193503918397 38.605133938301250 6.472934547357301 98.802853477948887 87.111907449803411 16.718738951652600 16.620203738856386 69.137290621109429 99.982771943609833 75.451003800613478 29.569007321240136 35.878247702255791 22.426456541002704 26.603090189073043 43.926048082740955 39.789218787171990 38.341450055208895 19.084735118955422 59.804519878493082 97.450854462625230 16.747805724764429 88.252886776261136 41.663585945616731 20.069444506535948 32.094183425233879 19.450758111694235 59.892984485419319 64.296125410183379 62.214936479890447 28.853000711124032 6.709034574989348 88.233089853014064 30.289319727657961 66.058435382247339 7.490507608748409
17.371539847934457 38.650769617157806 90.557063816547412 14.049862511470156 40.061403728989454 1.640549549494863 28.680811735344303 63.554564957704621 2.194642594464213 20.740608087113433 36.675019478436077 33.950882242069312 85.914856773094883 45.424762044951365 19.702799944488760 85.018785218500895 65.121262899714580 44.956539798709251 93.612549936167539 0.667275612660800 94.287724967640926 12.881231788690217 64.132551431088970 69.955602461539627 38.772642504774360 38.943726432143158 95.210718120342364 63.570357863903723 68.497918620410786 60.720801391954197 44.049216744232702 44.385749245123293 54.888449149909881 34.249325770137574 33.081843880935047 4.792132387614101 13.380081497791728 65.648439935890352 82.079250931493959 15.275794746975135 15.449095905233323 74.888913144957641 42.913659096109683 88.319928423433865 89.888934950929482 82.225458736924111 79.112050610732851 84.795571042746886 70.872991182832763 80.482100381431593 26.709267197406838 60.688922031323635 64.611286435056897 39.212522336125687 83.370703101174996 2.463704048510340 86.335755163021460 21.031562372850154 69.109784460552177 82.821679274810293 99.545290367685737 57.986399920596284 51.093477821998846 15.198039599277212 27.610263193276385 8.607542287996806 26.974298177851875 15.435207267701145 86.084471909119586 88.605941352271373 13.768882595250487 6.624355490027412 87.342326884635270 5.451224343291794 65.788765701214984 36.211695970903705 97.294840980978933 47.536676010557812 87.647201997254456 10.242612933052920 54.328278865358001 4.179127556409190 3.393297296434328 62.772503435604307 44.960789902621421 97.670878564332938 45.539509353575859 97.409290282252869 52.043872460768050 85.770742512197714 31.559120433720832 71.225081184616982 48.733810499346141 69.377569243212889 70.529632947002327 34.079711756148889 93.912574792538166 13.257091766100260 21.229927421432539 31.306938791050833 51.702132089211418 46.547084976675734 44.058863165781112 53.614636910296710 79.393628704400783 23.308702437980099 0.748137652089931 25.559593176365681 15.191606817835101 42.010751336718776 87.502973709763452 24.903915126327636 21.875583867214708 6.186310387602845 88.187094679307677 41.689294903550447 13.926065743703763 19.853994496616746 34.142424730683707 76.949252781052635 12.981414403683312 66.758957028900937 82.972219712585286 91.636058929634331 1.183233902871161 80.217053942458506 38.299314462892028 59.635091036723310 48.891838989577273 59.339840713412919 75.986523935340998 89.407022629025008 67.638840987839117 20.763011886983374 70.962114892658860 32.525511591741541 19.646766763558333 1.816839476526144 99.685855688419466 81.514010516611094 21.867563923914311 77.212458012705781 93.306861636118214 14.481946028915637 70.033939946426514 34.599284472002665 3.493178400733110 38.904068966272263 1.347464323387981 28.638165120865679 62.741114991773415 13.739991431204023 19.438192222425997 15.666588058329422 23.197276162791958 76.228282608348650 68.803116344296825 92.580594323579348 76.581306440858356 21.649586033850397 62.934291588274093 40.935619971945123 15.382743255091258 8.213333491229646 40.705523150170706 29.499441266042293 66.402930001454692 99.163639982863984 68.224364921825966 70.918831258057011 84.823997981920684 19.013003322338552 90.455440451826576 51.996093334177196 48.149723453800320 4.426195564665091 70.045906863252810 64.331337662527787 75.070659799876410 61.148662495775739 26.513102237755160 65.995255037011901 25.483542922897186 70.086075046059946 92.812129928321866 62.796200418771605 72.792481448558519 46.329629449636144 52.022718220926819 30.945841431564482 91.815393835292497 83.434556744276804 98.456788988566302 39.946785619641709 40.950931185612994 82.077850508036022 6.595879771900104 91.716947721571032 34.565945798783929 1.248057166996719
46.599672156856400 20.965385429623630 5.436346326418018 17.089091579138017 67.322262505214397 10.786624477609708 49.517777982490507 48.265619660272705 69.630557626935556 50.735544320660608 74.907184238313775 44.762025102147184 80.135309701997187 35.682783100533143 76.097778651271625 56.407890516904246 39.148448136244426 27.979663200701598 51.365946683904994 90.020198647223808 15.768398480850710 55.146078006612065 38.856285677934622 87.960570697289370 54.346070512177022 51.659428991806422 15.454880039682594 27.488478717551079 18.115929644580564 32.440254332834463 27.007365727924427 66.769450560955633 27.063604696441768 45.741351641918641 1.265476371882557 63.691293252009494 64.944758162145149 22.049409255170580 70.359553532958884 69.090929808002812 41.423622415645497 99.772385002053113 50.292229060316807 70.296386249467488 88.198974151751443 46.190784943570293 69.016983525410822 66.653822721263566 90.779243938226259 77.799137725576244 15.253293909972388 22.028917901758938 36.920776979807727 36.148769539281865 92.140126729815876 20.650543509829934 81.604642431849740 1.801339945035829 3.180666733633075 87.195631527819685 49.914347738777842 60.098377043685488 98.170410613923750 81.560949296416723 60.667200289264791 80.236224666953291 80.524227705176116 37.293703245189114 88.992848418364062 89.721022221491580 26.572991726622476 96.383109293336176 42.523167364883193 88.022105723616860 12.993223673027131 20.318243739098985 40.310767745759044 67.463742382478188 93.018410957235446 39.895807882415099 30.039800419113348 16.737191436020428 85.264224383437394 46.996456124906118 1.502950533224123 47.951839333104807 97.592900362274008 55.995388752047170 14.552141433960353 81.801207711665953 74.783710103864735 30.951421512317989 93.028109614471674 20.291840217951506 64.637493231039201 30.224688273571076 23.188984760132115 42.126446810762616 16.445697651320579 57.783156977908881 9.696167896266349 13.140121703028761 94.540375908400009 92.041312172257378 18.897455187463454 22.165535513234758 96.365960633569188 35.295725844948713 8.203179154654251 5.353199581826795 43.580066116682879 97.997060637885255 24.904839731955462 10.702664495210589 88.298884500436500 66.361849589563533 82.034227018808252 93.089908295931650 24.969755294751263 9.925194352878686 58.648541284535938 25.819298039924831 42.278485545716023 98.898503095171890 72.166815971067066 65.705735672015052 10.776433055292877 25.624493999534291 7.950731730229855 54.389364452331066 82.353971518870281 45.260844966014567 67.607575512840739 54.705690250182471 68.487019158357896 49.516479673132928 99.500201488903073 86.057315198976340 53.194660286923600 76.077148751488792 93.167319078620238 71.721278581020840 67.717585200135687 32.580847437305053 73.968164708493774 95.296177014142089 84.670872793773697 51.470083057602523 40.867874959854170 24.388965435216214 92.402435121556778 52.556748076495474 3.306162365022969 31.057537177578844 55.630167944752614 40.821446778420224 62.564550629221138 78.449569959825297 15.701434452162067 92.521892472274999 80.888876984307615 46.543175965243080 72.726335094248242 54.637800535999148 7.840868776118470 77.550047173656381 57.654002010800220 34.941583380444030 28.675961969236873 5.749149097710770 67.473768808974185 64.167269056980913 78.369224544772507 37.252456444733681 54.678529089568350 92.269850286921283 92.419440786770011 62.301140043780215 28.042036813414949 82.711846209229350 53.051697713905689 44.626313499463613 5.494661447852478 50.398581785915589 4.929279211042403 85.117309540656578 9.088487670574331 83.281203332301359 47.718180911076701 25.128768689207071 2.639226076464896 21.453048629537985 17.712073101625936 81.050283072807659 48.512134787859949 31.004540773142107 98.033698773222952 58.091796307607659 60.600635245517353 23.321817391038092
62.268392640467006 30.102678921794425 17.276859978707314 12.738838514133056 29.864858002015705 47.066005740365526 56.846641985619073 1.718190734471436 80.146792518175701 30.731489425796621 62.275990647903924 14.644853101592171 49.326162008608286 78.664566816060670 28.905098291632459 81.508690747717878 31.587517749231097 49.118209130385374 40.025251036526143 91.947485286407726 13.837741110627711 2.465654151973407 44.344629232797715 37.243122509341788 97.182795110597866 96.762586301747376 75.818789002994706 63.249874806983975 86.094696730314539 11.939785507677115 53.229471485851434 26.928551916716771 73.835347639920386 83.460260048418519 73.693505537659391 53.695807632466988 68.848549262670204 85.601702289504885 71.168374925091669 49.007422743552084 22.352529554897316 45.661528143239558 60.997595370699884 2.830075373790464 62.764963629227907 20.523113200948128 78.757729772351709 88.105645213565694 45.919699791280280 66.431920208163049 32.372115468391868 66.357518423314843 16.874150640882668 82.551471917832771 5.135787790277391 10.671829117903586 48.124681674655648 26.267509521917432 53.111309721657094 7.070172261154939 23.142416058251001 37.280457957112233 35.982198541232158 10.160062969173156 27.076199587161721 47.654708170307934 52.415171364719370 2.829115667070481 52.086240841280684 1.450906221282400 69.737612115906586 45.201075608516405 9.071209316322381 32.022396018246212 71.552965300686708 3.540369494376117 17.885973679129286 51.476539753357621 72.207423739604920 28.798456142596397 97.769553711380979 88.974978797910666 94.431171546503549 55.746322173838045 1.072077089235990 75.608229825497347 2.365183330034859 43.537912897202538 51.212962701969325 82.335722354664796 68.522752384899448 56.960933533800286 68.452874607668548 23.662471808568341 52.511093140938314 8.725213030636681 27.348050352241227 4.651981313574948 9.901358564449081 68.750029194961698 20.207595137190339 6.926195496576715 37.975863773450854 14.362173841714398 33.088030133553822 37.079944454687855 56.779779603087007 81.376266963360251 44.453134887366254 55.092418461700277 23.883590011278756 65.187495482577987 14.530017563832565 71.150093971296528 18.589716037998492 8.706437685440571 72.866897512159127 18.807638601913869 67.373702398934043 9.379506631605217 3.721386389070991 84.829777800923821 63.208788447444142 74.724277309192217 28.179669648033425 29.282076453915707 50.035509050272950 16.880961879236779 54.008983855014925 32.376570442219169 10.601134880824469 29.801914253880902 41.449705855823950 47.418019463468298 79.466153696599719 16.902258690157900 59.832242814837777 34.619233950299275 77.728960023474713 39.765489420692923 12.146088661549504 83.791038571643753 86.461316592093453 59.030977999662312 70.457705712162351 35.069380293831166 93.676540220466194 74.555075696029704 72.141558339483169 27.419700369888965 40.963672977898966 79.789498403707285 95.032606153993754 44.582320054856936 10.959039553921201 63.635484202609440 18.182382145804809 10.810182058147323 16.730852876234760 58.046105077993637 19.527686965812808 90.191351919555203 89.459436636469434 65.609911001115890 17.335090052260295 7.499772063597687 1.009445416349997 56.569238116483433 9.032852872320362 67.734294590524200 80.827018049438777 98.686014586013428 0.639767770234623 74.228674979968716 70.544544628491408 83.674894030450318 64.715634289012598 26.012972581723638 76.222719316388918 9.890507762073009 79.284061633337913 84.517281644633613 89.186341028056376 95.721623540607382 69.217809764347805 82.542696577495960 94.558951711886536 59.495352673430844 98.037068253177992 59.618666767314267 36.228356799845486 52.832756430582769 66.443016515295440 4.566782715475215 50.378034742916597 86.160283853746378 64.150647069350455 16.938953519955845 67.864582653415411 14.974491175972283
21.428790130933283 89.551149237632501 15.261470579477276 20.732386718852702 7.597089882424890 35.893480255181963 13.991511808178114 95.297613117793560 98.625310164463158 24.579825388134392 20.585608216340034 79.064377875654785 35.459183848768795 97.874584509534685 16.214900357399220 55.418777028989538 16.263904987459345 18.043067250389200 41.006601499866321 19.863246176031911 54.476956896614581 4.167033858309632 38.194671699370872 78.669315460153683 33.076307268256144 52.015631273228259 57.516716778156727 1.579591848693085 80.267626831350256 31.795240893071210 37.040837971099059 15.903839557599685 22.862397010715942 99.695698552934033 98.562872484721183 76.166605183149656 85.829488977507424 51.866423562900209 97.190388753970495 88.197560948929805 46.458450287860153 28.344380858264341 9.812774165719206 56.466752380838912 14.204697814795731 38.731788459065378 77.309334384240955 65.358113189365227 93.930131386286249 20.499281662065794 67.598048370619750 92.232944906272436 9.383101343613799 40.258660101019295 53.320407694745100 40.820324686284629 50.788993830283125 45.591941739327659 5.700789071340218 79.327544671775414 5.345738368430752 16.086041902073411 45.837729225022159 51.793996689385239 53.311832710439845 13.975368667483767 13.183367902040100 13.800055656361188 20.954509686307265 89.724451842865776 60.957162281045726 88.964836542198739 16.210072036370061 32.002783990427865 47.457658694333091 89.234410703042826 7.122739861204719 13.648781781621411 85.372155740836860 69.885792319422407 78.086378064833156 96.008375028814967 12.349250280181757 53.025527237558769 18.082567871730561 53.489282268337547 52.744615936518500 9.742298233152336 11.908086004319040 96.696524465634170 83.503175282414290 32.301980015580668 46.889637440328158 62.420854193714916 38.817351905521789 63.113507539899217 23.696516958049717 35.619493685795042 96.463655418865983 53.891541856003485 37.089968660471726 22.031916277072305 35.397028555974998 61.038610710539629 37.430820555329113 42.360063156078510 76.111724171764678 31.357695676662122 60.807448708070119 85.098671546605019 5.732866920708835 63.421871875791936 55.552635931971373 61.323557153861522 71.182904450978612 63.876688212025243 12.825658365458192 18.959242285855606 66.269161817701089 8.823050115845732 48.751290117457771 20.696317145830335 41.869613649210358 16.386763750217494 22.640815176125308 43.479120648561796 22.836435224015993 76.257018424793998 63.297929052778592 4.103863265850805 70.124795544497474 1.618777487216938 49.149236619851081 4.029331782612322 40.041623748975397 63.570233169940650 14.247875837832458 9.042903022108161 9.256989994136299 62.893127280449903 76.996713565366051 73.432418288179065 44.629470565210148 96.117159199065796 68.981031016219205 14.854556441997147 54.475343540854261 15.176545347750492 19.516741984421039 5.316558530888371 17.647918916830662 26.172074177891226 66.637051141329835 15.934005409466490 87.539434910006975 10.297166585291107 75.670879810793437 70.120395183095781 98.647549545278409 21.170441772014236 2.616353940159521 51.564258719392143 57.762401468227843 80.057115164777471 79.649112972803721 78.448230069398278 49.716621849188101 61.592423432401802 45.766535441310822 61.995349276836912 57.714957075135409 52.768530605246525 71.363371589476515 29.471469895373204 58.377100546038150 52.638489022103961 73.139440584176157 0.824876497862348 2.863823924104192 88.221939972670597 96.679523557902556 91.380122598540865 0.965681725157963 7.813475801662606 97.212359699675261 71.728232218603281 53.056314178210727 50.153610000294776 93.915015768736311 7.104770329881182 63.478341531388239 41.493229399058563 84.802519777109026 47.852722439667595 51.722952174535699 74.022692856667604 57.169469041146733 35.351397694334587 91.087973726177879 37.547741326202164
88.097474441429682 66.210986947112318 89.199365184338902 80.411836279722309 86.122974655298847 43.140863131107032 38.077002238270666 42.161810992297077 20.116995297126284 57.818116736239254 16.359363991331232 17.940939361376461 72.486241068934916 29.775374786960619 86.426910457562059 76.752670101244419 8.926221061838223 67.503883383158396 21.455323626209420 53.987851737883688 4.598275746849446 65.937238969741102 96.345387962052413 50.307721608054671 68.370504744004819 18.954423867874283 0.162986401785359 59.041573465349082 70.282710834016171 48.277477333834931 27.455866884570533 93.698099374932070 35.265677098214731 5.110804168711535 59.284939642626391 77.022726820789700 30.290518762311624 63.651818340254941 62.366296582479841 40.760581683364592 12.223978948337278 42.691221161427748 74.187482250093396 90.590979619786154 35.381822518327908 56.068454171153959 3.257621631760421 22.312062097000695 6.587253604930043 87.426453450268241 43.382988788768039 65.322646058362224 89.553309408724402 40.616217466868711 82.209086512720447 4.225265460197547 20.694385894805510 82.396598010256483 64.498094769396047 24.008243483583623 68.421647465977031 46.413305958560457 35.045240110710907 61.816691241375018 42.531171374743238 38.373172977290182 7.079021052038826 7.217075921945815 34.699905866661453 31.931307422381515 12.466342926338058 18.208269544776400 49.302420060035367 4.054782533368007 62.346464488273426 98.644053604839755 3.192429862336366 69.988605485374052 62.678413454234139 75.615200709228574 48.721061308798738 10.702457809585120 36.734330276230686 4.356463634394069 0.183357319612998 10.323180630462382 87.963304006694813 29.057833537260514 86.774753892656534 34.739172878529054 60.254012459820636 97.132827668177029 58.875628657540723 31.529067917276766 85.345160008278654 54.808341001740132 39.565235430092130 90.661923331619150 53.796532339766877 40.272880414490366 64.674320534505654 54.906493932372548 15.439735019972511 15.083376821692063 13.694989567911275 45.153280020392103 1.460791891341862 80.841988706689534 5.276612513076029 64.001906028994341 89.886995885764776 55.789367923641620 87.275674942251484 92.588770258000778 63.292496473867601 24.924838950396968 54.056969128752719 82.957170805953922 66.279349746467659 66.437750247609941 5.651709453654297 82.389906617328933 96.072988900615073 81.725841705991400 52.054308681066367 15.401342301636733 8.721367397318813 76.001914839775893 23.717191081470933 9.982048262917454 9.365705564928851 73.366270412048380 33.464148370381530 35.331909980338871 56.523349896075139 28.411878981632967 56.844870482054496 13.695452243543327 7.440142322329280 9.347796880990810 98.397911928443463 48.224799781823002 55.072148474277363 5.246053552901753 8.058945741985223 52.351009677724804 34.230541480128792 41.340103509563640 11.304729362188448 49.046316125023218 98.514637777341150 77.789655278511219 24.076598612995571 37.858651336989965 70.865812666142389 21.428786130042177 95.751709263015741 93.788922498992576 70.000581214267001 45.781913633201555 92.330542859960673 50.442027141253419 45.556195760172635 21.263486824952459 55.428151846381915 14.766123652306550 0.699788170754778 34.280927690622320 99.617305291403980 61.015041563627584 30.008933301878670 64.116483841231954 23.786455437568122 74.573277756082319 46.041427622062706 16.211772971641381 24.005005100120304 2.083746789331975 47.631500897615751 0.728595614893224 20.247196824598323 18.436401720171279 32.655030930667884 94.379022171722099 3.332929218253489 33.108133035784604 63.169068739740396 4.316783846596617 43.110775050361369 96.466290073097994 35.001074283367664 20.591271540362232 39.314775759666546 60.196854516983123 53.492454015406253 44.978105500236353 99.744280503126433 93.157204459857013 64.458539109404782 62.293141643107198
0.838266275348232 11.876487478289576 22.251613175055386 21.536998745222068 37.562337544622956 35.550307257618776 58.632991361334099 81.960144670156296 8.152166365963664 48.645026471155575 9.889857730854434 89.401101550514255 18.847170033581463 87.734605919409091 53.431261643956894 73.491316938070554 99.078865870823378 11.638524591528688 15.104472473986352 89.255865040674763 52.388339191014829 25.550878358893982 44.425537813955330 9.081108267927473 5.548013898911098 99.937999480456781 5.943607267355211 66.446317497303383 59.291263942251092 8.775062348158713 11.021449023923635 76.909737894279445 45.561645266246472 25.916913407647712 86.756326039813302 55.954936682100730 27.318423297081541 15.781484408791602 78.437149573788062 80.106097391499148 95.555321995362789 33.224363585924422 58.323433369302379 28.316583318906108 34.122536266921621 45.446028781732025 93.498695448104357 69.736511495538920 87.395849190319552 38.096460287104620 42.161227839532437 70.407111314540970 6.096343871695620 77.067774064700174 43.903237133760001 1.848524069788871 24.937629189416054 66.903631134197866 25.256424723931957 20.121909475433863 72.048417361470072 28.384636406751419 23.261369846935885 93.354655322025806 67.819051355019909 78.421002628286104 76.580876416287737 31.132012972518307 58.309132209490343 82.077269000568748 35.846232462421845 40.525047874351550 79.725630054431946 21.164663414421270 81.823433087171736 5.299628728388805 16.706182831903270 33.976037520427681 94.087567748909692 65.163895849103582 25.227372121852220 25.174154055553586 68.105439921611747 68.725641234143225 37.849518568960328 67.002312387025597 70.426378933487044 20.781496877876691 65.867183498370579 22.101003180253986 16.114229365208267 1.017981743777552 4.513719990863185 73.420158056065432 12.437277070500297 94.549013313730143 79.693185922913699 98.715850187439258 87.899068533914928 96.817114650784831 92.990617737430298 17.981593752100611 21.759289581560804 63.493381306054260 68.174898153224120 90.663373595052448 66.560469806635354 62.892643760215513 69.274351231278033 25.720434835222562 89.622109119484676 80.717774223810096 32.705311037035692 73.405047866844953 92.587416840447261 52.640756273532162 94.451711751699065 47.122369141195342 42.942433958294735 25.624765441994256 25.045187478216846 73.869557004843529 91.393234259347437 45.989833510048484 19.735035873157102 92.052699322225521 81.497991613967073 84.479699060745062 46.035042047983602 34.277734370859271 5.139396994141143 21.424954654025839 0.146328308864985 32.334258681521078 30.480021077981899 57.541195738775272 44.292597412621518 74.539927638047388 8.608747323140065 76.926667955390300 29.134251004018108 78.958631098886570 67.502810539721352 97.221643563578496 3.375832675458301 65.209813337788788 64.152890274076185 91.389400624799606 24.152649022196769 88.609525802373113 12.058071842902173 14.073828846631908 7.530495477591925 63.314012363583750 85.891227380357407 88.014178514181452 84.503188889104933 20.731410362049406 70.646370361784179 30.953869971599211 23.046623547886625 50.034560593743329 78.179232555012462 57.920610642057866 65.140612438629574 86.470193594970510 68.633505391667597 2.799217332468662 91.206970130965288 21.218252249645285 75.403911085155741 4.125947448874923 0.896850030949758 99.778147108797540 15.999368942093373 94.557848546037377 21.408052433428292 34.100676473099590 9.368634417350430 0.894711350013455 57.490677959489233 59.070872192047474 44.323433330027925 58.990705793702581 85.916092201655488 17.856952193395013 24.743126136253689 90.739473472543665 36.161117686997748 66.229572431796313 25.838336322497547 9.325702929711577 86.739126911584592 45.277389285336447 97.679174885399419 97.716718331216200 8.044954377158797 79.515133651865540 17.767763339532117 20.128527896196747
7.264729540838067 15.727435884074426 8.788259201505898 32.278133489032754 16.766381461482261 16.646332833861866 6.267094070113332 22.503702556622052 87.562949602574363 40.091049308826975 28.327774710420194 72.340918023984230 33.226156881088734 15.510509680686713 99.140845281359020 20.453813878340043 41.815765096468091 7.004048008988484 46.873064790656713 63.811531820138768 13.219026128992573 16.033197453592674 79.256881662760918 86.740555904312941 91.185890856755748 75.708632316035235 79.556258544892543 5.797810561838035 83.538788132517766 28.111369984793932 65.080727945417024 45.497219331088587 75.263092996141268 18.591552232390629 13.370736054946109 38.163263417032624 75.700682583481679 85.508332607618371 95.992645330721899 64.224873884699008 62.251269055644663 71.682295091416037 6.045276901624042 58.378987640955238 21.131562523277392 54.154016880978759 97.364157808366031 22.767552937429269 92.330315755341076 74.039643768745080 12.022273851861087 91.352889310340103 78.077317713929119 3.940075184039726 10.714485673633856 1.498336508347531 79.570906613487907 51.014243271616067 55.642584840181208 20.802760590973278 45.112216869646140 71.994557689758238 99.436141315211728 66.472383302014165 27.076986109432390 2.780239163171061 53.407795623279519 4.090558927925714 84.442164451118742 94.734751570802416 6.174184131462878 18.920685117367974 41.823226489411347 63.996906025771494 95.847685925924196 96.844400892479200 20.390445005635137 50.172393454057548 11.960105031075496 69.544109315214826 3.467626162935489 89.274307034477161 37.025426449898127 48.666850484178546 40.343498188700536 70.838440096975631 82.339526287129488 39.362360644398507 15.289790331783781 66.549813087337057 68.116330308352389 72.855761521232637 53.366478554753691 56.131229938025484 91.424145685225994 9.983991757982935 98.118461289052959 1.221184657299668 19.785475310433576 22.494759318444213 26.932624478943325 7.218455853759242 46.085599284128229 66.475748761979560 86.166621851621102 84.833125869980393 4.835680674201659 35.235933965058578 30.718415013598801 34.862289072119268 65.398404419191877 73.037207286135185 96.253541830279829 63.340853752848133 32.115318849525906 39.827972692118642 13.686773725678947 23.122841263688198 90.991269205938636 67.717898803573178 24.687908281466498 72.376269462736005 55.495056276322053 48.933950833553375 80.571801158792439 14.408949666206006 8.097697986715403 7.356450803017644 35.779454736468331 14.255696898038384 70.321210518035997 66.420294973219512 61.061706926958180 30.975157670921092 6.482938696072194 61.977883198976315 30.524267165007622 20.684903489132257 2.548014281728594 85.535702188075163 17.615896161659105 9.057479442767457 17.819776926447183 47.421822498433116 91.400221075005277 91.102753797475515 48.614762359754479 25.294345780106998 4.026909865290906 99.767969471289405 67.290083987842777 77.385718715036873 14.541599851966780 70.787338676360775 1.846364082034646 88.448603740955761 39.697567030700540 8.551874991550768 43.210259290900034 10.634086707863077 60.190892100243040 61.972306266162313 3.330814408871685 5.982097897938987 84.526121242064207 74.138976367275347 44.365119092114533 77.782494541971332 81.664280333309321 26.398456093217316 57.912662571728177 23.720023444157391 45.852415634504155 62.813991322057852 48.024863807643513 42.691994242362810 19.994179578452918 16.952150348466610 47.643935943828765 84.251334804828033 53.654392441039242 82.966341406898209 22.788269778247795 32.433420675897970 81.727146764535874 4.359397759642658 40.441361285534192 79.324527614474889 59.266740126507891 17.475416851094970 70.476692596826041 3.711450375929881 30.254348587158375 43.582548266559314 40.440941417400090 70.306522922512755 40.464126652447518 22.681203039328356 2.146860212308654 43.831505853243378
78.977568757236199 69.780397890122075 36.943528563433972 9.309103833092426 29.742493506544797 46.183286385564649 0.541302135078081 29.415389380975586 48.183422676957996 73.448221082459881 38.149524384462133 75.044153103174722 81.270225216793364 43.608348650243457 70.424342888124997 93.249434077474803 8.859524372789851 95.866445361341960 84.648882312776081 47.416472439731706 59.096866822964408 87.798001133130683 64.896344495378685 6.366559539425554 43.951345704431446 49.869903601855839 66.928781824694909 0.235979472524528 34.343765346452926 46.737629371300891 11.001704432636206 71.547709963160827 43.551233371572970 87.594654596823744 45.437493182274793 21.891021967651426 64.407863992707433 23.705792335781904 17.721692773375185 69.580463363721691 75.298038581535295 36.657315916292887 2.925212441723579 85.900316975499692 63.660241902463724 80.752902351169908 64.539632871838592 86.317506894691903 57.621781536383196 24.372114068914076 72.282508140210382 29.615763102688518 34.279011081198838 44.131255404870927 19.263962737123286 75.674072207269987 25.095555188860374 59.260064514161115 94.409348302862085 6.562189467920643 43.418179046483097 67.930361517294031 44.994050174741076 13.678499742273697 9.692467974743145 86.661210399462192 21.725429206674896 93.810797282944478 86.843030623224053 32.488204283029333 8.061573873592497 55.590653603309704 99.326836065175812 34.507270737355256 94.978967743082976 23.552006325928144 16.926102336897387 15.362721354538012 36.815218850951922 63.746295105476548 75.608451850597689 3.417264145574717 62.670230135374702 8.493587111213973 54.576460340778453 71.308767270340098 99.555187752818370 75.018469917287177 30.543081008551276 84.981498724734124 23.491436440974610 51.490302953365671 55.473366042592808 54.429922512145744 69.952414645176034 18.104969730325660 96.405201399328078 69.577305594429362 70.257547703702087 10.390870012320629 58.214944751131824 69.052567137853458 46.153806671854269 87.346754987290439 46.758847260992432 92.377491296199295 3.497850582155959 86.578194422144378 76.335696120287579 18.092349574306677 35.918884086316169 75.748924207937378 55.567288851610705 40.814849373959774 22.918905494919560 57.232378147315657 25.054236665665751 28.632344518040064 84.724988591670339 63.907421211075530 50.716242396788289 51.999858336787007 64.605630649455932 89.507057004611113 85.816718122097598 63.083396171228621 30.329709448254093 15.046786777142485 95.899933510088843 95.401051785827505 60.660437660570331 92.912230202762544 36.061968998720971 14.659123847498702 29.773934740199557 43.625884085725190 37.365219799550722 67.157702959351269 62.472310358435955 52.071426324715851 85.492526785437576 37.086021193282235 26.371095513362608 74.694626024815207 82.785399104506283 45.296819875754856 48.816693825274157 61.765847965130469 26.660371721496666 62.813742053671838 30.283222582699565 36.175083859412361 14.358783184776158 56.919853779908621 67.752419869221612 33.561283115662107 89.972656150468666 94.492975608750839 6.172966732148899 55.563073372277941 7.147858576923882 27.320109446822403 50.469271181062602 37.701258926715198 56.657966414646580 39.128682070921819 97.535173786121405 66.446384683180568 65.143425835151461 67.665029146484130 42.603251590639914 25.947335149573757 84.719423758940394 52.956326391897420 92.358856084602508 2.363111914460692 11.216528118238712 79.827246565680881 49.945998671326961 93.404302768573714 0.740806254685789 11.894948547022544 18.611362724945124 26.303224357929757 86.468550660884731 45.993350346956476 33.826023225639382 52.946340994978023 64.458431654671259 21.364767362743297 79.475095773525339 12.746637881301648 71.815976100597439 36.738524574480515 83.988364898602569 55.137911277895270 4.233152891302250 66.526817989155248 92.633419709109845 45.252949657176408
59.651758012356957 31.960187267547834 4.706487437637463 68.375201156781202 91.249801799603944 94.693330342133692 2.527323910160773 15.802567191067919 18.920292600485912 4.501789023137270 23.573038767809617 22.974963890453271 9.247536247922438 48.226831041760491 18.578903887979138 84.800115961456086 4.094714774779417 20.572463670302920 44.298514586253710 41.625480126866968 85.011041786662105 68.672903246360605 80.811315620041626 94.653522652900065 81.697796154955810 6.357754212827571 17.900284047382840 43.814414907159147 68.048529910995981 91.050906277887378 95.791081882194334 25.625051876283280 13.627157731316730 35.302572981307826 20.461815249599635 89.540027983468747 72.506228864654460 45.626224115692594 32.676371928986157 12.590696334028973 48.248883297837978 77.429502424778363 3.718488089836502 24.635196407831284 54.812344332611019 52.859498097811638 3.420711944209698 60.922028265963881 25.873820530622904 14.027424631732599 29.265799996918794 37.802109938292226 92.502145528931521 72.692816204835225 87.548710888546239 9.324043107214287 39.997608731872589 52.132850331123194 8.945946165057272 35.236674885117971 29.569015851770875 79.447838673515108 69.023853033269532 67.582742855557683 35.959192623823299 87.943035322833779 39.521205397548933 56.506249813660759 44.480940840828801 83.413263904307200 5.605539315396824 83.345481954119975 15.016916663684388 50.200808554813349 42.298716884042712 67.464135142556842 35.562934191960025 10.639439347875401 12.142919861815749 97.282304799113234 89.949504938062702 47.328195256532183 54.287731649295502 99.097491208850627 57.060907609863378 30.416495801817533 88.514372956462424 97.741740092226152 61.047742273572027 99.058052817645319 64.748900909867686 41.830117302045799 18.733841737147561 17.884754777174685 8.236241928084265 98.281532833584279 94.954442563219800 35.481778661609141 68.980689718376581 79.130482532469188 4.478249418727486 8.574793230394151 0.301994327733301 60.495466368015485 40.379071651374510 52.186086604207475 64.755790060480706 16.960020517837116 86.048952085657461 86.153275272554026 63.386881968882946 99.237217952695516 10.809121652243913 36.203676831219269 41.354653795177029 52.807318359300623 11.213164235006390 50.672236244438928 86.228238946205423 23.000137426429479 2.527284274341612 55.221448680097154 20.944263425016885 61.680775282438326 44.595061436375893 0.400938848135401 17.384772605377062 8.134124615392068 65.977546558884697 89.192064717949762 50.611623835019692 86.571027833017297 83.319988158691785 29.056013959886041 4.990544266975771 20.417109132442267 70.490811610171107 11.041779895691173 0.403235418113990 39.999526238697648 26.755839449094342 16.791956808529850 19.008484021971274 67.220106959097180 49.497442111996584 52.601320458694026 18.584188202331443 98.862476344075162 65.853650507487629 44.044356532245324 32.543749077636932 11.134428634966120 9.208270495915594 61.246204903246024 51.948383519107800 71.703833706759340 89.582347403600693 77.965459391756085 77.058756782717680 46.020722104281390 98.013969855264932 89.162264895528352 5.436097538201768 67.776513128499118 79.059882810575459 96.688343494686464 82.306037550296679 50.110194212730910 84.171867435846153 16.758520493550943 63.123931349964202 48.796336607809963 62.947576867564493 80.841637333491377 8.343424836993696 79.472372966669084 78.921952043161383 3.720542478389344 82.501572244779936 43.260944804184653 43.852491277767868 51.706736930769168 80.594956353770698 70.130173621067783 26.082968757490466 10.517113474302608 85.628858557649323 49.476406939525084 77.778990093111332 77.102253235765446 41.837627898735853 49.912627634854331 95.501766982526632 83.654421253734156 56.128956177977749 46.691485823265602 61.053645197623943 93.174102966124977 44.025192281603132 80.500502303054262
90.313173613651827 37.505417671636430 36.862423988782744 2.123770417615245 14.506923438092700 38.718241992582435 3.744932064424189 6.551859875774635 5.437262952991162 99.249237486658686 37.448939351959062 92.121860810578113 81.848203319614669 51.640126899266292 63.138339524471000 76.430340354894824 37.396979693468190 84.723838826630853 81.023248793675691 75.243388984159807 8.738934626799432 15.330813055677661 70.996291067333644 75.752336644218531 81.087154532881826 16.610825252108231 83.006533086136898 72.468547594396782 18.336404933255512 29.558772929416843 2.014755334640894 74.776452923384596 24.974155475046643 32.063545781071568 2.272863174103179 81.643633241570484 62.281454264644765 65.559566265158949 31.972838572017213 30.583059400125112 27.640402280791132 94.109735822155585 5.717509393100350 29.170670396015741 6.483652208070900 64.866116014185522 22.956331512157803 9.950784691009973 84.305171898895736 74.709661110659425 96.809445007474579 91.043259031445203 53.353014460087756 5.729206409720888 35.513271398513005 71.696868987292632 24.234720891148211 96.605004951625489 4.435519459723636 76.963996190537188 66.774699430735737 93.930993854092009 53.559703239370712 61.851534807488370 45.883784454394551 52.687939068102629 84.172564017022921 35.476761948389580 40.328243395317052 50.504250407421715 38.557928706133026 7.855400843890648 20.709627787958460 15.982353103639312 9.913630418503539 50.918557832578436 36.409393331374908 63.559171170584385 46.534387357647191 64.869470888989795 8.898818030792155 7.616709529539245 13.741477296716875 32.418280335583816 84.506303573438103 14.685567677893607 96.127402726869661 87.768531742448459 23.849218444309837 31.326328482191855 10.326093077874388 69.170516429794247 10.070792358939929 13.631588167591591 77.341205917836561 81.314681750577989 60.416301575335517 82.157731739960340 24.063645112402899 4.768252307531551 53.590967669235056 96.469502766897037 47.175120836295903 60.902170709431147 60.082458368952899 1.571076952040240 69.742569677003374 72.321955400789037 1.564660578191679 56.749901951676826 63.510449222255851 96.443530798402790 65.231534462984158 8.069657235778715 36.430118690831229 11.573207239594741 4.728748945654971 65.414370664394568 1.964259467289842 21.237694689584252 15.987375331186527 96.504950698434996 34.865023009715024 58.284698621900056 45.756086804155160 35.639763543421168 12.218812735927509 49.295087036392601 4.119188658960082 28.742861090337602 79.137907579641237 85.160188105559186 28.181970927454024 50.378079608283620 75.942535157730333 28.253675552638068 73.384370578076684 38.441254987711091 78.688253753031745 40.896444517056942 77.940610672564617 16.709362876350696 11.591817638232838 83.290274827826025 28.088077956926437 41.989029381024999 93.689674217813618 10.848965225205875 74.724482592939154 60.112140976259219 45.197638562821695 27.210694682892566 69.816323724621654 41.738039127208474 46.098717638764299 18.791055586959203 26.011512342205311 42.149381692863209 57.093855073436885 12.952616791938876 60.496308849443579 7.060221765130348 40.003110700328591 41.874808269531307 75.875599564015886 59.222626812329395 28.335646595033847 34.084962396844332 66.769683942630110 69.576677104594879 12.750771993123223 57.088183451843534 50.515704629429848 79.104209022992222 28.559951292376027 48.003883518006596 23.737972285341801 81.087762684613892 1.826790675561507 26.045972759242275 29.898100206919299 9.399503983054613 13.495618498225880 87.113241402458570 81.346459980136629 62.758381457741628 45.889112896049554 97.609153051556262 15.743212265547058 22.704838988801502 77.481705068074376 24.033217934449702 0.447197047107006 24.761293773917401 33.393962026119041 43.544380548592997 50.251018981014049 78.554957645584096 92.038165193818202 70.102699638992561
63.712877809061716 99.793585032267387 98.516341785779687 13.912761887414726 44.521990991415052 75.683645997211428 41.344929549393449 31.810503533819613 77.587422402870743 46.898609627241349 72.740231411459035 61.014713433371959 74.017217850252734 53.280400701202183 95.009823755060779 22.863394115791635 80.534710800497763 50.142079993735045 93.390294692702710 6.002165788614500 16.129533901044535 43.743132135720465 67.935660019962611 52.719454137892455 51.910183417828826 18.323227210306626 88.781954946685900 52.137953664839479 54.025420234712918 83.909209533285448 67.722876458112196 69.230488297993872 8.058430639673887 33.291087411920863 68.063801420740617 30.292569352977829 0.288457164580935 20.536610687532388 71.878913768008459 62.647435395303106 82.777514669980164 63.834055362025801 23.155029363690495 32.533667917652707 47.356290948939481 97.294913919996958 47.135866079445989 80.761248828573500 20.656240999720033 34.590621640903962 69.451791026415492 29.734939548061735 73.183151519728867 24.576317966212546 14.697956612701280 40.724978091269733 81.806996603840147 21.327269428769025 87.060226620179876 99.403755106599206 58.558203931548370 49.005230451043033 38.891765220884977 87.051129967971747 87.263396286897390 67.236466638474994 64.494204881363999 27.474917737946814 77.171842917501081 61.322058854424213 87.231262462135092 75.048243908749157 16.260771617993964 15.536011355126478 64.719139280592813 74.431080683212343 96.648160319738452 46.192982866428380 17.267408327200883 5.221762648879247 75.076645923463332 92.082700524537202 28.453193818316524 82.862780608125817 66.770097468323897 70.056905766656712 18.568796684174959 54.879669831201561 42.741618987969666 74.815801753077920 28.678697942908794 36.342835703995611 12.866111995560258 56.763489728233004 26.087452871626617 0.252771185900025 2.559602305828212 87.764235741147886 54.001430607408373 60.856363839688377 60.437410314240616 65.470629608340474 67.857068068480160 24.020616973156695 10.373589977404162 74.612072764914998 55.531030113541014 46.916414083569165 24.361542370611787 54.883454756668534 45.444365651339034 92.962892158752737 22.826018449527542 28.099639954847934 32.536177713666248 3.053421151030589 19.567997464630970 50.061770352543711 8.563889964798410 3.687530849799803 42.190659601189274 99.168608120099620 33.468923934854956 18.664780332120912 40.451491430077787 37.633553704304433 26.329451268297344 26.020323594368755 28.646550519331214 98.442226861504793 58.042801637651728 49.329845163389571 31.341290176161905 56.651435312083777 71.858392001911582 88.385991973955484 6.911283156397651 81.609938182419043 84.457443053733314 32.218132675730928 6.985925482004173 28.537922792990233 31.899833178466210 18.109180182896612 71.775988847280985 48.406481033819034 49.507172907047035 83.489050662771277 82.220436913626699 29.746723949445407 4.768866917511194 33.491607852334681 38.954436455398621 94.316156543440172 84.379645483338734 34.364907706489198 41.171089933758353 29.673801263339563 18.246143258289216 77.235878976656551 96.682055296811356 68.583699260833569 27.413417529201478 11.503407729970194 62.708396648923213 28.787455285288189 0.094608455673195 44.894584008458203 27.007803023503897 38.838195533535355 77.044898233406784 70.656500097578373 87.543820261723624 2.148490470706854 15.474118814115812 25.198436037569572 34.374304658068475 62.902497876208926 49.599438064761550 57.966720659262414 96.362890891029252 38.682849869835763 29.106257979957583 85.166571731729249 59.740483187345269 84.245599551312750 0.372395967600347 69.195976516172834 86.177158632839379 65.933898134165602 72.674927675242714 87.289963311385094 61.840875618002869 76.387221214491646 67.803878462032458 48.490864989247726 28.725329312006831 16.361420884655399 60.348482891584396 36.770521637953898
3.919597107760164 12.353840047813136 40.348857148186298 96.531777293997706 55.855010637726167 18.577508207254390 36.159726721946896 15.511129346417007 26.946668702680611 58.106380439543827 85.371984083299552 79.718013122937293 22.613538339595983 7.853499113016039 27.493193297646624 5.266395134036628 23.564803355887921 19.181702786989774 70.689036681036271 60.718054578729642 67.864044471082593 67.770584816455411 62.964184200871223 44.148199498888054 39.466847143649161 89.662914164058961 20.315011275355477 70.329070914195682 19.422719144777602 65.207611161277327 5.853818059369753 26.714876529041621 54.770850390043847 91.805749081257403 19.866895557716681 97.669178280965468 34.235007275096152 99.319426133391971 16.874378829496138 90.111996763946507 55.021052127491352 3.804885468715291 99.409199938569969 78.065248092175736 1.871101991524315 35.183474751226285 5.322764623939003 97.858177689079611 5.219730212856277 65.547703985678808 44.061062225555517 26.012644744350677 74.014983176688489 81.445069210480497 78.421500030414222 0.254964830061077 64.504691190374714 25.470402261992863 42.360623142975875 31.162769107150158 93.503931616470652 64.023190189731380 88.340372390114226 69.649320915468707 78.389686958546790 5.192651073120169 10.363958294725141 95.808316425217356 33.325193426342906 91.672755765176078 44.535007364294565 88.234281273646886 5.590059164756256 41.568175350159500 84.770363091028784 95.404640053283813 62.753715914382056 27.283342975836234 42.273654196969687 58.634509072170374 97.227264874728832 9.658865835434483 94.129630281397795 60.486263505933323 42.830899871707096 66.074135491403879 92.685942359879959 86.218228186170478 70.044275098210889 59.796259185787918 85.155400387570637 76.679148843549811 77.863507924448044 20.688067685636003 58.188047738668317 16.321039079660260 40.393836894129421 97.216556708768948 31.093140416695508 63.954444311809176 9.754737232329557 81.351039410972390 42.067205339144962 53.369526881940402 80.778813965874022 1.374506534053865 75.240312617505523 78.225943156319659 91.337455591202499 10.116487070030866 32.612294060056982 42.839841018131750 81.464470030289888 3.836864108486071 48.797942756185876 91.691259916907015 81.643627875927990 43.704950364767093 90.578288632462289 6.334197237955141 72.327087677179009 67.257822727098443 62.040309236785149 43.904925171967527 35.039453638997330 9.558743151062732 37.217288999036526 47.708547996201943 81.618806984422335 63.259620159905204 65.833554241834449 40.320892628360191 27.425199418061432 49.003065561101046 14.741410957194411 57.097030805885481 79.549238097284530 15.750033297273426 72.252843251115067 13.602384779700284 55.119665277702609 58.501388445202537 54.083155359531574 23.940315023309743 16.781502813159001 25.328778464174505 4.531696279512987 93.739402763125113 15.703562678192995 16.230632140226842 96.864261511105724 12.623270362577721 40.450205338537373 93.401904362643990 21.385497609540337 44.193514292359893 81.915001581565178 54.457231476351694 70.129430209362368 16.977599480378871 0.156261278428871 56.963066574258534 76.312205730277952 22.626185510581809 55.761827538096377 24.630232636624537 97.355809425973860 22.381906857352863 24.578370924571434 35.653719222936708 73.641327128654964 30.940667084894123 98.865712744073647 68.683010983428588 65.267026870490525 78.068177767776930 46.973510761641776 24.652430320501484 66.597911112614668 46.741265445250470 79.838582022009433 80.522559308875458 75.898918092383312 92.364888079825676 92.586406220798906 34.187163853389315 18.801009140655843 48.044765068091280 31.732648075550429 68.744732433265412 91.400143799559345 58.947615598380011 3.624426408508152 93.289624053755745 42.399344993484100 37.366497195121227 21.450415187062234 20.540106079155763 36.163515005366840 25.193103865246069
35.976193288667012 43.782866588289025 4.120691266377030 91.059336372947271 11.226011403521541 42.363831766357528 49.127973333950656 86.041727050578643 1.076463685810991 45.679724962892010 97.986918907821391 97.366017060660710 78.593978586502104 30.657151305546272 91.416508404309511 15.556168215046885 1.557416454051175 38.943396627973947 16.476514323938574 72.109302376368007 4.809528622340709 85.470949108017251 68.409964659098236 37.352844712727098 34.284116128263001 25.594843893256257 20.786378793569249 30.612038052257862 60.978379651564509 14.957463145711092 34.966290112668297 91.636483914904133 82.387366470558376 92.422784547714315 13.743108213620502 76.551796267655277 93.800264107826735 62.852375394869696 18.581562611965907 86.980750001136300 47.875493514670723 31.593678238566270 72.056465652356607 45.279634796429171 50.451077693924205 99.833690128237322 85.058571484761458 35.820141553036990 12.072851826094844 61.731326212097756 67.202726294211629 90.560856835799598 4.130468261015374 15.298012310656183 99.920291471314343 23.286973605479123 38.985612632329548 0.156745378194534 67.618703296178296 71.584297620967618 50.312221696909567 90.936913672641879 18.512334115983421 1.571462589166239 80.249210567228985 69.733009018339573 46.163046672708163 22.734669605859693 96.336525733121832 98.266549311440883 1.500559283509961 48.233000692947357 0.144567356511205 33.069023807049568 10.087125639454019 9.605933260785104 16.382383956274161 27.414256134362734 45.568684525959959 77.223419312581214 97.108138752887356 69.468275664673868 88.632039485066301 35.170677696194922 99.591953935019959 91.353839700059652 77.720254534504278 33.431716227076777 74.151383799283835 42.807181552535880 49.848646674148725 53.611876182260808 83.340003865352656 54.001836449498555 87.155523959621988 35.360927835502395 64.366416415822286 25.930121046100574 92.854401165626697 2.684141693736963 7.093949457924498 49.937118100878877 23.725857919357175 78.642272046395846 70.653013480633547 21.139961590396705 42.878955573921694 68.975835335593843 63.667933606565306 30.740999635578980 88.949510646516188 71.007385353859291 61.529185607496387 73.558235661908995 18.022445300742142 45.740085091784486 63.555853193127774 32.731299386224819 16.241109721189474 30.284599508217614 96.622078135664012 1.869093977043867 18.481130500367339 34.753135695597429 4.156772583034185 89.100973368004986 53.613820249486402 80.799923589666392 52.451823275626730 23.752063474377326 12.561504536960532 14.647820754718122 1.321013630736645 28.028633946376925 85.448348189085849 82.363502031285535 44.272669074905082 16.818491679203753 73.933419577973808 1.812184890124180 61.444868607575920 40.928208806234693 19.623558540342813 77.636273729983060 29.526486341938696 25.927784788786600 0.627760971767044 98.822391032074933 25.777166023139021 43.815154404068338 22.816537476776066 63.431847135065411 6.406537325797624 74.575771954499729 38.759992457620271 36.400696520516185 99.284600056420800 13.906055541483964 12.590247952767619 99.845251172507474 91.818225653732981 22.331557376496292 89.969869437324490 50.435454245545010 36.774251416437579 80.608255861468464 6.880821518846780 41.578263158126603 22.142297979522773 26.098710268048297 27.079690122144161 34.127759758489503 97.463765539172940 58.625770085489549 47.796423901452997 60.567029437457386 57.534458424803326 47.001784895554209 47.354052777898758 35.821223960927327 42.489208375547207 68.216115175382726 82.316189147850523 5.473422680175577 15.331025010406385 98.115631964817567 95.789433335509514 60.824525060421777 50.564737743551312 92.630360484092606 29.054468453197259 94.436779164462664 74.069127649631511 8.671153553595168 5.141806290799577 16.308782389829013 39.152072722434042 52.327915395814486 39.777752496893100 26.147725596629790
82.093001146035888 6.007023235381769 64.439905458983930 85.127534819134610 8.324349076251247 44.335029354024094 75.445190393855569 58.344806952888106 59.890933476018901 32.511633089619217 83.536190840087102 48.765725104623115 39.243432004990417 76.127275020349430 63.843756383558834 24.906712904134952 1.021302288122772 83.842328976056947 79.750641243525450 8.592572235911843 40.549547654272381 31.250169760111735 16.774710539910597 68.792164907717549 15.248638286357984 18.939030995624929 98.582240388160471 64.879760573208273 69.088631172529844 51.822792534120687 38.332373782004481 11.211987984474881 76.070004670409602 77.317411852893585 63.857904455977668 66.511353572446538 41.168257243491510 55.180818081063187 41.442912954282448 77.501828308156746 43.249763693521771 24.687258666524915 98.744044449609163 48.772073004762618 14.024329166673388 67.366321154227421 42.610418870257597 45.156176134163481 64.224536041178609 32.588378173206657 17.122446710275618 73.329643749168966 16.829115506980418 87.698552928334067 88.760670135982124 72.407630749515675 15.763007013890817 39.515444352604042 33.023358847188334 81.741925546056720 4.212408742044682 42.094229971508177 70.336314455050214 70.421889844525765 26.257335332868415 39.340918765172972 69.818852484993215 82.726454602409362 18.988380539939918 90.020516734570137 69.161090800591126 89.445574225714154 42.768395438572057 20.555763974045561 81.461912436730998 9.518457243353861 83.600949776069541 63.394404581401353 11.600435055216728 0.105576109612804 86.937519804787328 87.024956758059062 60.717262656948421 49.444194507747298 31.724443073260346 74.525176553725743 29.979600902918023 55.359231863655353 38.494144799894428 37.957807178621294 58.714305093680444 33.567776157586934 25.540551585237537 81.420022107269332 87.523082403528548 16.692070882041055 50.882872827462279 32.425652713083188 71.514159466559477 35.543427342852596 79.155970432226169 14.680786918263699 12.763764303168834 70.725127473877947 76.641857699673054 49.841987162415833 53.484350523340197 5.133333883604118 27.115813800675358 94.089078528207409 38.125013304685673 48.053256198034589 40.217757831827029 40.505090134217845 47.315444333615098 42.339463730486969 1.135521648498050 91.894179957085598 44.211353823066922 98.836096701530394 20.004021654637860 25.691401758432932 89.549126837522792 93.001428693498795 23.927927094420063 27.778733308229832 10.688411411705923 31.809416568122849 56.347005901265611 61.856722900137285 56.204924498332964 17.115765168074137 17.647349462365248 77.065695299380138 5.511698044692615 55.053966616435090 29.626741142823942 80.926940926305079 98.816282089395031 67.025133673219685 15.838307625926207 53.116233272759608 15.023139749674307 3.345657333693453 25.146284523336217 99.945384303821911 16.686790997985067 34.758451400972170 21.029720579478639 67.786331431757176 72.845122029504012 88.177811532304474 76.759302140338164 99.613518110749553 26.496232034765555 49.154088382147151 24.662237306725345 57.750652446388827 24.587149798761466 86.604040679652698 73.770313487567179 57.134929393878167 73.948131872541182 56.017927021114865 39.824309806874815 45.779427945522833 10.128005209628965 42.380756289966527 67.177458629798181 32.094403875873986 8.387069029051087 3.735352807544223 33.402992961037484 99.417964326417959 52.201755427336508 37.605295762684257 21.432441611272559 52.635566955111521 97.208376279724035 24.438299107135840 98.997311429441112 25.413610035644052 30.735854330443392 78.938079197419256 67.556557079593475 1.540135240553231 93.602212549266710 17.907262341335752 39.538474422975987 96.417559435376305 50.936026528127712 63.277994891558883 0.384826783652004 13.079383722898053 29.838870818709939 29.631900791315545 43.131443594060293 77.990468860374264 65.931711967656241 43.520757638670204
53.308188506352479 45.783729397633181 22.859244073343945 35.507394526574501 98.643861279409023 4.096162043956875 92.328445095744655 87.277205888472480 65.729587400807830 4.218697909516145 27.407637663996365 29.785635786978204 0.117336703844517 17.183652931213235 15.236440338345281 73.209435462348154 81.924301866181153 40.403554522524630 12.535183704831987 32.293788959933536 73.973034860189955 19.574438810327077 69.074319886440733 91.865383087441941 45.679820646925464 12.255765906948856 46.391895532469704 18.908834361363734 68.483890260254739 67.003568361312901 36.459859251841898 40.807416916259307 52.275366272517147 21.058267114812523 16.817530273746996 91.997290484299683 71.887008998759043 89.500340089504434 1.617858373490444 66.015064815629103 49.712780872513015 20.370837404028496 17.005172710025363 49.363878575328421 84.324191234838167 83.691982680208739 69.045938883682254 10.277481621347972 10.814348247325922 45.003687825529681 9.617130208989156 81.670866275259201 12.607873690274795 25.462551217126762 41.076782826419048 29.885093896348881 83.544042146747884 29.117021456617742 99.233306177437910 91.422854702850771 3.768778019448749 87.662679369495208 55.653131856112772 2.388763397922566 95.499739279250392 70.095131284733952 68.439426021241346 43.957028460467271 80.948304898617280 73.802136083556007 22.384416201060596 62.300707934063873 0.874056893727115 37.972026386943789 18.658422725183719 42.643868252213281 79.776785551767816 13.149308826539130 44.499875949890466 32.355304037181320 34.229657084593612 96.101663199745488 30.746632053910126 23.539445163796803 20.540262590774717 35.449784391322211 17.629384661147405 10.950331792005985 78.977157602490848 65.851297464430843 12.966386028804211 34.864303973214163 78.309946169570537 51.385828869011782 20.353980440954690 28.863595290871746 46.020355824395210 56.555010432911310 36.359226035060466 31.115612975406371 74.463763243073657 73.741880902833174 55.211693809254406 64.791926731843645 1.917787837504448 50.533105699099735 0.300842223668507 77.591537832077080 69.290455415413859 49.313702880545172 75.596895715509319 81.496855584803200 51.545821193800357 8.566964144584144 64.326826324723939 13.334130453589921 51.637223987896149 11.119784832172675 26.704000975456587 8.637993507334318 1.010842949584123 91.099465356274436 32.076045189379855 37.199802594859307 46.100113839426037 57.825944034925506 87.718269630052362 52.622152866396313 66.802158098467174 52.314626684765251 87.303093164723450 96.046641523033941 13.579639079844540 1.994346838089534 70.852523655667085 68.633307221569325 43.840741870441349 28.753747873191294 1.028528688059838 35.747481894142211 39.314143785773325 45.512643238518692 3.682435986490140 93.927877880277492 18.477899842048007 57.102305327260709 90.544262467441143 98.063890242594283 49.506036845944188 98.106937964253731 40.425589290952665 89.596476503847427 30.493742238726863 82.702437959839244 32.175327525256350 53.471176392129060 58.441997329562930 18.551941001320049 73.528680048376799 39.149984020858419 14.240428088528322 5.286452129367114 22.036056812617332 16.596517385701116 86.203149257601680 78.935709318984834 15.641908903889457 5.355269807559015 20.735105458649805 29.450138487684907 41.955744599371450 89.408372994662756 31.680672660704769 49.268599315064456 75.129028661468695 75.304739401009272 42.309782344378057 54.896728238794459 3.083686364876626 75.457090322561243 67.881672271627039 55.950847569065978 76.004753099189216 7.665521975811506 50.415701820072144 14.648835789538850 18.972297196347021 36.841070856124482 74.373672942274794 25.210246128789827 26.667875495032376 10.335041056712813 96.383275426252254 6.985271920152925 71.407386453810915 21.135582515357822 55.880507942837951 1.523357563324856 51.382239847157720 10.939436264985735
85.399310059377541 55.177347386122122 88.217029270828888 41.264610974472873 95.544798765574157 74.069036830500650 58.958941504037021 90.452486166857170 82.525057562995201 60.445225048959891 96.580030961679228 7.435596454375770 85.232593495547192 88.564809139957163 81.713071262791516 78.566764654880700 55.250359838923991 81.007017794295734 71.708291768948598 89.997350481890663 34.138315315655909 9.306253555213873 18.730509862133239 20.157016155686925 69.868445301385123 70.309825496273518 89.464298718559689 15.909933164625178 27.393288917147963 61.656226352987844 53.923209987642821 76.950010357991843 30.197621034234235 12.931515087994306 91.936643206617447 22.965823129505136 93.922710178137564 54.166036739625277 30.607513719000011 7.591348926254882 98.054316937176438 36.872934149020843 65.437936570510914 56.169522097360222 97.457861016444397 67.185110277401904 79.519021981801615 7.142354045324339 9.727443886018616 36.309622342168964 50.815605276315715 70.543213389831834 44.280049300875625 97.700070652569224 83.982598391772498 31.031699677669000 78.513159285488953 99.528899585082186 60.934593111703585 39.752412609914309 26.103620550075913 94.940187916773681 75.709013130388286 86.357479530196841 66.460032032768183 88.598645280472013 12.574406837884277 69.068660828342459 13.364255559076311 0.075842593315634 14.508847929257163 5.621800622492756 45.774210011668451 33.978106257857490 48.464988184225533 43.129975671993762 50.744774242890635 1.560686477213369 85.004231641894918 15.603050294978171 35.286509397778310 27.498842152551973 30.744008605384067 65.624685143043749 3.706207114218074 23.280308079872679 4.900177014924867 6.473520407814847 19.911913363638511 5.576617618139068 67.127358168747108 57.769619825265103 45.416707899495357 40.383214152382543 81.632982044589028 33.498895578962497 95.496732015447932 52.680716507703643 42.081926900407339 54.426190729260014 89.494631965562903 83.068746782336532 38.517059559570534 33.105088806856585 56.734865507804365 63.166727746891070 24.962685983060894 29.010119894411833 92.306160176679668 51.870103678686327 68.786694995269514 63.533518090924915 53.846967979377915 52.355363236776917 28.058988822964803 41.422270200223778 86.206306038886538 47.754141386652350 88.410634360921620 12.792332609657420 27.405386167454150 86.517345007898996 45.341622369141568 54.833782664248510 51.543959731163248 75.767334177928333 0.714642171546509 66.888588169020807 52.153305639431146 82.403663063811905 92.652924266061490 55.041793015346066 60.745950060948040 58.197273634705425 53.122667675518102 11.308565581647667 55.127367136787754 64.575862168745104 90.934887053725049 71.549219050658209 42.416526503092598 7.312300420141193 72.587304959940212 85.047355677317356 14.850363581802862 24.946671533129184 63.357518551404425 29.116647767675175 45.689033622378417 63.665710979756327 34.090932469314041 43.746237310164005 74.828423428177345 10.666582860674712 45.039187496193819 95.338592395054818 26.722978319191583 95.760944089935450 29.083537396164903 17.096935507556420 16.942223396975542 96.414485782061575 49.444357923539307 49.474763652727106 65.226016503115105 65.697433280052280 77.273164925074568 41.393908171989423 51.873502120230022 90.889973408453997 78.027408570869667 32.307699032927914 32.896464800319393 8.394160195348732 48.755214135657098 20.904537264233802 36.747488961385557 89.947649610537994 34.395543150878702 18.894782071591898 66.161762896280791 94.590775772528545 61.082764197871889 29.917180468615534 23.488587619967007 32.061050266980750 59.268157677290155 46.809032060111925 34.429583634646953 54.321100922642870 5.383719957036204 19.986256441543514 47.941118599600699 29.892704125904178 77.547325407738228 44.290262366217171 61.981581236611873 7.530473888781186 85.822509583476133 73.296231151694712
60.963854510804659 43.690161352975032 73.962575617287158 45.584646572196753 39.017775084185359 18.865212379376707 97.152804247735602 20.709328659899651 48.389194186780813 52.463992512303371 77.617547693903205 75.727828069025406 59.175805410152492 79.108460151302594 27.041531267750017 76.761056823886236 4.228870781664263 85.438951900742538 58.388952146536113 79.147460948773912 0.110967676489127 23.100405320059835 93.604310729264640 42.829129247992640 93.870246173150875 24.877142028215061 96.272859142153848 65.142883850278963 90.398951268120555 96.564137492916075 36.534550360539860 71.567467658599099 99.752446759512566 35.038961911165245 52.769344730180819 45.977871160569585 62.990367330493747 63.007916452995097 21.877054327421753 12.604871529954876 61.493930457272995 38.340925565292004 86.343188839245073 92.048759734909851 62.080139030539996 0.399792995086812 21.929002181781300 41.714668437949364 0.590643976784933 56.008005223942028 69.646238519959255 23.631195031997187 88.214973150097791 83.099957605889529 55.411066513070175 60.638168358991692 62.653608519067994 10.094183161494763 78.941750910511587 91.541894165565751 56.737791774427237 42.976604520213158 2.293828270553089 35.196350335597714 53.198762482948027 30.925859107200726 27.430411405667442 58.068132609278265 11.809579087637434 93.788403496732556 92.268733110684238 22.511761714644386 46.441268949364442 20.877695442339196 94.282341463959256 17.468241686452469 82.220655291774975 99.792538131444701 84.561388976709310 19.839281759150552 4.786965688092659 13.457694913075446 22.016818169698592 90.550250759613178 36.227818072823183 13.612911808821149 46.125905907864883 89.390479318675915 14.824992027853334 83.548670542562334 19.063137064889158 16.294965413033889 93.289078667375847 81.565802056432560 33.859974570132202 45.216901106341346 61.457246656013510 39.272660912974104 84.392101177268657 58.403905531995967 35.240789418061894 34.646299244761813 70.449875357031800 44.192744406301784 5.045578880492096 80.640384256814741 29.781698147669069 99.146328151798144 89.587321588385535 0.687386793109857 77.148220770834669 87.471729760586840 5.132511733650724 51.995968071580187 89.989743920926927 42.237424757277076 73.363975076004820 23.014387718205487 43.506696807763326 56.300147915014996 65.339860219825695 22.051442577531656 25.995966927270196 8.102368445748953 27.363945747412309 52.433177656239984 11.154738879384530 36.087449688453844 22.428643973255959 26.548747617174872 68.473749201297693 85.418315824423658 37.892604900542523 23.659763828226975 5.745714110074251 3.445745177876025 41.322305021856373 99.988433612399035 37.833417099696163 83.410089646528974 32.317063123520917 60.297160168848052 79.387296385000568 5.195472765073927 29.497066283801111 78.095841228017363 32.375781952066681 82.999203863724389 92.655720362072387 15.213996162760735 30.320452521849951 25.863326021319853 8.081615712822632 76.658114957691765 19.421460534147560 24.177344954131275 30.525262680769160 2.019438996690537 67.343485077949978 11.821001752940074 35.949009097376170 73.912764489671957 5.193373249712330 71.103632109288355 19.578997847748781 95.908178026120027 54.956965484737452 11.473424029880485 62.489374881549566 79.357468070695774 4.373299566323963 88.562314244491674 11.724270743887255 5.641436373996800 84.507395112006762 32.114737208117539 98.286516856379578 47.984225713486381 92.887160226204315 68.300128095434630 4.219703227364102 54.101989210888981 60.960345389115247 41.070439690606541 66.195858147249382 29.591760152640845 72.856366764546635 21.923944091084124 14.459611822863028 8.464221505318958 35.790970801812847 57.830889239755159 26.796004173911967 26.462912885463062 99.020505343497106 88.093103605095152 23.530817288820082 98.861687311568161 85.426761089105625 88.194802616565681
32.175286506838432 79.757416634643405 23.648518127032681 39.481290331375263 42.666459082300157 55.484570302826278 11.058925114181683 37.127421367042665 26.328599133504195 2.765699918405273 10.013195334067259 53.645321811702608 21.459316210641322 9.671809072341953 78.750320388821450 82.205843379059928 47.019436709693984 47.665091277269511 72.051455353033418 44.415020852594886 41.558484693956508 96.611228298006850 83.965818909688025 94.133198445669052 26.017149354746614 77.031934047679997 76.539922577584136 97.812696349821380 95.273895769362852 68.422071099159183 33.874478085422041 61.140801215856591 44.990748731805077 53.652534097267321 64.321429079063336 48.266117540440568 30.133326077514887 75.007947189182659 81.904637374981817 44.315549926808103 93.237538725354781 27.556910536331191 25.452074418934799 82.117391927608224 62.016782449130488 69.208885546923625 8.143692173998229 89.988584280753741 62.685552889501906 25.152572010196984 5.903558292600286 98.501541135497789 86.228264774496907 29.112272698783570 73.588156998608085 27.931585845480377 96.004719996102693 35.446093583163197 70.970038053030876 53.672617179847734 8.983252390572105 91.799369159384696 83.411198962959048 66.121282628499060 9.260085723405087 80.209024519791782 14.192154415957713 2.672474566527372 20.819175897183062 48.765585624787875 65.465651681765422 32.606322087247577 74.386736495807412 20.849319811317933 79.548254820538205 43.469559729738997 95.408512709525155 24.713405274068336 65.097186916156360 25.564156167962782 77.667164448892919 87.319234070669609 24.388917169298232 52.753851538640383 16.072027190198625 43.057748423468922 79.873564253059556 2.211365291014233 41.295755634647904 8.450847861555943 35.809949648717229 21.957238149002588 89.567641419398285 28.511023814309599 1.565784381881541 87.914413383512922 1.030770988564922 54.159326283325136 81.229276066624038 38.243851112697932 89.620817707876057 93.762166985078821 50.069147686363678 26.200002758677808 36.540531323828120 32.737031521095219 66.267491127198468 52.610184583399779 42.774017959137389 21.030961842863725 75.998091725753326 72.100666044521603 2.053486709477392 12.513286812032987 21.467841163614530 70.696704704465446 31.565157970881373 25.230673806035785 37.483276702667631 84.531462283093774 2.735735783533533 66.528709990597605 62.744584922869315 3.915909753464220 4.417690413797793 64.692450435434949 1.499385046559754 20.279791097642441 78.316050307231194 24.679759203010409 41.630447510576161 47.440214680807472 8.279850734171557 3.252724812108920 11.224837210573691 33.200861508518642 57.232005884826890 51.814793738250650 80.160687968327053 60.073283383588020 90.622482301798243 37.830957958976320 82.857038309535909 43.366886326970686 58.908781125301189 97.961743949745113 55.018313595818213 14.645021874200758 23.233104090937363 83.640329017705682 98.305656113244083 36.818897354278043 63.960604959273383 51.998626936997816 63.054875898575744 10.913767403295649 96.854965363364727 13.534534650169604 5.942109544669172 38.757798641190732 53.047274558021918 34.097797193280186 52.455974064365762 46.791561178524390 63.989565626043763 55.881828522331411 89.677531683313887 7.151226479211825 42.516360574671538 79.984833407416829 46.537769227641590 7.429795046507048 84.535451758063928 40.374520084054922 38.976838135448055 20.721305073659103 42.015478751978165 23.072125897385220 99.467603216647063 22.322715881246470 66.096865378896524 80.315082331533958 65.600509174666826 63.885272117249635 48.854618622357293 59.233936322473014 51.820938651051797 34.545609942083821 75.300183287345590 67.021856968693697 67.277672221411336 7.522064235912174 69.745933045068213 69.184494099056536 35.499341752078848 60.492402586854190 17.661489696288267 18.649289653686175 46.662456088938541 36.010832962508843
38.094701849996106 74.589021558673139 51.158023430522249 37.887592828841797 0.686353011864360 12.636093877778819 54.097146331260817 97.620782565940146 66.731449563304196 36.451243309185507 94.621714517955141 10.658809619285204 93.380010302947468 13.942001976972184 71.947295917235067 59.433904847796285 72.244283456650024 30.004509316709026 74.079626814140525 46.560604231829970 24.720699752830100 14.704922166161527 27.161203927803733 99.218400544497740 66.675154021969760 53.972464412321905 89.932717059429663 14.034536043780987 31.952709008274095 18.893137327804897 46.263977494675231 46.956344740753686 16.855464345071315 55.603497670946403 88.755958214022655 51.924693168719038 62.565366977501704 80.338668866242813 66.353694561546760 37.090128217362718 45.435980082979952 15.985675437594782 91.002793586212888 62.646678592785406 44.665741228437852 44.371952378511011 27.837919117452582 99.146743995804826 64.023579624696495 80.259130086564483 47.880752688323724 1.952552018622145 65.988052864809447 63.610727283933080 25.139636918635599 11.614632078061970 21.008454454484671 30.565384066501121 93.491896246523837 34.496635170219392 98.185571119683630 97.256494650844559 93.784517477456333 36.603229732718248 13.100860518420564 66.082444266955392 34.011372539353616 32.556364606311519 79.364560203729837 52.936272192534950 63.747205476829258 18.707016531182685 47.876264262404312 7.805101875782016 88.776359618290428 43.550465601207563 61.143732571358434 43.766472027483907 23.949717214132004 54.136823194985340 6.130787971485441 46.608865393136497 7.108667523203771 64.077283318493258 56.525965344461795 3.097151766718409 74.426469078537977 2.052460836641268 89.698692128028696 87.161519117439951 7.871210164437070 8.547083342091522 85.935407596534091 48.135522525510012 7.706383162620567 96.567977874496151 77.250081775539286 29.716833315877178 72.069834132834401 40.466571182618040 69.266944783464666 59.170071881432222 39.697323439214806 21.993000952808650 31.862342025483926 32.195600096229157 83.014547592165101 77.338442735834562 38.289408296622817 71.572755789661286 26.438104146746255 64.181174402978868 22.607349775102037 86.673508717725213 11.422074180472187 22.086419056604889 14.969855361404393 27.821020573362986 79.614615766217142 65.028986472373887 36.313311198792775 78.860824970036148 83.810342725252539 17.974617742141529 37.936567764580623 65.471272606019312 86.265110138030039 50.596736770705576 49.666489228320557 72.070608135501828 29.516180465510555 32.631048771833207 24.457529572230719 9.855469529564376 54.494493721050716 67.145706805223867 86.684550871550783 83.316678628232580 9.253823704669085 20.321743718007411 43.215422943401705 57.345072614559669 56.231264172885190 56.755055698436216 45.926930121553056 33.813657644742932 56.072880205217366 79.574569588041143 50.256964349564079 19.501774346274104 11.697118608126855 14.974568130680833 18.564863758769455 76.858239755821870 8.026532276126163 86.556877650109371 45.789264778666748 35.675623688358961 93.455571094921126 7.165967682971852 78.015984440742812 72.874763270725936 68.854059420492831 58.336671347260641 97.682603466178634 0.526567512085685 85.547027789007075 43.771593569695689 85.301996868959989 35.340498953867929 13.660888822574513 58.816608417490080 66.236187020506165 55.398785445148711 24.896903330077446 41.129993373603412 58.824959300719314 56.452432361257912 21.351465729892936 91.018603269761584 51.332339946014436 53.162209548266226 17.581641020644877 93.239647938679681 41.464577493150998 99.027843372953868 63.926123127384784 72.767485631112550 97.338736781548192 81.693476508657497 94.606112322554068 68.074118772025372 49.363158135023092 3.054333763150785 26.386909009242775 48.673743815236470 7.693098182966185 74.960881038668035 10.849460875685512 98.605524389703874
99.446806951176143 98.866624509261911 3.025090178968837 47.502378032057443 36.584557244279239 30.226826248817986 49.471776046238347 61.449405901979517 75.060480765228974 80.883839909182370 66.214262635870284 52.345400442073910 15.716992914574091 94.309280064557385 82.684597668669383 12.469725568378054 2.153562740778403 8.224688957755733 93.472415126741410 39.166412377122242 82.113441988580036 12.790248741894972 2.436346598159511 37.713102508414266 41.755075731022238 20.141138320168771 44.165946241317400 98.797513298913117 49.769171974400841 67.231604456260968 20.815755597257823 80.431576054882299 93.562963212503263 30.266549915257379 96.269524952763319 55.743101265145313 66.108247730835899 76.738349605667352 68.877991097490138 92.745691851986649 9.312195226912900 0.774963624417901 56.636100687859802 56.512063722105765 52.605750526854621 6.991727617468446 93.012799266608553 38.823880312745771 47.960416180562859 9.266837391261951 80.736662344886852 59.784475692843351 96.062309839090247 6.345746399047014 84.589802064777501 49.129353748217966 83.445698275430644 3.949676995512374 56.588358392701544 42.670041632639141 60.610090472119815 48.026130448700066 26.249837633324901 32.199929833991661 87.620642205858076 44.243694139641043 17.435340811084188 3.625889904294088 34.228226680816412 34.523661062832701 94.273263883470847 85.807894212901630 39.009946938731808 70.060313601364200 31.210389321592579 38.701923624019784 31.992171130756585 55.204091173423528 97.283733980592018 17.671522150865616 21.514691690179376 51.356847117477912 87.777434277525927 63.108509664807208 20.395084983949651 45.275851192079649 9.916603442001094 58.465522438079155 48.569171533513369 60.715363847226413 32.149453222505478 25.072707280811080 64.858386814908116 59.149333808172543 50.606192175522622 88.785778879766852 45.988412243172192 73.325312929723083 37.948539427255746 11.891757274850324 76.081514257306608 44.980624313944560 71.661958411478452 97.762873053571781 52.468898037409438 40.239781778512729 71.880052823414928 18.531944784541221 28.940982836950703 10.104586393433500 72.998086337795257 80.708512748986479 57.671789118028258 42.950517962050007 48.313270574972435 34.276153023677644 66.700378481005401 52.785554823148772 19.570758285927415 77.449138765292332 73.790101193772600 5.865096515542245 40.881088780566579 67.229230470836825 47.502145274313420 55.094754584275599 97.747592523471610 32.355897509902874 13.371733192304280 16.152499481007588 37.148551166908995 23.561006823418307 18.549244574727286 96.680464876106228 88.755212556139938 55.172082079384651 84.393533172231528 85.604794737037366 73.884050025186497 26.655748734914788 67.114557352105464 97.609337357347286 86.341595063073257 32.924967860785500 3.784922287456804 29.336106548054254 57.304784001674150 16.646306527872955 3.877180969623029 23.521066850034700 56.737868604028293 84.329369796708804 36.497530295397993 86.963698426583321 58.204227730107242 52.930856486082959 52.498395347799374 25.679092188741947 30.705670345761703 70.046477145221203 68.716945903227995 23.767199803829829 22.612873046973668 89.889600107132424 98.573672436868776 55.911576805641481 23.516049570794053 32.416502336509154 45.952144265821751 59.042793748817104 88.479949196809301 8.705523460974007 1.816150374647096 3.386965802456776 12.390817752953120 84.449678421949031 37.760597210759407 74.142352477476166 72.732915486682188 55.521117728787395 92.513062042507173 50.171158492259515 84.419620125707098 28.973933493345406 99.079242944857825 83.563985639380221 10.387973848124988 96.264054255874569 59.418084661202286 82.730967272098766 53.015286959236249 93.632234885290273 71.863955022968156 79.651023860567534 39.430934235926983 81.258223858803646 90.702199141950544 20.408442691528428 79.169835999282228 9.872371248403567
22.708870965860740 38.125358011031707 88.251984516333565 42.402091613024403 40.704348301146652 64.956480350903163 22.204904880441024 52.817378433190868 65.952992304371747 75.355882883773901 94.038105603849914 70.123080536890072 18.276000141623516 74.652830065698353 24.861655731862985 50.324615708049883 81.661781517694124 65.903265388798133 91.046053243823906 47.471230203280626 45.218082823300840 33.109864758609561 56.680604741293450 31.627522952226663 58.634009052740907 11.648748360390183 11.028532213692689 89.691549354265959 65.479188554503935 43.233055354359742 14.657974260904449 23.067347599023293 79.902264980486009 9.872245163031634 47.467310277689620 89.539796887273582 60.878667402039902 59.122953051598294 19.979817999768436 53.723280330533910 61.528995571472890 15.412777173891801 11.272584705775001 97.530782690169303 99.522953841692569 12.172361124494257 52.519603751111973 34.819973956487239 67.142353708409814 74.339750579796288 49.730460670022424 61.699786782155165 46.576902978640099 98.304387202912125 12.217421196763102 48.182960030427239 78.304299480749478 13.700328580738519 91.190447510503162 48.832347652435715 7.397446331740632 19.236375275426742 30.716889292613349 70.007686056387882 55.385232457432544 84.877714700724155 55.037016612306452 65.689447876912794 72.402117456316404 80.089238950473927 48.163088734265635 22.315871061055624 15.847348896622137 93.048673325475335 52.567830054707287 73.117925379849140 44.029629588635629 84.338349142594282 74.320722517588152 25.633558569490532 18.972486249938658 29.819605669093885 33.472624064051480 18.377042056801095 90.644381840244890 95.342867470442499 30.783771709029374 3.667301119396260 8.702856630833722 12.903124263368937 9.557487765534589 94.509255777805635 40.564500069263666 38.282457321234396 99.672332679314607 97.453605474959886 29.480747069307846 72.168849695709241 32.492733892365656 88.674294363282186 15.209355414275583 83.595107293473831 95.499641250717787 17.025132817045176 96.017383396588059 34.746554756684958 27.462552296248276 97.692516366851734 92.315651896691534 90.372730601756075 97.206995404887238 67.525116830301400 14.366081196402170 50.032611618103765 9.682396484468880 4.022672040236374 51.458065255556086 44.779850811969268 61.545372681558540 10.977255798374097 41.045543615269217 60.540411761751102 39.688215429280604 37.520391973648906 26.014989607512096 80.493238110028670 55.786599926914072 96.636289743663951 88.543846330235013 19.932196314740668 47.143365067169718 17.527643507163660 53.567550878863038 93.127466788762490 97.483944215994441 10.239244042261596 16.418894258569949 16.928096489904309 66.855742714730908 84.458084672207903 11.264907163158000 80.822224020651817 73.594181481230720 9.922429585745373 39.728388034445402 28.027697494452241 74.260041761736986 16.466491299862895 6.351497247309068 50.377006581666038 74.278545194879470 96.784103711395304 3.404016417337485 69.377738734904170 71.729498556563740 81.590463816085119 38.441625623889600 43.689206235382890 96.440106847974050 21.205561576904774 18.049534229477516 0.731478212063008 54.094988405969268 24.247539874880264 6.656845332295158 85.501474417170186 84.036048268300917 86.800736384418713 59.747007603813053 93.284463982241761 50.275024772576685 50.080277114720886 34.472065892252765 89.558677774848277 85.279922447121876 8.760755768858120 15.490949885498429 3.500207753781814 59.803404495429000 49.640559142759287 50.733533926839094 37.442080930486853 19.820665106758739 2.109379688954760 18.925860550620587 93.346579300879867 25.592143645874110 58.839093105451525 65.496882781237048 41.100095392635374 62.537585154997430 74.417671799043291 23.310802621390646 67.943185833523827 44.572828062387281 75.004321859024287 53.536821465232400 12.467077558670859 85.357723329112545 50.273517132389358
2.694849758269424 23.389051728239274 34.062301816266071 56.275044987157209 72.858409123256095 82.079744419427186 82.921930098478512 69.914370429072946 3.725399026836507 66.440886018458329 49.034464582953277 23.294520394300399 88.614190717150493 13.658176566996605 29.229882154983379 89.783897351274703 82.300030956334425 0.222885498243497 43.388279743197742 47.780388525890949 85.135594091671862 30.559299325263812 50.642640840524990 43.129417312510007 27.539133143876306 91.065396583686336 83.120870485130567 25.481077222682714 57.967671979242830 69.496973297498300 47.300431444200633 74.377751427868063 77.847428680054620 74.241305691896940 88.912048035924713 99.710520690170142 69.081411170434805 43.631972166356590 29.715820852626294 54.393988409567619 85.389340615424942 5.791774415347096 98.915174299243247 20.454883496733480 82.450997597093206 26.584343208835271 33.611863622318985 8.338256445367143 95.118731510207994 57.343623098790587 24.015579024356438 87.211745692363181 70.543353463097546 56.474192357865981 94.599340920537202 90.031366922910934 53.222678444473296 85.570805544809886 30.963008036734362 90.148347533910325 48.104288501667767 70.319679263555017 48.498051403251672 61.927802729865732 4.133539245507323 44.809870993954746 14.564508101925554 62.844775269609833 13.741101308952908 55.496599476391332 78.848196136753117 3.051649601936213 39.577849636943675 28.692328425054114 26.951477560535096 82.622212270048507 72.946790437223513 74.220420262726506 56.514931685502489 56.179210822647732 85.410475006143187 32.184577120621086 71.921804035002452 71.072692060445021 14.992382726857013 16.079372333863063 85.700160364134021 13.326664321747284 43.900155488457912 63.229066342004650 97.141983526224323 29.397523685060200 88.466141023103958 29.440124423036817 38.106426354120124 49.179132034251197 7.596489274553764 89.817875604881053 82.538271273221170 43.491346675509092 99.772326480053053 40.102934950808212 86.885247640571350 55.588561429356332 59.263792830012576 32.365926589689451 42.554864589989641 85.116224541690443 73.374304310625774 23.857221925717521 31.823896472047664 67.034306329460179 24.377165228554531 88.375265124928418 78.288014779119806 44.244312519742444 48.446493283514116 79.237657368336528 36.666228758828566 11.967733786225033 91.149803344157306 17.213211228523740 20.825584199812376 45.638159561293655 34.167599687137709 41.132622250638875 16.850642642320580 21.968957732995108 85.963607105416628 74.179032480820567 99.060179005014476 92.692542946484593 63.504866255585121 78.755881764341126 62.451923311594449 83.042275245789725 39.731717200568980 76.130245721163348 40.166151268889408 64.045333455765586 80.045582966328695 36.574014051401008 5.321546422435408 55.139240109788254 16.634631466243256 95.981269073159027 0.139483428489018 29.650228939628843 96.092765377260648 41.798387111615675 83.701621916622884 75.352531608820527 7.413007083227486 26.575182425898237 48.612421835968412 68.557829244620294 94.740777081284520 64.677345374248958 1.441287461378493 40.411469646383821 67.592707547963357 87.535834623618925 28.920667154891088 35.238163194189930 63.342882949369084 44.967696200076936 37.049728524983649 96.810956455876578 29.019613910571074 27.475170426082919 29.397495471842760 37.673895784442593 83.435028327612571 81.897666109802060 73.906204021638047 80.437941852220433 24.966103085903633 16.087044448482580 8.608209910417319 13.218732916178988 50.386703805849031 96.886726331403452 31.932092223993212 96.696266927194458 40.077947509104007 90.939620749562749 42.332290037221810 95.505979534203959 51.754830284599763 78.703981279557425 33.593016272135280 93.599699762311715 13.326903561366986 8.337580794994459 99.257174126321360 18.893898953091050 60.552478389493025 58.451414617816766 12.950907909453434 40.579808143444453
45.283124460191480 67.305981614073033 50.513831395708920 99.294377402511628 87.948680338402582 61.728013101421375 80.578124614558490 18.717581611900524 0.732336865280991 4.195076383717399 98.099778341777821 2.154061984545053 24.883791689845292 30.764563036125370 33.251863204302779 72.188074280776476 0.692723785787730 42.151607517225486 2.463688624323968 4.901263370161235 80.788635585551432 32.956158904778135 47.722869612718434 1.824260854215221 97.641537085349185 34.929325609103877 13.237233603298382 6.311178363960468 16.315657616475278 1.124921023146375 84.016363513964791 40.923125613371916 3.685601955940421 42.592325969689171 52.673425630103324 13.880431042507613 28.520079983176629 84.225486198914396 93.725428517148273 63.067966119472395 18.837924110752990 70.007285787648996 97.539297316905802 73.341436822174799 99.198048166810921 68.871188653323927 91.614650401825998 92.841045484099368 56.437461633447548 44.466744031590707 42.273921220542462 4.955924979656934 68.853967889744141 6.124662847025553 23.248142156038821 73.503308482508331 13.633549646853737 65.695503357063316 56.972600828758438 53.112602933352861 26.001570113822268 99.488626770793871 78.090540135775314 9.273039993698717 6.506504830980598 25.120277665327595 86.469425571578967 72.213276156634635 11.709204831695486 80.036357407138865 40.596276501672378 19.159307955185444 35.915045321792874 52.938931361811072 76.691737556655042 55.128885715364852 22.199881980571835 96.747344711063093 68.814523570216707 13.845998286211625 14.534947304190727 21.831935424047767 52.200989669804052 75.037896789916829 33.106643642716435 20.016818538887271 98.426421832706851 18.952082819770567 58.298266164214716 77.317119894628775 35.707041048780987 75.937269795508300 2.626510538197002 95.304096612263308 4.822938051283709 92.287129780924559 68.361633570311227 12.148319766123040 32.844265076808945 83.046816842624551 47.258252530458179 45.513986601015247 37.025822649810969 76.365413582235760 69.963517308292921 67.596449985143536 54.496740490486715 69.347932621501243 89.197141948070694 97.739035156673907 44.903919698103721 54.403819687926777 46.170195101295107 77.036280568318446 27.712195637946003 46.480980016179871 37.633436253649798 69.914479032714397 37.572174218345026 26.188547505554773 13.159910644098716 79.791879160149108 56.762943698557045 89.105807568041840 97.916777669197472 83.426431905803838 60.754740475043498 96.575637600049816 88.501516650013770 78.791445947843457 53.689269186205138 19.317716181990686 70.988001413373510 37.739359377931081 51.064704373003053 87.996937942685804 11.250332770368654 64.810278220339569 17.999254351768645 13.396035896010050 63.421614163487291 48.231276452081076 75.459795003308855 46.696377964324853 85.134661534907934 91.418512139611082 8.910656626704439 89.049908380299755 53.156801469762542 59.792389891848217 19.041618370552492 51.127242554858995 62.557477615697934 1.840292700415869 80.278833667731107 67.729331297959561 50.934677099300018 59.785710437563267 40.026322951950668 12.370593957920928 21.534554861791257 9.616838164762353 99.291270428287774 65.061506841509356 56.123666903366988 3.192433884467161 32.645322605272696 44.172475380480961 40.782188901546711 11.421292372128654 4.045414974051099 83.223608617477595 97.307551301955712 25.614262797903130 19.672191167071762 29.107962387786124 48.591741230517307 11.557682850416251 47.257784871139549 95.304958432656534 31.256256339424038 17.262983848229695 98.627428796723834 97.475888160303242 85.292029519741789 46.685746064476575 74.400282438143577 30.897863111379152 62.023146065286468 57.521973705757148 28.933930605479251 67.579985837134970 74.776014248778921 75.673821170852634 1.252655689846360 97.727464976342262 40.794907978531256 97.324073685620959 96.666650700882556 88.194430898029594
70.536858848981836 2.724217280595542 33.479133492056711 29.581202390842300 24.527418797289169 22.301862105887558 6.114004372754289 86.020691109032896 26.947834569034001 30.668615874586070 95.990728655246357 36.244438309458879 90.640794164917153 78.410452487524594 94.393488154470475 69.842374353762580 56.837416014017307 78.264546704641489 36.267570270588209 82.241659992155263 78.302798085567787 23.081508332002308 62.406314465220966 13.484624975737169 57.458566317446788 79.408392392302744 17.501875215898423 30.486182111784576 70.667766212336218 36.080339700860442 15.049317986018462 35.017903961920005 76.395210420917508 56.553425137427539 63.430955603076590 93.293043017390971 46.189646063758026 97.753381970496704 51.623762164032250 93.583684271967044 0.991939831679634 16.141683126968132 67.084145271773480 64.042086231892256 50.272275779398754 44.505700347409970 62.314557051874750 44.092743073051565 74.827322966768179 53.245068142863758 53.613649294597288 6.068413815718587 37.041255137937732 21.274409129534355 50.716705203535604 67.635656955891506 37.518384225123327 53.317201257225676 13.536199450555063 64.299547098495239 46.628130365307506 74.061075636406144 39.849847555185200 1.803328126086523 70.618029009960225 6.471158964068213 48.043365659437164 39.032429112591046 53.060072524091673 0.297868945190671 75.872613842378030 10.796014412803178 65.310155868787618 71.729811501720249 81.492117420335319 0.072135018740316 59.188451038661448 1.725937875504258 10.195818397411172 78.442485385415210 24.462387412725619 12.766672715920368 84.599449478426308 85.445371595812887 83.794789458587175 3.825393262401500 46.156395946223562 69.855940002850545 97.002531738657382 35.975072631927418 79.380477076631550 40.731882967042885 32.006485305997309 21.283235653897993 0.288699792881064 46.238876931695941 12.334965975346456 61.647738610217914 88.560098117854707 66.713981736221925 80.077952558613276 8.422787498630314 51.590499279715807 85.668762556531135 9.347228781622430 78.840216059896946 25.156612629626007 21.299326491986868 27.335634948021681 21.048417224142433 49.908277573575369 39.467534708175457 4.327348509077000 47.292989666394149 64.157426200199410 96.505079657340772 67.836211048565033 58.077406295690480 31.116273883128621 41.572862066982111 21.601753548113823 79.131307372042286 70.766335298713770 90.866866397058317 36.793094031340445 94.604140593831630 14.470381238866670 87.110506897354540 23.025801267007829 91.275335224040504 74.019216402614347 47.447625090011528 9.101982429594301 14.959914295974786 75.864121863904685 16.821896351663725 9.346692306787130 24.374207020460435 3.418583661473551 5.831483221277955 94.443977355493629 99.717747162922592 64.834811377464575 43.535035632719378 95.682545024529148 9.430500429067711 18.608090586994251 52.622031177624329 48.406706424867643 4.349296709514627 82.666139903172791 10.585875691044155 52.448941354270808 24.591275887880393 8.421332209073762 28.105049263285942 61.289722399049715 50.090468442665696 88.551645128022614 1.324981110546786 7.591556193722592 6.240990668912316 13.038331322939300 63.805404032650117 42.474474998748256 37.127759903928869 71.700879713612380 9.001557868085087 60.184733536106016 7.208469907916726 47.268237219178687 12.005029130774048 76.985298835823542 36.636316839504261 14.182424120005855 90.298779407919056 57.126383870288677 57.034827466493653 19.929266817328550 32.020641619997534 60.975628640928271 91.435987290493614 88.540729082133907 59.130382274340917 62.588749549883140 61.387513978294514 60.204150550852198 91.192922473890263 93.493271060612244 53.670391835971230 95.322117389517587 81.667837459207036 2.836027506423722 25.866685957937317 98.686774264772197 10.517796754590780 81.430773959787373 29.833457474331983 90.814059630623859 72.045096482493250
25.968542426106001 61.441579697001060 20.176191286045263 76.558033074515507 89.761419268599724 59.832015743345167 25.327243077349170 99.868978925731028 95.342239601281463 82.782579847181665 2.377730664548749 54.319337408382836 29.839183456612407 11.628637193772374 43.928405142827430 85.444443202886475 76.836882597140360 72.774157635704270 59.428872159746462 53.817417401880874 30.481294388789415 30.864147455349290 74.578425741591360 10.417303122423661 39.276376934228452 49.386757935109401 11.794982141341171 6.851162842255687 44.870952900455073 63.419595554259253 36.050069784461890 45.243938257742258 60.805490924627229 66.631960267172289 81.813194606484259 66.589215623571178 55.025201361648492 5.621767268416211 97.898029653316101 87.120552546972192 65.292825050107467 81.683529268201383 34.544908142864671 19.339144009853349 47.194021229899562 50.980621305337515 99.912971448009344 84.037068294182021 16.471578196537241 85.862495587792225 76.715827364439576 61.594736777361383 72.790500013379116 90.247817477696543 31.306736599497732 51.715208610382021 25.633142662305254 50.627553412947734 84.951393011308014 82.577581958549189 42.056318614447441 86.307834042715285 47.828697932112973 43.383603968798433 35.146910600731616 96.182442264851005 10.668014581774521 35.768286141122296 62.846268254254525 26.665159961320072 25.815256316851386 93.099500272228426 42.379957122695423 84.843619287043367 63.253354195198064 2.599276628621006 14.435421372058165 58.010541505239821 60.964873992888677 19.934123462310804 83.293352598397462 37.265212032287018 42.227059569408020 84.739455753160826 49.857527061007957 54.151567547941617 60.702171049646140 3.134315567379387 84.877962013498305 16.416991864184595 88.531585142939988 55.489622854440832 57.203474429251067 2.790254220484878 4.324626936981579 76.968870520352610 41.778700434844126 70.688400825205761 40.371742465074625 62.288181188896807 48.102103545720396 68.990835928498313 21.590670737666105 83.508328504618731 5.609943446083343 2.578406088329976 27.233706388724300 90.522178322638368 94.036242326269218 36.856370377577299 11.523648888153081 14.630065749673783 36.910521600062154 21.119665597539537 7.024163311687037 85.909673904364197 80.308944793151653 8.626378055508710 44.061701750498862 75.785786530957154 56.852139529362688 4.203240859374191 92.078371381735820 21.608252251642291 65.552562531240994 15.080751408957093 65.172298116796810 93.389350625826864 40.092438375051998 86.661727865736296 66.313173589511550 90.031602840232082 66.032005021591701 75.886538364894449 9.221442291153160 94.884753470693710 86.292732592091852 98.399634387085612 96.876424617009206 23.792000613314013 69.487406524815242 67.829225942808122 44.252586889544624 1.383118681073214 11.922087716167129 78.317925811894085 4.331020307690380 81.788767272446876 37.228213579702526 76.888914511701913 98.008228025086822 48.426021887935114 29.989411103985088 36.350786160833778 70.271685231610874 91.563229597500097 67.927865468519371 99.306084840589008 9.854847265364997 28.122202178808188 6.841059944361094 63.233204615992811 22.187846550051493 48.716067141131035 22.220131430229994 7.708438996795541 53.767126508205820 29.157303531511168 5.410237559852460 27.094332215776660 93.629137721495383 30.955008302720010 53.027363318937816 84.490864164025609 61.633447334564551 4.849020872079668 29.932844615177977 3.228769703126966 58.722555516080035 30.469274637017861 23.689353727503935 1.194234792126825 44.049432490413345 50.650687983310718 74.541602630907406 18.086693522817342 24.060268436224952 67.389300466920162 12.782762033243966 80.419649062116392 91.390015576800593 70.657722082336861 55.539900478559623 37.442331260556649 90.511418710018376 5.803602278409937 78.386775519324345 56.131921168327800 75.060021936777105 6.187563099267446
25.902271211510531 0.587990238938263 14.687389932108596 5.443856953577142 90.694017210781823 56.445645431498193 7.721638298224642 21.414260640376014 62.876392285592061 8.579032334399027 62.101773482690092 34.624924300616541 28.814025310320446 61.453390533349193 85.418272785308275 65.676044138875682 42.012082968314679 79.121113999940491 82.734706338425696 97.391292455232715 33.980730432405771 23.723692787581008 47.095451933831576 91.486811450041330 29.845155787998145 75.587496576285872 92.963075464702754 38.046156895204355 77.387391738700373 26.772746315523911 91.295530587550942 54.734252211474974 44.124137552103946 47.782161766362684 82.556295568013837 19.210641563058605 98.026327535975852 9.438896234839200 28.736591888269835 98.940615488837096 65.652915020907614 29.611343845416251 48.274467943374091 98.498116881625862 33.781034641617126 44.839245761930322 59.733482975511301 4.726250070053217 4.503122264093784 73.077381454074867 24.811177667039697 78.674159670933207 29.010393255272014 15.995520874576796 78.067069987478604 30.079589244568627 25.503582457679041 73.112755153589433 16.690760126892780 79.947739156172474 4.969864964034043 28.030118788610679 10.598890372795477 38.555660540378632 37.859576805296911 12.790024213441086 69.251021689547628 99.516800676251535 31.550149432242947 96.263653826867753 1.394332372763174 33.029473881562723 28.380126053582199 30.315994881260131 62.861961995153827 88.921563251529307 60.953900418874809 7.274555226311030 30.955209475145296 65.887171552426764 60.408550570615319 35.913479558530668 28.411248378362806 46.137598781181396 35.086928026962617 47.694909445171227 14.264138453896058 49.664480634344613 50.113806024006657 38.476833991081037 37.501975284994984 70.092746092131108 5.832562012262477 79.341509388857730 92.628807184253958 69.889691259847325 74.440982412279226 38.963249600487593 72.017658466406360 53.615013352088106 24.529956740993221 2.962990689143152 26.502925965157196 71.358103016622280 49.777732243444191 70.677114543293669 94.150256747425658 7.161236295100048 4.583247956769531 74.913684439174830 38.382169567039639 55.140832584335577 38.851269022720189 20.004801004803497 12.977698360154378 86.330574088689048 47.800457535175866 47.507939707084468 2.659019762636894 9.336465996094578 5.308023658295991 46.205199061846315 35.523606432438918 77.237700854675822 54.683866423882243 29.167670610493435 35.102459470233974 15.537519505108065 69.408869702754032 51.568512831054861 22.324152971334676 50.818992498885088 84.643875810124044 96.313276089639061 52.129798775935932 48.866990573949032 69.532479304209787 47.615366116314895 58.219863326008223 49.282377447926216 1.224345951322847 77.316491919482090 36.334663787428688 47.972772353527006 27.131618349369859 47.015446980884349 44.372193818368075 32.320910274783778 79.611001638302511 16.939687990332587 83.120647131360741 80.074729200429033 97.482776239480842 55.245155115479463 37.890032056026413 35.073155446425275 74.679663038916544 23.295385333437267 27.559378119263954 58.478382942212235 63.705959398176624 45.717954333547048 48.552026237499256 80.055487286812891 50.789276525295080 39.790032444260767 84.988842806859282 69.589095885281608 4.380339762345208 12.572623163959340 4.895831147037866 64.770689053190125 34.413341565128952 14.343906139224295 9.290396172745751 80.077239220273214 89.824607760783536 17.531139783531291 83.878765452850075 6.170945439488040 65.215672263828097 26.795260551913756 30.581347723264351 63.244381967688312 96.308090335698751 65.229371441869645 33.547638228453536 28.355433822525789 75.159224835978506 19.815614256678259 20.490083966578542 53.449301020738957 43.556283908698120 44.759314216629043 63.808745278874568 3.958705794377537 33.683660232918236 26.750892288225170 11.012194263793040 78.914440670285529
3.238466382734495 73.189813457634571 91.838008817396826 85.176434843170341 41.544840531777808 37.553524076660885 4.669162593862641 13.964343090165555 64.057470135764959 98.549565171035439 11.125346166373195 41.091055168660937 48.930593878968367 87.665570126025941 8.896498676966813 6.228792749904455 99.406708588752508 60.187002625595710 93.785658708330843 37.439793769698873 13.130899019817122 12.488431651257647 45.406582251752582 53.251415967738225 19.100038867086788 33.467268577743525 59.904753625673976 28.574398508856515 75.469761182709860 77.815310604384337 5.372386573824417 50.964009237427554 34.844468837467325 80.812081240013782 16.804998323750819 75.949028584279560 34.786755742138254 92.637182493725746 92.168446054295245 32.795207123715784 36.810965227434423 32.021900036295307 26.246513821708550 74.761296804674885 58.701564037101448 62.663162344735511 0.277222671672384 37.364743357707617 3.882388805114878 20.736153611947973 92.270794900148047 47.699296674118507 66.825739875904816 70.878980093875001 71.255988848732628 47.040879048764559 33.597557508482588 36.967134020142822 55.784246920978433 29.377506079549075 26.733751544095764 11.239473021160107 28.618914639005588 35.867303092938386 63.774474870193487 22.775273389535954 72.456030227526867 87.991730072661383 10.200970948189914 21.115381384194443 50.114479131951974 40.287800204928239 30.162671388236937 29.025822993860963 76.917886688862708 83.002113793198291 61.671771695130509 75.189738496501050 23.527784842012856 17.558004740379417 41.480982612852749 88.734094630309485 60.278489738527220 78.929852434842644 45.566052961142312 81.345726848156716 64.585820161605653 77.384451943575598 77.057772408883778 45.234154195548662 90.289643072087827 17.134677349421558 26.068977265063619 2.007038845477216 19.849221570463083 20.352566342267121 57.662185218739403 1.492128324324904 4.380244193050120 56.067188995448866 43.449989115225627 13.628966082692372 60.833670821609985 81.447646952413038 73.268803461647607 93.917444176819856 80.371103454741700 87.830242720470707 37.950596943832494 53.730707032519746 60.835558520963154 89.927313285880302 84.003237427423016 57.726490448411440 81.414659989168015 28.603466274823464 26.202205382334377 81.093160038031925 71.883207616833459 83.489573642472450 23.467089491144332 69.541944968064286 4.255977379246644 72.064015029215597 97.566804678895110 26.568660126447984 26.947281388020240 21.941127916384151 6.164094922681906 24.222352958861503 38.506299632050535 1.363296697681560 6.153145639953128 9.632915526448993 36.517987506263637 35.479381810781661 89.994230021742638 12.032581333073090 97.997630203681865 8.204014433487327 63.122351339135975 25.232067647426813 19.288242692701974 88.170294925290889 33.108656118301369 17.684666060437092 54.206779138414760 99.013133868151840 25.819352148188578 46.871967574523808 84.871804641010741 71.775854432175663 14.174330676079116 93.939311653973718 87.673351292294512 53.998644365825697 7.070970787755604 24.871998223330351 74.750819050362537 6.713126168642125 55.235643464302029 55.882709035401575 23.905283227894792 86.282709016055335 17.170644258383426 3.576397681774501 49.539044381636764 93.377125051704255 58.754697591492580 46.489932268736887 3.636486680726037 1.291426504797488 25.219006882041541 66.808616576848621 98.302268050398894 31.578466671937811 57.548379095372482 75.654119292582578 23.911006552284555 17.243310176261485 69.521606302467205 93.399664812441301 16.768723031427292 72.265723393366088 89.598679157378342 96.884168598556613 31.856026155403583 35.297645862069956 12.287762810430436 23.902067155785122 76.235464066570984 67.275467796389790 33.191307445169194 59.367656734468774 21.747870326634466 45.366645401968256 45.622450337842160 96.066332805234623 91.451424013620624 24.655755317101768
67.395460455990928 88.814198437678655 63.965877842916044 17.305290014675411 32.134955029074696 61.598595930278620 4.298191854601596 81.603588071072508 99.235655359647978 88.666829273271418 46.718535358350223 68.263361322240215 18.234807378885399 74.821368889098508 52.248532790586296 85.581476272190045 0.384011982929555 49.705385775473765 62.381614824030216 51.494548331263267 96.559879782563002 19.300012926850684 84.649662698064844 79.312790656436221 42.830940139107796 21.219422612623649 60.708309878126407 58.598281064093840 25.099379026123259 0.592891956660102 94.778780544877023 83.203024149352572 76.877110130393547 60.536738951658144 66.896277806258951 96.777210737579296 22.862861403934808 80.866339662666363 88.528396325051347 40.319074290754841 82.752703990422091 58.568287910177744 86.745610778488185 47.020377779206072 50.837917376468702 83.859508702914880 8.319882438572524 79.533143633044915 23.405386873099175 36.785989334138705 53.155366437568418 3.025238727640833 88.805479862569243 25.884147324427463 28.737757933171380 32.696811893855227 25.491417794381476 92.535006460641554 17.475625579892494 88.970272554586231 35.011188609481771 94.592935636209589 9.569178954774404 28.411892290672615 37.266267016569508 29.825804970032877 78.839903978852504 80.432316955281479 69.429193227058434 47.310386725934173 72.042382482380489 26.602811095293955 46.735737586594681 28.483895556764594 19.607847368853427 23.251591213010503 19.290942328521442 29.296857719035984 1.037826088698512 52.306402976593361 37.641941448947513 54.817461705348137 63.817761169826994 97.674607529777205 93.655840045461332 16.727714335662046 18.425983304453219 54.801874112684587 0.688421734143452 78.193703779165688 99.499215310372151 26.413990195585392 61.389785393027253 55.360212823751965 47.026245401447717 55.147848666659470 42.226249212768977 38.662792878609466 58.270147974502493 79.802367331628218 60.013379455325257 21.602453967597590 38.722204233908698 11.053504875427290 67.633983307716477 41.134035948174095 66.629528689197628 61.291049577147646 1.182627154570226 55.210848370569565 37.279291271261393 56.555115440369704 30.268607155381279 70.706929358711818 30.910444822963068 94.780709144712844 32.474959413353098 93.014028164309494 41.102075456632150 97.551273015474607 35.353272916265752 25.951286740094716 59.213620187368022 39.943720554398851 95.823637240732722 94.758917554130889 50.435125804400350 54.127843586558043 19.094545607346312 73.129028933449220 11.377772824090060 16.993249001219489 73.806747275057091 26.798483696629670 77.018062134018422 55.309070271230866 4.825951935138139 58.360657853898047 67.796981450502145 96.735500743034265 20.232054307323100 78.055461866555447 82.914778079200573 52.725197877915456 87.445200918517102 4.712851641279181 64.123364113042541 57.546214829872710 66.818037465772534 68.545256023627090 53.123442371878895 19.249590609829792 21.955787373266045 54.970593964384740 71.739941625699402 57.813572224005526 69.384361309607584 1.304096057223370 52.262849918275201 76.844905802154628 40.284009976634970 47.567018938947236 57.173819468235799 3.142084193208516 13.888596766645279 6.423633820940844 51.770726338655685 5.718461542845232 73.013948884028949 68.451430762645941 88.853146548016539 37.657451799310003 83.868802988854810 55.838039550634299 94.085544794797698 79.840339544119942 72.039428008353795 10.918735533057621 80.998820157889725 31.211222205664235 6.755741804755699 8.040954528680588 30.705245186097095 94.710397362627390 43.552226654456760 74.290082564926522 35.599486420128521 55.610896985805859 19.464199827855154 21.541156044305175 62.879677906470796 64.898296184647847 37.074232776251534 91.211156345850242 76.791056462555559 0.793577362310316 79.198327128783077 6.721421781629056 73.432251822527178 50.167599458145318
97.364022294808350 66.993464716666566 0.679113767999195 34.554418101750898 20.282309365281648 38.941587062056094 96.324125922282008 68.449124352895424 28.226511106622333 28.889194815808494 73.434162579703496 86.465368750313260 96.069670891365874 94.189231815942534 67.837332880155984 87.798584576127610 76.759112832636973 99.583845963662625 99.262197165802746 20.684255639962423 91.174790858117419 90.105588213117755 61.019285010295391 98.767601468093048 36.947604146408899 25.381143329202359 86.126991216651405 10.140105417006772 95.443455804626510 19.397500482811701 16.738046589251397 81.394855408825322 64.280828507025120 84.917782886446489 10.970990040177730 6.572437326912994 62.872133598218824 3.820470801072151 13.937623550837852 30.695083814116398 36.981923335385211 14.067074097526810 40.989779770059073 83.048883675079594 65.991087690913503 18.370481946600016 62.099168048300783 65.412007072822362 17.227535594092647 5.870434032220883 57.785592340171220 6.122773224050848 36.591315868209826 80.110210037689257 41.645264793990265 87.312074873214499 92.877687730887132 2.122571239445281 62.758734146722148 58.089962202869557 92.325582326442898 74.924901061241755 71.410117201521047 2.544267282938062 47.142643767923417 89.286249350809797 14.121500975454493 20.504413712723334 13.657391343085601 87.719574801901928 77.889468275107433 20.462069643738744 40.511563097626066 12.214796449050237 9.645162366497928 19.655115097654562 20.482495075744069 46.683257822430448 17.783296246093883 94.234240360380582 96.318909226978519 7.955937001129609 88.670689809269120 16.106926337959216 4.550369285502597 80.807442667750209 20.632623091268886 36.940094407483727 6.821927489077584 40.930948150096881 75.279157213634932 55.864036933494845 57.886216357935979 98.611382601248238 1.162634844880572 0.972961154332264 23.383606809422275 61.569974694237381 65.105393539252930 29.870715389918644 43.369499065136331 30.762247712985115 10.684323217316615 85.437379982833633 54.190832027736100 72.730135131372933 35.322191294312589 52.341506241897321 36.876684662337880 0.018249621929345 46.410668058603001 10.031212785368648 69.768182134136453 52.552434461232188 52.263267500458234 89.258219743490571 68.170308977296955 74.617816921906766 56.698977303358546 57.471889848414982 40.687296814361659 63.379908528782359 19.031622496373725 66.463001659696502 28.533053074066629 44.792449549768051 49.116460911590288 70.411361134398405 84.973483559142736 9.583942388498535 60.554411014091599 93.475659428102745 69.203824797394788 36.636629379196108 52.516893028188107 47.281969567010229 48.698601961997070 31.996956121917741 41.582077021231392 24.379688957351686 79.165816109144430 29.662358686203017 71.241904118988629 78.949164648896286 48.751231658577908 13.292073279796956 95.267446167488572 39.439313916865750 49.062650644360787 64.447914883735777 58.281358392441284 89.147216151105255 49.729742916424932 74.390324219473442 16.886484319842420 95.032045942159556 25.189004230503208 52.189418252382467 45.612194320448282 82.348745388443064 33.127580032542539 39.657705693787946 16.177892075212728 19.152743604323742 12.140776799501596 35.372569915576570 89.729045616413572 66.350560846636569 9.617712020573910 36.037102566058799 8.442988074439084 20.515906773944394 93.624254247466936 86.941690866189532 62.739954973248501 13.779380185287149 38.103795869254000 40.112242843491984 50.146795673647290 6.432310683842390 99.773677445306134 79.582842536416720 22.798980232654920 59.293622264864268 38.583451870914942 51.363588470182201 88.847451796251647 90.008766992539989 52.752043434214357 58.192812740296894 54.082432718689468 55.838417482601344 46.209926302391459 29.862074663943549 16.341753947932169 98.559013066328845 24.319678418311440 93.415400573792780 5.211476080777122 12.846703291093631
48.974936639000944 51.008787125909741 11.574595676592992 23.518038003146280 5.501727994558248 5.737928317736907 1.335499147872432 51.750360071913512 50.879642922016068 52.061738073866827 71.286317033246220 27.758332496168205 28.251785483507309 95.411417844858448 81.229124308871789 37.001095980072975 73.831693641512970 6.884853042053917 1.669451893094431 89.436257805579572 44.519167341330132 53.109223966283601 51.292620760535378 71.308800113491912 64.963441055624259 79.212017241974507 1.915318319713921 55.070599559613100 4.383685227420031 55.637373668426427 89.340634612656487 75.921987938830895 67.018449020131328 72.772909922298410 61.529231181519059 24.506509595687753 3.622370590244195 8.604776672252401 1.367700443755493 84.906653862332590 90.921444981711517 50.167480919333130 6.463526985818824 30.534591749946681 82.856005879634537 88.224521740510454 73.645775797686312 54.001400481708117 69.163155079441381 90.656085241797868 69.743942176609892 4.129939971790686 65.552370599484092 95.712079469512361 42.608658498812801 46.567264419244204 34.137818485032511 52.320556895270990 1.209865755752482 32.244652738196834 88.889465479062054 6.123056164936280 44.264843988469003 1.347369972730561 47.528375555103054 83.663158010727145 77.089081172999812 51.651974212308005 4.223348148464245 93.977831783305291 5.421850014469410 76.511671208768036 95.560995624877577 79.543545731480691 82.336647795237496 68.659558767221412 75.263269179137907 14.722400674182278 31.274228297947783 11.249874248367497 97.948449918002623 39.086176762035052 67.989168157844389 34.064750221272476 19.590569576867843 37.807113195086529 54.786607996989630 83.441872946257533 48.760939692407646 29.559759718222644 62.839570511100661 63.326787647752937 76.959052777965837 67.915358959157928 74.315163309133268 83.573850648925415 88.738963872933979 32.033090245564836 84.912007316467424 67.483322489484493 92.880543937792510 66.798383312427404 26.243009081696044 33.195926746785943 10.810348103662083 84.363237235246885 53.808742254629053 76.570134467657766 67.394029803142899 82.474601374511465 64.177731781615350 88.210898328304481 33.426525565095986 17.134861612897168 62.935482221948405 90.163888964855133 44.624742798698378 55.298503203348538 80.884565738520720 89.780925666803242 25.988217766901080 31.910728284450329 97.572479567013787 17.840929939202908 25.128038816851205 79.126833546895753 87.510428934804054 43.445517985820459 79.286346029686968 23.917131684590920 49.966572108584231 5.481221079817667 5.688704328905803 7.275150356270366 69.060092635761478 23.115318480101731 1.195686510600458 93.868170633236616 82.318177594082201 18.508218174374324 40.814875706732188 49.907565969112298 84.547423448467100 92.370720142626723 10.545591149517053 33.165496278224694 71.855469601976054 69.636457609945793 70.075914758934715 3.615986284605743 89.815797431487113 52.435188176066696 61.827228587590177 31.206486464465378 11.079273063479055 63.376800499500597 99.711691074146913 45.840853949836337 42.201939180494477 21.774178429282330 67.981919648912054 24.851870550360967 16.310912507981811 59.453328680365189 16.089757446441723 14.550136161842374 26.097433095178278 1.735305510493890 52.153944607462840 18.160671723108180 37.730764964137244 30.097552901712877 3.771749898826615 11.750627389454049 23.806575632214056 55.242948379377886 85.979591926098095 55.993573971971578 66.131965532822434 31.775926150613376 91.556119195446200 86.382947767901712 98.045032792599429 30.629372566118938 91.268280433950650 3.487844025622300 20.263649405502370 15.459539962940994 30.609412698709050 75.020702547015944 14.292713600697205 2.835503495449698 6.254476168718881 14.193920873783849 75.930559648325314 88.432875271435705 78.447062116219328 79.286377478579780 85.101966856475286 87.127303312736643
85.825957043809737 67.952042159616823 61.144618204874980 11.593282857176746 24.434175397383950 72.619328760241885 21.801222543566357 72.946775475367588 93.841813013341508 1.730010037849106 29.715947725676283 70.913407358732343 69.011135270548991 66.964704052950680 51.360126697176987 96.153697309046137 59.179125574616307 70.848111004283680 98.835825135789463 80.426873629637612 23.605321152504644 76.639045754615708 22.106236637904363 53.502385355308014 15.699923100305602 91.459576282321692 68.266440855537226 8.429839702544994 19.865667504498841 29.020306456081546 2.251048035902747 34.179001729909132 60.856825890781366 94.854833489638835 40.848011149267549 78.909602801342430 89.293779018491279 24.516139000420512 38.043649782302644 31.656536523643386 47.569738343485945 22.583686125740897 8.276111306338951 9.693740943814888 63.853319515640841 67.714187988661664 63.168925132385880 68.540271789143674 40.579675187222563 70.483145327548939 87.794131643716980 93.999323325336874 46.932943935777281 33.785827277042955 92.317112444669817 97.842597186797136 33.292611344352771 62.606575201871031 61.654431247702611 27.046324157099178 60.657264560873060 66.339779141498823 44.660069138824220 13.504807690756969 85.875411032144427 75.354392261369838 58.821343517635384 18.327301721957578 68.300255808457862 53.997793665264005 61.442407741532023 77.121630580080364 13.669791837637179 87.916578624913427 10.089119012469505 45.543725650619884 28.509051094875304 12.598679843784833 80.201318409981710 25.074518477511720 81.971177587117538 99.419575671158427 47.257868115553784 90.749147254818126 63.207725122003552 7.216141496559336 62.670465948554799 20.904968139530624 18.652639894164512 97.954426498663963 37.779665079411139 64.364048818047820 94.719548868956508 94.827518107595438 42.591918581421638 33.613522965380014 92.588557970282437 36.404876317310332 3.309730585726023 54.110638600671024 43.941800483351088 43.736654121653451 41.120413794231446 16.766673239357633 47.665359332276559 82.112433818043499 16.062898608117372 44.572918850189936 85.356234751771794 78.083065754414037 21.025484579042331 93.443870285684767 48.138129345444391 44.641868905135262 54.512925244819741 88.496158021036550 2.045364409146877 12.288896171270824 0.973589641326522 34.766399197880069 74.134539409281459 92.359732584744037 49.027752925043423 45.576612132789471 20.493653011807012 36.789516757173004 55.277415506187936 53.493176168843483 46.783676889442503 58.532286246874840 66.029540348557148 95.653324030383800 6.925745855606314 86.884868739263254 20.525075740840460 8.960779449369250 4.663027526764163 82.823687836047426 24.303511517383068 23.740044399438020 51.606147645434206 93.260657960963883 71.345288006366374 91.963519660809879 46.307152555285178 54.876018860852682 48.811018707800145 48.116099598823240 82.344030869694180 72.415205428598483 61.724514480980474 19.295546056205026 16.861451213512801 76.913748168385396 9.368574004293230 91.671604870514585 29.628991922074199 52.380414248696127 45.647633251909738 11.647419406179893 57.123103896510720 51.901884210922979 59.520416625412643 54.547369537687587 53.494542055157076 29.559667599670860 2.661340007385837 65.499115477715861 29.557211892051960 99.287101277406038 23.727396245482069 21.509603587701655 88.179194864525769 58.626559175981562 61.086544437094105 3.423248277442570 5.436653726666107 69.912548951565739 50.659739702961168 56.236990484113392 90.631828807020938 54.043132426666332 42.685295334984787 98.374422117698529 37.438915257602503 26.700567705796431 31.972083346057921 15.395897555406480 67.576940484057531 98.063583391349638 95.468387103542341 70.923510500073945 29.389340478950878 33.634346144869021 80.996426588998759 14.114974818372650 48.808360724608733 61.658084224352280 53.062565926478392 50.059970260841858
22.504515339245113 16.394669895278913 5.475030377882573 39.574652232240162 59.803795548410299 95.405312393626090 69.889630178526062 78.654752598377215 39.952466715882750 30.266560260181564 76.934372064848645 21.489158610674519 76.339551301668934 74.794276278418053 19.631059811600327 57.382083750223742 65.166613677276274 15.687829241031437 16.885092057786800 27.363920263685838 28.113597055579021 57.615883474597176 59.200654252177877 26.600216826304546 83.622661777243948 81.318117646104454 97.475074378291282 30.717606739191872 24.631303109250304 82.177764688186926 4.733879040007693 96.881842137168675 66.224631834411511 13.018085237280431 14.365616426183747 0.900730520622894 78.065955231576709 42.978019737767823 75.031592112986289 66.545211750360494 1.336713643803944 17.312107533350442 76.851587721442328 11.315947314563202 75.204383847691687 40.924988848644972 24.892662785045417 64.788813180761423 81.834546510344325 39.769520386464819 24.949944154562363 34.274668522769026 11.761633969865958 30.456450574596751 78.633884286316061 91.977360314856526 13.748233320740265 3.754445416001706 71.482032325872240 85.785382902113909 41.672952718589961 28.176872066571267 49.923027948717646 20.437158318315241 2.406769983779544 89.101381150137343 24.410775035638888 69.385313490406915 36.980403778013645 91.297448988494907 37.876340134368156 95.230029107138265 77.595891113208708 95.149834870590880 99.157938273988719 41.742515483075394 98.856850657420580 43.330922426768105 5.849032481210403 56.401154199850097 81.383588883321039 10.792423001478346 33.644530670931758 45.768212598578920 0.622734597474939 33.639345589999571 90.177031792779729 39.618644939591682 92.043862494159157 58.663556377657514 27.837593453519439 45.930283762170632 32.897679374951558 77.977895610473297 36.499698871199662 67.550556183586210 70.476857030101343 80.965415327623390 61.933397249617464 28.805097265245362 51.810894160149736 42.932204573417607 82.964216873987908 64.447318228798025 8.697107940897764 21.524205041337996 75.754563139215321 2.283531533546257 71.038688967782008 7.598500613523007 11.809404712529359 90.527615753570558 36.653162612023934 37.493722367492197 43.108142324858925 73.310861576107854 86.698718267363589 26.841270590534407 30.840812708309972 49.349483622453505 8.369941095030809 48.030184619631541 88.041381246991747 91.151760248718503 61.317791120720067 79.140765892520363 87.982399337182173 41.462423011520954 21.223865882939307 6.433545555515197 42.492382478688761 51.410186411952530 60.225076727058301 99.675668677790867 39.628667773842416 87.240995781542679 91.920406377251140 82.411471675043018 69.854445509080463 38.015790971076157 69.331354098626164 7.274513605721145 8.552967441064308 3.297504851160038 85.066572840836031 21.654753485819246 5.695444041439968 90.726968872910646 8.863411255469767 27.833888291899143 31.575991820354755 88.082128801318547 33.093267445458899 20.295105741799567 83.874694317915953 42.004682441799247 56.374946216172958 46.135700430402203 35.284211139248498 30.075984016542236 60.989751706533269 60.616528006695312 86.032471228430623 34.734603885222050 10.531636256742749 25.861918579291665 73.508726167669536 46.490139792955631 45.292554098950468 91.467852913520346 87.301396196032570 59.225570736842080 10.125796698177780 73.083323100098056 33.011580940263407 57.408928308252747 91.547827122699672 42.958077200379130 28.960162383841759 25.969584386964094 49.153453449678473 73.961548338156476 77.086492713545226 30.932997290366181 69.541614458004048 30.938677170443320 33.326226029937210 88.074911338090217 99.563753013613066 18.880200291017847 75.940429935836889 97.649318011259894 94.667147802902790 75.627560053322767 45.115889421769431 65.502704241752028 92.436286244294934 37.632206425118298 61.960219052412768 88.734645436805053
94.494528582070330 6.863505055189267 81.202849851537223 47.406917284818064 5.782101838422982 65.500985482290133 68.740511015081267 6.081887623852056 73.579796934824145 74.837275130913511 48.696536150726999 4.913493772571975 7.252379131656084 52.864959507141229 13.000989153585751 6.328749547752100 39.304009398003913 37.971851225989781 79.624297296137414 40.181808399124620 10.099280795699972 87.509674524482307 24.914918260790785 40.936404909639471 90.335350823291066 97.383024883550178 40.877321038130319 88.379731219389541 21.790664189586085 66.169668267947756 13.675127888214334 89.064125521007924 42.886246195039746 77.977803172678534 49.300752008162483 43.101863713568598 37.263247016442548 78.339656797343494 78.257844863334654 4.056947522265575 51.172452584989493 82.474979504711627 54.256145236100636 46.163111730355887 81.729733276434317 65.806815835136902 1.360468845853224 44.537531043587755 75.234594380895061 30.506162657984902 86.099664833787202 68.829143519077206 78.639026556358303 67.764843051757154 50.096509026021366 83.861740687168066 64.884961045615540 60.379985039654585 78.298636404071758 39.290958025655812 87.533855052974118 52.946983150941861 42.749496442492195 43.253275626042317 72.771497383780655 9.532503271902682 77.151151173642091 98.321936642642456 7.111529547016993 26.430137693012135 80.216103079972967 76.648009911930444 85.182003325622460 78.420821733359048 74.562120880727790 42.326585476531299 61.058985940796248 86.887819005258450 99.117449643678640 96.405435274591397 97.750710117555300 8.571784028642915 36.124567996738335 58.171994527336167 92.897596132414478 10.735024146864925 53.795637547029727 98.189075558126817 45.263574600342025 30.235359409456919 97.577598994269948 74.491513980706074 19.974233166692489 25.217897767906571 38.341646740143986 23.135922101770223 70.120399233593616 19.276289124277124 96.868278391269328 11.181134841570517 41.491818087660050 42.034056515872528 41.396254807379698 9.273040021587487 32.238637618537311 50.475408165520882 1.236516907532648 0.455247152525962 31.806787447504835 87.397030637992813 41.191863684748583 2.111282156785954 5.921495581898784 62.108669317364694 55.961823864344836 53.729238880232643 19.716686098359371 39.057434266636605 70.700519402518196 19.885902085610031 7.454985845789097 65.044682695042539 57.587843415376270 17.440966993516039 67.753331434740232 80.100314946126062 46.736088295877565 12.493557834520640 96.322902846626334 27.509487398678111 82.446556749051808 13.259441621132662 88.213855583591794 80.243932437959330 11.811269636439780 48.540604232609809 21.410279845870740 33.678033936252170 69.574407789391287 11.824422219883013 70.809343521794361 94.983388305515660 50.440498996577873 95.384421095292794 87.630130550845990 66.655592227683073 0.731124654183812 31.450192569391344 62.853642648024923 54.404408303107111 5.381481286216228 64.475995013336814 77.098325789811014 46.906019708088621 58.334955106410803 24.677789512601112 59.636417991390587 31.597311453295763 3.047080710858785 70.552649959105850 96.830572244400472 44.232255788427757 32.225158618629571 15.321512792748349 44.730456143063513 85.080577025806178 55.944021079420416 3.858343651826734 2.564066131994791 41.769198207003669 0.809025977873168 24.210676350785754 54.682369730175715 16.855606193031512 56.866328568495092 36.476509130875755 32.091738605724530 63.115141029805514 39.564520478755163 10.965396093186786 98.268435855352081 52.750952471305638 29.237060704679752 28.987386888409649 28.043047721071900 4.897612307092125 9.517729042704183 43.052915054786780 28.345051986504988 18.909538924801605 37.579182649773287 7.396972135582214 89.426855998585935 30.941021925384536 54.533037018947397 52.388622752866745 75.867410222145921 48.750410284434167 26.893932279319255 78.962863248296372
78.603390529803789 49.513957411699792 25.175859175909586 53.571034679042420 38.331871670926496 35.246974443302207 26.168387035486973 31.524052549070703 51.174287111400893 57.981881964000905 47.524355463629512 27.443288837065229 13.059420866819272 87.234307697291129 72.380083231970147 40.169313952997356 6.651857294853903 34.451302414127937 11.787955464040811 69.086999373097711 92.193635553202967 57.254479876677202 13.201681235918027 68.470345508336365 8.745805483912994 75.557803136186095 4.623019952365393 21.228924861856303 20.721699585444675 21.196825715728973 46.629749473952600 71.150428339297505 42.916373243770380 33.943952964277571 82.008861768998713 4.017082479712498 16.867101823627006 8.137573697797995 27.867657470887274 46.120624874274121 52.993873171937814 21.858022383252351 76.835005707538940 24.787785767313398 77.860772851588649 15.778128437096051 67.871787968438710 8.296466551330095 31.917612724287061 4.078152112784450 39.146023335127154 35.351976075126736 4.450456781142764 20.975903590512544 47.241314019206314 33.404132308709336 11.403838867421657 13.014948591389530 66.286923507958861 48.723726699619071 1.918430247537550 24.622318472071470 2.500490706823666 98.143237998792102 2.061097780551324 11.324772780385917 13.222502206428821 96.234913913865483 25.341015753121564 48.178379032275529 82.020001862119869 68.142521804008069 54.451924187131205 86.168858050353563 27.782232315286127 11.761004424402676 42.212937080894477 38.499957882369515 56.711989063693402 56.597767725544109 49.121231118413036 33.927507154389190 28.985311535739289 98.362139847008180 82.936722803470545 70.196602465450184 93.046146377600820 67.005043207080277 75.310219919363206 89.708684209618539 15.505671520567709 25.933796604737978 63.223481008064041 87.198516836634553 75.352234454879977 56.597991745775602 34.771014842741522 26.865842406529438 10.686500137482646 3.749383730226497 25.599764911245305 14.870160112869646 81.261327838559311 98.010598980982067 33.118471091669100 14.781330071599763 40.122567003750667 28.388787480772059 16.796917055449089 51.497307087623845 64.430787327607803 74.234568910618762 55.385199123273750 77.812986956535724 23.200173367404652 27.899514773179867 11.662310635214057 41.100468616980045 94.798148487128969 45.048409988557260 59.200499140416319 15.439618431560531 52.502581661448133 15.028401943932302 60.388332993547152 26.367696466057076 43.573967873779118 82.256793989114627 94.503545450870604 88.073287514184372 30.159318557796723 12.191978199705844 84.214634378250892 5.438754935115986 97.236868544313353 3.194456945401969 81.634191950360119 34.038197724509466 96.810034342608347 67.210933780311350 7.538385993738739 90.308237376722218 82.793504755942720 47.208300326356159 20.718074551797439 62.698284928110027 23.940616813768855 8.358943173343757 89.427761659932841 19.482568831311031 41.371994491639853 23.449519442265064 3.371486834476534 41.712060548846488 72.719923623372850 76.981863210802302 55.759965786603139 27.164558898826417 15.418698372468864 65.574983647449130 60.951838037612539 32.408260150063093 53.612808004721238 11.559373182156696 11.025603002840112 17.703431761195887 14.662688580461225 61.723247601743900 63.093005600061801 37.452285815213294 13.180647641497266 65.984251829705485 51.272581962608839 74.230434970821349 55.908829403424079 64.975054452765718 8.493100380248130 59.622695663521561 22.172376089062929 42.734806511169531 19.554210987641753 54.833229830111755 39.402796557219666 10.657764035283712 18.812328883611674 10.053480217155840 80.868371622808397 77.513074805221109 58.050829683405510 14.013370479801335 65.812482897832396 35.967096369729077 36.807137952890521 25.040638663230542 64.027474640006361 81.266062323197843 39.683812028066590 31.524665067629996 13.239109547741123 63.011311427335023
6.945038323960206 1.879922900649300 53.524827511303918 8.298865057690341 12.457880294985479 9.724443159328199 19.263300663395032 40.447900037425534 20.470349416781186 41.824349374065598 31.578930425774075 42.356159770902181 39.182032598555224 89.530052558050500 32.610531469583805 29.623188069726979 90.450049606322096 88.133599765280806 46.169170719688694 56.330942013361110 74.802608826498442 97.057422809879739 55.032713044294887 39.411425019770185 90.187277276702986 65.467139512281307 78.402915640287731 45.899166042985449 94.396533031826351 69.973842719564630 96.421090327977311 66.267169464686944 53.693478017970108 21.038555411287707 19.744155275003571 21.537909273090207 9.815184071705897 76.907699578978765 2.841726674437062 63.505992571159574 13.557062104850271 71.778073456983265 30.732000889517121 50.695490289416476 18.396795462527859 1.802765229062897 1.689582368250964 14.676733599744251 67.443739239148854 59.357312073533016 13.132247007082121 42.593271956027309 74.392813431644839 91.795003503556416 8.210878754441165 90.275073430640262 99.973346162353550 34.499654616580642 67.129058935938119 26.385469364267522 38.126119801385549 96.142398174148767 12.562050312505125 74.622559221142012 46.447636062646467 61.150589430080494 67.404542909233200 43.349846164674474 38.966607255365226 57.776238970773875 26.442441753261868 95.600231321328749 51.390015568250668 75.212435116783467 1.704357517294408 39.673708084343176 52.604159380571588 13.504415587920082 77.849559430254473 2.295527563129951 61.835101780286529 49.338328534061347 54.082137293439104 37.467162384129452 70.487893529714157 61.051089017682195 85.892216874007303 68.815609136765033 14.327126335338857 31.281795021679994 0.044319086337352 62.953042375160337 97.907040869345906 48.680591936694725 96.637652963440104 13.513428471022593 55.030102827993396 43.193232665410200 64.447245244336543 65.599345672415936 63.943206036574608 6.631960241582124 77.884425890445613 51.188503069220104 46.730408994067616 64.307432051605602 42.989290556595620 67.552827044503374 31.915324749617568 61.924979094900657 99.065132628688147 11.798688288045611 9.740134402245582 8.115370529385569 69.743431313576536 50.106769126622240 33.613056362818341 22.711680988400385 22.135996919350166 90.811250003414955 91.693317867906771 14.031339253692565 18.858049624167361 81.569343027533392 25.188864610878991 33.216543448955072 65.834914932502272 20.078198182076179 7.877377646918015 39.563312269593489 91.413548835209326 90.552148294552055 39.104804088507230 91.702282808563666 80.357912289001561 58.911826164504014 45.993911084897356 42.272543940393767 4.132406031818558 4.596199887771013 98.587774544193451 10.117866952825461 68.430648550844694 6.503426383143696 13.377775662515468 73.353377114749406 99.597310894262620 39.070634103089340 93.487602960852627 57.596362854315977 35.676383998586573 47.075136085371284 19.193050861926785 12.704263952154804 94.916241859403470 30.756308369742246 36.157251315197158 2.228057815165840 49.643927320350237 33.324015014009319 77.922651276323606 74.020013175407158 46.067922162814781 55.224206384288230 85.527676135266546 14.057269462644618 2.633657661662347 43.730616423114490 90.399566219639510 46.988383452730552 11.577009158490004 7.733829532582304 0.838887113209830 27.967902673464529 97.025100441602973 97.827728411557061 13.848837903360177 64.781925090839650 37.446457860725232 21.122304870382948 79.910041011028952 74.427467973878379 60.224043718372513 26.479676558848674 77.554820468903316 24.485835516705524 35.505669891644843 48.891105923417946 74.576707069409423 1.657718420914966 98.944999498429482 26.600049649070122 20.351120488650555 96.106479470542851 44.656431889282757 90.816354357877003 40.396297976555559 6.726491441982296 7.211964602200349 61.294621912732126
85.476236656024014 28.101010394791160 89.433830979662019 68.946384608301742 74.989117211281282 88.803248891139233 46.940050901703245 79.270281578979180 85.132546556644527 82.743251327817219 13.436235524123241 28.679671314840625 46.888966397096567 23.456283441962398 15.986359487984226 16.402221900200963 30.961269763857345 16.084660120421081 46.335390525484613 18.874175943010542 79.625207110438424 58.908473198256949 80.915507374201610 24.943168232389411 40.823411835820622 81.238651867401074 65.920586108785173 6.810532199728758 30.066989296027046 31.546501214551657 77.767470523737316 73.138124296932460 46.543219102841562 16.442611609263114 30.151679307765711 19.142571517134456 71.112525661418701 81.643135795221568 9.395974936639506 91.031591892203735 31.598810797679675 73.593137705903260 78.232993940056744 93.504964308964333 41.338517302879893 75.219430896164283 59.659763883009845 50.185617124779156 49.224130390561307 85.962605579227940 67.938173431968082 84.013521835396404 55.604754441700777 20.388496554450221 70.407634893087973 90.680704399477420 13.338137209632050 73.414208629938855 92.753987976494628 17.115864519845346 82.400263094722320 29.859709362705079 16.393482933058223 63.615106677907420 73.626347914895391 14.860716482716164 19.385884465086644 71.411732133100799 58.140037572960445 44.188581480850978 15.637934516091468 15.430371536947918 82.952499157697773 61.674354568993152 76.911699000303358 79.115076689735588 75.893982702361313 12.231160071160740 30.772141095674300 53.478001049010103 56.560017502570467 9.291836404455900 73.174457992108515 77.493363953992727 40.769025841108842 74.529095419779892 99.086527638412704 29.141944259596354 56.223532328117983 55.597232540685404 98.722671726424309 51.715032476812553 49.630006346475255 90.971714797228870 92.274795827981805 2.349144987252172 85.882335436763867 70.266979241314658 52.605180759960270 94.255238932873397 59.907555873172235 97.931239448031320 88.385988875073053 52.275951590574309 93.875177859955443 57.474568202767905 21.631726306552778 68.097771670322516 50.528327410051276 19.115204267373830 44.934344110384259 3.844785327713929 28.970722074261591 45.950997137807072 25.718890092774327 60.909672314867628 43.710137980514062 33.846911012987505 76.541373385878813 65.347691241471352 72.041061563747093 1.066460098542932 76.506009087769584 60.585921982087712 66.801000789507043 29.480044455694454 70.950903703299900 48.445219185144360 23.650557478035871 39.073173559176091 0.745047138675503 57.817354316833573 0.050373249394586 22.549749380580320 77.243185052421367 51.645393701702268 59.026041223746240 54.663597954469843 0.786011267973596 53.589413175579907 8.345600534714947 34.524104593627470 78.956455421640953 98.631242591150638 36.013252213675486 35.371972220016367 31.436074479812646 59.679540613284587 88.342705450036547 53.911283728106028 45.986994829804942 27.902002184517961 26.956118504198745 22.853769548944669 14.734271441576164 92.744530295667133 51.439211695798157 36.103600730974605 68.806362150327047 12.746745564975948 72.853155201278071 73.747392656897404 44.818223818568782 34.406173741070347 10.108520294087686 94.396196428120305 47.257976718035280 69.160668727268884 23.478401255931136 5.929185923637769 13.932078555698968 15.991918573849951 28.874527658990335 21.193075417609151 39.781912078936976 71.794212750732328 29.289614987261793 5.848561431044407 87.048985810120541 71.065443085847207 82.442175597207012 42.779206962477744 39.187133439428322 81.825693505693366 16.980702811628380 96.840778891642273 40.771719657296678 98.868214128691406 67.960538095749868 50.786863995133622 5.885142907547736 63.584343444369573 95.864239234189242 83.681219926279567 45.782359086246949 3.741193642067453 55.798287561954638 5.138356001117117 18.956302180838446 79.487999624452669
39.616776782784278 5.168891924920594 58.265906468237702 49.985056393784397 77.766098238767427 1.081580044877439 52.522778795667776 44.159135781573632 39.680160691861602 73.345735704541255 67.971892534070406 93.755886699275365 58.310016213914928 60.980519517552246 35.508980549845589 42.900574306309068 47.036929507369130 48.242690795393436 37.879270410300983 60.522396067217734 52.587314288629614 73.493835192866484 59.237158109122575 33.356396481944550 42.821594009263400 7.409611227095159 0.676957475868245 90.035956581897864 66.946630623267325 48.162928607574649 38.282619724345132 66.496166698872258 51.069311649393143 99.784468947471254 57.743164912631130 48.585327744163344 76.116077447755288 57.662024993073679 24.791838541624088 11.146073906307741 2.862619336107497 38.071079978375842 0.758359259042918 43.851514967740748 81.577039538140809 49.797728846013420 35.969219938837327 52.837116753311150 52.459211104722456 81.785854682177089 13.654267522369889 18.091681629128843 90.729412905223953 60.682989563333877 6.218837194499449 60.261134393893158 69.436775871403796 31.528184158921015 99.348037764530773 8.096371336403053 23.423425093135165 64.079340057948059 31.327355003901115 57.773321311835460 95.002901717600494 7.167567586814172 0.391667580286614 40.050791623267614 53.756192089644998 70.708243427987014 15.007569671965083 79.910706018143173 94.457123670768325 16.771325312644557 39.684338969787071 12.463714928416792 29.076338872218464 1.486323856522653 74.089273979073837 52.709766175109884 91.064379700875804 1.337593412384708 80.366057043555216 51.920165313521096 67.006181823012795 98.424747909554384 4.597109379892261 84.314201526856692 57.228948660275506 38.764891430040763 78.210670994851924 24.838842516012992 45.100576512499977 9.607711931534890 87.854849102501504 82.018364310897994 62.320966142945053 28.326789156806910 49.987473175768159 81.611300027721470 71.846692601559241 24.168422064333438 35.660307006551520 88.022532814723021 57.073333747555431 22.428033529495796 88.001174746336517 4.181861059688552 27.924245850247576 9.481956283637638 2.880069730461787 50.492884873539836 0.102300522127419 93.538611678370827 63.145404673204588 0.303827119493971 76.631122321336392 17.187461965050932 17.566819850125594 86.380067255451280 36.965117439832760 41.153238228425529 82.285170839821816 88.354220976070224 70.057228778282621 42.815676134852865 40.608409652582822 74.540170043554966 62.575755405716770 98.797285067328005 91.018262114808607 0.932262180205112 87.195727907973321 55.927548280216698 88.279489012556624 95.945610822202966 64.851404339571090 17.744655806043340 81.258460973329278 46.480259773850499 26.414941427998428 20.965243209227623 64.356159969407287 19.324876048567894 63.614919539105230 20.785914861152943 96.524210575506487 55.924236510382819 62.867777308808861 83.643131779286691 48.028326078829707 28.078775367428676 94.365499137484576 94.356738110511387 15.927175948023109 23.508476551216273 66.006564991897235 66.214359790175209 69.057144474773352 92.818509664990160 17.903365136354509 3.351464741841137 48.716735443944970 28.063132583853843 82.602072385567041 64.258581335588886 25.123548102027037 2.849185235967910 84.943601323722348 87.190031760602722 60.981734352460016 26.992351357695078 51.091067794543065 43.104946343724890 60.876359290468621 23.669927126394143 24.650499138255576 16.778382155841463 35.631486700629047 76.709233612308154 20.293101826405280 55.797351583646062 8.302516390747671 71.737108597836112 40.474451065101171 57.715349518974080 99.456308479596416 79.261753019787434 49.977819295417866 58.946842108618632 87.651264791079143 92.620848863983312 10.197387092853816 85.791876712641951 59.781897735526748 6.699230447997184 7.426691241851547 84.141916915240998 3.103955532666813 7.268334429652645
13.092968955259277 67.671946842361578 71.663595093207249 46.032556703202452 57.151254141800869 33.970066846108651 1.322876315758592 36.923223903799659 42.349127307711584 83.293739674748664 63.904069994578663 84.889618842334968 40.926021602995419 1.531362156027294 70.184121608215833 35.728566601486101 37.498430504500725 17.970999046030634 95.605945574734392 1.506263617068093 10.862992475086596 64.365390820996041 56.877886529376610 63.483983820854647 44.370516201968044 55.647779734164359 87.944404902452462 84.041492644158268 98.415765924757778 18.278618653797174 23.496328466492610 12.718922659853826 72.473846046076716 4.900495926151072 36.673123160523616 85.671572086674914 67.018531842245068 47.026154447741661 60.642992324099879 64.204034416622918 9.369327284304029 21.409189750080149 67.418670184840707 75.703119698320634 31.645055873135210 24.969139750048718 9.595772550550297 50.304928785743108 0.502740789926681 10.532125374418433 69.996289770944159 70.644913393750471 13.141092538716192 61.668215728088491 70.084477634496778 36.884978914788412 55.650388234330947 52.143345582595387 53.060727170146151 32.459529674741518 68.640768704976580 6.339155892524618 30.157065102858382 1.040841800548853 76.964118789422017 95.723112465431058 17.637665772137680 65.283225454269285 89.202419150530304 58.640008813735321 60.896849670391887 57.096384537445253 77.835102596479771 21.368596368592950 95.107101928597984 28.427650750572187 78.750309480108385 37.916074876850644 48.928033286828807 38.351775587419887 56.398872130414944 67.799426437753311 80.241041451459651 18.722492250796620 22.748147577917134 34.872710523929570 93.141306454085651 80.238776411443382 57.442457078414989 96.962082839361287 81.334500359803826 22.048434998736223 63.424518949700669 96.781317917625685 22.521323779974889 9.562126051332010 51.082242424637201 93.552826518904226 1.649518103670633 38.598071438071948 43.504073740550986 78.576880428692533 70.436280924528219 30.882584249745847 54.120185275446332 68.662154243060272 11.363191343793911 79.652499354699387 7.299223320131764 72.640194254266945 32.273025961667237 43.344902007468278 11.212443004466177 68.929601871405140 96.293686612371360 42.588358778198590 23.124574043340317 86.621344276474929 9.381687136450878 23.652499876655863 44.527063466201980 86.929722718723127 87.716073481355409 35.835177993331492 3.582644586137440 14.276219494592201 33.507317374057543 52.186160112306489 96.657675561986380 38.937833344022444 97.992549566373953 59.829808459173186 71.029299767779094 3.686200396095773 71.910320971612833 79.897484969738429 64.103618860505051 92.651779129185016 94.346563281692653 9.234904435583092 54.494362594672843 64.728433853072218 32.418156397111972 73.537020421297711 85.944252970108465 87.277351635090099 14.401469339446127 16.419651040454418 32.539754192732808 85.899424289180331 3.115788647677331 89.349105232613397 16.226860640935925 83.794014348832263 40.266422662338897 93.945782584069661 9.335183479378861 6.771113091934266 25.118503481144373 92.206147130572177 79.765324891555423 54.411479280671713 2.515975421706695 47.181139200116654 85.120231292852196 83.296024614246164 37.879705801504180 11.800910980046975 69.560384395609574 10.803624740979345 44.017423245776342 99.600869629767999 67.295781495416136 40.643825883181641 31.502729923343932 46.011187545106694 99.085508842315633 98.834844164788805 2.069772503440059 74.971433286116408 94.940433577272699 83.470297025707723 7.459398683936613 92.849389148334993 34.804745021680127 21.186825331017378 60.690527757579069 50.165185470328844 1.167389074381531 74.067909212883961 27.358055311694564 35.480718199637316 39.097891383680086 62.276260792691360 23.658705688759152 51.418786483890088 56.366862601242183 84.972210421321464 54.969517420976743 17.386032400370567
94.515481004391390 18.816276801871258 67.583976940370434 50.050652620086069 28.762966179599157 5.223018627152176 65.480884722136352 33.669768030707658 20.928886018460290 81.957469138050030 97.092424547574325 67.359608020952223 6.893861387046862 59.014229355458610 87.832310640031523 91.766064782413963 91.719772694055010 35.372262386849776 25.769206862125870 94.799879158805680 89.395987380393620 65.839258851544002 6.232822810476835 79.198295450829264 93.194107055819373 74.260038411724480 36.648573323802793 36.282159537357373 48.070680070859176 86.949676120579937 35.109442706280177 58.267566553244052 74.383177111963377 48.309830956629938 19.322573125523810 10.106188697052199 1.578970500964805 47.850399627106796 66.329253527882031 93.674963606863798 5.280836951829593 3.471959910294753 71.465526305666927 79.914984009287849 69.720104049672130 87.501348003912696 92.021884767033200 46.655246009465799 10.239079154092302 74.212682125856972 92.408451462007889 24.909767091233082 66.929711986110249 15.718803427835681 28.386162128900040 29.445011447132785 0.650742468840459 35.033068942853220 85.717023298541946 53.415109178160378 9.740723930531791 60.910457132863847 32.464777177778458 97.683992929559224 22.450103713008197 32.979495250986915 68.196249561751017 2.364297736951326 38.734877439434889 52.933961541521498 8.354301388866681 44.321487005765334 12.622480976610451 18.614708847147565 6.314413469928681 46.407945126048546 56.153568099685728 25.502630890886891 34.661245626607361 50.477627636892365 92.971933312351467 64.737105411952541 37.148965665365949 86.375042051764495 64.626417516321737 2.884591982233409 49.832600150373530 49.914020402018600 21.644906647625394 88.375733383682828 47.720303414965095 1.516571185090376 17.243175605471471 59.617201431182387 56.436954634496551 52.669635187410833 6.420918529349073 68.793449919356732 63.637624707052446 83.696654251752591 91.810706589439690 75.960606706347676 4.250083644798619 45.330643620268340 56.208845762099266 17.759325999236985 17.912538701683424 22.282639309694265 16.083845557811383 77.214537155959817 93.117965813577328 97.146532646910103 18.119386097733027 25.516692401733899 70.240283672089788 19.224072631935030 55.679788171273657 60.333623809250867 98.086060115359132 98.158706952876855 24.043497289755010 99.191508760179616 11.232299124627854 56.907033999692317 33.690124568210912 84.140036926985033 4.870680387174331 7.362419126498743 55.964391231929888 17.557550046478543 63.981224666100722 57.548348640929248 79.578985146154608 7.989070941478305 24.385864129312829 87.381643002673798 75.382613788754199 87.214391284138927 23.825782521059256 9.058440555831716 96.825167065261127 28.397688124496522 87.998285296573187 48.342570936943950 90.780327278550331 56.124428029278192 7.272040682287417 11.369231842755479 86.252692944458119 71.772484143736989 14.248955407646235 86.423330915663996 30.878827297876644 41.144736638643309 91.702208864052722 59.732624187911853 88.032097442806887 3.553880721471603 14.160106642751957 66.719622333280171 23.148847678182793 88.783610099312483 80.913665702638156 45.501746411864339 47.985185713521815 4.437854924153828 69.420958786591484 45.798734047629885 54.658092480243212 78.014775382539796 9.572133693122298 74.456785466622406 90.135285756106427 81.613611375021961 41.653686147417979 48.864202799960907 82.587448625814289 37.908408570510808 47.598575275285285 96.664096793632254 47.167190926529514 52.934363688320055 65.870998736443937 32.848336475230823 51.085947349742597 36.687058656401049 47.228405682538252 49.150969949423263 60.294465055006917 12.522863176857090 34.750998320786138 45.482486147009539 98.114167046522240 53.257760508946092 86.399031283914624 39.686496541336510 34.855276302510184 90.832826526468509 83.639799186055967 80.637267531496704
47.803111254820408 99.649535027838013 36.250877801331605 59.922662676318453 93.489593083060612 7.562782353552999 43.086832275277864 91.869654863713976 44.384538299434993 83.108824665653742 65.328776002200840 9.026789105661914 95.005692689695707 77.656242702254602 87.588333008566352 78.461221970175288 63.784223377890925 91.282218039842959 37.294450522953895 51.938864199953713 34.527066216613001 27.532554706222601 10.006178633359719 54.311099873979920 53.418212402223411 33.176654261993143 84.700256014116334 68.707810483038998 52.296382028267509 1.945396463802074 37.581805474923193 22.502516154393525 56.389961613522630 49.414817897738430 51.438320187269895 36.580274330721295 54.094662506645300 99.966298349950421 13.603093167926250 79.985948706732273 30.650538538887474 13.529996896358254 27.678324559837829 0.179235291390789 98.414254653502283 72.863447907157848 65.683064891302877 74.011458551457096 18.714410251425406 23.276276438867981 27.713600539095374 80.238152188217597 3.433457370325121 0.666684752736912 20.523134592412507 40.471132681717016 24.520956035614450 11.187361511760264 79.992855077546480 56.860387038271021 39.592142734859436 88.494696530863564 88.500416999895776 19.016715475940195 48.992443927899984 85.416715688405390 72.944852606684833 40.356464516856349 3.213857604857362 39.575830021157088 41.194350897395829 86.488638554495111 70.332176429159858 78.283656865190665 42.532484562685369 16.866482975696627 63.536883010792181 13.770832217025298 50.562748499990477 86.335049940047440 45.132657046056124 22.536100531360127 54.263179799403396 87.321714354641315 70.429562404519118 49.094027820170957 70.721345933957608 79.473930492164556 84.915322938966867 31.168272111435325 86.587187704803597 15.351192662323177 49.814859366289909 41.279126203766758 45.969986514542185 99.774749148046936 4.907082199885570 83.191405043687823 15.729633639601737 65.842353241325327 23.942328705811057 36.148320693137116 58.755429250471103 75.057044064451702 48.775938538235074 79.635722124590018 7.079673718690960 87.717892116915110 79.192293167874084 54.684659204513075 67.378537402646472 41.132494781122212 90.325914841247709 14.561969080012638 52.120287952324396 15.219729679438743 45.929288891683250 28.886107428265884 1.036637355332681 25.809904248307937 69.824426371829389 90.209785326676652 74.923664316855593 56.135171257140101 66.891729197354906 77.496055152684320 47.952822363570782 57.885935150268644 73.513157020736969 93.913968074772825 63.101124065926307 3.113446710459755 34.467774409978304 38.833084502408354 80.673770851362420 18.671765743676382 35.161450634691647 42.170750403572988 26.236466864018304 3.196411903580898 21.059032145260105 32.052872777260646 40.870128385709762 67.197206518537541 46.275054481529963 60.584603706687901 50.154074813769832 92.031812283537349 57.866349045576058 54.141247981717768 59.481006157481012 18.696757583866763 17.646042140331829 35.034128336333779 73.307587369517407 30.638613319267638 62.659947593006940 26.399909817957102 52.609819126186864 25.190162143185912 92.810193342992562 47.386483788217859 97.137749575424607 55.139862758616246 11.571297937180969 60.568409301619084 48.125782263831596 0.899533623939364 91.456687341368678 71.769390246229420 16.221562524482970 78.802294753404297 70.355918149480317 45.673997878851189 6.992487753068987 82.823604171079140 96.781395537643476 77.006944936335657 82.989607924515440 59.568099237967388 92.726022016139837 39.121265025562288 33.943689728546730 39.321685129260587 9.745499209786324 19.253986349826580 52.575324997540150 34.023007096610471 53.490484376841742 38.319495649039467 34.977735287026100 34.560649336842062 79.276978970807335 87.075430750573148 15.677805792127675 67.335790613266937 29.930320280423150 26.305790080810134 62.070435856173177 78.217204346288838
40.891312724075114 1.263295479644899 5.270606783338005 54.353387765899974 89.321283986012745 68.250822514562174 23.190323591497929 19.215688538958599 0.198959919658170 16.930382163248915 0.632555629502218 92.406278650719045 53.132289738401873 53.406482722447279 97.427793129641628 86.892273338344523 85.628411287637235 91.744592551588241 56.709328403455658 46.510222699583700 49.160621968359088 83.281670330179352 74.383956316961473 53.778559157845699 88.831568777430903 71.390854701294487 89.030937208896304 23.402529553133554 17.616447262281476 33.195295879902432 92.840181176789088 5.590099604679288 52.439339963865514 39.327200328675751 25.714210435825734 73.723480526228002 34.234055590063797 37.997468443210813 32.994158951567478 25.321131343188529 64.240727790572294 78.219501096635469 8.497858750095876 71.410949993827160 91.736709843169479 30.651993519890841 56.547212117564484 16.399849054254968 46.332110348174801 53.663269041912628 79.019673058997569 45.079419555685917 43.520629647536090 79.154343465085191 48.812859124040877 74.133119202501064 0.626940068364623 6.781525327388549 91.541524830683045 23.670299047743104 54.617797013527451 11.129764024888910 60.148829092995072 82.287081686694322 48.566301249067543 58.855149794001385 57.221523078482825 75.299317460441088 92.978024201981597 67.244100920643675 38.273718900449083 58.314213125580693 24.483723571898995 15.947879135471455 32.202724529251917 36.019026429539522 75.547119700766231 51.719912367780033 66.165247372503899 37.640654968967610 32.663383717823145 18.350979241500642 34.581865046769835 75.404299109279492 11.133110257116130 23.157151577262969 19.862626300552055 48.353641840000819 49.472513336755988 92.845359213523381 21.947109400003050 90.600533852747532 34.178932051950603 17.232522601099486 86.592264385263022 35.083739784901759 39.711335415124779 66.656518049817322 58.681739860260038 61.554398823505316 89.279228619403568 82.737545036912024 26.730125073350088 82.584211534533509 31.211916969104891 65.942283301899963 79.638548896959236 58.236471673812531 64.653776882794091 48.729774061198064 27.569606447811822 7.617366395577707 14.164527017936068 68.548795455714810 72.317753846962930 8.355472605134528 70.998289859133521 27.749677574951590 94.642356887067564 58.277923126273414 21.546642584262699 94.894948340838823 39.467600865731086 67.029865102216689 43.167706637074573 34.291842696789544 14.236147047705817 53.118437879257243 18.401702143717646 15.055826369753600 99.794723026963212 4.197664240003385 12.020417830441509 44.655851374172272 93.506989341785413 17.458785389263276 72.289328720548525 39.304861589131889 98.224414063760364 18.199854383373413 10.774796728002201 88.000642148006719 6.005635777025010 92.995950509417185 63.878489292008943 4.409356957519206 68.827525941216123 11.989821193403483 70.980670794354140 69.621186564396879 69.349746739318590 39.452220684263814 61.480509454872646 70.767916019585485 70.193333202060074 39.159482387565866 79.820662747844409 54.272391260143195 15.476999274813918 87.257778694451204 97.966429212708420 75.555007482860972 87.524883064286513 90.733854251810740 93.083386634963560 83.451940050019545 3.653745567864775 51.971928825197089 30.170799005490355 59.089757615790383 26.920100147139280 41.410082011856687 51.770273991123950 24.651970417869261 60.406521587130626 85.358574753729414 74.260079862290780 29.713229874694449 33.089157464310979 37.838652854014612 51.105711443057167 91.415385369499688 2.024231026413836 67.359346606815734 43.722487827346612 41.106099333438785 54.138721901081510 7.276764030736061 5.384897263041822 79.519730506359636 12.461000245482435 51.543688889588523 43.182603772094730 30.322606801453709 6.869276726031814 35.591904787809490 9.180445251982805 46.576459586219364 16.081259308798668 96.963629598639500
80.762160803752394 80.006715332116130 7.846425309062067 24.627360132167940 94.192271024216197 74.242297270852305 0.909060614834878 15.624473603507493 3.537610048165651 77.100206220894876 95.814723241210345 62.340059822305214 42.350428240225099 29.054590631213838 30.676843993273838 73.120260336104579 28.007567987497460 49.995767414155893 40.062457134532224 17.955715925767112 59.071783228498617 17.159573274927265 1.383363895580647 14.777825924442311 74.936901117757003 5.219848926730353 80.071926932244935 52.869782006390651 64.781876179484271 41.170633326443905 65.972766270521916 63.220809625669702 33.171537699915696 32.419625338178790 98.819937375299347 50.752478359007689 42.621237171517357 16.352744845385903 48.267334866948467 63.876148104927985 0.557597483281169 9.493173848920334 96.927101307195045 76.837715992465078 72.473355531192482 0.212982295943598 82.895438641778028 30.815677955195198 6.262600185971989 40.265559808405236 40.124600898119091 89.003779358999225 2.692429610544111 26.524951083914740 35.809381741008551 64.928222907985656 74.846965534590169 29.829544783991491 86.623671667283602 28.332774510698442 68.475469008571096 59.403381798878542 85.810524733929128 20.312584753529162 51.811853363099289 19.995066623243616 75.043667900459184 64.360260005035485 10.848823144199681 94.229673088049452 11.965476890987093 34.597370523087953 28.810555112239776 60.598265085412386 75.855788774951563 24.585223290890347 48.533827761364336 67.987137342135526 33.301825232570870 74.874286999848735 68.418240980876135 0.412146926729928 41.115647015564903 55.780153703921542 70.438246687571706 58.942689669387249 55.382123474528655 36.719308745854640 2.110327069261497 36.199233823799680 25.298352028979242 66.020311495267407 74.247721048748943 75.270730316988704 35.647129060912420 87.342618450216605 5.010844019046845 16.265576976568340 44.669132389011367 89.978389500407317 10.718951719843407 90.567711743205479 92.274888035993015 26.405565053041634 91.522052824357345 5.767937360750153 12.915608442381188 96.407393850454326 85.679048278447240 37.297505238592862 38.020559436359299 8.752361525707308 51.624706442742095 56.598634337028933 51.898358904887452 20.071865764745333 0.387416916262706 73.057623498280108 4.377264012285032 19.628276969061364 12.213157522266627 17.429048154628369 61.605455938724297 25.371872927419993 36.254212825973021 76.248383977683858 47.332858375284815 41.007886552285285 90.690671596903101 33.182271471107661 4.060461811359295 19.681099913904944 0.186584673311951 93.471194909469716 32.862255098004177 24.182715910764330 99.407251575452833 5.076931704899390 42.290388333908957 54.232308711621400 31.195476880497509 98.855005664185725 56.819003862579621 83.001984432992316 53.332012398254605 96.697292948225694 58.003530797371475 58.454770459648046 79.381333182291527 70.666182727658949 30.645016764735200 26.847210785428601 71.974646467486707 7.529750722875828 85.988750221238291 28.834709388794778 8.263574592494670 50.471305354902007 89.319620164375650 76.111530788383945 71.519733210362517 28.045005657128975 13.447485356847322 32.295903378778725 23.011244907962936 76.850408571229977 20.116520959150140 10.858481190563385 21.700015631748514 22.604348871719893 61.225731913053707 1.677949579573723 93.051516706227105 90.155165097691466 91.236278231463274 46.627260576821847 27.453113466098955 19.822864359671932 56.380508627228586 16.548644289197412 81.547786418496443 99.341766352660272 6.744155334532409 44.954486551039352 32.198113881363611 1.314873605979483 47.598543642855354 73.521758632079028 42.617134019897350 33.161604634761055 37.038496292677493 71.276888286486994 68.337174761061675 22.443111275264236 5.030616989284398 40.423917787274732 40.101105785073564 6.922984568415069 47.979612382476432 78.312766347524544
4.016941462136492 1.322046761859719 98.026105882930921 91.667717130327134 42.665253985399467 19.591196956423151 9.579292983162890 25.095967423515997 74.581027127213261 66.857592678502158 4.802083079845865 83.785968654879099 78.278758081033658 63.289402419864302 26.610014290993568 88.352179477863814 73.141485267802622 51.054059015343810 52.948387822126477 61.280263572807115 14.375963883952302 47.322147834549163 70.960497640975277 38.961404921544762 18.870352709072503 83.624468627563061 43.536766311771437 94.011786358359245 5.507020663335560 65.857866691432562 15.393400936107549 82.274069696661002 42.444687293741445 28.028696720428403 18.282717519986836 54.340729025535019 88.393820307930611 63.855514974364567 85.867286800527978 15.538981538234998 27.461642348397330 77.822188258966179 80.559787138685138 59.114484605802055 5.019132105809754 84.809901185505893 58.163892598049294 0.765557797456329 4.594120800506318 90.401074940897857 95.285617732624800 43.553532981940258 1.474783913751743 54.212192628256794 27.702729316266772 50.908463565982984 46.548907471611514 25.614926883215517 3.913891609137399 55.709035782600601 1.712635788776984 67.497409238200660 25.310803104760694 52.548183753297863 69.274582175932636 57.338098521440614 89.613451237447734 73.947130286533934 25.201852467173723 93.007143617536698 20.416837516652052 67.528933324493352 2.147821806597372 56.819547594171638 95.945781214177543 98.760219707865460 44.471846150374652 90.528432352990635 39.667766285594730 41.617669669995927 78.507093548418368 51.943908963936337 20.200195143356435 8.719368523560300 11.152205940336513 55.162595735178499 29.674269371449157 26.174281977668024 55.557228375567391 61.847455020217076 7.996834449006140 59.665645493262829 56.715537186306150 23.217974912895876 95.091191084613243 64.942921464086780 99.388038008145500 23.383655603047682 68.461183605750747 94.749978779724813 84.470933507496497 0.367037429910877 33.355094602109162 33.721404642263394 17.214077885483558 89.360279429069692 4.693935842451591 96.110135570262841 80.470132810161900 91.008014600432986 78.435317387607853 50.333227120186407 24.342078467751950 70.293916221708230 60.542389148166095 43.653739036423111 97.018536228206159 43.280008546227819 94.683908015631488 68.151176090892818 90.212860441856719 10.585889481017341 90.503398955458209 81.834410260791699 75.954267166927963 97.128463231817335 17.253199521098605 45.307455219720282 57.761575925449570 92.852619307746721 24.407242635283321 76.159135069618145 28.965925186965226 9.467019848488656 99.615687148997822 19.328823371329140 25.720673455605247 88.417250929204243 17.098114836300581 50.672685885967347 10.772276704506423 81.823747445354485 8.841320184592972 56.039489504293215 75.543906195677422 47.625527381716857 73.635656733790256 88.487861672730034 56.304940744168910 62.079303386447449 91.280862013622382 24.261421213250888 2.846709614117060 95.225232488668993 28.692169857459138 12.033166540164487 48.755942851077485 48.881288469986252 57.163228246478035 15.732999543771619 26.972828059168975 25.201931407844825 76.557053790709006 44.123369987443041 67.572455963399008 20.678094347469202 18.840598848112634 34.064472816832001 59.646805340363429 63.649482793396970 71.908994366989560 26.538934169767771 31.836537764959829 28.185061411755296 55.236310105554494 53.382801563185211 41.103050988362611 96.318449759471520 64.970621620106300 10.448213001818473 87.053812336880725 78.075807438465873 48.187510679981379 89.207381936080452 75.265190616890891 20.923427940872351 80.048740862166042 83.386121552939557 77.020102535593608 76.158871675245223 20.532015380023861 30.509920006552004 33.371734234361284 18.198008147987331 74.816116486843029 96.141009790426807 79.996715885953677 72.399188565317488 19.554032383318987 12.025673704028017
21.353518143163608 52.162736689417457 86.497746155249729 14.638284408013558 25.746458472556455 35.667664428377478 52.828668739027975 67.866316758758401 84.122129317388328 21.243191206695055 32.113762369932452 73.511562550118782 2.361648295491126 13.148027656344096 47.154609521217758 21.961926100878703 34.415787906129026 70.549461411362032 20.419920478201071 62.812298440882088 91.735140006703858 64.690717443388792 2.569130354153915 51.695907976221420 16.267664681004344 57.285328944585231 46.681899908441274 30.542288190707701 80.686413081713098 10.178001976866181 13.934621780742551 24.700556965354448 17.890202861449424 5.729851599806823 78.355832388215518 48.737179077032565 33.815958515159281 58.465151067595009 53.067913708787614 15.685529673747233 99.436004021374828 21.188567603830922 13.554758756445972 38.711280542886243 25.921997754985693 17.240004533524601 12.207441679008346 69.703880635585534 15.204182994730441 69.117282139674501 20.365038092346634 26.353185462844152 11.188477350416459 76.561145045478838 97.496642574655567 58.456486404501931 0.580538371444628 14.710047066034370 84.943372638546023 5.533881157620479 1.014609212084483 70.552779779047384 79.873988428236061 52.587804013111985 17.100606340267166 19.682765591438802 19.328458736295396 52.664339417917851 42.405955945536398 72.686512949858027 17.801749807365319 22.858922607455966 43.732124661414126 42.950253356773430 47.982311226088548 94.147660305011499 55.464628294844708 12.425426092941116 11.930639371850916 81.138674998930838 29.367371915062336 14.093644031843223 20.813900510376971 62.554101081940907 80.669118126144070 1.887260766795518 50.841314270876595 68.480863616128872 48.438589146671852 89.572397377491825 62.332107398906153 44.102845101078124 96.528770743970767 21.885160022077944 22.776712578082925 10.109673711179845 4.304826337701040 30.757109698781569 68.158020553107022 61.097782809112744 76.395057660122887 95.020004579895073 16.035520316761609 0.283516302719877 89.743019681557584 55.369927372498609 93.879772433904023 55.466806557144309 99.880809195325341 56.641048616881108 70.816026146270545 33.398669742726483 91.137045031976726 23.499830384016875 87.112452749330302 15.753099528391379 45.795185456392495 57.221070033081290 86.460037809383579 85.932614102605470 15.876706458281053 15.053830262978984 9.701333856176619 91.342815717386699 47.155790334629344 25.144040460598184 0.742572534471342 47.254175429354071 53.853320061170606 94.250905625794260 73.779627426178820 98.491771624741759 11.043162262378047 67.794506076187460 56.847654943297620 35.494166568583864 23.401073625745148 85.885240799422149 83.336801106032979 10.607224908086543 56.488537616384548 62.162727774894059 16.021594085718537 44.326036619796398 74.068638306151129 55.443335725065467 76.751560896512771 23.281254427728360 80.155695739624989 20.815707259289606 44.564696573039207 5.461791829025053 64.600695202767966 37.500898413604077 79.315902280587466 96.079338444553414 70.895111981640099 88.941987423785648 13.095058829742335 38.444458318682742 18.830448227125107 23.714097243311105 22.348888689570977 32.898357095718957 30.558790727376241 29.203061087008454 62.139047202583463 20.925468037583283 53.333987516075666 74.855017029210941 30.307415245655967 25.383632563971737 76.384144657383132 21.643408076132253 54.315073781917967 61.033937628969461 26.279701341853755 26.924540391926620 20.300085176129979 39.817886683641554 5.804939628677818 7.353582161863259 14.887305262514261 9.914211437218235 1.111587404824088 61.860588360783929 32.191102664710591 15.420800991441109 54.525950075900795 20.262015890607632 42.776361381124282 50.805663444250868 74.637571595991091 48.695400691011045 77.805956292841643 16.492607106087711 9.665797117648445 41.541502381898376 52.908857714403446 35.367950041035257
31.520770149652609 93.663023871624645 57.136676456349164 42.963017295900151 50.840346214142848 50.581407306239136 93.512762127793749 79.558555884219217 44.294307734530648 52.602824570135496 80.039224613286891 19.742100637190919 4.264399444049438 76.504854959341088 66.039068796048952 87.721916702980778 97.770939507777555 72.055611167967584 95.329262171625842 21.828403728044677 65.078899024834271 28.445821062678998 71.835526660462051 0.663401299142774 4.485196084486454 65.596821290765561 46.744703321118472 40.924877225281641 88.219077039243260 39.624989651143736 11.508430692159500 73.811348244031265 42.487317589866457 95.183251344667028 38.109093344170354 57.725046156468608 80.806033628009700 71.432835623616086 9.967747915906644 73.564961353463545 62.633901165878868 87.266980062728834 17.483470908205014 58.165531430999351 83.957515925514485 75.064692312680691 55.966624280288649 56.525241093883757 89.988759104753242 91.459633580219688 64.110698819427654 73.221373742950320 81.023369408422752 73.112331249415291 52.225604811724011 24.283675308284579 73.150653123521906 96.931012959957698 81.600071896595352 17.182334033887635 10.683412988510355 34.481014775108385 4.919605347350231 92.978024520817542 97.683700675549645 8.604398817959735 36.674320034142191 6.240568222461873 79.988794896951589 42.778343575697122 22.220361270652557 64.729323258066600 8.859216486236409 62.434335829447384 9.244839398386972 86.942974577426455 93.653821145350591 70.329696049118283 91.449983441733124 74.070246256378496 14.248519740026989 39.612912278978975 86.813812851437973 91.832506344609996 34.282346992530435 92.569123561339580 83.801047972642095 55.584741882004664 25.891013759695301 53.998647303827987 36.906618544128769 33.868249368380646 32.023382048169168 34.319250153765203 92.970182907825219 19.858469788440804 47.390392086599235 86.939730538711714 92.860624180892003 42.533182560531237 30.131427351568728 3.268113962937613 29.653335451306752 3.965924548570021 17.579649590248202 81.789830130463017 85.781554845710829 41.792529210653441 18.477036782594901 37.102154779033725 80.066177050109033 92.730079466423447 25.075807593828760 69.016604627451287 38.056014485426481 54.046543734245880 83.699291764701783 50.404873784459085 37.434531605990706 31.866107760150708 35.583897374124817 55.017947034891534 73.031668349909779 40.281327004185840 77.719668768632772 42.681797594178285 14.588020318716088 32.494760567102745 12.949733789422623 11.939686972472696 38.007320293690469 41.269614119846722 63.643909236322237 91.339223625331059 48.171175813375442 57.784047928081058 40.578281169673112 72.635503498134952 25.904306325611802 73.013284463421016 94.108912153823724 80.147164682439538 85.649032525574512 0.618020664233532 6.593091152590469 67.376081785363510 73.666756750055924 10.710326939689541 11.652978468603582 49.915098901902823 37.920687650604243 77.041150281221434 96.093451287302528 75.843867342163790 97.616686579831295 24.701991839665340 88.032970893112321 66.505241093981098 51.569911848496744 16.442975546541717 27.613000720721146 94.411076213378294 0.848016380072858 77.372860511306129 89.637662320231641 12.113192847233689 83.391401576196301 77.047599463119326 84.941272920224051 19.091645777867750 17.001632659697396 24.118789252986559 98.906941229269535 96.936505224850379 3.946511244076134 57.662210795919442 59.035119649834691 49.530931127907351 31.177470753522140 63.920779258812679 56.751027991463886 39.719646861677518 55.717486305063481 48.485449362365564 42.382876166060022 63.217907082941771 88.007134837173140 60.587663502424590 19.250803027694595 85.939933658884698 81.024481871236432 29.662019142826168 45.460481197791658 89.469264295397593 34.010379752897421 92.182371167211059 20.617475706221356 62.526825892108143 23.432703496743656 44.876904126163552
91.074823491076231 40.990304447866230 42.504123647021977 79.580829399943710 66.764600088374181 9.011432777309192 48.753862737252497 33.360063305402456 5.872742017017774 86.550468612190713 37.340511596139066 41.141225235608957 69.638885876942510 26.660483245078524 14.363850550058954 46.362411681996065 63.451162150277504 59.444363268008196 59.123982726576941 81.767293936796065 93.432052819279207 70.837199270329648 68.905480714457923 72.150117029634188 86.571137303582532 16.144806823786382 94.302489990568731 22.887420430436034 25.686742418108267 38.303034177002985 89.863556803394644 9.063742075943615 37.285713460812531 70.289770066478567 69.179206885783941 64.268028191413777 76.804032529560089 20.004905296002352 0.675806520651212 77.796252735692079 16.900138943838062 45.594324821361724 87.640913910201689 42.559449353821975 94.037665209919595 58.344818276167473 44.134263208726601 82.874908327606079 37.505111972238836 66.756735628477898 74.147568261277840 1.630355544919859 96.934107328381373 58.383372880724401 77.474839830812897 61.327683956034619 33.967246523541029 9.351115945057398 16.778657968777466 98.235613937297941 12.175187400244447 79.585983992264048 93.463140953008974 24.505433150613108 24.763832787199046 42.983247598880283 40.386188673013656 97.916534177095826 33.246921939725546 9.962798252474903 18.995414152542377 80.313170195249910 43.220520373650203 26.774564666610857 9.456685522998963 13.132948891665308 98.146867463817671 27.685104111471869 68.746252119944998 36.256962076901210 3.970171789186205 93.661553227308289 36.480090258603902 44.282385701382218 25.547568930148536 4.761804970187544 44.992293444806450 42.436385821554204 49.466618229368152 3.868571217085415 31.937167448822358 80.663298359608660 86.492691018709650 62.342622394581085 95.886245186378773 79.404558980011359 38.947946909499450 41.730966609481790 73.133485002527848 42.727652304104666 73.010285165120223 19.666384763760213 30.131061867618513 29.297355849977734 28.346016064208012 1.268952636977094 10.784256512236013 5.631763806682899 21.345815134194225 26.682611411998369 85.481973142079298 51.817374618740160 80.458540032177396 14.014441129295873 89.827911355392189 25.065046145394799 47.711770046287405 76.694152065418848 10.438307868945152 84.086024827456967 75.170010918983238 21.695992075623817 51.958184989497461 66.881986544250879 26.337437771425122 18.726962132447955 7.761977597270797 27.308930851231871 53.288214155122034 14.491369096220097 70.326010849846028 79.169720230302559 39.840244142664872 14.998854873498836 68.301123525133733 65.749930262082984 68.082109512639335 3.853341396018051 52.747974477886636 99.395416108435498 16.175334263273157 27.239601494447751 76.554224838963762 84.577210956123778 47.846621639353160 39.577539570217688 98.935417930679733 97.292316955231314 65.173078174414101 71.326097287474695 13.245618790545999 51.797747708036390 42.479752859416145 20.913471623134750 9.041439215546720 65.530435870321000 23.280062630886032 9.170497981095139 4.419299851284952 24.364527965963035 48.442695392184085 48.491171698779780 71.351218000856434 81.357456472343671 95.524156898951745 13.167807042996159 4.072581603188141 57.543088167817011 97.066955599790305 80.497543113105365 88.589710380584734 17.218198502366743 63.496529435738189 19.716490789779762 56.550348884783929 19.061331712877973 29.479470714642463 34.383151225103283 13.815791665444866 20.082243191164174 4.740207374395544 61.778063896256761 1.513455236407568 82.558329843439864 18.425638890660434 77.560457048047212 59.355707356516874 54.637948792829135 83.996234236420619 93.789578150503246 84.159231350122823 39.148066686125219 5.610398192566290 91.245984114484884 96.421070986501675 6.353667695395549 31.536444185701729 81.298378610436188 23.673670258589507 99.189676498863790
70.774167400403101 8.786689565413663 26.898089811670257 33.744439374540136 16.709424021220176 85.277735418328945 12.265144300650665 63.672098502048080 27.488528190805560 77.094521961779904 75.751690498369712 30.772216474017565 72.609929844601211 95.651548891564147 30.007748255145394 64.418911540049834 82.490562261795191 98.570185005270744 81.893158193087572 48.630255888658894 43.262234258513473 76.532832789491707 53.090521476984861 17.351665180442900 94.278903526242075 80.444685270658539 34.176346584553549 28.128725024933566 16.764794128295968 10.840219299945186 62.119514291627198 65.621683170299576 10.919739054184518 28.826658478181631 60.859759448636794 6.665782067083992 88.998574966301845 74.973795290875955 69.754160725983112 72.644356235420830 82.465425212471402 81.980898785325792 39.278611720921553 7.309881439669741 67.863906672974039 87.595461897821053 20.495441877133370 39.081241512145503 96.763092440935068 58.388081980792940 17.421697002327509 5.997898346998332 16.099057072955915 0.857457982135001 38.842929503360857 70.585029331402851 93.540088737764535 46.832282726490170 60.107026635875947 45.614570805254885 33.569788583351126 56.538587395762477 18.460800309030233 61.420630983951050 97.599463933067099 40.529542255328330 91.616793004527779 0.630503271093341 27.513486032321886 87.178083150002564 19.217835431944952 8.352950404321424 93.692995890097677 7.290049914468277 25.594688348032989 92.520399120705093 50.569834090484420 70.893606102038731 40.811793272707263 44.757624081787725 72.116716213438337 8.241276211969728 99.153577744020851 53.523358980950086 38.293489949285529 35.395486975035709 68.747367617434890 38.839644731399368 86.001409416626174 63.378914631392490 23.075069576322150 69.690866157815734 30.953479995424505 75.375580409238594 45.722214252793201 47.115266007436638 93.628580250919484 56.211617773520771 37.459630467405304 72.130404469666971 80.799550673688614 78.393587528209679 45.734117894246850 30.670817361407920 79.719996512983869 0.667308835444869 11.545946798788343 69.072438447233637 16.132112027875699 49.822699113028001 0.067679595421200 41.127282352832395 74.918073604869306 93.746074172593225 43.198780415860625 63.430555835695301 77.253493982577908 55.578788518422620 7.622529343036300 65.974082952142126 12.243677649445628 84.036708291333909 2.922663191767405 79.153137986387364 13.409575135879525 54.892476562042525 20.543800824025215 8.320037182949569 79.739581820642712 36.988278405045847 43.369894726919291 49.189728150192316 33.718594234541278 71.891035628740383 28.530918012234629 40.357737111550144 87.686754950355677 4.632588079265942 58.721152927787202 17.240429166110971 8.750978138214904 9.916995206641033 19.338989482319235 98.236342318554009 92.227027222933756 8.014252434679269 39.008186938854131 48.096162063176436 31.566525133032876 13.052847045692095 1.902355388194799 51.173278719138281 49.571884877609342 85.669475860829550 8.296390524011610 73.459837331434343 53.690459168131291 90.665376587744603 61.006853816829818 32.781106351091239 53.649894430671111 97.745483619211242 76.231367717874519 63.117740712972484 83.939412015572429 58.831038993690953 81.533356683351784 76.814250409570860 92.990183648363384 3.520344031912992 63.975774008769257 95.967228160665243 14.665097127058546 8.079677352630066 2.587941087948198 36.652758908340466 94.928292216914016 87.653842723800977 36.177258065440611 82.949975209908928 25.857989806928117 12.838519782738910 82.661391876511530 84.257948355115047 33.106163823874887 63.650452837454509 78.079927102688529 32.855862116760015 47.369570505884731 54.677778340786944 72.041789071665960 91.152636750884923 66.635809219905624 3.132027405016202 33.210559080994393 0.989466027251185 22.577251174583068 7.379367433303585 25.558090309498450 63.674885093522057
43.992928850165455 42.048451350922775 67.938106762170221 47.830073604125658 18.619342002507111 93.691759071873662 68.757833314411329 8.574710743552460 55.428902092128375 8.345794594375578 40.305375694973897 29.747366568549914 33.921171854600054 16.641023443205803 81.301356202801628 94.521039903532198 65.390224249149071 62.469852082529677 58.355000339164434 55.160323016097422 11.231219994173236 33.526924886474731 24.502992816976189 54.395040241925308 52.452915519555567 25.450983715014587 54.783476899084192 38.102368548416230 99.276103596481917 50.561361570080564 44.441607533039850 57.052111677754439 35.413146242302062 71.325721558367903 62.415665912970695 90.461271491102863 31.434407590400724 26.638861711547111 18.862459330158632 39.086305235125216 65.962796412184886 94.460907389644177 71.521553956127377 62.213200533148296 90.347916902164727 32.267704896286823 35.488764595963850 89.247340200076351 38.024664936974993 64.771039731747919 8.105776848569635 9.857840900495841 39.197417565419180 69.021900104133778 90.353804575886727 80.366516257144767 27.783905918493403 14.123209277102278 12.215082211334627 84.898308168643283 58.812313962665662 25.721347777840485 79.243796439058229 76.376942841714495 75.046658185770980 48.569640532786181 61.176893479971959 72.678543605406446 51.073215158042487 38.636590966591598 36.293556352459376 88.668183207814124 84.656358572786388 61.766398886297090 19.704901639232197 21.127127045112669 48.226398872827112 96.452678701938183 47.726252682360361 28.536483697904245 88.495624368174475 83.384263437233145 66.099896130801966 12.553151785483696 7.531108216459304 29.330216119858076 66.276352873457796 51.727755641964656 69.424912698363855 46.881162487801120 67.027148287783177 93.635741205270037 28.378546106987944 59.614420267030432 66.492974366103368 90.390649706275610 49.812086659265567 89.438637401700447 81.504349254172880 13.910167566535126 61.873201968330505 31.481209188402659 48.247742558690454 6.047318597946239 98.534659974565585 57.633012405728635 74.497462935227759 22.542604324479377 63.299037606714371 78.092836292286563 39.256992696169114 67.359955654107310 60.200186227756127 49.997202122743587 63.500517585237894 47.808809843520258 38.395924005775370 94.717691311820772 90.639228546983958 31.421011073746762 16.074948248844699 86.437872506234697 13.650163202351928 70.410189834068930 74.958796898621458 96.176652392605050 41.964062226290991 72.235777601225280 88.255566971269531 98.105037422717587 58.222597713786350 44.967121720836175 22.562850356984775 30.979324900447669 75.208522071635926 44.317214086008370 50.506377085901896 82.551423117079707 8.738044258977329 59.065015092626673 11.030213277778911 87.816515461169587 69.880137768716168 94.937592519971474 93.271568978665641 85.953080505753263 20.468903739686628 60.732942662612921 43.560886335587121 16.304341966050739 86.484447355979881 42.753840422250192 35.516766514727472 26.684286321685093 1.694959361748494 25.347351842055687 96.571504765105360 96.834711983871784 48.151643829751890 92.770273328348779 2.458451868529643 39.335572084857226 3.409458482102223 92.066066814925563 37.799995420834598 14.449903225962423 71.609190149463757 58.270331422445722 18.294701033276716 56.582141272395901 29.671173662341111 49.780938981956858 45.005707363546932 43.045811612151510 54.791693331324808 83.375751205774705 82.376030138128911 36.658719202476455 43.118278201746577 94.194142435614467 86.676632410229033 17.872554065247982 87.438500272711195 35.335879517963619 84.817822328593337 77.527238408966397 87.696506221982958 73.256841459637883 2.597305575273523 79.589677605038972 59.059847243241606 36.411181392449961 1.289050377563850 8.014831930916877 59.916207479072668 74.195745380082101 11.843564954449581 3.079223874572823 63.779316906247189 12.099322699145754
43.419634229918223 81.511558661092593 72.378812658170361 5.454778844697749 74.368283356634151 27.511154333678522 31.895434787697862 79.141057515014793 75.691180393079421 94.734497066330349 87.325939801574378 9.633161230317643 19.071395947146364 27.019194153050783 26.017196817938881 9.464878512491282 57.847602319794476 64.341116182238849 46.656081639617383 74.270650743980241 98.282730824578763 78.236091284226632 43.653168117629257 79.336750692936889 46.510631059614980 56.861148563817700 16.255991129147851 80.747217500976276 65.604100624837670 7.151167653765023 87.670379942554234 71.471820501025917 51.826688793751785 46.829014588888839 62.814531809073252 94.115968527508102 68.040541434507901 36.689532917271272 0.894024165426877 57.048607270355745 47.498884763705263 61.370284121880992 41.219576481631073 24.270530423345427 51.827032831797801 29.354631893411899 9.476287707063113 85.211978408281780 69.055169290676105 53.971756399203528 86.654383530249774 79.138953624371382 48.553542348498766 8.815383340537153 63.978139551036826 36.002781258983795 9.122205583222131 67.237813814776999 65.823806052795675 42.404298252700137 4.126200389922374 2.095257705317977 43.364703157299253 22.546614161282374 8.164047440458589 21.868378512696896 28.674916979515096 84.176746658212508 2.226564122845953 83.799175630443870 8.445858437480158 27.875241065239940 37.550144692111076 1.555589110370825 93.932174109961096 2.553000169106645 33.673320518531014 78.451515447135748 89.214979080402728 51.203770967697771 64.580815762211699 65.262725974437089 31.621214996757494 53.836142124085384 71.195148692941828 51.922172384512635 98.689457906640939 57.935203489646725 16.291501920328066 9.426618536063957 95.688633772309899 17.007455971390627 93.444688230099942 55.243368996768247 19.038000078595395 18.683525038187764 43.549876589176883 0.474490338794742 97.547349950213544 83.241692550890861 89.122529376866126 48.125782880744502 13.755465624350705 77.270037817274968 60.987043056093135 38.508330739116403 14.613497834414812 22.116746055040693 5.785334374069140 61.387592535879385 89.296643661919788 16.899189079659514 23.568472154986264 73.558912544201618 84.953414620883478 46.671100975658405 51.945614724938302 90.883579575044351 9.134845852004592 30.653507210469535 49.432994062709803 42.730762381258543 40.426860452102751 53.996476444183614 90.052986491125893 91.061180020687686 68.378145565520242 81.969539177664615 59.629479664528063 32.321300572824796 59.412592768790404 24.338707479563158 35.820189186552341 70.464652810799095 5.887353198949496 56.693590258988444 11.870181109135636 31.653634172140155 24.656689503669661 12.769526387057418 57.667698725651903 0.350386611217102 81.928198920654424 45.508391415193309 92.966158704333509 20.409987246926264 43.850286508204853 60.896659302429498 40.915891125953742 63.908877803049471 96.554273235599069 19.625462947616146 67.857010422526727 18.145203970481660 69.472523766058430 87.873969193750995 15.663991052953252 34.542986239337594 76.622724948739048 16.498319727008383 38.647462627936378 66.442244774568067 94.114667699670889 39.205722912242734 36.346370917339108 47.029466560785281 20.736341047558138 98.020182781036240 73.702687324680682 13.325959946523735 79.549907303834516 16.643072883085143 29.475087428848113 92.142598515038728 1.269686659738523 23.325193108806573 95.359736884921148 72.075199783512886 65.731110502767322 62.711479190055996 61.271381047334216 81.430368074017963 1.300089986521535 26.574963866857260 83.584395252987804 21.550159313588104 16.433367041940038 32.996476600125980 25.099196688555448 69.732824162499369 20.911199487662515 3.143528927722106 18.934291383980593 79.091732380104133 40.685132441312930 72.383836483633075 12.859056951405767 9.616391758049293 26.102274617165033 42.677380913191485
72.842322732756870 55.320078852080869 53.466654263290117 26.080922542517992 22.055448844442104 29.395428269608605 80.021310197208308 0.156060778828093 35.222921554090256 19.749471567666845 33.793324859119977 22.315476075069530 3.215940599560463 96.347651495374947 58.751868420322062 69.101318301936544 67.012158206706346 53.905902999035305 91.200110241284634 37.242860792748388 86.759685286863260 3.560460653474296 86.915005006916061 39.185653566129972 19.748096987411646 36.763601660589060 49.558058127528717 85.636823590649385 66.936526662989920 3.816339018394654 97.335431591817553 66.520739479816854 11.666899505301910 49.647183207394804 85.136576400045826 56.726473168662672 19.805236989125298 73.354075774195735 95.664833548788650 70.445714396145192 9.933391728593078 53.777605836823504 33.926255500067541 57.885151382394760 48.926948768905000 47.229776269264690 51.526248932560279 90.795499474966107 86.442620291169447 21.382902942166794 81.991034026714217 13.198640188657130 69.658667473719433 96.351677991592396 44.709354632659903 17.543741778532386 2.051354752235190 90.338713111251437 48.934099928049811 64.305781963037845 29.655280564431973 55.334777259759193 67.341793672260820 67.694432827462435 92.391138339769427 16.230164765028842 56.370353182526813 19.089589958876076 79.594430496698052 75.849730053458458 16.142145329229319 45.150404675994359 63.611483269054503 66.111045245719083 1.736536407104261 43.711797853106127 40.840071731835991 39.889129063917075 86.058678364911998 26.082002988930153 35.395343245640021 32.673528048159817 40.953666427981759 54.505408383661660 42.444403333010648 33.795092905933622 16.900623683694359 80.233756376917796 44.453390014116366 42.851335521715839 27.360427395186971 47.361302034339879 91.232022697556189 68.140623047777936 88.816171317138000 17.309993753988419 43.677066698548607 64.678316456375569 28.044603178119331 20.479302705717462 43.433445613329667 42.723483457799617 80.678682293403625 89.552827144891950 5.462274922581001 57.652863328583123 71.944419152876932 7.479198322281455 56.882062958276279 34.942428088311352 70.407698794453211 89.163304419863366 65.468804796280082 22.069476233545991 75.899689634311159 70.432455520911077 41.955649891433509 0.683751389263865 0.596024939853490 16.504745940561861 80.323338183091195 88.622612513368423 83.739544808148224 10.248394601294763 46.876514114960685 96.077158266176127 99.569438628208687 99.979180819562217 56.262746641542492 8.180171991905706 28.388613126218676 16.837403020834852 97.108846123242131 46.301405863805215 13.356997138060912 80.644251852956629 58.323225566319422 45.082356731687192 90.444196551272100 7.630015135819235 77.341162263603835 68.684964942703743 6.234686505723664 95.926370399457696 12.459715372398982 9.657095884139222 34.889922341252444 60.198741542272558 49.288229757251834 24.353935094402402 83.211160669616106 97.407355193553528 68.848379395520894 7.863790086979217 1.779692457651338 87.967135382780526 44.977774914380710 70.278448756595608 17.423931051228269 4.938306345353405 33.108654688751841 6.640671145391486 48.301652750074808 23.699002377473633 47.409568469558828 3.011406182288323 5.018117994550353 29.935974071199855 37.900059449519865 90.002673040296628 68.312620774382637 52.024169978834287 45.709599110115192 8.030092318610382 0.634367546053971 34.314643350865346 98.938867925789651 8.167507738917513 24.496513635960060 43.692526402732732 28.859291053422798 62.920552003055860 18.382158658588700 11.600428265833362 72.829697965842911 63.640781190540189 78.007539447034986 59.573549286128589 83.413273815419629 70.228278714054355 90.835663764524128 76.038784405321778 2.388716975880378 68.501942120837768 21.742204763359176 93.820920260435017 57.016681669520764 14.869231564469965 94.308446491989216 94.673905603025531
23.710321580977379 25.453287518259039 63.691497720399312 96.983277228983866 99.702909437726404 46.468060619788673 28.089752303431080 55.069782366398186 13.934164405830751 21.463797742849835 58.306963489492269 16.195186062955504 73.336596842282646 14.575226855964562 14.914698055845632 55.243665693778055 69.003655771795451 18.056331669767012 88.956958651903378 50.802465420999887 64.552750909611007 0.631367181944731 73.615403542248018 64.875773257007268 15.740752019649884 9.763372352624755 20.033135123010570 58.723023654593668 42.297049687908860 63.163971252181327 75.684572865155801 66.644415419251672 71.173691012312517 24.329813129168119 89.069198279831852 38.467076424027503 15.676481732873693 67.624070393174392 4.238466157534104 64.354627960489367 16.479889518394440 24.898719134561887 36.707647721497850 97.813893827732073 61.897333369882382 21.723261507123460 55.124345611854267 4.919981856320089 75.645391293306503 64.188762258798434 16.484101851164002 60.805990191126405 66.795979625059658 72.769125263634734 84.760853696741250 26.564729672469600 95.801835663024733 49.770950313748429 85.866373251564738 67.263922150860239 33.662833990250526 31.428658735351235 80.757102842290166 41.925151792816607 79.873478888020998 62.062277376427353 21.118767138799299 60.186833045208289 75.515078988906168 67.150805150101220 86.254305144415824 75.690558266314284 66.826870121827469 83.896487948991961 63.421068882972556 56.648737055038922 63.692589378190412 45.348851871179953 16.930560382398674 23.837939249476648 70.648574106002329 57.691983826802542 67.481982952461678 98.140422001535399 88.301874733479693 6.116316626386431 23.256419110226211 20.792089869678264 62.053465433605439 11.970979570188078 39.508695510682522 96.040926891513521 56.361498762544379 41.549166728538481 86.417497732654468 29.349829170314688 87.615397300047931 93.179947834109981 66.308247641745467 23.323781713172430 81.483217072631831 29.039212256912972 93.272346517991252 91.064221588419926 25.374686748740650 31.148707379107698 80.526046274258007 56.561920409613734 84.758251954233245 43.574917405477542 2.954960109292670 81.310269443444966 30.623847682630021 39.067140053766195 31.242137740526477 33.557815548720491 5.118415471173088 31.338889835271178 34.529063647867808 22.788698968922240 34.836444433094904 87.406384949411830 9.177793906759957 66.630649621597939 28.243806620288414 28.478431958217463 11.470899349016472 64.101132541053985 77.737400827707930 24.311560218561489 97.085812155583611 86.341986192012882 54.415953576040096 50.542064602662329 40.892080804685570 11.236145783709507 8.690388545501404 63.399196131084764 62.879502660580236 6.184423589900156 85.857091539448632 78.125036644782952 2.405415875351935 22.118345473508462 21.535085859169168 13.162532282795548 23.910228834825386 64.992933935753811 19.595046202140331 67.513180818038904 66.135943071050789 29.772138300299133 21.918992550937467 19.579471489422030 21.867863394960906 57.499560399668347 89.972164907775166 40.233819474349112 97.675496541653885 10.132393478609158 74.200501794777267 71.575027238314775 58.569225992800988 51.341766304505896 17.495540037759238 15.743290074835626 80.572517972380368 20.029023140401371 58.225523063091245 17.972355465950162 84.276427139399274 46.004139350118379 65.882091977654483 0.022501047977386 72.864337247600957 44.177035525287700 59.804663828921832 40.803986201158871 65.499188856761890 8.191008729075888 58.143367592599546 22.658809108599264 98.026439850329780 14.425185922780104 49.436873293341336 98.677855341210787 37.804128429698721 46.677646442117840 83.732300866855709 27.984002978476585 47.382180622725109 49.032134919864120 95.067773200149730 64.656941206096192 63.788588418573831 68.776648632059562 13.014058257843764 77.518591749054366 67.658328768550760 53.898483353714902
94.288012666472085 55.316448654883679 36.033534079625596 37.073033113656081 3.131148330743094 13.248653082521111 14.031100872239310 91.895776672223846 1.303403637357370 69.741343196956464 30.339197780648774 58.349837990522737 12.561215308234331 36.330680968060136 4.200615900886207 16.385914420122738 37.347852817988056 5.473021801564537 30.441667905057901 52.868150123200323 54.635462708946250 63.316819889418682 46.440637216893130 91.490825367979440 77.809948804536759 56.682154005799987 56.386218726075420 79.652565249271973 28.320137493911488 30.613130803093636 72.870666523102358 18.250756446253270 11.652377331071563 83.307550828248466 99.300149057944580 45.391234143396574 62.883991205950309 62.664620057206889 78.169532264565035 63.676495317074455 22.798816879479389 85.611268945467984 68.947534754217173 39.401836818111050 98.415332893353224 19.975013141115884 37.503901154018791 67.598800948978536 74.658745016706831 86.038909801894818 6.971453495172542 63.192636808678927 26.822595086058023 2.584840607517613 81.602149810743498 70.946101053538243 39.473919163885377 17.306318148807065 94.282860324522062 92.606187838770566 57.946888265796893 30.842823876522740 20.731896707068820 79.430220312498562 9.567741180004475 85.219509398627963 53.888399751679273 22.831509175132915 78.849460628518088 84.414044718856204 91.176432001413943 21.767548206470543 21.525822638988533 68.733149875366863 10.239786487506731 56.326548550447143 17.691462977539164 54.402599210369885 9.074843013925637 2.540218372512348 87.556461207638208 49.124864017105537 91.163749323592242 19.000742249784974 72.575904840935749 25.382784972009187 6.008487446417298 36.562396665218955 49.351009801637524 53.082848655892391 39.551555881770724 61.806821850269088 24.286920655407773 17.260348177591990 7.142541043573281 72.929278147505983 83.540981817891051 19.731445940536176 40.661878098648565 90.451629294560476 5.698605882453290 96.051527379865249 72.789676012393841 78.148128923605626 24.988838242340460 65.188958639976690 51.311675362829490 31.274147535739406 64.836852447644219 93.918130726799390 61.847021001760794 56.219373600367305 9.628350537600006 6.178520107863184 37.865520078887030 47.865752280989597 31.729924624992666 69.189303992049673 41.058374174643610 27.237462993365668 48.908680277906477 21.934598582275722 25.371808433189035 88.754173009784438 9.748339524448335 37.029760699217881 97.107150016201444 48.407651947597429 35.521844108605229 74.404126791536356 43.089195520500404 36.682292949774244 14.763942990953350 63.533091140406462 3.921585343237854 82.655400235276005 43.857876785000371 48.830902740541681 68.376017606289722 1.451013229791154 6.536536956909833 97.552667195442240 88.149674411774456 12.324887495288884 78.710448846557895 43.456580358030692 77.496207758163166 53.266684346599803 99.947069719180405 54.330743908230502 84.990884887995762 60.033460250209089 11.384549173640623 64.861783943429728 42.232612387469061 27.588285173707504 30.926430219926392 51.011968668033148 96.316795013636252 39.839918172744902 44.779494132151122 86.083204755811252 11.422135929319788 18.123376122303135 60.246148142384762 45.896330970429709 36.539090438215091 87.187684406335492 23.433687920762512 33.734974224907774 54.391164677318216 25.760443971799351 40.807586342767920 12.535750780247401 56.725307743579535 24.764526533289665 25.095719507661418 85.298864896969434 44.569702084468908 26.156087421712360 86.474821587906121 8.921916898973103 39.131288626173735 15.753586109626450 87.190581900530034 12.504670979667832 65.130252616027718 86.843365574262904 8.454943610073762 33.816474152101407 47.717772496304988 75.946002825116636 14.319766882971264 32.456689752130686 35.998741279731995 36.764382538061433 84.609332885539573 28.137640821333832 12.263590303705596 35.047762425263350
96.891855926021080 96.394977662469188 38.630122082903149 86.015313768574885 51.808373326772994 69.934877298013660 35.211595177486046 17.790695155393664 38.770665495899735 74.967540545186353 37.961653115146689 27.635155246971198 25.522600561282637 24.129932068543358 48.639632088331631 53.590694027739893 31.040074107026328 83.558274260524414 29.714801656412281 62.572948917586935 78.040377332914616 5.023299565975203 80.012103592343109 85.346050555230619 2.822593484390701 49.359930570644664 85.347644707771465 94.362428077709041 93.597082644678181 68.602575818368862 87.256026890944469 10.806568749372358 53.524845620282399 49.843690800918040 92.361798399133534 97.461699600227377 72.825967518718741 79.451132237064542 68.941363147706070 62.227082930056540 84.025157783888531 86.993266353291204 76.331725427543958 23.120796983365043 44.382892568639029 77.537971102385939 69.650803331478471 20.001696000249535 53.117011724991158 6.932132937944690 18.652242469870007 51.367784138536564 0.768294828909077 34.991078697311252 62.187260331473446 46.690948078778618 80.957462829469904 2.968185161471404 76.957949780166160 33.395613442166493 9.156426083781600 13.614814612600368 14.819107579211554 46.766210710074816 91.007762379451691 64.519926932815466 91.737330823119450 93.515211711871075 45.317293879339061 99.950683605469976 58.595270303742744 0.742448320636302 33.633960921269924 69.437967798193597 7.436765610696328 16.528478094485045 75.847540249720041 40.716117680772577 66.079703171332653 51.182987864048904 52.109880286104058 82.936892432384795 38.870778977076867 58.713880798519789 51.852649675546317 88.688259406992486 6.813907742073432 1.176055912403007 38.648013347615908 91.997330639763959 91.800115255833603 84.808322578388925 49.170154836779624 31.028854243637749 37.082867722408665 20.501949045900968 9.227911800297262 65.643913913212145 58.414253915205251 24.149799992097588 21.176099344591325 69.499610304750718 41.364749248254931 99.218825526227675 40.725719807481696 22.492665987372508 45.070128963755984 20.554658707122631 7.405986215082039 96.293901800603123 73.924392081656308 61.505036599844999 65.997893881134189 40.648720249232753 69.899074720008713 49.141009735941267 44.655075746760495 9.493851295578947 0.190132087957995 87.897525198952579 85.635701094983816 99.449927629933640 0.911028129500246 84.241637197151334 26.003471699002546 55.802349395133746 19.623653942054286 33.451131724405613 50.354139262440356 39.868734492217271 35.597463879030400 12.714655669140418 84.555609934460819 27.149197547528971 95.598907278921388 26.666951315334519 58.769208990771794 44.585810678446848 37.000213622921351 97.103074873678679 5.172281541197643 1.760781866364947 30.057860929245440 19.039828143847103 0.055683985632682 87.560299279265365 48.836138857894042 91.363159280507332 54.176329502289136 71.246240340259575 41.987316274612830 56.403872297125091 96.075082050091581 13.576883336401234 1.575998519087851 64.807788775582836 11.193854047481944 27.590335305069612 22.272995325974264 53.981696787213508 89.645157488259784 18.497393721572841 4.174646612318922 67.316563250958154 86.503481052827297 78.389888291021492 34.846728691614750 66.267135267841638 25.701308800501476 60.239911557510261 33.571270526149419 70.252697042597589 46.924358027388067 86.414175842037139 34.313661394072327 80.476069621222607 35.776105686724037 31.495368486873907 38.916390750826089 52.686151533292914 85.605127625877230 40.376236513307227 36.994201036240185 25.029750557130715 60.618124029410723 80.272065668490782 9.557659577430933 14.101614322101675 11.662501933494539 89.312415568695585 36.346388756064997 56.030086974193253 5.512731283287908 68.208526620812577 29.485121840761387 30.150387114112920 89.302876224033355 77.546504079139169 31.484350014253170 65.081659190672198
35.947201681221976 60.731810272758203 87.753343446418683 45.212029984237411 67.693887786900476 45.669995286452128 66.516276499006437 11.704175732942312 46.009701222165830 44.497352357737022 4.472877365390016 94.067168548157099 32.271040959130971 8.162516142487231 3.402227137342639 70.418094090380023 63.834781688459174 65.588926611285274 62.361508672598752 51.470934153430179 24.941558747509120 14.183549173692978 52.627635548735398 61.287215625158986 83.624621354260313 53.938791387850571 76.354088749277111 3.080208931837858 75.386738158215465 22.163577345080665 23.220787766993180 40.841259440473998 8.434799630753743 30.330466150049375 32.436253567232363 84.158599666179171 1.537325848620719 76.591304080048431 92.288007457756152 90.137664445552929 20.709661133596125 12.560045611459358 75.693561547292049 14.478884497888822 8.556824426278309 28.009438670239007 81.817122189831252 90.681743123991382 88.097866823145992 31.830587942718537 33.124386311729403 87.752565840273590 84.729268503104876 38.544067209311820 98.857216007650877 49.328108058656916 68.843542238131988 41.835000797181934 90.481512473549230 36.702528811143068 76.360597192720590 39.672358951023732 0.102781175936117 90.721381721400959 2.510919064480566 95.262189212078198 88.249780186051510 42.595015044266617 50.473588961875684 64.800734422967281 22.166301776282637 96.368049555176327 29.531876162472315 59.731468014120217 2.772830177295416 38.842700927260367 12.621289007233560 56.597786105360925 36.325118313416581 61.013594357136981 89.154845372061970 94.583938225472025 58.620214092556800 90.465668044872146 14.448414438001056 81.139464601386351 59.601340000901537 93.380837710706615 10.606012275522470 13.699876553585611 92.775089005038296 0.012598219862725 71.859244362295343 18.498540058200831 15.788980612592663 97.656511074652570 99.117976113128250 79.542957185885655 96.293858973990439 32.152489994188493 25.976240832823670 51.502766937929266 72.516488053840590 36.589492710543972 86.764969569885849 11.849212583330726 99.366808749793108 27.293230288810889 86.684487073668933 20.101627948545687 56.714931295993040 59.724402645477156 22.507636648060270 69.891269217211374 53.530949353531042 56.165172884914561 46.348664639946357 39.692854650491327 71.539793206366028 27.845543237866323 53.641080254804663 20.953836637393952 91.825610401505614 8.053402178788961 15.726520759351370 41.406683010053300 64.787761903928981 57.607933700109704 89.663980904921615 63.270616310758058 35.211465735648609 7.016157182823168 80.631450925846408 67.821316498050862 48.897798108680156 16.674777597501489 1.903187629211955 56.907540920316521 55.498468614223171 12.148435945008984 82.860543531728652 75.039550078737108 43.445094109179948 34.631650488202723 99.529243583450736 38.767881286994886 56.881470375397093 20.706549969697075 12.006139773905122 4.756148387735005 97.482006861953721 46.988017109267268 25.858157681326009 34.843125062236091 93.755699308641724 38.875190791814376 50.579346073327727 24.049583353686465 48.436094515455117 17.264144841758643 17.650202118117907 31.405115256785045 49.265607579105065 33.728830175599086 37.151003116676883 14.116901809867443 17.598461830760893 39.674958374874116 64.301449121377104 90.887278570229114 31.001044767607844 22.970663093449172 39.644115389417053 69.211209997880403 55.529111273405199 77.335434554316308 75.268640302073877 83.885548060328290 38.109291347587593 89.621423806785913 14.786582201143117 58.683144365541104 0.391063613571463 77.356626593668125 89.883308392278934 98.701949281904461 74.803367133749958 22.748264268824670 51.903495310658641 13.813675730789987 89.190739818336482 85.448248826905385 69.888361863049511 40.197968971574916 60.767754238476535 7.259026704389438 14.074708173717266 40.706264555771163 67.178230772103191 55.961265681404115
25.576493282267265 86.124533211693517 4.639689408204129 87.288151878622159 19.653938308510256 48.802608855943255 97.725765752055821 30.264147039401269 9.567434217375171 50.032307029414469 71.959512845121836 72.862362175441064 84.057162411339462 23.731896839789258 51.911066713241205 81.727158532802719 83.240003950766393 89.423759177574780 34.291204437338841 43.323501822071286 23.095297003607051 61.823815513741366 53.632116579483210 36.068083804685912 25.996825898857544 14.055979440507581 15.126480714456402 34.723368941997457 43.461208792349112 22.566904838837253 95.870189775685091 98.694292098302952 44.654446768868048 56.331378416857149 74.991352703125273 23.887857963193248 33.124749636042552 29.914388808133975 95.780896348377425 78.387834853996296 5.268638978515716 71.147672780592728 19.484543939093147 85.346164120993890 40.620275728319776 88.444384794168187 23.847317242417752 44.442891803760162 17.957094436702970 19.271679243807792 82.366858521582159 9.259343835890267 94.250840506333930 16.697959231981873 22.664290986972958 31.617665939838890 40.946999068650328 13.066397183222767 40.041750991157819 2.607259492204572 8.122211847528572 94.941730135661885 96.912959995473386 61.154036942863769 48.697827386267754 23.818806133656302 39.343849840812105 30.830051069838859 62.064815766403413 99.621147853445720 34.656689218805028 55.493112485131448 33.533930473597465 86.007764958414214 72.496854922237006 2.494796269992294 37.878263322928433 75.017781349503025 75.825944271413150 3.351102864336042 75.288978624554801 62.473023296126264 53.595479264348953 36.352438835536368 18.143038643048460 65.169325784007441 21.004916641892923 88.521059048838239 6.414695988832353 92.333954735934412 34.268183442298614 35.933288773810858 14.443282933000823 10.501975977651501 19.734155872745173 93.298804433943772 59.020055955052683 41.593736734496964 64.885478400909093 18.128382305131208 76.401970585450712 24.085934051135272 98.678496192359702 5.584268328927622 6.680833509761220 72.952160867623689 86.582339004376337 21.158110128029595 37.908663267465911 9.689858826759812 90.125198171076320 73.086067363333754 55.951389198238410 68.924161647796623 38.948534848107194 28.853073121351326 95.824588311100314 74.922512734191542 9.026687656594923 38.064694435068738 44.526243925111153 64.758845030979302 98.370577650256934 43.960181910011961 89.662336807470680 83.185144734862277 24.752275733014784 79.528429239240467 43.697589696880954 50.878318569246709 58.638808404540811 16.757135134296565 3.666165984229430 66.524242599320132 83.048097683829923 50.486053484861081 20.352231985065760 64.167792842573036 83.649034622476719 77.590962177134685 12.877266836461699 8.256456439011583 10.704491879035338 15.555086777422556 24.054720384964824 27.946222069597905 81.390440034827122 65.449537550070787 60.774752987260570 48.900428343923686 27.161991211779878 19.948089146123692 15.395440824845819 30.984564836923422 43.476516845222221 48.487320172797943 78.514573782173940 97.517436668737645 81.779767613434146 73.514580590844517 32.273748207119411 27.099761039419679 14.983071214078137 55.683256749999401 85.421188580301347 76.064805446278299 11.269846693175067 90.174647971029046 94.210934889762612 50.201308170101697 94.722290224684116 14.609309455883990 6.203771207714926 76.799618720750360 98.473233657870622 52.505206031911037 3.930793203510208 4.967550725043102 12.018646020352698 14.550206010972222 1.085295532212094 18.075638843126342 14.492351798872416 54.238997089168905 86.802087038399463 1.730683229205510 93.481234325429213 6.469888083518994 29.594892984924602 66.061532254457632 27.185531415601705 96.527865799259814 40.296273014981118 85.420774881182354 25.096832864221863 45.284784813665233 12.303189228966350 26.384500677959700 45.726718100243438 53.778788470346306
7.584322080596529 34.148621739317754 11.482397883442797 70.297382697041968 14.684073020768329 36.868751810083744 67.975023550262975 21.222851342680869 90.205437622337030 49.181196181016539 72.591049502721589 59.832216666369675 89.338680411124301 43.662368862380077 58.759764663470683 47.206307951340122 23.409775544154478 4.401232803182320 87.290536752092379 81.183081433985578 59.896991001353548 72.098283917966071 41.810597431945830 72.034311139442110 42.392433756432190 97.561801535535935 32.263348349036981 79.756866826541724 65.169826112186584 89.153089337398100 75.773599121143405 49.585753027790872 22.208392112343777 89.318807177593300 24.744492726130808 50.558755238245503 39.078020169295293 36.581176773605961 13.071670289269189 32.381944430254471 93.711350297053059 70.724145522018105 10.772964941890784 86.338070463756324 31.841140077960084 19.454392467423954 70.636819773750886 63.643482167188317 40.543526252974338 95.539156796785576 96.757104610339525 31.876297248240338 59.988890378679848 72.711802580219626 69.918399119184173 23.215760560182787 48.322345978101701 17.100312169883491 68.538362765587351 98.330050577046734 98.883118195493125 94.625857392335419 41.464148198002583 94.151531346963253 60.865396896566246 92.983646415896914 80.311232220449284 79.219101008707781 51.176125700760281 75.622203635619385 63.130536151460582 57.218451236425850 24.156236298056278 98.572705000074492 17.472950869095715 72.200530076974161 70.298736789457294 89.987501730813136 33.794615457627152 8.907735256406301 94.845217681285504 18.575850282982987 60.518369903326899 49.703093859440386 99.157657988642711 30.832903842243997 36.736693114768613 20.254945550405413 63.812585206625762 49.525050744722243 48.922131463180705 54.392227090752733 6.533152635025741 76.054255773262000 26.509366811402003 66.573127665216518 26.044457759001116 14.129906248592549 27.462771253082373 91.998108615030276 12.999746145880508 58.050109052074930 33.017203226580804 1.491676814784193 88.735603530096768 91.598999310055319 74.453216995127576 41.033340914530960 3.308109321135455 17.313858600492004 66.460673547035356 71.618419420284468 8.890526035604996 52.274905971403939 59.226640413087182 96.179981089364404 92.471968217439610 72.278897215012535 82.761766357284912 41.173874430945375 39.571930192709992 93.766557459389730 49.566303954735424 57.731737371656308 11.142421749255039 62.713513218072968 22.750249725749285 32.053229656033167 22.778767679433585 57.601075951844408 2.074816495563314 40.635230675440113 28.839501910995946 58.654140154651024 46.206783709833900 76.753533132912139 94.347100490072151 82.862038454300333 51.464721137463201 26.461775677084297 59.223611615653780 41.850269891717687 51.464747216418296 49.593683234123212 7.912676102332261 50.125309806340326 97.336220461043993 2.777200487596787 10.036936139401053 63.017764576777793 34.853049952978147 58.030806776963139 95.814341450211927 56.756592092501712 3.569538839795061 99.217683455330501 4.155720681906539 28.493173923082615 76.363462370031883 60.356734074368724 42.419822924945251 82.031240906050257 49.937299065168247 88.522379262476107 56.355924600668949 64.129419204487874 25.975141083990959 88.264961240223656 30.536305376915283 63.777529000839664 61.454768384871485 17.666500564632170 67.387490985552404 70.530926481301549 69.292344205031682 26.010239244527732 27.300789341027865 78.305375472714019 37.288279458709908 6.937798681645480 84.657430997889080 2.753435263032322 7.518757371035967 34.526617506004733 98.611984038227817 68.222930532198291 19.768150666285457 55.100595186804838 62.480189829574748 1.802861958911051 1.967357277690074 86.536860761282853 50.578204037100228 18.762393462801985 0.397884646783597 53.109128206429112 21.640405449559395 64.840416702721058 1.567420894487415 79.169587581944739
69.458900931977553 92.101531574632546 33.849245844253439 62.751734245450528 17.191593267886095 98.743204559952133 65.557080298299752 85.194182732232022 0.670771582315821 92.337705842974913 73.265286479452499 9.749522390404874 49.517522975423212 38.865350998365258 64.349415260372851 71.074793112304462 91.748110838911657 52.828172624080224 69.856353166256099 8.684428768256126 9.011871114120940 96.995829739383538 34.266480669253610 51.965205744076314 6.986786800697531 12.170306981205115 42.310807546987540 96.271511708451541 51.932199727640203 36.063872492451374 78.474809862931878 53.362727349460656 9.503787854746037 79.013132087359338 77.394142243406634 58.794147100119062 49.182329883618259 4.582685461370684 81.692376534834835 53.612167371794726 12.386812771170398 32.143721680453972 75.658001430519874 34.240172047174710 92.704181902420530 31.560567844665609 32.575710961843697 76.144570562251630 42.512491390689235 36.003723630740772 38.311666324456695 13.179945116108138 81.644896367125014 71.849475912582392 57.344929558231087 27.369979589669878 66.763483098816380 2.579145513132430 2.803145590910827 86.618413576701002 85.884491611062899 21.767766622479058 52.144267798796520 80.728193719637446 96.683337228829487 40.566710785721170 64.235021758986235 27.092957617781355 58.126925201479033 14.566438962684835 49.651964333936817 11.380771262997413 18.161623612670795 66.852601432830284 73.987594201237727 33.843651359141049 0.750949828967751 41.040984946105084 63.186911066577444 56.161191750993709 47.798880811792102 0.606457273283512 5.721531067114816 52.698314289746740 58.840226311685569 23.136895400854986 76.401704368670451 71.934853518819637 32.522116027133329 93.584227857634346 99.028270681834869 29.829500938196652 18.108419089840801 27.175180590390902 44.293303053428133 72.207714919974791 74.464365367373077 27.579640989216891 2.401649653389593 81.335274660245432 0.795760135684420 21.199461442435496 83.161021999714563 87.136613749740107 85.199813377829244 57.960972294320293 63.746784295139470 48.737355604967227 65.785776225576541 78.523773670594466 19.184404705622317 50.686002739105476 94.484375000441716 68.306175502586001 83.388873158835850 44.205288087889436 9.699998192566072 31.880207761757728 61.770558087553006 29.474221005680402 69.118805366436504 25.018922385934651 78.136113820986793 87.893882427154153 52.787592336166078 85.418281907636057 24.084482245849813 92.768740753887343 11.594804945656556 49.434113046433723 71.141151261529473 93.200511745660037 41.378422986968211 76.676673790198407 36.203292399822558 46.272609542666508 41.653429060844850 89.096705037307757 4.206377515718662 24.669897275912469 84.790236475643781 27.221109711259405 95.877824662462857 74.067681978251059 31.998458706143062 36.596759732536974 84.073595889665754 28.539871416192586 70.993158421430252 93.728576696016745 8.058712275095647 2.656178108385054 69.167594506927955 24.020480860461657 68.863444293120097 60.332588165425186 42.417578174837253 95.893524105115361 10.621022958244131 35.336378953184401 88.880003222170203 80.404509569001036 64.883199291198650 92.277200589500495 88.978331791137080 4.872616176823408 44.814250393305990 78.268575247038584 88.694701896027027 93.837483047283655 92.969683957243518 98.812203127908461 65.689309606564237 57.974165067827563 75.112493308904803 5.898377398810240 37.259431925925767 5.819988459268844 76.057823602588442 18.344816367601592 4.502697475457462 48.431201675240743 28.278284665456145 77.790962259581889 37.352310130277786 63.539873329237608 50.576410866444540 76.616902839231585 94.927276202858067 35.940448088537302 41.090219027913847 85.469146757907055 31.714436740681595 94.968116396349558 51.478692997227562 36.744705120976192 7.954585492025457 74.644659927382165 66.535935851493306 19.219490577212028
42.854097783384802 86.153378646371607 60.333838161101873 50.614968601160435 24.788505588202760 2.445942711634641 47.341972991146143 23.900606870828678 46.282101340394973 41.795939669704772 80.020384600197588 6.748922831172832 93.341306210384317 50.684935640197295 43.988844885269430 70.142929582637919 36.030225004137108 63.693373249747040 17.160760556964284 63.968199519059155 91.956239429327582 25.038356138862405 50.078919443546695 35.247393516693734 56.024536883650477 78.997618220035562 57.806191679443273 36.113180038235448 28.346766381704359 36.592513358706512 71.240688862161633 68.473476985230974 52.224848018334477 26.239919338297923 95.681910322238025 10.569630324594604 1.146179931270619 95.783544481433708 35.055243785548754 40.682727600162430 19.651613712257287 77.084410141424939 39.377088681831196 9.956439294656661 69.263941018795535 26.400350340388488 32.859532035220298 27.466763586872766 7.640812175488520 80.896006653570439 85.133353924693850 46.933569018146585 32.327534630759381 25.632605027217814 75.401247329379217 40.238584962759795 6.807048865908438 56.096806294584830 57.027176860795151 22.192393872223327 17.834948875612390 12.223142989021529 29.475651045176864 27.825306477040801 30.328125771595971 98.341693667882140 25.838760402036598 63.230140723070093 32.893116492117549 34.325236854476316 92.144097741233935 64.252106274049908 8.677638274475797 28.098158339384895 84.090230811944096 33.767167117733585 86.851906379791473 79.232428044847538 14.576289236937301 18.370248531377541 21.269969410331889 13.474774015222746 25.819822199615082 9.473569197684339 61.260562848493038 27.565269369756606 76.047251578515429 46.234919132989617 92.039054550562852 84.300738422173467 65.886564187002662 24.349168981749216 87.905245917268388 42.482530243089819 62.172535422197065 22.100620366208567 41.937281539135640 94.184771287122203 17.537235909320525 50.916670884516101 85.851123401879164 38.762209253606336 73.172260755537650 83.301599701568207 79.629382445508227 58.418498131896854 96.622674983007272 31.868284586666629 72.184834441526320 74.653945800625095 92.970396119532836 24.700667833023871 62.584528341536895 98.887921190671150 42.728212971460664 82.594529466498187 46.971555090155285 39.705522539394963 46.579420136761662 82.870084394135034 90.242498795119303 93.268474054302089 96.023082508717849 86.100489853541902 83.903901860696777 83.284731576016497 27.192924291414634 72.539096648051498 24.618884009736263 78.700358408037658 46.528202006688311 53.770433257450044 77.507157908509114 35.286605380595702 9.497416041281415 10.696791953396900 25.119358866547582 5.563974459075716 4.917862095958537 51.795070116293765 39.885717178123748 32.552242094544880 72.479802965897051 93.215805362368982 35.838766392162569 59.000326361472368 1.885297135986652 69.062996207672711 81.085760560940329 69.549817423990106 59.515782293607678 52.028803242157316 68.132970757047218 43.284587590685121 20.685122576926830 18.184619581134864 30.005932796734346 33.642447418841492 77.750901734032212 69.109156488209734 60.802624127197824 39.785609519673848 25.565686549123189 94.092314962339643 49.135495799004538 18.881875045420738 51.337196422408041 62.170582946926075 53.640708283561381 28.770550226779299 22.237898675071378 93.765191284940755 96.869245631802841 93.175575991450160 17.088627122882205 86.018228806117222 27.165364220065580 50.416975791150577 99.025403430468359 47.719332475353063 14.494003458950733 81.905501306893640 66.569457061124027 67.322988747629068 55.177691075894664 86.972255660427194 77.296868762790155 55.212030990893936 50.635913962323009 46.170987014101051 19.725207425067204 60.849397483018706 95.528585279575566 77.749387880996096 53.667514258277905 45.658860824546224 74.860112649675372 32.427973757096417 37.005313042632729 11.046675147249063
69.539736615793345 32.083345213016855 31.121715469883181 16.910184308656618 36.555315147912907 13.433223080877388 52.944618787267885 4.116491249030330 65.489565434630762 64.808858886608618 39.422189274976496 28.150539027033616 70.144202774247660 11.644974245659078 26.748887452380330 70.700728871802426 91.900652614928660 88.974391709396912 73.628866118846119 28.322606371904037 30.290841190826036 54.364118579339440 30.598113156179028 19.088413878743150 56.317835315079300 59.549222785412958 69.651578206469907 4.462880979377870 35.553479319548273 75.189804259111838 28.159362611050142 94.816365716594916 82.704734672364268 89.871420146580249 70.542656146192698 96.453375532243740 97.089231219942647 0.361839115090345 57.853827414296610 32.302691398754476 13.789845336962159 14.039971609931968 41.466072243554194 3.301644639029866 55.196085155908378 80.074656152158298 26.362301405498656 41.586027463440445 34.939159165241762 84.117820886796807 25.207038999903364 70.427063377545650 24.579731463141229 96.568650654434023 26.154452707173970 35.762931425893129 49.891160681516020 78.285966202695008 50.565881840287410 45.529905413024707 20.899012811648365 73.525930906821117 14.058008493877228 70.893818190738841 81.656051226088394 47.405382854003108 29.888770755444682 36.797692528354922 55.609512018001517 93.989801977174622 24.424887836191733 55.793641232406429 61.987953179453157 3.560929826236425 56.339906379364201 89.819087484507619 4.748882451591219 98.100776242778252 27.990385989333898 10.031964291424721 5.836015735145706 71.565087736503656 23.194355737084805 62.937774354109379 47.523022640567177 4.193947358908079 76.250790342596815 2.831216584035667 76.228054762612203 26.487425302771427 84.977704518804543 35.863479989268242 5.230225356610562 50.870611735133096 13.568498931980621 82.780668436743781 14.456569838774980 93.898023769141034 40.483445214066506 81.000034044166085 81.007193643896130 99.212211607808769 49.681269849383135 58.816479653495612 5.477955761994247 81.074578010131916 99.506432597602995 69.775706691669328 92.242896963094552 13.761751460735161 88.139689708680990 65.067537923687084 26.619143848751680 34.765631425377407 5.820164233053992 13.286491244230225 89.160474483394950 32.594688648868022 25.629762634895069 26.563625319889972 28.000343357940171 62.642254761776009 12.321813115219825 56.065933126637532 23.589986198775435 99.626343147504542 39.934104028866635 64.960527020730254 26.286127140083714 48.407592569939453 10.424567495646532 45.762317688198465 2.038826328756971 33.714510360371186 30.108827148491269 43.525190274876955 27.348651426489944 2.225630007283042 72.380069405145235 62.297357704698129 56.197091320028647 10.811458812887921 79.928686562112787 84.266713657303043 68.478726884191758 50.547420543400904 75.015911006671885 60.301655889630709 36.848693874212977 3.601394911588152 34.962741065519509 29.657697485285251 64.199670808376979 92.748112726550502 67.846310708360676 44.071454388567858 63.295668976602826 13.791546068027749 73.988194117903319 15.174368239679314 81.854302971122593 97.054133569985680 93.659102530966635 54.633576020642629 7.226200493372481 75.503869606795206 73.708081920801718 63.314217972691765 83.926104311591956 87.759414114824395 52.630196572470531 48.282866662922508 70.345650469323544 88.223459949029319 66.160836521312405 56.683601803048504 51.976356810275760 29.275100946935407 64.428409911192119 46.085670086027442 55.094316042131418 40.513680668866371 32.545813081378263 37.788674570681202 4.805839244463861 13.456016011395144 12.741652731575615 13.418942105600618 59.796505316429219 33.095795892283860 34.690013408160155 33.145110843072814 64.573382395594251 37.249007998927141 39.606549800532875 8.543575608696175 61.312712720135941 11.214949181229972 75.589703299704098 51.749186039872619
32.890997674531860 64.122149853991843 12.434620320225431 35.526014456161214 14.191362978965550 78.142294350848417 68.127661402684794 47.112688589402907 9.770229646910966 33.988660355881436 78.161828294114883 17.397267983815180 82.747017949704372 82.138457984985251 55.943131945238001 17.818580551506269 8.261571110446042 86.964887979839588 48.597031104013347 5.811298568040457 88.611108261551280 75.528841532192601 22.292429357284348 12.302410501150508 37.821324982961372 79.779283230147982 21.249770284857526 31.171544672195949 16.169184841213756 28.151284985918657 13.812610560131311 19.683094316596549 60.312149086743801 89.439116367934972 66.039146395550119 18.517286289535551 90.629314687399571 93.185477513162667 77.373043458033834 79.584425960408993 8.490732723031192 45.666026881454670 75.573582314965591 14.774628340817287 7.741820032009405 35.046196403000138 64.637097881140164 37.359625535231544 55.148180746663897 38.717996946420200 29.637951199393044 81.643551446528988 63.875380073862495 40.301119283440237 30.922517736987899 34.638379576215662 18.428877724718941 85.539078548458903 44.214170296008035 59.402105286861428 70.928062950218603 92.046951525044946 22.457613767868779 24.820602173301289 11.209946587226572 83.423640448191520 2.518647217544578 60.311267007927150 46.372676100735468 89.245098638624370 97.591647005989884 98.277649191680581 16.941496506616538 31.032417447148365 76.402332503820773 56.741999382888984 65.209836617643717 54.734336770940317 40.850053446796572 96.908898061477572 19.423448424676327 77.713649048295409 16.768835176714425 16.348933623242303 56.414902047238215 89.235778652979832 62.613375444954563 24.804896867421512 10.750440510810055 18.693236409548540 71.090335377038144 24.459277870691874 98.105546163112507 41.306033277047518 45.514417452003727 11.927576741159118 94.740079291498418 60.038535026776366 36.321238518559596 97.545168567159919 32.254888597058297 94.787590859346622 28.350946450720560 35.590702281600272 90.162766202995002 47.737443715269158 23.445911342645744 16.479989012863371 6.248041306636032 71.332512630317296 4.968300083093247 22.912400197410442 11.884383519252440 30.998658023081493 80.029763246845107 90.225940603564354 69.634400092209887 1.128157336982971 33.074001568577827 68.437447134477651 56.486078083457713 17.208729046014128 2.555019127583624 49.204583994203880 51.343539781491643 35.835464837359588 54.179408962598544 70.603524406721391 90.004583549790667 22.940189564986103 99.640310897209631 58.505156633503063 59.173267839068075 93.071694111151984 62.282277759669768 4.098349062758089 40.486040257334707 80.798448655757511 33.808960699895742 45.754145265125956 70.596557713757164 23.635810628941911 20.998668335052329 29.898762832393754 41.868321965469633 38.227293535976202 33.576803043788480 20.328086599700889 52.858033881603951 71.295340403334578 75.749102782551120 77.048383234753288 91.743855363621833 15.190505845835045 17.871519342927733 64.494265690741230 58.827188123746708 87.678791880718848 11.095563731485225 20.470150113210440 16.520121627140060 60.922040915922494 8.300967007140370 74.001473603455921 77.275899544795678 38.937740401519505 8.150341387603765 35.524759130223259 47.964830457461019 68.763850124278548 84.032395190107422 27.844702293943978 19.230445962451149 27.367478848980120 27.694842368360984 3.864467277455452 76.831862448344154 20.961293169922946 46.576766121181166 26.581070588495159 35.985901797707378 30.000096888114225 40.625641788605982 13.620551410133475 4.193231270531350 74.441926201560833 69.449434230594136 49.376767945473709 6.005242882690554 94.143542374738431 33.059322231839438 94.094497447960677 29.641862442859502 73.982907310850749 7.976597984909761 44.733671185993899 49.651508992228358 10.307680068966540 81.088996756203940 52.420805905178433
59.524151681353523 28.834173104530535 5.298288039524235 52.170309554857738 97.627119952988778 42.320504125132800 62.357005160117140 16.065067815552492 57.960782011276798 71.033820637123057 99.713853977800554 33.941468573819002 11.342433920271233 39.506406030789478 19.479641879050281 82.576732148057246 75.836659189067262 18.971612026727758 7.992485049113085 38.693449491173602 7.064468156208569 87.031561977324031 51.772337821002843 76.259358920616108 93.258476505065104 25.493662292585551 50.225237422483623 52.541028038549953 83.460175796772972 17.694681149704770 5.820015358460306 31.616178087000602 5.993965643444854 24.918166381442376 93.403349280418595 78.320199231305239 4.041933004485476 45.540989968658387 65.204084893499640 30.832328865763102 12.720715171951502 28.146862760486712 12.534058125174298 61.088432124686108 63.621624167020464 33.006556811239562 59.175783721872044 19.911289950766797 74.137872636863520 2.930028388042438 7.637151580358060 1.944760491855113 92.166487932084223 81.583835486813868 44.013556138584583 55.127007241531331 39.866823878872438 38.687828933119462 31.405976584522744 50.481281230146145 38.095133447502846 35.647474410958438 81.743101507245285 69.650189294042036 38.464232869248882 64.862810103688730 55.365681678715674 16.637942692044618 46.653927766139233 22.973495745858052 3.764038137371850 55.033508857779701 82.433710697545919 30.664528271462132 35.931846479741957 40.636618119707876 29.932841847853275 56.749852754253702 50.659240447617023 47.976966527169807 27.167590614388249 84.778606453273994 43.899650360769414 72.110709199216814 59.136240309601142 84.967898889444726 60.494956160120140 24.175970680435999 52.199527147270928 11.305099417721676 3.266970456741680 24.399514803640130 3.808937660691414 15.150394575819226 23.331700210753546 73.550434864930807 65.516949406632065 26.676972755657580 35.816521084098618 41.290072969208538 13.680659285111362 60.098954228422649 86.692008641120026 91.709010526116913 5.520097628462284 2.748784455431641 46.729183323704071 14.303943455483081 68.314654793538949 98.354971386803697 53.777259034917392 5.184308174023966 36.189095825211446 20.777025429705610 44.149751377266341 49.829884227280928 50.026267377393332 40.473542041373086 85.321739422723880 47.263731674783330 93.718000727314219 58.442629810793370 83.191389570883729 8.411347027185933 19.954128157629249 58.238349250724433 29.101402197060231 7.454187886558183 93.681146826287105 74.814708805716663 43.207808294506989 5.113189421566366 59.258377936241644 74.748856121115054 81.394324599696901 59.582675067419409 15.435852419892493 51.066111596495666 39.737459555007590 71.499892304198184 90.179352354563619 92.962683566974164 36.329849994497131 64.099606990177051 94.823445491294109 94.315673062059133 35.201473504959793 65.647502610690040 85.361274383546942 67.261939708145349 66.375779001083401 35.937392677347560 42.762669153431887 70.356563442537606 54.562783129091194 40.769732493074748 81.941835322466588 67.526689564034797 70.361900345817702 26.941268760655102 17.943629034405451 43.747434586790000 62.198682041317497 51.401517332806549 39.524064668007433 14.005456108136194 27.435818550834878 82.658678590005181 14.150091692692634 81.743210704207968 84.659265028850044 84.783474967785750 95.667672530267538 69.711749895648424 0.745925051844054 81.899929578839917 54.369582849475783 88.081596709517669 18.854292676736129 86.503084164774123 13.679581399582608 59.375444379519251 79.291821370131515 86.937794746120346 50.252700728799404 78.275474611006331 23.944160774745370 35.098645499792944 93.264893376070773 30.562743429166204 81.195135969584015 42.589696730612602 6.456964235629236 80.204390525794508 74.226448041807970 42.262486844265709 33.182198376895933 38.247012448625618 21.797924432419848 28.117883219192208
82.182534470401507 39.482654310647924 33.208601487731080 56.088862114053086 53.416375224164049 95.371636256130643 44.374274812025924 27.791211687580606 35.077010211991102 98.799612418235000 79.982482826879604 90.294711419453236 71.628081497778609 17.893685155273008 99.672657052374660 7.108199596577636 75.412176002524831 13.888860716511342 21.819071112630230 12.669102928654109 51.982665359198357 17.859195878828505 4.132092976599111 15.642492106180994 98.942225850620716 83.448218078836618 55.452234887485332 65.166488590834618 88.406770622379767 63.048195657831343 36.116211645316618 23.432600771155421 28.663456427857625 84.554135587280072 61.785835153214229 80.090066063898135 70.736881193692696 35.121726570195264 7.458051942594468 66.795495564138719 66.469680450945987 38.576730702012284 58.742708754993110 53.659093616580400 11.672476433462320 61.625259839255030 74.954468608956134 1.593022217617479 81.442004629260225 12.309368429770984 0.225197772825625 29.425182483403191 85.978286754383561 32.851914765606402 56.571847347247527 49.020055927206684 68.493833043678791 78.655209218912120 3.485941017269123 77.324015278034281 5.487974149464236 89.278456862019780 94.884671297484175 11.244141344878534 93.637558197640871 51.553215165117805 32.661357935489846 88.066496841495749 0.516856725735193 24.084746732973038 59.326245321374991 56.680251116721472 87.218518075479096 33.966757920152858 41.503592772008915 69.253618465742662 81.483207040247805 79.683390760875227 48.359883065779563 30.003615032667884 92.785278653823838 89.618183816644844 47.107633626098412 90.227500513013155 79.261690016376193 6.627257397221930 66.092305904683315 58.122943077763658 54.531828936771596 68.001999740309870 31.907541750603986 94.081540805160131 7.306822692698855 94.467506331299973 65.155579318589062 84.008777875718337 24.029993068961996 98.781668465813510 5.211400994629345 0.391581787655115 40.848719206954577 43.505335047976104 93.084381787163366 94.432897810337863 78.066163572668231 43.092498686531876 39.441696654475479 64.299876329772928 67.648162264858939 59.554086029156394 54.882809661999246 71.018424181462564 62.924951744944138 21.998799961610295 84.822229736930339 16.600768433878898 36.323938542636178 87.474342445866881 2.492740407755112 5.416349179743730 92.840370041063608 39.490848807245492 16.760587265971161 57.415503431895708 70.349272297104022 74.466719408909952 41.745664026691820 13.300037088191418 69.882106281993941 66.206854024172983 93.770589526169232 12.716218056024985 59.717119429640000 48.052474582341134 72.012637938961134 64.771104001951855 73.947365922986691 44.710936124601552 77.447764781764690 94.682104210520677 42.302917668904215 81.892278570195714 98.815325947244119 27.685206617742441 10.786698067843581 12.322281410282542 89.511822662782109 14.118652799186027 36.961446690516873 98.419273809524697 39.136290136642607 21.803845436210921 51.857759616112851 87.718401957072473 77.603033699247078 90.548558165100843 72.961982767097169 9.569375555672533 76.408620457003792 39.095179009707749 99.990954317915168 51.828183283981069 57.695491528791074 66.352288192855994 37.266635408212878 81.539076476820824 75.306892860878534 14.613524735438366 90.846997826243012 38.603540635425723 81.527794453906182 50.132958122403913 34.205681104898531 33.206443587154190 41.168361787413929 21.300667308930144 2.081500792576119 70.231587564068874 89.884387738419889 72.031891313834109 8.855468407783141 72.358311718912532 11.738860199400525 99.347623739832599 35.764263623570827 9.361675901662103 66.865096805123912 6.433306581455223 77.997038846424090 32.461028360045518 87.959398197051470 73.129985747772224 55.640764584559086 14.382861883044795 16.497617416141207 53.789744222875278 5.324741977581827 98.878242289459607 1.837974670304821 15.189702210441924
94.088351213634112 39.478133573757468 95.295052324932897 44.872108244370857 33.554603288270137 45.269161647177327 79.415327335392192 21.787249087628503 7.927113166820199 0.855798028145005 2.416199570879951 30.151622927986399 77.235248264034297 42.635076939600189 49.634690580056585 45.118775519787633 83.842993725440536 24.317232347032125 63.504747275208388 79.830165317512368 34.960437390419862 63.523652602119597 26.724621055794096 56.386890781437103 73.350718658771825 36.699491114587005 0.808083220946554 86.670644230004427 18.234705023160437 22.337492255981228 45.540822511389344 24.003742881508828 10.836040525322964 70.047366740749197 35.013054181968862 77.865456077316438 72.767364274349347 76.990100818292845 1.551194603296779 25.143946719194112 1.071184904812006 14.666996171955670 79.119544718756671 0.317746238531091 85.296179178373478 35.351556112324545 98.566237857615448 23.681297601944486 14.508715001940232 33.442378497237826 99.569896967193074 49.353549640760889 96.900585914871357 11.832470523433003 83.128598604894648 64.870238477694343 48.395285674755051 17.546644146739077 54.455495283636303 2.161586025902418 13.660177776364780 61.587090337723460 95.498035170659350 39.483853784641951 74.592392534322698 58.634898420347760 71.560274850027014 56.396413103519038 3.301327339061388 46.185871428203193 38.733637558322407 42.046883198935262 78.852338751477831 73.159487804673049 71.323151982154997 25.538920070279637 8.602356685980695 82.549883640925842 75.052714707808676 54.706719348734808 1.559422688872814 11.472431050972853 8.272433266978075 61.828698728580356 2.585053805225412 36.510392840333935 13.691968867494264 95.094473157125435 34.615436539522157 97.207212859605150 42.257357807054873 67.241166754464288 34.450491045012733 71.161157504210607 81.368720142656770 55.459846768236922 35.811089297923729 76.482176643003427 76.996458564883497 67.266320346513822 83.154295556255818 77.182662822949681 28.014229024566273 33.742716026827800 32.832184113489369 82.584721050109948 62.349800576974971 65.162007462364784 84.492271900112556 82.564213263146542 67.031404533785206 52.629358272062632 49.645392783573584 93.125025332548120 38.473380489434263 96.578423312782263 77.440275530098276 29.954481569455361 99.384222927074902 99.259199328381627 86.093990802040850 8.746586249335541 72.086572655351759 59.784784281058890 99.262525425239772 44.250913314565508 52.210162718958109 40.773781410154932 2.039992659857925 55.847808787414976 60.494332600410502 22.191515874455835 8.539269617915025 11.930578330770681 43.396889388405448 72.087607713136947 24.592868477325737 94.971079015464014 84.482176337518908 74.594271513543077 61.161068374271608 50.779014854186400 73.252911759299806 6.699188123444499 79.917640782052246 64.066735948258497 61.526091416223970 71.230652223032891 65.272192704618760 69.765857609933661 82.866271880951700 91.252520067812299 99.636549297575243 69.072093385461358 25.309256761423484 21.922191115091827 57.758029111067962 25.098113257555287 40.354660612284967 51.526405467263601 69.020249886040105 36.987470756817444 6.408053086503807 13.198211499416290 48.680335349104055 79.271862066730776 11.759474712155725 24.208892128396108 0.133087412324651 10.231938673351193 32.617691306546789 12.435860510508757 67.116141649511476 16.942832469619418 75.119288617417965 88.111756217681929 17.097743593656844 80.267233877657347 73.706501891163441 49.412270243236875 41.085158693016474 73.435615767328926 50.815496386294299 25.293400414951005 64.945219697108158 33.524430142412342 18.440252969146165 48.760777361053172 42.351083295422754 88.812262457556386 87.620252311062501 14.066711624125860 24.506490673359604 66.435502831214393 27.834126940087334 65.321121610366873 29.005823447524925 14.883258231633345 8.397237761839405 82.305249839917778
96.667128557090066 80.358279385645460 5.655292549037716 18.836775482976154 46.211572133636700 51.960746408962969 7.530144106790004 86.850230330323299 8.331804895847917 65.947760851881682 82.892756595818923 78.420832964847222 81.411883000882142 94.965442358059306 58.027266236582854 83.501044611207178 73.364749544891126 23.760269761382780 22.281929425546252 21.433153161758955 12.983631739001478 92.761370553269415 94.288220106129870 36.145609070338004 60.989704471310858 29.452927153793361 64.412755972488171 5.602163897794632 49.394444145803526 66.330521853446143 45.021385469277732 93.208508591262017 2.734261421028894 82.143749016216887 51.422066881861682 79.332273665574704 54.182473620086036 7.659105171597025 83.214759499065650 63.667219507565463 79.975710814300811 7.924184596473105 60.658880611425388 65.484448644156814 61.482186243186931 14.150852937136516 26.374864353657991 53.102319685170784 88.768641059388415 54.148454658083153 35.664437766021209 92.927856913349757 97.281675760942562 4.905090201945750 77.334622478881997 7.417797868787113 12.449832663729000 99.060415141688381 2.499205485004163 71.500495474174670 88.546895469684642 33.114623349308559 81.864100796701393 21.592805280130701 43.040866105384147 67.219834637728752 58.044998151935665 94.799410333456493 64.467675213884519 5.284433669204214 25.306312705081002 40.118744773961460 35.154328973895332 29.199046313273811 6.988345200384694 63.163129851487653 41.559600537321032 66.009188897522733 26.432221527300250 29.806821070463631 10.039248518024547 14.312400382117973 34.530879013492978 88.151509649005931 21.327584956223610 62.675036490955286 6.730170940509705 52.465139810328374 70.374538678614911 41.944801585509282 63.871241636591726 71.657349388040316 16.383955472945743 72.126909563305603 40.318539444996382 74.207096904676021 82.605672265054423 21.099679338108334 81.649492957479566 78.311209219015524 54.995701060345603 62.370311960844930 76.310442140576939 77.745302690574533 92.938656670389108 74.909254625775617 61.906079884354057 56.734285705673045 16.160044911831552 37.156080707347527 1.567538292944293 67.692262393821679 66.138353350585760 76.332957341795407 61.843876218803594 75.657210493481074 73.412105598355765 18.870057022884502 57.826050347350012 35.461792580611373 94.354132086873193 10.090767324962169 51.495491593928818 95.088956441826937 21.000905986519768 96.989389849041601 5.716720282474174 96.571396032912176 49.612922741152708 7.522882242240614 46.119228610156917 74.759263805406121 79.602995770605972 25.163129301222398 47.911544815499511 66.033838462491872 30.414854209813669 7.217400613203884 67.473305643968715 43.446821368120091 79.580350258805296 38.944510934043088 1.129830525453213 69.597286062719050 97.822013256106445 44.037760607991963 86.108783455371906 79.635781720052108 51.474127622122289 4.693560384856665 10.961831009816059 8.885427843273884 69.722897759694362 69.033875150791914 87.635988236418768 26.653843630811814 61.050658334692429 46.408547380307397 43.779367805557115 81.697663780900129 19.710872568932459 23.155384619494079 23.776949707511761 90.129688189238379 59.882577315060246 79.103748694872252 38.518504619084339 37.631222197341593 47.543349144378297 98.438536316011692 10.751388815781437 70.186691310304397 64.624775427207709 57.532815459285111 74.613369714285994 73.913546018739169 6.944673273642888 84.232567456589052 4.747509549824713 75.168394777810462 63.534576919861763 73.634499881728502 41.688406055884840 4.540811194059224 76.690518619607502 50.244194117531769 63.099860958081557 64.758455298732102 40.893090548438153 46.251716782268794 75.207733846539128 59.226022510439648 78.016430287414721 15.040398503718722 34.237529758776041 37.247881946034248 23.936562876863299 81.403807946534940 68.100603347828326 57.960229523609762
26.992391443990137 31.011663096280440 28.521949308041204 51.421018238929619 36.260026338169880 19.885663559877077 42.382397509419135 83.829304999659556 1.909805674370413 33.656371517875407 43.946922627711459 94.024625263004708 76.457991470986912 5.951868669167249 45.111833181477465 73.409650022837397 59.671650574358324 70.652945845902977 60.161141696610358 4.342829992675046 26.454110498207374 63.904386761567622 94.280426510630335 70.540512567567802 94.839994653161597 83.687895099201853 73.780948109939914 85.753222073753932 11.872509835528099 36.134850091443241 24.966974887411453 89.560797275415808 17.630155375694624 91.577720641292601 65.259320659711278 59.147158401279519 85.314090951308671 52.067672078857882 26.119766709273829 48.914218686910417 35.057048150152802 4.700869856453293 42.937468116958499 32.475243417300938 96.181369394981957 76.784967176201405 5.951550486766600 73.426734203077586 8.552323540652873 33.953126608793241 45.475890299526334 4.521696603885561 32.569658707503521 0.556761098790071 53.101721216948818 44.982651799863795 83.688517840284916 15.796022706004953 78.267357802093869 58.837998849891008 74.993731545855795 95.131754589191829 37.690890332741631 23.402519748289407 37.109038627370381 77.016773549516159 41.846529781682371 52.163393030292568 88.638220672901895 62.347271608508670 78.092507506277968 77.431270530451499 35.559306588974415 27.451213264241613 57.566446765425539 74.971796182222121 33.124154317921317 87.525304256170983 81.273371095044212 89.565780273579037 91.765441170695198 66.165021441485521 50.912769977929571 88.232592758861813 71.581318188791926 99.672633213220152 56.548291898690216 86.298823107481482 82.725809048912879 86.184839085532900 47.812390942479709 18.791030482547953 25.382352900660955 4.153811886036484 13.242566482447193 86.597712505156082 12.370985351555708 20.452259565538078 46.435820129608487 53.346241323947865 51.136106974297071 26.644026628836503 55.913639104463819 53.368343109573260 28.230610380108967 75.615555422140929 97.753225135104216 23.816520101094895 79.525671976875913 52.840106290350775 66.493863678010996 78.485082658273882 24.550475156169604 95.841514934069380 58.544618948315360 45.369591713541034 43.016423941846583 43.468120115737271 6.927211700674718 47.722236228245116 88.988809318627887 75.035255487894219 64.795988632534375 80.317872660433679 18.618879424447755 7.264101459871286 13.796410885961974 55.085981387991836 28.941656513861712 83.845332292211424 17.203126808738634 36.564015507299366 79.009293681139809 82.835337141956288 0.006102885453430 95.257747611516621 38.230251377242922 89.267267922969367 30.413346109551544 69.942349928114851 98.415465862226924 14.131223292407514 43.535199731573769 49.411047523343896 74.481197198783946 53.392628947892831 21.413945703551317 25.615095027886159 91.668478837938537 6.450492182980416 18.264932428108203 49.584687807123970 18.746255522897037 16.249546868077715 16.737158297064227 99.965491428326189 64.647926074346586 54.617789296786576 61.412256270358967 94.692795914417999 19.070574545067164 16.373168413943219 6.844903527307567 84.728162682346735 36.443789334450607 74.866769273971897 10.786351739869271 54.344726211762051 23.006151190246182 96.178242759153960 70.149941532035314 0.529996016485890 2.837095970932102 81.290224737683729 39.345009419563837 86.988322240289335 72.598701903625525 76.207340978187361 58.552392677038632 13.437203129830099 54.168035968226555 97.726996895233427 86.715621366420720 10.727017108377733 19.930372853639078 24.323136282440316 15.558882841874500 96.216725715501681 31.375251465818799 92.182209200490647 52.014804906243320 63.256428893988961 70.854144643300231 26.949664986747134 76.540494900002074 17.468674914837067 56.829791573735648 0.703820665648314 45.484288838074768 9.396105028683078
96.073281360686153 28.939914855359874 44.958442958869135 61.131432309201749 70.449958569741085 46.034737762314336 13.667151499886520 96.014513886347302 82.714567643709685 38.019650655710599 61.072420657039537 86.917354844586299 36.314179145308898 88.453406012925356 38.421928830047250 52.958890523273602 40.457058045607617 65.376372399777253 83.244897661967414 76.891942290648004 9.379652159131657 92.231345481086180 5.420561799936663 17.267434149405869 9.432162874538552 27.476816297398678 32.171476648877750 65.361060308765403 36.521367889570321 1.691853331654836 55.130525124800421 53.591853776641663 38.544337466273518 52.067372544612347 89.096187570111226 86.266809542976475 80.633020840038498 79.543008506794592 93.695775706065021 49.332371262777663 55.429123623366486 79.717668256860847 52.420778103544350 42.099692881438301 15.802879005764392 10.947852758610265 93.097398065642281 43.805660163758986 96.427061841418109 40.925667923906481 39.842019434862507 33.871797003928513 66.289018298569900 44.887272588900807 78.360676867659052 91.955964870895841 21.457023602082469 85.746214108291724 80.500744951013786 96.067985090179121 55.498575313722156 29.215729198662423 32.385784973109686 66.807766618419620 18.841865708253046 67.158626733404930 4.636762793988547 72.490913056435673 50.772240526120349 87.095301657871275 81.424942992130653 81.997207896478741 47.621723317288001 60.016298863808736 30.931263900711524 45.392585366661244 38.206006640446731 24.997791301135706 52.586349942596435 76.602102773895098 84.779096519774271 80.965886298154359 39.654358525661614 79.474045007964548 7.005953201871840 2.874822313333725 78.324608834557225 30.723795275002342 27.019936544455280 12.556269903303230 74.519064573016522 80.602655788866898 78.723778023188842 0.557124491673200 54.848005856527351 30.836849897946550 33.296942113689433 33.590437930854456 48.443932932959058 93.978377330116359 50.300509375207525 21.615560303088433 86.433324105836334 80.997831206464170 72.810655701956534 40.097715213382187 58.859269392221478 50.128831874118582 80.678159231706417 57.193979338910573 95.702021397777798 54.559179796768930 19.492266433338777 54.027250363814197 48.279012566285637 57.639910644497107 23.515526871259873 29.010769934948076 76.260094669175032 65.934700530086133 46.320683920717698 51.421376820341926 5.394699719340412 46.334217197110497 22.384018960179940 58.213910177747948 13.869362318612255 71.542969101842672 68.329963311728079 25.517803446625276 99.387470083466823 58.376631949137305 46.717091524926133 22.516755240983109 38.977295936634384 71.567275655095614 38.072420087506686 74.826840507581565 82.388458572434303 41.492273538500143 94.712562002678510 25.831905019020841 26.640819556100801 86.022177426944040 97.142261928451575 50.507746488282280 92.242342558562171 78.724021826257911 49.557394422438229 36.076504677407925 62.727291463896229 66.713752748699648 41.751616802893899 68.937840217809025 4.725314411414205 64.857596907916815 36.842300751764988 99.685897562590014 85.260689590520329 45.385691043752608 95.547713916718564 33.321618752803175 48.022710934755061 35.130207886398281 98.189335742967657 93.944570882801742 86.263508502088783 68.582346020604660 50.627293349520876 30.410091414928552 42.094300427306010 18.595827028953650 36.365732140388630 75.820077288563098 82.430199488861064 55.602631565699348 13.553612487111844 24.432241816154011 8.856828104626501 7.737457955505123 90.307460653218214 25.765430221333862 6.781503642945386 23.133860205182998 95.323188436915942 34.052621320137398 53.614668160459289 27.843579605980327 77.818071306217178 72.535544200765173 83.985549707412488 21.221174697886546 90.322156458511074 13.149990765453312 80.986322376438281 63.925834088083668 8.752905124089338 72.714525776149145 61.473185010875206 78.670757142296083
51.268643458244114 47.255902967052585 5.090908715730391 30.486041927490316 96.737394369919500 48.679519987887851 55.556585320595765 6.839272855338896 31.158240605658026 85.994959602190562 82.175138197346598 1.122684869219359 4.336384437827990 46.004236301579780 17.626752656436430 82.681844992256060 17.494531251367697 63.733248137448449 99.367238949736347 72.943389387365997 26.091931428538018 43.324135920865913 83.365046285704736 61.306485619685304 87.056074848364858 94.770351018727567 18.444766848821679 28.555978869054634 34.949823812028960 53.917636888976205 79.524794430253550 89.924760529430912 16.877956929982997 63.860130976375132 52.991697610730661 52.180627497393452 82.038621241467041 16.975336304619905 58.574939224360357 60.167161793697531 31.498403040532676 3.654245745228568 21.158757144781969 76.618033671444834 86.807654782609902 94.249015991570587 64.158134810541213 57.897553499420148 18.583696004900208 58.996843024773973 59.326331604802853 39.020074478021094 86.082212272324782 2.213230737929073 74.347485530162473 73.764727785893498 60.324219912830124 6.480073594624325 78.033750834214970 42.811098778151603 21.743332146505889 94.801971939326748 23.147227136019222 82.661598662657937 18.178142324524750 77.460068064118687 62.087483452436032 7.119876181468154 20.108038731458468 67.547570680858399 14.142462532812072 92.642929538753918 26.738168928057572 10.544541190818645 53.183081738296003 54.540394564412153 86.525426902260037 94.755439499891907 98.547028156975841 1.179938808681069 40.735258193685439 23.755907703127612 86.468836142620447 41.456317562493048 83.186097672971698 63.497411720592133 54.446493150437234 77.721557336664404 98.432365073191917 48.853425863301638 40.543615251811040 92.421965212675133 35.223286890158256 85.479329195656987 80.636843981204763 98.410370401988487 69.594528494682280 24.628367485160364 65.630091183715095 24.293209117366665 2.985784102326672 97.916471637464383 55.129287496004288 83.405353536874685 90.268014126396039 2.625081231771886 15.764996392029317 41.290489347689586 13.400311719484447 34.813738983611366 94.991516762840135 22.484604536406739 79.677334743877168 29.979424644039419 16.937148031886895 20.165417360936033 79.652492769242301 39.017724421819075 65.616034781663004 37.915444840198063 92.529853627285519 55.526508819388212 37.649420233113787 46.133976527501396 73.744076977469504 85.076417842431894 16.020219716255301 48.592796546122599 1.473340875882767 91.479212063264342 93.684298817955622 29.881925427586953 24.006377816099711 96.604588847080947 96.585906007308807 20.564837022253890 90.146314421839080 28.379791304614667 65.281807006544298 96.317076839123843 89.819250659057246 91.928029719791894 32.771027606347594 58.677914320755455 58.338947124330979 45.207058255300780 82.479039752917018 27.688052562877562 7.845829595916931 72.865229637490486 17.605722932988289 6.098626463258006 71.000796460450914 52.911712529813869 59.490110496051017 19.382800432782599 64.745372401488936 5.410338755326993 66.149559509549306 23.549572659638695 10.016147678325282 4.657223378983288 84.560526290274638 95.256671645262116 39.231665550240891 39.952708132227755 85.744172774938903 72.593290644705505 47.365742855300198 25.521561113618553 53.208737665943183 69.459742302683381 29.670471774282326 43.560340374263021 57.794713349329584 30.627464278109649 86.692664871308651 26.047691772958725 18.220302692454037 11.531882874054578 33.599052834557099 0.958410950049482 18.206246741179100 63.663316024398164 23.750782234789181 99.653465119441705 63.956524344776177 24.710360428934642 8.859991790896748 19.526870300135268 6.605644088283269 17.496304060080938 67.263641184964257 60.875258976248034 99.023875977938900 55.154965867841923 95.460695963275896 66.193325955069653 96.819584241701548 28.662024960680156
55.142689838803292 26.036939912586011 45.473179316241527 48.763171680372473 85.393212565013030 50.292809005809616 26.481874115283986 49.694019912466679 97.316152709332940 54.286860827024817 72.285814986042979 31.910019982855410 66.506150911168959 66.958865458364173 8.110442299758846 73.545813896022253 42.341875871977230 97.876220085408519 26.639014250466698 11.458813153536884 35.291410263305458 15.309919835237473 52.840566737973994 76.083785568800295 19.130324668223132 97.794907526723023 51.746336007298879 3.683592506731781 33.931613924228579 40.242793911026794 82.757790748886634 30.953229802296377 79.193454095838916 98.700506952745897 93.524131166790681 32.991296007806135 65.972617513641381 20.912493141380338 67.171634682638171 41.047572144085997 72.611848528824837 5.843068175395816 3.078016644447057 40.324447872607294 88.174405164684700 32.866357203851869 33.338593047336687 76.116907159570374 53.103882326123752 72.611802939769760 2.652295843081665 69.190565711561874 9.383554904386282 93.469644439256740 47.515625536835557 7.356607096211998 93.815069576830055 46.239815137852680 19.215851013988960 84.329758678981662 40.032605825971736 58.602928876690164 46.300059759524693 18.947757305106727 11.413641289367128 12.040795031060835 31.479089828843165 20.153613785354686 90.766966383030351 5.706862430588133 91.947640988337071 50.451940166921204 99.390623230034123 87.602450404483392 12.588909701277862 79.828684923179594 74.657443134932350 37.747584996114405 58.190079763832692 97.492600634379315 46.670871522754375 25.258560479957371 19.005630498627969 24.068616768437355 61.174499684202978 81.472279825986703 11.288659868539463 43.261090723812664 9.621278031769476 95.316794636718086 71.526693806124811 6.080788005511595 85.395944025533765 55.110640581313696 97.706193695330569 20.833666787027049 38.750466526749264 25.808102823664903 42.576594851946240 18.570309851649103 37.309766237607874 95.064308811208662 50.094049575018232 15.665733535513382 28.320239693689619 80.572271332872873 6.681876620871241 45.420046513616676 32.364473486076193 44.064810910146768 34.446189672605776 53.274723877213390 27.348783166658009 54.390013874434871 49.993918518823179 24.982447441889288 89.810088320641881 35.207504636786624 97.439255846622430 36.005263979109792 60.307468515494399 79.000464583429093 74.374800530060256 26.189357681512526 2.097654414541950 40.272189601185929 55.937125150942833 52.500752855641018 96.383387017353854 6.749467287283972 1.894374485724970 76.455607071721090 99.904083173186962 77.908864316474506 20.571184321743065 70.355548867932640 82.495608437760723 86.603267545439834 54.387267324968249 92.043428431361875 34.779834710613336 96.917293755821063 7.491015244166299 89.422901114487701 49.153010989605427 49.735771421907025 47.524704731450932 45.274190989977335 61.243250119319150 26.445788301152572 61.923509076813779 0.775997863913835 9.685769128920063 69.101558025261951 87.972789661716817 13.536037201899109 83.282816877084514 34.909762292878646 99.082186421277669 15.926700604441502 56.639665892637247 4.712400743939982 26.699894950711677 79.450874943424324 78.368526549790801 31.271678964413528 73.384963633864743 3.123463193319320 45.564416928141974 57.020324644649932 28.635211984657527 43.962216760574336 8.672703100737579 70.262509353864118 30.331499564410457 66.894273063334225 37.948253951608926 70.393557999537066 93.071228345240442 32.060700390701200 59.124576432032427 48.050865688550729 18.482618253097314 84.499847136919371 77.716112066583108 90.950656225994848 22.763646184255968 78.478824401047333 12.004862225496272 54.960625242450689 72.906728987247277 84.730813187859553 38.523090585753508 88.673545691530961 11.861203499307372 41.815202536603572 52.130376137710911 88.550891698740202 8.540627968967895 95.830809899352829
83.521279902467597 50.728541650449607 91.588430542282566 67.731114385201451 14.501373352266922 21.761208514529184 16.754589643985774 26.980670443987808 57.142505366166638 97.912500525646976 89.213735996349840 89.788303745978993 51.451627064074280 46.435034966769372 38.925720796452353 50.340254972723585 38.612787237816349 86.707103753225354 29.426040789975026 51.821279407312190 76.622995585361963 49.732257330650619 55.008652207693402 45.786815607023243 68.442351289160584 62.046582844962174 8.118679572614006 63.774958142819685 50.533927075414411 74.178805220474558 71.864856181769483 27.598957305340999 91.890486998048772 52.610127517706594 10.298413968314025 80.665103335730066 94.906414768677223 25.658961635443411 5.776234832038019 71.305145741219661 75.200237333038928 19.931601689880786 22.271327403774222 13.306777278299720 88.748636504937366 10.568101346187952 55.129013346979129 65.137455547460092 67.698976281647035 61.911330705472267 72.531561965562474 99.663808789277269 3.172406265784822 24.177722604060182 34.209791578199813 89.653509336081655 96.160926950561844 12.648462152229145 66.628668481837138 88.490072526607264 7.251938287523140 47.981777844102325 85.441296241707903 13.279667068591960 94.112747265767567 64.659248592798576 97.120323524621028 13.577558946516122 10.688328416103799 28.389252618959425 76.827440225536108 52.055356174381814 81.572316072471068 57.931203997561688 30.520428522842614 77.514099333256496 2.843371878046119 59.462106856280798 59.585388337129594 89.618507748338459 19.704203237314598 77.669557358616174 71.251691080546451 22.893393395629282 26.264635097226620 14.740531134915502 63.176388690158824 50.509122513854891 81.171919487594678 80.511024584244595 15.648497307057440 52.948969211514694 8.904190387286992 53.336930467014774 9.388183305875920 64.392124390297809 35.150532606746800 82.693992725952853 30.725655611002878 7.895652106222428 80.140773453999856 65.553011003369150 87.054348204819959 65.001590279657393 16.541188883760082 42.235049632888852 79.878026721862355 83.818485260367126 84.748461907198489 54.679931114756727 21.458890284534103 23.810278543450913 75.104256233484975 59.454980202499556 86.714996780986951 37.980844673448779 49.541283777529934 3.485156202216466 17.964261575127527 89.275515620039840 90.341937884067264 89.618627993008076 64.112249300300320 99.328670092575322 84.939216210023886 48.572947240433038 30.932024141007865 9.705880849660408 10.143609026333756 74.955275714121711 23.630779901362963 38.836644022218081 8.346651858179410 6.516284544671391 94.495374986173218 25.605278203227034 65.815600752086752 1.372767613768922 73.202784188105937 32.157135491636893 11.941352323477828 22.250275037989564 29.937498132906505 33.980831622984056 90.379068288029757 17.576487487478509 38.694937566699551 59.560755606161678 6.447711567985381 27.558100932318798 7.608705209358058 59.606494385567302 57.361127827055739 2.621751459502286 5.613260283544808 86.765544342757721 21.577808869290628 15.013444986937607 31.986727882742404 33.949379964187720 15.207461640031516 19.832696547165241 48.187710579631741 46.453948699757433 17.806081674265773 5.986562872157863 27.430229093478676 72.147600090378475 13.440591697402503 59.381292137444461 73.870097964305401 97.658749023960709 38.775316224616155 88.737265018792328 49.128464086328016 62.505256789104060 85.571657637132901 60.667202003396817 62.036818183105915 7.553666076395249 19.513864906672229 34.211335942115049 80.526551198265111 93.108629915428480 61.012910552786451 9.135266511673979 73.066286929350014 62.050351498868395 42.928174634721316 38.605795861605642 33.353988913448205 76.720201318523891 18.302555653590737 72.217510057490315 58.887087481024814 95.859273512277213 31.872384913740181 99.040959760613674 59.050930714417305 83.654971145853438
86.109967881506620 6.914304637055690 20.854628338557312 21.628101969171897 91.019357115102068 48.987735730727813 82.967961465494781 43.646359123506727 62.067926595960230 22.211365158004991 63.396656511070447 85.799692773066056 17.693645127935444 54.793386398883435 99.208606728754418 73.849909892852793 99.769651801551163 24.871488655361283 38.891017868529353 81.567906248752863 69.413823029990496 71.361155435675144 41.171862265095541 73.392800137346626 39.612862193580725 31.968938304963167 32.950357757385497 91.002543098023864 42.811088748692036 86.457498394719153 85.404223790351466 42.823318053899449 39.090008961322084 51.119525270262301 29.758695521437851 77.464853882098922 18.586779422199339 58.780114203739167 16.848834941285684 95.606408189930306 87.990746937925934 80.227173252511918 83.666835227250118 29.604273833062102 94.335780308422542 61.794286965790100 98.080785381957099 78.264170940449745 16.214609077906584 58.925383021005558 26.799144476452629 53.601154655317082 95.904995139408499 94.059820935379804 5.615972224497135 29.176503750117565 58.852484241200223 7.216704553858744 40.950055757042804 43.487314498835971 28.725531639464730 60.478829271860924 7.810297735437588 57.792589644981284 94.495784538955860 20.760703388357548 47.496753135493520 55.956991420970802 43.716840790859713 24.544172368132223 84.424784352369329 8.307878860419438 25.336314348578814 0.663705470841658 54.121988257067763 22.463923083344927 69.535021095252830 88.058241061814869 98.765461471850173 86.361693340422889 74.032986134149553 44.175563370064687 50.228351119322745 89.398023250132155 89.484358065245857 56.018340976378802 64.551942359713252 5.757506916787902 67.905694629901333 35.290652799343356 14.594121628605560 20.448093543319079 6.829850476387922 65.721694555232943 78.437053603822548 79.225722937958594 14.057004125632400 97.353298428810248 68.737483900068725 63.032794986916429 29.318345826226423 89.065221936814083 26.327957561015502 30.926747039962020 8.328035140457446 35.710698835512723 98.304424938663445 84.174470968784348 49.596847543041690 28.652126076974650 76.665864648598713 66.188595037122695 68.648274667822733 8.314538939613703 85.361994339847939 67.389538429195824 60.093386485406320 35.313266286550224 57.557940195601923 96.426812299909628 73.428289557677260 67.804140093800399 39.369390958544649 58.413698448150107 50.937617895060704 31.616835716167969 30.877749345441220 84.232751015370994 54.320915467454320 12.731877925139635 9.771004934222793 59.214553238915691 59.291066300119269 56.106926610723399 54.143382058650602 43.636150097577797 58.860423614793234 21.221425275287586 61.482714975080377 45.904394925048976 89.874402843594083 83.182962090516881 37.337684678394275 9.788088313448585 90.263106720544883 64.296838903221825 96.088953961733054 88.215758069774594 86.901259633655883 22.123640922672994 53.153421063383952 27.258685661577097 81.828471303537029 79.858793635782305 25.505877753838945 35.226470537441593 91.497047406666297 87.585323178657220 14.687633998373284 18.451369799399409 16.545430878814049 50.477419487194219 28.568227461178175 66.618855987308052 43.717203857622799 55.729736126359363 29.852093157157778 93.252191059599141 94.718149303799777 98.634595636725138 71.430945303178135 27.779391687959532 38.710463275546701 13.121056973697032 98.468903901719827 97.325750173045151 95.465581878429845 98.702266268630623 59.220892100131437 37.445291722126349 12.125929338964070 60.421252125158517 37.363203739818310 67.295965183132793 4.193080340604016 61.061919849277189 35.407317767116844 90.456414304066286 99.855385122938245 74.311379523675313 49.193186674483435 90.181240187655675 43.958197094563054 51.708801317648692 38.474384076900868 97.646312506360104 39.277678251132656 70.178648349951189 25.292695226476724 7.925765216260339
2.558680454388751 66.006472889258049 35.486163992900153 43.156115116630325 6.111083878236235 13.085527121977814 21.693857947411722 55.417572310439397 78.508569933557737 32.374780023235381 97.027808738101285 66.390805146857161 29.318877431646595 96.274450129128951 91.998688222625887 61.942164253787745 95.599400273345339 32.414403501959107 41.304288455521863 60.561360970042102 3.553862088946957 58.002636562071373 25.198900760384348 72.042949194157544 11.036636173290827 92.096079473291866 56.217657874062979 21.166123127660686 63.322862968273320 72.753769217250891 65.240610400823613 90.432312309716309 18.885571652626474 94.423636090765882 3.946280291114246 21.921032747870541 65.575869941674512 83.399399917524946 13.870927296561286 46.256923674104947 36.844786191164303 78.318158145952282 67.351401575291163 52.294888765257241 84.519228371984454 52.757331153033995 48.054826347214686 49.243492447722517 57.398313773686958 62.257890524950653 68.470720088056112 92.363548112727386 87.436642912120647 76.212275399931855 29.331469910550279 16.256187394075326 69.852941498972839 56.508612422394656 16.657918892083135 7.882548550617430 6.232241338724565 1.925412567218920 7.363590444356416 25.290894502701601 19.769080822794539 57.255506332544947 6.174446051062366 14.158749567654505 3.958927593282613 7.967588972495276 64.578466187631975 0.959800085895035 17.936441090925904 8.117690514294107 59.398296841695206 69.267582556742411 63.678800659387647 66.491499618518716 61.128294283754144 81.218582840340176 42.787609286614369 71.458872462835856 52.645052138144287 25.240757461743122 42.357321402604889 44.913514752690986 63.359580599209664 42.927178772580696 26.577935566480836 40.229903739827662 37.295496334131371 10.905806975175613 68.596403650697340 94.616298801282056 47.252370561296118 20.416216093687321 71.043292045293711 62.379274843347531 1.779311957384666 98.320970479890534 93.063817076878550 91.651349540198353 49.928422490830194 83.330445452310187 6.947307211532006 92.579761839112123 90.465564686011874 49.579437000485825 48.454800970299580 61.441026326293247 80.451651595609064 38.080290390898398 73.319640836673528 49.291328287877725 56.248496072336273 72.304112883282556 24.944779747404123 70.273421188738951 76.483308325300058 59.467802571426830 59.087621164095196 0.934012018051678 10.164934812562631 38.367705462861188 88.426458062065578 42.126524399937473 0.050214162159012 25.566705018979242 18.449034540471843 34.244923822578009 47.780859735118476 43.369093873683674 34.341943172571007 10.319250905622447 96.169449579655080 66.192990149909321 64.560871660413341 35.159419361173185 68.480405159751939 65.361250732550118 68.866887059623565 89.277512206012162 48.740077238999781 1.626511663425168 36.969167842208940 73.240544995700276 13.019540348896207 58.422192702327216 0.227812534875993 71.838447527623245 51.471293932820686 33.385025043478556 68.714980046774983 94.379005175546624 30.068706275094804 34.233087211721347 11.477990982261510 87.892926235524513 96.153750215918237 42.703780081612329 18.718088261074861 53.654441012279349 69.236368974017765 15.493250255021296 15.247013451341241 32.593511275492915 80.475277042725835 8.413710976785381 95.666794332397515 98.390875008174078 92.518043809418046 32.074717119296594 91.912456635831603 67.738526501581035 52.814385046979261 58.458560236179125 56.137626179655356 91.506344738040056 22.728667523951039 66.021065415657915 68.689418237561057 55.483365191301893 69.345531305644698 35.828384053671527 65.924398107214444 10.655940451950185 72.924891473912183 95.218524254737318 50.291367600798054 22.147854058704063 26.108597740666418 88.053022849520019 70.877809751607018 77.576725774512411 14.870698896655332 22.072958549688092 30.512640951959511 16.758424296109908 10.826349968633142 50.977513831964714
20.814914848179843 99.042308258295179 56.916658623934083 4.233732086578423 88.399714264709004 21.212783711943661 57.863432013905467 69.021219139995125 13.141291582935121 4.574216383262808 44.091571426603068 58.463151230990938 75.347428023717171 59.794446554808466 81.688828233331762 72.198408577750769 69.070692900168254 6.482997396288138 88.638918553069672 67.318080919089894 91.194623479843600 96.080762060821939 96.137011460965610 57.722936634092015 49.002798761424991 67.182837867043816 29.746587024274806 97.966527174407858 24.176317717241947 1.453008248132659 86.222280224133343 36.572831627868062 17.083859934340783 40.467926911171062 7.408046517148826 49.688829240715080 63.715214153037344 38.725068324196009 21.161576381705892 33.952641899641414 70.633173301048387 94.418558778009611 41.388269909925022 81.591677014945162 19.010791921816271 39.796414653430709 92.855559075566745 33.965348404204001 93.023610275008181 15.041724544154345 85.641376702075078 9.528920642005122 48.759206612415710 24.655404104498302 59.747494953154202 61.467773705281815 45.477110761614028 3.891345048666739 48.169984222112049 79.570416974076707 56.872293594133438 5.008843187142409 67.487942659043227 2.480534433483805 53.520556275470135 29.510930089169353 32.213396615830383 55.080717955561056 63.402075956170187 72.137445803529957 43.044283440789584 73.402943616352047 42.118781729483324 67.700599797204774 46.132317913382678 22.427692427527258 43.449233090644377 20.254491359083950 52.623851007187298 39.582190779470238 87.910021499654974 9.355171213092273 54.612322054993200 21.516111668688609 31.473166910307192 74.370084754337697 28.730533066220222 80.189138718238610 31.584687578308078 28.590623773881362 75.951390420752205 27.094092634240020 4.267616896838344 59.312797629574433 83.105249924270282 61.530882014466158 55.396649131454843 98.005828385746369 70.554142972947403 55.589186013763189 54.378502333580634 95.485651556138023 84.569927568860081 87.012554571508517 88.332313204454508 32.841175190804762 12.393981534630139 41.666627625073296 45.836958962302312 20.200866419051554 94.276218163503529 70.409893915203497 16.664419519585948 44.589180245780689 47.238761189152143 43.632170355847144 35.374802530860606 93.800930554686019 0.393607816701114 83.155512591342116 62.219913559496085 74.341107991138216 44.110299173334923 26.590399759456329 49.321237642625604 12.446860697167505 44.773226035788248 45.842343327406589 75.344333000312702 70.187020676739664 31.475849869539097 37.234677202717450 24.179777286644622 8.071105521678913 86.211148617480276 16.701265195731420 28.107194185600648 13.142042004733545 10.198011586038557 26.541480954108131 74.922115571193075 88.319925725706824 69.068594524729406 92.489088559495684 97.823684188025069 72.563005073667725 58.349345695674323 99.204269489575637 94.676720651054310 17.581356379298040 49.075831144609282 24.483034430405826 52.876301379140159 65.891939919606685 68.805140111399126 46.410144343432535 84.418180315517347 80.880100473215833 5.186299947067985 90.874131658790617 53.684680147378529 82.772983801648877 69.197526994744791 64.961874380432889 94.746441265935147 64.383280895141610 61.441455774843753 90.642366776775916 52.187449869246350 1.223547703841743 94.493784546845120 97.855046362092864 65.159464839047402 18.511545955427600 94.304207500195673 96.276403035658973 81.498140169775908 68.098863958100836 27.236636168556771 1.808852783977166 8.904044766883812 55.883823950778414 5.749422313511321 71.903727464478976 42.245263634728744 5.777555836935322 37.122153061856814 54.589075672297838 54.573631675474701 52.808803936071357 23.737876004218872 51.883259283075603 34.215365745698698 12.600092451615186 76.314644205263193 91.761869271758115 28.657771089338247 28.110324524312048 52.587932475857926 71.027610804324766
73.438565025158169 92.091339782289552 48.322361287712745 49.132314204443105 22.031048741985327 79.408885097307305 16.044319997834101 96.963689131596993 73.314243728312405 56.522243115812110 46.010051718858016 46.644382048706682 3.094261113081298 80.515875724553837 36.701289743448825 53.357698252212856 40.646932780353218 52.047184077759034 41.665270511793182 6.425820196739041 97.977296023927209 6.486298597799700 14.390881827750890 7.093206598224134 12.309658288575953 81.588403818142552 3.230191196488796 8.431699842587603 91.929840845604517 66.119813031113353 61.103341734580276 68.334983541391509 43.575774089096051 43.471067892159596 21.237139918026038 57.320572673293192 52.447105553925077 85.636120609768085 86.582081364562185 44.822378592350901 12.783353007220288 12.713675606864816 81.053049182271636 74.392128858602462 36.856001755512537 8.379409907086078 83.435277304349199 53.523829713904334 48.699751091935347 56.126037178232458 36.489860741599159 86.251282776168807 89.855610883685770 15.612867937990927 97.651124946209322 23.575939417738446 29.641751396430806 73.512425747725700 63.062865068855956 6.813943264404476 15.116568859975487 38.255931366173947 76.122786954518290 99.459612486798449 84.515071634591749 92.462147835818797 27.701169106821698 16.844526719645724 33.132540000930469 53.781643504720691 71.942382905547404 65.644600166947740 8.225899927976277 13.088161802416332 48.792333778745778 71.687930815114782 83.970734291037644 83.448704771435416 89.385815625424698 85.639223643972542 28.257077559858644 17.445264885117041 84.304721647968790 9.610498980888149 99.304731809397566 79.291861877232776 67.997978037281428 74.106585990628460 97.920645481348487 44.580121802416528 85.221708693139803 60.885871536927475 43.592890447392342 43.462720349991748 92.194142313381704 78.882079255905282 66.673316448553464 47.453443085533465 27.561688871509993 38.373150118108214 49.081940969965117 87.048124209811775 20.746263077594442 76.070594136230568 38.055897237831736 53.245805397083210 34.336408167868747 68.828811605800325 60.903069785571539 10.150070318636706 19.169747530665195 71.059190258600452 60.648199465763227 43.502084282539400 27.398822655256126 32.410524247659332 69.817422728222283 61.947200218299500 92.197895809139595 7.179036161391473 14.564652635968333 42.427538126727214 0.252632918424622 8.605739934286804 70.325046636201478 52.078652388751564 53.967948264794515 64.757311209485664 66.118532803309179 17.194290074734653 64.792074947893710 70.827120878295574 63.758285750459940 87.515715541817613 3.694485682913362 75.265303465099649 80.667400585061685 32.011941880993220 1.768693623959217 94.571909627454701 88.529177167669374 36.334039263849192 65.232841056092909 49.350381685799825 7.400295716142768 92.596130476453325 68.816522020189879 39.737063417660089 3.028200222295874 57.142430523706203 12.624251892404592 54.415085082581648 59.879229658904990 29.997077957918460 53.193151029086373 95.362570910059816 72.249985800018720 28.323882541681090 51.804558573463645 36.972050348661320 0.335843436395544 25.209413994152996 57.032804231389569 94.691083790803958 14.819272440871723 55.165500717604779 47.128456802510222 19.782211340537692 76.629855286814760 98.677340097505279 20.706248975997088 43.378338655130356 52.589508496149904 0.269013204588298 92.463032763160854 86.100080112326822 0.479193599064909 43.479358268332312 44.512547645200883 21.498874863423367 67.021985653942536 4.557768307239984 15.409267672914273 22.075096355865721 49.917637068346977 43.555821276831750 29.096483249669824 75.117368591530720 63.790668834997092 54.582908610454993 37.596370298651330 3.775329505289193 43.818692371554988 27.066853684706928 72.913423730527541 34.241391335158845 2.761188188882513 73.065360114830540 45.824425901394029 79.076646997505108
37.603039767641697 66.341005055123887 78.816050994432416 30.987302144538631 99.196153189119983 20.445387594882892 9.633947639270769 37.298854288867176 63.452124945070253 56.907148006402565 85.267630221220344 27.783307135167746 88.285297741444666 23.710392846424423 10.409230650042945 36.926400495708201 22.038657942293160 39.463758573537646 33.657258154423545 36.227322401308939 85.892792044321936 71.090157771783055 88.215388694814578 10.180704498787174 72.699875604991618 86.662379835978541 51.682319577993816 87.217039949864699 71.398300126734043 58.446782284368545 65.832729709455023 43.334680425343578 34.928593597265532 43.137139888145150 95.793034805976589 94.271026932501172 35.769733122999803 99.518608798566163 59.331834251994508 25.777618142956381 15.944434747505943 32.498242258393070 2.649958345936876 71.944719904016736 7.755211072657819 5.916699059178587 13.841828392021194 79.287356154471794 23.317137692519708 93.223949135945105 52.536227106715792 84.237504361112798 66.535172361062905 59.519965152485774 79.223772449870694 67.780494221216003 21.106592128897660 94.950755188624584 40.729799488674409 27.005731930533695 85.373510544046994 28.698298017841950 57.476237900084435 88.682984845473698 97.851369347678073 18.816474212029789 28.824921537073468 30.879706139174701 59.337967161302394 63.710649370471373 53.978562866368009 83.899591142391301 66.947125280622188 57.374957896531640 29.187942170959001 7.067638941691811 91.711849624061188 83.328889273922982 80.397516180930566 13.181743558863490 8.033764169525126 46.088285212202642 97.207564330442395 46.924661361722556 7.786994621224985 30.288292161654663 35.848923191790149 16.886066455757376 65.810732710281030 36.917471493028806 23.781479305926069 72.881202389252238 51.041054186227221 72.078336216488253 56.303872246673322 7.473535515773843 77.292819810765138 28.866592168883454 40.958374203730266 48.735839199066952 74.089706788397464 11.530071333529591 80.493511470507414 93.452077074882183 29.711293701157025 10.460327550465376 17.658699909655319 39.498687416518983 38.380443600709299 58.709958161431295 2.970497091826252 89.014983318716489 17.498157182045414 59.858731483507611 59.656423478253998 21.703595341022787 61.293823691452317 99.244531644447591 30.387810185563570 16.998665505314836 68.225071247553842 98.638922200147050 85.274300215963706 17.480356082952163 38.802287639739454 66.623581126233233 85.168902043296214 9.730790648888066 24.095062892942686 63.977124495950996 46.787979873282580 38.311549474461536 74.676612218930487 81.252288190932973 43.482776245905427 16.059758473317810 98.455644678509103 19.966185399445212 34.225327424049169 85.634026272279428 80.785364413276014 0.071866310858970 87.121689971510747 5.973098720247316 54.273156926718244 61.303212205032679 64.977025616771428 27.773731150559080 59.668298125403552 28.028802237259633 63.383863328924960 31.778210723474942 39.482178535820843 71.956649002487566 19.469279797971637 99.904603421966200 82.860879651153297 95.277436194718689 75.997615530236502 54.325891832929251 40.051970145536522 51.553060018203212 0.661804513707309 37.988859724962595 83.792646138892195 66.079059347365174 59.824130356927711 92.273530543095504 25.560851687371688 88.055714547280829 14.619746223503082 55.139805408542266 59.955760511458031 47.733498136595962 42.889073603203911 1.693912756118299 47.679448062602759 4.206489455705709 44.137870353395449 5.428053244249464 49.793764958273968 46.150367860201179 89.579187145324923 28.817644356958983 22.720967970525209 56.947402299560579 19.344177277495302 43.645906192334152 79.231430605375465 66.161859546239839 69.581106265842010 77.525494786744758 12.882924502031734 2.596604671883429 2.112850677504952 10.262169820669499 52.675625704568716 64.747129631649543 76.498869811778675 86.074496545670371
12.656357574245657 46.380494961415721 95.628343016391383 95.231447010409582 49.239522274528014 19.101270169506801 91.791862023066912 80.714889234747631 82.496059421830054 36.814990660554678 97.789877809874199 28.344719255946803 92.771756526921706 22.739454845926133 40.877660921809230 12.178703429131909 59.149187659157207 8.753627562596888 12.551656823088496 30.608282615405091 27.336435309742701 1.104306830122925 11.031886509562172 24.056632626486042 74.097486626089491 64.266518478336920 68.658206651741082 9.427113383497277 34.496091727899334 56.965102395147426 66.605411052322239 44.669103166367449 34.816213656442422 93.770523139796097 43.114770245345738 78.557643267952741 6.448698887577531 8.635622407571597 93.791986257941744 1.691242787274672 24.491709503239033 60.633320487357814 72.195517734375699 50.550327112000062 25.517934483333025 54.560076057981234 5.551071513573458 79.145759588219818 24.460600601714155 73.440544921469709 41.320202566646977 65.775860337715429 99.156221915448299 62.380464904414026 85.400490410559200 15.519666141263322 26.761689769342777 4.788428040693004 29.136428628262124 42.078847085444991 81.791798310775761 20.999289232944363 74.720577534402253 38.995863993757972 9.247495852860643 52.915165469491058 88.511679383357830 63.801316283991291 82.423111206260444 78.680282451359545 72.416309591024842 0.296036310964831 3.219901903292166 23.526942959543707 59.246335023001620 80.817464186902228 98.087617216809349 85.521541196863211 18.239088012090733 70.993519715242002 45.421912231650566 11.338573507621675 96.427940596088050 82.202112819817984 31.491411874026699 13.672393112107351 4.618220797782957 19.810602898511419 76.421515007862126 4.441218301222905 56.301875141711747 50.877770083728727 29.163948769532631 0.989641100939931 70.323098322167994 73.927110661349175 56.904896353511823 51.625743200955576 91.559422223709788 90.206685940060453 2.089849824631562 98.226214260135919 35.034848656916154 36.319378907821076 65.463949050400956 10.252908601167166 41.540403571711806 38.462554280639317 71.258942772899616 82.100773911692499 21.712472074098820 80.167719075358008 66.819024086574416 83.732079495648577 62.288747003994636 76.855624321317705 89.923130658541652 80.485080956988170 63.150801969207905 66.789562905408999 80.502412675948591 17.540230959211435 42.671132885096611 86.731344756189486 18.862161145199007 95.996844445116992 75.277008534856051 1.572143748873123 76.149897956524839 86.418219344574453 1.558838858433509 53.000343248120664 67.181838225183625 63.372944982166231 46.293637279350975 45.160323155037460 9.961170784152152 8.454878347478079 82.122794217745991 17.535838747506382 8.834309148291908 55.466154791040381 26.383318179165784 0.074970243789652 36.094078071862391 92.554961323301157 73.069393857557046 40.867029019189481 58.040685050483674 37.041587298547149 14.979154192932809 29.219445207730931 18.064384399485121 53.369540592617923 90.220788617177433 67.081168226432496 68.255334986833631 45.609172868031166 55.117685887065640 48.200843659616730 58.326759163144473 40.304627603897003 19.937714961893594 96.684322413422862 20.237921006756942 10.638518663845852 15.276453114803957 57.046917771522502 1.010001416259776 34.357612021942828 10.974457367442703 3.228902535120781 28.044317722622893 84.707410021108217 25.928927226720976 60.511758533335602 59.481756370004149 24.121932617489005 59.236700036374209 93.177230949267752 45.040274623674279 70.261964886813260 10.237186132547183 63.946974035922509 69.637850725690086 11.670232390291247 79.591178841152100 90.937927215666718 38.109538188742597 52.977148705594033 23.789489342159452 66.453917496677818 13.015169742955923 52.891300693094415 18.333181036434976 51.447831603524797 54.559359967378384 26.170963745890184 42.266291746654453 85.043911124746430
40.774450210888958 0.223450016089977 20.395780931730812 32.789125170826907 82.953904450157438 13.851249042699399 83.656806558651667 54.005900331446114 0.544019783960326 53.435520730911513 74.675088772950062 88.749003563782921 91.693420627726326 17.979943140340438 62.232498489986618 42.965222972024463 66.945499038928517 50.785619161604025 77.407993451103110 11.200978535454142 53.508856948016692 84.410204400818031 93.698841913698246 64.510447262964348 17.396838744452271 87.203112854173497 83.390518077964884 67.052525582115607 74.616774438322395 46.710933239436017 58.788607893582402 77.740049919365489 29.422348944742339 27.866049591391452 39.131320121365242 68.267772378730101 9.813894902167364 52.299345670119543 42.788343690977939 68.625240194281091 26.174485502351430 22.846170901614215 28.583464975087260 7.223793531845624 17.117936052839145 94.767355219847531 39.657656329438481 33.915670397985856 80.768466735473382 0.997881045528393 19.502866424523468 22.333336205851808 24.821584557787645 36.433089118364670 57.141261595116745 72.200435642947255 95.188417051710900 80.126769699917759 73.991876047634932 34.825152536456869 87.708507460023583 69.098336306285049 80.723420152997790 32.643152889269444 13.580160781530493 93.882278642414832 53.259830023562550 24.247122123086442 7.671613757287876 13.593942712228646 18.806617683386364 16.579081994285549 56.492015786932335 73.818437564849731 48.379053055666034 78.422855895507340 39.660439112312105 48.868756094025237 40.655906571319456 42.614230858773453 47.529672227371435 11.065783047361633 2.237480900400612 2.675156223191855 46.302718688549369 0.841516388528607 19.314452424613503 77.735126006767203 61.103833761285351 27.924818759576475 95.960477605772184 75.439720785287733 32.844640468868434 24.591402232668912 89.023140509170844 48.424698154079934 24.741544447281683 19.205522958028020 41.037487763632782 93.640557443434517 30.025769541182047 37.062055448459184 60.801194931112668 48.094108345631007 26.375092423964798 38.494917795143337 98.345970808046999 23.406145742497330 63.061665601783986 89.160990041637177 37.829282840937104 45.119308320102604 51.500904087950715 98.184230945786950 22.273660089563396 90.472495173394435 95.448770434833989 37.216309924203742 36.681738921154462 71.918564900602874 99.668003902268879 23.912011796446198 20.716290259452276 86.722860528107276 59.504441546874652 50.258503044568826 85.298407730726311 31.319845209962683 3.394255160603554 54.814418709157344 53.117818221848836 32.260642703420814 11.412308406777028 15.034030900231732 27.115734920335179 76.954728641995089 2.712632860606312 14.040577493025786 90.199430781681116 18.483735760459730 80.342916644070485 37.529424251099620 66.823388524807541 23.728146593603249 81.807975123468523 3.347157752163255 25.555360093880118 47.905187941967874 21.671946192279577 7.444726602259388 14.998203186078229 52.469222688644813 62.472740346022789 27.796032939975422 97.027034813171326 62.007338654485430 70.297769470170124 41.266027055023550 50.454147559739759 78.986018464254101 49.430080749754836 29.322778680492512 32.591622362038272 44.878218640485358 48.479974600504882 48.085675787903362 75.643901949508290 28.278013111001066 88.066465934112912 53.682856072464411 71.340251932842051 20.490253720624128 54.618028395762423 24.071710091524977 43.248437038558961 73.487478614855092 77.744843273491639 19.562670020511430 86.961012280637533 20.988886951572649 38.454726333348553 77.535863105296855 11.406672620662262 52.015491415324099 84.042511862241170 83.889748823822643 56.362025662447969 43.456317504308949 84.910080703281039 93.843187985107733 97.572872727867221 82.479678585360688 52.976126966571925 97.698195901950953 16.074651621332091 51.642319801702605 90.683345692033981 99.086681927459296 67.446943323263966 92.118046724331833
60.216884971179127 91.849306739936765 8.611916956654886 46.449197640215104 89.300980167357864 35.107527488719484 63.348709192354136 33.054820241656714 67.138442442410110 14.856210560628625 99.875557256229726 70.354349145054556 49.716500792160559 55.500102577099256 18.510359705221070 5.782163062321466 92.632204878464506 78.511372380128989 82.620206142079212 22.526849834799066 45.686698729415284 61.352813184312282 22.327906709852662 0.449499715178725 33.557371168813162 84.449280745555143 36.792590851088967 56.690345846592848 27.067866146219444 42.728761664235471 23.841028856640666 57.574987974618622 54.892036207408367 52.807057978429029 19.574568158402684 31.012342594276344 78.317103760757661 12.970142804310091 39.483535860355360 76.491005059856448 94.728853223435323 83.368005045727713 71.308392786193735 42.307546907648806 48.021028836763946 82.893351066318360 61.281283857738586 28.332996124821562 57.292329609426318 61.269770012607196 85.139789945039340 22.792507833301457 39.504583056523344 39.801336868307338 30.162976646617036 30.421173609500840 15.706468580540845 82.346735041443267 96.705551330444749 55.073950054686968 94.007168593143504 17.961384678194349 84.972833954230026 58.933272126184441 75.742556734654784 71.727513242364566 49.442487313039173 14.993523547635112 61.889961084725464 20.754539258685099 53.717635046119725 32.449646001933708 69.101242046996873 65.667660325747406 61.921535800935978 75.402006564341818 50.450320104059486 73.281868547930912 87.203879948667790 84.999061034366235 80.804451926374142 31.422976204452869 50.294215307066139 88.442520427656660 68.490627623646887 42.206231203082176 67.171788373020988 57.860571039417430 23.107925056577251 39.153130421015469 95.946875419663286 99.413240034029101 52.807092478669013 88.488091848707825 32.523042554793236 38.124286969259792 85.190261866906354 17.905784002988202 89.115152219933250 68.207611334755299 16.648575308990377 20.463064224886018 13.193415000693577 62.349892311802513 60.465408898660989 83.835703964631605 14.743493443683386 10.646903252419026 38.002654445512320 39.886430030916976 85.918584845949624 41.711862434250492 39.470177821977458 69.698774905114021 37.981465339772846 64.923102488782135 50.897471822025388 56.195026585227282 42.380066547431447 95.974772753138026 52.938106683487533 81.724814241705971 83.923891148570846 30.539358372228698 60.181313724388694 64.680823101763039 17.534662266268398 13.578518835835895 69.218905543973918 57.191086732566767 51.736278651701106 9.485488300636359 71.847441853461575 53.381968116641190 71.999336596259681 80.799030955923669 21.591140128562536 14.734390641819795 94.899671252403778 91.276598401453441 39.437629927797190 12.778038119229418 97.595785351386780 64.276838676205685 31.653996027353713 21.510548462398116 46.076004437039174 9.602103910171312 58.055621060427598 84.999564403436153 1.013573005817858 6.471432682918365 22.077272766341373 8.671919341721102 22.373784152242081 53.820510988881985 23.237024682567785 28.935340088121599 81.302261801833581 85.072535094015095 2.296646869626695 75.745923737547344 75.051286629586883 62.735557965634129 55.146185056099348 57.049342676238147 16.587333339798128 81.825661040635893 2.125783878603527 70.247591245388534 57.964616654085319 24.841378359664201 52.053152910527011 21.026545448581814 44.119932447396593 10.975616504821161 91.704120191417374 60.307321899331527 28.646237609766544 60.307067198947941 75.224408990048545 22.763634427818225 32.442628332779478 62.039624229523952 6.385753996604993 65.000561960495673 69.117418087767390 53.191850622283987 61.591169007474200 82.690131909322545 77.570365898089378 1.816124471572023 64.587151319006679 6.109379742058085 74.807979449931082 54.741400039780160 67.281325299773656 38.412634295747750 98.353687472858070 14.542779905583592
15.247464589867210 95.604171827057272 78.482480557383354 86.544792090202634 74.502458139282112 91.748329802692268 8.052814812217434 36.020272956504463 28.629692901878734 61.834430140572884 1.449391652449294 69.877298622875003 13.649357878374314 24.581795572925458 32.928544812188385 13.066476128883075 6.537279045844990 71.817715639374327 44.193712193863192 98.949647099080565 54.848621066610228 22.513924534880715 61.388337754375279 44.691956988965444 59.850694770501455 6.904613937209970 58.541907327119581 47.498540290113965 68.196638842493115 40.562840020540968 52.443114884908070 43.661506218069434 26.407390290147394 48.411434583885246 57.010719007722429 40.078528825512748 59.390139462765369 45.956666984745617 12.259083519744596 88.801196628398714 74.979263864726349 47.979461722105476 78.133031233821995 23.067569698900890 53.455532856728425 76.269648908130634 30.696593038503106 53.030768180219532 67.193788732986732 1.863746388644827 96.491815353127038 80.171254506160111 16.342387379948065 39.788595909439429 65.920443315515911 34.693039679200290 62.549365268266143 87.661655092964750 15.239347041297579 40.565782792108465 78.590336005802868 11.652925870926634 35.553185497446663 46.173093378227456 21.812328421400974 67.554177841010116 65.318484797408118 23.177165608927098 65.855081807623947 56.240989914007557 97.866321835318999 11.318616045000319 57.522587503473453 82.094039726566564 99.300048929908030 63.216913804308902 80.496412462344551 48.425386574287288 41.851347395478776 89.706021091020915 30.307208999835421 69.586574255323583 92.618701714866916 13.969374477520835 54.839883905477791 91.794317626591621 59.929051613312659 47.054605214350651 52.400303894363489 77.791611425098807 35.328316105503198 72.392300426698213 20.687887188901566 37.207438154870388 21.588332776927011 22.641943456956458 24.173434556248608 96.704538759254248 26.165890921039093 61.739422267530273 78.551048670316703 7.929379942188197 56.276196158312921 58.007718140834271 94.488752314372590 77.815923517716072 22.164469204987157 66.389573382487683 65.243103648228811 30.172388841158458 21.573713666086071 62.087974505515064 6.774117104432465 68.696368654806491 66.417826118230536 78.191140158909931 7.665696100951958 28.090976041610006 57.125135796623518 84.667562609334738 54.921480200764009 82.161975305549191 87.813767898690273 77.597268249822633 75.427170192377190 37.431536293772595 1.856436967645236 58.680681272722623 45.464629609465021 97.041693318823874 42.338828382070417 68.447941277357586 26.994820086089089 61.649981958680030 35.467896544912371 83.685635169623524 4.737260933480114 2.401535174913938 32.302226555437628 36.878525217706212 16.725180885116643 71.106728011040744 43.766249078769803 9.096155396798411 28.130112465562629 83.538293013572456 95.940911260809287 19.421814526668868 22.013896139154486 37.872353530281146 63.895330796295525 10.930496856120497 33.051417926226357 96.823261143539455 93.306318450546698 79.775720599298623 79.743960598573466 63.530907239678754 59.244340658709071 6.351160943713041 41.270397089042831 89.070636215991769 66.557200086085771 86.160530225519238 0.372731726923847 67.988999979821102 78.665716577332091 55.764171671586318 25.991078254341481 69.262903512717088 36.865495929226086 4.970473237081096 64.988537600935331 6.462325092792565 81.808313516918773 84.698420484791370 49.440592769888980 57.820459369391330 75.301243552682067 47.943440450698326 94.796785340190311 7.705761911651765 98.041051264853067 12.441745879424925 8.398192238892721 3.329356252775384 29.330236319441884 25.710616118096684 11.650355576851123 98.147518106627146 37.690078743185431 76.504768490518202 74.000428007133820 22.832849635770103 26.312840453974971 53.879582534453128 98.052639788985672 16.445767459291893 34.551470629855565 5.155656316214852
33.255020916956745 96.476892646790020 93.527802953407331 90.480561314610426 65.812298384415882 29.874946669414037 70.771446646897616 68.633468296273833 55.637063864119376 77.491815432170512 36.049580368638615 26.918747545334774 64.416606589878072 59.887910198814033 40.445316441499010 99.509598672284795 56.554317372201410 53.541555374453665 40.852921079593649 77.960994903488825 89.000918934458014 94.894154168519904 10.454890448849408 54.843687120634030 59.934201364772285 31.043330571246187 17.546289603470090 37.816068056030574 82.099238887025081 18.824739412751200 5.296499981674152 17.962866614358209 16.327171649649230 80.691172545095171 38.021577730183097 98.921911950216582 80.694221956496023 45.548551775859181 65.934678146211809 38.253636936714905 30.000843494604901 11.269080772267992 21.560022265383871 79.545267207932753 2.730286770399559 22.517894651414792 49.783307107894792 42.715720971020190 22.320830355252340 32.544141194854824 86.733270441917711 68.567155108711276 11.002057912005325 16.554716046710581 72.741673156142852 55.506150969775490 41.702674453285283 5.578985417419369 46.264254086766307 7.656837527681248 11.339260442438048 92.806182950472419 3.857053899936358 67.688828064695855 91.311365638405022 16.993124840903384 18.991693777844254 90.938059720202958 31.925011490907483 11.126955664732430 71.679310297568549 60.343304673662281 10.093018111186247 12.693572785410845 53.809587448791163 2.412330915788397 87.346199279970435 10.397089702389017 46.754365613216144 64.011282509214027 99.860184742739548 80.125503755545338 76.612477456106447 50.026206343940814 48.205714455525673 61.745908473953683 65.989470508723286 71.480970120232683 17.386851306576400 88.014649939208994 70.019781638763973 56.977674646947676 31.205134015422452 52.445700770330482 65.976727573374049 55.451395709637517 33.728488940971566 15.387985688958194 82.865490900100170 60.029208232783780 99.046463488716512 7.709413157500800 76.714151026997470 9.632212489039627 46.917912129359337 78.023921754831733 56.995600838453498 9.438032781404804 5.559064326832786 32.953395372291716 59.292632636187527 29.943393618059023 78.743680998211957 50.890281560825898 25.413360820819019 85.290586431709926 22.083265680626528 24.860777281281731 37.774715272302927 84.557765811277207 40.145732170292781 80.978398645530191 35.616006045357629 83.150291345586396 85.668131233071023 81.979044829313281 39.318500124526743 39.163309161391723 66.072721897266831 77.659893314278506 7.533345753364229 42.101379378402605 66.730681483154171 44.123123357667524 68.509303881465129 22.503891055214609 22.227235015286194 72.016524702993067 33.437772447459643 69.873145743456206 39.117289364218657 78.772578190374688 13.827684506173032 93.916167905990406 71.857358352283612 21.339606856839776 36.955077052387985 26.429126911398292 64.200487418869812 56.593296247450006 84.455268901039645 30.289534695022201 46.393118369550756 8.939210442686985 2.324378953386619 90.245489580953048 79.143950824663960 39.694345919367777 49.542908322736345 84.060696931696214 17.306507073609989 83.743365327385249 62.660025755680202 76.072859310237803 6.076238131826317 28.505032948867747 17.226765065197057 17.123402056414040 20.712728948499738 62.810769657321664 36.143302473024008 65.898645733641260 30.528498003900562 89.611854593080125 95.551521132305098 17.810956517516484 40.725474407848360 83.169275338167708 15.193789187646923 51.527358131066059 13.869757739274579 70.477300533148664 34.644942352336891 80.744957693313197 21.634828098855063 54.140959728811154 37.543588393010573 45.910030788369482 33.975082088341757 82.165681488555492 96.703232536946189 51.379754396955349 28.056138825159472 34.707743634912113 51.044954123152031 37.143000545889585 49.837808145844711 59.197356370235752 7.607736161010825 60.364990113491487
94.615891078872480 31.144573276130760 48.195361964855508 93.844859157239995 46.849024660751979 19.305178960926284 80.846251392302747 22.305590962325226 21.580773133525089 0.707756808788551 20.352798297274198 37.175265666836388 57.047418326912791 55.768177547872988 94.075296055027593 86.512902478594739 12.382538316465986 8.564253567229541 42.726138448084647 4.353377984878515 82.320185324568897 14.015044641873386 1.375553407617891 19.617108113547989 42.091716946126702 3.549260475511140 62.671458982618688 44.428253238886519 87.779788869785889 71.490013176035589 3.884269611887292 36.102904579423488 80.538931845252407 48.242404854119712 36.770640847943625 92.714866763999666 95.952056917358092 64.857771622283948 10.839408946736917 37.017434949727516 86.264748935646622 73.331656807560236 87.592063976869596 48.940375138647042 62.571997955761738 98.786690088576862 95.635047897938023 70.064521501411519 70.280273881694697 84.117901040816037 14.547765457833195 95.847620081992275 7.902392501500000 62.148010690289979 85.398528886194313 10.832944390859101 10.128126291196038 8.665860865707920 84.003129916500058 34.579130385676848 58.863227413630646 60.779680980131680 33.553433978437432 35.521036704621913 84.782883860630037 5.418225095821549 23.350323106633287 12.443638990920213 23.665213482832105 15.781109340511135 92.012570787089771 48.459384510629036 84.919078750913513 9.231042140525968 39.486161778039552 44.238793438302203 59.812636891234696 30.189605084804448 74.918803951884655 79.247214472135823 86.437239277788052 95.094435173960804 60.186564781429134 80.554005317663083 91.581037945205324 74.215952105051045 73.293216963495141 49.855262019401145 58.866389986698344 50.774511649897015 53.254027297746568 13.475724120429112 14.472575644576491 25.467156062272146 85.020401940223607 30.347406175809265 31.113226376786550 41.611594601416478 32.201324513689812 42.378658899533981 10.238719866533263 87.213961682094492 78.742455998354572 24.879856262904067 8.853646852252261 55.732636426686788 40.597898676930974 58.307801244423686 93.422038838744683 80.242765677252450 32.030469753949333 98.853126939376736 1.694381469566264 18.399978611833546 35.582662939338903 25.975095486937004 8.066635129050226 84.140994248670225 47.311564309995511 84.116700175548985 96.575503901178877 45.035304707745816 11.200603190058223 72.410301421417586 22.330546367392536 27.425499896036985 51.754394228022662 35.307040652931541 5.426816426533499 16.080883728214491 96.190312228193264 27.718357309072506 65.257918919409278 66.294140298106001 63.930077691148959 93.319739449170740 66.199229594680375 47.140651023267388 43.726254566250958 74.255349063511716 89.067969739160844 53.958243944733788 80.199830523443353 9.357898689437095 63.085526488032549 53.439946894146154 94.843452622738724 36.215165923453853 54.142003661634000 82.096113524090526 92.915564314715056 99.400579399185190 52.138880981785206 86.814126251325689 90.391829011192343 63.342775898482472 7.824413887321501 67.481568188576588 86.185693605602708 52.876523349025604 40.849455333380632 53.699272702390509 92.398512260857586 62.849514523083371 53.325900091468270 58.843424840443326 98.050775536751019 19.197198160937990 80.935605236930769 28.107088803579927 66.188853110396678 26.294744314639917 87.137835452068416 6.641963940877337 18.799680126129747 80.073312341793354 90.583280654387337 71.028828731676001 96.368951407613011 19.916565722661041 9.842552932108662 5.967123572957367 62.234162015974704 71.100351703046982 34.018263915236460 49.683910511074728 7.230667634517173 11.092818673982240 52.014834773637972 83.091993687692323 72.678116799708263 13.020749655087837 19.805955771018937 82.537397426165640 9.060585769297703 22.802245991696225 75.324652822218155 50.606132947539571 12.559614936653695 47.838135261736006
13.185042965049032 33.772492386558007 32.054087467749973 46.421145736337053 26.738328214747277 45.071141816830242 35.446626700406384 11.844743169849902 81.719936050465165 91.220732907385894 35.241371173383243 76.620374755840558 34.345644046990678 5.376687959683391 12.147526065010039 82.031450105158626 33.588534561462389 83.282450300868547 64.868140619151973 93.162357678282248 71.034227180902960 60.652261112811310 57.752413329510347 47.865356871757513 95.256830402371136 7.303643683696803 81.768730295122367 23.759733257701797 16.603820881051302 77.573270722830813 51.113004735824362 82.343970994153850 18.385559761482504 63.544883527394006 49.270385978118405 44.890060629455796 53.286905243993374 65.882986964814990 18.752640306320011 29.135773479737704 41.794227439546475 66.450273743220549 68.876889882904763 5.062800848836435 65.119411481843798 73.163953915154991 3.897625725236309 26.148027851071852 30.800618345497799 40.661099712799931 48.632360631928663 12.380415526930177 38.554184001517257 49.032589716804345 89.524723471939780 60.030163102640600 89.549405886467554 7.685405661724520 58.063049161128703 38.176948315137530 65.701728190734030 85.897325867319822 19.263465259230351 82.207811564396977 48.455772811732380 27.447048699333475 41.695206462815079 81.596918756113837 57.625016598728493 64.336147206354241 30.867460119995251 41.464345299808102 86.393854287204903 87.042342887230774 12.826939089283140 0.727150206417704 71.920317863132993 79.724928322160778 9.914537140938995 74.020943818005478 43.322021084790393 55.621121253259510 44.078746259264690 11.053819848882940 40.343388623009446 89.181949286342970 57.194992023862689 34.757302521399403 87.726221527488747 28.321907135682668 75.995186271849022 74.783535303317379 42.227112779414057 78.905671350653677 93.103435269830399 6.658528566447308 58.006653808397481 92.756762536504993 98.387593001284102 47.218157346478819 97.077696580754903 3.993727336914621 6.442146758114209 29.100247373935773 58.062555233863165 24.541109393081207 48.449184548300870 33.049888805884621 7.529388863965014 28.940841391781891 86.188493829259670 67.418855093812070 32.385496849638315 49.173314524649989 79.873347800707904 67.314739903759175 90.373386142390515 23.261240617693634 99.351084001015224 78.735126555803930 72.500721471663468 89.396484223579293 90.483823612158162 16.565359147629788 84.211130979319421 63.788774500613165 27.947809926623577 0.675981148159566 65.828887199599848 44.567018567396254 69.263661537696336 30.134901893705603 45.057500704863848 82.274850530922677 88.728316809839214 85.616014684193686 29.374961283293601 38.526559675084627 6.085756256620767 19.428440145688310 71.550037692094776 5.904559311594626 83.004013111696068 62.243268721785292 7.982876121003479 93.330858235363252 48.053435662020107 62.819713981545476 73.235625804525199 74.530616562021365 24.390834879611965 98.479945653957714 31.908489765888127 8.257671963390179 84.708671667386469 22.970735936687859 3.110374189055831 67.356617279132450 91.943735328520603 0.556769379547639 55.255864586352210 34.813599656461300 85.617779450565877 46.283964495236887 42.708869753234410 25.819106261147716 79.862061929888100 31.745888973452253 10.030474787595733 76.565831653717893 43.651308533070811 7.250229327550228 28.094584262001998 14.888274082814290 59.694787091388292 94.396970836299673 81.395788525102247 27.721566134250320 47.057956417021650 55.730364323230411 63.602370247652509 24.355850068558549 82.236269991184500 58.623249179969328 6.359235572518573 8.710316780193194 53.429754815214046 78.161503949060517 16.851729594892205 63.361361955930519 43.897263167090394 10.179355794307476 88.329615089623942 60.310111483072873 0.497202222073112 68.128649892190921 17.592408015602999 93.537852015107376 91.216714706110352 97.769460896123547
70.317963901280280 73.572368683946678 35.596804393942207 80.382352056632243 4.167335949357431 29.826962287170566 66.750031600729443 39.458168982243301 72.609772679256494 48.776022067394308 45.819580394665792 31.715685516301416 1.903814633393486 83.825960293154694 49.376374106646324 96.885339150711474 37.655562672654987 20.207822036724522 16.132312428809513 60.883506171762470 89.771028791996272 79.845663226529652 77.363396852699864 16.218030327872480 84.077661913860922 96.264944790673709 87.326575949540597 36.839337445742991 83.190530544580852 51.940056097049712 32.767467922971449 32.805230760770478 49.148995508234016 40.712371383812908 23.870165235556527 12.510349669689269 0.142017869593503 28.973425521027796 26.604842180961786 94.889656941308729 47.483066995087263 49.384797664825300 18.912402294829988 58.504959804019371 0.842652369820707 23.915038705786174 55.029282128403821 85.456010356029836 35.065130296144709 47.019906737170324 82.002973784979858 80.084141452762736 22.159830361286616 26.392486870808117 95.543420688937275 30.898121863114369 44.227119331657470 50.605790310391150 32.803500053474636 0.216357033263448 0.486399471708798 45.226935928555491 7.658410059134468 54.757737860647993 23.404169598804579 6.928261690203497 0.102662918650998 80.117408948069411 45.099535781661992 73.272363961595772 39.539684991167981 33.270685201801712 23.242591624911014 17.615052572016111 61.613751185043050 9.284868322955830 34.433558471651068 56.860552838512021 62.106620105860380 16.543336596425149 33.378483912356153 50.037933983501169 29.995130182473982 96.314761483221773 44.960238665165342 13.481730359157440 44.157216605069159 95.596561843532854 3.452111179450923 25.016506138114202 97.585499662408097 87.070542654398693 4.479525684601837 92.841370577939458 5.056771098165203 81.742133030762744 82.430102955141152 7.162413691137282 24.388079620340964 32.800289471153846 46.508107033177261 68.804666939430831 95.523741249613607 36.091785221814185 74.796067922751106 35.661970692238256 82.770335262451837 15.442421862655154 77.567152071117121 92.321613334502075 66.497325739093782 97.967441099251644 19.116486222134977 14.536979427671536 7.911145076044446 5.959084830852357 23.049774781030074 99.821271204591824 47.556527668766336 50.497138037409293 59.446538608751545 35.916589972325561 54.338430544440698 24.505794545056869 27.159029635919829 76.762423349222672 19.334822092501945 66.876346963893369 64.962087956976205 96.821561438522792 38.336845846263280 17.901766916174090 29.387057867885247 57.408223235928077 68.617035018858715 40.451251859304463 55.754944181597132 34.482155529355239 97.887087697845459 1.059653606186250 45.671256349021384 49.323636718227014 95.374780460307363 18.341566447724301 56.519482864723656 12.005637021585724 6.109110172908161 86.958074839175453 81.393239908849736 59.171406007434179 98.820110560870305 9.191795282972260 55.367290231532749 52.260255466405056 94.140719538094373 3.308651188056544 72.094950716881598 55.303012898328518 54.276280452202542 10.330210272694739 39.510319949685467 58.209703005655754 16.927705044565432 57.454664705940019 22.359109546437494 35.075149308563859 70.948462410262266 86.441608194765266 69.996535532691723 3.229588643562131 48.324194748683311 98.492123033353138 60.795445390937843 96.813236110267454 56.343283478571806 64.696752067985784 94.872155166018104 66.789242464413192 94.086911501825071 29.236797060604246 94.264281335063615 28.826632137408303 36.195845784718564 0.346509163806197 27.436392803158014 27.708740670398157 80.123226420046052 87.234374664740230 88.549183247689228 16.821514115770441 60.300387689578351 89.842261277568340 84.399969930156686 83.661709751783363 54.756640644887135 71.173044604551080 64.244813585094079 32.990850778308968 97.123437117904061 21.313737130706478
74.091572776244647 23.556485169165953 21.056559316942913 12.504233597753645 47.932461123978143 49.699158053417726 5.976141668147916 9.199872562566879 79.197838606199369 16.711931043638494 56.957438661482755 61.993457961927398 34.549697971890062 47.509056925975713 18.141219966531107 77.864342071247378 74.613749544745247 59.749780942895384 15.224408012419467 30.548767304041846 78.019281140155485 83.905435080997236 92.403225620468447 23.318916505479070 60.143676367375186 81.323032443982441 4.963024443619690 38.420579262175721 17.054358648043298 43.775094463837569 81.801849740063886 56.551259087035234 15.587408129113644 63.440853683309371 84.655968374991289 34.306825734957634 90.595980424452904 94.317056736785247 93.184433247921760 36.146513135802941 50.766780710475842 18.802426255541803 33.289921449253157 85.488547442754964 12.703025155551749 67.447312991463619 93.186220116989119 44.208860229485524 1.200869725119202 27.087970108969863 3.803435121409815 81.692853118441619 68.396006753908821 32.511550940445531 80.828715196050155 77.677262922137047 88.539699114902120 63.237421420356533 21.643961332745675 40.371891214522115 23.681754769751649 87.621765760688078 41.399750790922788 32.421120851026231 45.472562780909477 52.607089506036701 0.671372826089134 61.792695676964790 72.263488133012373 68.523069455381318 87.838414384066084 74.716539960991241 69.974338098103402 32.705364714161924 9.295931360033816 4.319597270300102 84.472285368863524 70.610474197209172 56.568880130560792 16.640161996143220 62.417896819203420 82.942736707123217 84.340116413935135 40.372276014763251 82.617901257886658 0.028584997986980 59.043387524089638 54.661521638547505 2.268639883094725 40.243764978153827 44.809259080852357 80.793771387105750 60.430816446300128 99.761792408192662 36.876404215410794 96.229841885084156 35.640416490385476 42.616034441655415 73.979515593940505 64.098076679446976 53.166297892335749 74.963927059997687 96.147325254340714 47.623539729744522 1.477569802682899 88.060799910809379 40.244150127239465 30.556967315983552 57.433400685812899 44.202167376086784 90.699940170683078 34.536061921505571 84.887947633361222 13.294122183598478 94.360308200000574 57.892515407141644 58.216323174282159 5.852404199690975 84.109621062775915 12.450715295259506 41.780126093572790 88.241775942712863 0.037364024310027 52.248234893098378 66.065914062620266 7.555085491689195 27.563391770131052 93.303154159399014 13.929007521753277 25.967041505106113 79.737984174791919 53.183021797949557 87.529697947482774 7.373383529464517 27.865683723521595 88.566089462608318 32.597322101134296 92.914109458027880 30.716842310978475 42.202387290007422 81.490215531985484 86.155023212399271 61.641720780155197 60.394262660206330 14.995774350545876 81.247387646644214 75.927668762305231 85.682021071544085 70.657399037183126 40.711034622101913 22.493291729230336 34.341142991342302 69.710465513922330 32.482159645758891 87.663241323811775 94.606899366521247 45.421830849520894 48.704735672324304 5.090780421456353 96.606704190787724 80.894542872020608 34.148757382490423 47.511078111868521 18.830903955802370 59.887380606043607 67.857314838334190 76.510210706131261 90.918082784302328 5.686790156308119 0.421947721835270 13.726737467090633 93.282663784946848 80.070590585708985 82.538756027394555 83.337132852320721 20.292811673261546 12.462801537708224 43.030260985802371 53.767555470009107 12.293630391964117 45.093181222640396 43.205385908033989 44.692637715778162 85.267934201374771 53.319003317946112 92.189448423579691 88.599293712467087 44.651595278427450 8.908103066645999 78.281328880564615 81.098443131016310 43.094951115766037 59.927289436210252 15.788069321340348 26.783435679920498 76.170039270890925 68.784499842545642 56.541744552964481 2.584879478339819 62.802511911913896
80.788518054445120 21.602743897493681 62.048759128088129 84.315454982537346 75.882800004678813 92.540648370936538 48.657070880000234 40.374210569367165 68.958694093186807 52.861038128306014 92.115824305543612 15.317503945060018 64.615327854449191 72.135940471553596 67.489858459459612 79.892766621214847 37.336495713778859 41.942421031932540 47.149011812770055 48.426172804767035 73.662715153820528 2.368012293473964 87.961189218046613 29.044270305516239 91.464773657036304 39.256805017188043 25.693572025728407 64.978279471116679 71.951162716471643 8.805756398637676 14.465300319841990 97.098682639562682 60.904593115169902 58.082206423224392 50.344066975020120 52.738805090514361 38.567702804892058 99.986197666286785 63.110098862115173 87.617853814319673 34.451291157424556 55.965056407443512 24.101897847982922 81.499023518407839 41.406075003424768 33.396577229348082 96.466158681467945 47.094990660274128 38.841052215463264 92.162055834021857 9.592467630434776 13.765626350322046 39.770432490086804 8.026604805941506 56.777318926952248 29.275456477787920 6.031805548310376 82.463221224661936 98.929173295122638 13.436296723169283 53.335743343621409 33.782005504927568 1.205212265780820 58.624522094986887 98.759257092118986 36.911594528818135 93.067912845924553 82.681964264941925 61.645283875152181 11.575555695642969 92.866531564441246 54.428397811401133 67.513906867921108 74.591639632011280 47.251296574839095 22.163760270680100 10.231645986750026 18.925079281899226 34.943497237105625 20.748451707962779 19.378258883258482 37.878475597452102 28.353542270904665 25.922828825354848 8.457184303543741 6.483075174632946 35.465998521558518 77.261738457857859 72.198010543785230 36.975038764720416 83.091299122830904 78.931222010099219 8.774758902233371 70.975971565867653 24.467136540683409 53.040120828301085 36.332924508298412 84.749375848310976 42.729120691627500 37.916181892113478 96.189575392233095 14.952571452416485 59.907593030565899 27.877958655342116 18.388026805070012 32.675240933415154 26.962840717224367 9.790834336717591 68.491489785460899 51.094382168155775 21.941190283613199 87.879936565808578 64.774479429974591 44.790357464426421 86.274551113007107 63.228701962970014 70.180711391102378 39.132546572867888 88.784254047500383 38.684259287799236 2.016079071512211 47.850828454775993 77.247767492731327 96.432945975561154 24.998171752799536 93.183295538539141 26.791981401344557 73.903159451974048 1.973630896870893 83.883183184909910 18.177018953450563 1.683456420447682 35.039323947479708 55.106091605688349 49.962482190511714 12.744856217232281 53.140966120212582 83.461269622855610 73.951190229570258 41.363531643524823 47.530984431909893 43.878516351205846 73.692829117171371 49.857751163117406 13.962356738767401 20.470294764500242 93.375445015010243 41.642338071458965 36.572470559403605 82.762107906784962 64.266930117825822 7.875639927849742 7.393646891596251 21.076710880710269 18.386190325791375 92.730423993104907 5.150508247958463 86.122848130297356 70.984274910155520 43.074934834405497 71.981726435974537 66.662935514425513 65.062835376570163 61.415235645689350 16.089617140943922 39.052796535542690 91.558941527925796 59.528820621061641 60.285954312600488 65.578117780132160 92.353895766614542 43.419787156953085 40.935015587802624 22.993438546091973 96.314201600594771 25.161471871512397 86.422301003890837 83.902590726625320 32.027881083082264 56.109158322997352 52.147353062861100 45.879470571132977 31.727349745473600 83.272941171183774 87.258704210139243 93.079337061970847 24.495126072962968 81.634066312100799 82.240260187649426 59.735350556518185 23.701460916699336 35.563079328918192 76.718884838527217 9.250827062660051 30.419928889680769 58.151705262194788 93.491264261368016 35.334948047764613 81.273329751689857 66.208923304802411
37.851803042657949 52.986032628219171 10.259313627598010 70.656777456275805 0.493555660215461 78.471054873738893 56.232400475964603 86.104610763590031 9.104223303210912 82.134048775468372 52.147718067608828 19.513142267770213 67.234286917417919 70.567807502077628 6.190532404777893 56.472541927938394 98.849614624497875 49.989265103716782 69.952336775107966 51.045042133991245 26.586417345264092 8.502470228110692 87.898285454969809 91.746065292882861 30.789718112739639 35.262573086643734 67.516097127670605 96.948256483841050 10.976468866257649 92.303867956399301 35.528691506225400 11.983298192610148 99.496901190690821 86.808114018071564 35.259943351621615 73.364903444746375 98.558591272987741 82.125960936450809 51.817604770579266 5.908638418499712 57.725627521924615 59.667941430955587 98.542624678426847 90.069393826903863 23.135793121949167 87.290595408773214 91.309006153126617 23.231346274911147 55.962864178809909 74.588314640497842 60.133762424738016 92.113428449547570 50.715163569299648 30.014476788629519 47.902840263174660 15.182571031705406 30.566645031246644 52.419511604424343 74.855767969071380 27.478859886191497 93.132177129011865 80.695765977000448 80.336131859234555 55.746340511663952 49.822904203873989 40.978077982046720 33.954460582407606 16.239824999830187 37.758706055568702 40.393239395258995 27.401780515644226 70.411044746346803 11.793332782148791 87.966241944247486 75.557946824108598 48.884559623263890 59.739614692677677 36.024627328594129 22.484041100085161 52.094907769614530 30.058429386594042 57.413221052893427 36.208855622115280 0.900630852151607 65.189184028505522 64.489568993147458 57.635053613278423 19.884079643564533 85.418267308403159 78.634156046260557 80.864903878647382 31.971343589758916 71.474659268433939 31.854076320537150 37.431374166507915 17.716893042953608 93.806193424103952 94.888002134580802 37.660582954596897 76.962240717403319 70.822102514696155 35.388985107298886 69.377435448991037 12.665190020904660 48.852339750929751 66.880885127017535 68.017102194689926 23.533483563647817 38.142072063397123 38.306724942587067 89.606691605636925 78.444563851080417 62.424680954698907 81.360911508278960 42.525917136926161 54.681194246003962 75.366055310464006 55.247835737396159 47.646828530903385 56.215345311502887 39.393369747228959 26.241155024769569 49.753325030510062 93.443649476312274 9.586428945955427 16.836510541414018 97.234866625371325 67.666357703775276 53.271326087562521 50.439923044101874 47.066201736405745 63.389054062954727 88.359552665118599 78.673961926990714 96.861345080309576 61.097450686329580 82.302164415775579 53.729608361036583 24.470308579004719 62.603274235524211 29.199551641847744 71.026738861020505 0.122259793921531 85.624885115118744 72.097959773006991 92.518173718284004 52.721746460290618 66.584203908394500 80.201968979937348 17.969387640457214 22.403670485755722 33.145785078493773 52.256685216501566 74.651385103211823 77.432455164925315 10.053570692901925 2.674137344514749 61.366156078008963 30.326993866184004 93.248824260308112 44.390426037301943 97.899720567599473 64.116726801391934 80.401080277410600 35.852030020797962 67.893620992456817 37.007607960576685 9.545178359490947 73.403732933901679 42.062106110393756 17.347322658699294 4.299752833639447 10.334522296180882 61.756406330414478 0.999609625197206 18.845847379568525 97.626717321672118 85.260238221395994 36.911250729718816 4.787122143710243 69.907666852667518 1.188526389677180 53.955991225965292 1.479551398263612 66.494614973525429 43.499516885802045 96.043612084822769 95.869745464256283 95.309134879364294 17.697683642075603 89.914813467306061 9.834367559564939 15.689173150724478 67.822116844545519 78.036482303085663 47.752022848559442 56.632451043565915 68.842074977970924 5.158126032924470 35.002740223068109
34.834056187697946 87.008070123594067 40.384254429384612 16.899920704782843 59.335381156659260 67.399491340658955 26.688453060314789 3.679742592790824 42.147879000942147 40.680628117761955 56.712710699801086 19.986089960176713 3.299130695226205 61.860310955314432 9.796305032263186 67.811874661590196 26.021575411387630 78.292595149827065 84.196881761391623 38.502139383180314 4.767971747649402 36.853393834372184 19.153406092989865 26.686086772670269 13.567212452425037 24.522140073200326 43.714101977607086 42.892181281350602 10.111139939430092 2.665536967075621 9.714172896588448 44.845515388545323 10.582609463616667 5.858923228942947 68.034009200784212 49.878375627260965 62.971410491666227 10.580376210020848 87.683519347019327 92.242118798516529 85.587614949435391 51.562052247306141 8.298694819544060 10.117886221774686 4.615291134418086 75.693357982376511 24.568978973007148 67.221734213071755 35.134917304120783 62.617351084706186 84.073869096061571 87.274591502318287 75.101966511715062 95.566475317328837 44.638823771161860 0.038676384376701 89.719672891997632 32.233919526118108 78.782100876274470 23.685101516217554 23.998766228908163 66.779136537379557 30.847024733638385 42.334001476643124 72.342785388282664 65.719741659665246 39.256624230478266 96.278822762806968 72.569255896795440 32.821177339551092 94.540547153226967 38.534712974007022 12.708991838197059 50.330946058958581 16.736555869578851 61.258748651417008 98.414762280598183 37.896904535242513 17.795840963761222 95.167104697103397 68.236774345315681 53.902128308608731 86.073217940238678 20.418419908892737 54.322211572251518 53.493608544025506 51.943388312172409 1.965778130105833 36.077122471800585 59.318922175867868 58.748449560245795 44.241018842530487 13.678630411627047 96.573103225904461 63.374427263306124 72.237718785791927 50.156840367711766 34.407068146882345 31.566631067686401 27.698195321384578 36.278362796390532 61.958867525682528 3.990550036415519 80.637359594765769 34.053042880945320 94.473365309264992 54.722866452609900 34.404156844304538 9.578850588539535 86.357641114934466 51.193219716582583 9.037010312952297 81.230883793962178 20.891329353417298 86.990060080236120 87.630471842559416 77.794799976723013 68.040485230840702 63.002135907114678 82.207382548167942 55.040959728438956 22.433250010119387 37.462862981617882 15.397485493951812 63.214147086697423 62.263295287943301 96.363956632743410 43.346914789203382 69.917034740346722 71.588101314396297 9.501876583362733 34.581372539133625 48.880606597646604 13.174897871395430 19.348600258937154 46.912112706610287 37.185504716146646 18.554944216064563 64.122705430562448 25.521435733390874 80.809382488291220 73.610895816522074 82.825334477834218 81.374967769128489 97.107275145707590 30.250669032644652 17.443303774401887 5.600185156408144 79.533545485735047 19.389646627238488 93.361515573059719 47.892575540243321 88.188781630959539 28.112268752817972 70.462870506928141 17.639981861394027 54.328286706175611 77.445579088584680 54.254328642506856 29.590743304710422 18.237942174904653 95.645453379521044 50.411933636133774 48.348817370444905 4.511168927435660 17.728664136389394 56.509910530983312 8.614451934505929 24.126739555234565 19.282032517564918 2.853775241957324 88.462920256939071 66.474859562304701 35.587848866895087 66.202906832560188 19.623728790250318 38.518557310680812 78.571634721755629 5.892306270665659 53.067451459435453 33.930884193877830 37.926485778211685 97.424498755397664 92.159138441004956 85.530252668413837 94.641525505434771 5.533049992154715 60.820701443661939 59.641911773065047 13.542289098218841 89.729185207570211 56.585210833470015 80.972497187716201 69.422937687975860 70.969538257912177 37.362926189014345 23.310029082252505 37.593087220185673 71.957885897730094 77.695955970249344
50.139595011967664 52.457624353316689 22.331594867516980 1.386770151436745 21.914790502931169 7.262500571909092 95.881610577554540 75.667778604213339 49.512844561025261 28.833380166914978 15.372622322139085 40.915439326203938 42.707626561653299 55.968161126150598 50.816777786126707 36.731353350386605 50.049277858186599 3.545418669656131 80.567197589718177 46.095539617398430 92.856210525530528 85.233629406469490 24.384017866702024 54.562032909556791 84.237887743515316 15.810762970729296 62.665781193011874 8.719939631040186 70.146215282535110 55.733347376739083 77.705106142085256 69.417087579542709 96.419831339630278 60.298005721039360 55.126028261688390 4.175244822678503 37.899698041699104 11.488452471632238 56.940903075199714 96.841848556704775 91.911866816184499 34.570995162357868 80.188058404250143 83.941585819846310 91.069634939722036 9.671978370983625 45.739847445145841 94.717564856990677 67.095223313561874 67.658435372896804 86.892098696136017 9.936910483198547 66.667311986597269 68.042307399782104 53.252422206432335 60.652953083714145 62.768843617804649 80.268093602078281 56.983477679152649 13.213807859956439 90.328577475149473 12.852984240093113 22.130714215331039 15.623087157491987 66.247954129439051 86.327459119940514 65.276043192644920 74.093390637904719 37.470442111133629 3.499839991644138 69.250083390384248 92.201488461677215 48.342574999665381 8.672673240233664 47.070747622676599 28.822146130221515 7.491470677166101 0.970708785809182 90.331939001360126 75.408238348761770 63.450948621038592 37.325480030682556 94.295899073576081 77.116229104160681 18.208357121965889 97.366839465144508 43.623800917246079 12.753986457283716 8.596746446883529 98.543886111167623 2.825728537983707 40.541998399653011 21.107068904703709 43.949037178022820 19.232092456455941 81.886754188693374 86.093550104389479 84.544621142660361 40.412207865876582 65.528645675245784 34.853641812205417 99.159971608558422 35.571039122066885 93.463877251191292 62.361899355950037 32.507425590796615 86.077979726379183 85.215905156282020 20.285106124606898 27.251409595837693 51.726542920627104 70.984640066548039 13.391891938672352 18.373182641496342 51.719584574492764 12.845044283652562 67.659119995071009 0.534335189191226 82.328711147498367 16.747565462882154 47.563237280778026 34.906134508810830 68.915661762242081 64.300026438967180 4.219490825100780 23.659564290568426 66.447047888619565 56.529427974532489 70.363032041733732 31.004700669105066 79.115480502147534 6.917053428613551 16.224492364199840 79.297233987358879 98.742769331076786 20.816675745928936 23.637393490335167 3.703289663218667 9.062354639621962 7.418383164488906 31.643222832748542 29.997396481948748 90.853662084430070 70.557557097794771 44.505487392465135 29.147197955224669 3.947942438402552 61.862987148069834 17.896224285618956 51.708376958481658 95.292780531838304 41.804100727370312 28.067166038707793 70.285162192376788 13.784544425934087 40.221293490130435 75.929611807094162 10.364492633268041 14.422586630121204 9.353508359206408 88.270909481854730 1.464015208192904 93.937273019305152 77.516483099820292 92.316486509702983 74.287694042779023 43.062776436842519 8.375345778865839 45.937017473707087 9.619718458504101 95.614289875062425 66.675920824086930 46.912983624092838 84.349026358529727 20.811423025219067 43.387333979190124 21.821638710162226 13.783558187511291 55.883288559185559 44.253682481752065 93.876807366654120 31.537100427999199 61.813016526683107 39.236461128692376 61.203278137884887 35.878037547365729 21.705291508834190 99.570243934553361 8.211835808563938 81.157245294768813 7.105346869291107 97.374010207009334 85.476077368521103 24.668042406975399 56.166231007093494 63.822328633900085 93.106319225250729 33.785343464902304 58.397947271488590 11.872828772575472
59.656452179624644 39.425176662581073 47.867938501379861 2.381618015266007 64.909492991209760 45.470764572624432 10.108972665266048 91.906224674187172 63.207952309720795 47.392597771444414 79.791275904185781 72.050462597750993 13.052657164312354 35.770601049073491 34.712960288136166 0.081792384748702 93.631923963548104 91.992843513528797 95.895726473562320 21.850312089242141 66.376640661849947 23.426300472904295 54.474638848266601 73.763130721078014 40.978119906097142 47.945035093932042 19.771277906681195 35.807041473380472 65.245969357811973 19.910631988159878 93.897042974080051 33.841538615033315 43.891160253077032 56.968111827647895 57.689502559442893 4.434967150061775 66.650891978444491 95.827683074625796 18.635912907293960 66.025085635608448 58.448745261608948 15.011230035755307 23.305374422654424 23.462014310610947 73.475980866394380 27.847552223371064 80.294363814720583 37.854898635810109 61.225226428951785 5.689269745803327 94.827727793061015 18.205604487886930 99.478658882851420 58.498687597218812 60.455419352436998 61.072188542793526 23.011720710482020 94.547559377588314 32.183512502399992 78.360355697763922 1.340287764674375 59.908869528474810 89.165467683367766 25.736948756409827 46.806209772695503 43.019499992166367 15.312265572672690 46.489246718328417 29.055050154196728 88.086762485415690 97.812062908117653 64.006139836793352 65.136905014003815 99.172087329780311 82.970437405075913 32.419649957468678 28.365416664124975 60.357133673617639 87.788651696742932 57.165910975425405 15.805004452517101 42.341446227322407 94.022186194599300 26.026937982526189 95.078438013749405 98.959279322363528 37.590352413732241 10.926007323287191 16.610051479321942 40.271438603509615 98.719020579955952 69.764613009642147 89.486353135799504 67.395961029202638 32.093957647280213 64.303513209965075 88.755667462412546 27.157055036485477 4.727396710925468 83.152095133594429 18.457727940375168 2.652145261667493 53.228318789810118 84.193366446882010 20.797555660629342 10.313792593821935 84.033662615503104 29.102358419860529 44.389741223208823 96.696776798184374 55.679253294798606 73.144269019285915 16.380420398995867 32.741881478749967 18.600091966826838 44.479825312869082 84.935082464016205 82.074253244380031 82.460845254318855 76.455682721255968 13.997404825996185 81.703953580985697 5.643492899546143 32.297687612674700 89.452143096231069 46.960121454358472 11.046512838097478 91.803228060409410 81.206383007203158 35.642875402457541 44.923232239028252 62.907468688708590 21.631520350992073 42.830054152272098 81.542214881411269 63.641392440327394 4.583900332773149 42.790689291448139 69.510277674472036 84.859652858430536 96.990200889502347 60.158270248699942 24.315261097043329 27.721575066564974 41.031123849120590 34.016199524139857 51.203185335328037 9.868836924650626 29.463775699606231 74.239210750346516 85.831490058580030 38.763000601451914 18.598563061274000 61.967305179945939 27.022104709989126 95.255360173163709 78.404824924541415 87.136853318059565 41.959813208978169 83.278123784091235 13.717723359560196 52.507389106438787 33.676180796421662 98.443493320952570 87.113603882290803 52.032662978612521 80.087305264382209 70.064609311301012 95.617761446147782 20.526298594972083 56.489161575693160 12.397094261770613 43.022438209898894 42.057500918855858 77.979435694548670 9.949658710956111 50.153207873543217 14.987125587905014 38.020362370688275 78.128827321781117 87.713093140913656 74.987779642029906 31.939459138920611 89.967116886385213 91.385641969901172 19.073221105970717 4.945781511065761 89.589018331848649 50.204361614754013 96.672630324519560 46.188616729196411 45.538366117010689 42.264802762363175 41.662817372877747 85.939412093157287 81.671599605710540 95.001107244552969 75.214083495506344 98.597865307923314 61.725591455970843
1.859381203033095 80.501585691877551 17.896713908107355 52.394642647961895 14.014500537688123 52.286300638114760 95.039862950921147 81.145346203124660 31.564470536359789 55.325872507387786 51.959821839665452 32.539571462433322 13.230651186891517 63.491158884209277 84.369302493503625 23.195494266374617 65.578488283410678 88.316885970330901 90.000485682564772 11.180605387543585 84.137509582513104 98.493684751779753 84.243016429425836 48.287450280261353 86.102384281004277 37.334208341188727 98.324849485175008 55.370553199217376 60.304086846076224 55.681554811336873 2.722401965447652 75.778694938154899 52.914220558765557 39.449876698239308 87.154736619164737 57.143271293694319 87.602862744747995 88.712320073569416 47.029593931330950 8.957658208731623 34.233334390659230 30.403122320004417 86.409071685225840 63.595786835056487 77.319917188845508 85.133219762882518 3.511046291892073 19.749811046780017 87.162307998667771 47.922650113357946 98.550904905481616 33.388005629370618 60.595411268602540 67.435768201229379 20.767529569383559 76.778488621823342 73.798187597888614 89.579333996766138 30.721594613247149 70.216551840034512 60.563924985167375 95.877041572000365 53.389537223470015 92.396840809922054 12.469715917494096 95.769738902748330 50.037147930563542 37.507947417769735 19.254710013578446 71.693414557006747 99.128250180527687 9.889687241046596 78.529620510746383 37.181786609834468 8.404937160965808 12.104448967650850 79.409024621613284 42.828970127614220 73.241219384210893 99.015787584932255 19.841611207420883 52.869249588929392 99.915027515882912 66.973411881996398 82.362967896085522 93.739099795181446 2.383906201719299 68.090202412044775 60.359009573441902 56.015303721798858 91.956724103644945 11.030243301965347 26.554867091774035 80.837444064860918 21.427893252327614 69.700273452635315 7.133516470758994 27.495136530767617 20.116075516429966 37.786782360095927 13.532747338901697 39.987751244805104 79.632647619612825 8.232779629251096 1.248178454519444 22.866649143726171 97.540377564481744 38.337887852266284 1.685786683662660 93.381169284288461 74.797384766160903 34.400321908893396 22.651363847493133 81.435826273906116 81.175130373781656 49.889178508921063 51.724941155075911 32.055824115233079 69.058664461868020 78.140140144731433 15.566945937050269 92.264747057137342 79.352115854259367 83.134020908581164 34.714491427664875 41.597747564548804 41.670852027315888 5.764733718810588 92.743961988447978 89.642232185343715 10.493497806855444 8.766267902819870 90.078898959918092 37.039589086723169 37.872735438718422 28.702199383266869 4.316832046969554 39.975232596283682 60.323550447752325 69.657958292521798 29.336522414928012 70.603549985359038 22.033494498804739 68.787203916157267 59.241281408032421 62.265730271083676 24.249474146776372 92.565855969725675 33.016694873129850 28.672588476890827 76.197165004554478 53.843220134766057 67.097506656100677 29.055360762642067 16.764858445009089 83.645620099595533 5.625107538748598 69.269267682068431 73.892617716158369 31.274077249409395 12.251353644686368 60.740001787691824 69.891970635878124 28.838150439460385 25.195540592218357 35.845776594230152 8.760094353079461 35.831214012423708 42.699781660921069 79.759522390856844 63.696980978856800 32.068228715071513 11.210301607005380 45.675562461883970 35.589264008935281 81.641565840222825 51.513314884885567 10.991355341001430 31.792964135340760 44.945115894494272 45.507734087379106 54.084085635249359 28.383645354620633 39.494372454421764 20.067483858597669 96.420440779700115 96.631295805518448 44.072149516794632 74.951673273626128 99.624873845192880 75.417894461473765 65.298056124075416 41.192478694514925 73.880835211491444 65.004426189315708 31.277490110396599 60.973384723143567 92.382615233750514 35.108016803449559 25.112548925269195
14.591832295767105 88.738183385134960 59.003786055793441 10.530354261240049 67.675689513626963 25.254109946785352 35.540308444364967 31.304552842958856 92.840168427992126 8.859402646761849 75.080919776645004 79.376007680275833 29.137846525873535 78.452823748051713 60.566589243239768 81.190307624060537 92.460917034988427 84.647335123173207 90.184682384351717 86.630751594100943 97.695601033211219 71.389824366798834 20.647508797781644 38.317930569548729 8.606857546754043 19.146211689075553 50.818684943039749 43.069846303307791 54.438741645886658 82.807962577240559 86.033107526736529 50.565775265070442 82.796212143282929 11.140572087045141 37.628722665303073 96.280055674888814 6.069401983891042 59.469089881233096 97.346299553095932 68.325004522552788 27.063028200099826 9.325877772659519 35.630711694220537 4.639372211369497 95.583645104752975 53.140488577881150 33.959013719368983 42.037075775481661 82.959305422760195 94.723798277315495 70.268207148813275 69.157132951225876 20.434243123112704 86.364434242548938 99.731264313985179 48.413356373763982 92.446628655709091 75.625293402219967 75.375383542920588 8.109784364359474 1.786887491292455 32.281694095162514 41.555500651144570 49.664431615377957 96.426126218245329 45.595615829913186 52.411912342265445 98.795075785091242 6.549530697522455 48.683467610912032 89.967240856763198 36.119810931714561 71.328907284013127 30.408505223487758 79.979132679049073 60.485657657014016 47.159382475632640 90.474196874268372 8.182326448652844 25.180422698742710 6.724983840749221 9.190869966821058 16.325433655684595 2.794164149707079 76.237329031747620 77.848670624255973 76.409349969477304 77.756836459532124 59.867159513553162 33.802279637092212 41.051302562618105 79.839943103598557 48.083837766841853 68.804456976484829 1.108805691558645 81.876164801650788 58.607994330871236 65.541004696607629 77.261451970124881 31.336495231871186 14.548067635137130 32.031152206317238 16.689529566427773 66.628621072833269 63.617681175006737 79.886869939007497 75.310179611919338 36.637736899550987 23.524544522662683 76.080334012487484 69.041053933312114 40.731246192828131 4.110038323595521 88.274042988782369 41.822536000525105 96.749251377092335 4.194360894292092 57.728099099803657 74.361259434606779 99.855822399615477 40.812396637830432 25.786329782451055 91.993655039720437 75.694377575470455 99.386327259484986 97.322268571409225 51.045236959365667 60.790629649531034 29.848609701626017 93.391176182404379 95.489570980945459 37.663030480476131 73.051982889771409 67.957551419017420 16.357955016121796 95.361389374591212 18.434471847107115 54.871389176752018 85.323944763876185 15.930737798631057 9.314589301133591 36.544312889266550 76.399757487077792 82.225013626138292 33.769769657220884 18.879884183218167 67.474762396153309 10.807780753187934 20.356048093014468 91.054644723207517 75.974906478019506 3.061934913359921 92.806636301461580 67.055687252293723 66.766109710072570 36.126656374719403 72.716864999430769 7.846937268405108 83.367031934640792 22.827869234256770 16.935170839826487 91.321465475786184 94.454640004399565 45.009959935708252 73.494895143736557 33.606237264772801 67.429245912652206 42.888634947805052 71.668374959576326 24.043331109279276 36.377263005347693 21.511385684096261 57.908368704639777 95.263418905788669 69.136991070162409 54.731616501369892 23.220214756874626 67.555861237261610 47.574276573672194 17.209490968516150 48.216607144990995 67.771270995212149 49.351839791450423 13.646695966151412 24.084455431534678 8.164983993082753 4.428540803341241 18.224606610764805 88.222625728738180 42.678667633815834 13.154586247311585 57.800720873787306 24.578033584048463 79.454100900825779 54.650172029853437 67.427392537602103 80.346303859373378 70.024199326538124 86.792812025542716 36.674589622065113
91.235137616632159 41.532119180674300 1.154307317248648 61.401814463853114 29.542644960857455 44.634174319356475 33.719445040683141 17.929766096814493 96.202193040475109 65.252734107669269 54.872367123086541 27.765320275189932 61.829074423359643 84.909256111699079 89.956566305567691 18.658851621645567 73.177961976184420 99.367562381468858 97.533498206772919 89.354475590448587 20.653568788074640 42.998568294228164 28.373594411711544 83.402254016868326 48.507817796203454 48.423785576374300 25.734683730419196 57.780575243948526 8.630712460502131 21.297497975910073 42.258197463987067 99.854319673536040 29.455655240269618 88.686400951559378 72.516752763604401 82.591530076828505 0.351975768830104 3.274348964460949 10.964663108885219 20.591730752647685 30.827535087410475 32.715319281047364 44.996235534343711 44.468226704057855 62.546660423423347 51.756985969272726 14.767803603968455 62.928172311119788 71.512772531791285 47.097182005335327 29.547406987433057 11.547782403266204 9.776862025116795 16.822632584667254 66.328387071339051 99.422579542071389 55.278624271318790 38.047147387600447 68.118223172715645 11.940246172361668 62.009527276815369 53.944383613240454 69.790286574356884 51.983107362186345 6.009935922415021 35.665790497523751 63.239575476192186 15.185254033844210 45.352247989187823 5.986520108216398 64.468622337195541 98.362071049713578 26.979330244707931 30.421003545287071 55.374201078255211 66.372284477194370 27.178507969576327 49.351981255844258 49.304860372062684 85.856003816201806 22.559080534200117 6.023706204072388 10.230903567691474 24.482565075467512 27.661640314837342 54.002466527884096 26.523921994250909 72.543834775684203 91.415156980071984 49.359910751587080 19.239586653831442 26.257025750746156 4.814108011594986 46.434850458886103 13.442509884754850 40.735272631375864 12.555550077703693 29.111400893028073 2.451006999967809 67.196569336485325 83.022436589758868 12.070788736947769 13.401807531382193 43.038849951924895 3.642164262752490 95.823282306582840 91.906384717148114 8.060668999054887 88.703303979150476 86.991484437762750 19.204964282262914 25.429890682960398 27.050118806837542 44.487830832710785 86.230541923963202 30.591205113958996 43.136391474302002 47.396458759498117 9.947490770993973 47.563251597389424 71.649222383988814 81.422574062211169 66.163846789437912 12.881694682652789 59.998586499787706 74.654698235119710 19.123491893121635 15.580754973072963 9.445035369137045 94.783481120575757 29.920809812546899 97.100727108913958 59.326847339089817 67.724446341974556 3.807848296174254 38.426613213057280 91.842215180388280 13.966586135658721 43.903966546130391 29.498099270438548 41.232960757620205 13.088166098672460 84.802905978448067 59.535048939397441 12.300305417283274 8.697820630914411 32.955727254583486 70.942573143080097 35.697533960888428 51.997249711636520 16.753650993532474 34.268781359070168 79.259840790887466 10.511782792685310 56.536830677545503 51.227486350660058 90.407200827300755 87.276410233443784 25.238498081080262 66.771463347208908 21.529542061744820 19.347439022957637 49.932553341730937 51.754472381172874 56.516390123003724 19.775840262833078 38.558462892306032 96.501977555464933 16.066833056820563 71.770437194005027 42.927752227732654 54.199585113967586 70.873469103759390 70.804088448725892 39.024771022407222 4.194459090499791 37.389878954817149 67.005740641481566 89.163577325079672 35.487260322873169 11.194905057368254 26.626356910010472 90.721182013657028 38.735733107988182 49.369062817599144 77.801374059545367 36.338553957031095 0.405258935125763 37.934514857989875 28.707875333251142 37.009951471859267 42.947606760301142 28.972137708946555 13.547394221354626 64.691472540058996 47.898460747586327 96.144995002527182 54.349493073880481 17.842907360861528 52.577675742480054
27.839763438264995 34.498159237717672 54.531141462974041 57.596670072906740 45.250553854423849 26.602889959992027 45.330143453666430 46.839848455769918 78.573178209147386 59.744380333664850 69.125064285567845 2.438492119098701 85.667016959267457 93.328765914514989 6.447978220472605 83.901032174667733 74.157824160231328 19.000533229563075 66.078700226158261 18.492626399970735 0.761334350702969 10.675300413624067 68.681154652429711 68.273841224890589 11.522721991284879 58.295818661110133 99.873627388251137 68.955097495907850 88.574695091701585 93.598979309065015 63.137492935922012 33.868532905063567 39.078057972666279 35.317471452043627 86.289743568148737 48.442634444883858 55.573554541541412 75.448595919318279 30.215880535939132 66.482782857907750 72.237729463319084 72.418735715257881 17.985238049610153 52.881091460518249 14.082773898171407 77.761799179606840 46.785779183380747 55.000555717566137 37.805685365093133 95.185184235249977 81.456187547746808 27.480615559050669 2.686343134413427 21.696355110993281 66.210583719173528 10.271905714708417 51.604611918297749 55.583956443042638 12.646036330468869 61.463370982434860 13.423667261735162 72.017768338621764 81.613135708793621 39.864225131508981 59.487134546196586 82.826541497722332 86.908785066569166 69.762988714932973 7.968514851179820 0.806829127320752 27.212785108496039 41.173283004929374 12.398781151657868 48.443961135344452 34.124292144018185 26.650741058539896 10.114919047205683 36.026661209761834 18.670416092435303 94.352307723022733 26.410806427113222 90.460731425961143 33.121344781791798 29.353077228693646 94.705589053779377 87.420855312720946 25.857090455397604 21.648023136824602 80.864071456511482 19.095215478012406 53.352243530075917 35.525605381356272 27.153122859958291 33.389244038439678 8.007080263528199 13.795883923976582 96.642274860266113 26.907500583711787 42.941400102618410 56.620437811385635 51.585891108314655 90.188609910552756 16.923109180856542 85.721763213227348 69.738756073649228 36.440247738338073 23.022958411689942 56.665626133324942 59.146444672467069 18.148246931969826 67.069197733352851 1.459474156954199 72.586097714872167 94.668449968057573 12.186606200262428 57.560947839466934 71.729018122475949 32.500059348723084 91.640662265340865 11.418769770816917 67.530028931347701 52.635585439159790 71.338757832849780 88.273208039064244 81.887991235786814 42.805157948783787 54.318590009632054 49.206785933877839 7.433844032426640 20.143181363262386 38.045860063041815 88.334872542931905 78.134346683014257 60.234871215968525 16.688702357942731 73.473644765222460 83.268129956318703 62.136723753164688 76.717866949739260 3.730082991828954 27.836016637899085 9.905096126597446 71.304354502453762 81.248135492068556 73.648304839897051 75.148442430089659 92.689322756101205 6.904881932354556 8.421199738597384 1.183400969121440 68.791869659224048 78.069718252464313 12.784536060787344 8.926774261090941 84.347062916491396 99.795988036920804 2.073966455872289 59.382681776477732 9.663411106246011 63.390254555087424 80.245199943080962 12.134790157147624 41.353341206420581 24.266403506099067 77.963541452370606 91.857042233651597 11.500693007271023 88.418386461669940 33.805699433052240 89.238998397770246 35.197349481721695 52.168470577327739 86.078963839078639 7.217766591924246 54.856281985236343 84.901942052462715 66.456274043478743 77.657081170565505 68.886029573160044 59.524411316652447 18.741245284748498 30.608871495006230 44.787941636118113 7.409268166973626 73.115705979609587 69.404796064889865 41.718878661287739 55.436609219706533 54.911547944772806 7.434541656846260 78.664145917415141 80.921043715853230 73.318318715549538 39.274805136585954 6.301832499354997 54.607931290358501 41.638442661409300 26.066264239788417 66.274699623586642 96.544708837200076
42.570273710721651 94.305984123972237 83.006735623462518 62.777047252332189 21.979719220875783 98.560444507825522 95.835881866746291 97.604553528541800 61.628260880141269 21.092432047117306 72.461979581916282 45.325498505817976 10.802590762583986 56.540796940914738 2.966293892090321 4.036240166247285 4.941293569588612 7.021383149884441 77.157636486875290 54.075174453429085 60.322188446285729 32.613062996608413 73.188985441171113 88.265479047338914 67.430825559942008 33.930086873395041 96.270378548159897 13.701610975862444 27.201967737180265 76.958332764665442 79.691655673855550 37.909319999134453 36.440479445717614 0.880970903636424 14.464270269839208 99.952332558783056 98.860033602033027 94.579974241356766 69.997920008387041 35.725037225132539 83.285354918941479 61.681919437577825 92.274749009409646 47.178678704428698 96.761732723094596 29.135264717193841 99.483427612525361 52.478375081866226 59.316833786013149 77.686114798062150 7.911372107958082 61.172218811583690 12.722499581612546 43.791195110762438 22.733976170291925 30.847789442002416 79.184762871966868 34.266502967481117 31.548494303679387 69.985861576443256 40.873065096866249 86.172065096926488 8.507203909505900 44.410705679604391 24.498230946325840 5.855517970662804 45.228266895924406 12.292320476896478 30.226135178410008 29.310294044585493 17.682298805180817 58.321601256938514 2.601658756300673 3.815657314344234 82.249160896940396 4.020598199279979 98.435837768220622 16.119223264035433 62.283816130153660 75.679540139379242 42.756060006223059 69.199392466770021 76.348591854331190 10.696626269276798 87.630104485891110 79.323043004874989 46.335621741682040 97.307741006369568 89.689532832291292 49.488273170321975 10.747735769013211 42.208551195739894 97.418831201652139 0.179398820099841 3.715887875687274 14.448027359657956 65.471356702150956 53.258581321260621 52.584927485094923 25.958528727097107 87.549346535696472 45.549661133067609 38.366410068271662 70.587204291027888 21.049840196543890 7.729878489124841 50.707903719842896 51.930271776021641 6.382013961606258 46.551949600676515 45.292488865106563 97.873905712353746 36.040710715587096 51.342578234206393 17.074984517895821 54.437374910566149 9.113717699317291 46.957682106603784 16.002711399890035 49.851691999795278 56.495521278432079 76.841702396185767 68.939286683106744 76.937313706620998 59.860029035133564 91.194685644318625 7.144674739865731 72.577057182726605 92.897773024469060 26.827882561128636 43.952659767727930 95.005308656096616 24.921772085915215 52.715811121323043 27.445575013141944 61.713166783932905 75.186196655452505 99.969905671364117 55.946213905156952 85.002053638111690 56.688350650878846 95.297523058050444 62.284887988101787 68.382490397476730 33.377654712769079 59.836494991573844 23.034528806774013 14.551820644152535 55.011480241331526 29.925840924624826 9.825106290973551 32.248093413785369 40.778603078322696 44.299053028971343 74.625008881719893 90.024468545565568 53.641948223542578 36.252838993869950 83.348751713635835 7.348383090104383 48.571541157509301 89.216267726977748 30.574038527352521 23.421817976333926 65.542617731651916 4.031582795689593 4.222475245248325 66.822401845553088 16.280332643305371 41.330316128803844 30.350505115198445 83.796737400283604 21.864806129768766 66.712919218005169 67.557762022523818 87.224111196874503 45.601651630927819 62.378118466752333 6.569320712575855 29.344736533621617 66.377754436331898 68.920434026780669 87.060711584514223 36.526954170568494 61.550972444323463 60.502303537730526 85.893716353445782 16.190937850356669 40.384564103070275 25.532597478077999 49.380337387205721 70.231357436175387 63.828537715265973 99.197760209431976 40.149871990316122 80.557883298153627 11.669504462764912 34.819942167298656 64.844608048510395 96.880485594782542
74.456432773545316 73.135026822371103 30.041356581132639 94.404680285180092 79.493984552893792 68.649521297326672 9.988907523975731 50.144270151679628 46.312096154074069 41.743733998307640 84.550319634983012 19.989434788774030 98.639306782367754 80.124101505999349 2.966005287609241 60.265041339235545 35.680947270980745 24.971932454810474 17.358409984120193 54.535688245785877 36.636968218763734 8.554594889951673 37.736358323826515 44.175094624333546 32.818611756453400 33.917488771969907 96.798393713474965 57.444619857193999 32.841055889095507 92.289444788684278 12.244988617495311 71.735550543790254 4.710365103994729 95.897315601321054 69.052578773576457 50.033544748165539 60.025536025199443 30.696357104389392 13.406143025511009 92.128904745935316 64.958832277034318 10.640735816144076 22.917807718348115 49.103888319974708 66.155774720620670 76.239206628808006 19.220179477983478 1.709895936324457 94.093586284559422 59.497831068118131 41.279012825148122 36.111520410246513 9.136968756499220 8.645609794868070 44.736209918779821 0.701227645142433 54.510505089380565 13.576823230235945 10.477918043701273 67.696709621486733 30.891788661136843 29.043824488458380 70.334135073721498 20.965584380381273 4.058638319105013 55.112370443182215 96.265494172272128 19.256545695337344 19.566554336084785 70.143857510927518 57.295718959405953 91.482366967457423 8.142358100564650 29.220231292258248 94.215937240225074 48.151551813079486 64.045179668490405 37.526224744585299 7.788249132564584 23.493671717991106 56.259753999398995 47.758105423118543 70.369068116713336 3.298268155338402 29.738018985042114 85.306275161798652 70.760044215037794 33.789001789106862 4.963529992424675 18.560617801049194 9.513090871127805 35.950416117927517 5.710505388344433 19.468422899624805 69.087975414682020 72.229913763953007 4.253243022205389 55.036085096765021 81.860525940909085 7.572396507160917 86.756631493297505 74.677707657665465 17.735356446425389 95.402134773887553 42.046379339021875 41.534896985145110 60.286916281516291 28.999499802141028 65.284739274573838 91.899747180798869 24.938837365208432 61.413865119765298 73.259395048193596 33.601989187570155 69.153843847377672 78.066723997743210 11.775265438319449 94.016116260288314 55.210413716354545 7.542148537381332 36.539906830401350 45.599663571103967 15.667021827383953 24.436954492380224 88.141922438675948 83.162388234014500 63.645905045170714 50.511881130925339 69.404442419780636 87.760981961511135 98.744191059640912 36.734486316562268 80.941855601226152 71.665419213591917 14.631748386731724 79.021170915205204 21.480407992800654 20.017499281759921 67.248842667905663 49.801037084990327 90.515080632256598 84.842673392353049 76.461126877360314 84.609144953552502 42.717256210373534 77.191924567815164 43.460966393717946 43.252510150886344 59.605844415086636 93.440118963568224 74.538664752909042 91.006360833357860 9.593172553000429 89.120642972508719 78.255002380295494 97.162517807869193 92.695490603055958 84.955597319328092 44.142933492758893 71.697440561289568 98.369002235500943 42.288605857959773 60.917647930394594 36.413498304445682 97.748207014890127 82.633119514551012 52.074580889115495 70.064647227961686 77.773929367137001 63.639783065541110 90.203146574209725 55.031464095899771 3.427039677443966 67.014955535862228 43.104898343278322 21.646153647827571 5.104002281609022 85.401529343427555 73.319866201292882 71.258697470480328 31.365388339811815 78.134479037296657 8.116664105219851 20.062403436191801 7.184688225581848 22.259519118541991 52.297641735036791 31.693250660071946 36.785411700045664 95.908364809856408 49.285682003426970 15.792625430546126 86.446777537694047 75.267565374124217 28.837620108969496 10.768665965885260 16.839049472195843 51.848072389435686 18.581021992235492 79.694817899203969
45.564122426316224 94.526587853781706 42.042366637619857 29.755512937423124 35.384159479583545 1.925734588624439 83.831458582461238 33.849450927954919 64.223112965965143 80.624725442402152 90.573996204532435 90.455592850162134 58.882021598231617 63.655810233874547 4.212470020689995 98.905736056534650 83.900263267925894 43.240653692510108 27.714182449024950 11.347921432804887 5.608504662610492 21.866823785204016 39.164116602516486 32.637625057801444 40.604652372997663 35.434112520611080 95.061743975243800 62.525965194026092 89.948439952461143 17.038825118278687 19.217716763558201 66.856530974791795 69.298517130193218 58.389440870312050 54.650605819409158 18.747915235665445 42.600671119965924 78.843380863162992 3.706421296558160 65.104816879259133 23.535973818049495 69.639884112949787 88.197382066767929 27.545790834311024 72.955582173322355 17.190840199073556 16.283457869744378 92.356360155510771 76.142535910477690 91.236571994208504 31.091479235091068 36.872974090967062 44.205811959042350 11.186786499565848 10.279564459159818 13.639396266946335 91.800665566484852 90.444866037257128 28.227532655391151 74.240021179051212 94.655602619698996 38.236552144426561 25.503588061852376 15.481983232485341 4.413864066221174 75.593626054416163 16.404720882247581 93.430959306971332 45.861341623405195 50.787314177795970 78.301399081094928 84.980913210175586 53.959070788669493 89.980103678878763 15.761122274898954 63.679585918248705 71.666339999757369 43.553802463603020 96.303629384815693 74.838373867408222 18.491879444780047 90.982980150684995 60.737031222361992 11.706419125803624 1.591290771946807 90.448389461943151 1.123548162625909 69.054914635782694 55.357432572485379 41.105966555659194 98.930905954143640 98.257715370112379 61.031834448076317 64.300922380036567 41.699829427078861 58.289271554957587 99.294927874391192 11.757420715954115 26.232034541127160 1.557593192575479 99.082390598443482 91.783812806489593 38.981859214153580 61.639459165426317 46.593018425044562 42.875373640551310 63.751392534419729 14.251729392081813 44.081284520413519 84.552312138891722 78.828724048093619 89.139504346360297 44.841650344843757 51.761485479629421 17.047780247362411 36.157899730090250 54.848766908807235 21.953211365827197 52.999165668066560 32.697916833308824 72.234648516403439 46.309414875754861 63.599774490451942 64.399520273850612 42.511032633865234 76.906102369342904 15.532319087009604 9.473575132722356 64.208350265505445 35.188764626317507 71.856667212852784 20.246232201904579 81.337387618403028 45.939652728777034 14.118342411571728 69.577866480908767 61.961438431467506 35.088747201147896 20.285430780948744 64.259779828562031 59.696003848613252 63.660920675088114 56.332530159276118 4.242458903401092 27.938914020512438 46.558694373941989 69.822770865294927 65.791170810575252 62.988966538506375 55.121872592303788 61.515672432210735 63.824622314122593 57.352997913346584 65.314915536032274 19.119824400803076 88.988381163944894 61.563478832977935 6.606295391859129 55.173580191972050 49.548408261533808 39.726961857744591 36.629367105865008 84.366054068125635 68.621037895653046 70.798532584190951 29.589544700263438 31.198361967688104 86.709796708139422 46.102697057153676 67.224373862898744 11.890820077803665 7.982743946696347 0.319568996422970 17.379104327440409 86.557758967089725 41.038502356644344 96.787943091912922 16.040622123864001 87.921066025756716 24.194325473901568 93.199270120954907 65.944215638713501 19.849029623412704 31.766514275688362 9.056548818247546 52.292948862999644 5.930869637325864 2.589358573781719 60.774526100079932 38.681973705631059 56.782086056284740 49.215812492846020 51.556527623631098 59.989121154063177 98.408510535017840 77.472382159802621 1.773122437663521 88.038624993776111 93.715506390673411 53.164274532023605
52.174691086887869 16.416161580687415 1.284731650177762 41.762416638176489 45.878513458275208 40.265750704235181 88.575262706781373 44.427992653071591 86.708324121782525 93.526200820100442 56.210825999543587 33.842807019095630 13.194517096641468 15.193530487403406 89.720212296589295 78.267218870138137 1.849289056611025 43.615703775485123 72.574705543658212 3.607768461598704 17.165885218649123 24.532670013941850 56.766911771917229 22.137997616326142 13.482830823614290 55.891007549622010 41.492973491770371 6.518947572576606 67.565274869723950 35.931728607455561 24.830348219889732 25.070034521010175 17.973797635480469 6.907815520682236 77.728336300679359 8.763998058733780 79.514088544949217 74.231624514422279 17.992587263965166 63.083141014728064 60.858691401948903 57.892336197982317 47.646785900711663 76.146068891548140 27.607925303138291 18.599879875400781 31.085254804933772 92.245428883710062 13.761433569780968 20.535259126840256 11.200958970603326 99.867002217967695 40.299368050484993 45.588979415740241 29.384465774342893 62.955668475516859 6.648288867837914 55.744884569069086 53.509802979139920 65.280952996147917 85.642846244123945 98.469468575151069 72.304148738641828 88.657867360228309 24.642693713491692 34.429182190738160 91.126778086756261 29.821239415147559 98.271140014261491 45.646547872368629 83.259647613809847 88.903198757541460 32.744178217856188 47.465102059872208 5.336275001384195 9.636095274950529 42.730333950696497 48.011329987546382 43.565141417829224 60.629865578114320 15.174000657209586 66.100364297561427 48.948468401571191 55.510801280008515 69.888863786224775 26.294637092188665 94.192883445011759 76.341843224419293 80.416120030000897 48.848604557637699 19.782453684208189 78.773468501521165 88.010753458432617 83.435227933151481 80.286538962850017 12.850786189884722 36.607722744138073 12.749279254389768 80.725794559601454 51.033651878244925 34.857237655797810 40.051203159077687 72.349279389625849 70.368456966703363 91.918382044145787 3.951653837696278 86.375067755911346 63.071740364188855 32.934863616341481 57.119700504954409 78.144724917991255 22.494421574483269 36.539596861764799 25.734989828738897 15.745595543502343 84.765781212251525 46.401718987321253 88.354545332294194 89.317866145198536 9.012465013895198 67.921372964966864 44.562518387049053 88.796605078617944 66.722457141122405 66.769649952183528 20.738777802314079 20.920264699080771 69.839774501895519 56.699465126487112 76.439124229761234 58.480916151191266 65.656511298588612 11.164511844989345 56.753819249823870 26.923658917092286 29.748780098958949 15.576758253173740 30.073313332229688 38.862348221548537 80.700667963312597 23.157150058915409 0.049653391433990 1.065621816423501 70.744831911490749 11.843688037134170 79.541196934537581 28.777742984879360 69.961694334103441 59.126979616230798 60.611197735984121 68.055397787768285 77.773572625261494 73.566178817041830 17.190920713307978 22.213338474306255 88.335670460924106 98.522957858476346 57.597148256534567 31.821452622116254 72.274573698302390 63.040159205438670 76.530503052434753 27.429204691828424 4.823978202508917 63.307159889904710 74.153375291958781 34.063603354969970 88.442270860709556 38.134647276176217 53.932034257609033 29.150662130927884 52.365344306379768 56.835289043586947 79.561065087494072 49.424011181791940 77.432041243063026 5.869940987221433 98.654754547854679 7.026873436098935 42.741096869806640 47.327493045474455 72.967469799967347 77.505939718767507 34.074306605600256 63.306983448436718 28.983655591706857 62.726998350340246 38.240808098456569 67.938384045787998 15.618683678905532 78.658745119815521 86.116163279072779 57.610313808196167 19.936048493899495 97.495643706065920 62.538889652748431 18.179936130688333 7.696891613008616 83.267875665109969 73.918281456896480
1.127408569065469 78.748552609980322 32.797521211327343 29.110794002431405 24.086013428533004 91.860923926451761 8.960697682921070 46.251659660060675 31.450241082885110 67.048575186799113 17.723680390010454 88.312843397663983 5.683249123411294 95.177203084131463 34.723393758404931 49.562329956156205 40.841350039861446 43.767056169705278 8.405472781702784 98.697961115329491 66.104141750581149 35.056055322465930 92.758451227238979 36.692268586910927 97.859655948621139 30.910340924797641 56.063449864046575 86.965791641257439 5.935168635964905 10.331957930042856 38.515176171897721 73.336101415241714 43.112582662111556 96.651635915972804 65.304798556233166 35.163244771043459 32.351538634892151 50.780678008013695 5.995764872484022 86.117546849854037 96.528480290810265 80.325718585520534 10.644530341719992 33.034785596604479 45.939071435572430 86.363059879034850 3.382962949311341 24.592339944993402 7.470583537620190 98.237102378449791 48.701302071711957 84.499496551021096 19.571287898943048 33.227102196632252 25.018133460398772 29.524720737018605 23.358765148977866 18.560533815364867 20.768881810675278 74.715614626826238 82.491936859491304 50.685439761514530 62.973173395227647 44.338481457571831 3.484622132101733 15.101680596313994 36.615220600531536 89.214274313337938 90.722761073965188 38.703158347914510 13.483871217653153 88.899373528437252 0.595177798948177 0.367937090138504 48.787444754146925 49.661623080113856 55.869245554367374 16.479841314380728 41.274290699535001 92.657776611859418 68.388223492881281 88.439403686531961 17.646288320204519 22.164708848169035 45.707809060308556 32.372797633316395 73.024768492263519 11.940320780660107 59.569771475953360 64.236979849905623 42.706062941549185 7.160199026458591 43.754298990636961 77.956927212090861 80.049060998417886 87.510187955941362 65.988518716832900 39.823784491933957 57.006679933295999 61.363508637459894 12.550637230271565 70.395383506629372 70.235453461232240 15.683383530044592 48.777546104094348 49.706321476782648 12.705803682741045 84.485301851804167 49.637964665830069 79.470429123445328 35.825098159913317 2.890446829703353 50.988695486924939 86.846138548378349 3.560705083242210 97.454585059328664 20.673756892478433 78.196024243302503 27.458904149749163 42.028952955293462 17.306728203965228 75.434172406248578 0.463676380923028 69.203546943061426 11.589646880818504 41.108357899458895 64.869050213084449 80.281239956760714 21.093572466658628 32.479892815311295 0.687031861078724 9.840396553548336 49.334891592685260 32.317813740479636 40.409146657975391 16.501500052808272 25.764154669190951 15.800405049707999 7.682847847625307 25.242802141795483 24.275071066323427 22.860567609682846 98.105499308916038 62.147649211962360 50.879028894842016 27.630414682809491 90.430599124662379 76.244011382086569 34.162446215013965 52.889362026905118 8.767466423280034 40.661085434110156 85.723102624412363 32.810972750278225 11.320546874415093 62.485253393303395 46.288531248345507 47.209150268699638 32.685488383884454 46.867414121495280 57.643690626367281 51.504315605136384 84.230251687972128 21.370847669574445 45.619376051601215 27.580612520136626 88.109066406806818 99.354131187730161 58.210616354395917 48.952302706036512 88.045702547534745 50.251055224348853 7.103762647959366 63.541219654204198 22.878014025028971 86.772678767060171 60.738686153702325 52.155044783739754 62.814200955894627 15.263556392127974 12.723651191293040 26.707852015673737 67.402340296632971 83.915465405720724 98.777111468407185 75.715702689839588 50.955574216260061 70.102553491449100 61.261500777426626 59.433075305764604 15.080385429971999 52.811862683116431 92.446319459082034 58.801175743943212 94.291401539416313 34.075715945772785 54.407135842469486 12.484220431814929 63.803748453254073 75.666770558056456
35.263694128153858 72.693040604203887 50.992745790345452 94.520025025545777 42.098662379821995 47.562297028234404 45.475542744077323 72.715847075535152 1.132037631922289 86.907466527782944 41.067364702319331 99.825153060125700 26.645813645124939 27.705848412505119 25.327806228571092 73.000536912336642 76.008823347674664 61.409922718096880 51.770105535210774 97.925262308961749 10.786181963407726 14.973966518771642 16.709345617550241 69.895914832291297 90.481794783165213 29.592077848890007 2.980432405189659 86.175074636754928 78.549043110685773 93.876989966532705 5.226428333178646 3.593579098892619 40.626303709748427 19.389877028269208 33.237243195159309 90.816409145842030 53.050088180375297 27.074433336847893 58.741114631390658 79.019670177861073 10.402278797171316 48.021198627233254 46.770492840716891 1.989696095140780 67.051559239757708 48.294364944192822 84.377282854237691 36.009254155714451 57.277968437140849 72.577341960102032 96.730598037024706 38.646707869451504 33.372176093821956 66.013858821156475 6.510933632692795 33.965564164738524 45.216596576552128 73.345299958346601 98.701304161973255 11.442097547409025 93.295904096640257 83.267522339109959 88.772901432089370 74.696265843761410 5.841564178618109 22.918894871369965 30.121399360043533 8.207507764645705 57.575611843179828 46.880149486737643 97.067196748328584 84.432869930713210 7.705297752147033 98.738355519419898 95.664436349765865 78.213475515117096 34.144983647463313 36.881327427086298 9.869111295312393 36.067474769996764 9.526956581450129 22.877001872978433 35.849705975240788 55.221573372188345 17.866010152069745 8.750156425068401 22.405410843244056 47.342601291469364 61.165090090457355 95.969677484064249 62.063582766721701 98.475469197758414 18.060671121436343 86.130845618131247 33.652178095575692 58.279743593454583 84.056821677663791 12.310461484775924 48.290596598485457 96.609751395229054 33.362871700303742 27.295614385030742 48.583456176530802 29.236459082417031 91.215853813852107 32.900092347670608 25.591621781759578 92.705317557735000 43.925201591904909 11.530607427432527 13.945314874795889 5.857190992249938 23.626061900551932 64.200393309670062 21.559836643538098 93.681770983906532 2.796425949168713 61.231163621148788 92.888172760822414 7.663209273912386 47.328900585406586 85.169056758371852 95.327512961385636 42.029108044209806 24.293091159806501 54.456667070132603 34.890397968809452 96.934179977768338 42.276029280861749 98.983805347371373 31.738772460144137 62.533140328454628 48.815727000908559 12.610509649128455 51.177292645849469 47.777384284254140 93.651043463191186 74.272501122312121 64.173436581126126 90.814727769896948 68.657212228201630 97.059417079339667 65.111763735483834 15.271189296710187 69.001560881336772 45.695919872145666 18.509259118391409 98.046534263429052 29.556991030115821 37.278867956223479 6.951136682894110 98.924241899832239 74.346785510469005 84.465767799229383 73.762370894278291 42.600850955168482 61.936021169941270 60.842594817510175 38.796894740258338 53.637545571738507 27.928151110851829 15.758697998367522 84.591099049357638 62.921460353035449 40.474482891798345 83.266042394065579 17.101085788892700 62.012896115971692 49.750234376637358 65.296889997951297 87.587560893105092 44.519331933577845 39.391299833684826 36.940414779845035 63.417484481402617 20.930610697372810 85.305696744894661 87.523186030682709 71.805302759458570 49.062384854017985 85.373159857300934 93.003130476029014 58.831140556136084 82.046523628570370 52.395436075029188 56.997186354139707 82.131145774289564 45.416389078338703 47.578213383692948 29.087894772640134 41.074797716024655 43.374861676025333 88.246197279152341 8.760745470294950 91.006994208486645 59.610220176931904 88.121002405362177 83.208686828284968 43.559748065700141 98.003473248218413
70.150393294018059 24.669508999583556 20.229375291554863 98.493836593146625 72.757456687556470 65.890019870025000 62.866221913627562 5.818206153693140 3.535273562810015 82.850527415409303 6.665888462095227 40.356432855040644 77.267333694556456 96.238827546006434 67.800874799051343 33.021005483984844 5.235900664213721 91.397775781564022 34.013678765169551 26.853876461601732 80.284890092992583 86.448452551100914 40.932815805224379 37.641363883397382 29.559265963421165 92.741917408866755 34.519650183375148 59.518263491289360 31.022311338126464 93.215544155336502 12.427219025247293 97.814021406056867 25.558800625244118 43.811092711088214 83.051730003349888 64.304019548621511 13.553410167858349 28.785987611539099 88.606194721184167 34.624036312627105 58.628593021795581 80.254848989168934 19.286419107898546 17.765796846183935 59.066723651388862 83.256844480710512 40.457065464306488 15.678516983726166 35.568897819792255 94.594042273301611 11.458759772622395 17.208375344007688 92.885222548878602 88.948952520728710 85.249722640403462 96.628161614546045 67.008822614468357 96.471030042062949 73.431834661803634 90.359458556560256 23.401689551816496 15.384903690682460 38.560975757938486 33.564838443393796 34.282705923581283 90.269282576556890 20.789220115854700 55.127724902742315 4.296586663786684 57.022349117509940 3.310836825279362 78.501537910357513 44.552007844569360 50.172549615827599 57.146200286825312 64.925043620612172 14.700954111180998 73.141212589759093 12.836829088003721 59.047594936133294 78.348122240550651 27.932121609054494 16.552058533887891 43.205733627887099 92.671176382832670 49.458000881962029 75.648030905733194 21.721264065975920 90.908151485913422 87.177749521145529 85.537897703250820 79.256546899868979 37.615635640229151 39.160689811159585 64.724442218560753 55.264788060555738 20.418789802090465 37.853756796702420 51.061618179630756 49.781827734166363 18.209731206380631 30.714236441782294 65.304563223398588 7.989559075683439 5.950432588587651 95.432786397858521 24.976787865138906 15.496562628499500 29.761036442993717 62.297859202840385 13.050684339141306 51.956452554424928 77.076967825299747 18.027720211559494 98.476358460974154 88.409119996488528 97.167476846887268 48.656793365583219 59.718470703053796 29.724848084423851 63.075249259171152 12.036555910262303 65.928175407446957 48.466640598919987 71.205523607806441 18.845528281624656 50.050374807951073 5.774467714153353 45.126377909490955 43.196162695829280 63.423813051255742 40.647535399143351 65.793568356666228 9.055870481191807 63.708464598578473 84.913385833450491 3.484749756707028 5.408815371605225 1.337519426295430 86.280076355325221 25.020592973105661 14.369801812870675 38.585648810797011 12.983788007642328 33.799401605098524 9.863243602560933 23.131815883961526 75.789419494122271 2.791330565747940 12.930549832550042 55.974652275966989 3.211704324450160 18.327848929045032 49.216563646645049 55.174187821508426 48.758948449851481 46.880333382771532 47.147993132940954 16.178282735733372 17.098787102526401 37.429548015306516 91.231378095295497 63.367829415635434 19.178012792051479 17.987290050413883 97.634098369634344 51.170023065977567 23.061702391237628 78.884248491405600 19.400335929276281 80.166335101724016 71.584374472688992 1.493607145282183 64.085654579688523 75.460293180765731 21.735204527755382 49.054788427660391 21.719874880410838 65.613949600156118 13.505955133764536 46.554106655128869 58.175012094498356 97.108329124966403 8.745068673684397 84.640931765509507 64.575968907118920 10.755255588138990 15.437120641892477 58.088166646412276 26.156409769568544 36.841461763505833 34.562988740714594 43.243285902950504 36.344601305509215 53.929678614914735 93.259568678000832 18.962645420096802 71.841101909111231 59.669481557549943 9.680277205668087
20.349234057781786 2.285302032300929 85.968150716973113 46.150891521920244 8.188577146431363 22.961758826466106 52.597050858193981 2.881211285746199 6.797143177975284 73.811925674804613 89.399356431627879 54.404096640116826 21.030653903196526 14.950495457723978 58.220896403745890 17.699942195670594 57.126502505849274 88.292808081030017 90.993605620602196 32.699455779368456 53.263244375657884 88.437394537607588 97.130893700386494 1.539183441532244 44.540252416526357 39.638312025159308 86.154563851954379 72.534566687789251 48.427757154431362 67.279419491394307 38.840874229309385 7.794813514214094 92.068978386174663 31.654731590788764 83.801821881815528 0.618077867141231 36.304534452969591 83.978922784290916 32.650254300370577 61.136665522166552 94.979126011550974 11.029684266742379 14.086993990179808 69.731981022366114 40.957260673590135 8.261769334456980 87.971100283685416 9.085385645159661 99.775818180805416 5.095347312770093 28.061679315681744 97.269804434262795 60.703748431912388 12.966209898579272 60.016730654138797 80.205060153044627 70.362163463415627 23.003955880710190 4.887347641126061 19.391407896882384 10.377001398528552 47.754560102934327 45.406085173165565 82.135927291423158 70.948814274703054 97.468729823202480 43.840825909221422 71.789923237175060 32.483029874134481 54.894534520236540 92.499881283679187 79.004037143507929 57.942742731577667 73.139140177540483 79.211515034979925 91.248083105261941 31.600486776122537 2.795330608427715 48.213798079024016 82.137753412369889 72.490260075590925 71.984579058247988 73.715707977489970 36.590537430526084 84.061186452557635 89.824745137159240 15.900286805651575 22.093534989150587 35.696378556813059 38.257664332088282 17.583488295045335 2.664676846112723 75.019910507450561 81.236934083459417 46.458337827675763 99.692796145614267 71.269523386632386 7.460586537167457 53.423420151762514 80.357954101768058 80.164774137727150 10.815227825554974 50.069207842185790 38.851726060901129 91.755879539635060 9.188242761923393 79.447678193171825 2.629276132666003 4.044997546417473 90.639649396857976 53.413324574867069 10.293446924974969 27.335125444279150 5.580890556894824 88.084332461551043 33.294047309899632 30.875819413257709 58.941182086183595 96.304657174089030 42.246786324337862 72.372856145021728 29.502587575793150 71.965195337404737 39.630020829076273 89.058932230710738 96.654606439336547 99.565078499101944 5.771390215625738 5.456934048629081 94.467958595635864 82.809814485365010 65.841255240710780 46.499639604060135 17.763999591878708 64.416776672571288 26.276117710860881 61.754299255589373 13.155405486985893 77.044322042830331 90.297491380316686 79.641318530424428 62.669342322932394 60.971251447123166 38.025745832086642 62.728850134866455 55.781788963284797 9.107427083460829 38.452238367116585 70.782164631967689 77.981983638467113 12.445132118104452 50.779671986870987 6.926423927656389 31.042379454320969 63.756483841003117 92.195717753650769 74.511520354733847 87.337881433764736 40.956291301728953 66.412869347961831 89.891832923466680 1.054859787409401 44.090896567627404 98.271360259367952 9.779095041598262 15.987080024743994 67.051882239301534 53.355800620183416 44.100696218451752 70.888027622991501 36.139767126708520 94.191164477378919 92.169568742444085 6.549542242005035 8.345126731039464 19.888443772945806 5.483772140555388 30.638121484607517 17.997461305085459 2.459321730744979 63.426308332258309 59.940892278253301 28.575780366568527 15.373925755464491 39.813275441193454 14.147369125875574 78.444675677845936 50.292864182519516 12.084695474361718 6.739966912825746 52.978915978075783 14.927422504453968 1.991797956576435 48.370424478036711 23.167445615245043 16.338850808638295 61.134863211339038 73.398649452777192 52.315709153108358 89.626794311572809
91.062752458806983 12.886641595843573 13.355155918164963 83.864627325474672 73.502305852640021 23.661832991899512 7.273298395957939 35.948599113469683 7.102569137258453 5.107156131962876 54.151209190703874 83.532339860963020 32.357290869231129 43.006943986858637 17.456667043813269 46.096777064502767 99.572168416697636 73.300857652343936 48.873168143196700 98.034686424690250 99.330543212567633 28.606615102268997 47.741063435409771 35.086118617174037 82.749590608828555 98.004574438820043 86.711216319005430 96.744675993220412 46.846268513060217 82.447302316158158 13.569464679457488 43.280961788559779 37.676343893575961 4.741705868039325 40.775992373442364 75.440711220688485 94.840533986929941 8.639659922175957 97.049670613836099 60.366892718645495 78.363317131443964 79.032790085149145 88.059586908295657 8.326287432424840 6.421104419296775 33.915023567554414 69.784527911675525 9.772844118255586 15.906138249381963 9.317520910070499 34.674620395781453 60.230119862220263 64.992418923463305 54.839411650090241 81.658356297293963 52.727153438103848 92.297701822997183 89.324820700791818 84.277455264047063 34.563848470341220 8.956192339711610 54.586020484247378 37.920793922724407 92.026064102371947 86.655389788206051 22.437792751445794 34.634189213894203 85.997227708202189 22.468787201321650 26.789545910996537 43.102510171910438 86.903412067087800 32.558437407394678 1.665521219140076 55.039811912490798 98.546170297585405 19.394503713103305 26.357280974844866 89.591758731206241 96.752711113674280 52.204530860945972 11.758225209888540 9.281779197257134 59.738610909950921 74.241239989953030 22.886625524397530 55.247503267545675 97.199689371606340 57.475346850024181 67.155054107979765 23.820271676244452 42.621738375287499 0.637391530346687 35.726405741436743 10.089841489837303 98.527255435841809 20.612835104454131 97.633145190774002 96.514384734170264 5.185989448195771 16.928828030878030 68.468356974094220 48.080315283333832 83.107570179199939 59.719767129370126 31.531405471566355 27.938804190587163 29.467704370936097 93.932534458573571 30.041997900187500 85.776988779270482 73.685988213156918 59.251607264406360 43.964811744458629 86.849166618671134 82.426546620662037 61.198878630105213 3.138385276231737 16.799650349635453 23.034564737535447 86.327362541905700 37.695016411623868 73.940645872627869 35.749026696656827 33.435447046000121 32.635163262516407 66.932933277331685 93.676529199311503 38.061945548602225 83.597472845291563 69.988500741632691 43.287110453566271 40.764861557653894 62.697616737466419 8.101951715548971 38.017831231697471 19.782552274135647 60.305285584209514 82.643932672570770 70.109950374314295 67.586911707859613 73.478954487730704 37.029292831359903 28.218117568733348 98.138289683267189 73.781393419969945 7.102225021409181 10.101845096792761 19.427776378299953 22.894695745497650 23.911773977601726 38.433588348356587 86.134085816819521 24.072739130630051 4.524971628196228 29.167867916100743 96.006186543013285 97.235596559280438 39.319233663458760 64.352787771997953 22.043018101599454 62.583264352161159 2.430111840237981 11.630939371883887 10.226677501218184 87.616675705681416 68.788931071067609 69.004543220864292 13.374799434196438 14.004736128619344 56.645670900689346 56.933564539773542 17.891776649702518 99.515311587639303 48.864304250680334 56.690545871237077 46.780368641834457 29.310116008702604 59.241622392844462 89.775361266941061 69.398043337455121 89.115557891313287 39.207434709782873 21.680941632774008 97.221348587996857 8.520363568133382 94.190246765808425 12.852430346736609 72.717138268586226 56.354246318658497 43.732193788003372 33.266163855937393 7.289115653742318 54.517876620929648 81.328258170412141 96.221869216608283 22.043009213623556 33.952459002400346 38.914342903313695 89.991542140147217
56.616529418526049 96.215689035393211 24.486026660812211 94.528532931171540 0.007389640191724 70.031067026068101 52.248040127956585 49.464191428116457 49.589215583084886 51.891828873402936 24.888481497232785 54.416782771893125 1.316107127550148 52.190274063069594 52.900655441068345 70.467725762364097 81.849551638702152 26.800007938901381 40.472215908514144 9.340554511741994 87.190274704410342 39.013764168332678 33.915547967648486 18.994699165020300 89.117096497556119 29.395831544429974 86.421189963566050 36.865730526387907 76.229818608627085 17.471931212699545 36.777403552587614 45.898270900354902 69.978381705181718 32.811532165104651 86.031509918860451 5.499405164812532 61.777358023020355 2.757685975570412 62.693699796876778 90.782175159270906 93.980781802911338 2.696844535538367 99.196200047588022 67.648152734619458 40.220518251269120 27.667434373387955 81.205696083962806 73.507950152341920 4.752959859125284 7.243163392339924 36.508377835436036 39.386405607526278 30.109897861430778 54.960716463259395 67.110598677821713 89.755359695859426 28.705778142904638 62.280125777503656 2.255051815193165 50.207382415706945 97.481103062989689 75.705310455109199 90.849726885687176 60.622565468522701 85.599693840857967 44.316417937421392 61.842617249249074 37.285229608237714 89.915069351349430 4.838462013910860 46.553668687918424 53.122873830456406 70.667122049496470 42.274444377982469 33.889773690264576 60.793807729698514 49.119784692529443 1.880319105941630 74.920535501481965 59.075352374788267 13.724489915703975 32.017128678274013 89.369105350818728 85.053266741399995 51.894920118381563 4.017074254477404 68.302861691223455 43.635543220813524 7.849020262284556 39.086252804727181 65.097080196883510 75.397994295309218 6.150067408181692 97.679634841412081 41.083428489423504 5.896790917866190 48.067536835121402 88.143689649460754 75.764615558279672 71.784387326302877 35.423859117901756 61.550304918153643 21.532837819316299 78.648029893129518 79.121028840015597 92.083622205323351 69.607348240416059 30.100023778279450 26.556758207738284 87.904551768732375 16.885636682817960 56.246955539135726 41.434900977979908 83.476043353691793 30.808338479581277 69.809612988612130 9.235008368750886 34.032641865454835 24.163472862883339 39.159831793000912 98.698266979227370 56.085018074695725 34.532157516626036 63.863004201253695 16.529201517227619 6.607740400736272 70.995826081903942 32.916423261065241 20.136520908834356 1.591161726205559 63.370538226885564 82.215113388884845 6.524034889698749 45.742052653984146 25.221444634161337 4.004065397487622 69.738555661557868 11.057864925981109 85.153067793617481 14.825677409683536 16.714821841889560 9.230108138132797 79.634954336503313 13.297359803460862 87.412955721184176 21.584687587873663 1.949255034299469 64.744592440920982 55.367707978923988 7.606619665964754 68.923652224492827 79.958699758468327 99.959483792693533 87.732996712313081 46.828112547481815 28.498595193716593 9.283726225813361 71.142264670346762 14.564978253366734 97.835899020644561 53.933630471618862 46.581821472163057 86.345347997503396 4.042655286591190 7.295702081797694 47.398336256186646 0.846693269230325 3.521519253184691 43.210536059685289 65.581227225578203 0.852216211801882 25.745186175174130 8.959566013347153 33.467444810036071 27.307334958095563 94.883056325087736 18.779249208003733 18.289503860897650 15.616865066928487 70.676826699243449 42.724083681825455 19.663765018091205 50.610218153257037 20.571308846492443 86.667412388324422 55.819367272959418 53.844606001320237 86.212736959097427 86.171139046380446 71.084676311274578 57.344039705214179 95.794891664065574 40.022355380625342 19.038579476461294 33.913175298887779 98.782438682062008 57.193477081138290 57.824242879932420 56.359823535475762 76.326798961774955
96.904466267891138 72.120212810508548 91.126912805544151 32.406762256869058 10.991052038469496 3.973188027336905 87.462973759595158 20.663219254511311 72.900742389363785 43.969829229005839 15.630993844313036 51.792632537977646 69.742056751119861 17.277028467588273 53.461472598587342 7.867667253419897 1.338979874165314 82.391235174673554 62.623258284215311 42.872064748530661 14.497045732776282 63.327754156681962 73.799093457942405 92.169479177587249 57.571819142164941 36.251338205563556 91.611244710453093 41.428878528785106 83.540232707269809 50.086356107557350 68.089561607260805 95.088343182718077 30.277521149888422 41.076782215000264 68.507585747928772 46.765452793574447 48.328925664937138 75.789190520371378 8.552587494014208 64.823367518729654 83.014050937272856 57.025687682616585 54.471265645723157 4.337269000142230 45.873138560527046 99.741499599934841 8.126073308508930 38.068158109341773 31.730700678662139 83.572160732137434 64.530525853003539 8.983362334300772 16.450929309586638 64.140411913887988 1.705358214525299 42.871123822655946 30.739164728036972 80.914779289456689 85.946690063267454 47.880969493120674 29.153450476766640 1.957051739189508 52.750452065009220 4.523802392222754 83.167106760873281 58.268603158781765 22.497365931328094 50.542539062411564 97.929533328169072 68.843865837274279 32.907580236105524 62.241471005110085 11.828870885917386 22.857872484914864 36.124794723069343 3.718297011318938 11.148470536506816 21.448974774082640 21.426417770722050 60.759365455731555 91.173437896611730 29.608599457891984 65.520499777310874 38.969720548750828 77.599919897461632 52.423409677636812 76.333266945694916 46.150707855721777 0.177509335052350 23.585511736674171 69.622930143525522 11.188854104000267 8.385472127515726 91.704606275443126 95.913104875113774 57.295520790974606 6.054252416491524 48.814390171360102 55.222785722774347 5.852781447556299 67.762323188984681 88.471215920774441 12.024355744273896 71.938381911922548 82.539901172545044 45.380524032317346 46.186499545504446 0.502634331354079 43.862286412716522 15.870844569341958 40.366320056854256 55.912215948701686 33.412985046278806 48.744939280017860 35.534582471655732 26.995752230574343 58.803825866389957 80.226791466953429 29.847400622375197 44.910948463751332 10.117334620231166 43.890443110277587 97.196161637741056 26.946208913216985 69.061981673507361 68.611192758666391 65.463474984712761 57.884341200709258 42.035812070361445 38.912930659130332 92.818624526121681 88.799163706008727 73.550867159203719 62.924910820293810 0.082637978069688 78.722084601347987 82.574329361063477 63.071034652879845 15.136755419619163 13.938461112716748 42.048656274739557 85.709670396363137 35.287766038640633 43.573431848468680 86.867358114613197 56.735805484825953 15.861378981860874 34.084570006738261 33.632263975434107 78.557822363848487 94.809099880307485 27.214132811250423 3.717931906274252 28.113822762669795 97.070837679167980 73.291099026631230 53.200189703014267 88.247450141921490 17.449744894167107 19.763633638960087 56.759025321836390 5.136505356599674 2.007420241726643 24.308115996223567 74.945324337197988 89.066183578069300 14.719480339557656 46.404731472553962 37.761442688476841 13.195946574109030 57.315368980179350 60.044136043705734 46.543811233422240 96.136134104449056 87.867682682557074 18.446957656868257 8.670744306653189 76.484870042636160 20.502882167231451 90.008648550663224 3.067608860692983 9.864106918979287 63.665690978858649 44.819771533506326 57.406019130960338 5.827336035471953 37.228438659460991 0.065841746347595 28.262477392805717 0.604620477929441 63.681866292714098 34.304706027675294 65.837106395244177 15.747575084102284 1.570257183222845 52.000958614348022 17.267506007080591 39.523319468318959 82.306528936621987 90.284177474107111
89.211241386625744 45.153896347357538 58.227050104526711 83.741555502303441 13.249631859244760 41.570528917238391 64.970802154319784 78.488208033017386 56.611346974618662 54.483860930487381 70.086751427516219 0.650157634928761 95.393862942542356 20.385636117718896 49.084348535356881 92.069794627841475 5.995478718384673 11.393154115003279 6.595504943883846 14.675540106593898 11.550067348049975 65.929132692414413 34.794334455875422 84.018597424133304 48.010744717722801 78.023478375560046 58.160388766502855 20.826938890085255 0.883155675238045 94.127415472371396 54.250982662059059 18.369564413812444 67.254452624762123 14.582357201428053 43.731993845951614 88.219982885458720 3.698018051735930 67.225396537644727 30.203652149538986 98.404037466599362 93.529944141887782 77.908296610929582 28.522332074348288 28.966535692172101 81.130236347907271 4.535824122811805 60.112010776472424 56.484317675857021 88.983740670994735 87.985224193347676 72.962662535965393 16.074658167202227 56.579528498986583 91.147958605123932 99.606127629391509 41.495479398946223 89.936273783382546 34.331748799888558 0.998491523180223 37.085748030216436 33.633604223933901 65.755834144309375 8.191905205221083 28.600115491039912 51.767920030268442 73.164510739033048 24.805769341822128 42.605055373204969 52.320759645444440 11.091324625426024 42.949385883726436 73.748865145085304 31.252911566921870 10.984068817944671 22.566394530750966 85.839731960746136 20.205743494211749 55.426799507740817 91.614384826513600 87.879888699262850 44.745787055870366 99.141169818317493 1.007449284564244 1.088818398619462 11.739677068172604 20.772214982032011 48.448289803871113 58.290730226347200 76.059884733579892 85.132149388242567 0.737604778247503 9.586817504204392 6.757596483621898 41.461870903575225 5.558663765815631 22.300200036180239 36.385525488702662 83.442418708855854 37.413303274282249 61.943539353130518 39.384939431771961 1.554924956613157 13.777874748273033 12.868397731190806 69.701537645488116 52.382379927315291 40.511561321400848 60.298228881854243 61.129498614431697 93.316728996090262 30.538740555145406 37.496260093865274 82.776713178625442 57.362346700495912 76.751390699409754 55.289093357525523 72.370612287424862 74.043457788679490 35.635925366418107 97.103960207560704 90.190341200348428 43.167297701322624 67.081251692022676 50.878592742098050 84.869067017278425 91.220021241141396 99.987203657339649 40.591346032747921 74.955709266911668 8.540568308591091 49.807763070299139 31.029592733220312 36.026529684450125 28.120239374963695 5.880438037049984 24.009734899251466 73.027586604236205 36.181879441354212 6.472061509051330 21.593190421046838 28.386040648499964 56.966300768724167 87.805539214285076 39.808521300106015 41.489659113983500 53.641959917332606 42.530889480014821 37.969939374328540 43.878021722612580 88.524936199764170 80.216032191249084 20.637649919675425 30.876752270927454 54.483551728061030 22.137940500104271 21.947061406738623 11.071541809232677 97.590466308213763 21.096193113572138 49.451066835006962 19.703277451403633 95.492107249077847 85.926873683530758 0.859761230042311 45.710111896465456 86.842080933316552 50.267553106116466 34.413807186819888 74.738276997374768 64.308515289762795 41.358629605188455 49.888310182964688 91.044884992264144 13.941294829552675 27.077212401063878 40.928366081289191 30.247884058123852 5.522107829372680 56.410928997170643 52.984288938864246 75.265585600890489 17.612421582700122 30.509530657221585 25.812013605703441 45.650125494305840 71.174430273033778 10.457725534498808 65.051687533992094 58.212940630095169 3.011700451126786 38.568070426248525 20.494243607681462 3.186126326825833 15.901644237783973 89.178499955745650 96.563020801386827 46.606961968868674 96.835478863873391 76.341966416316211 18.028434317394503
67.736416639125252 19.281336735618538 47.223551229977602 61.563861870637069 28.109897543415073 48.770861859548162 67.836953523243025 19.846780373345986 47.029803042761387 12.956920186926556 55.414202023596559 45.769228424936784 2.087068805471282 32.830070375952872 64.610853113483870 69.592747583662756 29.296683739695162 84.195490394696037 89.075377741647543 25.638824515670965 7.242276679727667 34.977982681118917 46.491684519319179 61.071843780698188 64.726820317148665 71.163837721177430 86.743129875228291 8.809128654693355 49.251790143923316 55.953435908679886 6.534000262617123 69.185762719326988 93.115583119502148 92.711240434928371 69.186293906925513 52.643507843101922 15.349943564609347 27.609293259552160 20.093013424554009 76.855377616035696 86.034297901073913 8.463430297610209 2.117035934773559 55.894646967362171 72.877106453421092 37.954868498036134 62.060450322584302 11.628102457756139 18.479162467067422 83.510602580030152 2.031057832981242 38.945230298464118 70.270791981294622 64.751045883351580 76.032256596531482 13.370567271071121 70.636378747563171 64.696503934629447 27.521007592433378 76.842347235343738 66.944201935665674 80.241711025036224 81.515240849671386 82.017776599035159 53.088064413986103 5.733535824925029 61.173069766152224 20.618835295035975 62.535380174861942 25.324413346784389 34.190801568182039 80.058877115725977 42.473548746829778 77.227934337608701 9.793371159508080 10.734075930461895 48.345598723155916 20.523845137237451 21.002049617707996 27.971202916976257 10.572716798159176 18.742784429618254 48.768622976231811 52.847567406762685 69.192943705148664 84.594171830587058 66.878590621554537 62.692308608496376 31.428191335166865 41.799429380142008 3.987178115385448 98.067030025249409 25.776716326156080 0.837945763374859 68.948282638191273 23.465461295710210 34.149792230710950 41.736644984138870 65.919701311954398 91.376554268244988 51.323611602225427 97.298929132364094 35.884790171373417 40.050910117623317 1.640364948075435 32.051696784231289 69.514967186447564 39.721121097020138 72.680347666812949 9.339661517455477 67.257816080350921 44.969717213160244 1.559677592008912 35.181987480307733 54.601833287003146 74.712739929312207 26.841926451656750 27.529835554283409 35.157337611717502 53.632587508730211 59.908875132420548 29.583696867505850 48.942275906170352 59.392010697020837 84.769426536059967 19.240599473348475 68.595856443808515 36.583592715285874 78.845230042861189 49.581646176197346 59.642964794431165 26.178702750159179 29.960923372683002 74.976436344945014 42.087130701163446 41.711539433166237 95.259461154414680 85.650812066179142 45.791759843310565 45.775203464053824 33.423953449288888 67.171762328194689 41.888882021938123 38.387419358967676 40.779658851162445 90.532336020779141 44.996591334367132 53.008273867142208 49.429885825067686 39.392542080739531 52.175936843654291 47.891794551865509 1.301776767117113 46.186460473436917 75.735201103945442 94.951794166488426 11.660898868180336 88.514321840036530 87.532394219949552 22.321313512656459 56.373154353903452 46.624212133853092 99.039708986050641 22.338425979172214 37.833395483432007 76.641869515016552 56.160542454296639 44.177820501059998 97.995502568256143 0.900670836221573 91.457520802209942 72.066035297980719 22.786148211075595 37.099306755901054 73.690312392752588 34.904407962148873 59.714258660661066 82.511520070117101 74.374114160637191 74.024982957312318 15.323324103994661 42.016623866655870 20.759968525853857 84.513644549693396 51.447435080208400 57.481356343850599 6.944782841117824 95.046405598294243 51.905871101819535 74.494471538956148 36.056636492927488 71.707780282661147 67.454575711489156 47.388951625923703 62.503835652456431 80.346722150126396 59.331757742025239 35.058699025159477 32.742993130432161 96.864293157950527
34.335479077092913 91.452084726915288 39.116166872093594 97.926036381225018 56.645201356478580 17.367481336970947 79.700347287545426 94.307493733721259 34.943107805809056 75.146679754633354 97.235520092208702 50.130329650994923 17.913342620904505 18.318084865605243 20.594398759303612 70.347113278148868 37.805750575384359 39.057375521515958 96.508261240833249 11.052836322051341 67.216986939740778 69.980481799795157 55.969057400042189 70.083821617208642 52.130339359015522 92.926830496871119 61.886971003704829 40.875048713783968 19.131222854087270 38.277084516619709 98.211703173436177 97.979347155656612 51.209302281323446 81.600671374032501 97.392076469849414 44.007417549949565 17.386399529550157 8.609008883242986 36.352986682722353 80.238736931942512 44.004804898957225 1.106353670772986 72.271685984041042 3.479605606112623 16.424029504796856 76.449667360359470 87.322763402710237 16.396451677133406 60.109679286443516 80.770416410316528 25.333952712808273 98.051052336096873 85.881931311077125 65.704327655438618 23.797132873734295 41.002739606029294 45.924765204772775 55.356538457508172 55.105396693127048 51.976814974571994 83.158018857775232 63.903279168723884 33.590300589255840 75.312956243714595 19.455376653369161 31.733170600981730 10.596941168047991 0.774180874784469 64.833899852800869 28.936847221806751 71.853391245052038 3.355502586392933 33.811881692551559 65.741380849588310 87.926790423582929 32.573829282600819 39.087935005883743 32.312729180537815 36.799818894926041 69.158497908539260 87.381587499523732 47.151756156466121 74.895684186128946 19.380873857418713 34.010069644036868 13.271030315920351 7.469436898643112 38.459700291072409 36.100210402715618 50.757883650974122 52.089811314175350 3.139825552832021 78.979970463843458 13.289404581597131 17.133931618127463 61.089165974990856 89.460696980186796 34.756787984514595 27.745767465742045 63.450377599067828 18.064543837696291 21.715384649777072 13.732077325869962 89.171106045133101 23.323577943963969 51.703964146653036 79.292334152243598 21.588197929453479 76.076782546441578 70.281988504981243 24.427095102351537 18.345462133033163 16.503568345090681 0.857777444613217 53.488123759878029 28.286687356838549 44.689290450623986 16.751407196396983 3.566896387581953 95.927454833152197 64.400298417333175 22.508541361341393 31.809587182178944 90.269808429069144 26.113950587679511 56.720272287621988 16.822864605787093 66.679585304533703 42.260484012987867 10.645855815683891 95.954389258067991 78.296755274159551 54.651275537788102 5.173760414203798 50.733068953199577 84.276532890434765 2.907356547078876 1.841920996276625 47.269799909640241 67.490735974950283 20.812335918820281 11.190843839391551 84.344489713725082 16.556329003004787 71.004965430034730 2.890271462630234 66.815496829600491 95.744586986317444 42.489580726777056 71.454090125161386 89.305434027190444 23.094432944895381 59.527353406991146 7.557670360364510 64.470357026119075 0.829555455039799 54.147669248271370 87.973201705717827 50.707000497875164 56.318572979698921 77.087914862287690 2.566865679219232 17.916076843615002 7.346043869682461 79.020971094754188 53.570758395049168 91.657351917483268 28.180162807622487 12.387132148883396 2.127809615948373 69.105301381743828 14.826296262944327 25.155685266732831 75.266762095964467 54.550592301941123 5.291591302308730 4.455415777063864 54.100971936480846 81.059545908130957 8.188881236811129 4.813292726229790 20.695965620629618 51.036606439285372 10.350701710945820 23.938760613228826 66.650546373840953 44.790077087610044 33.507191290208624 11.812462621583508 43.503011892878561 31.179492989941838 62.940260614375966 18.211604575942133 49.721826297809500 5.762631621685099 21.140096698206246 46.888542781184093 78.989313857284856 56.438786044773600 28.048267246764723
77.886681178131312 7.296639405678762 49.917829621680355 5.505662953714974 39.787159012119297 79.632888474461339 63.301259941415942 51.495894960592878 24.456563872068106 46.003122795515139 63.772609121021375 69.811413133774565 72.537153168248466 49.916380590994194 13.866432460496458 13.411583633088286 91.267623898632195 15.266451583963381 44.019358590103884 15.001599190552328 73.496472159768118 33.309790372389116 15.724188278091455 62.744102466240150 28.296322272058696 56.719538244211400 86.821854620179437 69.610840205240208 18.325957831873552 76.401285505126324 80.934547148801599 38.204146401468655 94.874403774759500 65.302172844679490 24.685481095104855 7.662601274953862 92.580858358728989 3.001832904325530 54.046810771001773 2.853206842440037 40.744426620816363 90.844078528446914 52.122666192966804 2.555767451513935 47.095345283457348 50.589931031502765 29.456025366446582 26.309019905710617 73.463261762123949 7.606043801691776 8.729629028969299 51.202563394739151 80.450965605755940 68.787563406477091 38.091614771330164 30.014353311823459 25.165498843407285 92.675045664882475 9.789878098136295 13.276816732861551 23.146207610703740 96.389183684627596 84.492677804871931 1.585729462384111 45.519554454259726 60.377109001163689 38.713912562474896 6.351538515919398 39.538573203910566 99.713095644796184 3.278748216526961 49.014585984366455 90.453294015259445 64.764781306317559 30.386246209228361 33.247999406749948 59.326598709295766 49.109198505877401 18.104663859045733 72.917169025564675 66.780511835482358 56.475951265194027 82.436428563733941 62.124839948979648 76.058289279570999 20.514426405799103 99.651522628182661 86.564049668188730 8.991683665682714 48.424164723487515 50.875711873335007 2.651933408939600 20.699457525382257 24.295161706064363 86.271567992766492 77.240690611851520 11.467682553186808 67.714383576542588 1.877038481042914 93.028012632906282 80.965696823464299 54.917012212311334 21.824898302377793 25.394441652445888 25.588568333636839 60.983694390262499 99.504227942366086 34.511863000930390 83.338017274214693 6.221935323201588 99.420989611156330 73.691732151214069 74.819934467235953 91.118633215664630 31.218118176646424 67.943514527066540 80.554566396613865 23.454671316809407 60.103951270077694 84.646546154550592 71.290705956660673 57.968169679596748 89.730684117259784 54.855216108091874 62.390686059148379 45.289971888196675 22.529856117479895 41.859392265262429 35.065803966021491 50.669356909965245 14.112606836006236 8.894309089626706 70.316663524312489 19.004111122893118 47.796105030005108 55.942591099011828 22.344281713231506 7.467904297578620 26.632119155831969 39.191700450336661 86.843169933028236 82.989880819293987 5.997300959694696 5.624105540689905 45.862421374566651 77.351191212547647 87.779172944458466 84.980481368100158 87.779813967495727 9.257629137300061 58.750952311271064 67.510396679274251 77.535149136016585 39.286454549530013 24.454449371962472 37.459607404873772 69.869267930864225 90.142234390626641 17.885143964164751 19.257575848366915 12.385396510297664 24.345974010445282 66.503523601923533 66.620451732030645 29.110517099450071 16.744847034635413 30.956143202379771 95.148864233019836 58.495782367892978 32.994681539669024 71.152550451009688 83.816801787950070 9.127191642891820 5.724768190124685 47.538036252569491 46.236382922271893 27.746987676829349 74.895038921395781 71.461551153805885 32.029128585403754 16.357148064148795 50.855938041690230 41.250903092827215 64.643591106183237 98.911980504815759 68.530697871147808 84.604190951958074 9.949508519731276 59.718946793000541 99.586139531984756 93.482149930932195 3.554571582951427 84.249474059251355 56.238061432442954 4.293140282410535 33.630052744644701 83.904948453686018 35.341172797775720 3.158003716649060 52.545501193118582
91.342023314074183 3.485708486156880 76.461762465838007 3.539877032528649 78.733855845263861 29.503105140244056 62.376571665584599 63.222510658947805 31.794735384139006 57.818946133931057 60.167781617669569 60.744025162225491 1.745773555510666 49.875568780261062 85.468259341696381 44.729085474084883 96.928406238717486 8.926127117204564 85.367473978932935 19.703171047119461 45.230698338497902 28.537114182134015 33.307803630144541 30.163223800527973 41.571834753367341 88.675516534712600 59.893423028304895 3.998115377267430 44.316057550210154 51.667230070788520 5.442898860313983 67.998141942447660 88.810694125517458 94.254335363737113 31.318200073212289 54.383142256269700 99.112122040748375 7.740346612792925 69.003390436056449 4.135477817506683 96.530632090727963 84.606507466976183 99.769504023174690 81.075528740896061 47.036928797371367 60.719707030107550 56.640779498916594 54.731573980432245 15.428576870393885 30.096807378772194 64.191315461799576 94.668298689421732 6.635610783410629 65.226783067041822 26.721402669576733 20.174135249446678 71.452357544037753 19.622961030855592 81.141759838789199 31.967086224452213 20.235953871844924 44.466609531157864 72.080233274397159 28.914599969830370 92.019048112138407 67.176138519540217 90.238653198837682 31.843452370051462 33.464284462179272 71.745614243921935 48.324379641413728 36.144036556860492 91.091029994096957 81.006232040142450 30.946684831289083 38.755244915217858 86.744337305658888 40.311967421779805 85.145496026322505 65.725037330221795 92.126431211330328 56.237877848568033 21.697844535062970 8.581954655516167 71.347493147632974 5.388407525309081 53.868439386529090 87.540436938524451 68.630447145179616 84.967894652054710 26.539754798130865 38.420418557248247 52.686438710266422 7.554418505527261 89.361529486978185 67.609484188581732 84.583487844084118 11.497630881699516 23.612702670680452 12.084813610043444 60.694149859148602 40.749149717040467 47.966636946736266 71.147432068331824 14.535068918938421 70.404792481824344 38.522387519106928 87.309269595644082 91.418736435875374 11.917597642517375 13.938576458290196 18.468997862218671 73.150634910372077 74.212270878955849 35.273340686837685 29.977573293346826 44.162013221315441 31.856380591100319 58.100537242980344 94.232078121443223 34.116673939852603 90.228235825339155 31.093801081935556 92.759355468770863 64.004719193832742 92.715084660870090 57.443092484824163 1.607175235802372 82.967587744612757 25.261225514652018 32.318109934719040 74.241473436285389 13.984018142746246 7.898147569060554 39.038352373053677 13.410625176684988 88.960764931402196 75.326366003927831 31.466424199548715 93.328692861606967 26.054881050343592 51.992180780251843 11.383008815956174 40.295244387960551 66.311818962722697 64.526821254327189 2.496740546397747 34.451269895597051 57.322563172075604 74.700614963624247 1.800927870427582 99.342795774471114 24.438575927759764 70.831979802908506 5.541046649307313 0.327676229350449 5.512889646117502 42.686172538421751 17.294249557852361 22.624300689092813 25.016465712669955 79.062839951298002 18.847242396793174 21.106320917677557 88.534101566025853 78.908698240522568 40.669757114261692 61.395748393071372 81.033629186419546 86.091476924427155 22.085521829007593 6.201419816316744 90.735080850381777 64.301652829183752 98.240059769058561 13.265702385390865 85.331901880395648 42.995222609850501 21.711451284974192 32.948684858110752 12.043968398488825 44.569259521216466 23.970194743090712 6.861988323656343 30.926638383168680 60.438903464750148 96.776786745174164 61.291921727256536 99.554129381093034 70.675500609008012 94.009312929642135 32.430654400543666 76.724387536688795 18.218314516482881 46.157306633440840 42.717599354813359 17.455658068866462 24.576604186728567 40.407538196192206 93.933362119250233
52.626829503144613 17.107290394115481 94.896491577782044 39.634745130076254 47.034977364600181 23.578200098186063 56.286693402098841 7.393144431805599 31.441482408013709 24.440760236937987 99.204834626523947 30.808302110072461 0.373267750340434 8.119724427231789 4.005565257827682 69.359042337482862 19.653876596129926 44.529236585548425 96.112021490499160 71.849848208127014 2.854933514501279 60.434319143434870 61.853073410908920 19.830433507580803 41.085043151606982 39.971504172842899 61.979694354484636 99.260455747967285 79.282604466675508 43.474629561579881 35.400382058371171 47.335626910902995 2.042750845786545 21.307225079554513 59.257931921142116 89.138633968101416 35.107763382226111 5.395546592874966 64.509973934893765 87.107420160892531 98.437413244107901 26.960317246943177 73.953925588781843 80.954924094255659 61.908300826779360 23.058180971416430 35.385012337409009 18.046144988666313 99.589673720200580 58.369798927962016 9.392115204131413 12.345707269582896 70.680447500756699 36.923051276785245 76.738277297745256 85.858892579211272 43.899149828034155 15.050756997036896 13.804301675053743 18.151917459770960 71.686709323361043 11.803632471222237 0.261250928855727 68.518682983556118 18.415343871729505 35.065593068200151 88.547599270336946 44.971560543308286 18.059274598310481 90.507528050547975 20.579518588486458 45.597256952173773 83.946057620475344 32.525418220562251 25.868854944655130 49.129007553665360 38.772665746859857 3.212315627203333 15.154659462688914 12.616940453772319 88.519440942561673 82.971022191008942 98.043881188904564 91.873951820593518 1.565110391018543 32.910182507891648 32.057137711938175 19.328038677345884 62.360655860835870 87.369399378879876 83.879648200430807 9.018866621322330 47.542871276779785 41.422443703071167 59.701956314963830 77.396677099108715 38.231819317255102 96.764422721760184 88.084505989881507 77.766931182199357 89.396937740569243 59.278497545953023 84.336378494300021 75.296548003717163 30.021025231977315 74.731250716044855 27.561878804736917 26.324027591886779 42.487559278222484 37.652420673769818 92.947129963096060 84.133067786100483 27.141414115894403 10.954266219431187 9.977747698884832 53.402902910838392 77.502122555293951 99.060957096499820 44.754305854739982 49.327250898647435 57.850470788103380 26.042744614209880 35.939871715891933 25.395150287363009 57.527045590478011 88.851477550999377 93.591488660257269 39.405265703096774 12.767250958157305 35.418270197078883 72.578001664652717 19.279537802089099 52.459665116905661 27.938779791444123 61.939159860621707 45.411964037575750 99.629111581839510 92.623641759020643 28.532688762221269 49.503427302434247 49.581512091920168 96.084852869618459 15.787529460581007 72.370064385873462 0.677342688171179 69.610084971026211 47.992826494697397 20.290225110151262 7.607398762687700 4.058371897248703 13.619203177597139 83.127306811127283 24.636468574877370 93.218018396890443 4.116673711550889 92.034474860584581 32.237311872835676 36.337236498496125 84.378709500379628 74.734016123713502 46.924851269904835 33.702515645262189 72.196246776183088 57.813102139080229 22.234066105750252 56.230511209793086 95.612666307862455 32.138322847751631 87.022878736426193 1.924708427153254 21.269419598900086 23.972405875248693 72.500679087194982 98.000578777895541 8.398028659412937 64.784779595466873 51.732974059052616 28.363906410997519 0.052832142032644 28.785364242144183 41.982781322097992 84.962642273936780 63.758740176203986 22.604326848881019 18.476216209843489 51.927571542140846 68.317693582506337 59.892154669207230 83.188252421066068 75.054160113213669 57.239988201576963 54.767807487399423 39.250114549020452 67.108620127039472 94.642896836546214 80.798658852641424 65.564356437296141 43.608811110851661 98.210873639139223 71.465743104062938
72.315704014735843 55.505454074886984 73.409657565780250 67.999067953888130 48.301467304415588 92.787870581849901 90.641333574704703 27.188633865751665 12.567052221401909 56.617849476698844 95.339958745884118 32.177448280121581 21.868900598996699 98.056160834728033 19.343594804273778 26.649066199589210 32.942161683593241 42.522666910167942 23.545924808781916 67.986898172218275 8.278440765003447 34.842738783808144 32.479231701634113 5.477536731880372 99.864271945465404 38.623240624116271 37.975855277905858 73.708234020164284 66.222924863938388 23.886428093649936 43.839708240639332 35.780324048705793 42.782739195007061 51.193741737642462 78.175219695810014 45.755011250246767 40.735590889164911 71.231520526711833 88.027858411007458 31.599190860369873 37.988076781158554 39.853134495408035 26.889841383872927 12.091030444470729 38.502896128493781 99.612711353146068 50.659395152335286 19.394015102629702 47.444745848227974 92.278531363584676 89.501558831954995 2.154109699606233 64.742763925168433 95.492232065481204 0.279986875367111 92.050322113152646 55.464122864312024 74.965887618013525 76.201236341061630 15.750540664968627 64.945319946064444 17.880500171655676 57.312910210339552 33.011448566040592 25.811229945593851 63.390748066304781 16.886101500812099 45.354476551802890 75.297371415719866 87.444540261260002 77.992179381177991 58.823841981738624 67.830998104039949 85.334432451069546 4.778277874037540 59.890896266249705 43.235267926872048 48.186981281602748 68.143252720234642 41.036744506160581 94.296530316276744 12.925178331220511 96.585282853903493 56.671214751270092 78.769620705835592 21.125131017035702 6.403376834188190 99.140489027498617 83.453575932177998 8.096851201656019 63.814208968976558 78.750879637728303 90.944714420638078 81.896514093458535 25.757257148419519 3.390538330192538 34.281020119249305 14.521467382154807 49.770753265545764 68.811308939514149 31.471663678806429 42.717604153797318 96.348157381523620 46.629827563092739 12.087489927352957 59.055860086073622 54.771604214893507 57.062766450837458 38.015514266494613 99.962950679247115 28.315810734207204 95.138111009650288 8.478312493600971 58.632234208402004 21.416432545760934 85.479435916071381 90.722598262326969 68.610265088646841 13.369099120513450 74.218012394610071 39.366637469417974 27.795729950655346 73.634007500291304 80.617275991860112 79.458710473284810 70.963838831117158 48.989207000921311 51.840777243941830 34.555813636921130 29.835945039687306 80.546943665403219 57.146001707740680 43.673105075833298 89.153563109006555 53.725312952293670 85.384599080622962 2.140058291856650 31.751575882832206 4.560640049007758 30.777987461261556 32.832976250710665 57.710393516925066 75.641399909926292 36.877251599895601 93.260716618118792 54.175097653762109 55.870444813483424 38.655178059729259 96.756253732664760 80.804260369174841 17.093784350135245 94.048097845726744 56.631906588698122 66.667894122692985 10.866302986950139 89.255782694227221 75.539772719618171 96.647694232218981 7.399597415244985 62.790365004202108 59.002486959917590 31.935462114016477 39.890464821814099 5.776190926600577 37.049073065317437 86.689854215303413 35.150795042474300 45.523348369743843 66.164135716937295 59.951845219179347 61.238168417524285 63.672646141268487 72.469216522709317 33.012009248539812 53.737511317012491 25.034093680190516 54.486722666946619 47.699981489502385 99.154978616427925 55.130805506040367 67.657004923323697 63.889829228920213 45.350585020187125 0.794443585974292 33.856463722017160 80.609678283260607 84.931545930860750 1.538112343760401 6.493190851602371 76.678577518679631 40.316614131097062 78.244544679802175 33.644134352944420 0.327876563662588 6.996900168246722 56.107615648676557 28.691938220347456 37.139937660447686 30.875117749675130 54.619769857160392
97.978863914592964 46.684886016836948 25.779850474369447 60.714145628867890 37.446806186262030 60.028745936979263 88.892084213008900 39.153154525047604 93.092135451595027 62.688793469326399 5.155256188256474 88.563518269535948 70.831598180630948 11.560474591684212 28.450224412083546 90.175208372914469 42.170109847888973 59.418299993103304 87.157599408853443 99.676417223838882 19.902627683456441 80.065160213820604 51.082062082918490 49.990622705225249 9.887680021430779 80.963616728017641 21.614865652799821 18.662600198472745 51.131962460601279 70.454870463073121 1.361523711237511 65.408019637375887 80.038284355237252 27.096531588807181 51.953014995057480 49.308362356701664 35.348323797174196 96.822303294319141 58.752149082719384 92.852593960385505 95.391054712525616 15.089877217042158 13.938240133953151 35.915626475523595 68.153904554662830 48.361492797070923 43.215003380857929 78.408606689415834 64.598041592451892 71.965946080398126 98.506544239426901 56.793875049510120 72.360575517864618 15.562121462484235 73.948240063304482 86.862072290659910 58.712241023183466 66.721875916705969 7.201413852711658 78.080688704846565 32.275546808002218 45.175314003835133 5.125905326666969 14.027330338356991 54.022447108849128 93.001739572686546 15.966744615879147 15.391669042044310 10.973243845081715 88.798420222223882 23.281879920059556 50.605684956926233 84.524804710568574 56.711816147537007 19.957664477587223 86.947472264125693 36.670700499369481 75.822716470004664 68.177209000505840 7.569463428995016 99.638507236272275 26.551691103231466 0.416344592006612 25.953659716846357 39.951575263276105 91.287410823387788 62.554048533031306 67.530391978623399 25.937030816557936 75.113585885090643 83.954864718106307 11.098392852758510 6.589745737876473 61.442099247389635 66.168090742084331 7.028585280855360 6.266486687816830 95.567173288585550 99.950320331778897 2.975797722097029 4.594134801386518 17.671997381744632 36.778035128925488 15.813253033407737 62.504918164107792 11.721857475324315 90.679857011736743 12.465674906516288 52.582186396568275 41.390755285150668 87.705475740397105 88.433179119572600 5.633909872637776 16.639012178894486 45.766499972236929 40.199946079015014 58.822333404906082 55.553797248595380 4.272424438945544 25.440401141811197 80.857376177361957 87.746432189055625 67.001806263651019 82.734991270089154 90.212477606019149 30.982014416022519 39.432680899191460 36.257784307232342 19.996126927039438 31.825711062851848 74.326145466663917 24.579525687859437 9.300200884116716 84.914352432579037 89.765672242724861 32.910975297924537 90.052448163631041 73.579166647505247 63.437609243912505 46.587436507996131 57.990551275741751 78.470070243398155 38.067707174415055 11.892660772793572 89.770204842723160 69.384469497998268 61.684332999591177 63.767204910196106 28.858369775149185 86.292603592137610 33.787432996615642 77.519895176032691 83.069696092242864 21.316880026284778 85.155046096567006 78.055434513774415 93.991281501330164 33.836376138899837 31.492121224065329 43.151235495041519 30.734129965822497 22.825814254899669 67.095193685379627 34.207190803881190 92.456793145545291 70.938193413256627 35.624376949720684 69.770229024280411 8.705092666533499 94.536643054908026 64.886835295030494 50.500092008606437 32.666012639414298 17.094746282130892 0.650071054323453 37.097937593325092 34.830584622588020 0.226399949292055 15.805914668230381 9.359398343865932 53.706385565486578 37.686869299261218 29.186775881368899 26.968674085840227 12.940683219439396 24.309231569300948 86.962641399825813 55.096768339245074 8.846291982359721 80.155100254847326 16.370687211530921 43.199468589793469 15.840287661039664 66.865103578410000 41.975993549926748 67.612224123389140 33.914738746430963 51.578124128379287 73.494656866321122 98.683820107555448
12.783518451793030 30.671622739482942 53.918755693359422 47.545346263753544 16.900008512325059 26.212793283648182 30.379101475072790 41.970224856229486 8.023757334042847 12.960162176882816 92.615545737776912 83.474568922072606 66.610646024166471 55.704958184180562 98.997517121240051 1.350756642820117 41.623846993033951 90.052673969161063 93.050531205022921 25.855611589226225 40.303205738023649 99.191380555094753 65.864383938654868 87.441650167457780 6.867340485129992 21.198736857396739 36.986373794857130 87.778624574075721 35.522009150041193 40.507260161280790 78.144211100811091 67.174967123867518 21.449391715686993 42.948262006138684 95.793825356260072 64.900045861425198 81.110574819771756 41.503204444123668 49.549103987817688 43.740945363564251 83.488936566625696 42.877596762523872 48.236014060529989 13.205757984238831 73.170664475714744 46.743604271339933 28.952825691101612 17.671817000953737 95.930027585814372 86.504201867053297 83.531937931352630 93.701795980245592 88.771297785492763 34.473336196355810 14.477332966878642 90.851784697689425 20.823801582505176 9.376998463158625 15.656043872144675 4.981741714457621 62.778636106756515 27.169084167473876 35.431782050069138 32.807986577624661 68.022205308359446 50.043221737128732 66.482301070817485 31.024213242775069 20.149271463494113 22.348624320359690 21.380647297181245 10.373990196337035 66.211775604753541 60.023986769475194 7.666960414112978 82.039110164642523 91.383356120383212 74.903818445816526 57.827684525454828 82.362786399250723 71.156728547927216 35.433939040445729 63.468843945274614 99.173913991450576 68.234510551558159 32.882384091198894 65.873694943533508 5.864240383694652 19.833363529109814 25.567190329240518 77.137586090125922 77.899377244276494 32.164241546635850 29.320945552044574 82.457398058790574 91.007461341641033 49.862503373980417 13.974466917371664 93.775487270738452 13.786708575000073 89.801724188865123 84.056315583081528 60.841402258070787 84.954068537924428 52.666966531579760 24.245764936694179 88.503892055780781 74.100860425783239 79.501431886603882 38.027902534039470 13.298604526756986 13.253935242965220 62.615335170908651 84.501847545663864 32.031080498822121 64.548605841557190 54.320530850917677 54.429463823812696 35.997807467770052 57.975261842292738 99.783750918166064 22.455729105212697 73.341235243690519 78.814554271550833 13.975898911187478 74.307787270369062 57.949879337326834 52.381971465958884 21.873310078927833 94.426373259651811 14.505670327684683 64.104987010105233 99.113094071943692 37.480794178110322 17.490866876083167 92.010551914785466 63.722699224085588 54.926913198549165 42.812569876955841 8.681529234840824 66.516889672720296 62.537229202324276 40.516866354005330 55.616267204154326 0.560773908315426 14.599357315028538 44.407953120440190 92.719685161604431 94.464399783476196 2.260925160550231 61.776454836366653 69.197024255371801 53.836246402954572 14.025054667474535 49.178507638072531 51.008515054442547 54.848879920688809 89.436230631240363 91.530290360645580 30.728650124757650 39.258122533374021 35.590630344247231 63.703167558484338 59.583959250864716 37.884440750397786 55.080910025426114 93.262749327859282 26.312625829335225 25.264228318039240 2.560998615917676 45.202916112431225 7.869116350941407 60.852677906903537 70.283880309939619 22.321785412707595 29.664437186539626 16.682857041269507 70.148807246787712 27.162146616680470 82.086595952512482 7.451038469694571 20.557100610869949 22.782411318136809 40.014515229112924 56.815248205545842 29.372150733508096 81.370782817374689 58.844036188994629 85.504946209654292 69.986189267147665 63.171204011939011 63.087297048854339 98.849663117161953 49.584751181811939 21.844287099343418 80.422646163852036 37.674052500964393 72.478939197912467 84.576771366097972 83.786586444654318
2.388943219808681 79.979375761355399 61.317116182690093 96.485558968040465 48.536490633187078 21.880247933504073 52.212590474291176 95.350504086524097 37.227943727063526 48.296317679458042 65.398736230507836 66.290893811332481 51.534523673538637 3.171278349844731 50.962979029280461 99.475570534535109 42.188003631761404 76.580934848088461 9.653850154576427 77.199002116570753 75.889784309178651 21.090676325972357 7.211016499525568 66.643628552621124 61.905281995052263 49.853360373951396 6.135138242854699 18.488546598690782 74.695725036130156 62.442037899592428 21.261667043203392 1.417889812997597 55.475189040715875 24.402305655535439 55.162115207340456 83.780069343618663 78.973725684544362 76.149376778866156 94.619029088018863 84.208702858003889 40.923773909754182 38.397962846601288 66.139560218451308 76.889022036465988 73.077785648455290 81.746486133210297 92.494940705958967 26.059078223031939 98.925065010725774 7.800127040079497 6.487975262991441 58.368472329520202 43.833215478534157 52.399761793646626 27.564427898359543 33.754924114686155 72.532137452570979 49.966520456414656 80.420694852861971 74.828190820936186 33.772065785203544 58.456852869359501 28.499799028768212 98.624604903293715 95.340666132278841 47.106017840524174 13.188049016748071 53.601997953780831 69.684846454036048 55.314313967125784 14.675184070085191 89.689242064913373 2.515189360525250 66.029394328138878 62.005918140521196 37.842399318965924 45.439141502991511 11.642099994963150 84.462640016909674 11.562612095010971 20.665536555949338 72.688507277369467 54.710263146868364 19.473472445191486 50.203265749582371 79.049042584848422 9.447238778804923 69.911883029637963 79.111195590036772 73.493924344878437 32.682009952909063 26.756739233442485 18.973692515890296 85.043231659075815 47.676306905124868 40.540892156269535 26.475595984991763 65.178906168834487 39.973417492922906 79.566398557323325 3.399308814322632 10.128494888058004 42.841917123527530 16.427643858752084 20.670299787514789 62.373328093661698 20.588952186906873 12.245095457327304 45.539590792994829 22.722191730960240 77.461532797988653 9.219130297369095 65.809548657036757 14.621084623892500 99.816576154284192 96.316872031083150 39.545486648759024 97.179692896696849 58.659559646150818 83.139424778744413 38.003793554954136 86.892314741019632 64.041491130887096 56.968818115742749 78.926336545037444 81.138752351419228 64.151639965449164 58.223729461999582 33.559682388166379 42.097783399877656 89.172025538454548 67.607037007123722 43.328999632959167 83.970854892308594 53.669089008900251 62.356967466845035 21.181089459827753 1.446195604816236 58.859281581973164 80.193934999228901 2.244247668961674 44.105934645052038 16.683332017474704 77.939623377884558 12.391014826389657 15.185746844382930 89.559002374082269 27.699910432261397 33.673321778101730 40.342255181634499 47.908183817370897 80.593903508774332 15.304167191710505 54.545983382707355 98.893367311680407 44.741973961679513 57.182131659726430 54.533144120184588 91.561718280043920 96.197336285442063 90.750706271805797 73.831253350944721 99.093825153948174 7.620993188086345 85.977096829722441 51.191054458199559 87.591204188248469 90.048648747809750 71.660480366492635 21.825753947486039 92.811845971776336 95.451248700833588 83.243358740498678 31.818828439989279 0.123433506659743 10.615213277298619 64.638193733733701 62.370482798668860 40.780547872692033 17.759447973354170 93.164177390450433 16.516059191509868 8.599997025726791 92.493045916580485 90.523013626700461 21.224664553778329 29.790553229152916 87.670589739289014 2.075059869651319 15.465387275173093 62.524321611798648 89.469932351369280 45.056843470254158 27.676556816986885 90.495665544291114 83.929866378952525 38.393874345521070 11.445496994502014 62.330881303129139 71.031548886976253
77.143252603063885 14.167132913834502 17.723568497978459 37.012096055769447 35.731109301639229 59.436784687880262 32.340317781450302 4.361429485714108 66.098692119247730 89.997424723948043 33.401337108442931 4.208503682878129 33.022781725661957 30.146281586022262 40.758865334545938 2.583632552809600 93.092913128192379 80.233746511416953 25.998158430588990 57.839938794252319 18.563200635540490 92.769211617545224 10.512566762603647 79.178064726606749 7.715543422386872 25.967582006037993 6.534191400079492 67.044650011511692 35.329248632899649 78.616047056570878 57.403317246908401 20.130874498180706 4.384005396484181 87.343074353704992 81.082989154371532 33.764489424847845 9.916301056938204 46.247224908492832 27.629259229471479 12.979407707826651 36.851527897430849 71.475203653289668 56.231567455531604 64.357242680670709 14.279334388476750 94.246338384751553 85.508497945383567 82.442557018282017 14.200905366412520 20.320122350673930 51.065027480150974 47.157997675663502 94.067429501116507 45.767475680691675 9.372900292314002 32.284624682289873 15.403750062727074 16.828072462133804 78.615520897119410 13.850293891421938 46.529569274540449 60.687607432954429 87.845128463775168 70.666387248956099 5.464118684795749 62.952772382093848 61.534757298314346 78.543301464977247 21.530040575972354 49.678898082808089 26.988959372261522 79.514164903704739 82.401431449713286 73.267697587854869 11.742539201603863 33.291868960653659 14.569489286362359 68.697716469699955 44.404272826572530 39.340158607277566 98.505534830468946 11.730863456133921 31.984888150343426 93.090684905197293 0.505482682070257 11.671659057430039 93.303005219056345 46.887672587026522 9.163044665593977 51.103933638731178 36.143039650787280 82.593416398452220 62.224436146833071 88.126522433890315 76.180944697713784 59.646973050790933 23.433023445852520 90.242291110729084 40.371320399542320 14.579670011210444 73.112515712186848 31.118628903732958 49.800122538475286 70.125249937882032 48.637652550319601 64.818623791446740 98.714400419353026 32.659135813978693 21.675560445201349 27.706562893871268 74.656277842764311 17.510249688980473 14.567811550391029 93.524697033434791 38.914954732282617 22.028903003833978 19.526922177528363 24.136407995072272 53.822701776466353 10.258032332840983 12.925560325408025 15.769509720748099 70.078789179504724 47.342204008531894 74.889375186348701 27.386185465669087 84.351259394165780 83.246877940020710 28.435254233101837 46.488266690422805 66.030533460705016 79.873349810642793 31.944973982454094 78.095067534450749 65.477314333934046 59.012823786498700 93.896774898992390 40.695106440359964 19.930744091016152 16.988622109358264 38.005440679621415 62.317090040082789 23.493181154195252 19.556034133477485 87.901340327518184 63.990367883315344 93.775998829276574 21.022938989563357 45.329334125255571 39.168468455976004 29.558235486026252 21.438478261200110 92.164261009277965 40.048335622554866 62.165113479411126 19.744914715500862 43.614118509344216 29.857336236843913 98.041610633937808 53.150981914297560 8.470494474357448 71.555877088162632 80.997330130916794 59.381400291773353 76.494974936309376 45.980278551783435 48.734566763590422 93.103414910835511 2.047642258368199 1.388196860231661 40.561593731333382 29.080880933584986 33.904754233153319 1.621154501997923 87.905559062278144 82.743756007582618 4.054932382920673 55.328659995135695 68.154940249062435 9.170124178551465 94.611443861744391 85.844795685385563 21.337039864231489 78.640470115795949 10.565503061860715 59.859943137221464 67.619240102602134 3.144560804478713 95.383088894176751 26.551323844475206 54.557619760132972 27.785110140933245 41.717704397885861 99.929852735334208 90.531046929237050 9.495518973427174 25.110489761450371 85.377798108797649 12.529208268223059 42.774990169233320
50.092675717988364 6.563991502791366 3.340514276216522 82.611184049425347 27.398286292594243 56.166388378725266 14.427221132207901 30.011928460081382 24.947567934025994 14.078726617479031 72.527526537756899 34.443206370541645 96.675752734904179 42.910722003815984 41.810132700241468 30.922679012754152 10.038501138495292 5.235097978309556 70.486517842364222 45.007987073178498 97.481388447768381 46.809540085059496 93.246578783694176 2.148036489113547 30.433712653336155 78.939710414286054 65.711092906459186 53.359175510367237 97.297682920413152 35.976900275645775 73.814649410248862 58.174321174060040 10.931331344053852 95.336942188805395 12.931744275245682 82.359092420190734 5.997793282810160 22.191617727496826 10.949890023993659 83.482887798218059 30.497811781027927 81.724767220597556 80.724669481294725 19.997273757192346 48.219446197844398 55.099019013444426 2.536713178317018 10.274050397200208 85.074411935412783 98.942525557945146 37.829553979481148 48.079036098971486 92.331885697691661 75.855220960779064 66.056905365569122 89.626722245808494 99.941496489234822 6.598135438289576 49.480971668662242 12.384686893140540 51.894119017925931 86.238064786970213 50.872525591029927 13.162571000393243 43.429619526953701 54.089432631080591 40.865884433642016 67.823680246374906 36.128127643378804 23.630453020413778 32.895016992213947 84.166363502162582 20.676771002901773 90.466747442515469 99.416768665008419 11.610393360822668 93.949911585367374 24.488021268977601 89.189098603610333 24.558095672006154 23.916199783952464 49.461810027245669 6.399458143538583 27.909666074997762 53.901586785797015 14.928402609355572 78.182720481065232 75.252739609299240 45.276697153980351 75.269464165020807 11.555955451880207 19.574930738123498 23.021421128783402 68.342046695341651 69.256763411363281 17.120452437026536 33.333631399892049 86.742323349414335 64.432425264819997 34.329653475414865 8.576449707609102 52.467533849121196 38.084675122016620 6.487400187852932 55.017623209784873 13.079686428799409 72.779723723277996 5.787902393875754 23.989507530307787 74.320320105354199 18.936209384161817 67.580529179181696 76.855391672689052 89.263120352418980 68.116618248819435 48.397150408667770 46.567770170371922 75.224097648152480 47.057590131923952 50.111114543046412 61.704389695519815 16.226054108859401 9.262247519168486 87.643624978496575 45.233601117415880 74.323746760243282 49.475697316692987 52.244831159516799 20.859918644376265 61.541073696937701 89.683855686175789 74.523994061021938 92.201517217942907 36.936246868852209 66.056932589585543 65.480953045112827 29.638436933891789 59.471194672044511 41.317271252517529 95.083172599335171 59.374570546007199 58.778397268981784 34.678484971030002 69.553915136567667 57.046245973135143 84.096674214117641 14.595123527117615 45.561446026945909 52.046362796937437 15.801820422418766 46.997311547450082 14.254549501092907 37.440493542621276 57.728407849936183 49.983410199668924 52.985454833367875 25.407085885240811 57.446285839015687 87.402532165821327 15.161511562605700 77.297244936707528 49.397989545456099 69.234988009609182 69.315896287965387 72.398147620844227 39.494790507186082 65.480036905639295 9.695212638926920 0.248623619565458 32.834945765567291 26.974917096355455 59.727189273414481 89.843485877886550 68.877285311561309 71.849896688886062 97.209770682419261 64.139346790333533 17.328633284649598 29.428237211678777 93.335257766075131 59.381506051229124 91.979018823657682 41.341786867836596 8.853006123355966 5.394988048035532 29.749749901886126 94.748576897234742 2.919805072269521 0.163006912440844 57.419717828023778 93.174219036951399 98.587327779160347 27.863656217296683 21.401079053181892 66.061803488062054 86.251994919255722 25.325059579148469 59.901026114025903 55.014681222181053 68.022376740521139
55.482042561222642 64.720875403776830 57.073052799040255 21.526616481271411 79.039218848993329 57.643085889568454 46.596697947718411 91.422372385256196 42.348178935748336 21.854675563525561 42.117680150660277 20.456799829429183 11.483653459889688 5.043391152959331 35.377090209216988 56.444579626148986 75.256944405916187 13.352199810168909 75.882993498574550 83.797059634498368 20.683042016270036 26.342460585239635 57.510835054749109 79.284999354423704 47.015436167387278 42.433643146578525 82.965594507211364 18.009925492059587 37.455043164653667 52.723325060548220 21.533698296660887 22.069607931068912 81.457713248834807 52.971816065849829 56.471084863500685 49.588080406188936 39.574274467348502 58.299940241440851 99.361071794437720 59.555781686719634 74.990958431957040 25.633250569793454 80.574045862117472 61.319274836091999 37.055147994712122 23.358545489519734 54.521560452459681 13.179137067609281 58.508734698082797 76.485389920476209 11.065728836993461 48.853209342379763 42.409912780237477 40.889504148018965 94.502556923191420 28.048616226949342 84.382446980061943 90.305682616824356 39.853974818666437 30.269825917495197 97.325973415590965 6.048718321286684 43.981532832983206 1.903697430487417 16.646092117955568 29.044354133942107 18.270185186864861 78.571168524771210 97.656899963184088 22.687314281497073 64.241884662217217 99.912766739205310 81.380136448755735 49.041106793661250 83.236048533033610 73.526326585132651 89.773321535982731 29.737133544630556 27.842252306858306 69.906909898535247 41.045890532613072 24.542404345757205 66.209141688655919 28.695233412514799 4.527231168437296 18.041806785234151 77.674791413407135 13.045714345259462 42.017935343353649 5.405068870018692 72.131267927261533 77.845402846358368 98.952101628428707 10.016917352148823 64.231888338249448 88.300062930725758 83.675171543264554 93.330631718112528 97.437310786292372 43.621905965960259 48.438688709071862 71.314253658431838 17.958843398811119 94.722518528345788 23.735757894619912 94.816749723864717 12.823397524275592 46.438171651011913 82.295662772565905 30.896632258806235 50.012242399976500 63.873497959983375 5.204044887201298 54.302348307113022 5.360859582275057 20.106753612323182 38.369484606568214 26.219268203343795 31.615164932276141 25.966743618243328 82.348765900967052 72.142708874224809 77.215227665135842 97.864651655574335 39.350790441668806 90.087910588859913 24.625048711569285 63.695658519825251 85.845105139009675 88.633896475866038 57.844654867767687 75.465660582886400 32.036491046644386 54.915910306062976 74.396111978963191 83.659135757177467 36.503189371222042 10.390073943410371 89.912042457670680 61.369027470362504 13.075454599991708 23.503894754542809 42.210854529984879 80.757562629463109 85.465951678030521 96.219004195544088 47.193427045932069 0.252725872887893 84.219038408314191 36.520162081905724 21.132915371431270 74.458778673527888 16.493877892460706 50.345486907397998 50.442133618612836 21.427550460322276 9.177315382512463 28.470986111673025 11.980707771970490 81.984666223771796 26.888504376940304 28.695635629284620 2.106661432973589 24.111438608756519 61.786753441939155 48.170614837739244 28.462187065838020 99.288662071332524 88.483951099940413 82.639107440484366 0.098796633146425 50.593346806110297 89.785246684427278 8.999409603112184 0.158624048505029 17.185709270620897 49.151196630840644 99.758433360503545 88.291745342329378 82.579530768927654 68.396865392174988 86.819369170804777 82.349338765704886 66.949324308955710 24.676197474523132 29.569884916084234 26.892788045196447 12.434509138217575 72.974646450659620 28.077820920393272 85.530563257260980 1.831362226727440 13.965516445336501 74.185824010138688 31.621041398414860 50.889261481462270 2.854618463360847 41.247077944474832 57.596047541970385 51.276118724829765
78.811976188875903 51.312915832717479 8.298352399670762 47.409754514732697 37.529174919427803 16.189374235074951 59.932209576190864 44.790118884380078 78.123353221162319 34.563442184898321 32.788564544421703 68.286082264662923 27.213709232586048 93.262896312526649 92.233504072729275 49.095339709150629 22.233419663189569 93.700645270972032 38.767306748188247 77.259020851362266 47.696818300330825 55.461187371673248 35.448053578456516 35.261447795656863 75.864939408041778 67.389575870192502 3.246722141414971 49.667570624859415 77.155897805275615 95.678798693652155 40.086364543216945 40.210730962005655 33.418499649046481 32.139878917429435 13.222348207699874 24.172107207987747 90.740148291776592 52.765976740516464 27.476143531651541 24.690165458982694 1.609062304844489 11.658773049119420 84.685467631640165 90.778769773894680 30.430079619393680 37.242872125106750 90.961043497289680 70.780806026699892 76.828306281041790 56.013969548509955 35.810604342328070 65.904049861836242 88.458324678497661 12.621461371254517 20.833261591608977 66.229484154640588 26.606959991339330 60.718279706199127 36.317390887364972 50.599796048329580 65.718662429367043 61.249810903545345 39.187271660210556 50.411769298835694 87.816370535257605 69.739380714428179 10.469938317214833 12.080762157950408 53.602158871027008 20.260353726878012 28.158865320309225 6.022407551503639 87.697256624051917 9.657944989263756 88.983791976365424 56.166080126630227 45.689409014723971 40.949231537537258 87.519945675302040 16.966799328167802 65.945711753465488 28.199161670970174 47.671946336505179 68.436078183288799 30.934663911959714 57.987392472592077 13.370920593792214 28.718610223262775 11.777426559933845 75.872955391568780 37.525360980082468 77.676220315799895 72.474080400043562 16.219465791970588 92.242705587833953 67.384403420047008 48.450428800419211 74.632907385621834 29.262750207755893 21.733040593001164 50.547103525877915 89.062793131119250 39.044164906855670 1.766250938334446 13.767815855021503 98.623514316020334 1.527245198099458 89.032619685192429 25.392603307176064 63.768886216410323 9.016698985563155 97.795498415550298 21.762843951317400 36.300266364173730 20.704866872232653 34.465177282320901 22.135440225808278 96.606628378806519 6.507486102127125 45.147416929628548 76.000356240579066 22.518169310821790 57.612071359623897 0.897161194320240 50.975572316380443 70.893974717942427 94.973297832537000 22.545334775511215 4.093206804494931 58.299474597202561 0.585781906914218 38.237601128890887 8.431783853219855 16.014223465734933 34.826069859256137 34.322169420403817 27.239912705321480 2.809020792611694 38.515759081877007 86.286828494154250 26.329730349147816 72.741526947819736 97.663074782118002 54.922977788361493 87.009223693367616 93.701646088711556 84.807088891021394 97.294586102864201 70.007887651971430 12.908376801515864 85.365212042778566 95.784459145803950 87.319423842839967 30.614784323017162 98.093783447838646 88.898068881549136 20.239092230308486 55.419723191322369 86.251256523561409 31.584893051838058 98.208696404140227 29.688624890512539 59.325758796265717 49.563152522607702 15.187057783980961 27.174265425989109 27.323874651009106 12.852366916673841 42.658598916423216 70.611763729503110 25.535744774339118 3.851428976071269 10.378961963204958 47.495216684537503 63.127001642098577 49.704013950714412 68.609118334355117 21.872038635431835 22.077379320716872 87.880178363332959 4.734855692799245 67.047370389214805 64.879501521463297 72.569418481342680 33.757845510275395 6.536384704811327 56.941181982735031 98.650212433161883 46.091595863754989 89.497168971590710 50.480458287997998 79.803440164010482 64.652317366316410 17.335074620289916 42.001293795689584 50.246337971838940 5.794807408629898 80.785977297936000 62.238626684276653 68.329845325640974
35.968473125764852 1.951575654759896 6.187261792431742 77.275357896665625 81.331855370109025 18.219395320245447 61.131949891466618 70.426184156887047 3.536086823133289 61.168700629985075 39.591502435321161 50.688063822095828 66.788403185460155 34.212125275912051 33.268518295801172 25.278172792282216 79.223209259344628 83.933797176072716 9.674641644723003 95.330940946189330 54.888376470634590 48.280200471745339 27.957840594184834 93.258084600704038 18.813388728689052 4.152311719359236 22.354402018619435 90.676618602441167 98.398418376891172 31.659270839691168 44.505401211514652 94.694326194697780 48.147907736341956 70.374369376350742 74.442153805990813 31.885536139666215 82.851259375715756 33.008396372012115 57.323348125985738 95.775027486789881 65.561989541725623 30.862470092571591 37.039614876435145 40.204220552832922 67.585683717366422 33.462922703114032 38.480366891086348 63.692776216387770 23.967416214699909 45.686976776905105 83.042628292746031 77.203133753490832 86.544821569456431 40.302389260480986 6.493726180789028 96.068681797574499 40.846547649303012 43.445668576701692 1.346089070730461 2.504778401146157 13.957451146256329 60.162101452067176 5.678517201484878 38.848156387005716 22.045303305848950 65.725328480161565 10.371290159018498 81.445589809247366 43.155341851210238 78.183563542154928 95.296572175472278 62.259335920938440 84.822410250771725 22.234931817178115 48.632208144655351 17.587622783499413 8.394084073007624 44.352487671585529 91.331495964151671 51.192001236476457 30.077474092022229 64.896421151630960 90.357786955877842 57.851826294145738 4.573564922009310 14.218146746485626 3.374368348375656 73.346283245435600 55.480900106909026 49.359893736979600 45.636147830442006 26.282954222701203 52.535572505070171 90.325918016134906 42.050051065722748 68.974010534747094 27.689786859327057 54.644389379322455 34.111281914375468 28.930186742482043 59.964436414111077 80.324990503635092 68.504431380228539 84.888629418122051 16.906673737029354 29.578890208411224 5.930563187230653 88.433863750045646 52.279236234683644 2.129680858729854 7.328543459820136 11.439383734096110 58.097794825236129 76.636849679025559 23.371803288080240 73.610805524856843 28.748829038020808 92.280818252379930 94.255027216586427 42.779178459070863 4.416353295363995 62.710524786591428 9.876160374628784 4.699716581808644 26.147894413233075 49.098169239216269 25.692838075604374 65.598040845271015 63.326427017251994 54.434112903931165 21.437971148451851 43.207675887288964 47.854831536262225 58.975738365093832 38.464976216351232 17.622316788351068 80.171722498486304 10.140408711940175 89.731562817999929 5.646585028027406 60.367472351427253 53.863514343077853 40.091934244002381 21.568037583617429 14.896571415288173 33.219507064119590 50.295206347764264 25.857748915153255 67.077054201971336 92.959445218143713 24.986171657912958 11.945099800351977 56.077889148464124 55.248576123637491 2.480371518832869 38.755160377609712 22.324603750600968 82.630981135888064 34.475366919817340 46.720348405543433 99.351495841456540 17.819177935344221 4.420215017520512 69.384609746761271 86.685312711946167 2.434162801965090 24.267048720608607 26.318832508886992 88.338263397516997 15.186458035518513 16.904407746416929 87.138554414534482 88.646245212912333 44.804034384667716 82.460828028062124 73.977413753703445 77.548194664217647 45.753112140367037 44.657586352841797 60.948945878698282 2.941625691743588 18.817545327368833 71.050490327328930 59.507314255966484 80.680614252378007 84.182176825624637 39.805786402622154 67.626863903371444 48.818086278327520 33.893440034091896 60.164474111401745 11.222472319123744 53.338184288905325 99.287494741604974 20.285903392188619 21.465779340064383 62.173034872943823 28.031142367835173 59.379547743918373 69.675905644468401
42.236984163062566 75.814288469202211 37.315830341417069 29.498863057205849 65.595500723131238 10.534775496021053 48.359236471951817 73.035123979236658 14.437864789870158 59.145622474068205 24.912806628678375 54.682611916470314 46.574031920671857 43.083143466911856 46.603195771592318 47.672883581062578 49.070169171637268 48.480943683423980 78.119966175513937 54.921024036344669 74.191612690652605 23.393939554353160 34.472772109702902 26.810237792202329 53.600195173193988 98.141390596158729 89.760252799957698 32.526043411188468 62.409158860786597 89.481250954761293 33.400287116124701 26.383336457208518 31.597084754950945 68.669491011318371 72.225068259491664 41.029392937346678 75.491054204476001 31.665140657375247 29.382991318195593 58.211511791261408 0.892360869116471 3.402619194943091 26.635817527894577 5.956958382952648 79.610305312682385 36.539615189031238 96.741652063542830 8.893654187453349 14.005641879952480 34.543570920460311 7.857200058620117 50.850076069001894 0.975315810615907 63.314937042187601 1.878488821145663 4.943969266816817 82.966441916215828 66.534535255645693 75.417345999900505 74.217316704573406 20.760978518843352 20.744091700866164 97.589716775372864 96.845943138949892 69.297096339771088 7.753493430907099 16.189520344431642 44.674072320780667 71.194061824316321 62.512191707198660 75.960204997140337 58.975870005212926 10.883462388304332 45.376151272195166 57.850128417302081 15.025221186136450 73.176690801181493 79.029849147715325 17.377873299358416 83.392912400739590 72.031122189504231 31.886054579289112 21.489334234639792 68.825521472967012 57.197471243826705 93.955435741881971 82.730623485541614 23.376372315598893 36.784126598483738 8.215378500032966 61.381039573808792 87.810006859410450 20.606493776621104 85.575059735783753 67.292577999086262 0.540247390483284 36.323023149014944 23.648962540295326 4.236061913418999 23.431664338480850 49.778505466367683 73.220534301905829 9.841916904854886 37.096141519825366 36.588749412795593 8.301558436646761 36.747623922421425 68.453986884292021 78.430928407513761 22.187802844149541 84.798039632117806 15.083242102633942 34.341581962285318 92.067533560232931 10.516288822009546 83.900419754660803 76.817535843723945 30.347861603895364 3.820907217259573 53.337791250918301 39.073961607632704 19.197884882971895 4.923884346863760 78.426415836709566 23.526342117945642 49.704505094792481 16.342428151507495 81.808529249200205 0.784162221526630 26.006101668233239 20.833707124215540 41.216990250626239 44.164781820504629 59.306770604157045 25.623657331317695 81.019245926084977 35.305912265182030 62.231804912612233 11.218527119640086 51.486715276658700 44.361286112055545 2.103256572951417 32.184700553506104 55.936695436302244 96.670507117988052 96.115213680498286 49.114041593676596 66.441854603973340 63.228119148093583 7.379110792634025 15.051514159729640 21.618720506991927 31.688894101668687 97.830898055703628 14.915066005287770 81.817006128641850 30.216088505273241 70.995701051910942 56.300914449842764 4.168040725059353 77.030960391427044 6.598835732334296 21.242325471749979 0.088836313485441 47.038516441120990 80.936282583616119 0.294514901361642 65.311608489491960 75.836943834060165 47.026973612567765 21.276080913547357 95.903491893765960 57.247803111009674 66.954121434606989 38.333373586470742 53.431331114495691 25.207929157460761 57.630762297430437 27.049516357537129 38.601104814268560 11.783414940537662 15.838875448422185 2.972829465489379 20.309564382851796 91.043773974620052 24.239245123073339 55.544200487427275 49.786748291072222 66.705841212554887 23.329366485622081 57.621074745358449 69.154257828069817 55.038334554557764 32.738168883620020 45.235666331483060 16.269797339436241 79.229825715247372 77.034640307743842 68.237200727047011 97.321457062535359
58.418806188783634 64.717681315436707 55.289482982184488 64.823954758090608 44.540328351037736 55.538471759910180 5.856062733361633 19.904151431961058 9.852523232368949 14.453962063055048 72.012522851967006 39.941848541340917 43.548279487513611 93.807972547486827 69.730965263914527 7.157100005552596 53.630981734549600 54.498287919519171 22.549317776470190 91.608874450600439 78.502851755374280 64.708977344502145 22.084203487207311 51.708436782457959 41.357256868950984 51.552810924280337 29.099181006631301 87.997594812240550 82.346434716129181 29.256611369245157 80.017517955119629 36.257002004582915 29.865698168225162 98.487134855075283 26.196339632093569 78.575041834165788 99.382433780237278 7.045076676450091 97.656792730635971 86.552148266102535 0.653513737582645 34.545012484788550 79.460915674359171 22.429338490114816 39.126488417754345 47.318662004711612 39.163235478679290 87.468461307386548 11.609894571699254 99.866972486846350 89.579303675161725 5.939424613622024 14.686301942979952 50.664429313203854 59.123021520401942 16.319278727310948 76.149703918651127 36.788445628260767 53.323973177300424 91.896497068861365 77.914884669956763 16.375243811257857 53.205512558361654 50.258906782447013 91.720383202190760 72.148285560041813 3.330517848233838 67.213189903538122 65.089126643660606 5.251342562749928 29.848930472254974 17.481265787415278 51.053105947290256 7.679548273719783 5.380537524442575 90.248993695415464 93.407056507661395 83.946478104277446 99.533914489845557 53.967760669748010 33.398415225535395 38.825813947436103 9.026006588523551 87.017058984120922 52.100348204783508 61.210955015939795 47.455985926903708 5.626923844296295 58.714186414743907 75.637839106297690 95.177729593342633 34.512460482405594 78.400172362062520 75.707657095886660 41.426323360405370 12.634777396486886 80.954284015091716 22.207986841099025 39.939632196466448 49.485583261289655 14.533956410028626 32.769042308528341 99.544680203334337 27.529043621491290 56.259349387792859 33.391226847966294 96.831118160525222 22.707652382805364 12.802115508682377 97.680420482990613 9.931367380370093 79.877846609029945 57.480924789127982 31.392032410101343 53.498368156844109 85.584797126958705 46.725042282265314 31.458043666200574 51.352663157085807 44.513599524735781 42.875718993334210 78.521341371687456 37.374359150214644 53.639869297540507 49.932212803505138 91.283264653446338 5.360547809432137 44.935815238209031 83.042416736770903 29.724558233273079 73.047233083901389 43.272925790981667 0.426083016787249 4.621115056891478 58.827318667343363 37.107111676580203 28.333701547461676 24.569328398916635 50.861776464728450 6.122082177589572 42.841453923983707 3.485225253095880 14.929807275258010 61.747031598353672 89.689421157584974 49.143029219512471 57.017210199063250 87.041390436558544 67.454355675778487 46.934972591989919 21.587992282455627 94.540256820074248 52.067930745641355 69.059974522983197 90.131831563238364 99.048568558083389 49.538918244872931 52.289712697490963 14.240152695408648 26.677208012431652 46.725255060899563 4.818482777107381 38.621603314730656 69.955714233290706 89.199487736177858 72.670489055911517 95.904558782437448 73.829547131428072 76.502308028104210 77.398173520207791 5.726995115498146 97.209545777301116 8.346253538018477 2.745529996122209 10.990756347874541 54.013984358042030 73.778090696721748 27.283666134634220 25.252223378437854 86.353267165499162 95.334813493180675 43.531517736904256 88.991553992388788 15.020366655514128 8.001238478911354 3.995547207251304 31.600082809860396 71.743276854997831 49.215633136287728 20.123200933750606 18.398699142251651 30.509579599613879 54.250656352388162 43.254112703865346 84.059312092524479 77.650235549857967 24.254409133795619 34.290079326341406 67.732266407995226 46.885986332587493
95.473492908186955 43.506372448227538 75.068291934127004 9.714998684625243 99.518494032315616 5.448141459722377 70.527497444182771 38.659441513569270 89.333581498805259 1.649851984759532 90.489423410929476 77.487728546792695 4.665890133594419 14.260328632769614 9.563137911817154 23.044968243754148 41.799629086769144 88.846201937911005 21.588986650300125 3.225694301736726 19.925227810958202 64.554952023561768 4.589288168322481 55.698888405484190 10.665469949592133 0.522140071750554 60.210089430991886 63.870528698752260 95.202996377093640 64.641337627262615 81.555422504134640 40.540136700870008 57.021781306450301 75.528447608619487 35.078838299344362 3.331967823034887 88.104099412857664 40.013761635005871 51.537577452078253 30.794010303176190 30.010445710769705 54.424940653080910 46.963721873849487 79.504653817477276 72.604915442119349 32.570947874464864 8.548792930413128 88.709432774818751 61.960845938447903 81.237607246744119 20.710732473426209 19.622792274378853 42.645667070176216 24.719117999322282 79.252617100192850 95.190834254860889 22.751106597744407 14.188278577162928 88.728187639813484 13.681592960041744 57.934965603959490 14.835761147554994 93.063334645585272 42.672771841006607 70.026729270912810 33.246912085906388 96.815135724407199 93.785236578982776 99.827360544259221 31.197701419172507 98.178541271959460 60.213940172389890 47.300777404668636 96.589664009319961 46.230350284161126 44.833373114154604 38.490802347914567 36.487564144211703 70.690534540780362 91.735304503776703 8.859477438488284 43.878822116917974 78.334973488133841 8.740681859112254 84.479388200184943 32.266694309666690 79.324264897654743 4.575106060081313 86.812136508079234 37.006453387481919 53.442632750620888 4.526392408459845 25.157927599242701 45.623870856578343 55.614505530706701 65.108888522299566 86.190206694616251 42.183245822972516 52.899522217680136 99.723314380410613 23.594916111115460 30.753263615589443 11.213637465914871 6.896920390135087 47.821345186490440 69.143189118975883 44.082322266107646 36.784722366662251 65.363755307507560 68.115493064597473 85.790571591359637 94.048871403758625 33.934510126064943 35.355049914354218 45.649415937253238 6.849920194938397 32.362452036676217 65.269186377263495 74.958922766813814 61.216999555922577 57.329443069297461 48.443550212829599 21.869103295601455 96.836394467683988 19.099872412422659 10.246685593437210 60.506515100687849 6.755107985427012 80.841115385541002 37.099585266104896 60.233438709454830 19.260996854977918 68.934820239797247 93.865632048466566 41.809968353226054 51.713838350963172 92.012239898543910 67.366119961910741 6.974647373028942 94.731531025678265 27.980569979495673 18.231807070248319 37.369560181964410 39.784185880895521 47.476456593124873 10.424564118367307 50.038712031940669 98.542368823881120 84.763741159456089 24.822184441253171 91.419458361587189 63.515662881763149 6.679802744106722 74.190561432327996 40.163980895539794 34.044658987479600 35.886822923645354 11.942857878374269 47.361325977279400 18.316241978761138 97.114484784065908 57.042055647974578 84.988087560814222 3.063991605569294 30.575030883574104 22.449984861156615 32.682830760274186 93.450931858479962 23.976016375574883 66.563088609186806 99.457217291631764 25.154902680944112 32.822071633465008 19.398155444173902 23.954507660557478 29.009417131493475 26.796590958246480 23.322483787775571 38.458518131586004 66.172895534299869 1.373012174583121 0.720620072354361 86.443435250738844 9.168820668418242 62.441600962219070 73.004835490787400 21.752937853369293 80.176885230884409 98.173498013795424 32.143306848292738 59.210076257733782 75.106191255190069 53.982772531525939 70.827506275334414 12.976078523359213 56.246600850875019 16.330698799042874 66.862759780039212 37.785200303530516 9.821316835353677
49.952922213225051 33.014043545045283 78.176071446216710 82.683658386808460 84.239033772643097 18.932200579148862 91.290735600817484 57.396168124395210 99.745244441136279 60.731684996057666 85.444141109287642 21.965248200189635 52.647734059522357 98.969433199948426 74.150948340897799 39.363633109173804 98.200750653047990 11.976943086694147 31.158022194269662 37.583414417712916 68.291354162234398 4.955092164633424 67.788909459175684 69.034406202455060 93.535657630825426 40.523354344004360 5.975714492455985 50.235964066452276 0.035665502294724 10.010597332710514 32.517327715672664 41.972189665536355 24.412564111583070 47.725499273841756 12.548049989542731 93.435777104500161 77.015275246168756 30.084918443319342 32.680221246673703 65.226858058793695 11.927025884208643 55.857196702600774 94.832959283218131 86.132274798361237 10.724371467384564 64.848162430154872 60.454208876703632 12.389630755674553 32.842583201540563 30.535013583153169 30.057495526766921 3.233628276957246 11.456953684018345 33.136969656339879 46.053939062776536 70.976214035463940 46.916193860713349 61.774699308163008 89.690048657408823 67.649442830396083 9.588500141856048 3.120957800745083 16.028054883903810 48.267325296435700 93.397416070539606 57.591482765405452 11.752858235386554 36.563687485291361 9.242481564312078 35.511468155841676 65.566693816654421 23.145384751669052 92.169255989189523 96.215266870707566 76.607211185535448 44.099581084008385 56.201855493342265 36.510286723416172 56.283239340149990 62.354838375757701 74.852025110318280 38.658025071714675 30.500772227292206 8.884976534370647 12.719424441063886 72.973619920049174 23.243627522814471 84.594919192242060 32.365516331181787 96.379263935243685 11.924942298906849 77.573151675320744 63.695423857936973 21.879818569564733 72.335068728616633 23.946165966728252 24.662910466737177 16.403225816340949 17.672128876479533 0.425111212107465 85.149883031814184 11.222670181758797 71.194151167614422 28.131492176141204 19.918985328906182 75.294751382903087 87.068819635928946 9.098178301794835 21.505863451253106 34.877998406255472 89.598505621377896 15.281662537151808 60.652535912495964 43.799441963725251 85.074489245018711 16.039583479054322 67.081269107606502 39.541838853739073 34.793715206220035 44.880366321516476 55.237977712974853 83.168550711518407 33.824869657221477 92.282040532408942 86.482952918096501 19.486221892933642 67.682607023165332 84.725064697928744 61.074777955131168 52.010687533292810 19.215724677356118 58.179105041550251 4.504001033921911 62.405371846535118 15.812478403943530 63.525115558545494 23.665743781707281 36.322702041764032 36.697185050331925 25.425756838620629 26.998036748203457 17.736536739863329 26.092020709550944 52.880890226715835 21.142700901596754 65.516150408892742 9.104746751001457 64.744768318569257 10.055921828073311 72.497348539528957 58.908307724568473 64.406283053462531 96.693392321774994 27.709648932198562 12.686386280895757 68.567090894694289 3.199154917856073 57.083056692874010 62.139452680019566 40.969306023274463 62.037403823705084 96.898167251690339 1.871936530498297 36.275399491312513 91.161533211200393 39.931613070508511 98.187600665012880 60.751779660631676 51.572487515461816 95.813189643883007 91.976970964620790 32.883357756219752 70.638788783956159 54.040687412001219 20.264158091835483 64.329892134991439 7.031566543811540 39.897028431957246 31.006258105040285 23.551369862216699 61.462384590265692 22.380603014981524 30.364575149565642 4.178028141138068 35.928597281232719 33.878306667287298 5.274047457372466 94.807268898607703 67.620866916440519 20.722437298606501 3.077935557331057 95.641077433841332 53.522560731859791 53.672297559654666 43.989892755648619 70.304022920909702 72.055466846848617 86.044459274498536 30.214598032886787 1.230736772607854
71.243295383521271 27.402514250565034 98.477659555497098 82.225940187116777 77.321155003508153 33.919142679102286 28.100478572819142 53.676111765634950 12.384837205241972 87.228502636192857 72.839899214227145 6.783334486673920 93.628213253109877 87.867451863115903 14.663190320702391 49.696346323397279 77.801901539357431 99.444607787575208 50.321894778923991 97.099123386026420 31.928225838169933 62.296322856221209 29.103141075546326 23.544167474078904 70.218106690718940 58.288486361857174 92.271831779526082 79.336039460630559 58.154431753111865 36.231485581634907 3.618066690358490 82.226721838534885 9.452967001021474 60.215019031105697 64.691802268053223 81.062989096434976 30.287250982816914 78.246398538815754 1.874495275520460 64.230005373095366 72.302540733696631 17.455767464631734 60.793454172177775 80.339037573885918 8.518614242207779 72.486878609175136 93.673996870824482 60.353239681033365 21.040343895450942 1.217297194192668 3.356719238079875 91.892108341990834 26.492337522280430 81.160410318241077 64.186401250406249 45.339105356772080 82.144257497173683 28.826660499410540 94.775613282107457 28.636591592492323 93.425409281551040 59.794264998192489 48.772451944936847 25.215261285370360 15.228156238742585 24.454441017231289 8.897755514800544 95.031552358597153 50.613008045811000 50.678954980986049 51.000836510454505 14.420283673783285 40.317887013327045 34.693656585307828 88.693686737129596 27.888277019345008 58.281791156093618 37.338787223858738 42.802026251490808 25.114439795876521 75.812421476899360 34.990921705047981 17.268112012533599 0.302421230710037 25.988722739342428 45.209578515466809 96.896034876795554 4.622397047440030 59.605631274690964 56.589371529366829 78.616548881853689 5.487007788949761 66.629086333564928 96.949910467062821 95.247954270111933 44.359041234982911 71.411556624806479 8.973151273888636 96.954870743626032 94.557263168280329 50.062508184103784 57.039542130219921 60.962188208722964 6.107703955917665 38.364837675941430 59.574602367978613 56.864301563737563 75.548948864363183 73.488719133827672 10.814463200324676 51.700350683379568 38.734639972262229 23.655729668430968 72.685900042818346 97.834993946661697 7.754910236307833 87.118395118994968 43.195578042380504 10.057378574798060 62.670341617611669 43.908204167128183 6.508008431012136 6.368519158804653 49.947687682768262 33.713015812143752 63.214227093534724 80.383270475826549 17.132781729850965 95.120367115822916 95.256220071690265 78.083141588347331 77.153520563801919 5.227170107398882 78.730892520379996 64.997256487213178 52.947786456195786 4.746625367600565 89.775815803734886 92.098937137636213 5.273298725237041 17.559624365241621 70.974268682978604 27.900628561057296 35.553102395352134 44.564239956728045 27.213038548322476 19.638116959837415 18.691294760129363 39.300357199860855 27.131483345897088 18.416623329130331 48.888340128766409 25.004097848322438 43.206878334845499 52.506206034211822 29.919820652255147 96.020092656259322 64.578295829608763 54.597363641737985 72.082518888679502 58.066305673916929 90.950164456146027 60.794982258250215 59.388455468892907 49.547047095393324 18.513122250742754 99.954343733148775 19.942952390468239 60.931589550629951 39.375692393441994 34.145322522388945 50.523108047649743 10.790040193847872 89.387433846731341 5.853526971144518 94.205619428557512 22.429273828152851 5.476636884033359 23.991367593801161 66.521257924333852 38.682768853866044 27.930822864123826 80.868843317291706 65.169911756721589 6.708024525346623 9.031854637355774 89.077876678875327 50.368825969923847 66.139857129018580 43.779915693880035 73.354926505813580 5.653495167932543 65.630048780601783 30.604311319847810 43.732763099213848 48.814829316794849 72.347083513228313 27.209176116048372 43.342300215584196 71.734416337448565
2.904214087331625 80.018180431096013 49.755550780969045 9.372735890463503 8.636900306129490 76.918921286351477 34.607858795821315 99.107166008474707 13.810645488056327 0.607192950758062 53.534365897338752 93.139628353550762 25.265999229855307 59.420641326175783 70.540373346115857 67.820231430194823 90.621692335627685 82.047781159420083 57.510573160181501 91.479561317621915 54.641204812099772 92.089101709799849 22.407536422746432 15.982518947779656 33.803480441382220 38.782943525810524 41.842630016375850 99.522113261882737 5.602393205008327 53.242471046859862 17.773222749258387 55.301350844274680 33.082502361028013 96.317335038778424 7.305629554513937 99.255850509310733 61.317420234294993 71.439089234538883 21.921001014823471 91.234743952299695 54.240478605679968 2.229314968529306 11.410284557439986 19.091777967459468 73.506917032261342 85.370058868030057 65.670083950462853 94.515898680007510 1.419418567497066 65.981549024422165 75.063514466356594 8.100949215292708 68.246667095412747 69.288006586336635 91.227594543619645 43.697843946277494 45.486382365323628 73.841566690278555 49.462249250447520 45.698813955146612 64.914766699842517 32.409254542907952 2.576142818384741 94.038526431087746 50.775844611207056 29.934149348440432 84.102289587962701 90.229734612150821 40.795413315050219 28.433385822400570 76.633604842392629 26.906855138387364 56.753761574613058 52.454460683467929 7.033981468620842 48.580830588980028 4.614925621212840 42.430464015221681 20.653309656668640 36.030613443973657 76.095381276714306 48.776121238668757 44.213686162551824 84.248746979138417 88.332834504647195 54.458301533347885 79.533327235022398 80.936721899743020 41.481506637737297 79.745664796907207 72.373110387149524 26.390610631215573 97.100032190746504 17.397525010315540 73.127160461505753 1.669085339155330 24.656455484847950 75.034748988586330 24.321843563435607 82.540926532811312 77.696534794332607 84.223876492031138 49.912527656282499 75.469268710085075 14.385367162332196 9.565521462003812 73.372309743065955 67.925850074105171 22.490296598409664 33.063471842247964 80.349809066261216 3.601834411821203 57.508566570028940 98.590201727051593 37.046052434953758 9.704007235069689 95.771729183454681 32.993196362675590 32.380824548053297 59.662558696833742 31.209798680278155 40.829503809699730 67.189610784274208 62.700712174727968 23.197840446581587 92.513609180666165 63.764422173068070 73.107826696638384 94.516754739853766 68.128282255980437 14.107748552383148 17.215632118723423 8.891577075258084 42.986333407177291 70.694950563662246 81.580816130648344 63.214090093318198 90.851152433066090 58.319857849161629 74.517654544728558 15.418827744392727 57.843316271295151 92.643976862905546 32.991928279748642 51.884818642917651 27.271881073823888 52.429235509760410 42.347293954710572 43.353398107412197 60.482240134806553 90.587284007189936 68.767222357249082 0.870267824944770 79.120638728707107 20.694026960730305 80.184693101375871 69.003655209957131 46.374570969947925 77.346436382758540 5.546057151942907 33.857210688777741 41.436937273059314 63.031815485446785 74.145135972787614 12.236430106517005 49.085557709115889 11.251614078247730 12.874949007809667 23.948195018027175 96.357023520283576 67.905538349879350 44.772163651219643 17.382995080610375 53.420027113605684 18.944828773967469 35.748481606635686 74.362892186382751 13.976628351708452 9.980060400912494 30.054871547188565 34.650633497523167 3.622677666976037 60.072784806266966 77.223619625622845 73.095839554489416 5.581912377286969 61.785011955312676 68.105587535810983 77.819323289032312 90.516822851611224 79.426621428430167 51.406748400417669 14.708525533553651 30.838612470346703 14.170833591310517 77.796365504267001 33.724132067266346 34.963230763089136 20.783288174545778 83.515858478313703
78.981498886329845 97.326421897381422 46.086328798836462 89.287177391743882 82.161858979932049 24.674662343175278 88.265542282647374 94.552566976845739 80.785785412140996 38.825678651099039 82.309250915556845 62.218740249067864 36.084374448674197 72.694286116611266 54.551004468573119 89.366500119259754 29.468907532711430 97.201839401531018 76.074995111852587 30.317910625870336 6.925741138729302 47.572026737770258 65.403717951251679 87.451883261340427 86.849961320924194 24.064703235559982 57.480072873606943 27.406569004064384 95.649983558278336 56.069834868529298 7.398410380456832 41.969418578765762 11.118206364416849 47.779421008226905 11.820815780072403 15.073294463572061 17.628996394164020 43.108485067560331 34.812622073363094 70.443119247733705 79.231568591741578 35.553921625009067 16.847225113344788 71.350195809586637 72.639619625389301 37.298391038823638 10.613932487729050 73.462475891996320 31.879335605412574 28.094209395892733 18.026291108051019 58.897408048979969 23.804309360483668 12.662618321852893 23.038254268035619 50.374576414751630 10.916933903013494 80.043277370895964 7.740261831509986 33.538495210620198 78.820136514486748 66.412600976978808 34.375655381323021 23.121711864478346 30.644238141299120 1.995898936856588 66.273383511162152 13.831608090206515 60.287858534173630 48.287352124017701 84.483622233346196 12.178657862149123 85.258574679089307 22.061814992607289 95.212016082262110 61.363275568204678 31.916311816128871 16.212618089006980 51.278697355591504 46.227536779417868 7.623859184946058 72.409384690277662 66.607768432767358 23.647741069706253 72.326413731752197 14.432961283789670 98.376609311866190 79.883880098826353 47.576511155598880 27.049057575729485 90.980621705709254 73.751701147744427 15.269199344707673 8.476767518360340 34.147208377794037 91.976293322622865 25.594947217762254 53.638847458446214 61.231769903685731 62.718065828850825 46.778054184521913 7.439033059608824 77.022429283332059 78.241145765146541 67.588760217044523 84.130220470226149 0.313109269095779 25.375532539081568 18.119116905732604 95.742725578709468 9.033866063091278 32.182252421661303 32.638140348167489 70.558122094096305 63.191894093992552 26.489305743418235 72.542978003211459 16.498165879349425 66.312299758501581 15.932501006296951 81.800244536806758 15.260486267370176 94.394435579556585 49.298393284718379 21.521071607862087 12.504533094232118 58.499289354134234 90.983939728162994 41.507380209533316 17.043495677293375 81.021468790054769 98.193344825564793 51.234174422922948 93.983530658189267 41.351127780485974 96.544695084396309 25.768876064647685 55.655003989891284 6.172231011786577 71.112543490595343 31.843151582547691 2.890129132286834 15.405916144588661 28.905367976113471 97.124644068543986 59.988274716550649 31.061782746309429 63.845079307926845 12.098374335237661 4.144073837423434 14.653685286006269 51.409094340691738 97.197347264919799 8.459881152309112 55.972161923742725 10.020979635093241 52.479020005434393 78.609727867121620 44.856070071975118 88.555854521448722 45.301824000592049 65.169930920542015 24.043637443656962 44.023670811794815 49.421684597009332 96.400646369576634 23.304101824228884 37.448074037478072 89.861376694818460 36.685559853322111 1.425944783698863 17.793811733020426 63.106751345060431 36.006016823312947 3.087129838257630 51.999724029103930 27.641144848048505 62.415792527181445 39.199697035252953 46.992841588161596 19.362427106057801 65.375164989307194 16.047417553112375 18.336736836482103 74.505152776507686 7.435257184812150 3.443756143729382 11.638053761553325 68.627571475117264 47.696676351707559 96.281930050087084 40.597784813438523 36.765989196620261 18.148113350579308 90.227147658592997 53.937117685262884 76.732820967345432 84.022995665445066 94.591932817451323 91.856320386959169
55.793634527301684 87.841181985893684 47.299804194170790 84.742829142849246 86.832988192731463 76.103362354930752 13.832577431583836 13.484045437385394 35.366290207487516 24.283055509059302 92.911411007378859 55.590926659910046 72.411158016192559 34.636322587539112 71.928697021879131 92.401554719267338 17.394697133814297 58.533110021178402 97.978898183891999 69.125016639189212 16.397377485818467 16.295981618521903 94.393567281819088 78.799933400358199 58.283691618829828 14.652707607124727 66.592211721667198 14.165405944224629 32.308915120607686 66.315747215492053 47.668241766703034 85.080995415997776 23.941824445221894 15.013263674685851 63.238234088968525 72.485840005549377 33.007287833262076 37.753501603596263 1.953731038131112 11.983654594764081 1.407706143582166 40.976512401613029 64.198470243577660 61.165682086002590 30.655107299014816 76.976436720275260 3.725825332036037 9.801117426298223 8.347588905314096 27.872891071636840 98.410800901003199 89.165363876933043 13.054548347386019 30.754579292857155 77.751562958571625 27.378915442742645 46.229493026255319 40.796349541345236 76.432236667470505 20.083051961750375 25.603258847954436 9.218209770282638 81.746651963874911 57.880619934351444 32.114995473333764 71.964718059382434 81.166361537736719 59.327006370006572 24.003610757437265 9.699491776492552 34.410310737591452 17.290242929185606 67.768925060870217 74.318261911647028 33.447141717222074 89.108795732630171 35.231205937026012 58.612507740859122 60.595774019719862 18.163892923803772 83.464147631311761 54.124325784749253 67.290402829296013 32.954506691889577 80.469686925769281 81.796558772543392 61.594215385132358 75.018156096893833 42.116591367988896 26.699676459241651 50.464430464057386 18.739626450812018 1.893485574877785 95.300085967973700 86.396193449132412 0.371625149849930 23.269616037657226 27.410518067469170 95.988666185475452 38.130683546847919 3.837442859592510 27.250184352044037 33.649957830978806 4.885077352477351 46.040552727811665 6.576337096665597 30.333910714635902 56.402647640143933 51.359351101536078 80.885140737617505 18.272909357444512 45.689772478835131 31.689129285579199 12.158119631366970 92.289410016362837 20.769096569866552 39.698204723170740 90.248377975917521 31.896237100681258 47.509410314524914 56.069956066778659 91.814194310253598 1.412910374878773 62.398443229317166 93.647048390895634 6.379275577073351 71.584343215973519 69.673145993827930 78.463275511204742 56.559025896037873 26.840595052270366 83.956957468909366 44.172212248101104 99.101808369151797 30.741275960377379 95.180811760192881 44.009022015593814 55.568772353966303 62.911751219634361 72.439124223471168 25.177677334641434 8.158174527084061 14.814229671360534 99.082758532002217 40.708903361783236 91.859449295508071 33.057652528944438 85.680155055099377 25.451387125471481 92.801602817017780 39.098272618840149 76.324671977383005 42.923294585045333 38.012069075644916 20.844764646660032 22.070522239577461 70.491918296676630 0.979073550053244 4.332948511751011 85.048953261624433 94.103320517520160 81.470412085370853 28.842663322095607 29.585004808405014 41.963595891479919 79.937484423224703 85.626627671091811 88.073174390054163 28.753088724240307 85.817792060065855 72.231553501883766 66.691135805446777 48.414549316278624 60.739512205863775 15.716137918447338 99.217717580021088 95.798030555991602 65.752450998181473 0.277038635612814 0.817210685699876 13.669353143999530 31.207114135658941 58.226939017771848 35.902100382245116 44.069375175773807 15.988912731376315 89.251818256930932 26.634355908378783 23.380455638160480 50.843048252359488 39.555609781796520 83.051833025899157 44.229521201670131 32.066410827788538 46.600124240023057 48.185728477585052 32.088564116098894 41.489517188098411 51.906220055080851 47.908035264895169
82.270125853432461 48.606184892729267 35.495582826269356 33.575261604834736 21.272326119046646 86.381644425373693 91.635129639970373 7.796925444476432 49.285325940489322 40.422840429704465 7.098520857814616 82.602905652954561 78.374914985573312 9.668756385126098 85.998017730163411 30.515171721653335 62.796686099531421 49.409255615784176 2.733468678425399 92.824732678289280 95.858005106267186 12.340599777636363 99.183027685812732 68.497625615568452 90.743193588637482 54.458137134518047 15.505506794511570 62.652459154022864 8.089203454505167 64.955739132163217 99.775994399818330 63.976975218409407 13.905480938012449 13.184474181739992 6.734869858093251 56.583505157009249 62.463356008777090 16.557705617735085 14.547484125485187 59.675641909569855 37.935200873788375 97.038156260994697 47.694277790232753 35.938853083214482 84.498432680924708 83.821309819975824 73.181990289620344 36.502744380995736 35.807427736429929 5.875913930200527 73.356536823237661 70.097246269132327 89.765356067957782 82.405757844615721 31.407105669883439 9.930910896381961 39.601874177503383 62.217100822796510 73.808180289482877 76.941800027610398 31.426636860445910 58.298207792616651 65.363307875638142 74.779131490595375 5.788393954370297 60.672971754254782 68.044083064319040 23.517695182669996 9.121821599345758 77.051437440880662 81.278991329141562 39.163499839808047 66.672361359737977 44.422423572729009 24.055289688503624 76.083462343337544 27.218851557280278 53.700929094960550 19.423244060741329 51.987368354191474 94.420658983514471 86.099545854511376 72.096459854416523 12.059955515168719 9.135800171970132 88.925485804484310 5.523221144324364 16.433087631732558 22.462865143433863 52.930660576050457 17.105819481146924 52.892624216841391 14.417872013171584 71.078234584242765 41.494926544165779 87.385498679147673 34.757711972363460 64.553368307108983 68.772578461822235 47.019386476727391 4.283244679030296 28.541895048884967 98.943782727959146 29.629109256955065 98.586101464623354 29.583369024357754 44.943094880384471 8.050719079623681 44.520073216662269 30.579311635728402 39.732720877542086 49.059232376603212 71.746786465086601 79.579121461013727 43.015405001287135 14.009884083641399 12.090827153545513 46.450043531760308 40.296676211548721 80.353809577119577 28.387576638846291 55.121461817155733 95.066705675258902 86.946876643015827 95.560113498511797 34.297940076664489 13.669104913743480 51.838656727372289 65.010730357285127 76.462432563605546 79.716819731958040 83.464468788495537 37.537161146552791 96.326568821028289 92.330613585836701 38.611743786857701 71.882557952672457 80.630609159552108 15.409626922064135 70.707705840181376 80.253989656027457 39.334400170712946 22.700102148226975 91.339666923778339 83.820966251279017 41.651679228624751 42.397610486140735 42.803725700690556 93.737383983609547 98.774197337478256 29.320519175450531 77.873563751545760 79.431001591528982 9.253830711151300 71.792073653471505 26.466442308375548 63.661127386602665 48.087251007436905 41.843173885037373 53.165712064008588 92.149491774134844 91.643287139310516 45.604906953981725 47.675292614714458 88.912384475663259 45.488192951153607 28.895797445064975 42.090594244509546 50.068694770421260 47.733120483025026 15.049352370078751 35.558167859808542 56.217930488694833 92.822284574380944 3.073834441378509 39.999469734846230 71.695468121458106 62.193383445449847 4.870511091552087 43.915059585258298 70.989516679530183 85.410461179489204 78.769570624842558 78.666674203322316 5.180272054017676 10.164667125609995 96.709092277777003 73.267006475292575 99.296236557538649 4.042369260550394 92.781882275506661 8.851618632271851 8.119275437332540 13.661321994901021 50.264854077546893 70.358947795622541 41.924548143881864 26.222844585204886 63.497919171508485 8.618362063600271
15.326526958453634 18.302687754373526 26.178023783286008 52.922195789318813 11.179281998699309 17.435518501415061 39.540554444844233 7.094661552255566 71.264673862836020 61.062423579561553 18.488993640477748 91.220868883811107 96.785738442632194 44.611644334540898 64.315901329629384 84.628599260690763 60.885634108355923 55.577046710259481 67.823996558876786 65.978202494651256 92.342143082023739 20.308907202105807 20.997352682127655 99.101563338130475 77.028420489180718 10.453658822997870 41.295041158492062 51.104350011012933 93.298353307437679 88.116725523053717 55.642952721761738 32.269496095254127 57.534224787094281 44.845319668333630 79.307654416923413 38.169782128136333 22.155260451995140 64.170891789988431 69.355660233704199 30.440912114081399 91.536659053747556 32.461840166120560 68.531801297767743 30.855772580833861 4.450454973823836 1.966656492197838 69.225820328379712 50.994465509174923 86.087348744789722 19.864961578433682 20.223860687973517 2.008241403445077 87.685055393243957 69.375108511188841 72.135484393371755 72.612994517525621 61.084836744529980 48.311593196166683 31.078525235065335 17.185606975938072 26.893521672234911 38.617560233944168 28.796045567432937 81.578784280083042 60.263065703553174 74.105073478038747 22.449454930124546 71.785749759729711 91.944261005740685 99.488666113668359 74.990575860874003 91.105887399550667 96.229560461400538 49.827370736060942 29.859138996758240 75.652190338460841 42.715433490567101 48.430714338827549 64.930262555842091 46.955513547915039 81.635164932541684 17.857826068098415 56.585763050590842 58.851890020751675 51.660952728845999 30.124807980459078 59.545931584111415 30.727905933158816 73.735889244971247 47.752284189304540 53.982779945334428 54.149644881860034 89.588649749297815 33.796562161931242 14.800056097901193 56.669601380296150 11.777206934813389 33.308884899708161 85.478368309505967 80.618080926215185 45.092685522446374 26.871985804883558 35.908234019940075 42.803774111389579 14.110220997652778 54.917673626175599 84.242769821963449 23.820537660047624 99.392805261484867 56.625940817684182 95.034856685086851 74.824061378069814 63.335203350241343 63.876366090194701 40.621768141689650 78.212533585658534 73.518571018308819 46.330447217485911 76.845315857726575 67.906523254601538 97.615282788511749 45.661774931965013 13.319207031102865 6.628431350106112 98.122014968230857 37.752041332474597 9.561529909695022 85.855137998243606 82.382775791405749 4.159417622620709 61.709339594102396 51.475937004022086 71.172344353782876 52.061989845718934 83.532461227793178 10.072876499492056 64.216550574324657 34.419249413713871 63.186317067035716 62.066338792789807 26.117015538259857 72.824442874810302 61.812630225454093 70.762774808522096 15.879547219783651 45.892762307605317 58.534880478331473 16.011832980707052 38.455861101867114 60.662066171716319 35.951049644554836 65.561864866135650 6.106277277398098 42.253336000316466 68.853565465451538 0.458795824980895 83.106431060499958 90.456129550360330 1.981762412535515 25.878804601983628 13.606594363679436 23.615908041708256 65.191479103868275 7.811558828657461 43.411628087026088 24.755539017702976 34.610983397105365 86.674313387505279 0.613027294478097 81.939188320467295 73.103922859362385 73.460526534427473 11.385180022438702 60.186576672502113 26.916556747151787 2.615527237603887 16.791928864644646 10.410054932531565 25.659565033407649 51.876529698316034 29.064781808737415 66.943914402572062 15.421933836014501 37.249393483761175 73.255450096351979 53.772930878419658 2.423891630319575 24.738441403172807 26.640144705771096 76.086351294475165 35.513753607387955 47.402732967601679 54.843330083437472 90.529066848008341 0.295512263485476 46.020660004725734 36.313760387783546 52.989368515444404 63.803087403674375 61.202763413567610
25.276570230378979 17.604992180296243 1.302404997182760 55.135476395229396 55.288432300435375 90.649025813213001 36.831103657203258 12.284772160311775 95.007660757959286 89.724772959478003 82.801049799022437 98.678800171525467 18.742814852870680 54.877854290012372 51.060257064196215 32.589881758147968 77.673565081729507 15.293498027922469 45.171947809242027 13.831706361532770 14.987353616838572 3.576402179986027 75.951193893016651 34.048535994130788 89.881764260967543 11.770765577930021 31.172012422120698 7.556328344463726 78.049325561787171 38.062797659564765 59.043371628912389 16.538750624132390 33.947778644426940 5.544038373448290 12.401970575859277 92.806377851197709 46.388149755024244 17.782864803928923 16.098596336881364 57.029263611762651 27.965878819647848 72.267195882746790 58.466842478210445 37.071047376220534 59.595133583278248 88.598251358367889 84.624086404527063 98.446184257436357 29.434684434562651 59.541123779991700 74.418164853737039 27.178281098588563 76.333137544040582 96.324646948267244 73.441400277021117 93.666776209993074 50.311149685746535 12.777641951781272 70.131723196000607 66.792432759363280 30.194639475164021 60.954337873765041 71.890533078631762 69.251092993132687 87.374286732894561 97.279959178990808 68.560053010653306 84.101044550235443 38.705416741212858 42.020922438758049 71.999516510008419 42.156619192918399 22.162874995004888 99.017938569411740 0.230410742198028 24.695989744114765 70.928660672420563 26.193163691914979 67.420425514433290 84.548404519385485 98.723881940600322 4.213633109405346 95.562540964248981 2.973114142457611 22.134367904998729 80.343589472774113 34.694163109795376 54.019153627711326 50.071977083590681 13.287370778637332 97.657099250421581 92.950889608622759 77.897223885585717 21.350815734869201 82.838951975072021 57.427376228797087 44.025964955355825 80.467914458160251 29.932785085331993 96.775584879528196 80.127174271771025 39.512560090089622 83.087235096440267 36.601227509740198 99.703661268884701 69.488718180312162 75.497253515535462 12.888974478041060 12.153759931661067 36.875841085495800 5.103543958071944 85.362963423090548 3.300435468782070 15.816321739981486 74.557494533995609 25.816411398484330 4.507241199804901 87.568403458496633 99.254474428289583 71.957354483986563 90.815590999937967 26.554118360447852 6.999366942436391 32.694985209608397 77.838627033143140 73.859016704444898 68.118750614900705 7.162395224989782 68.684180115556316 75.771104789584697 89.715301575812120 11.581618356712386 39.024367479463272 78.477133533362036 32.613118463247794 61.802545264720422 24.324226662019399 77.718677427240323 23.628343895940972 82.467118108936319 40.692712590956290 12.685796542961613 29.317118691081568 4.077712831767599 48.860973398188193 74.326299311167389 34.904209796493511 10.595554816257291 24.070098238296232 7.394060943071057 8.312943342786983 59.005770322022833 44.140788020597064 76.377516622718105 30.482004838636556 83.969541476062687 82.679922759237002 66.480534969107168 92.531131336308945 88.443206401734543 31.047224625196790 4.735981216640694 28.612419971146796 20.385006417612892 3.170455163390939 50.762041759194055 32.002351336771461 14.028108862988219 79.859837421837483 36.472403034226311 45.078951499459933 9.225040461238388 13.689563598385989 22.594964217444680 96.739950178357958 46.145534156433229 32.543501760343538 41.787347972961072 84.249528341727498 84.793996215842839 83.581504867355036 16.160645999761226 86.018743024632471 31.520724812434231 19.470121838716913 6.219642505931766 38.269186758210672 84.054297771343869 51.631091093008230 0.704720797238678 34.892029545731198 98.795649628468880 59.944927163392258 51.260303890851702 74.248992049632960 10.914898742863432 76.635621353727700 97.166165600053603 99.654109470467588 62.191561186722275
86.641952614767774 20.233469660585524 96.229990522961174 13.668969794382646 55.812854144743497 8.536100982859807 10.378674570537472 41.102953702308490 76.093751405680450 0.295502555046645 94.002891201668831 79.232088864113450 91.612425598646482 60.145925076626973 67.701445740519958 74.927622142298830 28.805616399312996 60.817444352732849 66.180941872299698 61.379994760144832 27.320850894007243 64.767091624960287 99.641013518617228 81.300107225796097 50.866257205494634 7.842658416152581 28.232242697545750 64.805875448137812 14.358690371534067 92.065430911973067 62.358446710617756 27.441544200869149 98.854932607446628 95.095186389001526 49.695227759407501 42.822840324069944 5.931116308359108 31.689422911927480 17.164779122262750 9.642415914540903 53.617716034997997 77.662466307790652 1.934669908817088 87.651143786566848 83.109176042309656 35.948718343808693 22.432871156923561 67.961832064846732 18.923085190041931 42.139186525901017 24.186962448055393 20.406451501207236 58.074482562230770 51.584735401077438 31.792345842449809 65.169030379830545 88.304306670177837 59.705740938146498 78.349451215415229 22.991172771821379 13.211898305953740 39.043044113412492 86.179148022339831 25.660636970673988 47.992845312415987 41.367798720515637 96.466961495870635 25.864558856771257 47.071454773015063 85.909236094232483 67.484775738282181 46.358983395706012 89.361846626732358 98.084644814305605 3.036097606384969 83.638427893907334 46.974404903825196 18.037301741496048 29.073732875640022 39.294882126776308 76.692886133988054 16.627632279143345 73.802239547063635 38.783251053225655 7.611071974875106 36.475678960296719 45.935263639883630 35.938648381518789 80.776886002789510 10.673992581861446 68.139020883825324 79.405330850967047 21.022574674418017 33.103240193555862 23.261441536467451 18.912504237617213 70.003521785625040 76.012029312677925 47.474463424934498 20.811307745783981 13.872642636278998 22.439332651982490 34.702817388090992 46.115558447438765 25.557615116123610 59.391650289483856 49.553282921746458 64.653290387734614 97.211083470104441 84.280977979482316 23.029891908950461 53.167061197991970 76.702281671392868 39.057897279710104 5.427447455750589 79.989248277486581 86.035304969735364 74.445767806374221 47.310043505712919 99.897949555543832 80.084495474391574 94.629193670480134 54.990612327212396 79.544446385499995 96.646317582699680 49.586024406636234 12.526804873889596 85.388892845982440 0.300002844907177 31.002052209311117 71.357004725940371 1.982261208590819 24.018172030046316 75.193763124675456 16.306614304708546 24.480737204716362 29.890491309687995 90.640180801409770 48.873807363769849 36.222839480270771 50.672474633362974 70.994729534780703 27.567570204101933 77.618602580325515 73.571493862611106 40.463900934185496 73.336803801077451 47.611787014467652 34.962578763521634 12.062190951839346 56.116023292722836 15.788198986067158 49.106344691388038 62.407311952857661 98.500463505991149 59.395236914271422 6.640673827600518 55.879555312081287 89.229457749473255 38.502854763812891 64.288113264484281 63.979028886282308 41.518444814475131 13.959472096369973 84.199406578507507 47.607732618902652 72.600081576436978 29.209544443401491 42.897742081959031 84.234418469146220 0.040645896837421 85.223021697369589 98.083206329466734 91.921220917596159 85.427108924624847 68.095458155771553 84.663065199512317 36.003973509502337 21.797815945844746 67.406586906486893 66.808116323333195 52.945453420199662 10.110103425070493 9.271883902650268 20.986985395709468 74.511399648921710 77.581014576156321 45.880114444767770 29.122693638129615 12.808812042219531 90.412776142577584 97.500206433996482 11.553627763552221 12.158440035235374 80.561631906185738 47.207236989701272 7.204152185400837 42.655479382967634 94.337576760834907 75.418085408193534
75.314526805684821 98.333761421383102 59.590655038532816 74.584560393601336 19.939730917893726 60.284896584053406 19.385595697679715 16.704387906682882 17.948911066416894 49.515265273153716 22.300665677550178 39.168554632005140 62.313341391866892 75.886328408099757 99.694809218651486 46.304858325212130 96.080729759590483 46.396628069348957 31.085278064635769 16.180804491602117 33.486651196273719 16.566467727928224 18.852865799956110 23.249907084259323 70.589709586647189 1.961367935993841 2.993730230455105 1.117449237565860 85.564386022548192 38.583650769213882 71.801927389635040 6.695887351258689 56.207176002132130 44.726388562320487 41.078334663151736 92.016511226058498 75.422252593320820 60.614611671738480 25.595776448687324 37.122923379774306 17.178552153654515 9.545389859143116 53.968619403674126 61.496299225791994 64.483594714323615 7.342693993974125 68.449256850740056 22.170964046748487 8.501206422597562 28.385725455247258 63.770190040507302 75.595324753104606 58.316331720907833 40.326050328984905 12.696931752139252 50.587983829665042 53.523105785451939 60.273199928166555 68.227785795349575 21.665370908026848 94.992107990609313 60.764381968529221 62.881015589989012 90.200322998263189 99.418661712719654 67.240735473621697 99.335258818251745 52.183666047823849 65.218271620760348 8.206672337743704 56.236262268737271 62.045504176489615 81.601115133782230 1.034895567343186 56.954942570465391 45.265786593316960 47.257855918644950 92.905691324800330 10.728035242925650 91.500137810288479 84.521587986778798 83.310140107722802 91.435361249199460 65.709575584908279 34.488645952127698 93.456141820807915 77.789475725167662 32.991170767444665 51.975982519653328 87.024767004902301 40.096443786814660 12.539597610969167 94.797573063750363 63.487238557439731 9.456809326416238 9.520954413083516 60.584336170877940 49.777847473365000 88.295555396813867 51.120139648309191 13.208195450475513 87.310235227689461 36.458000984158126 93.522719989181653 36.561524466999394 78.822249801460103 36.869918192314763 29.215520135506679 62.865852787411910 96.376221441703905 24.207691250680064 82.922346923262253 11.750463836568127 86.977569176564657 98.993457209512840 57.764532597168447 57.381120424715562 37.088756070834719 33.831479020066780 0.373132386563113 26.640334249816313 36.773443019843157 52.267057022096665 5.548602546242975 64.090882962871248 28.179831832729818 64.840926743745413 65.603151006546184 74.797239216420124 69.066185521516772 63.405989178382391 42.161030614393901 73.645388685515627 53.579491516222511 82.067612775537256 87.426395241611004 51.837069072435604 71.514977835874717 39.754409584637898 3.547968351790665 22.796825596930759 4.897504414041354 69.732785609574606 67.861628806515441 57.739942430706094 70.829774522138749 50.153889237157316 15.589154919134430 76.056959071035095 78.472346165292322 31.569382144091264 82.723221150791844 66.440873868083770 33.978644602290011 75.647724042919222 0.176057108995409 28.154436184577513 69.741728657564281 50.390060880100251 80.327252700580104 98.831243170402900 64.593030504012475 4.641063211333696 66.665981971486389 74.014163578474665 93.404267341533767 34.391096975631704 84.250771672191576 54.277433734969627 9.424115260917688 89.455589022122084 43.464625150557346 90.115857311695677 36.215625179702371 75.491008490716354 70.162355611676134 99.795392195447846 69.455031147875388 78.141637888551315 50.549061696029661 58.888746746061813 82.643081101225718 35.614104750612562 67.211379021497990 95.137194903537051 71.377722877442295 45.983872757953648 83.170089802159268 45.489518946386610 32.903536744641947 74.970617775754931 52.939772774861524 17.486364889904426 45.500368384626299 51.927161079471261 22.740383284101640 95.035462565677392 79.611986006009118 9.914331846910319 53.820302334034650
27.067968929865426 19.404933033642457 46.962041369180575 94.101976742353173 9.421979326057651 82.564529623298014 21.775162667600856 26.081599207154749 28.709454157385995 45.838095290868651 9.550254724299201 66.463114135192683 42.897945841411470 79.319739551198381 75.992527542458618 15.887197109472917 57.109875842155432 3.120381359442659 45.001773154563764 92.115036463297812 74.615119986094129 19.671774214670389 32.131634059371962 15.135361611165642 72.231628349047767 28.268110694860461 60.254845223011763 81.364915753852827 88.513103720119872 28.224199444607876 57.607001319013726 39.726632029457441 32.704152178773271 87.669958099056529 9.987481353029660 57.221302568508172 71.264807880113921 18.865380711396320 9.709725626329613 19.525565229601206 67.483504437699622 0.187991926512987 14.628537191979884 39.941537860988483 91.384785321471412 52.589794427865399 49.968509377668070 12.956527950489615 84.879264435678863 80.790628834055056 37.125193229901186 28.027021256641426 74.578048731047275 32.229746624059416 34.599644644834257 8.537818641556793 30.939769837148145 97.971723758751224 65.228255980045375 22.155645636576949 22.745459473608744 89.165465983299029 59.072679579234602 40.629462680397744 59.050329963352397 6.194371989331493 23.056478196567898 12.649477933439780 0.645928509785554 56.124990047935420 17.994118254300229 38.655622228214796 62.608385676632274 88.459433948060450 5.420734828171891 87.428819013790559 24.880603491617336 96.422762994559790 45.344616788766423 24.209884451465456 14.324142651535055 82.067954329110620 81.866534586500606 27.278240782940699 25.096525681631132 99.304601969873403 74.146626762060421 20.820804431483463 82.584156226238591 41.055667698187968 24.837980879653941 91.341004093248031 58.547243293229613 46.053710225018520 18.161064243026527 35.671223361947277 85.208868542102607 6.045593771683933 71.926219761907362 38.310696046556778 67.724072943470929 34.178745334186985 14.659545609418290 46.944178271163253 23.077422651890124 44.027030757830353 50.944604393542683 1.879642995086850 43.648367488638371 31.659910237952193 97.977917406803385 98.409451319108214 27.390056533360273 99.482586500813852 64.025084230886691 42.612277217557327 49.344982591470398 10.003454530124078 79.348285760457713 38.601027760392867 72.584900683869975 77.018800921253231 30.082883158361305 92.719787087763692 35.239190489757966 51.138644183704216 66.849052165076927 61.311087828991482 68.948301786785308 2.110136986634570 13.733023735949290 84.242044329648323 72.286225969232476 92.724766797325557 7.611684211875291 58.899145623602045 20.275773508113325 48.980180656213854 74.489169554870912 53.804163023023953 5.354732419939090 76.621396632558941 90.477710436744502 68.412639972993105 95.773602580295361 72.289510987457049 39.300914201068814 42.789560294687099 79.426520567032881 36.630666160391897 79.331294771668880 21.153019174047969 50.186220541115858 3.996102883597763 94.419727465601952 58.873466144039952 5.647877928412015 49.761333342519350 70.989497555365716 59.509523701998610 66.657518342886462 98.909126067573709 52.581020467198613 2.270128793906478 42.039293010983336 12.435727901899885 64.553542775802086 4.888568122152392 58.362759012668583 69.795208458803444 99.296515966466671 57.876355976226769 17.390141465224428 34.239230419555611 47.501106251530409 79.187645382710585 50.857932711020005 82.127160662957792 45.910373794370543 34.338044465162767 33.120080977896770 4.444585064127415 77.052818991958532 8.305400940065599 8.564355772835409 42.872802247573951 66.154320027815530 57.105568227491119 43.312571009876734 26.934502342956733 92.477682943142597 69.209847975341887 18.949028874703277 86.994565536410462 10.881225800887107 86.193689185309069 37.204126433858043 91.757357662465807 40.404937402430285 51.991528979438264
90.119656260355271 13.630300158880249 80.567479320903942 53.833561907320281 94.334206714635073 92.637572609376932 24.069075881017376 56.972748035921349 11.039433009184085 34.887789951395433 74.379423095822247 55.946623155358843 8.735825828725019 17.307428488125677 82.846336996690368 44.314434870291407 82.658621872075202 74.010174734524441 45.075924984411955 74.913041793658834 25.792532847505832 8.489399173216617 75.197487539100180 98.045880602294304 49.734832329136189 11.408081371339263 75.443923598043156 15.150757634961021 24.830440242387354 36.220090058140940 9.577181906670852 22.247930683966956 93.718106258844585 55.994062921554125 27.115192162668546 64.885993074949511 33.198502082109982 49.386093509377581 49.198269047316771 82.733134330469099 92.780667359432883 47.474456847050881 17.053817256539951 51.074120520783204 24.979150752212277 84.796152895736796 86.619151757142035 63.618419722844507 95.254262903047277 19.988303644270466 10.395107813825366 22.459199094590975 30.135375761219073 74.618951825618538 22.680877718110036 24.152204047301829 29.532169319461122 31.038953152962222 35.541438650094179 4.806433036058023 29.390576635571485 0.194152206021381 57.500899113018292 30.424247362077359 79.224415377519009 51.928022606180804 63.732116482573900 80.000165667733157 77.822598618542031 90.043604606235078 32.549740951181185 22.082260075699789 34.061190632540516 29.277166323922309 69.313270196884915 22.430797457125472 33.059586719605619 43.652866638908449 85.937315479854476 19.054457579926044 20.514882168264247 68.773320923774435 26.976873444232773 36.877983277671987 78.856470433564368 16.806063871560227 80.564027373019300 15.785630649888805 87.130894673215636 36.459526491549155 81.279693605303834 67.974191496080181 53.552207367764659 35.377456324448310 28.472162109064282 82.860520988342145 21.968596381568815 82.281794739592740 19.421062715505254 36.627095509384979 82.978351746693747 51.400940173070552 81.536570484246070 64.316840311938932 0.688430928175454 0.984736121316399 40.936086715231276 93.049172824163477 27.623459560134190 80.949210227842812 12.933654094550096 55.908356339017097 55.410165453817420 12.164542269509893 1.723229570113538 86.204651695701813 31.935123350222948 40.411709445425878 83.237782605939572 90.231566408218896 52.162083096274316 85.500051796465868 25.484586974187696 45.906262006145681 6.531790991651332 82.649497731470802 31.595248577186364 56.303331156456274 95.983710276350550 44.806804476373586 16.675268328009849 8.531595111156809 77.732039288299504 9.822572340327850 75.982328150016400 37.300567381661999 4.707118175639136 42.478250365370272 64.876752732227800 60.807711222435209 14.219161416557480 2.241314439934938 31.869109825129627 45.950307285854173 76.749340310298848 21.512566174044089 16.750408357049572 89.637699519085061 71.678412666531926 35.142812869633374 8.951081477232826 42.361807872229704 11.270407852202613 19.991291257593225 58.225042703862663 22.513528105720717 44.259677797216469 53.574011629562669 1.686132789227313 56.334452182475545 95.818674941930482 92.180838755343302 51.080703357804268 9.803011751100698 24.197270109858039 77.547500416640560 87.619466164615886 53.629321717422485 82.351077088178542 70.768989173579072 47.308619472407486 72.545139698009962 26.461071993995013 20.995162438704462 76.907030737667824 56.883981428485953 76.162167197195274 88.895160769470792 26.864686788088534 98.310471316826124 41.103198923613924 47.303041848187831 37.655616794600554 28.373399909136676 35.433746766775975 16.925742619231588 90.221658154395854 78.014039873210976 37.029199688077938 1.828515464155067 55.255149048811035 17.443085894284906 19.638112966753653 22.598720604433009 72.384037198395674 38.167758891535456 69.666606182091670 30.953530851364739 40.941559514285345 80.189949742494917
49.746899632326446 11.679559092876113 97.220724789274072 59.858472378030861 80.777758435248003 1.390690817176510 97.851530761678291 61.526769146807425 48.089861383272769 88.089374742870447 60.899159532760940 36.762037456616994 90.294193363428349 99.480463168214442 29.051183526285197 4.255647460447632 9.789045479582615 77.881339760217699 12.030127260921308 32.476998966870454 22.675010012460106 47.422938769496071 67.158182326189575 63.108387473981139 46.782928023874703 73.480928436394052 66.106531823396324 92.084496465101026 28.368886568916231 53.887239932921979 26.550991821938542 2.460534141432402 25.831351758236377 44.872018113924753 6.997567223841017 85.304295488466153 4.914439462324827 25.745097375324367 85.710013415810266 9.988857578870491 72.099920796760117 94.999970997715991 48.095522770845122 95.190946182631762 71.626758027584586 16.087293400364601 14.944716762854659 1.458368359164841 92.875485297369679 31.185518548571167 62.961966562178795 13.840009888833338 8.593655884402885 71.027283837134320 95.187811573981833 27.352676941313081 10.370431106763867 93.804452381218965 73.980920801769429 17.350055311183709 35.730635411087128 59.053944502143388 15.871303131075953 87.427567909937139 66.131158565757545 51.877246419218359 35.526363829681465 87.290602444448027 68.778488255858591 53.652523653601456 91.394480156915890 56.240362621684859 16.597821312930016 22.563996130939323 93.557325773862885 88.603291071876725 27.523960495566058 35.861229209020721 13.837496141307760 6.575706332897269 24.571668824738936 12.313635764839448 79.757211850634235 33.285801442558864 26.273469852029919 99.470792190403131 91.968353331000756 10.264965755166067 1.562511878116457 4.000054173688516 18.237074739677517 60.557248773879145 13.158704647207731 63.397292014850450 94.851974673630153 10.364860478411197 42.571660848963965 15.610349974188086 48.951485790956838 43.599540143226470 63.799394647990852 38.606503234731235 12.954087301949402 98.027169220610489 22.184813284143456 58.234675858890924 40.838624795007462 34.654901049379419 47.277352831386246 44.844217868580785 80.096045335209084 47.688238485273203 52.662741377832212 48.453783719177991 61.454542801893574 34.039389440745381 90.690039685053719 95.399498831868613 36.248120415336480 73.676087323963742 63.317227518544975 98.674381498907763 84.775897041277233 0.711940430214830 4.084292787400379 64.631204351911478 24.245809774026263 54.871011090217600 54.944936646675316 83.102421149896315 12.763104590215734 61.444370283246208 84.545368918280531 91.973495621408446 63.388584488612707 22.180487250734160 7.470775809742591 47.358954958104640 18.716844306070556 18.738011612010986 65.477422642978496 82.983166084458745 2.715684751839598 66.286026495467723 99.288064543064863 74.034170418000471 81.918941836379730 42.256424838871489 54.754231092616799 26.275328668742315 94.037183128412465 33.743901519273756 42.815828587812909 32.350532076168989 24.964462874506332 63.382637779526377 5.724927051786343 46.102468071680669 51.510045478470545 47.854880863108896 29.575476414874203 11.390153361914990 74.889184185754218 84.278394819422388 58.654447704208600 96.191609225197055 52.889377625655023 35.913818507392122 53.362629841370456 29.952427680234660 19.720990261647763 0.132314870555328 51.503350616073561 8.327615496236007 43.668477648465888 4.128599793340316 39.904335936678692 19.842082063257816 40.997219508792149 52.311889892912134 59.029345981839164 93.287619315350383 22.473506092651839 91.422167188714909 80.998514030918557 42.679536901455769 24.592521438308989 79.359501324496406 82.272298219863430 65.914214085537608 41.095301361611988 78.212040921214196 51.875464587635058 32.805035752283644 32.471554190287918 10.884323521659834 15.381370178220466 92.766093004400091 97.093609222975672 91.097343922525965
96.679778310023238 17.283304210697626 23.540362709399844 88.473014789931938 72.386416210261643 4.290571332561810 68.640328852431168 49.872192948230719 16.127843244309283 91.270750828947058 21.527643341025428 93.223913839168233 34.100030835391102 15.498990016069069 37.885785667892144 49.159298591909248 41.324009362249981 65.650918990316498 34.844328334878085 46.878984395311562 49.009927455128121 12.273308201726675 32.020786682673496 97.170617612737644 79.507985282953570 13.197522472001245 61.844911714415808 57.638077660814602 72.656921606382468 93.255159794727746 42.461861303052373 99.043827608726289 22.959891932804133 58.074207610436410 35.885024325979010 81.624872317769331 79.080403754255997 69.854398533654532 73.249235545750210 78.644992741200184 65.555531573221501 45.541217313801440 13.187842067545629 26.241635602411527 78.281149251476691 38.720287907636788 92.052487700239979 23.717068120583185 69.769778661285670 62.836684424549681 0.649413284201372 59.275334319769556 18.202676185721657 97.926859303065754 15.275689677895310 15.711424763576876 46.939817631795044 38.768369130972800 45.273448664945285 55.928275543694916 60.524110655679799 29.678542781325756 3.206218584042375 69.068473401432669 30.417710096159002 20.172836886381894 19.367022491189744 10.703588492429860 56.058389278486544 46.228400239863277 46.794852625755134 66.994997968203435 67.735896131222219 57.932795870210150 45.839987758115775 27.589982133190738 61.304275965851176 67.074614140407832 30.218497554486369 70.213699235918568 84.098864023283895 60.116031129804739 11.042236592366150 32.525371929645196 14.873155356138600 38.508866289151136 79.142884640026622 67.328275960478805 78.897787452336075 75.295762866038245 54.555401173290441 58.144278697279660 13.679695607098575 99.325269530048317 11.968871652267243 68.600718812038039 65.163813486886795 57.572878726008369 50.888337027842766 82.076279537592384 26.227423567240372 75.006032431703602 56.079250937008766 3.947204586901876 9.980045494653545 4.182969379809654 75.142045184981470 79.947997367416463 64.911972269931510 99.654495800441552 29.485526340085965 90.853047046271030 22.163781262081230 89.872821509760129 48.902804054227190 3.405667645145227 93.026618535551293 73.036803397963624 70.780233736475680 88.685343362980433 92.849024652261122 63.721118309495552 40.759512596382528 82.762923454451879 72.368804452420278 58.935002125179523 20.401208133973693 96.633939465258365 34.844355410970671 99.946590210393055 50.069294352997417 52.200673226583604 30.134907514027233 51.134226482810085 38.815799898979783 12.374724767013079 70.586811015566070 72.209103624668856 8.098967464461616 88.236475992290408 82.743027759296666 52.946466715520792 18.787321194334051 24.441121685943223 51.414659083807649 52.271557431127505 10.704968518632974 19.088258508014388 62.715481309751361 76.095393319518365 98.293731984004836 36.726462349117817 45.104928061714702 43.231447009509814 98.757362804211397 29.720642897612436 94.827289912806108 93.504510144769256 79.151098293413000 32.979187441400661 33.331835734006752 80.883514694205928 74.430556091090722 52.743362791966931 2.649041744115888 78.954649395873446 53.442362910488420 18.403167969069912 39.592890018877604 17.813509892032243 45.880075060742989 32.497718290775232 37.790292746698675 66.704718653147609 33.510653528207698 29.053119109920278 80.061488346243948 69.641163576859270 66.981182876204741 93.149927655527719 90.945347651366276 30.497772275029099 39.467331862143986 31.037551222552963 47.135406579461950 63.609440196713777 88.991375551498137 32.595416831235291 48.354057746679459 16.752845231605583 40.588964904302173 49.455741481581775 25.372218954601568 60.520517662416360 5.590926055448242 80.529549972838481 19.768967821284601 95.412387458336440 41.037180527597130 34.541802132513389
6.025185783389708 81.228704094362143 71.653330492856867 83.760804636045251 77.789569539803807 50.787763533289784 17.565810464127530 56.285495515567455 70.833147821157709 86.111766327992115 76.350490146158393 92.923252432593159 47.707536900193013 66.658155087021214 12.099271232347009 79.823226457322534 10.202148341739425 56.093247664958433 48.240013673088612 22.889282477495353 13.779616176550292 67.308162423066278 88.387049239686277 57.839216969156091 57.599728318825406 31.335217033925321 97.163862316613177 21.564210410776539 6.204146408516165 71.694939207837493 10.223612663569238 29.400857574608718 91.485171410058044 91.662578528735565 22.770972954687895 61.829957610858486 51.275338725918253 23.591420778659710 42.331540378510532 74.895295372394273 0.026261940494288 13.986073996744752 12.788015153554188 49.142996008967778 46.350376235878741 4.244384143799273 37.059793789156480 6.932714195978418 6.621124043203808 92.054616779589935 87.906578485101477 59.086922645849661 25.996761077309827 51.086832972273200 46.767868650468714 44.439762216246912 28.688514350002880 87.150564496751528 93.207367700915228 45.446523164572007 34.312628117452505 38.663013556312578 70.201591758545050 40.875866018279027 3.849809041305241 21.009293540227112 87.599560163642082 32.833527131465345 39.982804766177907 62.335694304546529 57.026985817452150 76.181309708031392 85.642172868081190 14.442084966839685 80.038827899727664 5.724040604784264 89.662753877135913 36.378269860507331 35.964313073228439 52.160999460394308 28.937957488835252 10.715645522553018 99.355176794307170 83.924268909565498 52.925294933808786 66.004562176969714 59.589879531653963 77.016025943690806 73.189099797411927 50.526904576341771 30.377455025742950 97.360322330730781 40.784133093867034 57.076800405691166 69.017287655146518 25.812308130587148 73.891228027209323 14.300805356222558 77.461708189575603 53.325766894120143 19.856972901022431 4.602945373658541 97.714685202824086 12.415459138709995 18.083188602454037 3.030176090321179 86.291025324757115 86.813385065050909 27.601304908396472 23.748593771090899 99.286871438014302 7.256010977603955 59.064558636730510 74.980677351485554 73.505247473669073 99.554828132337292 74.160641370359457 5.821608066304251 24.416475194223054 88.359477691675764 7.318816659396743 17.216632074188919 82.784830588946761 5.664113892751188 2.152801535807181 34.414136583954978 26.912795029117518 15.040536030456886 5.318512260555952 60.701323190677890 28.637556650066220 44.902517745343637 58.160127492556803 85.474822895671608 81.970962002108934 69.097954851015260 52.991936814571481 91.724956814352083 80.411528826367487 88.788963816438510 79.665756678670050 86.555377487718374 52.097861417498379 31.916402958651048 88.544444150592710 80.323380325442159 71.852939332243608 86.360896645394661 51.671317873890388 20.313868070750509 92.891250422441146 9.008175668281870 14.270701780116291 23.857376498322978 9.745356951656936 66.738031721113828 10.133861030934611 71.343352531203251 7.326532189498702 72.728332802623214 55.144457548681039 80.308302320164799 97.674020770670580 60.231313580177215 8.309534718795874 71.429441753892434 65.936676627660674 18.132798276315253 33.674406516169299 39.261756652236144 19.570193495942799 85.154830020156169 69.511728932615981 74.423419397963471 16.825758051898411 39.064116201014997 34.396881818849423 74.387418909284378 43.688253361939481 39.470486162093636 29.220081601796434 23.477974640831256 51.226178286196010 98.701373668694785 28.227264658174711 14.040805257882083 37.962838241046761 23.136420169582262 49.511814244568143 25.344801581414877 5.310356435234076 66.893554028454417 53.815057603842440 12.443316753643774 10.656345693486923 16.469846091252549 10.804074523069151 43.033616711691437 22.955648372495084 13.649866761580354
2.553174307851402 75.049124912858986 90.354938505305014 81.684893394156717 15.469462842607950 68.069004125012754 6.935061965072165 20.726339347684540 23.935801941455960 5.621246529624491 15.768584824366073 73.508159385957512 24.615475755061656 22.089445049138046 7.430838382780081 73.418386666695099 52.163363330228783 54.558908395378715 30.778412665536692 41.237719117991432 54.073083517463829 81.675567922108726 19.174539095756337 70.035911167398197 42.918876264524052 3.270129171637781 97.467066464470548 98.589529222896246 97.356908215697416 21.333940879560455 27.847771255124265 94.362215419737154 76.168893451969538 70.070590433368380 13.406677871973894 40.649575101213301 50.531923281150085 64.305849444631249 85.318180175444269 55.089458383295273 90.128368762672167 38.336445927453042 91.732620987557311 94.821043638491858 70.360665544258495 35.307244429624696 29.802028926485125 22.085940139990868 8.402556752575174 21.894231676828436 11.710662669727235 8.881024696790096 83.584317173927531 20.720163693821259 26.462453764425053 27.180132787198332 84.028963451048938 64.137866186946155 97.762790803628988 62.236131041000760 33.485097254153587 73.448901279433983 82.860446877244740 31.066082926401041 58.512349318827447 93.023241206491249 44.474847991254741 88.335926230791813 0.724839949383860 28.550028712599861 29.065925707887676 27.521914597237473 70.072968940096160 80.032033357394255 13.922474542727681 82.903638607596591 89.418014830615718 44.672416862626861 83.601081993806588 76.582786491782329 17.893774057592559 33.643424199079504 70.010147543325004 24.703227452902489 56.993240195629433 97.322692619075809 67.343213792570680 68.501398512053740 65.938643571714522 69.324466870726980 43.431239375204925 8.578397479813082 16.743197430855648 55.762370962717931 43.498988462189850 39.426927693183046 11.195040981119586 10.201205283641034 33.232681737451500 46.952858750207085 25.763753908526908 36.563307792555285 31.536895439217570 54.692068602041708 79.742212806080687 67.370408864021286 68.489677438624668 77.757684938854993 81.606558691699746 69.579252932779553 87.721783478692402 20.637127491724584 40.502199678254122 50.062846986648310 25.022008484269175 92.357261217683501 12.902354448730858 69.357464607563529 28.077390361763587 98.916014252096119 76.081870483849983 55.239946704902479 38.345097097157257 74.063301502195472 19.201539909284271 79.610690622385931 23.766208362480114 50.406801092963974 47.120578197759798 56.797101413805663 27.760368465596429 1.284496561599768 89.233710883110660 2.907533251581629 79.745381299492351 48.567324382269405 60.620480610079973 52.966486047193143 90.476553388369894 37.616122473756398 82.420058585077228 63.760378011838917 84.121842458892829 82.957936485039966 90.861608716110226 70.307938612468917 44.507261785445053 31.530162092886005 24.131346918727825 42.976949850110003 7.318618622894657 52.157683111263218 46.918040715799734 12.073196661777475 31.228992156878054 42.853138627824286 15.964485210112633 78.083804718227611 99.491026391321071 47.016065619271977 63.670854167840830 42.071934196303850 93.825249436476284 91.272465286372096 27.933262067079312 75.009163609476659 63.801873162376445 84.381201468279713 85.765440513349887 88.276453856369528 61.705847272582972 64.850788582760373 85.607553766989327 82.426244632873633 69.553613974147311 7.355209768710025 51.971554963964628 91.593330307831735 22.758911623393097 20.805897541275598 49.331694098620652 38.294261409722353 35.606819693345834 24.009294623329069 38.985234944543237 82.304220144720915 51.888442929644128 68.893134734113488 39.841410649642263 20.742362910018532 40.703359977466476 42.221256483655466 12.474413564720543 58.695993599175281 84.584107681569449 98.102765590727259 6.245340889188822 54.272880340871509 20.577664659276607 19.603224021118560
63.048217982999297 87.932500372863444 98.373291307500011 56.074462115230247 84.514185847875751 23.738546304501973 91.380852870614916 28.515853523255952 87.973015491067940 10.759864217462878 29.058581589966071 97.271851263028296 8.311659632026480 7.598550081072486 37.285187024278777 39.724804925680601 99.696063895041064 17.469440887586497 27.123993288420255 46.111684028351696 64.056694798194982 22.051546005054167 61.511819989940776 76.924855281328803 21.826775099198880 59.947627064261731 39.406966155202397 69.479856869117384 52.201972880279271 22.268111206570474 23.083376120207401 36.793718597591294 45.669973128669952 58.678984386192909 55.145017401264596 95.605211307198161 50.447265346364659 23.348168333467768 93.966310887642663 61.304595203118964 76.964951047115079 94.680053239820623 16.652559187771498 56.221499964172082 16.120203558833779 29.739216092549992 47.972746738790114 87.267064515240008 21.360558885120728 55.485491528608442 21.504169776395866 63.915953983510775 7.858244246529233 79.569886784706455 81.939152758518233 37.968470935080504 80.388130662192751 19.643666677275384 11.884534656594647 66.080113246853145 16.318000852333114 50.000662258385695 97.926411952725090 64.368493663057251 93.113024696637908 30.461145808602996 59.880451588058371 3.671645014243319 14.681382466611204 4.162936372425586 72.062495755124246 2.999696464678403 3.038543966818830 14.978406904558096 79.656190119765185 44.042933296410247 20.666658531701245 39.245071458880687 3.799287036243604 90.342497833997854 19.901239641164725 81.371692497928720 15.515703203820141 8.395815462558065 16.556730615971148 24.232795404813011 80.764665286602977 81.724637679487202 8.745729965479454 75.156690939668280 96.876076057297169 57.866482145261052 83.809129144665434 8.066284466677676 64.041457476059378 81.415493839335909 48.143659724935141 12.202972140039737 9.027133290997224 91.288918163232282 8.263665719875824 5.068775572530937 52.055724507121880 22.694838719822798 76.296385831695659 35.726225174961769 76.273995389105281 16.481112521521435 44.771363355397163 7.405819641303935 42.102514182838789 26.131427272517282 71.475385693952177 40.576073429912427 55.505544230881675 32.048735812064677 37.746419473606409 22.664988948236608 36.108985161341224 28.815756025978800 85.266953489547632 20.909870890146198 15.257523391110650 65.513549293144351 88.233080808716792 34.020033341858714 81.039527621367796 89.738590741684376 27.993608206326460 35.310073493662621 93.526253186109599 58.568060655203034 51.346844309431219 41.738722177750866 84.225895057544392 78.075295253804754 85.639521995987607 71.654867060754356 6.078883568781146 38.410930193406820 36.486111339013164 11.091258495356415 95.806876027677632 97.618005474340478 33.632604555159674 40.274107644199333 78.984416898644412 23.456245416514175 82.705123498503127 66.771892015220175 36.582311060960230 52.696484614015326 94.678257519109266 11.842176988193554 98.574601192202977 82.501718986432934 50.991453020534649 31.860159656065434 1.385839053619731 40.597818590528099 94.932419904910930 69.226145262962717 9.360489247313275 77.947119560831752 56.288731606203179 22.149071043733937 83.880741688784340 41.120083819821438 63.994852352956030 34.625675326258275 42.316453171072943 78.389165902182341 80.615877798422346 89.619932606010764 48.848360676974700 61.214281472924924 3.513768668919781 16.159677798941917 45.919965809925699 39.782712756110641 92.182388639695972 15.747365824150306 38.441841992901423 28.092886291857987 24.837597006640955 71.945583932952957 94.732566580442409 67.791787523316401 22.449450892235532 21.132368094753019 27.890785836656530 59.732209674335820 9.384146924955539 75.307897966621113 34.211351096481771 75.167326641775105 23.902631164588804 85.979830515059419 73.534524796813344 18.523265258195043
98.246562548634444 69.815163901142583 2.349761047066135 72.816844637139894 21.787883173757617 56.268258712220977 18.047557625123169 82.676823579758505 15.824525509676924 87.190546358885570 69.064307671313188 24.904327282212446 59.995644085472662 84.558570461350939 53.547736952281198 72.133544371547046 69.032658321424648 25.448736178285149 23.380568401176639 86.070453893619572 57.405523051442152 2.360454021864500 57.073195709747324 5.215613174339873 57.824479004524918 72.173707629826950 25.852194276714911 57.422799335175704 14.442075319931790 3.682136558875393 27.518943532984409 45.930191141882389 76.891276658879889 9.167402543443369 67.719342735789937 79.277511767630372 49.410322161182052 27.423601365169048 31.206175710125994 11.173856202258980 70.546655794378310 73.450783239821391 35.917871090072772 14.684736446404379 1.453553288103338 84.489090513551204 94.298274010691671 99.092567589615058 83.215261626500109 72.716480255920629 32.303342474304699 79.032015272361150 12.171728540272397 92.561874441702258 78.391774381675333 28.326829554958245 89.901337219006393 86.964924987692655 60.687529034542187 14.067326163306737 17.749029535036730 4.323430106215675 48.042986968410062 90.186405777643756 42.079316628131316 80.382824649167105 2.487905623521303 47.566806554654306 11.259914874126720 17.594159039512537 34.393545261990774 79.993298119699901 86.450544543405016 70.524404856570854 40.615461459261361 57.096439670186470 39.149559997432817 95.889278140091577 66.678525659864704 92.190613069667123 4.781948146733161 81.765234250553092 9.408548167175679 88.759188256520929 59.126425964665529 87.911773485019054 36.082773614831567 40.510106140888894 36.495085692265015 87.537422753098255 78.804629942581158 36.189925613893529 0.445606221130845 80.619111665685324 77.573418828460092 2.384335265680582 87.383952862970162 57.766638695310725 13.060573337054004 86.692000614964314 25.926374141365137 10.696681931424800 66.029810062862950 62.288724312345167 13.210484507745711 46.808829235248893 65.257126216403336 7.855974736609173 92.641362252529234 94.627153807386719 85.798210279409275 67.475016641663458 91.235120684902640 25.222159067793125 54.567101756930001 77.185249972537093 64.561854426083798 4.193286583269018 36.511367585034847 39.233479974137332 70.831905575388063 77.765897499653136 38.872855692839202 18.578639235579487 1.190766748524441 40.159672841164749 24.689546963873909 11.435870703273521 33.701615764606075 78.784602260629939 76.124402451507748 52.671807882076124 61.819596044578340 52.761588022338501 13.965320792878400 29.067506375911556 64.427226861093189 79.329260772762410 67.339800894972583 91.795197121369782 88.660130686558162 91.504552539640514 37.327423453782870 88.342682677784140 49.262951457725400 79.239140615726058 93.573152200981767 69.271785264495222 56.360825966428841 30.076777397857800 27.607599174776499 54.238905758277610 4.109197939610754 58.994557486441423 91.824890968391912 60.203072876544439 66.282424720623183 93.527767089164527 19.376490737840257 61.531077139168602 83.924373662345886 70.292665291982232 3.979715174235676 32.924118581472293 62.436087622832737 34.125501252668286 59.221633890579952 33.170706437974154 58.084552889615878 72.142126042420514 22.483581479062785 48.796361054972351 17.511317585550668 12.261728705407403 64.486415737146956 99.257924775089677 66.892916908391740 57.078959461251898 40.313493459688374 42.467746596124890 29.395296428213225 48.510749491884809 62.751827402302155 48.820403509436503 39.616270992180567 56.374700308924552 8.952648576320177 79.912745057770408 71.163174819816703 94.987599643008664 37.174841409791441 34.307672794952659 58.915350089820883 65.249471334972213 26.395765649735083 1.536232897678580 1.432835613213346 64.501688406815930 57.864902947642484 5.241875305648702
67.453755058875402 86.712719188584202 11.007078770625967 0.259305968571311 3.176511533728887 61.890572132374423 15.576938834790422 99.507048814334397 63.762245973006614 93.278263975125071 26.315863521424653 62.414442671964352 50.724296025444303 31.182606679287328 41.091407100038566 9.458497235902019 77.664222885858720 29.040118947857618 41.344469040201737 1.735013293435828 23.046934356305972 89.266540207933829 8.976569179073035 3.793075731945461 91.925048418903287 37.081048975947340 34.358874142612429 65.854002323958028 87.670861064197794 5.651180656225474 95.912067689387158 37.820591895184286 99.783377218727537 78.525250281532919 0.582715808497924 7.132981462785093 95.008163597355633 80.599600800944586 96.734870843752006 55.056392539181140 81.905586179046381 50.940952334751309 70.365612182602845 70.257000944710597 22.251753516384031 66.028602477131841 12.632344758928360 41.581336525553105 2.805660574536872 99.152295582953244 51.834601539930212 91.771176004713169 70.759327615253994 54.187821688756102 19.423546948367910 74.873597193885828 89.356708126305122 97.243739166039205 77.806417825466113 99.177943799184675 44.878258370210943 79.628791585515586 30.071488366382948 58.726969909834146 78.150884926209443 4.432874905102436 74.918187918789769 78.808268212882368 66.124905468022789 60.041565211128820 88.349426005228921 74.042592109120051 45.417973361463979 23.860247170631620 64.284924399668725 33.502927001334285 79.329995308665744 96.804676329541650 93.800845220006565 1.101808213792288 67.244038436321205 31.698654559428995 96.976317029713982 56.049143864107577 45.136489663026957 63.490489145275809 77.658140955053341 35.290766993618661 51.054261358281124 17.744409925442493 40.773562236933792 80.303488608634851 19.378189074956108 58.051549432020309 85.663222700181436 0.125893139583888 78.679719871519964 44.399989396259357 40.787769439589027 90.678065892064140 97.570643956416617 61.791079617808677 16.780205447300666 88.336955171278447 33.045058379698212 12.689493161850828 5.854458202389601 87.666010386280789 94.259228380397758 4.649641843093333 48.563410156885311 38.917923870239001 26.947736019950565 92.395868276245125 14.009179174054943 44.196788065932722 32.656292897971682 43.656164606711414 18.730296085643928 32.042257355102223 1.316683023915810 20.162963136207011 30.297871638953989 42.332431130731848 92.221394795751891 3.198962111802617 85.548102647840636 64.536810673682623 45.566220347825492 64.660267133390263 77.155000807779089 4.318085006438766 30.318424563551371 2.872972606218094 71.550331377663284 43.355768650080584 4.203015435789526 80.665151192993605 12.073544110956924 82.491985746013256 24.352068881689249 8.470338908269293 92.950448501272859 13.400092193934299 99.852609058167118 73.397500003765401 90.709205016210518 79.587645708719151 57.739394724658496 59.739330782535326 97.071303616327896 71.811116399637058 89.127810025894334 14.957083072195164 73.351735327677673 83.533928570790849 16.585119433629490 97.405637481989686 8.015149666319921 62.777445956481060 83.201302705301913 33.622329639727901 72.947810639075371 77.352479910125979 57.607900310850432 89.637377439429329 0.018879354414070 7.816256148172862 86.265053454285294 30.121547416142580 11.862242772043674 78.526639584070708 81.976549681447935 28.976362474381865 99.727837371577778 23.692329864176898 69.159676253970474 27.609600471466635 91.615734339283193 12.187354486469172 41.494932087857151 62.986491446671913 74.144996402221608 48.142923162871455 12.043632599479837 47.652905226878474 2.209721724832658 46.189253741802986 3.378565806136602 25.230320201679845 88.481922926683396 10.439549010410810 95.482962870929228 26.848120415684019 98.682192694673503 76.837819572046001 2.175178590348847 3.300677235894978 64.647842158372526 23.772651116502132
76.869260575441913 53.805957400835226 81.770551725625211 53.813536733202248 23.288032734616102 33.834539559215905 49.186330977033229 17.660700081481629 5.695209132833556 0.740070493320100 4.595708263665377 41.465251585601706 83.458445804199343 59.768781251018552 55.981215823018374 97.837381809083496 39.563234108074965 38.815181435625746 65.248772762632939 38.475567472879767 5.016475832820189 43.063137404763488 30.032756066482435 10.375617310720065 34.558780181500396 17.162339546811189 57.839716819214416 84.078549776838727 31.431074296895090 33.546625957471299 84.242311670138520 17.132522430734308 7.484936373351248 91.141907722540964 95.009887922185527 6.570108092069471 33.776135254220740 2.826484278652563 39.421174602182475 57.101594119314328 96.079052804121943 22.393221921341954 13.034209092741555 72.348576975451863 39.013083989363437 2.442579561915570 34.210232627153168 51.488340304846844 87.479358905589294 55.946616386658341 23.838487004737054 30.304026687910181 29.681917012644721 24.590387958567938 99.101340520497601 33.522956771502230 76.331035723419120 23.128479503808375 64.949485571612698 40.702327316168251 10.629248775743216 30.853416779535149 30.837313194949434 23.440258329855656 58.690080185274098 64.045977538994919 68.799002413889838 96.516497955734877 36.607949040972002 68.172964036800479 92.404126755121069 1.014355532401146 29.268355936473345 70.477635383293801 31.285895759700011 3.256334382916559 86.034149501481920 5.673361697028301 31.254583513018609 18.732732622893000 32.411581538209710 79.737763928782982 50.099943490950736 66.132892367441983 17.724309302758744 51.746203687847839 0.793858067228059 75.279976067955559 96.597804449140170 4.138080311060699 14.436224043211022 1.248899097913359 65.207787726216182 36.651214803187358 70.028878941073728 13.319755324671046 12.826492963709358 81.988402554791961 98.972996536060023 79.693124290647006 91.767596151831128 42.679673195124593 78.327158415450739 58.682919260422509 67.208176760550515 2.515224374436476 51.117184046585976 16.156050469507200 84.784923554953366 50.046169330944068 32.920691668934623 95.227256654507627 94.455350336168138 14.194208578343037 10.983649710684773 96.420582450161405 93.827834713260245 43.533092951457796 74.500151172765428 47.145682111152766 88.169050693476649 23.996905688514548 14.466107232242042 84.386664051925948 9.498689725380615 10.305739214255738 17.560190274169940 71.038113340934771 63.461775931056252 47.406382824380636 0.570577719093313 94.944877451807159 92.871933218340445 34.769992932485827 52.367570529366468 72.479119085502290 81.517756105142823 44.248639786875444 75.979869878652792 92.423806396935021 75.364668595933068 67.143555286259428 57.195453309980039 86.435210023326221 14.948031123483441 72.085083781729935 99.074807105395749 58.159648496200248 59.428585425399348 98.026962547528456 97.525558948542042 10.237699908321684 49.945935010428002 71.094534094913769 9.221840614346522 66.579163284848036 49.218794961706060 12.141268961573715 81.735257622216054 48.875130012927137 41.006081241304152 65.188406315435245 5.183177947966399 96.221034433914255 62.128250086924638 73.817125901535604 1.491155602340333 61.263164097478665 84.072403600895868 6.349556253128585 71.035472059383622 69.146018152898918 97.497771937524959 39.603621262588121 24.705425447776129 78.200224744528384 74.431960136545342 79.528991665641954 93.320434097234283 78.170242742499468 4.191964625006495 71.763031150656502 43.677747942950504 1.604573525224395 66.954609478943311 2.657787098323716 54.019309488502707 69.618789594602987 29.140483867875744 31.794315355325441 26.607287819859195 31.148398607064408 85.124328555588988 84.534532628505218 18.147205231687980 22.401913470553946 45.792979162510527 89.881450724336389 67.738319535408081 18.662490139170139
20.756362927153504 85.200427066320543 49.152977739651192 34.360830130012964 89.833187086986015 64.423029175116383 60.345863777300167 18.183440758753953 95.755444969494221 96.962055999253138 38.767868355248844 30.421332313766179 89.823102077496983 37.611468770753262 18.671810367117224 42.780473444069720 56.733524770600930 71.165351434086730 23.075513995554410 38.914779783525823 83.975449278296878 93.189966634654283 77.220362484834013 21.387722383558771 84.311457988800214 4.893612753896170 9.535824197346043 1.070877925610592 92.518162709775311 34.142658072709729 6.929124141618748 22.284137130208691 1.733539976381548 71.914860184779542 29.151231138184542 90.549362847893931 36.646008290197699 77.146736767757531 97.054063878999159 30.622403667327124 40.568375278385773 97.110584546713895 16.791722223249515 24.833133844711174 68.884934639352579 98.667032121762688 3.271927614112291 45.903207417504767 35.513263574624609 83.283588726787983 44.771090485927608 31.783367396624918 35.351946273547455 93.087971468603442 21.646815514140961 59.176321760161031 72.877520718942094 65.872485667181564 35.546829317979245 66.770323949938287 6.250960899876389 13.961179753014308 96.923879233403454 45.334027894814554 37.812633814451878 41.158450348681427 91.805231817667419 73.730686739118269 38.479899979559697 37.331824052799192 23.509869721762211 92.440815674697902 16.178283377552937 87.937119330890596 79.343770399485877 74.703599399763235 61.281047654098010 27.234465085880288 89.466325889589299 9.828838250717620 81.132119907494285 99.299623661662480 5.793819518315169 86.233945470797451 88.643025533475821 41.135677329034102 60.611621133541647 15.511191928215172 12.894263234094405 53.402937288530971 50.998535165610072 62.774565295655869 83.839185943073488 67.754135938847938 58.982941318153081 61.270628224332278 4.634627587635409 61.910398191951309 70.941166214313483 97.843467702240957 83.685749342158815 76.720362381439401 61.245666276616006 12.650742223832644 38.957474731878186 23.428654440926799 81.911517936875939 23.388680002891562 49.691645520858671 0.153043939743946 70.775561711910953 78.394309184646460 81.225740937465801 82.970704771777264 30.815905711537628 67.964257563535881 56.596979301759909 81.489483299794827 11.051197354285247 89.909230420550756 63.057274545711039 11.937403281073067 26.151618231836359 41.466055844217053 90.584498200120791 20.349581346411792 83.144914557420222 80.857364228501268 59.647105661951393 98.725291128108381 36.293981158013203 4.877281368202501 27.740662744962009 82.452070840961554 68.216528484144391 67.857107093179792 28.620957524807132 99.802478898902621 35.237885443386588 88.617047170482238 54.120544147094066 24.243357024753600 21.735057960095851 87.236418677415116 39.911566042062738 90.416077480153334 6.768064156625265 20.591448251686874 83.022282310985787 42.937775762990228 35.806869504209558 61.744748787596258 32.255495307893170 5.027933193623446 95.979123998511980 51.650676228481906 4.565981426735554 11.713266141812085 16.436415589293350 9.813269580317918 19.028279609917153 0.822519211151640 10.197795282815081 39.057211353898701 70.881854786195476 57.490630471610430 5.861554381589640 17.726114005439985 42.679653809595173 61.588370926456790 74.701088277386859 38.482665497244007 22.073075970789390 1.305608349954845 27.069088945369668 91.370088323826366 78.687764476305134 46.398815377180505 72.849581883232275 19.866422954849540 39.825001413979521 1.764304512678194 66.498647755544852 82.271606848906373 87.820149018068690 41.327878032783339 70.625601302481797 14.858184219031134 94.013710163049723 16.077096784899503 17.054615089890834 30.589898625305224 40.309815965050646 13.627719071917443 52.536609845005891 58.271984717358052 73.026993667735510 29.295822912967452 61.931536438907585 77.371724645363571
68.432732301559511 43.938502831891149 26.506509781469667 61.446886614094950 21.813416682628105 91.549984369748543 24.661528837957992 6.720077988880679 97.170173697208568 75.022253418918027 53.124362601603906 63.480434108935555 23.015278696427487 50.659555396742014 42.003261873229768 27.061667679235047 2.371709653790210 58.914363004515820 99.788215537065355 88.914197249539257 43.642465177637590 36.408852649546688 56.459013691990535 76.825424549090201 99.369276523597946 48.102508558581150 69.073747733436520 49.206241258609261 80.259396984654131 91.118051448830457 12.232284038080966 98.386435371858184 53.813003586993446 11.113988866241398 24.486608422682089 32.442875546053884 19.583665990828536 56.084437377605681 55.480560446817407 71.228355229224306 31.893448525649003 40.718797216163964 37.319285813004321 21.044948916870009 97.910720226568316 91.160647340983587 30.883497534123293 0.788087180139307 73.141855698276373 50.500456602442831 58.287956975377838 45.666195515984889 85.374178863113443 97.095417275888394 98.170316367402165 32.160748001694053 82.638990488861623 49.224352021155035 91.704472299995743 29.126654679918918 61.413833683340243 86.904811143777039 1.036012770820682 11.213910254494886 67.245867671250238 10.026178176092593 17.428307103215179 70.719352091402030 71.530957573204603 48.012036031813551 64.198285811904412 63.078113437999519 12.012580301549104 64.185593055552573 48.394773422526995 51.270153441709034 74.241676976598981 57.689290104263179 27.355250529374921 11.319315489942905 98.030628379296374 90.905514432131625 90.346570941381472 40.927883735767722 97.237068724580197 24.443138454088299 94.235356458943613 21.906436325858536 8.330202475865732 3.687589597006158 68.140458992595654 44.702218982651196 11.181212600603329 33.173370307703266 50.349934712185160 45.112479734668710 7.066750415257250 81.987578038960777 31.338052115970129 83.685358233334782 84.298723667678246 67.832069867466814 14.327956588260815 85.828615350564775 55.003866743121911 30.436074905295186 54.109737421384821 24.418919623766712 15.368550581367979 76.672194887395662 78.782030090123158 29.247306192753253 69.546360008855430 1.919186421368013 63.167175357753436 23.490938938195971 60.132293485322229 16.095809760010681 58.138330545910947 94.457987675677117 91.818214668457955 5.693491086322733 14.486835211872307 87.255953562896806 96.835752195006208 86.696803201240272 73.648991751722519 67.354637490926166 52.288783423138810 13.952624974571314 65.558242833547880 22.599463836949006 96.405044695858578 36.960369396153148 64.620044926179048 22.603426841197560 93.873323921989666 82.023168073332954 4.709839326593512 86.601940444879872 43.614196440530307 40.247429793501169 26.534949523615271 43.295261893372370 8.315185274807146 34.627660875646960 26.069234687591024 47.903527292008889 28.245673479492130 33.338931155111609 1.624762220261511 95.398200719124404 37.516746028300204 56.390841251703975 79.519663571969573 69.013607399054209 80.406517650879422 29.335470203042114 58.675231282864296 90.578061581326750 70.789575818711057 16.853282386483237 80.406176670564122 75.408429727375648 6.757735025215217 29.786857540139998 51.763146700852971 61.115911700129885 60.223614439530934 74.674129104103827 84.141110456191456 40.392612486779647 39.202970121791616 42.999497461647692 52.012564043643309 65.075375907928972 80.645786334227779 12.905144836089677 69.783652907595979 56.848319750329544 90.869314607750425 33.721866850572290 92.607470633286923 74.991375678440846 44.114469215330409 89.924582861993258 46.109900136156647 14.433267953589668 79.281335639406535 7.982600001905893 70.206044056460797 9.717445817022774 23.567107488204154 37.122155116583102 40.016447919571576 31.343198136879380 50.622775239476312 45.144659686008481 9.822049571877168 95.508054731951759
87.170431600016144 72.674979658816142 98.497480180198764 86.142060632350052 16.710716730051811 8.674945558997294 9.289704517757237 6.580783828794301 40.182458424055554 96.341002314218400 82.383254630455085 46.894696760315433 68.893779388228253 95.883639105311076 94.791289431749291 19.606530904021856 43.317926315239639 35.132502193920281 66.506754646015281 4.645947365788294 21.597436705580286 88.048650070348671 45.890332185144757 39.663387476931447 38.593705802711675 50.385192382784616 79.790173559823103 76.252031595827646 2.826138882667073 92.416873316478970 77.651708118144896 36.627833033214316 48.955298185445997 60.800911483697249 75.410112245407390 20.778296931950059 51.927734190617528 92.145908232305345 59.682755346089223 57.813847296679697 38.783616341369090 86.548157843444145 93.788194893103622 80.239979107049351 23.074146305158706 74.496678808406671 4.513985716875779 98.529750898194678 1.983066320095828 34.229555267365456 61.461912618647489 87.019851844682677 87.977642055951407 1.929916006180132 56.770438763229670 77.855823415125300 27.159812404144958 61.433508324547773 10.300144013874302 32.028807374848597 78.214052787108500 45.187173936660187 49.009054365890648 27.129154380969432 56.634253929423430 27.562759603854069 56.743512134295372 74.381934917622957 62.346842077774475 21.619183276103048 37.497490632426242 90.180272605225085 75.796263354693508 72.691050551243521 69.884169547347312 70.316143095525760 68.977829445136052 33.462761719775138 17.801175173510654 90.604927564034199 18.788939929818859 20.259996380478206 31.902911017344049 33.009481884560962 58.132588637997799 61.097507261249916 45.054785484458208 1.863245380619216 3.119796080543391 99.279199178791004 79.022778766071568 18.124307449768175 62.149836370200298 63.271792844521372 32.088718979488128 73.343841079653942 75.444152372852358 26.071746628846672 19.898085509853747 4.300053279984306 81.764826132776633 61.396119248249647 7.024310411118839 7.269223206424835 69.744754344415242 19.984198814836606 31.960076038504816 36.036807960654357 82.632119862890221 75.022225552606514 94.461991611823620 43.965833321925309 87.617629727766584 84.892902800777932 58.760022129716660 23.663265716768976 94.249710935973468 65.428195725136334 17.115062172213278 27.191186302597892 65.441719659577288 14.145356200023684 23.595470553913657 81.031843019472007 54.450658039693302 72.970751857727223 45.213275564684309 81.071826516772745 3.381069096821632 40.718677769755196 54.317392640423712 33.871506688663267 94.912304660388969 29.649059420274980 77.100383042648915 86.464705846241145 15.309266037665193 83.385114374672199 26.748281887637294 45.308777713596768 95.006196252848582 58.469364999050569 61.029357648293825 30.146249547469882 85.945899657886287 97.114058923598122 61.763150775645045 48.154225394154750 51.088102758242229 58.115662599590223 19.350096662286511 55.183792447260913 86.330537273699434 17.438937702320878 79.876875759352899 57.923167377364294 32.739813425064746 7.837437180658302 7.797876667663250 20.170567217552360 23.797420920844136 51.723007517085527 92.597912603625630 22.523556132295784 63.058304555061575 58.089708104774417 19.211342791030194 51.049150002361088 59.070394921547553 59.178061223964320 58.204609887763489 79.920996959309804 56.841365816987221 93.583338143819446 38.565164681535705 3.998863509296224 7.583551845156888 74.988673333653253 51.285544826097052 99.622877827045741 29.646824712000665 5.604050269473992 28.814005705072553 6.681300240804456 45.996038391957384 8.188503787157575 36.914123049892652 98.833770690935935 67.962599121114891 35.186514878323592 47.441174911481276 98.819973730434285 42.485446406705108 12.724498638670745 4.940375335101733 81.956094459448593 85.576648794278739 26.643949543508739 97.794396895561192 2.068707149105220
43.015607529417046 67.633777948564472 65.064911421487537 50.636382744056597 76.928878603119998 74.959225310243198 60.637103702800665 44.933685428373813 19.272333276235308 16.776465402835495 29.011051274072088 70.611280586815269 2.635453114708497 45.719192259269413 40.077812358181490 48.271534433021998 81.739734292747528 9.555405414705797 21.107459995213461 82.110115349331224 90.481392557586986 63.144213972067519 94.011313837561801 31.502833704814659 34.671711990095808 91.095180316607411 23.364558922259970 81.085608551983398 90.650744742278263 50.077925552843638 2.199952046636144 26.771699439550577 54.911140950550553 35.461761523811056 4.900210224462908 78.267450395653725 46.172227527851902 28.967926944371381 30.126287783630488 12.159936094078406 52.706409126802910 33.573385202910508 63.675254410369106 94.137516457800601 2.287360165260566 30.525181594551675 67.221889525279806 93.099175926563049 11.860574268960955 72.421739149660127 45.276232149782366 25.758719213201974 12.918397706845941 14.687546347837188 81.354935181447559 0.732408279342578 93.373967803561015 78.610498453359085 1.662690840943759 77.842952093822944 90.693359929994713 21.316851509863920 18.662542319281371 19.962020898410128 66.596806179027595 53.300143840553879 9.125122017331211 62.165982755046258 79.556203882476836 86.835965849094734 95.966011313588126 26.959194503031682 95.999217619033828 37.670544274746398 57.053808611027975 18.088309893149802 51.054870423505619 44.621450034631962 67.936246307527554 52.012715597229509 54.131261030394718 12.883180931670868 49.045311890331476 35.333714547497038 6.801238115926223 30.394113318202010 85.442073461117317 4.995034282299715 71.617971595112849 69.368204729021173 45.709786111479801 57.630256519263327 26.089355584925766 40.634577002734453 95.866327564125001 18.137357308503109 59.038809222190203 5.801294942715918 52.451197897247162 29.085897671053228 98.919697181768100 22.332022027115638 15.594529444291416 16.374272591301363 70.878327344098849 43.959387029559558 40.884770686960778 98.274539365575336 27.310796065573804 40.896126282791201 9.161473771169405 61.513185164593089 67.481332508852617 81.829780297143003 79.202443444102215 62.775853558866714 19.945062747652475 23.792187677085074 39.301934247038886 24.555785866728975 31.017058946257571 21.037125576751279 69.155801977135951 36.708278311484932 77.727623725533704 79.642810828724180 48.185691893069439 3.934131426965271 63.921899404428927 15.617090909753040 40.063087703880882 18.178494511483688 59.101080354613245 87.649506725317181 18.166101335485930 97.294423273077768 76.476882392291898 21.875943475922245 69.276923288551700 83.758350039623949 72.004031544670269 30.401568354438211 31.159262337913628 86.836861099768953 16.753969479057616 65.903226996464497 91.482918398891172 54.787007369937292 18.700830734918327 81.969141807798721 63.575951656891490 14.059060766851294 23.859171624148146 24.378376161772131 19.855910701505820 42.884128961824366 2.889026121882909 57.633878994147139 87.848820900055642 18.943873772510521 98.626492764299314 29.960810922659075 13.318568138150866 80.589945486420120 74.306258014704014 39.953326354788331 42.939008035585069 29.081295248243222 80.180223628264656 68.194381666642883 41.636068056127499 80.619582874828737 70.549798766360055 78.656498562503202 64.824963978810203 9.514419539308260 58.957142981656183 4.847640210709625 79.847706455700845 71.363542516696128 72.121327200087251 29.164150354534936 75.446364702911467 66.738331024246563 47.276075056344055 38.126256467985243 27.280825713234581 57.674894806397212 11.020071915467177 55.822685667220895 99.840592109769062 8.346020029106359 65.426327389248641 7.175497081679283 44.424973136571111 37.865500494074602 32.203256021935033 17.179074816734808 61.832130049407766 77.399715189247360
20.012796561126812 88.588849752520659 71.824599139566075 77.731173675168193 83.019334974190329 18.506225788389507 44.127397914273025 10.970514293500511 8.735034565392253 58.209567141421836 36.663055095265840 61.450479483231135 45.857887626437389 0.412983235988662 5.541725649291918 11.629872887257219 1.651517324397689 63.545144890066560 76.918251260360748 52.055496214711447 54.308430283265885 89.088593814662246 92.018380740087821 88.129556066663909 87.485697147207574 65.108132526364514 84.463842470819401 66.760970852088946 1.468451199957876 28.451160437299304 27.207127561591538 23.075789555530690 72.233010332318315 77.797011565802009 83.439879562477699 50.404554946347538 20.122253859132975 17.179813891336316 26.290388844706690 81.210718420981749 4.134461808275147 70.803113676756936 98.102107635063803 22.581799764240195 93.920892544808709 23.095435026496979 78.289376280543337 97.140287626323627 94.029527915794560 24.386515586731072 35.561422762733905 13.119580538755194 97.949804751897943 78.394662156535261 14.346716534442782 48.219014480254650 95.346672299017754 26.509719690206346 22.109902295717841 82.840788451289399 51.554119058092176 57.749548276234066 63.844870022213762 95.435585644844664 14.622732642469050 15.905601828382965 53.887666013455302 75.385299072953501 8.839727842342349 17.229812211892259 15.971031021628168 6.840627588410165 74.267822411301438 93.454265493686322 82.898458717496680 49.841098671643593 58.709482400782733 88.033130558147704 34.428937842629090 81.525872333835935 20.757091440415330 42.981151908027492 29.605690683788175 10.027887390958067 76.808176275949791 15.761992079593046 12.350211105043595 44.647517804008316 55.081045689115058 47.990163722083388 49.455112699076729 38.602763461447317 43.825806169942169 87.189423140056959 11.549028648986880 30.916444554927700 73.381787605917367 40.822228589956566 62.400170535009856 70.555135047121894 58.079342118778996 12.553532684737423 65.170602394511917 31.548218715523991 9.454208182562674 25.551209957065858 17.288500108779601 35.945165773703572 12.744936447822441 3.449328683020769 11.203649150710969 20.562058734911414 90.218159037780111 18.273723027862786 30.857657260876891 76.364118733163522 31.078809874193226 88.677459904121832 84.376893978634982 16.934910251728240 81.206780957578147 35.390401894808377 56.026540069508066 68.345159873866393 71.181289832640047 99.372926558388286 46.310140534639352 81.446606285299225 66.185097161569601 12.352388344192523 40.576613000774628 53.164912258415043 29.569384363672501 8.292193233662315 19.639196556349770 22.851589565550878 95.616880099053887 86.268070770653708 85.754155572894547 14.062499338292289 99.548066281569106 36.914475380432599 61.109867839016388 20.733038267568414 89.744325546636517 75.835220240112037 52.207333668009639 34.754944559187308 64.724294164690903 71.088890111591397 83.426283694794591 73.998091527408505 83.798612104164206 45.406680467150508 21.930580315804082 55.033173837664251 8.292398021494819 35.171709681318376 75.931290600477197 17.013895523765189 22.883108775843851 6.155598444999066 63.047568787891549 52.909266152025545 7.394643997722394 48.789751809334092 26.121291867914110 33.987790543828645 30.543684334443078 29.887590227004935 71.909538425721365 71.314685641171678 15.382678086359148 45.130081788004205 10.090414977872031 75.222461575657377 44.521605639382791 5.120586317809328 19.881461860853378 67.023343570561778 32.059535107027038 30.091918268954021 87.346172798256973 82.349177146392122 89.936471309157028 41.893050509716481 35.503241650602170 21.954141017847018 7.684805496705593 67.056276979966626 81.445015813139634 17.960587296233442 15.789929679499027 39.247708906564014 6.540322461662518 65.094705214110490 9.789191028879785 55.640902842225174 97.595102764855639 7.068195935059684
5.486391504633681 20.761522986453762 23.563538968640387 16.164029313058712 48.398721490571141 8.174626583830369 43.596108916228161 46.061220549908342 97.896712931215845 17.343329656636776 91.504072815306230 38.065334217942514 49.134771295097032 5.894210558160983 74.746067887675920 33.578349387198692 77.077458656650307 45.000073815277922 99.177614818557544 54.018880777947885 37.093457545983476 88.653947714916839 7.015334278994056 73.344058715298019 78.731918720592262 37.206209143604404 28.902199705633148 84.056493574967433 77.550531253409545 95.796548497055269 41.179876418615237 72.383082812959216 23.076912217102961 30.246551810266830 76.749640411871567 32.970973694477181 84.933426241105309 94.920059405272212 24.859343110345698 50.387136488163783 4.051862790403405 69.979993983897700 94.753744022915271 44.164750702746062 73.742747233299497 80.150988940254337 41.078730020864882 59.421482594068387 8.928928012734561 61.695357873682454 55.863001501571453 70.367348855342868 74.572529675466427 66.884720180615361 71.938137305763959 11.400639964306414 80.349922223212516 45.574738174685081 39.005232290527246 45.345016275153540 2.391115332847260 95.013976177613557 12.994212537349215 27.194701181105863 66.732926455404623 40.332001549124421 54.889065317886661 29.609540253910026 59.731811860765404 79.215451917319939 85.728179530699578 23.671703495124664 90.673234636603254 39.008932725767487 64.055330259620149 77.250266866698681 99.626144528387982 89.090589037999862 58.930616002360338 94.075334668184908 80.303912711724735 80.875765671291205 31.855435531064913 7.545954544939615 80.502891993381738 99.819833505931371 19.705171074970341 86.107928321152329 60.988745124025421 71.127435211365352 39.850582635060938 11.457131443465407 2.662093957047396 18.898673246524488 27.058577369349955 83.998488020168821 80.817746933224925 41.484993899807939 88.699213346462940 5.559644914124995 9.746659078465736 48.416111516636754 57.995269386365763 61.141166005435544 12.302757520687136 33.878252726272272 76.784609816333329 71.153300294018720 42.435251497402305 9.792222829241371 89.046997049204492 64.462576150136726 51.499729527979419 46.110550639703206 48.788575209110810 63.124574062495483 53.530563136963281 55.649075047079577 99.344942598795782 12.358011505003585 51.953743865150635 93.127648347227364 93.528413381615707 16.592809870314817 65.879945540415065 15.346085291352384 43.136271915048155 17.051936202094474 44.314903064535137 60.366799851515161 18.858186983560966 81.648867387662449 83.947223808860343 98.086877023608452 52.513734669841902 77.677367829450844 55.107074891439702 86.918108893015898 88.362224657070783 93.816565875218075 8.709092724200861 29.014956214521114 58.087042259619814 53.848284344572775 31.019240254017035 45.557997510245563 37.437044022493147 18.034706303198622 96.231259105111505 70.557603621528870 14.649719863226562 10.263187902003491 91.742044783188504 15.438643180050127 42.801656402998276 46.094680267542351 25.557151114663547 86.516379017874954 20.562652689518657 53.964162875775415 29.904327837619427 90.005737765471892 11.077022737859599 43.225113903255760 25.011913881996705 60.158941227012264 12.685129269227657 85.007378510123104 70.275500659516382 31.140901644295425 4.664026554939305 35.558145625811413 97.799549545636367 25.079539307212450 65.008379832209968 24.320794805741265 19.196451445234295 22.761699310780081 15.017128390792301 12.043327970035843 37.266770645118527 36.692629472986937 44.144935084649831 7.829560370526423 56.630098427593964 63.265600149908408 21.649036564132938 8.626297056610809 50.335898704376071 7.416846957445289 66.517071980808780 18.810197230368665 41.813210705169389 82.162532819580548 51.125360555782606 23.920415927470817 37.331101028824889 82.166117151837199 53.569791521015262 89.554457398517030
28.828217157850368 33.469432257503428 65.208339916231779 16.553412216330731 95.321313078098598 91.742752705054770 0.947027429527536 42.125615433191911 16.862986950223281 85.185064988950913 48.861762040856171 4.931050923952518 86.804730187947214 6.854103260227062 35.014159959639748 93.230708916074917 24.062288002586651 96.470512021471208 13.876842408569113 43.186425851898292 95.934035207651874 17.956521954571457 87.767450763248860 88.294515211660666 64.743882913141164 34.734342049527122 55.193458850962266 43.605139120190174 19.424491914958296 83.859915348620845 50.853871074172098 70.612198405404953 2.080393283965387 35.434779925875858 17.102520803911712 32.189523755010008 46.096231339371421 90.714827439693380 99.213844153600462 32.650764506744501 94.787068770505726 39.136568290173898 58.592865027633792 53.397167872807941 14.181349970168366 37.243510358176280 22.803569353104770 45.469449148598052 30.787165388179261 99.440683518937931 37.266755741702617 41.990308186663569 73.044326334140564 41.502266093753313 26.563501507300025 51.766098603298850 33.683778351091433 50.958052563761434 92.113313246664404 38.659145157752903 81.637333803822216 18.118148907980782 97.065248615142323 44.669179163034357 46.463854701549536 91.335195671591634 69.792608857546796 18.352370955210141 95.480324478972690 98.669701848462239 74.287758350246179 72.126701674584226 44.937845770440617 45.919110047947839 66.842530550931514 29.917765868685297 92.778508457360388 15.727581658708168 77.659326518445539 67.761542825722259 33.360505658264053 37.071976679858601 34.728353220611083 96.086548294557261 29.736392569469018 5.466900141996622 13.721521771223333 37.093683642952179 95.406634309009661 1.182404282582905 56.576392827173180 71.056721696867157 41.173185173914327 64.614960124301604 35.254424980124085 91.199147846186563 88.433261598253949 5.854210747752053 43.525674161269301 81.739430971354494 51.956349995412346 15.382559565155152 42.898600429367939 68.274295559607083 76.125942746953697 81.810038960829544 76.219389728547938 87.343789816773992 55.919997977991073 3.843785392656796 18.418047002030779 63.658936444920840 25.888148369209098 90.583988536467672 15.554360139639446 83.242380655066839 37.059660143616377 37.627446910729148 22.964283593975054 38.662725665844079 63.531725783683321 84.418813879696444 20.753297906055590 83.811789885605378 71.558531910562365 5.461531326481628 96.769530796528713 35.519639295195525 26.110449773950030 74.254251202928018 37.283115057138517 83.609890008876036 62.000210227703946 65.626323381526191 67.558043878031214 80.209874624393422 89.700631358901134 43.841899725991020 63.765002164570838 63.485347770988923 76.294165516384254 57.032448257483182 65.909069257327957 49.173604965396990 73.149198377965149 2.973750533301145 96.328907930589708 96.095387247100703 48.839403793183763 50.063200339293488 63.190692018537753 89.033438606664504 44.800584305635383 88.445816147426299 38.340674159500544 73.737777176633998 68.742907741117548 83.932231600896685 64.207983567351377 2.309666142265288 37.674988559926078 31.917283347906643 22.217092544716234 39.777293560803209 39.481726147696072 80.149444148226721 81.995476407227059 74.227208398512843 87.054629035068558 94.988073151938295 60.492344845578991 26.810412181764420 26.428475241354942 58.097478232943210 92.575292012829735 60.141404367806217 70.156512689205570 49.232396746000099 17.037823347861380 38.158664350936476 91.831978699539746 52.974902922210823 48.588741819571609 70.015575044718716 94.405867428100606 25.771937019406899 84.867039140641637 79.918664503411648 22.582620989694270 77.337912968494209 92.727689055805271 79.229509167192660 51.137131388670355 27.295548528038548 92.820068052706532 28.569499370462516 22.745168451054809 36.138428799397616 74.762809039529273 18.637254605819876
10.792611451162880 9.418073987560527 41.988138897683370 59.876451385542751 8.428711201455219 12.924351351432318 70.842269675350082 37.945944479519376 46.781100149747424 93.640154892855477 86.815576737018489 31.117610652131734 87.577190755283198 69.278958679462264 23.250554183932326 69.482587823599061 58.719609800180820 97.506561622189679 78.433142085620815 69.315197326375682 16.823108103926330 79.389200102612904 31.851363460398108 66.225507937240735 88.678778058778448 17.773369181228340 92.067888580378650 2.479867995692575 76.981550339654888 90.869435720894600 59.490560913865352 45.461729925007873 28.895164525688386 65.136797560855214 45.917718109343852 98.951278913813212 24.439110873621427 15.203724536003582 35.437747760138059 24.602093616277553 8.197518042565621 6.395236423139083 34.921655832174700 46.068747479275999 48.425370234519235 86.042776260000792 66.063680907953525 18.476208058936315 32.064322458696601 72.686045563704354 24.085717569759790 74.518311507489230 19.754195961993236 32.850231295532197 94.141179030570584 15.747417529324858 78.267910572223045 51.237281661019175 10.473767383246834 9.086939637728142 96.863597785662677 74.621994315776647 26.342663691404844 40.481217407157288 34.881355409267499 54.058957950595619 41.737069928230419 61.671222620285057 49.303711207949284 9.625603618497436 56.475765324842385 26.735190166082024 16.568033028981922 13.798109780932787 79.605807905757146 50.613517698525023 59.145450739418216 96.247205020169375 11.054828379048375 22.679787808899164 11.752148408269580 57.112784198817813 5.172293891043667 45.106066682200840 76.881656900840326 72.307448336865306 80.652475832654090 43.054565105949258 58.596021001231911 93.915273788836942 78.530484782155796 10.258246486452094 67.194480653547046 94.317159571784600 3.790205689778825 54.103661338221251 0.136311278331636 96.478490862499072 6.658066339831192 85.593230861764241 28.118657011573113 79.867901443775622 59.465303709773963 33.213682195458517 38.638902422833766 53.262368639364965 44.341983511481708 38.433370685244697 98.086151318006003 27.626744467557007 38.093099704045677 70.356805556005867 97.707848568755324 45.240982070133015 92.969879892785897 25.303112788123528 34.193999390458586 91.799958751042794 53.549803945004925 50.218479013079751 22.662331231529009 44.768404773958501 82.759629837302498 97.881239121216197 3.174675156812679 3.307556247793819 70.620368276155872 73.678887148960598 2.494216790139114 68.128016317413369 41.277803929901665 3.376581782542809 71.206590154090946 12.624749679767099 92.489009068903073 24.804068820121948 81.021213252617926 46.815232303680212 20.445695323424061 88.938309873139048 8.585044343161242 54.753150507725920 22.156176864668353 5.455783963296035 57.274952205420441 76.937916281531969 68.812721580350697 35.076308599816507 11.935093998237944 45.994335529742955 82.129087252122531 73.517316061866595 9.097702874077784 6.796802306997252 49.807302264320427 43.831437821475916 72.406503329135433 13.470341337173085 42.876269025837175 73.550767667822598 80.179427552406992 58.469286060349056 10.863533205186915 65.840325830032882 2.086488845628098 97.277811282528901 26.593581546458289 40.487487069716622 27.653874855375904 17.557132561785195 18.792569482061150 28.506214129974715 77.416439260594430 97.239874398711478 52.535700207995738 62.033589132896125 19.610861369919665 64.871576584848299 26.037037556513344 91.075159511011066 14.758156076349660 26.567349277264263 55.656877563947596 28.017522528032977 55.492185247589788 34.743901292093874 99.843805789654425 24.965521262806146 42.657319192260786 55.127673915619454 47.181689747222187 43.217723972185659 86.688057589223092 77.096086056659274 88.158779701640526 94.809491249929962 34.478172855853416 37.252616494046087 51.563995182895461 58.773791634435810
82.176504203982645 11.299727326881126 39.004749255894481 19.918189956822108 14.922991038489307 28.900756706404284 54.724542495184650 27.424240421516433 68.296335797013214 15.475217854929181 33.897013623792439 3.657528560171885 16.243174524841063 28.869590565307114 32.022733763320730 21.161086257860095 6.042881546811563 51.945115953054255 12.013063453412965 39.864841658126181 74.363326995459147 91.378752217916286 38.357614086071955 92.269959982582975 71.967122531184742 34.658080241622578 16.216372952424372 64.810365216015441 13.971597518532430 91.946342037277731 34.945909613718442 90.860756521349657 95.576325299437102 7.777507929496141 76.394184652336406 40.517854559633889 22.644888512789773 77.928190056677096 75.680517125259399 92.583584313987657 60.825652715244836 10.729847558486904 88.831198367429920 97.123803291518499 79.944052864361907 39.297785546189893 32.871992366237691 40.295906012590834 47.649212085266889 22.492721997826138 70.555583008181841 19.340612182324890 27.181202144304816 36.867242760730988 8.308072140359812 97.732221825999162 34.167503379050281 55.485920800202237 27.948990715693924 34.948390962895040 58.970173051071775 51.929318047003406 64.652365825202409 26.270942659391327 16.721324723828602 20.248917131646891 31.379852144072849 80.907711488578585 16.910724100681197 46.835108167715134 31.946716247738184 21.048304430019027 79.102077038283653 19.696482416452376 34.463065135321273 69.883344340936318 34.219845069530820 64.555263666141101 10.212402977414515 34.428863844692529 84.403913442598494 73.407116190980830 69.625534460239280 14.809205716553675 16.522799008611557 60.273059601500144 72.604120326441176 87.191787120047110 15.089509510228794 28.945476794240253 61.710915153677668 27.585178948836219 34.115276292511112 58.657506176473632 86.554080115973122 7.359489865088397 55.984715886009525 88.011930139987271 57.456920176594537 90.893581767188891 0.492463541905230 41.509545554704211 1.290798489244160 49.359277908044817 45.955766076298467 84.535553773098499 16.074606854367126 20.043015600110103 74.947913025886805 72.173940984385638 84.976566924097753 77.322108478291312 75.368049760823268 69.414345896895881 13.142543032624388 94.094172300958533 85.512681847569695 25.954109887946231 69.322043987512941 41.080225142553630 26.568831834608265 88.747245367504078 49.856906460224536 28.636743613113282 8.695445026604098 2.506752774609111 91.344793070994982 38.611133414713571 68.259624448342976 48.956996776000217 20.009176733298883 2.289463833517802 80.301041837238742 99.921743952970175 86.677247597072594 33.129419436693652 79.582329006477622 75.195072095704504 68.000513642237237 83.786275474677097 87.308948352875689 44.359095252343785 51.633299061216611 76.909792094951058 90.907311257310212 6.167954129592568 30.479066673202425 15.946139694077232 66.012222587020005 82.832272653616798 46.665326073867718 28.993305907326295 11.660954652714395 54.853342489128600 87.053987815821856 46.389385447944690 91.793316106578843 44.172467722564278 55.428558798483138 0.160206873076385 51.454287128203468 16.444606088827985 68.979821337268419 62.215401432586340 15.423624881620668 81.914259115565343 30.404923442018138 57.008844879312726 15.102945945072177 12.155834313321257 27.910645475848071 14.965606543647436 25.119074580195310 73.838317888324710 68.430169635072176 90.240089984414823 57.336427496930575 68.778287234343381 9.353696222586183 54.572199817114694 87.861469942779863 70.461550331456181 31.011953352021550 91.239997267641755 89.747738950629127 81.875352346944155 26.094060671063200 47.902195017934460 79.819195576837458 85.198543030093859 93.608221830899197 75.439765873179141 92.091814860985380 73.505589935241218 95.808175796541192 71.806651213557060 2.017493154558481 36.179825972099188 75.919809268409423 75.139293791198142
73.708146145668039 21.732482957311284 24.382514898622333 21.985582857987708 19.419705064755512 47.915686473099008 72.028509419931126 84.569172832729066 90.568755631144569 52.040087860871374 9.485305178110648 31.871738170841990 74.741867186073534 7.120445398618847 97.200815932347894 76.354835894235791 90.217152973404808 38.358855804905545 46.003322097660394 94.236360395233135 86.768300857869164 10.625196849787354 75.754619337820046 98.543611358812669 78.416933781566129 73.895037824033935 25.462413671433193 76.532482028419352 2.806641511990093 85.755736752761862 95.422237487695398 35.976399566430615 48.286934990403843 69.079682332126509 63.373736356604823 54.817453248595847 14.237176602979840 79.289104939078143 1.598435566343559 0.708292966485158 35.049242783509449 47.502416528283412 17.490450485708674 58.288791499989401 81.399835971027883 73.238834951815605 38.030622471035493 68.127087679287285 52.279947323095691 94.230433687550047 87.228424870485469 6.674400651367551 80.749853441875487 53.616392852146156 81.687652433716266 51.515297915323643 81.681165566887373 55.882281289979552 45.674263822961514 2.341393696317762 82.805396893698273 20.820845763497097 40.078428125886077 27.627149167861543 66.589300703250942 9.061234774855652 73.687527422078503 2.816702752126954 43.212621369721703 53.024338780320576 80.501918825716032 27.725422155247482 92.075488885905969 5.155484890220485 1.117170315437488 12.458662123453179 91.420052684096220 26.597631185208414 54.337522389741267 93.511657896569204 37.126495800780560 26.068914471496008 99.660037589173271 29.151075109784962 28.300210340185416 35.023550398387790 56.537993240522546 95.174411880589275 79.518063087288709 1.359451709758319 23.634184980058535 62.697174614806158 2.265274951473362 76.865713012035940 79.999167401142969 33.418395490203423 60.452677364235697 38.950215912860976 91.648028994445824 90.154699342665779 81.811751968494136 43.434274805584586 53.102761111299593 98.309218348962901 68.554608663530743 90.873434830980827 82.390140906306783 21.299110694374303 50.094071746700529 44.580476198031228 68.740472746652827 13.109736077569478 41.610007112617012 4.177905085388256 83.814987105798195 43.878252732357048 66.521492995013958 89.618481930572855 41.351291539606748 45.922449836885363 62.137867660835802 76.507856267048595 32.748335209426813 43.255682229908011 96.271003002500095 29.377920115843349 51.303880491761944 32.230494384799854 88.118474480440256 89.120243742687350 21.737951723524130 53.266946706533446 24.428999218828494 22.304840073936006 28.828479344221989 10.005033593795121 93.757536552452990 69.456135692424112 83.981645597961958 10.370371147874236 67.754069106775660 77.286153714321912 67.737296053216880 63.679555473049298 91.419761053349262 22.688969572650098 56.203199465164076 92.488045843369164 35.062868075362388 96.501897058232501 75.908401606251545 3.492072198073570 3.385331034727668 16.643419819189564 48.458916931770389 19.980684091960519 90.281191732749804 56.944559078477916 6.683655591983706 38.957502210044446 10.481359466460082 89.423786685406810 3.390682716570192 56.707386325063666 82.355094961203108 47.709107820031335 10.048454905858007 99.799007834545762 85.051643194647014 26.741082034208187 94.999001348194867 3.105776286458284 12.213404035607855 11.620539325250224 70.881081581687425 46.763703364387013 77.138255290832021 16.641578693568150 90.229848472220169 56.865657190453902 33.688950066422642 94.906875225028713 33.893009690106290 4.737090860366688 18.229843738587281 0.792503289576485 32.502271785817783 39.893011751791207 79.823655648318891 96.425527803212262 58.909002743277973 34.887338380383667 49.348438533186822 71.498251974614462 45.061858516878971 6.369462976796070 40.344396920528538 85.434561691503092 20.333981888568829 99.908108711139818
44.544836617538451 16.980730211062735 51.263877914423837 45.004541258731500 67.588780869238036 56.362060257669242 16.221376364900642 14.008915395415578 21.583853936975139 81.280245372932242 16.989516788562607 32.616930127921698 22.327657182378680 79.934970542825184 82.418672652794143 33.362130899015163 79.871334529419684 9.347708891421458 11.842480716426984 31.003103891224814 97.904935661088956 40.524001621622865 70.226974653717036 36.703442784322462 6.649498956785882 82.228870475611785 48.836569239846717 73.169632326161619 36.186634728844993 35.484336343063184 91.743605762031152 34.287119620688813 37.232979802058495 88.806629534086824 81.401107733067590 7.238980427673392 60.537101089336176 40.950434603885292 47.255576762307683 45.472199467230304 16.631438099259743 10.386797159274973 14.570753918071944 16.352493372992949 71.379257177652605 83.368060923873657 96.653114063362182 38.202992410948191 57.254894092916331 34.924719610049792 75.907584921766343 94.647572549578257 68.630393407633093 9.658684267245022 13.264140129126234 25.209340316647555 36.013970766931727 91.515474652272914 31.126908351299633 62.633374570297320 16.679952682867206 89.535912058703005 24.569494163085814 35.810347304278267 41.352129791527993 84.818601759937764 19.094243286048716 76.051257705822678 21.915445949914403 62.201524203407423 58.503420831201815 95.069970943182170 38.328664921346245 55.416704166170724 50.657749834029843 40.661807733201293 15.507316276840843 16.433919095259441 31.905211565555579 36.019467686184967 73.209265646448543 67.935245879346283 85.144069366046935 80.708892249854145 42.860381918318424 46.777945395193896 41.676027321132359 26.160049619699798 16.204645741337952 62.251835953653512 49.173807984566253 89.837820440703240 85.221365751851735 16.610398435598906 63.125278822903041 67.491723954251327 95.810592851300584 82.625800717002335 24.673295727334022 54.585467714706191 87.769524316187812 96.623128666129077 44.065338065215578 15.773519555141490 89.206181347243046 53.080124852939129 97.990302361810251 25.967721312271475 47.356557705309996 12.473719956851115 60.190323835554118 13.198275234815915 80.265757919659038 1.510440204626706 85.328168282399247 32.846057393790161 88.486454035538557 32.994990007348648 48.423033591318429 0.072530219027489 42.649597501066857 94.914247890238684 90.450106357726028 85.503264810545488 54.028039971208109 91.747904649783180 77.560407126980976 61.030487931654989 94.013497835103237 24.838838653857021 41.738088064427167 75.372121498592946 12.271771085933647 3.147337883678825 73.493942066556372 79.230210681181930 82.224518729598955 25.567017165245264 26.871005276964731 65.377656460779619 95.053005180145533 57.609414012360602 55.046328613848729 1.473044947838131 49.770342461101492 66.194943551624178 2.777715126183622 44.748516676993134 40.559680714859148 61.865204935374344 21.983476853340235 82.059522194628840 81.930843762441029 23.761535218559025 56.506131226062209 35.146381157690328 33.492080164785811 98.646862401756351 35.749077432708084 23.163341094519541 52.086599078110495 23.225591654604582 65.697297289694376 8.067021006516695 76.142178184406660 94.684486495695481 8.428175349663537 40.204018151355669 87.694616633528000 42.612731431598192 13.920632984597747 70.497498960624512 49.667390842835559 23.312298510444883 13.597604249038476 27.432389826365633 50.259776620725937 7.776058741313896 12.789580138867340 84.862027449878525 43.283145532000908 79.091605422824401 16.944694174743159 31.714326121743351 33.120417938278756 34.276742442351406 22.747262705368609 3.655316125272956 2.571951408475148 97.420103483280641 23.251126143153634 15.316072381076197 61.908068718171997 12.403827123981149 32.293363032011470 41.495823926916565 14.311729748409551 67.544931441713700 29.011138085601473 58.565320168429679
98.740832056490717 71.131151668247412 41.201968817069414 96.257309114896131 19.879070669797947 0.237117821441479 87.069754050937405 83.330702849256326 60.452675859788755 74.290848881605996 33.853061880814316 97.735339838301201 9.706624760364146 77.315074421072040 97.282995876827826 69.104040810359109 73.307142598838141 2.369109312744611 58.502925698553142 17.373381027332901 77.309613405282121 50.225424001146799 31.132384600682371 92.613174974339003 17.466749644380851 91.665206152141906 78.658992414852676 56.027111394717920 72.005190987397100 23.148720468424099 84.371184735268969 70.075286548693398 19.175551692173698 86.538089035430772 70.784272385952733 66.853747934174720 96.630827180823360 41.987827199161934 32.723260305953360 47.510369188302469 71.513467987089527 85.994001584633310 29.802469414822973 72.336973227382060 32.308449743791613 18.833690003140070 60.025591330719330 95.823588598450087 10.509053142870661 89.302995301967272 79.161141041001940 22.137976285865314 86.143755909810764 91.015824972155357 95.058153215968687 63.582248316923653 98.223380868632233 99.554819718935860 57.125683327898194 52.621538317011783 53.383054241137359 0.492997586081412 79.026329312143901 10.088462417010746 11.764460733447846 23.207427327760698 12.674547995603858 90.111044617668085 26.693398774614874 25.751013303327330 22.470954309616509 13.735561600549461 41.806953001275481 56.820006665600445 48.699839255944802 53.732801349561377 30.048391018561095 99.473465873359729 93.232110450077528 16.581999053380660 81.247367375087165 37.425170305106029 63.775507838230318 14.718505647594215 23.734918413507632 2.495102187971654 57.206866346242023 23.837696761710848 96.163232786018710 51.509467366757086 10.174730634685879 2.193282602313718 25.197160339321524 70.708862458236737 46.143023092646004 41.109249931518008 86.381396080566802 2.443022672487161 97.134770397457388 82.655537288496731 9.062788252350629 17.868977264546658 82.583077066543126 4.496742328744641 94.379432488417009 15.280547692564017 10.108442268145845 19.741835433239597 30.481879910652300 26.253566515647130 77.838848987492099 81.120327761238471 45.712815296613364 6.457491345109723 69.918397859222196 88.479074957481501 87.385060823738073 48.394518836076884 67.055608051214648 25.976286578293429 13.436516662801267 90.274744194166473 70.224998420976732 69.249782121547710 84.494151079004681 45.890845001449300 8.092948490667462 78.396705427159404 42.837590897887942 8.775491605160813 64.231804776370666 17.523033688524848 40.025807381779458 35.087761902558903 48.689652610102073 10.525591037993653 34.187381435156837 4.076274892448073 63.864324511424996 66.785989963909358 98.066126896626344 0.870339971798995 82.965107887613172 0.999960748715567 69.782963267691116 64.478882014281623 61.857531622566228 4.313899550714173 38.411398230896012 52.822640002430198 99.354395689911485 57.520993596469452 25.082531748995763 82.447393301642251 84.089092094842570 46.058071267403001 26.266595428637107 80.646096526623197 33.629636017634056 27.827710269036576 62.679659251710099 71.197222880260995 69.890979276816665 20.934619308278368 9.700396994794779 79.521662150759298 17.192042971903753 88.333748808895834 96.927942487918799 86.937777605091298 42.443927438806838 16.439159243835412 7.087028951258745 68.440966763786861 30.259924364746350 54.690178304899170 21.211459217158037 60.405453853601209 91.876181590837874 39.223825206980642 33.679860365706290 10.540543392294044 50.170533254530092 34.936170995149716 46.252539747964136 78.786581546376809 17.598364195562421 16.347302934194651 13.283624814223849 33.619729621790498 50.408380263313958 70.831947342615791 26.221114792575939 78.440688989166446 17.099595575688788 42.438453046111015 61.679308826665093 74.242400609850151 57.190338642592586 6.211148092983199
97.406639210020600 63.582604642736719 63.866033880959769 72.519479799183600 95.064331481481744 46.518612585784979 74.469700770915253 50.147136645204824 83.109462374024830 84.640034945618524 14.129322508933262 3.934922223477977 26.405183019724475 21.027689524902815 40.039455793545564 2.209925199152085 56.033412765597831 22.256793156079059 25.634853019376823 63.151189221751181 25.865701071611291 95.768470884248231 70.132557346379244 77.088838765406777 23.139872768135639 26.876748373904235 10.360312095321921 31.758957623587193 18.101014489263946 32.600765993854075 86.669449410272776 54.164585247886230 97.667976015313513 6.278519344335576 53.131136715926033 14.553980373362418 27.878457256866628 58.523369466245398 26.810165076019064 99.723907086512028 96.925909575944786 16.628143354588744 9.721385760954526 99.924645158727657 31.205525806060219 92.855901650920416 42.776299940292603 64.565993195050268 6.984230013526515 62.660748705528313 53.984020805142151 31.791748216343397 85.229254362521317 31.154573621542482 6.539188042505706 82.647063986951395 45.423746001492560 8.898807687795806 77.454453147798148 36.859728955208290 20.146343191741167 51.801382661254969 17.734050215674380 7.593452263399270 84.118313436593013 71.275815924347313 96.021368205710289 80.476457222043280 51.093516646046069 21.147859340200903 38.141403247331532 85.714763672059277 43.537408209852600 55.910611766292163 77.198000626110385 79.801320086205394 83.436277233590758 53.926799940394098 87.367598624618807 48.754735017105553 1.509528914061886 62.842689566462163 62.803440351731496 84.662993147574355 33.472554176528455 6.243877873171922 17.920814455142242 73.965300469945333 91.257787300173575 46.346934210926335 4.918280101124683 70.050746715588190 82.455235309045108 56.822842191002678 71.342433346092221 91.308324959710077 67.702838552780634 93.510702865263013 2.987434985803528 87.808552020395126 55.284901286059963 98.549922192931547 13.136751967315529 10.031178766156257 73.067167923659667 83.410766146590504 84.187489178079304 71.541886745333912 81.006781604737156 56.894449457310728 34.935924326397249 43.134703997123367 33.017386820396297 53.686780865938289 10.530510621172628 43.552851174399088 10.960660978773596 46.091621325793277 41.462976599691004 3.897355104922751 56.377034013521630 30.525349772129829 71.464715595930414 89.052793088147197 77.677526400863087 84.269705258449633 77.462555431141084 16.307521699621010 53.582787289644997 54.041966879714806 76.043184798213090 79.152944427878637 26.957464235606754 28.034643447763052 82.323500544670097 29.050696275552610 99.370186019975961 9.997424883179063 32.618640038089666 36.484417742207121 41.573210485440939 74.846658240706802 86.188626935904082 33.614235599780230 75.827294160090858 68.578935076299231 90.306688141261787 15.681629460050928 56.383882402203277 55.307779376368615 5.661064551635587 14.803299084796773 69.385662349984884 60.642513654590665 32.768541075912104 75.996838495319281 11.946384227157203 54.283479355035794 90.848863120160416 18.822305213818769 2.235657040879435 81.203729171796240 89.015110718394624 68.318869014673339 3.004307631049974 57.814483265596635 2.776698197637639 43.246550022227261 17.717316705665233 29.826640566448592 4.543593987369643 34.565705614675899 63.832700369517461 70.021720252262526 38.602901903645247 99.630763322124963 46.685246118257126 85.507820417405682 8.427627238616974 85.678223075082187 78.722678056560824 72.931107450219329 15.743713627427558 17.724752907506957 21.615938083619536 13.117245786065212 85.368290455276494 84.524806521787212 95.744625822897305 93.945376491343197 17.333496706459005 25.058021811417831 93.811183667523139 91.155100955192609 80.020472526880724 35.840665684533427 34.971330843918189 71.045815213787350 23.264729705861807 36.990041778459585
77.429851133547146 38.064463253609063 62.367300866687515 64.755422994253721 51.974538839462070 29.486138925573258 79.426317397503723 80.559562031030183 91.453812854237725 29.227071030184426 57.929818429627176 78.936382671784742 63.372211097741470 93.823265237493487 48.561770056987186 77.172865945526297 49.166234030129822 64.499801277182371 6.111320759859728 77.392421200871510 19.858201217538664 53.599724278528150 67.865645515035084 42.217483340249508 44.204750950721724 77.295818579300018 17.229932951614412 16.522088817968850 26.291331195030409 51.374516855203410 6.452961339278652 42.330124614334906 20.490809186870461 82.979851176784962 54.671886113859479 74.384211290437548 90.616189170101720 0.068867879556733 5.884328579795673 93.136779822730958 14.385118615208370 23.179357863081020 23.513109671948897 31.541177946888510 68.527067818979731 61.534973657960535 56.548969949138737 10.709190969881044 1.437847721321617 1.755155745205417 77.513028591129753 81.705656459305516 63.291188393182594 52.163698855216587 35.386687885605070 76.767151711033065 42.262519406289975 51.521911200407246 86.201121996766432 51.800984923533186 61.511798299252106 92.605995759456931 49.422014520155543 96.970236744613331 9.670435160300473 75.816581700677830 83.264133529173847 0.695009701620586 14.270347158739050 40.297891281074328 50.947823973522134 41.410743340143931 58.367234216393193 62.368604106120628 99.724029151862140 8.493046537529425 37.041575945241867 84.634506774396542 12.808784675399586 90.314996018725267 84.044170334299722 59.881796441734522 10.092443316721889 64.041239655424860 42.634512276515878 55.391947517609843 31.095272650251548 88.526210064309481 88.951375361250157 8.803237547583375 33.384810204461559 3.411510462640366 20.642421451638359 76.354507823734068 7.577836329093779 86.626685258763260 56.250716669667142 29.536548375013449 7.047975240079096 10.764050216854615 69.006392879650150 51.779057593959941 37.541670290703223 19.737470466864092 60.579203642053884 42.304311142771276 79.168037372980379 25.848723039545320 17.053962484291507 49.925670403001433 10.336306035966892 89.502506579353906 53.320071171054110 57.491335825131031 85.460556645918544 58.364486748639720 68.137736151600805 76.009690580930382 56.990315883450862 78.740693288828638 40.570302321482231 4.170182980445192 28.690551947266950 12.540728063331496 25.642690769676069 87.768573034281744 8.731252288017444 80.269776784330958 73.647755913033905 95.639894797198309 65.508169942106164 4.580462402432528 6.264121365229302 15.705395078286511 97.416753872929462 81.434583760376995 16.839304100554443 29.846022915723292 26.900779627279768 32.594448056513947 76.814355058298759 57.022168082400292 66.337663902158113 15.845135555988721 64.668162745422691 47.607340717179191 10.828594448851970 69.367191214582803 84.231991164009116 66.421427662128693 43.511481604122025 0.830765570090108 56.102280655302039 50.080490321846959 69.295295327703371 53.017954704957248 47.844609843660471 65.183325620855840 19.625169681150666 42.763710577290922 33.225913506197870 90.086165247483535 3.436728793647370 67.277716187189498 55.259943087707711 5.349715991350279 66.857595948460926 11.565292241246150 13.801323982136681 67.926052271899550 15.621880675165922 16.148931839250459 86.730329345222330 79.154576894781243 33.633700118522604 24.477520987775570 46.118538750683477 21.246535410398316 84.760521297223107 33.014926349722437 70.751949752001366 58.504849001586713 69.073645224094648 68.110049007476491 99.536091905544509 66.125299033897150 86.453126233866698 70.019523252774164 72.693249654588115 58.419281445633608 75.310717805666457 66.683142290705604 55.475532889290513 14.426376837927556 74.233486278401017 98.151828905944754 34.473041254046436 65.395097121558138 3.098949097999537 51.076050563062104
76.028774231910816 76.319890786833440 7.650330709195496 0.683067173423912 75.518775076815771 41.207689834727766 38.242654705263057 2.128933730288296 85.685486525034463 30.460956807126273 55.486327420072989 18.844239346820078 88.773667232669652 51.631668320930189 84.331979883734490 14.823591181073636 45.714189853430007 99.595988315629427 12.579660638767741 49.367106323885359 27.221783661362920 0.449331955711330 82.267646306489098 96.455388133212836 52.289040992825321 37.252458187832083 99.368490587201393 76.331809474615383 18.923089961454309 24.282808169713064 48.280351920708618 5.308149065947577 11.298031975993927 33.844110047131494 10.610670430783642 10.056811114132591 77.891124860943492 6.204319217118604 50.710544446661999 78.036724011595908 46.677954097402171 17.126694063925850 2.884024791869599 38.625923661453953 98.058690288061555 17.642429191726052 75.209965180303541 89.417487167688421 84.523610728548633 95.916484656503215 72.785916975467984 43.715016164167842 92.836219339669583 59.706347774527572 21.793021879018326 27.076594920729203 39.370386342989782 8.524838778391320 65.789974096148654 34.513849880102498 28.134949837893952 60.496895623857604 50.512153897917003 50.995847389521884 65.914599190478668 32.279322573258348 81.567304785331402 49.676209039257472 28.228338055303347 49.461907906814538 76.729772741820852 42.093411954571337 92.610863044182352 97.653470892853804 37.614687464421280 59.235731826021933 13.575435289185078 10.754896352053189 73.997541660469551 22.529360085288918 8.733232033826887 31.355228530748679 77.118312133774211 35.829806105076045 10.432481158405849 11.477061588341408 63.854509020975648 84.943304049270878 40.182825840464687 86.117346898033560 64.538770035308076 40.890321648596398 97.664871468096933 78.482567063649640 0.975042016418171 93.426512752820372 84.339069642658359 99.133406954664665 27.728570925396124 21.067895978962682 27.344017071245474 95.529997311756574 89.671599860825637 94.150089559398495 85.117569090513811 8.532299163296052 7.924438293054880 71.238727868211001 36.978639947529665 84.848203209479806 87.913952970248658 44.847932998047312 34.323660699497502 33.953234487569048 74.098624088349354 3.103428938976838 46.578511255382359 38.828703625920028 32.125233391147965 53.735322260426329 27.824455026727524 63.760497597680633 83.975550790156461 96.202677338661644 27.222414382912675 88.587464747944097 44.513653808392974 24.414936795746179 5.380728200989138 50.682179145623621 86.244694426447651 91.383094083132889 85.707645630295744 46.321802067521055 43.745346299608599 74.747198259625975 81.493104638498721 84.678722461938023 67.874011670361938 87.958778202558534 89.285953329656692 15.193480929613322 5.796130084807627 51.437401932459892 21.440200736201653 10.304606608012200 49.860818799841887 59.721442335728291 55.259124724583529 67.172120731118895 9.267253556880561 33.295048173705254 23.738698918417256 10.448708969631838 7.302480561703528 16.195211783346796 87.207848027564793 27.950421252428793 70.922063772103641 50.392116747110848 74.845254320470460 18.545028775825756 14.704099645320156 4.014780991167899 54.115792064389012 99.125397584306995 33.826915967303663 26.932907889355807 45.571633839570211 29.233679365644793 47.439265623794213 91.999692847031227 32.147639609734611 39.439181736223674 94.087251815833497 29.921314526685151 69.024799337001213 19.655397534146079 40.087224693358735 60.774955484574797 27.437426686738085 53.036781983807160 40.164538577627994 31.772267573382017 46.106505944599654 46.750864081178477 71.429783589084622 0.557626521645993 25.512886828412796 9.413895622946589 39.429687025211365 52.375520304984491 68.583640626472544 89.267898783951750 22.365580689298938 73.051931374390662 4.490945731967089 11.086481174092722 35.926020526850657 26.478931759533875
87.783347081726134 23.527576373713632 33.616492297129028 41.722349030952834 91.892978189476352 71.110259772438440 7.443750063083188 11.325206191408920 29.722413831674942 17.895712337092561 74.868116390139576 31.323094886953719 33.047198006587820 12.252749169716015 71.585426316536200 67.220138652782452 78.409228865266826 64.584235846810017 13.858572270610880 44.609457698806118 70.744873810838371 46.615604637412645 83.178908613571593 9.296137670695792 84.220534472819224 4.742348173336119 50.044525779530169 39.870184334354853 73.360180701556772 38.734801351353696 25.924225428821067 9.303594566292562 67.180768066986019 89.292124278876031 72.522990439377750 67.720317808179729 42.628608621389851 84.656243472295543 17.593904257477057 14.551554281363954 32.993646185928164 1.911846182541033 11.069343357203421 61.259696045856352 3.730308861269060 88.302794889350139 54.845697440214849 45.871176916520263 9.192773007077914 48.293297255134505 15.802180271557253 53.260937557887758 99.307921457014487 62.323539080386858 54.712078820005672 64.995476480067921 39.788973458497537 37.991078839101888 71.027458004857408 21.813701050960166 92.620169518594466 75.574694404748087 63.468456249698335 70.262451086805029 61.017055659292453 65.566588273810808 6.921742092683758 66.658474944711443 36.047715204482586 15.682220167924321 47.480950086704176 21.656081540241988 88.790929614667107 22.842060961920609 26.390247834809688 3.525138155309926 71.959767167283189 24.536463104344076 54.163865464807856 26.634889468873666 91.060788094206984 54.236021817581090 39.782558526706993 67.105353549276913 35.355327726559779 86.319525908587948 63.826176633130039 8.528727563303651 85.017299801694918 77.811838567167143 88.493694946883096 70.849887951044749 60.111873292282894 60.520539835825879 61.139646077292831 52.313984331380972 69.386088837217756 48.421755067652839 9.265798516067203 7.876927732587447 53.997266349810033 57.441796304815419 27.086131741532604 59.994052593243552 84.849210369353543 6.754024840154671 2.966639462654752 89.880196732922684 3.208331431738765 5.623705819984670 99.924346538417723 98.790837831617281 69.942488645952565 13.368261028917260 48.848888996124508 62.770830419766554 25.196055701951494 81.940578734302747 2.608993593030007 54.129437916234011 29.137291938846666 73.250347220146850 41.919120178441737 70.364773924260092 13.092505885413264 68.946138775052646 4.330464807250889 33.932101019458969 99.585036502913141 33.514507366189640 52.760876970143599 97.427055933312062 28.768840041462575 29.673685210140054 94.629922927219539 79.361551813070676 77.155841246900209 99.103206712209243 71.140751580337465 34.777125394061670 73.458617375447304 38.065198196942362 76.160275558352410 4.362838279643688 19.356255723245262 12.386111988137982 84.852395626797218 27.243290077021641 42.188343598477609 28.014621586282662 95.341346943178934 36.722891809315328 66.885440580130805 22.526332544047044 27.283339566835796 11.334972840917901 67.832833404834687 50.178509988298948 42.756058017944333 40.003435063678282 56.822022916480108 69.014611566097656 92.513427663268985 52.312216600681950 93.679041248260319 18.671630434710696 99.755462216479472 84.067351580296375 32.940091472770852 17.091861290059828 36.726198754735471 69.435599816516032 19.869778550282081 0.233986976285194 7.779507568102495 39.644359564745614 6.095702247442702 38.018764340532783 52.227864579077774 9.392907428240427 61.117321461096239 19.727628342489780 57.739364927122281 59.265705958462647 95.810888092877278 22.091161159249850 55.965356986301259 41.843550079385885 84.242324996682967 84.662628023826201 70.384774473814389 62.105187038617814 82.807927057387474 80.724387573025467 1.114264883363580 65.275396485914797 92.790960957113484 13.700000442336723 71.637181340415054 89.787345997811869
10.219331885301175 40.609266940174940 20.916643075000152 51.645224352695841 82.332084560914581 47.247924961990947 7.547865842641455 56.598325620649128 25.238647132662962 1.024049090565016 87.538343540575639 19.379896131123921 3.581975992385689 8.598299650191265 43.999724685348994 56.517836517873988 46.424472920520429 27.132715554682395 65.782014677166913 98.331972701502508 32.468911254427567 73.477585299029613 22.044820380714224 31.261769044631905 81.083212181236078 89.952533642987675 82.352895449328173 27.859539037713887 49.108536258590718 74.541688370465096 8.250945300346723 38.377180679837799 75.601716077893499 90.673188742511897 12.745637539000898 32.070278240392916 95.930613400675540 44.348811304992623 13.384895524158525 25.753318447753859 73.540358930083130 82.437040842448866 5.688701306457411 48.638477485570142 40.127737712325441 9.293777892858579 16.839801754991313 77.072566305586449 35.375042137214749 5.157080921367630 62.683527554386785 19.903045363141992 15.262691963525988 64.157336950012848 72.606520012521344 5.450916300837738 44.698520258051232 15.016240627796273 42.021443224285107 84.207337719253900 37.536704120999012 59.081987147137639 4.399239024918755 31.510637101764782 9.057631859241788 94.487785641789742 56.398121919538767 0.598698253961294 1.144571382699366 72.005058733601459 85.825283341419976 72.370670029440120 52.933667453910552 36.000750181772837 16.485270098825467 83.816260659111592 86.874574266552898 82.005670733332323 45.775961486032799 7.597013735366687 44.126881597312192 5.752736976398964 16.597898702572998 42.587311326414323 83.237674169288383 59.796910405859990 83.127452211440200 87.558735861164323 38.622423242626546 70.407619032969464 87.595643568309555 59.961255757830820 55.452837224044472 91.571477041434449 6.951305268163166 90.276979583315068 28.020984436162678 46.047680663241032 34.886590096709604 78.163863362940603 78.082639176679578 61.003023195120456 2.848861921763202 44.650548148609339 69.189926609906365 90.601394889914928 70.486211580633679 7.177007003707548 61.111035816377466 47.239692201784791 6.699213360708578 77.990886366158662 93.919553170728321 83.559571830962938 29.026521395104808 11.216749501910483 95.159896548171432 76.814907470253942 77.204295115639070 38.800524863028997 62.774887460024054 35.363210440212065 47.392807938829151 68.331185236408658 8.159323159301424 34.986022464862018 51.656094203970916 27.209101886131492 11.088285135842623 92.797065741276157 39.816464212110013 81.289004252723146 96.426373963705402 90.075764008119734 9.798489291979784 28.791348405421335 46.079908292116457 75.904299995526699 94.460223613715002 5.389469701054617 36.791925712025709 72.677600778334664 16.609944973289849 91.474697521676063 32.628375918334861 20.069787896501079 61.984226783905484 32.670441072334746 99.542337928665091 80.061599553795546 20.365639728046180 56.175025585265168 19.423401463905897 59.690034593319453 64.597901496363022 56.509889501977426 41.312318517392264 14.759031118980381 29.855367996754044 15.336683868323131 82.044967206669980 99.551527449174088 31.176498854921331 45.466951466814642 75.982289300422394 20.278394326482317 82.098665070239718 95.715978070611953 69.436641975597567 97.085330877567728 80.167571090778623 38.928696729717807 57.211721100344882 67.790197985365467 36.248302961537973 7.156898724495098 68.185641267369618 13.242843341491795 91.175677279567523 31.974996041463001 53.455798936765277 65.592055070138599 32.666105561842308 44.703965803001331 6.693970177544784 22.055515176819341 61.435324811651824 3.780403083823203 55.808769260774696 95.653835632935667 37.042888585577906 53.384891346017916 39.474449559865434 28.135246642488841 1.292944242301175 88.522873529898760 66.563078104030325 21.897388045764920 94.334319407491790 90.010738964814422
9.326331994899849 71.837506684817328 63.620903341777733 20.386280148951762 55.590690486184982 25.440965054902563 55.891760898565991 96.941607875579507 62.676846763252506 32.658464960192561 4.975265921420013 94.870123623229574 3.062543062090251 43.932683243739049 59.275287856862427 81.348803357525910 85.079539338670344 7.464679898560278 83.000078062914000 37.023888047915975 52.121074477687145 98.596836705194491 27.486063127884265 72.283071734431289 49.476575334934005 93.772891192751274 14.089774144203492 58.083910242703965 70.118223337442814 4.954964810309114 72.416649290710097 60.973751163553402 2.695193116055739 78.637051637862115 3.073616086241859 6.467496359192982 13.208575268792844 39.495704965171598 24.257111755383587 76.577414249420045 18.781263730793196 90.739139006233586 26.979768409137648 69.373834374706135 79.307722808905282 86.973696252351800 30.972999820168067 53.390727021189754 86.450487597538711 21.395956692675867 26.185019216682637 29.661213502562966 5.911402508181895 76.576793079433585 31.170563983809430 46.910102344035700 33.944490789703593 87.027099249662427 31.477279137208004 29.244778550219721 8.552758151669426 82.237851323680616 86.920821906012506 12.086511246145870 58.622853234574215 1.049396974315564 4.591473126073398 89.119789289987452 17.194161187609978 74.354375845146393 95.576339631341654 54.023980496828194 48.979060293126899 10.452048314419727 65.831865540686536 91.942773757869944 50.843877407080541 4.924231180429118 11.975590588299646 94.391417225939591 79.998056340504178 85.710370471893796 66.430789156765812 0.458130559680958 48.244485333495803 39.858706758292293 69.219840302073763 72.882974328973035 19.562785877300783 88.268770349766740 54.659347154042656 54.806266132969441 6.440225292125068 18.335867628015489 52.955190500204537 1.013678970501042 88.170554865484434 63.160249972837434 67.648217426841470 83.151154440001847 61.445236820010685 17.638178583875998 41.399487227746945 51.301240684305959 11.119773106924013 27.020894230832493 3.111296251486761 45.646276418349643 56.129597693479063 53.060164969135705 20.190943037057806 60.329420309003837 69.211878154407415 34.522045805338244 48.693725374423856 50.539848492519425 63.751652382768583 41.656238167372969 5.369890660527609 64.214040346415487 89.414373442333016 1.433263801863638 27.804954100452196 15.311583883307289 89.586668539891662 63.630973990244243 44.818498012046902 47.360505879680673 40.520054712671168 37.551913706104969 25.954808181715482 6.952629231867302 45.246036785095399 18.144187258966660 63.725797954709442 86.408118613861490 21.132264742455153 51.305853525095657 49.200584863191985 7.154172230944456 28.633554186459786 64.890842079360098 80.549003646202635 5.772501702871513 61.645108814759453 29.343762104054193 47.097842391600032 76.149365493386583 64.858445050599144 88.565821724591785 43.309208196328299 1.625900601193453 61.214082551585847 65.739552383963940 98.397828830033660 53.026904095048764 34.007759168790649 51.361573047524566 25.506091489624229 55.720467056825875 32.216085861430223 32.109367981811729 22.912386906824899 12.140501324851616 22.839058049900164 95.554791138354616 45.990544523751232 89.161380902168517 48.697666664284135 13.742243874919325 35.422423051092707 82.090539685470333 63.761729511313270 14.829718170688899 70.421722255090117 68.379707235576390 77.113343382279666 41.343657613106345 63.726236015109336 32.072047842965176 51.253541691322880 19.164394928529028 10.866605009017061 25.635286191974792 56.474918894657655 84.326820828475249 86.843805929191589 36.615758675007640 15.366069808552673 9.173940612168330 0.164076938716629 22.668161145194400 26.724697698042000 34.161952093723500 3.245068707262577 9.339993094357935 7.527716356478487 50.630322864906184 43.012035202986731 4.278537968025398
52.447885195517166 60.481221564760936 90.876229614937216 35.900931518853504 33.271128551671211 84.805248326876921 28.676445294941932 7.317991882022124 17.452482696862639 82.604059738781316 1.684794506647624 3.992063893791731 88.141864363840469 86.268158663676047 34.396711359153329 46.896859374906953 11.510810047590759 19.125061584742188 93.341520407019217 77.990101669202261 80.772762523032966 0.982812827683943 12.324469793063287 4.916844610733540 73.376229239953688 6.677906861571703 85.505532322509453 60.946071945678227 19.029462701651124 58.032727717802445 61.086977501472063 88.960772881505903 61.976368971836536 39.153604230740555 83.968763718842496 50.474258275106386 96.125174668420883 29.786073178596883 92.477932049877282 52.045253081758311 52.005203433148573 45.515547301432157 32.305040505487689 14.036578522222332 79.052644861630654 24.971827217622600 33.138469431426365 77.895730555691728 73.739384022525272 75.421128120571197 46.144240365769882 48.775727822463566 58.280624696416950 28.831446881671585 80.147984888226603 65.885606881574475 14.064960427553586 87.909096177607509 82.843071268187018 29.565139043104306 26.849638698340407 53.842005598790500 70.047512357064008 44.029512018191838 81.213375258340093 0.316458021965593 30.802845286476131 33.096720633357492 8.031057597117231 72.661516341026200 93.755062802077390 47.471793562250532 58.414869889253197 53.640072839635380 32.119480326035600 51.245320687344808 8.061605192264331 80.507948057325663 13.287819020601043 27.363634068981014 42.055200708906803 77.936437672365699 87.071256919708333 28.392369249393433 17.536619904054852 33.746453194384983 50.033515934924253 29.374905028651078 67.892876648508178 18.214896013298731 34.177933209790226 4.893851790723325 4.012539652269398 78.091757135636939 21.421089205666590 45.824094364703704 14.478883041998946 80.985132687312174 29.997020712084087 48.816687530401893 88.533268638713906 45.636870548750188 61.374749076754519 39.290373548586956 31.557680537567535 25.266601103124074 70.835678154092378 10.502170017539258 28.290690047119138 23.054494295707883 86.851943488808530 15.925211039788001 77.941643450538209 69.348069469451588 78.024349840570778 94.271390355911763 98.300475390925968 69.575269423555895 64.529144251796254 64.618644193758072 78.726598215236649 51.404783239746543 47.234041344296429 77.728379816616027 54.906376468604037 18.028649972001698 46.476228604001321 58.635240850398716 5.522593782215846 64.360016490943266 13.444649273852461 2.307644919019958 65.704331343416442 91.390898860720370 84.284429098193712 23.067959353654320 86.944347689107289 45.710597051622400 98.536980062409540 2.548717242228349 9.675212021106748 10.607971432347451 55.799911472083586 33.394614034368587 58.563163006006505 38.017922560055219 35.950802231735601 12.475033798788937 52.515601782085639 37.108402321764764 99.173016143630605 43.481813734109700 41.453563510087633 32.509255110786725 65.175235711759129 83.494076738579437 4.629046944421733 36.126764527848501 35.152358229886680 44.862055034203784 63.655654367664930 90.261371579513977 30.558667241513216 16.793885780294815 23.916481165513137 98.812831016261100 44.020989271959124 46.999837867321816 77.680263732025352 45.126430692558174 24.383951981047979 60.826509244709250 88.339153811000386 14.200189159166211 68.120977129738790 79.297168165622551 84.617026058788142 73.472920534288221 99.503268745841154 45.393934652189415 26.450896539622448 55.500017438295558 42.848861059796292 93.045200553408122 38.191173825610981 35.014488395866984 64.741448510880389 60.733796399177386 83.359343417313525 28.493011702932634 12.813167613278498 99.314186462739954 96.045025539043777 20.006101225715778 24.124759657408610 95.824440917150270 61.501528661243874 59.983913605330429 55.380054256243817 79.206478493093016
59.661994842325214 31.131939483952852 59.864293382709519 59.763241082969408 62.064358716298621 42.522842314397444 97.766534148391045 83.550161975414625 15.562672926675047 14.814814200099258 21.219861681364804 12.889136877442509 18.809987176816236 11.731357848747958 7.226598864528921 32.714194871806988 80.965736134469196 64.556062517353936 73.485231228340268 77.974155526746515 23.924842272439907 61.549083965257935 83.837739543704828 79.970773192646348 8.557979395205672 3.245072555399031 57.001503459732838 37.292571877759315 60.908350077180295 1.313738865772207 78.245510460505557 91.290945891953982 18.249262432602642 10.397272774225829 9.092834029473629 96.230844527568436 81.077234798615976 67.030645776755506 78.264529759434794 70.924887506747197 74.101343079475782 26.223877306958855 84.749370664968893 40.498064531271993 11.372792531796827 23.738386319596238 17.033030806408568 99.414507006443557 22.225977654876385 65.309778172293520 97.997227355603741 40.223695346371798 82.093677482767816 37.373769514441811 97.738545900987219 35.694804191321779 8.124580440708140 62.351635695920457 18.120300321271166 26.579535518352948 79.385122800301261 88.381867121419035 35.319700232084713 3.299602898136589 60.326815363332976 88.488454626792475 91.626454117909688 34.780121080542493 41.552601114646684 29.142591660586191 15.251331386694956 17.069647068523075 82.157932094600767 98.432225117574518 22.803495983643650 42.767085698246312 57.582336332643550 18.130977536373869 93.864619269412060 17.706849500630806 36.408864119561244 5.250096861302267 2.041622142765742 15.116263839681531 2.394941675967921 4.221316202783932 49.090767429349079 49.681061874295708 2.279952551979414 59.061543700171391 29.905643928882817 19.331468994381705 1.750757533195901 7.764331819060299 47.741564828967384 94.012352047102283 73.058553094361940 83.529536528460937 61.185557113142963 22.846062499433085 65.951964948234348 83.854681225559531 14.841286784377361 26.253076919386231 32.542469618095396 70.647210356257162 26.262357903029589 9.668274585829483 13.238060013789754 27.387901486227417 30.789783654338986 88.834806646903758 95.207836241153885 33.215627539081851 30.008296511129718 70.647749300296226 7.963195344244800 16.566818571720955 13.538361157257340 68.276441231141533 33.573014442419968 47.821928201720930 23.182367884718115 88.264187387521304 98.218561648909443 37.361579349718845 21.569115500058210 98.163533260618820 27.885765681441566 11.006573766578686 70.777590824158651 85.003860078059063 70.209652100604217 13.214463461032345 21.572373313643347 86.221906010356292 81.716729850402771 34.617398375359187 83.825387373436456 25.570321762483427 71.207671635230980 91.128158113782987 42.321103228093357 75.014479646770909 15.696015767348603 17.816513035857529 44.607161657849794 18.137201803545764 19.512956144948657 24.091088751215285 62.728406208554141 0.037674088457373 80.905511077482345 99.114025590700166 71.167912725948881 20.472650265284653 36.087224179935752 66.730575595878179 21.903151154572676 78.722456177099659 43.013665404116011 82.707799913922457 73.879106786933946 34.036339610287214 88.555469828785704 8.502964930915880 48.439293699696996 63.275540829148326 35.632291265751292 7.583393919985760 96.337489447462019 11.098888176821319 90.736440804294617 61.948251101026365 86.192255078220995 88.969228651750953 50.408912364290273 43.904513164893245 60.866199049055922 24.661400251786358 0.118293583013662 67.001993551344597 88.087815811910630 5.403222456184698 57.412188645969017 66.002572365398308 89.263447003118344 90.783145089132020 81.238985984807627 30.260829346884812 77.538679941685302 55.138245632399972 60.271601884393142 79.800219779619823 0.579840085253769 12.686070287369766 30.919472259144186 58.343550160699728 97.547985788957419 89.445799191386897
76.864502168220824 7.739002205568124 74.766421688090446 1.193423913117009 35.112036839306107 72.355979800462038 47.060173553413740 5.572034071186560 35.465626440856312 49.022908474428007 34.278653303653606 67.653246043191317 92.674018290126469 12.112920545195927 24.408691760768299 55.471584659429205 64.667381693484089 39.706757744339882 88.183344569157939 98.208906426530788 3.201428534063622 80.175236922066290 3.023720514238182 17.023096689699489 80.103742029873516 97.358287115276923 43.101808465483181 64.621334000560964 59.286009474521364 6.008324841905965 99.619369477997992 31.938390879348020 40.655993303512957 0.434975513001334 46.928550761440633 31.932665362447576 30.286357397403872 15.233737117377322 57.209411414951092 58.324562850844366 76.886261317989550 90.704425701953042 92.919946911667878 48.996897458522838 64.056589210391266 37.488863886297786 74.008860203040172 26.019714386152625 30.426347211299099 62.756042115322650 33.069489742020743 57.501763209601741 50.528076182973791 52.243401066546738 10.154592317757416 24.820341548936575 3.279600763431001 27.137523724835290 6.509685991082459 42.587339625945745 90.267900967923609 50.826995498166951 11.245778299148757 56.693721890164426 97.081415628920325 91.773954299253091 24.542726517965697 51.958129914554604 31.904621406970090 45.967101102643660 78.514336693690041 14.658793219801137 96.637861503393935 91.236276533102981 81.011942359001594 94.123066537689340 11.878240891563374 58.561448154657647 79.680531782088082 38.233915829764229 96.320964326133534 72.000303245221346 67.726428341731690 69.299935986276154 55.650464990882263 31.478524191072044 51.578141578367443 22.649234405659236 17.661635393696407 88.755383149325269 20.163504469243186 51.081974669629794 45.788632495240122 44.332976602107287 51.114210497931410 45.648251313102485 26.770913876950033 94.707156098281587 14.395374853382991 16.508771953940794 66.397630266078309 59.968350759787739 47.237074238471386 30.940991878928180 62.768877225110707 14.918775894069769 18.748896987990570 91.128864339205123 9.120278072370326 73.420677894206563 52.353848365527398 26.246852070548933 15.443210345874315 4.795220141500334 94.609692135840774 57.067477123994394 81.312862918644811 73.397771687070005 85.760342892224671 58.269509064427027 51.737872584199998 66.034583265434676 21.211889954627537 30.624721227358322 38.248857952370827 11.324370061222988 4.686541982421111 66.923229496053978 3.931732219054096 54.608984831451949 87.705133652242452 34.891227831648742 23.747441154970439 44.161747346918943 78.473337345965078 34.376257306149135 59.914120720124366 92.064269022821279 40.439631388500530 4.668587593452356 70.214056035496199 46.846267151838717 1.579690660637600 76.250905089402480 20.639386098889368 74.657313107398991 91.828961129093926 6.555334666366807 97.784348883336207 23.934206590120123 84.803459928064342 15.171758929668034 76.965310200092958 71.020902139945946 25.280446798394372 11.672942661773211 88.234754939806749 1.473111603083899 8.263444323233415 50.836688905873153 56.772185698788199 84.618551478304212 0.893685587503734 52.125881728828375 44.907280216248765 30.810938214664407 57.457249812132382 39.856220186747514 86.924829734188620 84.060594085050980 63.054571040335297 97.261474963367121 14.736399852523085 0.509540592892965 77.955080824725286 97.481796499830736 71.789130127163133 94.385890564692460 24.485926708587670 17.771161113851907 47.827347702889192 61.781541383718420 85.737054372764760 91.466757215277980 44.008176491709662 53.674916416288774 29.413198806798146 82.300475408271026 14.122737068837898 43.530747387327736 21.718513319655298 10.779013120785773 71.710786911778541 17.874804204996398 77.519128818965726 38.847792576507636 85.953668174196991 21.258879080660677 0.051998110370155 12.033738191722577
47.133171956909315 92.769630977774199 75.549154955775435 6.307980794874624 8.333816445080666 74.062940462149740 43.230621858194098 25.930440896044139 55.178287999392325 40.452558329718826 39.258491079065308 77.153991252834729 40.481659553690200 85.682344701818607 10.545260545720502 88.687654159179260 32.005175585653667 40.087841721935689 89.189905087703877 83.377956141798506 65.929977756973585 24.704464362755829 90.273914966426574 7.710895601127632 39.186572550732635 91.032237419637255 16.947730046494314 23.420291287771512 79.380486779238311 93.226926252028647 52.887445061254610 19.253372501389610 65.893848821149263 14.257874483277488 15.776271203771907 33.109911793967086 10.382906832000693 53.655470577721978 65.226653017997222 55.512590397611049 58.361206650256733 78.123625384976521 89.637972758732303 0.510115425504820 18.158554106115300 67.352564959440571 15.602577446358247 62.115481291862565 60.100410842555810 94.666901683220019 15.845007323119663 19.808807008187301 48.142271197215891 47.983679271059351 96.526254296329867 36.560780301000783 59.764970608987191 83.099331623505435 96.697136106366528 72.958051661225682 64.966747402263962 14.371960529405637 81.583407441659233 5.138763596369555 88.742301905529331 34.636583957658473 2.581001907636360 5.090279361474770 72.376561882963870 19.318872325766101 10.211873112260017 67.272357001623305 35.882260539296304 5.877797221639658 45.131530115221132 82.021180300534269 77.018554714527667 18.738243672601453 83.368941239592800 75.456207650568743 58.213665156704117 30.987034307820593 93.371656723700525 9.788981562123467 20.848399607028455 89.448206171632606 61.064812351354306 16.568687125780102 32.499005829548899 73.000421797101978 97.302329286814640 10.656957354132768 18.032506629305434 82.366098633820044 60.651166467025398 71.253346056416618 62.495635541721008 81.497745401771851 66.488944464240220 85.937252294999865 42.033840363242156 70.724482063934246 85.908496224960970 23.180844884504548 34.132225312518607 82.829129179231160 55.350916472817637 96.484833778418334 57.298439161010684 79.022639255325601 75.793420670502286 52.141661484276369 71.340844144390246 68.208286205288289 26.808904405049493 85.332055137023900 74.764535861167218 67.478987076936704 59.211916762688631 81.135358158704051 90.223986270361394 10.655143841084659 14.818540149608939 51.007743336874732 18.864448098057927 24.466881394584640 88.689210821290970 28.935644315901566 32.127882523007564 92.378417602750645 56.895684062178674 18.981544432087883 95.367257443959957 44.304801947388761 89.795807763818885 51.262415123183594 60.065571212030491 62.003710351023855 46.842200601349006 30.576059335385786 41.738732829746837 98.286446263061038 62.601393784131368 59.563688839284424 80.141519629826220 21.595422239774919 64.955697147696284 44.868262767458702 77.606426983932096 32.403270928906522 26.650494042932415 81.952550845235962 74.319606048661214 72.957126042027184 43.191023518313266 81.773223968158831 16.102778743826750 40.722573915132543 39.541464120278057 85.857441269875153 4.151510772040623 69.886872631677846 15.929041028942448 88.308680998164661 99.526534670774026 89.409835551758647 55.012857109688170 82.009653037584187 66.126638248675576 68.455690778950185 11.878968643708166 45.701286174435374 24.002168350510832 44.857619787752888 61.725848649924274 46.579051285629923 73.309184451998703 83.969197963254402 47.377204020992849 58.562878463801816 4.690425447302227 2.928240184270481 13.005147110976045 42.879040901312280 10.418475788444081 54.126084666049309 85.473269598843657 50.653488760780533 76.348876653849601 15.370283017592135 72.840142892669718 34.174761467879875 38.919190964427663 65.748466017211598 41.240123079905310 69.927194711392133 10.535823941829426 12.529746335678061 29.829776468664605 10.521834165887489
68.123332288205546 7.192007072783779 3.738886855711410 9.231895305809923 94.000114725365293 12.011428593214424 46.666445039326184 28.816371339489532 11.396073005985718 94.964695946914517 22.727178527574331 15.767163666231154 64.625743880849612 20.073229579993335 2.164678329453695 72.671895466599608 36.924517549612233 61.849290237062725 25.032563161521214 25.278003442725307 8.668807581013327 83.720178227470186 58.638413027637903 54.501479849977244 17.902181439897934 73.823283066072563 64.881595305043973 52.906430802785046 63.464649678811078 34.080687072922430 73.824317418741714 67.025377591316769 78.628143235023288 51.672820442174263 66.460680008788074 35.183393212940295 67.264599779742667 11.610675434830497 42.178204993139801 68.452518977133579 6.061803826242141 75.466259629451429 72.118551527912715 71.126219190179967 26.935259755403106 22.334538793742119 48.305575135423837 98.794858796094360 82.133538898651054 61.973979865118963 2.718232854506442 9.259749694232688 32.694115993095828 1.996213447892292 34.680144725239927 50.134249304894709 20.486716319417997 70.177243481332027 9.869812492169494 68.735198723498030 56.876966896376317 97.913086684456999 60.017451713056090 71.322931048928609 15.339433770383348 52.859075574927417 28.865307940302820 11.320803233972242 26.681848385785443 25.109849482490475 24.279436295900336 40.366585645853647 96.197043761878135 9.760311841861535 75.206041622475368 42.458620755852749 90.735140713138591 50.124984624939714 20.971856835681002 72.358721048593480 79.126753165394618 33.453453257057134 38.679403776726659 21.159864032755216 56.647653303903290 62.992674353477383 82.025329258384588 94.126830315379678 87.787258707016591 4.481854739939561 94.041306128815393 94.909079145839968 59.770926218476660 12.765872484417351 95.911380335043475 28.176561790584643 1.036305433597651 53.408939175217931 97.413222119326718 55.029226031737707 60.866113485783956 1.803050778045701 74.503547826266015 59.200696974446011 48.664706876136862 99.152431525133110 32.058541465760470 78.949413984267508 41.336049622697068 81.850527767779653 64.703888501689903 28.671514666189413 86.346728913335241 89.806394312880158 9.203599995209743 82.421309816522410 36.156035610317552 7.369021043746482 71.240957614949508 96.797674956592829 83.095205286534167 77.685447438636643 43.361236415081272 96.419102122774078 74.456199023426592 64.403453343396109 45.513431066369201 89.756608866674497 97.331608523202902 94.969491646623283 5.499041402156212 17.154386871922924 23.377046832429638 94.054202085842377 83.240075339359251 69.431711312589812 58.624809288252443 70.141501887876657 72.587827437169594 2.070473472392231 5.237372247704608 60.763128895768439 26.795493123543899 80.961578957275776 77.634420262730330 33.950979200527577 69.761209356233536 66.498259602335310 96.661089893436213 34.027515835105170 97.400099825229930 12.008032195825379 99.240421681139381 77.570297388697057 35.448615061815161 21.954318789772444 92.015131774268383 70.544542767421476 6.378896916560207 71.393623882732101 2.746171545816067 5.690106900369518 4.949343505659821 97.213288442456886 60.813462973451806 19.087553411824366 20.990470179875409 92.102738073352711 85.358842562345671 27.099167356153821 37.874384738009162 82.137760840908584 38.071105091659852 5.051099258737112 58.820891667576902 93.300146436128017 94.143933931164796 63.936847766552177 26.552778010334698 32.496905392452746 52.115812980029204 19.360673249080040 29.410453641607226 70.351259088313768 84.842852911001302 93.056192131744140 67.495536367794188 88.578312461495926 72.402004070219405 45.469408498961705 93.092621119522917 32.364257416025069 6.415094931124443 98.791234875419704 39.433391825547247 94.881973687306001 1.680663939707350 91.421904945629862 7.816621350724818 57.764242557960003
96.601619642950965 55.438880277221656 39.080500896703541 2.864311393796426 3.982538656293588 25.459391343949967 2.938014301305047 76.164817889521913 94.894631523395461 27.531027109587569 93.552323861346395 51.749163964955223 22.926033765256125 6.010828207116936 87.050023473087322 51.072404450992970 46.823025943310924 60.594716609040425 79.432781533372747 36.898540617881103 98.470126829156783 62.792238655171076 69.565888580672677 78.996278712734465 18.332845500645234 15.133799852023799 47.611662500318474 2.329464630921629 18.930436375833981 33.142928477012099 19.337514793636668 6.310143167662707 51.942874986182652 32.942559393145785 50.756339992679600 99.927239942505381 2.041220071890770 29.426169038326723 48.028967268116396 67.611942881401362 34.982189393912158 52.038120275214354 62.962146551270656 69.801317889902847 34.464018294125289 74.624016485032172 17.521858729165839 13.032235986350249 98.089524494723193 77.592999409192103 41.098764494439102 77.020814067794348 10.975708212974045 40.481218847046286 60.950132267621605 52.737327457198305 24.040995968341239 77.730607322502337 46.848147178466995 22.328651752586371 17.748385001624246 4.544331714668226 53.985713558722480 5.124504520301953 58.533500727042878 88.805842275815607 30.188039239377339 68.753241117230672 27.781001240214753 53.576702005560776 47.856079133849704 47.121450597841907 49.147946718059409 7.204197162596526 11.689924568110877 86.157647648911663 0.876161005083076 53.241343251380393 94.201379954609592 75.239572331541197 45.261050557155883 28.678421258654364 91.205835388021271 4.099371884882153 85.489464439522123 76.659005049197148 26.863501843566905 71.593028922904963 96.007482434616904 45.809544543806226 10.701381151610734 28.498557935301594 40.862218852202318 47.574058119255547 43.319801043342068 56.337616153014956 41.176250267845447 75.373143561518106 13.108042318081514 45.909360304834777 83.844168136876590 28.514706021103109 31.075720178650879 6.567309181694969 64.470574866606299 70.129350776900637 10.408343684304256 15.906102382230113 50.549712503235568 67.768207365506768 17.010234060435025 29.651013219750276 13.958316812790061 20.861050967077698 18.622980172480052 44.749404714921880 70.246922457447852 72.969283064937613 65.442806558640513 11.495414018547701 89.333526146431240 11.393151209088037 15.388519476722795 4.307004591855956 67.859205054577203 65.103354834301030 18.952336883601383 1.986405556354942 39.014374969663365 25.516306353493057 26.610470665287554 15.597423978968505 20.240560975527757 14.449731339892802 86.904602974772146 69.507454724015929 35.587796184983958 90.777771333351069 69.071569549664872 13.259592741182091 26.453937694826170 94.012676735479943 98.594361857011677 26.850674924965446 58.549064458366239 76.358398476960659 28.305697592853875 47.110769158004913 60.752883876696096 43.669837426283330 61.022705353243559 8.889793137748214 57.702727197720037 48.002561627703088 41.644287215960915 80.752890675747963 46.922604956026767 6.199001755729938 26.992791470348585 97.840897265711661 99.144462504008530 81.895129294434042 50.567194930315161 34.852599531253873 14.684773549995555 44.601867645426353 62.444303071395133 95.314236807324960 47.651852145376516 88.053202665992785 87.126354383577365 87.485554365939237 57.600798483121892 44.375544453925109 65.464768492552324 77.810589303052197 31.846407920737551 62.302102374106894 65.866123006292355 63.147142597140679 65.374953805891096 11.025458960597712 98.085032302519650 61.776909725636187 91.663715019472676 61.284115885933510 56.942867465844380 65.318318231709611 49.400802354328292 45.451467180932156 48.749958915350369 62.417114874386712 12.114499054920191 3.368868539504977 42.413731399756685 65.438302564289103 16.709680255281356 91.416975249027246 43.577630292751934 3.610967048335245
36.566922745362149 48.858612583427650 79.459411791020642 63.997255309224180 8.208567873810912 58.348071101583812 35.630584962409060 37.318319276673471 79.799726492989763 35.326326469464739 21.822813470385327 62.726633811958543 11.774661643391449 83.952358407351511 24.456453705140511 71.985241293947084 36.880905165234083 61.750906436505396 28.401842507989372 19.295671554937233 75.055380429959243 9.866392077667442 80.692687444840914 20.838747834581973 6.990857522578442 69.197732766776582 14.466860496852163 88.987618125590330 87.396033368095942 19.214137323247115 72.523748134291637 46.835451213984491 33.542532911294565 51.253205994214035 49.963258495913507 70.099886696628815 47.631632377390346 26.928247337715138 74.798671416392011 42.720282090016994 68.393495924066329 80.194234540387185 1.843295851078663 90.500859161910597 74.910395929389423 35.599649674138590 59.997149372253766 40.266486358112061 75.596606431756427 14.020470941898544 8.573660841175545 60.548091314220386 97.313522426222036 0.084857174685249 55.106940121863502 13.381289287826482 2.740179684618216 72.380385452758475 3.595416602441082 87.421673285005781 42.244073696443387 25.086967029963368 36.121867064583860 8.385915565406155 30.117341231850560 84.642304634519576 68.691577448210978 10.053620495119498 40.402275064592175 80.781300815504579 53.867924304782925 11.171856913935695 9.472071526946058 1.981926976939130 3.000477867583906 45.213974629737407 26.007092600334026 41.471757067307401 99.928081729755903 33.108450904132837 74.502645097303002 47.498957524043838 41.656848820622287 56.497637622075267 73.218777667264405 42.572539543740149 43.020138413312246 38.106537669004723 36.738071329555041 73.027509460617196 74.491439769397218 85.088932557899696 97.586413118977006 51.315918821034955 80.959281883679878 91.313218340392496 62.677797686555692 87.620696890144274 1.987879492028355 73.774894652023889 36.374670701627331 6.526942251785107 43.150068818014567 9.390740433953349 74.619775489021876 26.900315858952329 17.985062428460395 66.536312169412284 77.442488060488444 99.791241212295603 24.774681995235259 83.254039555744598 16.495397298848779 50.673271181062049 88.288495872840016 51.979518299699592 28.899271102586965 32.565458373144892 77.437662791407618 93.740241290561784 56.481706099672159 71.697826565475438 12.676231473806466 80.201150055751810 72.549391376662101 81.939548456162854 84.209037876863974 53.506289868651223 35.832222185300644 19.804712908095322 50.865346849167757 80.655601457331670 21.302912360975000 69.038367158114085 83.800787965263780 29.741672732870772 26.805668845368114 40.161289895168025 45.653674820383252 4.519304840635741 33.976322685601104 17.015842631429411 62.647200163506753 36.460103230380405 7.060080350586895 97.481715267554193 15.844270532500248 29.002970641251768 82.327716899761000 53.144649982864131 41.896713655933283 57.666696004117213 16.800026341148310 1.384889916655052 11.413815984379550 30.038246857739569 49.447617210951456 7.679760898251953 46.538029054148453 8.392710679839155 76.538204983384560 77.919324622588604 93.528952125262066 71.428382437711562 77.446078679206124 85.203543766165865 55.968212682413466 46.619308395975033 6.377298862233626 98.875912661019612 6.940746770908901 43.632138002138113 61.535296373816820 20.027196058766926 66.785367294437293 17.917967927258928 23.612177066503094 71.226496099210650 90.435585315147549 36.652689917218815 46.645492259281497 14.881104452151616 39.995807808900373 20.427101216367106 8.386670817252885 81.144044148018523 35.121542231275448 20.623142464445198 75.289779795759131 94.166891334711821 18.819481057517208 23.423701485219350 59.068174552487527 15.752146054629733 60.956593548598370 4.546480089583838 59.380691118616355 2.579850667167860 51.348236609373245 6.594568869035500
89.235757300818847 46.780953647350302 17.629622387877664 0.442865177842944 27.855563542661375 44.431550934994149 36.575688566643635 71.364390164916117 24.354104702973657 46.913569221360582 24.421239963436257 6.667218163277077 24.643365007200245 28.530212807577058 80.420207034782067 32.740432318595857 74.641456630684161 15.492355925558687 76.625791573128268 77.623414772372342 5.924303465639102 24.255060995472967 55.203699021547713 23.973891895213072 27.385539640189048 43.724466374600048 70.960639588638884 75.078533095680797 29.521293228106572 10.631118665501349 25.516932726190721 33.129048804545604 63.780560134172106 61.937560233853574 19.442228624962745 28.884337989418096 14.913030610246214 43.418748662834247 93.592153025662654 6.676555008585794 63.380725308249339 22.586214911818047 31.426624493805043 8.874584109015149 84.607284397608012 73.660065119072755 23.678614542569520 72.514109939305783 56.150842321094771 64.010557427984111 46.772074559662599 91.667395913271591 35.278784549269183 26.884380606768055 98.437547395577639 89.762364984503478 87.269985712184067 5.405283850888043 88.580874482201480 57.096060673039354 22.025899359484391 17.133109135536795 41.874433867511939 88.279533063062118 80.059696677349450 39.941120074400956 69.137308640592394 9.946799748795311 49.438773181718652 24.305236539816910 50.971865521101947 25.369220327148923 19.133460410848656 22.069956066087414 70.257517157994315 94.437234318809573 49.600938264896854 22.120592614470247 92.972480103501567 23.642864064940873 79.867045111715740 14.455542278310329 2.388931591152710 65.043277490841831 64.267577545644997 73.723047113227452 47.406808759930819 22.601961549768902 32.812151861315954 22.597621873143659 0.080891406016514 93.772253785498478 54.995118564943446 59.677993828758687 16.277753763547143 97.618888577026908 68.839639770225389 45.288127027010439 65.606315642197188 14.976588595286323 8.823848322980110 16.764679134554228 79.967148803330275 63.112785257586324 11.774395350736011 68.938675007443280 36.935376672725418 2.305239859584152 59.439680201662334 84.026010009809028 2.232050733586255 93.922041837406240 30.021392761666554 12.155598431739801 78.910597591707344 94.851684644135887 23.983656674732746 29.792879169746399 91.382291415639486 33.323672171553945 63.524819665248074 12.154727882705540 31.967209545961516 75.233231939615976 83.550938649826833 73.077806673581065 54.727475804250936 90.259216310389647 91.049086321159152 40.909491637041320 98.556041524039443 7.862547171900336 57.270734953362599 66.208046020867073 65.998766884462611 4.243186402384779 40.870226184923496 24.432992839101175 19.840243964110261 15.150761578764660 13.275667854166040 5.980400885885507 91.356364645855635 87.669128317225528 87.371840393612814 88.050150241378802 62.468055719279604 93.859001943991288 56.959770520641229 25.399459190199323 78.490154909741889 59.579312846002040 4.320587245480967 27.236367954542938 14.771726283694919 25.374669554749786 11.858729595613893 94.128812503133346 73.096636390609390 27.120307794957689 50.637994368899463 95.783477623926274 26.506748641557675 31.715789959464580 10.070375983748525 94.072063022612397 28.992771384798910 90.640440590871904 20.600987246978786 44.507824049448629 95.583477304496014 93.104802533555400 70.396179185109276 94.846056343611380 35.083096613614515 40.884003134269363 7.706534443590152 10.899406270454781 37.679128506225226 2.464065913337166 65.694643026070153 23.520946885315976 66.723634978919392 1.222684193154622 63.350170753207180 75.744203962224077 91.631250572912791 9.302280144274155 58.274345687662475 44.598044083005270 78.201450041941285 44.542380761245546 47.340771387290772 47.634123109162331 55.489999127453785 10.643733907613239 55.984143823250690 58.456241640014504 88.667902004769914 7.831531239233347
65.603274988475064 83.353832750890646 20.276168372456837 23.755771221441602 16.921618358609614 12.477740110231849 54.497251219500939 62.240788561669014 72.556377762759467 78.624964770503539 75.561529905953336 84.567183058358836 84.123569191103257 4.571579103664614 9.418869348695614 71.516741424222090 73.377263116717614 30.133449581057292 35.806353615482479 22.482409957550953 74.905647530290580 69.869531617561307 65.307815303439426 74.837520242431879 76.834508842158229 0.166829605401730 23.042732002316026 28.877054245988877 15.865876788700483 58.244836376872740 76.477820511151094 99.677446897662307 50.469074788926264 49.390703085196087 90.274954672900591 35.351587558989763 15.916562305935223 41.863883070741757 77.684983802836811 92.090651275875572 36.980461385487196 33.719339007686109 22.805299258675362 54.541206277226507 94.127795021413576 26.015453177196047 0.323770744196816 89.805662183780512 63.662175603949919 41.576573883391767 7.284009208365372 87.695458875210576 7.112743456872561 1.591804576761269 35.207409202849725 35.685752444209861 33.223293086410230 74.677037945969488 27.245255142640946 34.645336891685730 86.446878121121955 36.964289470241241 67.835380458278124 10.440218948603441 43.319709699696794 89.932924578874321 93.551820797087998 12.956323695071692 37.180267257000978 6.093650117010030 85.497683959446391 30.441988529470144 56.269545512284267 49.565892308522649 34.717763444470421 12.237510595353562 89.705069824206205 4.113776518178325 82.811356890727367 73.541008168976973 64.832186202469956 53.304093378418827 81.927684370714545 45.317595110571062 58.751722559071382 19.876706559984491 71.254610272757731 86.781211455546753 47.467349652109249 90.807986018357582 30.756708937033196 37.388180856224963 6.207766117966118 47.744916801114769 49.632280391377861 45.781505498862337 62.896394247274003 58.228974838653556 52.911377246443436 42.969647732154328 73.728458589247651 29.760962509151000 16.931539187725299 68.896282222671857 52.131862095429767 69.110955654979605 58.823091797541736 30.366544209437240 70.369718919602406 63.452495891117181 79.542728946882292 99.185387971233212 66.073312029934314 85.094709604633096 70.088080442672108 7.183538916221089 24.521296236047586 19.986035655429468 8.364776634137328 85.247200036608035 7.260308807943350 77.352478124062188 69.843340353500494 51.023005137556744 96.939417087808849 12.320035221501602 71.661884802028979 78.642505357615320 61.548520245735027 96.693976848718975 80.077100259374220 92.885764688632847 28.095968621244548 27.122148161126692 93.742945362515712 46.541925074662579 12.144066539851172 32.868770807577462 14.818813964019295 6.215336254536763 25.382263926768800 33.366441264295688 65.474942027275915 2.216366676337378 90.626277766849398 50.729122720743433 87.551225212224054 86.861624579056240 85.567522065333193 22.596941034158235 35.708317838186801 24.437513386721655 15.481784146831645 30.737691882767738 15.341267109041590 93.467337017314321 5.132817710555527 0.530525502663526 60.659636930280250 30.733044042251745 32.561424961448502 30.722756934081463 76.847144550471143 40.733438592272208 91.927480373201860 44.220280926052169 34.902992740335250 8.685223622992789 57.158626795762224 4.478293697973735 87.070337102513577 42.941516105872005 53.776580700089063 81.426547793793034 71.358354037018572 10.562610560586826 19.462541102523179 57.478815411638386 65.695099478948450 27.019159181840568 53.820731871330842 74.968402384090567 55.658687570455548 49.568033952477009 57.416013070043739 84.639182828358102 65.200594638526454 23.392287439556249 85.001690230625826 24.772480384151340 7.231906328968629 26.437971589776012 44.239231383203482 9.229976411219765 69.575789760750368 3.524879566221994 97.505858279232712 87.507534223134925 98.708000560920027 96.419339107245207
36.460039469210834 88.753361770570763 74.098385022791945 26.176192374453365 44.362144112627014 70.279369315838622 89.704073593693323 56.268352167038046 16.241668927589402 45.519914730976105 14.442961164415191 2.186223409343013 18.364489658504034 80.737096206612037 99.420947929500841 91.099419656311255 33.691995997955139 47.875928367742958 71.864706144221557 36.621187166835490 13.260957831196830 55.076521103145950 27.349764340073492 61.415173525469427 10.600163245184046 43.377290543187328 78.441662942842129 66.083401573934580 59.716686543750782 85.444995637261684 52.982359629185019 45.758652432492063 78.492917430500597 40.053309425189042 40.557519214826385 92.416601715354346 54.549614809307414 5.758754319888915 33.335897576811526 89.539683366348243 97.975054077951953 22.061246013039792 97.545366906768905 49.245361510028019 22.858600566479392 21.235583162869766 34.842680478419318 97.218401142201799 93.492448555215518 99.488378829111340 33.249702349448008 25.822967578214463 85.843902469402551 99.178905311764126 59.803679215246994 47.103270644644724 67.988209145953206 29.504831684632492 92.183239875919654 43.400399810338129 30.317316273723648 92.524904812348524 75.006828668691099 95.401985929008447 74.037625315413962 61.186910117084977 22.046812767158674 36.522678021006186 59.539062015574849 29.508341974169440 59.504887680970043 90.409795571981945 69.894974173954438 13.409101491694408 99.292705524553114 72.013818946085877 41.712080371969975 34.295302066599866 47.918054416521485 39.983018711916031 85.387444831428596 5.045067053699581 31.548919620489070 43.173430839693808 29.218099508293673 85.372782545417024 90.157252634564955 23.488635665233591 2.630894494932645 79.491288889650846 22.405925848632958 31.097867748938835 70.933701505671422 62.959512385947122 97.143581657888163 21.140019909315189 5.306123460868695 99.837601861837342 56.261553155330404 49.441396389306703 13.333122324243885 18.847821635629280 3.542780510870835 38.666490073825365 35.838189453542121 84.153157855865985 39.741868233638066 39.847881740217773 31.338081606018310 64.621541905835727 65.745591804360743 83.058514848872491 63.019652419586514 35.410962543018442 47.609167111557028 28.219437714092209 36.065076443425440 45.670996579047070 25.569009320613446 61.951130754621332 78.482307843123763 44.215313541577181 1.664490962706233 39.317773742431363 17.781523929225617 85.720050373677637 13.070744818441970 82.209499842099021 53.658083445183081 35.325092520596236 28.936253440304270 24.723256440060858 22.627537634768679 80.807274493229201 80.054080982686799 5.631053439941269 18.332356693930763 3.847285661714317 78.977139397636108 79.016679578343627 50.050594273554481 68.159924899552223 95.196175782405192 89.722522819766610 42.830646129694202 48.055211268021225 23.582564574825369 64.408160691293261 8.115318907931812 82.238942306145603 57.641605758564438 14.332367704956461 22.257296780629645 96.821260086964884 94.685247543651556 76.658965261433764 87.966095791478395 4.332439625989037 79.806736144386704 77.692079095105839 61.788095769081743 56.025394902545585 97.487935133190945 55.367957839836734 99.370822638878337 11.835075440200637 86.426077888571911 19.819836076577204 82.748124006593329 65.354601980722023 46.295229227304660 38.168201765780807 72.771710650976175 89.452002517203439 38.869495690928410 81.559075707625723 55.065785120751912 78.120777296276074 33.734706601651091 89.256622838954485 53.349664406091271 87.077325372731096 60.804916381793802 42.503410524155818 17.292270351093020 20.422427778308826 85.734589287555025 41.417965836154657 6.387897511435914 70.451910431526869 38.281371411323960 6.644363314963120 28.641341620503134 80.614096279995422 92.430054575236127 77.572254141683487 12.360587660386535 82.276912355716689 1.518296215017434 22.945977340539624
6.992168762415963 48.604898502578251 36.827411087954822 38.135651460063926 82.990821170466035 73.371216843865753 47.337426590276642 81.337723453191941 31.126803933192214 7.981589503677600 76.815740771742796 41.263785449940293 43.773074604411555 45.151202993418707 60.447803255063050 1.291955358374330 52.902011816012461 74.543122949328108 73.335536490150872 43.949834473785778 26.287608064568737 21.475081414041686 66.722129216543408 67.937276314042151 14.340705066631521 5.572633759351032 71.369017551117537 50.893105875176893 84.051628120878291 45.707945933195695 40.177282531625025 17.177222573427208 1.249190091826557 4.852622199658962 93.809563116708546 30.490338762841638 14.851931521299178 27.858782822471582 90.166930868669112 25.102036662149995 81.650974535515360 7.062780411435055 30.703400470990662 40.750967229036526 59.466791544258868 65.685702997836202 25.638059741859376 11.823850429924187 21.758765960401671 36.235062010874728 83.887992124020343 13.993657514047996 25.030409763384576 93.315332234488181 45.974913568027439 68.476746724002709 45.580067545400240 94.317848379201891 29.029596216813136 29.805224162186484 50.668023031813959 87.563125779722839 0.262699059251070 44.877777501728055 85.567843641133024 46.176126558607422 54.591703735992581 32.485986965039380 60.894145282385196 55.830952577385631 39.977685996097101 55.029581672295393 55.320655190929294 61.331534464468703 71.069091623146349 90.107158809103353 47.344471463006180 15.206983075402714 98.431565583572763 9.543398986891049 96.092569671745181 97.272739332539686 62.241699956525210 93.741826905699227 10.828449778828286 81.874876821834263 60.413603872200753 62.910220081876787 90.556625878359071 87.919245106912086 80.186261012263344 4.286572301348834 88.351133403295862 80.457075316712732 16.825096995478141 30.166528405681625 50.640881363696607 36.058168231346798 95.416186654969678 36.427219232834375 67.118857384081608 37.835463143712111 90.322980823155916 25.772934380830804 13.896018422277134 33.527225480725342 72.540834402121817 19.908464911576253 28.593248198748100 89.883759731650599 40.187651056770910 99.821138667799815 86.110470367626547 81.664628648905676 44.588418586495607 10.356955261835965 88.434748455226384 16.605927826991550 27.077062663522867 62.487709734654594 75.917769815652576 78.536220864591115 62.998914575511613 95.028520078799744 69.481482316052677 6.594021060228661 57.947912187461803 14.407545469903550 48.442314555142943 0.462719077192442 96.022759179280854 88.196311370357876 53.746936185849556 95.838897071118694 14.929303647097282 64.289422160093395 83.666640611666395 69.957930440228694 60.568836884947828 87.794372151669819 28.715028923867404 36.422971540892249 97.702803654472774 48.259652132829764 33.419125112153822 79.756296349737937 18.817150996630982 80.492522416246146 62.508195877429884 73.609539306089076 99.231964500619085 13.683221067383844 81.729806226753439 93.001729020853944 22.808092795113822 5.807991159178716 70.182527907782514 57.409960205704266 82.212726844844624 13.541560866320090 8.244991300228266 16.270438158904788 35.642285487380512 95.127320339154068 33.987583200773351 65.061829182862922 49.977556880268473 77.317620615715143 71.821405462298273 27.782741848671002 0.298280079067681 29.258995614129102 50.038441407516920 49.803577972417138 51.132116950483052 56.603067842616660 41.878197048250165 61.797322142177372 4.454682406758936 93.692572666519993 56.567159003955922 96.230778573058103 56.584308378334114 16.116817565483423 34.531398618004786 95.888125202343346 63.429306968966429 84.865330339735266 75.948107460503550 79.729935857169238 86.720220988894809 33.401519549916500 41.824111244792931 33.711816103365209 11.661115762894825 92.651965392826497 53.196066883322523 95.271586026885885 10.002196947280551 21.771845348779696
26.686701515780687 98.500017751783702 46.113251013857557 42.827974408346726 66.937328967469512 29.098773141910041 9.129719727755470 73.303076411478301 45.593465693191519 21.247332706470456 33.770089775635334 51.739715890899227 79.564415204154969 29.341046741557708 16.454942758206180 97.398277078550493 59.001935104577065 85.037285518552522 26.376660135000396 98.219634609567350 36.653147018840151 66.221985207984389 60.618267731637978 81.050840495150894 1.189364987293351 34.211902743158930 64.289041688212080 71.272609402142947 32.210847844296133 63.815470738507699 59.134205821407249 88.448654436994559 5.836213159470882 34.301808561251576 16.410675289724995 98.203629756897172 81.249913396207333 30.987424834601384 60.546262745923208 76.832207565014926 29.888639388926197 75.700905666350977 38.905916973065935 59.374331147732477 43.076057339234431 23.656597194654349 37.165474394661445 21.695852262516645 32.909680952355515 48.036949372012685 43.657714683812429 29.868684407987455 9.734865722048603 44.753858500502261 71.925610349518450 53.503547460673772 64.254321658391788 94.206004512193857 85.738698067534358 37.598774812334014 41.779390653382485 78.984264339451954 37.195208591197591 31.757577541483172 52.090386996058825 9.745183469029616 13.330947245061985 17.202867656496156 55.484012376686096 16.207976217387841 62.267981066765444 26.839688262094462 23.088974853484988 6.562183171529057 73.175969115495150 34.577279196099283 79.643939756939275 46.506594858783878 92.064747830917497 36.398519553404718 26.973437000803525 41.320506269053361 10.809760682274383 86.903877432548455 96.368191921439490 83.095978016436845 41.525107371923163 56.648441037755873 32.499893616592665 11.624522450787833 38.171121357628401 9.114463408315565 21.974338754030175 80.585192153928730 69.634870068003821 98.099400514257383 78.744366926765792 59.924068019002910 44.037184216170090 10.860127295890610 8.865391666046751 84.336970431025577 27.814452889388374 72.468352243213147 85.001343091953984 55.803026292054469 35.086482538084063 23.151711420081611 15.255838913757758 87.527433481766323 63.092205760613652 5.331841259086234 7.730986382322969 97.079932850970536 16.737466828181081 23.308737618361707 7.294335067242342 76.226043771426262 97.902714977026520 1.301312766332474 11.610171310075835 98.478482273419559 67.878548445600956 20.398415257273030 17.010548122878266 4.301891803506597 68.855626437536159 39.461388775626958 62.036155600171305 21.880325545369395 2.959149225870816 23.659490207861701 63.050193307237400 97.012050008027202 90.709333656509003 78.536333296718027 79.416366104755852 17.406935537183401 30.033254815338573 88.081096474234684 6.591471037575658 69.789082206290573 12.213476361272024 23.228834112816145 42.633261923300793 82.233393815079197 85.154637337099643 78.562374966974545 5.492864811830634 67.054275375861451 23.657776441605705 4.462192515340934 29.605814112194693 54.711117593479088 5.374618804825825 82.157472838909669 53.247367320986513 28.696837149921851 62.116904333346149 89.762834463641425 44.804306236184047 32.670189492875181 2.729120205522428 22.498710697666301 47.619630444912850 46.410669007310410 23.902354165908470 47.203917960616117 32.785174559683504 17.690769407046336 82.889849184049822 87.521002145576759 74.246341030938282 55.990993100056500 3.261061604562343 27.044236211358864 53.739160609692469 88.152517903200405 3.187197995304691 79.646464330362065 74.731761999991420 44.559034981368981 35.782400556204628 46.597570533359466 90.466881144356222 36.876565093364952 84.492717901124195 50.168580923457498 33.700093644429309 40.591127597420105 42.024472420383574 69.097461256501560 22.459625431534768 12.295267337765791 64.288679529330253 93.558037710302884 6.373624398944965 8.153033784375040 27.775071492495730 6.553488262464013
88.833609511098928 29.307378281830797 59.999732328099100 0.449971663244919 1.460347800407558 99.519732989754402 35.357813474077126 68.296135870342411 77.375130484787420 26.768142560917074 98.131089980727651 65.030600352419455 41.148706993372706 3.035476471431053 21.227118917676513 55.380620226617182 0.707394646201209 68.904754162566974 35.593814597483721 39.974663002206668 10.449601465885072 99.234107775419702 10.650334485243340 28.119161894441191 93.674395976635083 6.381397078608176 35.305869385818959 1.385852309836921 63.632787701305347 66.723063509969464 64.780226394783739 7.892837881020764 11.298823328979113 25.889300425123430 48.554462538418683 99.147944004055603 46.847685590383946 89.416173977842291 28.200369995310048 61.152319354527165 50.584764113431035 41.266458620230850 0.205014593927699 65.723616437080494 78.804751580001025 18.340822348745199 17.177996166554454 2.845654704940415 36.418911987968059 91.672457613009740 44.475581831223231 13.054039101422109 31.673929342887007 68.577633337675266 13.626946008712249 87.537536363792327 78.785731165418738 5.678871851220579 21.660658602097239 54.726859926793736 8.831183327963277 27.970815741748378 37.108982548990845 92.789987423632525 74.182290945994211 74.386666759487625 59.151996626775627 10.107319590044950 21.611168227296584 56.294689822299318 62.301716282000676 15.586637433857076 50.796588670496803 54.809307902001848 38.539683640959446 54.114344333014245 7.114819802065552 0.141884129710446 88.021404667082223 3.610065015353725 82.220559405918607 85.239391209797972 16.966335213585349 72.369417801676619 79.651689535692213 21.781342287948245 17.982554985542819 11.720801276264281 32.152201096104285 77.324388870901700 0.457091957032763 30.477026449615497 59.614647203578798 79.909376585251195 74.786402457086979 0.537352013354109 95.692244040237355 9.550613410352938 92.522380367419828 96.462572400030396 15.090138159170285 34.725213043467441 34.465513582494232 70.196153682730539 12.961661314989392 92.353675318933739 96.436877168431920 88.049656784858271 90.679304349138704 40.750566698641592 51.752456005672308 16.758251734497087 81.346608738416407 78.398359257516887 55.321583595404000 23.968819071212188 37.895789160851642 87.914639666766462 3.843752310134674 99.721371539484281 33.060957787256719 52.749750524937014 1.078739467340395 31.964754288494788 12.100582246213065 60.030744547613715 51.175263934306393 79.055906806573461 17.363471077129965 53.806322323845166 13.968664596078584 85.006366950884484 2.683925552335698 76.407881001280202 6.223639784818258 24.232776294994483 23.449934950643382 7.855504781071598 21.280261830296119 8.708089424807607 39.170127805245393 22.012242646097668 15.602277112784947 23.630900404861443 99.877749758155133 40.177992154538359 86.325430603066749 88.074445220208361 42.670339001323576 87.512968403932447 27.909763678471368 54.493178233156399 34.930326569898639 60.767051532206175 95.652251166414430 99.319878755408055 83.135460878189889 49.967624505733419 42.361783469988566 74.870868067183096 20.952934524192081 38.301793002159954 68.473865636688075 6.921663943814515 46.291062650563994 50.256731602331463 10.781499372982829 5.935042828152493 53.488096234809113 59.252356829062727 79.064056504125418 3.194280613133427 67.408580453567197 43.949922597380954 28.586158520919057 2.458519527209202 49.199875033228878 27.776532165632027 7.563568762112216 7.190686045755024 34.208775049585149 83.292269439719476 35.404998906874773 59.297772587975942 69.733994965682783 40.913238854849197 92.855202975486748 41.984351882231294 89.227716523585926 58.188112154645211 74.172830563544323 67.649114965322539 7.171679754421589 37.825673198182422 52.083605366047834 52.374721304762694 77.705277166365789 83.110951606412470 74.105795524950693 10.869693455182416
26.733263134332962 11.170175787346393 86.613875443116157 22.148604392324277 30.746428732150090 79.843389937557617 20.430572394577663 10.514786232734352 56.896363924304794 10.430317150685687 71.229015460569471 73.637746986527546 61.210409602339880 70.117439429837063 29.673925764380304 78.747966895043461 16.040923969045316 12.683275363331159 28.296635943038829 9.607788504573222 7.131916209079881 32.221333498019746 41.778100519243146 48.496052920060642 6.250099780327323 74.372584203045491 35.700622133692391 57.098081868633223 12.716334982783749 77.374110139049151 95.412850462038179 3.622823132230457 14.592835981132414 67.837148294789557 83.237672794559685 31.238416848490846 33.039236773415539 20.326999693140134 32.173140188461183 48.036201832107970 28.283147738033033 96.735126697035355 84.712662713308461 80.109797899149925 84.381290443922424 28.006136643424128 22.060173628564648 10.529332575127127 60.569385454661919 63.694227486865941 59.385816192283549 82.219961486610686 20.432821086697427 64.569569747324721 59.496690404923122 92.382447236968119 1.395862415161775 94.887980910322312 11.427147551302784 62.479276783591395 45.429080905056196 63.090327707491767 2.561209943625509 9.290930948053521 40.137877091270134 48.824875476614572 0.302622191413426 99.281985146135156 19.921957692605041 82.729618713807440 98.926169551265673 33.193962595196034 84.651877724779851 90.703587951125613 58.778215644595257 13.398390395780424 2.404432325395023 49.110461113545291 3.715025452976028 34.184345236573591 58.984836102827472 2.359294579878568 59.437975244337906 69.687620074332912 88.050089146814031 73.162793339662088 35.956805080101887 24.820931720418937 31.097943905245053 45.090708760167097 83.049498672183631 12.306638747945620 38.111847366222605 1.746417221486551 8.454851017596743 85.611091846990078 49.080475484452336 47.674676895864586 58.186365522930636 95.436012030050861 12.048914350240880 56.726683518813871 4.740998461275603 61.520232933518336 53.904227923108273 2.084643456032020 96.666213537468835 12.023164854228007 14.421358400478734 3.776529426476727 13.379020770810101 64.021103760676425 49.855273909535867 8.033580617737668 62.212645291516665 57.167541384328743 7.355050526275752 78.811226565564269 14.966311407118537 82.725309663244303 18.200795391967706 8.835772979780055 70.419608558598327 93.502453259359427 11.976230447813885 33.929158293930314 89.540953184341092 57.902424317184483 21.766074451031670 26.993992301471302 71.606078101677426 69.437954635145246 76.376987555314656 39.150547225567266 78.052655846984692 0.956302020181266 0.985566476313571 88.011385064071391 79.738105047677877 81.808061217325331 43.081630676546126 17.869531113731497 16.288797808174039 57.574164609484725 13.344219929801927 62.721711385262523 53.453455038367245 47.380078986759479 93.679505672328602 46.697619190768670 37.481618329931543 92.839955848649154 21.231587025921851 46.573037712462948 16.091739879040269 44.097815126258631 5.177339737864484 29.984461766705628 57.611774358611513 18.074811157126327 10.294201653849633 29.742021013159693 85.185985603793739 43.320254360937497 47.037088355215204 46.702384872876749 79.312264101817050 32.240564517343131 88.037133031531852 29.540793656482577 9.897346185960100 90.146455469108489 90.966590900436842 62.013365296789644 40.490506769124849 98.415159287521732 84.922414996111556 58.498995824145162 74.730520779794091 51.142445670532766 78.083929419705200 24.920175116517918 94.785891465400653 23.258396331273389 9.552326467925143 30.857983825273305 32.982707159108848 11.023183368367961 44.019442111003407 85.924542254960301 11.547483336461328 41.115541241481360 91.352453369234752 96.208548775563614 74.750864263699739 25.616150965813645 38.947192597253235 53.323525798392680 98.929694085587087 73.064642345334988
20.180603020439825 79.805827147606962 3.967562837916117 58.452062557188100 62.438424366340342 81.880526742011597 89.146509659964352 78.005564370589184 19.162014853232989 79.278444577110875 92.089328714244871 40.160236673859906 62.432770540393633 74.451734910276230 29.277097373845386 6.210868788060031 18.081408929101894 34.780569956714423 60.241040874306940 82.888161747175928 68.530748291572067 29.407727846162700 86.179895776607282 43.862329381189127 65.366567359574859 69.410036812812010 42.943383472081784 30.429652599318292 19.793629732342733 77.990055676521180 80.535657479467446 67.007457598035813 32.245557416783463 31.468673182098861 84.968672786612359 21.970593871361210 12.553013675798875 92.524909888726484 28.552103748984180 42.124951636024811 88.930752621907800 53.202375415948445 8.092793372662864 91.152404627384158 81.079684140907688 41.838524459567552 5.748881276144092 35.839396858433425 64.398476416640378 43.925058823575270 75.448577451882997 69.344755723301432 99.683017332046887 24.379533998897472 89.043340952037056 80.888540878138471 61.498527613322160 86.333669124415053 78.799091867743797 54.645699992544614 55.327488352186535 23.070508185329295 74.013059559149696 79.466770069125886 52.806054801331740 42.428524670872669 55.744180127010281 42.606658276761863 15.724978882167672 35.546524153786066 52.146854466997503 16.573436962144385 34.567758738840304 90.509096183702837 12.518187783806479 99.775657140777923 42.188935320680876 51.321095047448182 66.118527440581147 17.694374088316888 89.830981198163570 6.435033630479492 54.154964836632011 21.393545810004277 61.070650399251768 18.275365833854941 99.211230029594205 67.565029089712169 94.986382104133355 33.152758119247764 79.951996455801051 16.502093677798779 29.739066163042093 87.760600346936613 61.594195865073040 66.212614163032825 2.554687269262101 64.607064533332078 6.525825326229318 74.161780643844892 87.082670055944789 63.539179200189736 10.440545080844021 85.880881991973510 73.639314443134595 0.486613007527048 34.753816155844397 92.700059935867586 35.057618430073255 26.660684965476101 77.805204632895297 54.429713882023876 48.348661591355459 30.458110841404807 52.773414611243176 95.142737108954634 44.746348153612445 85.577276541308194 82.042640162342536 77.619421681285147 88.168358339153315 9.487527660767192 97.326414829289732 8.048906688583379 84.022047796601953 17.941642275369507 73.974279614129458 90.998998339879591 45.501397926231313 44.766719874374218 5.730713663889208 21.819376747765851 86.229137059778878 65.759658240903747 20.748680729164949 38.205862544865901 73.827759514436693 46.430972252472415 16.907575473296454 36.139886118738794 34.636099282795882 91.941944433535980 87.320911456431304 62.645545681258696 46.295137093999784 23.853152359658637 32.712921399264040 63.568711302188760 77.043732286867723 24.620438458614579 11.592736620042510 76.052635675755198 67.615419676502626 13.796892257723680 36.851207959793875 45.125022854303445 44.298407077046043 22.580260033986164 90.852609178684645 24.646388046045729 31.560906329493932 21.518892758139852 59.743478785069271 72.261401168236844 44.430044931920008 69.270266808438166 99.373887975183223 11.793887742401655 2.099952300373364 24.980014204201805 38.385534127715538 16.489765821261791 41.889731056065486 35.509766741154550 24.027323438534232 61.613179584997432 61.896711332681008 62.098472471515429 15.259739972715447 65.027176200504570 37.257987751126386 78.444518082811342 63.471425602572175 30.711248034261519 79.070676209855264 37.455686456784406 46.549584922904522 76.247882452380097 35.721740257613469 43.876520575414787 45.706805058611536 97.957350004534192 61.592155012194063 57.259702381574925 90.477350525540018 0.422188644555521 9.509294337916451 12.104165962575653 21.305770298964887 15.764589108592130
27.702125142410861 89.717976896957069 94.695070266413907 44.496811952025169 24.953502609875123 23.303359278032321 35.656866660628985 33.091963412149518 29.448532417540807 4.576189921529128 59.438264563089461 6.548115436667801 3.712457346772779 76.401012759522928 77.961693441447437 67.703164340809806 99.051153144092353 12.615375257034888 23.365687992514584 68.871156466688717 48.767555546110387 53.051085175157752 36.870792405123552 3.080932898054178 51.017216001301868 35.612719252475010 49.090009365618606 43.095476060840831 87.716433151687852 90.875317686435437 20.165888461641202 46.443760560580536 75.238134704167720 24.002273522433715 63.881129504782287 41.565838548384747 94.353324645240065 33.930641571187202 69.553831676344515 11.562320951654570 16.410098916414928 83.791128417724607 17.905270798747853 72.380040146412924 30.466960630000884 16.826639223506390 91.571939898735607 44.758597243713041 66.368868915777313 30.405755522650011 65.142743068392335 99.263358986335376 10.827296207314795 2.979119802697106 43.478417393592949 43.497879228046621 99.304118277706337 66.045708842956643 59.899390773244846 89.251375259934250 51.050674269989052 74.913551035092425 23.824741729531240 39.618301325438040 16.563328758747652 11.745056163093892 44.865281493824639 67.903505298065980 12.595626070598199 72.946010481034889 93.391883894432169 42.710672023525710 15.972580115932844 73.897360884347876 49.476835989801593 85.267257960768106 7.929461786693482 53.434819394283529 27.669198094914517 64.179754114699634 7.360361431844398 85.980396530009457 14.511941439630737 83.348169560625649 71.874392389081677 95.132770227260465 78.606703680460313 23.268976889911475 86.224877171565922 90.002528068325745 31.011275269275028 72.580963337461469 3.552821239733162 52.700102368193967 19.917703039787192 31.635767096245548 82.639783917767460 64.955858744246996 91.604457442347808 5.740298140858546 9.481147695911529 42.689973864738583 44.188260207354411 84.070670351683745 32.335996064793491 80.937823964141629 21.355250179108754 66.368966350510746 48.136377660090048 2.688282357213778 3.500722398856437 34.091058693916750 41.320036598458756 84.521306103359009 44.206750467258615 96.906287150987552 30.053611071056096 42.069200631460255 56.311030375419826 32.823527805354949 73.561494893007833 66.934296195517490 78.100413458566067 5.421729369650463 65.245480405785017 86.442921992813922 23.207339084182223 12.042134258146021 65.831608190675382 72.333604131172279 75.480977140764423 51.927874821565233 63.724141947992777 92.219867811326822 71.915603294901544 8.408367869464684 77.263634509928480 56.036475816402401 92.638490560238793 86.418755271934458 69.770524384601529 90.930720669579784 75.453797729016685 53.542211933265889 37.752553757811512 57.443247866006594 30.831930730300826 40.887728003484078 63.472318625393733 89.919283599099401 63.312974554801293 5.460402548084319 87.119662175302565 2.241307845013307 74.439856988601065 1.746194436956172 59.980097254224653 54.950302512166282 6.036926700778733 23.733548388032975 54.292530836831531 49.546847907453909 96.157190202911252 77.188828950416834 80.012163900863982 88.393687030500928 82.736166956453843 38.547749053452222 60.033853643672231 99.379226749918260 82.813464593228844 17.693305509435710 47.278594443449052 68.031206473930183 91.037881229173124 70.593703905542597 4.996502380208955 92.863305036194490 35.787151506800441 12.504403068113035 8.839961694000431 36.401036666043595 62.736196827419832 88.755768973379119 99.440515205083727 44.819443411147915 50.654446070515988 47.513243542943250 22.520935062213020 64.316337912240613 27.401303745703554 18.373964832081036 4.347568644485555 94.417550531599701 70.171520032092488 44.858950675376995 72.630766375135124 96.340450474854777 55.941054452892537 99.675477311082986
71.670038457116306 93.079441913998835 18.919606905383588 27.026079495161358 62.096948914434478 97.186991427372647 92.252932270371460 44.746118673276825 17.159602357791737 9.182716666447909 95.204459423079541 76.046783447497546 98.346383596109604 98.503379007735234 20.276011126384418 99.204559164412359 23.187111864258913 7.227476749704254 26.938461346673936 1.489390119055845 86.531214551082343 42.166816344841273 85.940744001733037 16.831192814425766 78.698970778693464 69.343206686029731 12.542633564079097 1.375529148339705 55.416499419642442 42.650492179900013 40.760051912747151 34.387819998890912 64.695521202592047 44.795897076533343 22.406701902129644 94.917606570101469 87.680016106321929 5.517988551383501 65.444378518612837 94.189833031829352 42.318387163012183 59.913450696259083 76.042968760658169 14.798938813735163 66.641425262378419 36.382399633882613 52.865954701268755 95.714821508913602 76.108101979387442 72.238784699100989 42.458252583558185 9.453183946127542 22.576578930524072 78.255338035689135 21.843369913608267 63.161771024792010 73.024713363608953 27.191214024490485 29.537077456727999 77.388295944341550 10.058699723335485 45.323893261754421 17.667853845854932 28.303823402848359 71.834054492056580 10.590718773994256 16.930949353842596 95.109080454120416 17.477394095225986 75.672601703236182 6.027810767910758 62.523452256450000 50.389142841685320 77.224797673948331 9.826280944193911 64.747170047780571 90.601479090900369 52.652064276847163 15.275884741581358 61.420131263538956 15.077325641944183 56.208884036631702 10.675155779207902 20.694786782392448 94.765647866816408 84.843979491028961 32.366248131531407 66.630124712224585 96.784031254948175 51.380520142851296 67.680031699903580 78.206283956663157 38.723173408062607 85.823162750183087 6.247220001668497 62.372227510776582 23.358782134041022 82.429504119183292 97.082578228518742 8.634538347387755 27.116774689802991 99.869145526239549 82.350194684133854 48.581539403468391 55.443341285833945 31.865824317645096 60.512164085357782 31.273066077814182 24.322623068150541 98.279686164455143 15.857828418136021 75.284349277131440 34.489425753584136 0.951169309920297 63.098496445572096 3.969574134310982 32.432686237381603 57.261445526993462 10.596516828633041 71.991775947736983 70.103523382258658 13.660477904921741 51.615533819461170 96.585642056150149 60.253397858058996 49.530864119353510 90.580344276000417 77.821843180658448 61.538567501205030 54.100499654080814 37.468729663903453 92.285723823903325 78.265893170543805 31.730179931463741 78.396129216063827 60.566384627104476 62.443932637498044 59.234847837774751 41.104320685707826 55.425451201641508 48.281401107552448 16.570370168402924 80.886270483837905 98.333465199146048 98.662398762287211 98.733865431173996 13.164528262420971 2.510218477366144 70.178499085051797 92.349795294059817 38.517415939787206 98.293127171223631 79.053545739429708 66.095933040984235 78.056569876984554 0.372476637724284 50.149371747449514 16.710259732882172 1.953806689259163 39.994115742803473 63.854914256606740 49.897309077334384 44.979792489020774 26.600948343914609 56.519552423980670 90.587398266128432 95.851638211200878 89.706982471980083 23.179945981449578 89.124183685254067 74.513606082605364 63.798544949035573 34.273943629331882 29.069337333778822 25.200276602602511 80.369150779350321 45.512763334328177 98.713181654857351 62.936919847153582 81.686616277037785 40.695818912825786 73.370728819352067 19.406281044420503 23.782578091491281 70.434627767482056 37.102134123201537 95.954010601550721 39.252172109001137 22.582104733698959 81.757452377394415 39.050354044423926 0.534266209905887 21.291594735278863 54.330271454001966 27.915010662469243 48.625296637057858 47.269867334511964 34.309613050327805 27.896372925459765 2.274371665054276
98.305244488092313 74.847510861330946 59.933085464451977 39.304839555140745 91.655050077211399 5.244975569536314 16.264027777918542 1.962072596352571 24.973480973448314 65.085189403524424 22.228722245306599 29.836425394478383 49.079748424739854 8.959439911128387 36.894356959475225 65.752170610017103 46.716134458873292 7.063850993682008 55.569881033134813 61.901561565734866 84.204687328723153 25.468580930765071 69.972655901602948 21.311335718660406 30.218818960756465 57.423443681157323 67.727336101082344 59.108539288659486 62.324542219520815 24.365872515352859 66.543338370406474 10.605975906133525 80.670167157831528 37.912590091570742 17.736188536656183 78.197426274325039 98.883336050858716 70.393237333432864 45.284523414941333 72.897543981350339 70.896338386810768 3.271451935304726 69.831520146746058 14.354637971874574 29.080485713752768 29.153948875415981 73.085936435380475 65.998757108135351 38.757028707063853 83.270886923031142 77.933198260350636 28.426252686940380 61.277344059050151 70.597037466909285 9.322629901997082 94.887261619695522 98.789247816053177 92.567040674653896 40.584305510013039 73.767391034817834 14.189734541290221 86.318874952360261 98.134169089866575 81.240082464821100 8.228597087134837 35.818846090417743 17.502142541300724 59.101688242087079 43.901134264608501 47.690656530345308 57.534699689602810 64.978145513123792 13.535675979919304 55.684384582810566 78.732343669066992 16.145355890269308 96.691787451596213 89.434507251485456 47.980835144612421 49.323244600796343 49.635908386093021 1.660747553390196 94.852939363757699 59.853328161107058 32.970464554022286 91.266316434036582 78.273699953287576 71.234656947547620 83.718025776392196 4.828547375794967 27.180481670809055 76.302481207444444 64.320698394353641 61.862998168526431 48.669726844725268 33.838261806938220 26.877086426160879 34.402849482040544 72.325741210702844 69.933607250995436 53.068472620687757 25.022262280555864 23.732851274253065 63.935020781778974 0.894040536990748 2.782619475111614 74.619382012799534 59.268948785566835 9.239363436306004 42.106034493701884 76.130934961810652 48.518263659992577 80.608978519968758 4.054707207446073 59.964399833221428 29.385660439358851 5.916949447988785 49.384140792939000 26.020302224077785 72.889561545845126 80.293943838499388 29.145828513838111 5.504790195294495 91.953809232872345 70.149173099765733 17.344531289252675 78.767345789489767 88.308076392444406 41.115147098652251 66.184774503770939 89.673969655522299 28.475909275358990 29.510578113941101 72.141320182604673 52.353571554983048 18.286400634671431 3.558337309852433 27.209408012121628 60.918363455775605 61.461959907703459 78.098342871364252 82.973795717392278 10.372050368520336 50.369960306749803 86.538147306544943 63.385455010584543 8.054359484965879 32.302279662661803 85.823631358091703 67.687868939167402 98.207564168510103 94.376784162707267 8.714396459840968 71.962126119982642 10.235697494558627 48.410799975672504 82.313192775679639 97.108104140687459 85.099271736266417 32.904885315343002 23.959325543765598 55.177788248546712 91.945981286517423 42.908327835483952 50.952833844216542 85.816492500221202 72.539601997061297 31.479006832068414 23.084360351748010 89.376466044482029 17.257194617629278 55.706695043654683 96.007521053613189 26.217660944472776 55.498199974794957 99.716479661056496 57.543526770832841 12.422512974152989 8.708270071618740 29.337580858827671 78.390077431452553 58.020602827406698 8.617798405573296 28.855707942208099 22.210498511902387 36.206295521111812 47.420156619592483 33.401474369350368 33.884965538651592 69.410673614624059 75.956845164955652 19.174348507239202 83.879354160800531 6.778333838925876 21.529880800257885 71.806184288770254 3.785228687828512 11.327691001838625 40.779502065316805 0.775143028781999
40.938341577781948 11.882646266293007 91.714740061533490 0.890185557829681 68.823127084852501 73.125328096165020 63.520546727779994 6.329010930625955 19.535320895019236 13.264746458573452 43.028337660683157 65.840843472010491 18.171960526793640 84.121231146626116 93.353972289605906 17.676020811208680 52.608318912774543 77.652307668930916 41.609246979698831 84.243455043944081 0.312710807001282 24.068206545862370 65.639708842363021 78.392939564715618 45.134531609000916 64.497562163623030 14.080237782545069 68.006001614319914 50.569302119384062 58.631891751268718 79.902986371962896 75.035874528661992 25.288890195674529 42.002198736717766 95.087636471819863 20.444298204208078 64.597173629317098 56.491278808979203 46.545727593842699 73.583719751619313 44.136200357620467 29.272322054902244 35.699365902043844 90.541176360084890 17.301838139664440 2.719924615845160 94.539745976544964 94.331043724277336 80.145963116730485 20.786394116697505 56.118692304718024 64.775738625766593 52.965945597228171 77.643119010178324 68.306107241268691 85.997157679419146 89.210893234977021 68.710458615297810 15.348600879740882 57.041321139417619 30.153741946621960 19.009660897600266 68.790709584002101 83.593778470912184 49.768905686605827 54.350025800541935 66.429327421163933 87.936359051608321 76.980067296824814 1.215897699965718 99.551365068821539 59.109864452692065 46.655907620271606 54.173110589406569 3.342056912097302 84.438752611858646 53.736333241440683 83.137600782312390 39.173242058160909 84.312895990637628 34.937134247577504 4.510212292392413 85.556282281587897 31.430567847831693 50.811720188043608 58.969121793419873 52.285321834095591 67.134312273305966 31.039951979571001 81.874248712947036 28.676911378409443 86.749174428887628 65.621424433493402 33.802228009257050 24.237025102646815 29.904935276294232 52.731657097944115 10.117760945291575 50.276172400613795 72.357934997915834 87.324148394854788 31.327788446727013 56.734940388010457 83.810436853957597 83.728583954268260 19.469632636031196 91.562455996588099 64.735381450251481 12.727650520297050 71.324127149993373 93.872610506446492 59.550037214328924 21.250132152213109 83.776574890810267 61.459212899137306 91.036910263610253 48.630297667983783 89.616725612631939 6.570094849397979 92.623149280608033 41.897398199454003 8.927181442958176 79.140323749437314 65.853082754826247 81.069807718546954 0.699696023442498 67.114722969758319 67.001434450891622 66.886805228624581 53.035298044327547 96.132289684511747 2.674911371720656 35.229078188033711 12.533862694233843 54.546382241651926 57.616705465943049 0.904714157478237 97.759574582665309 77.181526527631178 93.053620452952941 60.965935711845553 59.481725040473954 16.787321207099971 3.254201597847495 49.213254281166222 40.982597419575853 48.024103988978695 44.686606061149625 9.944274927863317 68.121647567906066 45.241971539435035 23.622166332112528 88.477629822323806 53.573480415061439 3.820703275570481 50.637822500230065 35.239705252443990 77.557811813541306 0.810653822446494 22.718070763651976 12.224151903933711 60.259689682975001 51.726183794295132 78.858903443818292 30.185913410823051 26.147159610862591 20.958788968538766 31.014798540822007 62.705806375199316 91.519706668840016 8.507603965977651 18.334973776237916 4.164513891690502 97.245110608862390 17.746624336402483 9.569468164366924 81.540053848273402 42.367293277210905 25.923396265991283 66.745523060438373 46.359536186073903 33.167808886456903 6.794137490997887 96.626736106891570 48.844358511144428 61.253038748887676 66.515717265359044 80.413630666344886 90.053522473305463 45.740070695859579 17.304011415662004 6.292996165878451 32.563418760063087 31.263411275126053 9.890068739485681 13.852470534366546 46.932619402471452 87.893117901875044 73.000978639655756 59.191696566539576
87.000753559011741 2.120787673609947 18.107973155337952 68.336444244663923 52.146889570331986 15.739787344099899 11.097021507219495 50.938032825040068 5.581177561503569 43.587008450172725 69.768588419311953 23.012209763281799 90.178427887196506 76.455776230199660 81.525662669896874 68.661870985045368 38.255757071674758 57.191389742851705 10.299538102342776 32.232810984851525 22.928028329140616 38.556569085202732 4.043239033174794 84.024396021830398 66.115164205914951 72.166435457470271 91.313844018154327 5.041725649993256 19.683290319843117 40.756565411987111 49.416837682715396 48.841332955469277 0.935952976559606 63.680838588957215 5.338382681631959 53.665942473336372 40.105785186651197 28.498551487546585 23.956931393948722 42.183475453061625 42.112308459072068 15.708555937061908 27.144448610669770 77.741131336722759 30.232625026145765 41.381527275364114 43.614777771352422 51.233058369930085 71.226267333180630 36.862526953824705 37.071490759787110 78.212017291066758 89.364422579734537 40.216045300811487 44.001929233532962 30.988812813708332 58.799195483560283 60.682133705694696 96.304065268061152 64.464689501290522 77.479128292346402 20.404797956192745 80.515407478234451 12.432387386628573 14.641690847204602 97.876318602667524 29.414044853677989 76.244248646645687 26.987527638543575 63.416456962867564 73.165329476598743 77.580336260010085 84.418300730812618 86.183687467058220 14.593367979852335 0.009356376866354 76.003212349074317 16.150319592856256 52.606345092577847 26.290119374247123 86.166686778243900 83.985978348311178 81.380156939515132 2.557979946183842 30.316748636494516 91.671137666157591 53.904493001836450 85.259241576815199 66.977964465550230 81.708303465554991 36.784502242720627 34.956687859075352 60.764905462094674 66.407831439701908 88.046869263789276 81.477989175542561 1.886834265737436 91.242719103987824 67.176145803153204 39.366945669554845 60.077860145247129 51.905649704927207 44.676791406154734 35.310454617840271 33.585224224988650 47.312230430484917 21.004192701134151 24.723950921776716 53.015430129639007 48.643873469718223 45.088092817877623 13.500004586312608 53.470497055801673 28.447978757779513 6.176855405365012 56.488942900447206 91.365226077738583 93.884799158429161 77.262439637974381 3.692783916974429 27.789427537755586 58.986352963416252 32.552479403760223 44.712569698773819 95.459997491566213 77.387587995871655 22.857367813480177 87.867405705311228 40.357662425828877 34.691877622762199 1.629211564252608 23.761575050068593 17.088694545972672 26.519826087623542 38.271367122629620 76.647805135575894 6.121591402782633 61.174036784615879 59.938192772621989 59.340803091335147 36.485045335686017 6.300583609426802 64.901402910559511 93.605357930217565 82.122198562267755 92.399991015750345 36.294056790309128 47.708156898965214 34.616380880182831 24.177116951692234 79.669387230547699 23.934923643108185 85.968227507339492 5.503597885325695 52.561624357214889 4.430187765123650 78.155991105911824 14.591013258067454 78.520324104669456 8.144373320019449 79.906516432212499 48.414176400684624 8.041340354235993 38.004383157439889 16.307647302820605 90.034573357278020 36.430541409118646 90.460957074479325 78.688339938757636 31.770721967973447 66.972818923955316 33.965117961262216 78.085619536194329 69.623349512534176 56.332008968805361 60.825504601003352 15.450193744354257 16.721355541889217 17.379113009608204 35.835161125492775 92.330842825612251 40.615455199782389 90.941851813440721 8.778535742586746 3.820597665741665 5.697095009550813 29.364413187320604 92.893059128518701 30.202784424304731 10.845117179203667 81.129781036371838 13.870446742219301 97.240407360079558 83.882008032343819 74.112974495067618 21.596822135870397 20.778768663134372 40.493476839099031 19.504474548468519 48.430705864444256
79.807504468184050 16.839853144732931 55.902530775501859 48.191665557346340 33.918497690889026 15.533012869227058 67.255459630664745 13.914098816931242 82.877238933701165 19.273403619049411 90.868567700535792 81.507299874541232 4.268716077244328 98.375909543151167 5.744190306175733 74.380139218806605 62.115767271167357 42.385489361868132 73.025628782205800 50.247970850826626 12.290651891846704 4.630731223640804 86.348515361278160 68.339478426630663 67.356338335105093 5.862703548936265 37.546979436785563 51.855205604714484 3.449583358374508 19.480189572121553 24.636331789011734 67.368359488889368 15.237403445286668 80.061517188791257 24.697873508182212 81.265236468583325 9.105683658843933 56.817381412212534 51.177810608435514 16.293481401314136 91.959039276787351 19.023558208962086 72.523970767162155 48.371145069584266 5.418918069656242 15.573408186224547 91.518504860518206 37.604646912005769 98.150798765199937 86.673037518012137 19.320860229897441 8.785665034150503 70.147311212756904 57.520708116628974 13.668591513990902 30.110836011579977 37.122941791369890 69.294154469955487 14.639170307442983 24.619659811801341 2.423537039390267 94.446978340657779 23.953128817755065 40.619293107234675 65.449310000001731 89.049821811256919 96.481188623366421 65.118455597816165 93.047681768606409 74.983822698902088 61.281360582973662 41.582717137065586 14.439879429168212 63.309938756526748 31.640932329161210 68.574858200698358 12.405301479445663 91.751839639405503 3.280145510554389 20.293840211637072 34.851882134083425 39.338434835349126 15.038399727813756 12.265873761522251 33.649290062596535 77.227149775103157 37.905997332052181 15.554383757604340 9.316924303315000 32.498495513342277 36.017013462061009 95.821596448161245 0.078862058391727 55.236197733127732 50.417200169842459 52.992794675896590 34.482925570895240 3.425621651836164 67.411813293312633 47.315962544322041 50.685745579538022 72.347113466103991 52.124532199556924 24.944017668255125 75.740803845164990 45.846350999990307 34.703643918503012 37.492719903393422 95.251160009447034 15.626850783336865 9.527189202404395 81.309279099087746 18.724742695340744 98.045494483006237 39.000635755946057 68.883470779112031 88.283782360833627 90.962828434969907 89.128992916132987 45.640195646964287 73.353360383457627 94.900420018403381 76.664840702437786 41.071211541523766 60.734019997168417 48.013396451658743 26.315050262535689 76.162736828863515 18.582100309129856 97.546645893565881 71.614405514060437 10.466679811654755 84.483411318108992 89.319987871331207 74.547263122166257 92.685421990803533 40.984332251043163 44.586908241667544 76.339971467151173 67.579459092160533 22.922060540750088 20.326112756608840 75.205520246863387 62.172382445310618 81.639494979701183 36.844466213415572 84.122968574619861 12.917676149593749 14.188573997455956 65.323007374731219 72.262312015743930 55.133683044644400 13.299439593161555 3.502869464050018 17.632811197242138 98.692267587237282 86.213579038871544 50.540612439822631 97.321340708243582 88.577516450560637 69.586258442522677 85.702050544173048 93.166533560144046 58.879540326843085 17.525542653515057 30.401441687869124 22.309020943943448 48.781865574224085 43.667878824200123 99.637482009236038 14.730058286185200 50.517400714997137 53.268274689406816 32.340118230152569 53.348583143141390 99.118218340092753 75.157967679163733 96.654045840146438 65.584164813901026 23.958071506790823 17.601296211900120 90.847354382199711 87.599201655968471 19.176613249479647 92.643717861812419 14.368594168623595 42.807757890643536 50.823687048999247 49.049777780212665 25.295812216653989 82.969989770747247 8.201663403335202 29.048306050270710 26.830278318279067 57.458949201435374 16.276715778659391 44.615251786093033 10.589047394807427 17.478175285774089 28.979821448131769
46.428925688861547 70.539426408997727 47.244286272796373 23.907546133443379 59.318390140348086 30.445831983220195 73.708561381097965 99.072289057961584 57.226259774104314 64.760853102215705 18.424114850575744 50.675365486557311 82.302780357581071 37.642835970529390 37.894534077662989 67.907737155716816 78.864377301119035 35.465483324600314 6.540704173529310 23.101365207503189 77.190093975644345 26.944846060866944 55.416064600016178 93.999087726626698 24.559918395759617 60.711700307571391 99.403284221256499 72.540730807959179 58.539734223809027 34.935927069845775 41.440588935696795 6.593936722437899 24.389170341834831 64.671481066019822 56.316947421904970 49.144000476449655 69.123888569892443 42.935444225406094 90.568321337334737 55.333994083362612 0.647799403735738 23.492160856924251 83.769963595405002 57.302929337076456 32.393352287195356 38.317940398721106 87.245780818917368 40.525213249282508 39.839361886914382 65.703035733192422 98.893199966630334 28.872335755355692 94.128411626694302 99.568459542223835 30.717206474633084 15.950282054441589 64.178270331933703 71.567486420182519 2.290554663831001 97.755506933969585 85.038759124423535 4.511090340748403 59.074442253618678 4.751619972409360 66.855477388749691 61.551059240593375 97.180793355713561 72.843397313421875 39.103160606612640 46.747985721515349 29.500046612174422 22.841759003230010 92.235550938151761 8.105235272690948 1.645013681359531 91.559099256980574 79.153846677204044 19.726729394536058 35.129719231789856 32.433847161578697 38.710602759858389 45.036888714969614 82.774659248964738 91.420638754406923 20.924650797310353 88.880144790647492 89.257158522707385 54.666901071077881 25.344486920014354 22.183551111580655 37.138235207176429 56.030647885309904 23.165350944720707 1.192074926787801 69.910548363271062 2.244974772215236 21.635269025977365 54.314495976926949 93.917826431607793 44.802333667209595 33.496088481028586 70.399770762650149 43.412781528788258 52.433113261928014 39.597611904317567 8.868298224093730 94.913028669339823 60.091530428784026 66.999747289251417 33.970633154187503 16.542078226847558 82.960134341324277 50.714654110781886 74.634629007593105 24.826123149610201 80.400447492641732 69.711129453159344 89.738245600944239 50.011728870259510 27.421534544050065 44.469847744665138 26.364026228741611 97.710861793484113 26.885737758428384 47.270508980136562 33.058601142529888 0.519491312763976 83.949649871312531 24.762167121222600 29.586257301295781 84.174059883590800 45.499538524819641 19.343471265011701 2.533671630226075 90.493302000890679 36.027044322164024 66.266835344618343 38.556332427343563 16.603168661437206 18.014351119052641 73.885765831910788 25.855035979241446 31.851522451685423 97.910333967932232 53.461891794292470 88.837490970625481 68.403140293597431 35.071272276662228 22.433033625028077 28.108587510153516 83.119990886897284 17.536488631692727 78.324801214961653 26.474024377168838 26.500986497319580 3.697332806065412 36.582574928045773 84.934790616875674 76.208422223821088 96.802366247945756 40.413131644450871 34.300631096597890 44.499235033602972 85.617809034432213 86.357474839092362 73.404335486521404 29.653558020300341 67.604623643911140 24.862253933994349 81.813369217701677 28.268596080544505 86.378666477240941 90.026504945730466 22.058261260711053 20.042347259205929 39.112028501305517 27.777531565370907 42.022476412988027 91.612528140996929 22.876915567676125 42.417000561723540 78.322514882194824 46.199364243852770 93.952775804983162 17.651505628284625 84.918269433040649 54.419035859063392 54.326075670370244 39.696875395597907 98.873419820504722 2.529251896361417 46.315974518291135 12.782182882936755 42.180687551558513 66.595932025304862 35.408238261577061 68.845761932063937 65.246382073434845 30.234118261913245 9.712634847081226
