200
40.477913969258253 54.334727821408833 48.156638981351072 95.136910589042643 66.847447606779880 13.157269687016083 73.808679279919957 47.790566442120749 64.735526846120749 79.400116951584891 78.084571582497944 4.170173341462236 59.891617841774128 30.124857224173617 78.197432996812836 82.161064861463132 35.485847127750134 92.724840025006273 31.568571306007133 51.919925800235788 86.802856600442979 48.066071458459248 17.703329958395521 54.568235920049148 81.771589386868627 42.362300987437472 59.137774631094032 70.595905414337565 45.902251837010866 2.012045850988009 51.320956288188071 49.012062447688578 31.498525904435105 7.360506577547598 20.267313820870747 7.296983844584936 70.078090929377254 73.816092459607347 33.518919862592135 78.559349936000956 77.863933668389336 36.960419597732027 11.094688510855711 86.539355613475308 79.841453225447609 91.840515972960659 80.678686636784605 27.438691534752980 66.372834000033080 59.079540162147268 74.633119755504296 5.025421709237321 14.445031855768530 77.828301173767841 11.985568577601802 75.451484530732287 99.913516742600919 66.966845046417092 82.532769910731957 81.316953617714120 34.276842705375984 44.806985076373252 80.374700431084591 7.370582883309740 31.771691022823667 80.340031200381645 90.722873208347764 5.475204642558163 21.500104813741316 4.506628455654349 15.485180035509671 60.886262821845897 92.050504368420235 31.413622732718405 70.955521129220912 0.005811053022953 92.269051775027677 25.119954431217828 8.814620677046726 38.795986784919101 56.706663084641306 63.520817865610866 96.614336387378998 53.247270725785548 63.314529908452499 66.130522585658355 40.518556014332987 52.337682264769050 99.008484184802413 28.586045914895763 34.208988876589288 74.909201949275030 94.441092013115039 74.303136837236607 69.085027462581408 19.720752348180714 48.167720730511085 49.820800253367857 18.775752151619496 96.685793093119059 45.971425042419554 70.269202428820066 7.320912526776113 59.411975152314213 26.021168748044630 66.426087807440283 97.809486289885285 40.497754371138662 12.307569952899266 62.691928793048582 31.620402446407947 52.300418072967716 33.909651331834986 0.313074276145398 67.430961734771756 90.879388318143882 53.521494774370915 33.116498256306592 36.151261291831538 61.379583794465631 23.303251102755485 95.285623371775941 49.056736510432906 24.834503289493114 46.488548735617918 80.408503814763876 0.956698558115676 17.226206583695614 94.635970829603011 63.092669552045400 41.544231397299328 75.601074100156609 56.262090983399027 55.836465325449957 81.395609367861027 70.642041118461066 29.094919121152486 41.718523889405610 58.954911776367680 41.666900961606537 14.474353624822534 0.338758867332223 86.146602119260507 44.767112992742554 42.421561961802347 5.630947936707087 16.351241015088313 93.316683047017989 47.515163628765897 84.892721937428590 69.509903076918562 19.255764520704055 2.637443012985607 78.352861676969482 80.079554802665569 9.477082652033387 19.754750483019336 26.439618355528438 9.142212004219740 15.605250832409334 97.555557789263048 61.454174857842524 43.475972290173338 47.385313699885224 48.093960337270836 96.248319820031980 47.027383584570657 65.141379557331121 28.101362554264210 94.793401466963516 8.133199296278381 29.253715255961087 69.660435362958495 84.500198157853632 63.287158217285231 19.376395183608651 14.777341800959597 17.320428342689976 62.772494435409477 94.010431798586993 34.625655403265085 74.148522561313086 71.766918306613292 20.472987344692605 24.568831119491698 29.291029743116891 81.502808396106929 65.318002253304698 47.954876080938305 6.891485849682121 81.821375751080708 80.710138901920089 74.486816045780230 29.700673017294775 82.979799905886580 83.962542258653471 9.969915741782476 82.510708961349920 36.443030021295783 50.995409374215996
28.697118408399270 93.220903195558265 59.882982211942384 87.292767226069884 32.036884093186103 44.831821453268539 29.664550152196746 8.947249371746324 47.391896284960211 0.545124704793365 43.503281316606888 35.173792558169495 74.493512897442145 33.096388233812100 2.227998824282418 48.753844518428949 86.264956700232233 13.642982639584266 61.588209912552664 43.232823216725969 73.853134631942112 37.671673230777870 74.363106229325794 74.094352034689578 81.393413803466856 55.433623832313131 0.868439770574181 10.327360315193179 14.677494188930007 81.214118680789426 57.345637339814019 99.834754314339804 33.901618464438279 23.733578968950663 6.618124889671828 72.876100184441270 98.722698434796158 49.220878044743223 63.065186551325013 13.090903415027322 42.055129240872603 97.573931690573133 43.869115057207253 19.106812833793441 14.295815067485297 61.262501974518045 23.288668633392739 74.204844221539730 45.975729941900148 4.402977458728397 69.952562341264198 88.528320211440118 27.679977839267078 60.648039007242360 58.253493144500410 15.222110631954244 48.319088108553764 96.110847129444736 15.008265058513604 91.342900069483036 18.897017938938209 13.536266406624309 77.703836775565790 49.103055316195722 54.172354096280017 30.307215987964465 74.035673110936116 92.617167369308802 68.237770128595756 75.341076052392197 35.221028868523398 45.464631604928428 13.771012307017461 35.760942879229994 3.749809079705968 78.041636077105636 45.879893850109688 56.048514836673888 81.186187473539448 83.729115796768667 10.287614753846707 17.593979812397720 42.027646174417818 71.852347910583731 83.726249621587684 96.517191897874113 34.331088818104860 74.280955070411693 91.812282375006703 94.357699283596460 56.196405620475772 80.762950445356395 35.593723257158402 60.523450158369684 8.000497416126272 28.778022613131903 16.081373791369934 35.786268741088357 14.443485512396691 84.206001437838353 1.699665956131680 10.045017475206908 27.704512961312954 99.230288836658360 81.600444373419251 37.130164265608045 62.279222388352316 41.261647436393112 36.474104806338694 89.071410923947425 55.988875345592945 69.452487042917269 97.169188981255886 90.798358605814343 53.668968188419896 53.929177258360248 62.520734004761159 2.545942703013571 35.797413780100754 5.350751578896862 6.808722447269355 73.329686650166053 50.985672369210619 4.848581449484623 47.271839091359588 59.549128324434378 19.991840869526555 60.102857477310266 99.946526642964344 38.129836835342310 27.340549547498426 86.444413520606233 53.955868250198883 45.198890406924811 62.163091850929817 84.551870088927373 89.738400662861139 43.914507616639952 75.606163096486156 49.168984167223030 95.360871382287328 64.152434709978806 32.434640414759151 68.760650553168972 73.480284495721961 44.093720484318929 61.056047835248414 97.709348209201679 27.306422172622103 76.470034733529218 54.445446101577268 42.910202000623208 58.596996251845631 98.416975479490617 69.810613225528542 36.345601320627274 52.033523908572633 13.848867916662721 43.806582699947270 69.483440478495396 71.644884888256726 25.882823548000054 54.579489763438126 46.843643338211585 55.957534835921088 50.329748251047455 14.316342287852024 85.206574840802858 90.541295251828345 2.769398958590075 81.211717770731667 84.753479245731995 51.742336765370275 90.324896140959098 26.765807035060838 96.048628833432332 83.990852652471048 40.885741499612628 2.428985681559037 15.664847240219048 59.763341433990924 68.143847904118076 7.216425655325809 47.252316375092065 62.352449808912212 69.063275393169917 39.522537563133554 71.295755585131346 17.183843116236275 16.326268077617200 50.381823494835707 54.106233233120967 39.220704097155547 64.442399784072805 5.472473422937951 74.036857734869628 93.417097747902545 72.401998135158280 46.716418981468543 64.299310342513706
18.967864877805873 12.244832782340609 68.312139600521846 14.141719357295823 98.152725014503488 59.914464206759376 83.164826289823651 14.071817767982653 93.423266400587735 40.394964013893123 51.957238957380490 63.005939553784373 47.275863679625239 82.207991147021758 59.000714167461652 63.469860470302777 48.178018383827983 12.223880166515876 90.602774787551112 15.398581783094279 68.688458867982987 70.022402266540922 48.391375329016469 41.716361788855359 99.686187624233710 18.773499819319895 19.316690415178929 73.669546255890722 76.451109728387067 1.715528751531825 0.427029527696587 17.576483205259841 63.457345945623125 54.997554234307586 96.676396782972958 19.180418607015103 99.133540613006957 9.382431358899012 68.929878492817579 17.739222728803739 58.517155012081609 4.448919929406070 49.895425129384684 42.169841429686358 3.288956383515962 88.892342385647467 13.756986765481704 42.815160135391281 82.285504459311724 91.869090532278534 79.358903017482135 64.284763304096089 23.554516340854438 52.314756365662326 9.731573558738260 51.177883670053561 72.783280170419999 43.932093271386663 29.779040116164701 99.263157958009614 75.037737962507805 64.164124743896821 74.477649518412392 11.737808817334471 10.735660163424853 6.277154416024899 71.845193761239841 79.125278523073888 23.609047877360723 81.653217895841351 68.403983420903685 61.965420377543623 93.730788070004650 73.737780441956957 91.557898010187671 13.469087636621168 65.719708562984309 54.879183353666264 84.033101954218424 4.160210728664770 39.685637611505562 56.562612197219998 65.756004382785946 58.835677440819026 58.996388813782751 24.808852087991117 98.181359639095916 10.219510662243325 70.319238261826683 34.697665113706222 3.015478707906438 78.468553679986627 26.623552853709164 24.614228055153774 93.296451811708280 52.659496801682529 10.996737073994145 58.400097413588689 69.921110728724486 67.554256889254106 22.168569390238723 73.782447056514101 8.073893546128208 6.031186423675495 17.942804311987214 25.424363034009566 80.914335201684693 30.535860430319850 17.319020294822817 1.581195096726962 57.397456183521257 87.735477874738478 95.908562876721902 90.747715165333815 37.006289659652211 69.610720089493100 20.327373826933936 27.635490755615077 27.537797926726647 74.151367561791105 5.015296402245307 57.515489140845098 87.914648525330023 92.867299055183153 70.974729886921622 47.454085409906767 92.594967389628053 53.068099678547966 36.827514867040769 18.349105273547973 75.701623778590161 88.445413116065225 18.259152915708555 18.741882114986762 30.390060186894875 38.646801991923560 79.701156488165353 1.785956978315528 24.481264853580253 79.264451586066116 93.257608027793495 20.909745948131075 72.607701262198660 26.817033945367619 55.421699796181301 62.477525131124501 14.929409134155481 44.925778158138463 8.564005461730806 56.649259111279648 33.590091239765563 53.483672179189689 31.109822956675192 23.593434648601132 58.676853427430963 85.511418746239457 48.838983716835131 33.126456388361703 32.738448215813229 56.556113680130174 17.860764269785289 77.378214813660477 31.550765135016857 52.522359000729949 0.355887108648834 0.968771016429049 64.276598041950677 49.165388594843584 62.555822919052758 74.133124255327658 82.266605918900609 54.885887744532688 9.602412869676414 36.187373843504503 4.955121193244228 83.367680885427589 46.258645956224107 29.995677567698674 74.208332750186685 63.208072748459777 41.553404605957610 30.301990973120883 55.866883295752380 10.473997488757746 59.051067321339211 14.013666056201535 99.664686386026119 76.823657880889044 81.839624603650989 60.363895465369886 27.951388757035399 27.840929336766717 73.503763075907258 72.764959947021040 90.369521841430327 17.943158776707847 6.368783819843782 62.570060204405053 51.527574873216089 61.141692072497165
8.241702004453034 11.051475755690932 55.465927539389057 72.509248079087911 11.839238868911306 85.115852358506643 56.167629794633164 81.770326029883222 2.418340325511759 95.496303021145295 22.466601491376771 14.089349030118026 36.465368013395114 77.328070395693558 42.989290810844324 76.243537135295341 19.836448733264454 97.710810791023107 9.891128572465124 24.660881108378842 35.843918507719941 0.709006687843627 66.472757701809144 13.777216021354800 15.807879965498605 96.784756958409929 9.519105313555210 37.424498897721435 30.877684212297485 91.352540110096598 31.546641598536517 23.139855579400027 43.380025422427316 47.688570871197577 47.439803247797208 32.500249246512482 3.643985779555181 3.656852303346647 73.873193540633793 55.186535049124139 90.203194675370170 63.478252997010486 30.780015659125027 26.975825568675084 79.277149516766158 83.471228451547546 13.928040306067945 89.746620576612159 93.662697829447623 24.466939855494406 28.750331750445135 99.571366258079877 24.493864870198280 11.233274329557052 68.019854818859145 31.437674493610825 96.968559221492114 67.847362721401623 23.962225825105588 53.001782801376443 60.000433625343142 73.982160406574607 70.052505144656820 95.589884626570893 70.892578602338261 42.779169193582923 21.219413061044811 1.868109891209668 67.422792651169544 41.253673923810574 41.286834099452072 47.302129563024906 85.938958026628413 49.159209525461932 85.049799511390972 10.805368986448027 45.631420744600049 15.420127894069758 7.119595519522870 31.004615336736364 6.428187303862254 78.765725225278857 54.281642778827020 96.307247714069177 81.988310232826194 97.243152739871803 24.594352836040510 86.914072842318930 56.416173692350156 34.139672076532833 46.769320014161920 0.723083714050532 61.250887559559217 28.760971534197555 59.680321506601651 99.176083485844188 26.187107863677785 92.482999970125491 52.374058851651661 90.614668366748845 23.101230112776260 19.569669358486642 31.953171400023493 76.430154528643314 57.172455278511592 12.517259534226044 64.629042537895359 34.847798195470403 23.340172582337427 72.192146489275970 10.949927062288968 23.695343469122299 10.506352770279692 77.852553486142639 64.944079820051286 34.574349152786667 41.950929491812325 37.894195847892874 96.535860007633559 44.803795521527924 15.999315702884054 68.033818567536414 8.834493155937363 85.381504145320349 48.404814459520161 54.785181240723212 61.414780240928025 56.871098264306788 39.561426959625955 60.031021834906497 59.225258321325789 92.046669232377724 46.166108356435977 50.029599700085328 8.981093270449570 33.947592240978885 59.343292963933166 5.581583576590388 6.801242639539351 6.902987541682604 95.765499730999579 84.615055722545520 73.116282789196674 8.091554965758895 27.364959523097255 15.239339910274918 95.058694403660013 90.569764698516352 27.176374680519366 47.396720909087961 78.423116286759139 29.784758788754793 18.230155518020119 25.606386103119362 94.229577392081794 47.230013938821614 37.144037707116020 18.063972122874418 82.079524017730520 89.072438169208084 84.981522278786983 83.439149895372907 34.261665336083993 47.066713217953037 23.206696570183571 82.953867307724664 78.787424798532939 86.639503585599712 9.518790624878203 15.963690263930875 31.871510305667417 95.384021979052221 96.194235955786993 15.592422060815824 76.302698888098519 53.661695537598675 36.262902520733185 88.227555252817638 64.539212850214795 54.810835699294799 44.853874130585972 19.177331235891394 14.844393200287421 13.590690653276594 35.742004826694682 76.854476737273828 2.710310347630884 4.007851340086077 39.015930229193685 69.524927018298655 58.609929416830333 13.867276944157247 18.253007474342631 83.359271660690823 38.777410392055998 99.188113914904335 4.984681091388121 58.756703812392551 1.768626511854876 58.727203371388100
54.378110767552293 33.211979013447248 34.717677546340951 84.744590642132934 26.663226281316522 7.254072248086985 99.555734528870175 52.660920780201302 26.181696653740172 39.742250230677421 90.555519708772962 78.101386954091581 97.190137488296386 82.601456433206394 2.690509029921828 13.553566119310489 71.169883099747850 39.757170926551886 30.703185787209396 2.273111830716112 15.075045769104378 70.582309964107452 55.083590954897353 99.356975487710756 59.213216238123699 92.525807068710080 86.479951237155916 80.444041345072563 73.627810598866390 60.245586704775114 76.096780199747599 42.477900406362565 72.573937951700472 40.673422941598666 76.831535386765367 12.812343051907039 91.954354406366150 0.675955821475838 29.475838111354602 43.728786033473931 5.895235192777804 88.620844819008369 66.958049490009557 78.196148733955027 47.877615447874021 73.696541958294503 75.258564414920983 15.082606198751215 29.951566698860898 39.824623345119370 98.090642601865000 31.977187318165313 14.174631260608949 86.504077990251005 87.704877312821637 21.709956892232608 53.872698602786940 85.426114644599778 39.869245146258045 22.067100470383462 3.867988834824121 95.205821924517693 0.064207568998065 94.954206154936216 86.719830168452077 19.612732168047931 59.758356241358548 89.144045216765576 14.524082260263761 64.611143667018027 97.610319991422770 11.188235671258584 9.001540765849136 77.097398729487210 16.359511800638082 48.097087988610767 41.505655478379076 65.190785099128959 27.010916636605032 21.941039559436959 90.335454805718726 79.811502390233514 92.757056492808914 75.721029914597807 55.781930157209658 55.792905461991204 13.962947015173732 5.661131364111915 97.368513408711237 20.871619723856448 5.414995820292178 18.001330364404911 84.831738954468136 28.624525695473203 50.486392974034587 66.511311246231358 5.712257697027390 27.111723145585621 45.421917304054539 0.990589373366013 26.273481667096320 28.902225854281895 60.904541037006851 51.952335169789343 87.610328520738108 12.524297377535621 11.151463632126413 26.687845224608107 34.950466459344234 17.769499862997396 82.847234068958471 20.646123205778078 39.594886119380803 5.494693774396675 16.720704064765158 75.703957628082975 16.642968706371654 75.535623803124679 26.018638141406047 37.505848267225041 95.258075672346038 38.977566577379086 44.180287401534613 12.433640409081892 88.745325433817797 81.115445635161450 92.321898465401162 58.235352373149453 93.224233100523719 23.227060750883055 91.609288942719687 25.326344283450041 7.176536768048880 66.019376229967861 81.340273124198376 27.123005012791811 31.093619248243431 74.759298179361906 52.335471990396755 5.645771200980265 74.267271169791542 50.902682720811946 27.469290592606033 84.581565325864176 84.076223939031408 87.383662644555940 82.939207783577743 49.366142400789812 12.873490625051476 52.356419538299626 27.357770746294051 60.181469739028472 65.234730327677028 23.470414717118526 38.426921688713875 82.192829342037271 12.487331874765950 9.017462801722697 62.424132343701658 67.631099364736812 2.940203810454267 97.418119265681526 95.789145232297017 63.456500603127694 55.256110321111471 91.500669914056260 13.214596671469936 82.804386453642493 70.876721049894712 10.860290507334247 46.594798745463116 12.387555492591540 31.348990038093838 70.442953230359919 28.547856102735047 29.315963157943592 45.152722281955413 95.962965180940756 44.213858588584621 89.089234923053311 97.873968470231958 40.296888797074416 18.690176842989871 53.378020826685237 14.074422080101412 34.927811353920099 91.212628226040607 31.346263080185111 98.997495069673519 1.223581855496092 34.653967611477043 18.484859303374858 10.469724533214819 85.681249376344653 8.434607929894311 66.889848031215436 36.638856871228057 30.491314631930234 96.976532693131915 8.616605591357018
53.230152179767387 5.229012529310328 8.038347737578233 86.519310777104806 76.856450813725743 55.425086829283664 63.409829209586164 69.285686324728772 69.730957304920508 87.402846297842885 83.087035442756388 90.835798050061811 45.127591942270151 90.977524295294955 7.059979967282692 7.397528339821524 56.947951165835441 61.864913434082283 12.117717954421636 15.314338824869667 54.792052108769795 98.633277040821881 20.270936088568682 15.043536147181968 70.185350589786253 26.853566851000188 68.597544202590427 13.857672929224318 51.809482341302015 86.445418091900066 33.492760513051600 90.562124157819483 14.215925695207066 74.751978520532973 37.118329367211288 69.224128889692381 76.317851115972331 22.764422043464361 47.981710870140319 46.007191077715405 28.245625185704803 57.810051680861108 72.839640174952564 87.608898663402769 24.859113869845707 67.550161746727071 81.513253430895446 17.558687079038993 56.100945093125453 40.247236234110431 50.720713908697725 79.020761732752533 78.562050559265202 54.996753749951090 83.465882745425318 79.407763492259832 67.024716118181203 98.065855330742338 90.259832624883813 70.757711318139329 3.602778540842111 62.609000888790824 50.040357297816520 15.275802879059796 47.972934772188211 55.479780857934855 91.221476067033251 18.495944131754307 25.407294665420434 55.025108662763635 71.211456966986077 58.350148007792477 3.855119392248596 77.358714190777974 62.190696674851473 58.304238165756651 74.710282034582562 97.700950320806427 84.119856000700338 42.211424387474636 58.397847450006978 34.231224989597706 78.795135108036789 25.421563098383260 76.510861105409660 18.646737947167757 64.075959815139498 95.785365469668591 48.456363276975353 73.782672062600838 22.902891517772417 34.716051650221146 80.583367979664558 54.792259458538915 23.353034508187942 19.178880854309099 10.755939729771169 38.440782155256173 81.043440019195984 83.432848107662679 27.814988817336573 76.462222695855559 24.191871577180546 25.310773737945745 5.213478118014237 1.119454805067122 6.330780360821997 82.150014174616842 80.343082550390832 9.872254473281306 50.286547480010199 20.230255731155601 61.271242291507853 63.308690643559039 46.361317486401155 53.911544722046635 26.444216517726758 43.669399649968369 96.949457340546047 51.952330658225790 34.157201717273736 0.900960380215299 92.858521800767662 83.591053144474813 81.736450157014005 22.115219912101523 78.610471954719984 72.679663626246793 14.081633462756871 72.623788647482627 33.187840889686115 89.587794618105093 97.454896222506875 66.019018038871266 72.310346732901593 34.524184049599583 2.474568441780511 1.464052720634157 48.191425068664330 72.253402361762880 28.710184592086986 20.434607989313747 87.538809035172633 11.707016568981333 92.288623213158232 91.745765620016002 36.683540009746061 83.405173529087079 48.502547805236560 51.126953087775107 16.778561610145694 47.428193961824626 78.463073719838775 9.568075669459153 22.506759961231303 17.705326845990111 39.984040469442483 55.927055731280326 79.959292505148255 4.258058851259650 8.627887196863082 48.432558055774024 7.041545370243774 60.257639116907754 22.198799821271354 72.735251137714826 32.325939472318886 19.349991849371804 58.952446301578711 89.702973541985429 41.484226566858972 82.351785722476862 22.555297205940128 50.366471653320133 55.580874341251686 87.224478488809638 12.884434906351949 22.590080806336267 90.109497220543162 78.978658413060884 62.038951780645434 65.262406399153321 55.846959324506344 52.520906179675151 17.744895217274369 80.436113800364609 2.907257136626062 26.088524550759683 10.075741102693424 14.454938618947233 22.634407973836367 71.183459594374696 49.183174903764915 80.477833709928063 65.777021356323147 96.925830456100755 64.775457976941183 52.119644556394142 26.613498999829567 95.889215572059342
27.532005661468784 90.627563473609911 80.842953300537701 32.387292185746510 6.248142786344991 39.892628569969425 61.885986965751705 40.015686767731395 15.620567456258282 68.469221331023775 44.663836882320787 44.550511330385369 3.323921141820840 2.633896595680352 42.390369138400963 8.950502891919054 60.259770166024175 74.275227414794188 85.701155646466134 95.585874306460440 14.989115530017738 71.573819923419720 35.723838694099250 20.350983312499281 97.227975356216746 91.995397293684874 80.817677857630883 61.329437234748376 15.786085054009270 49.583884058035451 65.548474745217760 4.146512427303706 37.510725743838890 57.485830621022615 96.193532820896053 46.264522494867144 24.370209573384869 92.757667336114196 15.630958266056039 78.477395251627740 5.219738564367282 35.664117064773926 48.283338487904274 60.838876933686215 78.903466176815300 84.247964603091248 0.400369317113825 65.582927380567114 42.950540790590466 29.816141185122692 55.889402916055232 54.394253133203421 77.559718772062041 88.287356771097819 17.027245907246837 37.312830140010746 36.850337946251820 26.717530002641432 84.127433383075129 84.612595727065909 84.853767774637532 9.936809573290484 31.769215619943314 64.848336320271301 3.794778785863129 73.373161571212393 4.977654597623005 87.465952353377361 42.298029776686107 20.991097950175785 80.686346975421174 72.842761641270855 58.368333298487954 43.016890912409679 22.334825424373761 59.980504155124081 43.814256256512465 4.028683975192893 44.718282764108721 72.613015729953403 42.512895573635326 70.360616091151471 62.691867338425858 92.183552417867560 54.274834156332489 76.424969822276339 56.072899315307680 54.365529136016512 96.327300935387925 28.212752200547264 84.830499658709272 6.888975848088053 26.976542345586175 62.658409084241185 23.689551753090264 64.603728812185750 37.724692626294754 49.894810885539854 31.318139856924997 62.733636189248898 46.128229061201509 52.541698396034676 0.441616179956694 78.382628662275678 31.543041931077841 22.534082601230367 26.709086201119003 55.490436123209506 18.988179195365952 28.115899085338082 51.351884445285478 20.355486158544522 78.612188221802128 88.023614750000263 80.873604484743936 80.968676695878088 81.884464528073025 12.721124485527280 16.186180256242743 88.163204449918169 9.988276074402824 24.143367748519328 88.728172985730254 59.462906952248588 36.575369211819030 63.193691606201185 21.890505379616688 56.020498615921944 20.086507448087509 92.115141174676126 37.619453290842976 38.312738987650988 99.797684117546453 8.187817526917563 98.410695051267965 55.960713563151444 28.669969972818542 36.893564753324547 93.299606282227643 91.332302698656676 93.766315098854875 24.923951789352515 52.023703090403842 6.544737357194242 62.198091178167260 39.329973754835535 58.965830776904113 57.579210527477102 11.511577408854468 54.968977900295116 55.629955447164136 64.134888258506422 49.498869826471683 91.941862017751546 85.634501937941593 46.937200650920566 87.778769247961762 33.672037072653126 32.701530051135009 97.010496135970342 68.416014262272569 64.171383657114077 95.190988611304789 55.071599383353600 44.516244946015703 16.652571084294365 29.881619211966836 94.197567911976961 65.766812857005903 6.612603677210283 72.079226951915729 54.513663876317473 44.026271571757370 81.959537850454637 6.559236316507744 40.945271695050103 95.871880023062900 57.310877862470441 87.816331456658972 97.936089483523631 92.099589101961598 50.936646809194350 89.253388815213299 22.238472175771939 82.647929736420238 27.055144208344693 29.187255514370548 81.746438995975751 18.387969905747280 34.337864659479678 17.739199051080323 92.078025992542209 21.762998732368388 31.811020125883982 98.451608943225466 64.983351613424475 63.897379756075424 86.940385375362609 10.074303365792570 70.911762594296633
16.544939191700180 60.523035716421823 66.066128340884674 87.046164485400581 80.384513267542019 66.526750339752752 22.794915206433551 19.306572957722246 84.024897399290225 87.715264701593426 4.842033314330008 92.282680156476090 23.137688858656592 42.108882165156189 23.652524451071187 76.379855456640342 59.603155055308811 86.087182476475490 68.043468591943466 18.943936752932643 47.811124563394934 53.278678191692016 19.769927608291038 71.984845018826348 64.556297632324828 73.919137005161645 7.128305153725211 87.033225739536675 59.424199530323875 78.928947196663373 61.605965968131230 93.588152921880322 4.980949200861195 94.192178349245239 74.623829300258947 27.166696302958350 27.183529374380775 75.517775150722201 56.681416408153140 97.688723711871674 30.113934877606496 84.972688952487147 77.012326714614005 39.766827894575940 8.988735073230714 94.655468534492854 42.218631082680780 70.195934424418752 75.061686963175489 1.816574353551381 29.984423812389881 92.035139086162516 92.308280421774398 20.880475903199503 81.699940848609913 74.985352815511433 92.228812726099335 59.504411113940193 80.825679487163498 92.645936562727400 51.424592177506234 94.879025163696397 86.204664424044182 17.792767315779212 62.735764143248282 0.496303625989125 47.218601571131543 86.829271358225313 72.753542898988499 47.362058172845224 36.380146339818111 93.920427349045482 18.832573371957416 30.331112095414024 51.731156922549374 18.508216926353992 39.280883441364765 66.461144036282789 98.842580377462255 90.999720442468913 59.940216731683435 69.853031323369166 14.409241434931165 9.909899686190581 65.619183846399224 33.724441976922158 8.239044159806008 58.903749703908204 37.460916480246389 39.392167375125631 47.513423827281244 65.746648569695097 93.520226252992344 75.630456405213224 86.391408181293698 53.525167198957710 61.775572136755351 55.559653806072653 73.992182088658282 61.926005745931626 18.266813382501677 16.909364275315841 44.393106505139492 36.143235443664921 98.923210655623279 32.877033306636037 18.364911268624496 63.638636668934531 4.028157397732757 37.346909403614525 2.110054879567169 39.385178762537535 12.530014658010302 4.354077479151430 72.703543613001713 23.394315517776111 87.657492954218284 87.012851521301130 95.649014312139585 62.039374648398436 86.520716659977452 88.482502364514232 57.148969144543962 41.115385182881113 13.044364935435881 88.547150674969899 25.528562355451289 51.466723969171909 88.027693950064744 55.014154028447848 17.487986509097343 23.706078350786786 77.998015918856751 61.176039201007562 33.121738698121902 37.855457318045005 46.282993061138569 8.024745654416133 84.594033805996204 31.823192309192351 92.449560233995925 62.068472500129445 57.735469969204715 68.687115311259461 37.501817720193799 2.886084969708047 52.782943306391552 72.618154288988748 91.948401950903303 47.168906709251715 34.453898546108050 3.043797580403762 41.074679830299331 89.607776397938551 99.464375596675026 50.748473325835342 8.441004270479336 9.899184656448579 39.150452733427009 4.524874199455775 90.599489822980175 4.157945775660155 32.021819067184722 73.282129909755554 85.921663235509797 19.647939361972501 70.010784175469055 2.350322251028991 83.341171412920801 33.115328705756141 8.131067534322511 92.295171953999329 27.051927126867316 61.741694125570234 14.653094080234952 31.473088949890872 60.795299767918252 28.801047473038508 84.191597836586965 96.918576111315119 4.228756446185433 35.677732238930261 19.161960300863189 2.432102627198307 93.595914620946985 76.963244299623966 76.407218886026200 56.484062660610377 58.386586968684782 55.844894692122779 65.910495765577224 51.821481386345503 47.315806695354702 52.026448731747323 41.446550426401863 1.429363297519648 84.880118585725157 72.222597395718779 64.093010345481076 56.088109027407327
78.935002017690366 19.021378113552178 59.674406734037014 59.310515260080855 73.562076017835906 28.587852701424200 24.585181632729235 38.438691182595029 1.147014860284112 16.382100629622965 91.522608523470410 13.595185362109197 28.987454701498283 53.399497210339050 75.777551127629621 88.723941594390311 73.967881488353825 35.800007221478012 24.530219078417048 25.960375487016641 65.850727672476239 85.477605891373855 60.030133043804959 61.820950007900230 40.301533796975050 91.129881881498250 52.102540067851777 29.588710848129050 22.361756234381048 52.734859383621277 67.344809429110413 38.820065202290408 40.282097074426702 19.933328169226105 64.492363033822926 64.810829105243357 49.422278738749370 65.932600237179088 33.110433691116960 31.750870245065965 20.499963712755466 50.287719188203774 34.123072582393299 12.333058822007326 75.394195678232222 4.212457625795740 29.931092442040995 13.283256903913587 49.185434519635841 96.700407623693835 37.600597708960159 13.433978066491846 54.174865531329672 26.294198613927978 49.409643310163410 57.916058276776816 98.122201548034880 40.208961418574127 9.372529962823361 60.069833989780278 31.883752374768093 40.091085848297801 42.387647081356640 59.573899109523012 47.386547920469660 73.181138975191672 80.472214540698545 95.687848504776952 11.424947396418972 98.485831282082344 42.533150646976125 79.865252816749830 31.599535267924317 18.771703937646567 38.699605778276968 40.446648487658990 87.893800266620232 34.171710416157040 57.475388842315297 32.084296027648826 98.861454278826287 33.631915297263369 44.762366785341079 81.854013629907357 71.317294933137106 60.472719482174561 86.750310751773071 41.806104629085183 47.995377084526623 64.910341634760698 37.793896176994181 71.606726546407984 72.552381016953348 51.475184398071086 24.182295997531668 38.011774681585287 80.359089565699065 22.613611764087203 81.274381302169317 73.090577142430064 78.511734121421512 6.803184332398082 55.320820990991862 72.839379402153952 95.728778376963135 76.050182735940936 70.221395476543108 61.855980322272096 79.677060329960227 42.550722596850079 49.368492888117899 47.732705023454017 94.306279280829358 79.523558725168854 38.935345399845630 75.132839249570694 58.882972372030018 40.258127812408496 59.904464124669154 10.453797319327618 34.992162399137442 74.876850190544147 47.712433758905561 96.707166987703843 75.639755501699341 59.042119800077820 66.275638232584654 61.041793093690622 36.390766181339416 56.598498116609782 67.923034808352469 15.752532751257020 27.059893946098569 39.288017711429923 48.781300782698032 87.174129127764516 17.014069596957260 68.188041967222958 4.268197711792798 0.091492940601745 3.805469751220469 68.276012896132187 97.333231153061590 39.511957880080232 36.732501493122719 70.530676884122329 86.212247049904121 66.292583166953150 22.804370227955616 20.611761074885759 6.467321805245030 82.070213984774256 98.733860312285387 46.721763256803683 3.015970454272188 81.299680002766550 17.792799530486814 29.128222430071872 52.064600262944126 86.059855983327864 30.056640678325408 9.311857949577430 44.041603468402876 51.016263440099308 53.110879087058493 78.401324161099012 53.328709496071205 55.122691574501381 28.799807698958247 69.195033216870243 75.705835309622302 31.278640498532429 65.949839664616590 8.758630485510677 21.505873366106954 38.904967280272814 53.418748549494410 60.129964225669987 97.911042329433499 0.593735011944729 79.870620882420369 60.275889905693788 64.700292980274668 25.321884064545706 69.915081251440029 78.668566971921564 3.904190672736008 2.180732926631346 74.401076623437561 63.311669771897058 12.626332911834625 17.077908799643438 73.929498371142174 72.160011562545264 30.405513374636872 4.093111983149766 19.829067414344713 16.263644580496528 50.380773186196535 15.627543333562521
32.569999559442351 40.014768258808118 80.763022791134659 28.025226685050018 78.581998151556306 44.142292573521701 7.639659558042123 21.481436288532684 86.369004789622167 70.566969254933653 36.343595167968587 84.798472620683597 24.186009981166411 14.411519799500782 0.212040014631232 72.203122361310307 71.842100059978776 71.236789930346745 77.717906701184887 86.961830271139902 82.361681694629738 6.891848311343840 71.939295481633181 26.949681775015609 78.553218227685164 34.431082449316833 71.829941076846623 60.640582513567907 43.649712964128199 0.916164862221003 96.796072318171483 59.075807477634058 91.143603052622595 18.984605505773157 50.127620888510016 60.525992997599289 66.675975605713873 13.837608773865206 84.746549193757517 37.945570443040197 93.420314313626420 46.070673629899417 6.671360599731313 59.446345096649836 65.013853876283335 48.558622153611765 50.992343886025651 62.924918151562117 83.434364940409537 24.340146764289106 36.036967813545942 57.251872159430626 73.914621529988082 33.678377347279763 34.509745267647276 16.999530618186355 9.504429719193242 30.220311786847166 8.966819295105088 44.393988324354879 48.553671786127140 21.957615813416208 74.934544716254720 62.359103472700561 80.041375263823298 52.868796600061515 43.295851874317123 17.144142690244667 24.719714011659210 35.813372825701272 72.089979232252034 74.529307703471474 14.008961699036959 22.244034594081839 16.833383970086537 15.889840892483731 19.126732349949727 13.704050702095671 13.824529004846520 27.562242315407715 35.070421459836545 88.638395209404138 25.805324159327657 47.445417200186505 94.484176930021022 93.187891772427832 26.522387202004527 66.555426317534796 46.809586943227032 81.688056235289878 26.107848447513870 73.906498345366771 47.433675880448398 40.823391212455419 71.847761953727215 81.409260239118893 49.857163685188901 48.284610342749346 39.900515933597269 7.760316557433766 37.281000678230427 75.099016569547288 49.474271849465282 68.925227172766739 80.644410159643272 40.520663326089654 14.970083810064915 47.353776992935707 20.638968128184800 36.008964462089921 95.566799108506373 29.576490961674473 25.291633842680895 60.134557776224554 4.598218232970930 28.545450019473872 2.086857725501789 25.180561182864501 78.049985130631185 97.023994965802174 57.154992454993170 25.337872503461146 40.422304131232536 30.247765631542656 63.208088810853901 84.657496367421587 50.306756075599502 99.595577518503049 51.011033506257363 82.920616608951306 60.924939649076251 53.706142463785213 1.928818996945114 46.306627986640017 52.521034756665088 96.533404409965016 0.841282934042153 63.021162126681084 93.196563426973555 20.080608495381426 57.060905181799640 67.057648264021310 31.308757490760065 62.074198276681912 27.824326933831035 92.595767860670904 5.674280501004192 52.753484134223250 10.731641363753930 85.586772935843896 29.055109247127941 53.958334704251435 28.965866105968662 32.870570744722670 79.864020779872163 87.849703128753461 66.393297893118486 43.859095998508437 84.708670449575479 42.713847517553141 62.635952272581285 16.888680276703816 81.091418245191633 21.697107688031679 31.358115805562960 6.819909816779079 43.030459999756054 95.560197344993341 88.242801490249320 77.534330714281182 46.393311823193095 78.105421230248510 6.093313897501240 48.669147915582059 15.176355221344640 75.359735745780171 35.472149524629572 53.043418764461173 2.250774218174856 1.806884684245724 77.467333587749266 82.119728808372415 92.015756435689042 73.029328873340788 27.615579559954163 49.563140207192482 7.836493810166045 86.142101331455962 36.315289589325360 12.978168581430150 4.472585798251504 45.089651912094162 96.644821847159051 51.664263632454244 89.995153538098648 8.150301249603597 67.851206373774446 73.951571620989185 44.883338427163807 61.628907242555684
43.208488573415373 29.021928763416671 96.098197935923594 95.361516770553237 86.336427623323985 1.927324641723815 49.815875260291008 0.546472096273543 24.909513222469304 12.106067306290157 66.963992004448997 64.023429143958822 33.183211527748860 80.332142909392871 55.557404657453766 97.581158271474038 20.064771593723950 22.751329724505165 25.381055570002285 83.448181020756792 12.493429213753371 94.402309551692028 44.229894829134707 19.168092576575336 46.876222537912312 14.665419686765468 21.932629251232228 21.453051372393396 68.254129674009164 46.787715112534741 21.966546556385190 22.867855651808977 32.600414073562689 90.999295076215390 45.279387014174169 79.709185979789083 1.595905552652621 5.253745205779881 74.260849070394656 9.630063098782282 23.560151063499458 64.971916237803711 5.586433438084182 69.179823078526638 35.306058107974771 25.219473929056235 12.370089473585145 38.577412556639715 79.709151742632287 65.976461332544673 65.979538931130961 29.442249063946278 5.623192991389558 58.204145196524173 53.476844117820022 67.908818068437725 62.768099324830814 80.827764798902976 77.665513040671854 13.137829099924026 42.150579377981565 83.541674501004906 41.854731357703237 20.140428591643101 78.788558687152261 16.043457745852784 53.323143044423084 7.260888363081952 71.055661763946716 28.984030559507346 9.517438432005122 71.948479845400954 75.040705260922010 6.315715100944164 74.838569736532321 5.987745026049074 23.025258915145173 14.792738771388025 94.875375950324781 35.696146069217519 45.307731117332359 16.304307678031684 42.899842610002928 11.173988304907533 74.138494930920857 80.097204455790674 62.623228960006792 35.537722205352793 42.329740981643013 18.516534253383266 26.165419677162639 41.238990858175548 16.389739165498231 33.115876049505744 74.153560547694468 4.732683355699685 72.125530859683678 21.136849168309592 20.027972507352708 70.229862632411269 17.647923801185062 55.586769961699730 50.706594831033655 25.425202135842106 91.826642821974417 89.090695474467267 91.547214083020336 4.725689834330737 54.371915800829676 1.779887990030160 21.160612410622036 43.682517552322565 78.496285179965014 94.037664395100379 96.246933981619193 2.640515171368896 86.400256166325178 68.709126825625361 21.749353048045716 16.367717200965060 43.882307391130951 81.345105770740744 34.191670079398975 39.867600325143172 30.248906144940413 48.049808172100548 15.170507761627139 50.624853653425220 30.460844476965477 6.847552087535114 55.946024759247656 31.088742521237613 71.521186328197771 79.546400813622114 23.586283743736104 82.431640880208036 10.210057085971746 65.969910387501244 84.272971887355425 24.071495960524558 97.800706477412376 57.876150898671142 95.430673859086056 68.836307744727790 59.452182617357053 73.282295319917637 85.977786223579386 82.786522097244017 96.215552577719578 52.973176634715379 58.966561089741944 77.891053084112784 64.230220161738444 11.622395068652802 95.353531403196897 67.529619084016034 6.141640263486581 78.990405989933322 60.607442326040051 7.780557443477864 14.085576715907822 96.573375665671563 72.992803478953135 92.434835060489817 10.797480602303722 76.040215587633739 16.377965051398103 1.334781643203564 3.717965718102489 10.737128610603941 50.365426646773471 77.540352924913648 33.318837579484835 98.734544470135404 16.105000509446256 84.129878990422640 0.127980913310799 9.895194329786383 5.579247467640025 1.892665388350545 82.879345606480896 41.168577498359184 39.506618062808499 5.914644858739681 22.017695070468889 48.231828850890111 58.834994466455740 12.259363280844148 57.461692335899542 54.692999629300409 63.436675375053632 60.834851480132258 84.310679308931711 15.271937963316329 1.299301390650598 98.582836901436778 29.858147259247236 16.429561560694950 87.272510663265109 90.759709132931476
85.201948013080184 68.938761641364692 1.889833640015970 4.847434502995595 85.139459741121840 96.672610506985166 62.481209044714106 98.327240031122983 12.066128451981960 73.301984493834084 22.503963875704457 47.806898295301018 98.459936889780792 79.954311765573649 81.115681307125058 74.121903643143767 29.068461359040676 95.401447584577866 55.841676904805205 25.353802115993240 21.429047647894318 39.826092004575976 15.317641363848756 73.620710307525783 43.833486384344589 58.802536014625694 10.406505764842811 55.919450571212472 1.599967315253970 92.097842838184292 71.140431086487354 42.533421134561877 68.832655160442528 63.587116701499902 31.639099215351173 37.918045770759178 92.670530887437337 51.587895668974440 27.675768518634992 99.311025227387134 25.041445177551612 59.445587926271628 95.503626047425868 69.649823205162292 48.478510660821996 15.136558891244423 55.156656593252194 93.468194343052090 21.934827329656603 0.468764479761552 0.134289943431776 17.128115021885048 80.447947803357010 20.367987155059531 93.779924740468090 7.518637206053724 23.006290090216851 34.624576187272737 4.723966379719347 37.655702790854662 28.106752595541153 75.783852321946654 68.797281206224227 42.622561132171420 37.704695130279255 54.341049250117678 48.498240744856204 88.978587627700833 7.860522753857724 68.412241765850439 39.912443989268930 99.556013759450508 62.732107662426408 68.760709385543748 55.004734492983474 95.653804237547533 64.156798105809528 57.230143033623939 63.297660040904482 86.698992746511365 42.303644203476296 42.791942124345141 55.560184270561649 84.559872729906900 51.625132727174517 82.588738506835696 6.656829791633056 46.202923023472707 81.049924690489760 56.684228537716422 89.430087809038213 63.485462804372084 71.987516098314757 76.332423489043762 27.422157508023538 52.951487567666675 3.824922684915300 70.735026197562007 80.618167667482979 5.892583758326541 13.096838854672189 58.709957228773987 47.892115038263626 64.391509154227080 38.164630063087976 36.394056856887204 52.381158979037409 46.550965139258750 17.459052003814424 50.006163652108562 44.129075027001598 80.605909555425924 95.026747680074536 19.647707215610378 69.029958721012633 13.666237214015553 2.733367577744261 64.557082547891540 23.202359404780314 52.502578659592345 15.265775460917041 32.922864079755698 86.475471593684659 24.335220664084645 88.551236436118899 78.955065151008171 97.859645367526383 33.405413629525796 93.616178315530576 90.987846536817599 33.277684534445243 39.027400773575408 51.665021879057115 46.757683936578246 84.010304461579850 5.523524269815427 30.209783594616148 91.992618357212862 65.584466558278834 27.743165895185395 94.457468306917363 86.855464026077797 41.836836704453106 93.322562942006428 50.298911832030498 81.764535184022293 74.751369782508789 13.122407240557997 99.855321628400247 0.515389509055098 28.304187466385400 89.434123552821674 13.355877492190960 87.615383126534454 91.724704460128919 51.275389210091184 53.065583141624650 47.423535481931680 23.610320292498656 43.631286742344479 80.023534838171514 99.139711315698904 38.391692701404409 24.175598706130287 88.588372991405137 57.334329931420079 17.342176716293622 39.768319605440240 95.290840758968130 66.348900624925221 99.311667156938412 78.340258560275160 77.927877938464960 2.069957995735627 65.718520814618799 31.977293456172873 31.897430048166207 29.172566027996659 41.632754923513779 23.310296716396540 52.767861368523839 28.637358194088215 98.605580325319551 49.698814341060093 58.065536249329661 40.532705975442973 22.894698321773422 22.703533708039593 83.335914010799655 43.851539124078002 20.051484082243920 77.977904894248681 25.665243848820918 33.772794947396278 56.253538597895513 27.542763334203002 31.355536483061464 88.760280376763717 31.875716846474777 96.534860010856065
95.973390233369031 6.569874438817402 64.989870452237184 25.767151496459395 88.192866902339190 45.819595017387357 31.867000160168423 26.847974078553449 21.976073938298924 50.455900193948423 79.806533755203716 70.630884712004999 29.595604450321133 19.492728454679366 58.896992456550180 47.249092122587363 4.685664697605841 22.303867617759444 61.947231209870409 35.834042340267558 98.224051981342825 26.512461534213962 6.011067327881737 71.318668598244074 60.398721309957402 92.140249407540665 18.010101060263828 91.792876126009276 44.344882110964420 40.893082814708634 44.407441579130435 16.138453975057899 38.738642771626829 55.352622170506351 16.248999429453203 10.048778592393736 54.957370097410397 23.679099755471832 32.180217961339771 67.089434851344080 36.277138558647025 21.274674083914579 60.354404591384657 90.787180106924453 78.911549627237960 94.762369449402584 16.781167658745112 10.124995155548778 34.258353181506550 58.414694968656988 80.310474919022752 91.204491650886254 52.901870557021759 47.311462559752201 9.886230519279849 18.602998101706781 10.674502381851214 14.877363505408470 6.812923523804770 19.239353157291884 61.233649120064328 27.135169008312875 2.458866140863503 10.953636061310924 13.919322264772338 42.251283581017539 56.189416603268846 29.000769334875809 57.292346982583666 16.797096674233469 55.037210343123434 88.478728625915366 62.053905468843965 11.795451906516885 48.101878618622472 40.997329136090578 58.397479341559688 19.170917818858189 42.150074951228248 0.993469435023708 82.923040719135585 37.459471594911356 44.491018146035699 51.528611228270414 90.351701954884703 63.122712331207396 32.871552831260196 57.416558546965305 18.447236871112725 2.254107009846273 39.393550573659631 88.567425672355100 13.594405641407182 19.111606688311578 30.678250577709697 27.500992045365059 3.198565415266363 39.051046036697201 52.383677320615043 42.417146197763344 30.038311876467294 83.159547438326172 24.777625107651925 26.755269859637167 16.560188778817164 74.209052651970438 61.580598513834829 66.195212582946809 30.023694106215824 48.273296589212109 27.341670392779548 74.132924807905738 90.593405006637113 33.841775942261179 25.914191854407186 48.835532056262032 21.390008545752426 67.858830143498167 95.523213835485180 58.312594232331662 52.478892065814300 99.547601032175123 56.141927391076095 46.313831370381799 47.482199562655879 40.707947230069117 38.373433399383494 8.991934536473167 0.136847932678752 63.076854436084872 38.965701705141122 66.160257273701646 83.929057102119316 33.407597806038034 77.746996896309867 55.989509295548181 35.434410763301408 78.286852160708321 4.817015840447658 29.086208613179355 46.904805191141598 9.591582153452272 8.501046199486362 54.846779189492842 57.135250459281764 99.935619336805161 36.747559098469793 80.222558733252185 14.421155481946490 95.993471882773093 40.201486009915797 76.151661301422408 48.135246404329934 96.758539530616105 43.914260243861115 98.397992912224950 22.790995983420782 8.788009256676489 1.754700301923118 31.404163151176512 75.490332938213541 58.400707271071703 41.042576922407527 67.320187973603041 94.883599796624750 24.688269049621404 81.052560909565258 99.879102018111112 9.735533170208866 6.886442157208272 87.594813286489597 57.346970712099285 55.776071724520406 13.332139289140487 42.977472631059655 75.924961751909564 90.974387636434301 14.608831640574937 88.095207448979238 81.751163160902877 62.785804979576440 89.566184101371064 57.753672632033201 5.512183068369447 48.722025949145575 60.639516761305160 52.427347071972896 69.541932031292021 36.397611350224544 69.084246398684641 92.429063250093677 0.877923821501714 47.738610337997557 93.147149583406815 89.035685289817550 14.091845533617686 25.760088682901859 64.937362555127649 30.130078846408459 31.582569610252044
75.886342525221721 83.502254785627855 63.997287427943270 49.782884667869268 12.470445159901654 92.449726326989705 78.315318701178398 42.585559293708982 32.774264131143212 92.497343700331641 70.139173339008110 95.715221465188307 34.863810492282546 18.995687756758162 17.393200382918351 54.085325436182750 94.887169946223338 54.679660999068901 6.870980172641650 45.221451453570303 64.263245319530455 64.631219729486375 50.363261875685197 93.610059938971546 51.302410269060140 60.642629553359860 9.977581136934322 88.085730686494813 46.866535903807737 51.030441380535130 76.846178614759808 21.767162255283846 29.435301144106841 53.509190448238130 82.921419392819658 2.378181338295360 38.481402502145770 19.817328760035736 74.686895940607997 70.523893730669784 54.806113604386951 87.767156682520167 13.254633614875910 65.550329706730480 87.642177121182868 86.095545391575612 4.656516409870315 14.536713425708481 87.620564873356983 11.158161708194324 96.603321102953359 17.646915870600701 15.145631762774636 14.298508999260463 18.666017505725819 24.455696348297529 96.307417330082330 30.830437022764233 43.350499532082111 55.415499121486242 45.966137217604654 27.972856658114409 45.367567651570582 20.045306417588971 87.934514619626029 89.405106977977468 18.508064565525785 33.697129995172560 0.269904485165218 80.287545229358287 65.006329828583389 26.700983585584925 4.340372008264747 22.669416355045215 83.474562399998646 68.184159860269872 99.552981073901165 87.713177215475653 21.329120390198874 55.238610304112022 2.500214250427202 79.938179934003259 17.063066453840246 15.180309420623461 98.883932642003884 27.060834889317853 79.607469885197148 11.884088850826524 80.992835609662905 46.410787478190429 93.129634957227282 49.716842703474853 93.705133286045054 90.902771540464727 14.249645872865235 14.756133999691379 27.278414469330446 57.636464244463212 14.126613130996734 76.008777368907559 4.303284899288351 17.129036557896161 71.843765834452995 82.383705603606927 97.850666880997736 51.956027094049958 17.714243350160675 90.411321323582669 28.052266840478492 86.634052833026772 64.953259899526259 89.057488644762373 1.044544153918980 95.363587571254598 59.197768114023695 15.474498566681760 30.220608040676577 31.792036627530596 70.555410790250818 74.181131518240647 4.021811208104642 65.901193827942279 42.593285642733477 15.425590635352327 29.164884164304794 70.306692563262999 10.818776505404005 70.229999949837747 50.713546479975768 63.104477841524044 87.525936871872716 14.446965835411429 98.316803965015495 35.924137856452951 88.072289680567494 79.285774984928693 14.682411191742951 46.350032200328073 29.168599415228869 15.349106685856706 56.624840599880621 28.952337935970441 41.746051135790132 22.903984133657840 37.569109537235803 11.111999898979919 70.404592325496026 13.563975054972222 65.183842694213624 82.742682853538142 87.679239492495810 16.261348545701249 10.482658238519193 25.473111403559180 39.718521454132571 55.990606856048153 93.508399152578150 11.398988142320887 18.636238553677565 53.184700715849218 86.249001298302147 18.343630218509087 81.472491369637424 68.465910316670005 73.004135265635057 32.705173057811209 32.885889615125116 97.356456242194653 24.457818145558051 88.690337712081430 85.910143776539726 50.576033600692142 64.076137736528295 96.103050891324514 2.511070118764924 67.877621192946052 54.310573610267035 1.890604690740350 72.739878341681660 23.719120043212794 73.102922926696635 34.183607424255634 48.693707300562153 10.468065527421622 33.948245678400554 96.143974937782588 54.736685131540760 34.135353860596993 59.748252279821791 3.627363158920338 21.489608183244314 73.377333927218231 12.716006323545248 42.712647645790369 8.614524900073405 17.102717233732267 30.967192384020702 92.182257846410991 53.750494881100423 83.871867326699245
72.976852470939562 52.957313507410085 25.467775140603464 5.831007492188489 65.602079794858085 24.525007526470777 53.086712580835169 55.743280147612886 24.178529191539020 65.124871530163261 26.730999458689364 96.205543324958299 81.184026084262797 37.989204840939614 48.027165056022660 84.316742828231241 82.343928058017895 19.877777867371616 57.726659851546266 72.403673427423428 27.534522521475825 91.346376505646177 18.289852830304888 73.399178106838619 89.036753564126286 48.458417348511738 57.305083146734262 80.903509710696881 78.828439526899572 97.143527496340525 87.719961299596036 29.938163012002761 25.166908401404520 97.534010860273256 33.402133348763115 34.175660015690212 42.578279724282353 83.940982561804034 85.374953258736113 26.121587496314490 32.757226146756310 60.275103360042991 3.689377387540671 29.209600973700521 69.657676474023532 6.984136195076696 99.859069515801750 63.649353721235535 39.044838608347924 24.016819905779730 62.469126846812664 97.466198477997125 45.832649269485458 74.218186498088940 23.188041541421565 21.832178207187013 86.387396570838376 31.025776362792769 49.002657453704060 22.509808221098069 99.162484643950876 36.466545475736524 15.855580418776826 14.414466499103407 34.921246503151124 14.149366754872617 1.199460083424864 6.846977880888872 63.516832096093545 36.751277672585069 25.333704817475887 85.671135278572677 96.931860577641217 87.474156796478653 54.577634807882532 87.807476752586624 30.684340844975200 33.582988171271410 24.141877595898166 81.380754310067800 58.523452725380544 54.017491270064831 52.370277072039862 70.023373081151846 67.099489636506561 45.534930766570071 70.599882217254546 47.482791769052170 44.179146864606352 15.457813351023342 61.180200716158353 47.679107118640971 49.630519018773867 26.318636698989117 25.618934052037869 18.632357977579950 55.413419690655260 79.726005662379208 29.969270485045730 80.177374293416023 29.019898259086276 6.596674652686529 84.475229322836626 39.395806919374699 59.021229581973166 75.423972883585407 5.527139870365295 5.175540689411051 83.717119508971621 82.408770368057986 64.670567044849037 60.660033138638468 27.398643957122403 1.438706827705727 33.518794339355331 32.752421198202597 36.939698210903096 78.468557517866259 51.542336489879638 72.026264752271629 77.518334818215678 80.143338497331982 18.919569312171891 4.040724273343677 86.306237383200695 65.646533833404263 13.732314446590554 45.808877575302731 95.383936747747398 59.714724161526533 12.361097432676605 8.295253588573082 85.486870852095961 93.168272369623324 18.217714054808543 23.516307264122894 58.547040629918513 8.680592339648019 84.948265425738100 67.569600362896381 81.166049712653773 5.829307138528983 61.427565424557351 83.483455563846107 47.314279468805672 65.221207135836167 78.984894539773649 23.678765524962564 40.482466563746733 43.868846382685298 90.459225125131425 97.304674670989343 47.452018524520703 63.545571217343799 86.869952401977258 84.572524568060743 30.918162706171536 1.997329595305097 71.132526295591248 24.404299120186700 1.204876973706126 29.523818447311744 48.089556457278803 47.697812210411762 45.373584162903711 52.209095917900349 56.376869914096083 69.672080021409769 84.406717053699381 89.647812639235454 39.021118075062120 13.265342038801563 88.548722858057189 62.770607633200271 87.767120077566332 4.486840436280826 32.685417661604902 89.516588616934030 55.590126029329454 38.155601568597760 49.636231686870403 95.457469084110585 83.298557527015177 9.720384525551074 46.588774632524817 65.378651313942569 89.623803776125271 26.084568858428458 18.860034174511163 26.192851520790651 88.548233066378771 73.315566014516918 63.684108860839416 94.779636986509999 76.569069346537120 67.477721649166028 1.878077508250542 92.762442026465791 89.875301773134836 9.229836586234130
46.683604696142325 3.232492697152578 48.608863837658944 39.773508075572217 37.013085008751666 66.359409648281826 22.173949018561711 41.576257543249952 36.101485899900418 73.038911063369255 0.902386371473862 47.047178474804475 26.452207607404489 49.685640050187516 39.764877240949836 10.284844731817866 26.166351604863380 8.273198886312716 8.111859522165698 65.003518239187287 53.330921177588053 55.307351699916495 28.267577548197529 39.031579507311243 62.907715662599465 20.535924715479826 89.794148295290626 52.957318496015702 61.599876382685245 34.307105763178235 6.727160616348582 45.760119988105842 60.798119810825014 64.329845427325381 72.512472626036640 18.613556835661637 15.958983359901069 96.744033637827314 15.920901431005763 56.245624866874834 9.179046898335908 83.170454401346362 3.767739782876867 87.784550163040407 11.017007718588612 51.288887101454591 93.572984425076939 69.628203363945602 79.656017391426488 72.314483915981711 13.640647605768530 30.329416680193034 81.660669651965705 33.254212115262241 88.216345283731457 68.388331222753735 85.269673306370763 83.155902061898956 59.586468436986614 14.914051714579680 69.795860468639631 11.121853360506906 21.951182581920492 59.920920998567759 27.382816491821551 77.527048374008501 35.378052364565129 65.027085595983905 96.491833870054080 92.206304042876440 48.017769754934370 88.119363970718354 60.149423872317129 7.449379067459782 33.351814478338959 32.359078959692198 86.734554581347595 43.568700989588024 61.166014954668192 60.600882125972092 14.238458221893758 57.048060061502440 11.779503669583757 19.217492593492345 51.399224973194613 22.292611029851571 68.022577807905421 14.104110088828904 32.267914221769566 6.515192802785752 29.133259914493316 29.695780980504118 57.729398147863812 54.503836732329411 47.968273084711008 70.538082245882663 64.899426316793125 78.501274831558604 99.221777365156299 7.464455271691339 64.459955776007320 93.019018991986030 58.552173124241733 24.658391773735254 40.319424175744800 34.292219034341620 41.767747919954260 82.281672192793465 71.733728350864581 1.304115559687835 94.156104117724126 61.709920675419930 52.431858861387823 89.895843486985299 8.519660135882534 51.681208968502325 75.019824475035989 88.678548898355331 57.407166810424968 50.337212169562306 59.111543979188994 5.330427346177369 88.514200449723816 64.905215480007897 63.986934028218975 94.129958625128822 30.379754709603368 48.809942029229894 81.518762243045302 99.235020514923022 65.718285173726926 6.970597624620078 91.746670511160715 68.037504131585905 95.240121163381815 86.894402044672731 84.593743178269349 91.822533469719943 71.735798745046552 28.664758221175834 9.265847728807419 5.718854959718001 63.314645196706977 17.473832394841516 0.205568705260006 18.973084868022084 3.653827606984428 30.153556156383800 19.349356795557405 89.743469185710140 27.344254263965173 15.864542788873859 68.950311046957310 14.884009343228410 33.002835436069098 13.394336503936977 12.603832264939374 69.329982554100965 28.579225173086730 91.889072381212429 54.396845439076102 83.878216663049216 2.855709799845407 85.018230926904948 31.476767380157401 75.846030656675183 87.849266239601249 4.558287437768427 56.419939884802275 54.502899849596709 78.960801264385864 97.513964891928936 22.251737493585665 95.245403974489889 36.550851527205467 27.527954666765776 48.704980146030209 27.757679681319093 69.428263503504539 22.419968282531677 37.294160213033102 83.682484331921529 25.125950464017155 90.785948723838487 34.314275420419847 72.642184068475729 94.331800229704015 0.315630569968683 4.163150411549821 49.978304803658055 32.745793290267819 85.385770501073964 89.405466372000404 89.762402812837450 39.940773018851928 50.166098212458600 65.305749470890390 24.877666840119716 89.186348819670286 90.826999350265936
51.565237262801070 52.368644496916531 34.806342509821334 17.538757668746484 77.176023960445448 88.656285497740683 43.902822211686413 12.785346983853330 85.755875068959270 67.090538969457128 63.598114332288617 98.957763244775236 37.186716418600909 87.325476685258820 48.468501332047651 69.866666674480697 49.579264403797339 39.483280489560769 58.084155933294966 68.691435744360618 26.551751571602622 90.158246312728664 81.316526325664157 50.934405604923796 59.283147526520288 46.299546949835424 29.255113696110957 36.077378683814032 84.955847741335788 83.365275672386829 6.885271075785171 39.094965138379244 58.362723536536890 62.612948824831115 84.709771723321595 43.070593764944995 25.709800114120295 80.979854563793779 72.847636688455225 73.381187235018416 17.375749057031321 95.029587498166862 62.117285019933924 93.695797237697647 22.471322664181670 2.359662478745306 84.058338161928376 12.731923178571925 48.919139708630532 45.425472756758623 4.495350036939538 36.434324338647947 73.789719445342868 16.116216154080966 2.609830226593657 38.350077939478354 63.120761294460756 49.371273503881341 83.841415111833754 49.546870304580160 19.723204584030039 75.208235604113142 46.009811169285328 64.851608419531487 93.989512653282134 49.266555937222435 26.166559569642743 56.036590028588876 96.783012976790502 58.784729594267318 42.659748033257273 60.018107796621955 14.361888275088319 4.344825953153409 34.840671221578198 2.695249063502936 23.385322556450184 23.896314216666003 36.662870224897880 93.328046342971433 94.830014103834188 83.124113044068963 89.160454730178373 25.951721382131243 65.531729132842500 76.028565713334345 13.563905765400364 55.391081824040000 39.205376844053738 85.841054573537889 42.633135578751215 39.205095316901861 72.277050516787099 66.273288179029308 48.409561040121588 8.987638100868834 44.684637561942722 24.964692633805242 60.279029225880699 46.629943040219231 74.413754536628090 24.772996301349970 39.584492002534290 38.063453671699619 78.125003579730517 42.935459924509878 68.148822383968749 79.817723004749894 98.769667776921395 88.369444641939523 65.736567873481448 58.475712350772589 4.059987445389757 48.095594612108272 30.510861948254686 81.199284165522045 61.183149406628978 16.673620852344651 88.673720392905992 88.146356256768271 27.762467180812280 9.412250176590897 4.990613790324261 1.534785919460269 32.838190564194555 72.789784951153464 34.814942225021838 86.980811085246174 10.109190949448177 95.063164452529961 71.640927418872678 89.778992510198236 46.799777244966364 5.702697345886653 52.873068978076986 7.004482481959995 64.609170218474318 26.083203746651474 25.048448272006784 22.031182581678678 57.724703491352223 97.323628438622620 31.671387721920375 30.706691792365760 0.815146091064500 54.088460647002215 32.129467520834098 73.346773886477152 81.645421663803702 26.101006940684591 60.108382420510821 77.991622718530536 10.478872126213467 19.697190197209856 76.121945140024593 53.297967303243318 14.295204032287200 37.313186749084984 48.798200117288879 84.778401459069869 89.176042206025912 23.355535572577768 6.637896072124616 81.619916437813160 33.643608506796681 2.278990696752570 7.530206381487659 73.865676693079891 44.716618149494202 18.301121631436491 81.010949478657778 26.645021837740490 75.767296086724670 93.279622268714718 82.940101265316542 79.084402713221863 39.402674658328493 42.980912667172298 65.847916369620179 46.036952416821421 76.151381875750033 16.148602004463598 14.274246756767905 67.078658705560116 80.352720075286996 26.258539640665845 22.374565318874893 94.297690592975684 79.541463583513661 92.519985648641907 27.561304368321395 32.685052345111444 31.296240941430888 72.399402527276351 19.427384912855892 23.493728656019954 6.321327480044825 57.252488632996567 20.524576992792674 26.522910106645490
93.018084295169984 27.187396925305929 24.361576436437339 47.785087088713738 80.321179891860524 85.669170836751590 44.675024476297587 2.902777394502565 86.703667337283349 20.700260405316474 75.818816370734666 69.468254119929981 36.841564595628284 25.831518827172285 19.382826221342619 23.087227674634704 29.549476871637847 66.961779692697021 76.199927211218508 10.278459582912280 56.617766003114035 68.030288589074360 99.608775186008927 37.464034295134965 65.330394488343188 60.556468596128163 76.107664752899709 82.800221119037417 17.412277636647865 65.703544225769633 47.032641223670502 3.513872371750282 35.531929652576920 62.852951693429972 91.531718604683803 92.047186390732321 47.257133037056477 62.925176169174165 39.661252216942067 88.920109622942618 14.073442477147523 88.442401526732851 99.752928580783461 26.256338019307979 99.065039375267872 74.217020459982265 65.879722045797635 18.643049284731106 17.786563057694927 9.082793235170005 53.800437980436598 23.143382195902252 34.585177479832964 3.999156213587851 43.141041198387462 78.748247355263061 3.292917546724394 73.046804447815560 76.112742921162422 36.676012503051616 9.888103574915963 94.896600891087502 22.427263890458203 22.918868474768239 86.525493027102797 16.876827507783819 81.858754299596853 99.477529328130430 59.148079033951184 74.260075067077224 17.775866172518086 38.005499841044511 37.678217015661396 37.721144905332174 77.791299529014481 59.926491677256990 19.460644080257062 20.429525757808719 1.233630970239930 91.609149804445337 53.128523747128675 26.651720206493458 67.434571529269675 55.996803058225588 55.000204759030026 11.051112026617327 81.377968146515613 18.069299667376772 30.142109513505567 64.219305332942355 78.446809785611933 52.346615575796093 97.150724668374849 65.119696105091435 33.213519344107866 28.925803215206734 47.904707620983956 59.546178374321379 57.521195332574891 37.605272420447278 74.884739898136672 59.679698920067793 85.245140023605359 24.838938327775150 87.938519884506533 31.238069393536140 37.807387076527263 58.924530653070370 51.015605366367808 97.336042706075432 74.325180871786031 58.482144300723718 67.440544955401137 97.560245572615898 86.359215450200992 38.935579120918597 76.099026011578658 49.145505903270390 10.978829499083831 17.153461607051625 33.879404209151190 94.028767236647937 71.729004800274410 18.406465523392257 11.242810382529534 16.306534976083654 47.410796152859788 55.607308719549827 31.122690504466277 26.688401305429277 77.484579713421539 72.578738454420289 87.838444378508711 23.053108453439421 2.603526194649897 39.034224596789649 84.543568761812537 9.173600535208404 84.530766500569882 57.999079854895385 25.254281326262973 86.169480123068510 78.820181250826778 87.076387891772640 83.724471269372231 82.518643657973286 18.112121653652878 82.077267354451308 10.899341856505785 46.950710630589157 9.536463397571149 15.142291413167818 96.299983542355719 84.871693747078197 12.833561132648175 25.186180996380902 68.855236906384363 64.098058614098491 95.677003861606053 43.114313128400219 11.604636802543588 21.475528036911108 3.282518623406139 70.287945472231883 82.820600465295982 95.437823844961713 2.824713675982005 58.785316166977623 62.447387699497469 22.269092991241834 12.827495418274271 41.650087305827284 1.637850809289487 86.382279787601817 72.551618890528459 88.995235247452825 80.942031289911469 13.810000855113170 91.878139338510948 16.055866937069261 29.342963241075338 17.811138771795775 52.715984299463294 92.356963197239494 33.285028525226089 68.759404379536164 63.202767880067981 78.275141077073513 61.538451625509992 3.964149700052200 95.317322967309664 64.997046558610108 52.448061403429080 99.973120492752869 42.978036251397981 90.854336278383002 56.109484827006781 82.531924030172689 96.571638318602098 55.277978978750362
14.017315715201207 54.303329532215081 58.190475678791088 7.329734387027431 91.782772147204184 80.273371622164021 9.168346480867672 50.306048679485386 89.783343907105504 85.560315280209267 75.150347494564656 99.711140795619414 60.256270010244819 7.528038049852148 67.385795310128884 75.996164055372091 65.131563452006787 23.679145801711954 81.171958898975760 52.831794955974829 63.667073205389698 76.972162479747936 51.543127734752581 89.296167216750931 90.575662308839838 79.018555629636552 82.891956474872401 22.288683109458209 88.383308740360960 59.117168071894000 91.271338579559341 27.745364086066694 29.074293503499781 22.579413659130044 55.725946229008059 26.429850629028962 66.780182429655525 76.530136192828863 63.554271989417956 53.171659793869786 88.640790647378026 47.427743836113002 14.384646657232647 45.845655553853334 34.215026993032915 8.963851592609473 61.533795459407933 71.389806309887234 97.945870812946836 46.369023284593858 78.390683725735400 53.101979048511218 15.645608147736834 20.344135072124235 39.648820350359330 85.639625803538635 54.151351947032211 70.229517312237817 21.864609579417206 55.528225951110201 74.418032963260359 5.088760605301712 17.693649963659585 82.386223838934512 2.075811197795774 95.563275327929318 54.597339082420937 60.767879046841813 52.987276233503891 37.117925325569686 81.053713422980124 24.605099290326759 63.473570555972024 17.752337589780844 5.894237446824779 93.087970775554638 77.255677128462651 51.502891715534183 50.562926849314152 89.199493127739188 88.438922733286034 74.699392830772766 81.862125563942797 74.147682354141452 9.606781942826004 95.906233815709925 51.401820303282072 24.101449444114465 56.495532816082047 43.874673233099301 53.393802493691709 88.833136916461598 94.562707782619270 72.190644809357551 26.923832269015801 79.875757394711613 79.376640897369271 13.570939650031766 61.759369574182188 92.240361185381929 65.489255639198518 46.345923291061098 25.613201020285224 80.836165524373101 53.036658971258319 89.748664289980823 48.024048563586597 57.026533768350930 85.444844233965739 40.754023023437334 51.747140002429084 52.195171202992242 51.797449122331138 4.317529253962804 47.470807631190972 80.962278204403617 80.649138038765813 30.485573165761114 24.084006833427697 63.033210106276684 35.904443700308406 14.334814978444255 4.796935188085882 23.953653149515052 34.109826899572525 48.529958727328989 71.030956463848256 14.480416262305573 0.231364284596058 30.921648166178162 20.756477304489550 33.756697925858894 34.660352562607841 91.760801301645017 84.072560092919275 57.077621130762878 36.844287921324735 81.911149571726426 15.601505070834499 55.533425318513387 82.867845995262172 43.055830912376834 39.749742849709037 11.769081222924804 45.995167401092615 46.891623509618086 0.248619152008434 56.415726965246819 83.946939654978465 19.701443322513988 67.043666632668291 79.797241942500960 27.484137829180931 88.857384192426721 81.093225012445231 57.533543259952069 47.003616127377413 81.400518359432454 99.523761519956693 95.066122874491242 96.152918800583649 58.202642512034309 34.054291963651274 63.990755463489748 52.245755891178739 77.367981548418655 99.546244203508778 32.382979517882063 66.080640941853702 9.472723879487354 57.841464271690967 28.936753846339759 95.421585289897905 81.093247023190372 34.244486993519807 8.213685318578356 3.979126205344274 96.023687347699024 9.426319239233926 71.460919281505980 40.856107706887869 38.518883057361904 66.937459310667265 98.770909674231106 51.404259912537398 90.045612978667990 39.910533038873133 88.049691826926050 69.371115903964011 83.903070451690894 41.745935337336917 28.501404771228589 47.856250323432384 90.778981398025678 89.609073147782567 0.034465895760660 11.606309605827036 44.125886901459985 51.178459330030698 97.243289497326231
66.179176907986829 91.655828880592239 84.101685249859500 53.355677756342914 76.350734396191783 71.537233600465726 46.130772426484825 85.150547834162793 58.974385990015811 42.766320723800341 77.092277732972448 51.253651084890393 11.101079888868437 1.518907643322420 54.596981276268622 72.541400691966444 56.996727693363859 60.601906914770773 30.025853440664562 16.865999556040080 20.580140846707472 96.546523333767510 11.978903646311190 99.475993935293474 98.330873889420545 90.369189605277612 64.811203696493322 28.933316148284693 65.287407114981761 43.439551556855960 2.631464278062401 20.418202191330902 85.701359178847014 45.313636622285969 70.065267561277196 36.785344944624519 82.739929624479615 36.039206199514886 71.555384573422089 98.230448692225508 61.635380658663287 19.283373109322387 82.449580867665759 11.395377106480076 40.076910669202960 38.119210609236987 29.936569749165621 16.866695914448837 71.724723630979369 21.225761317849422 14.642314072075990 95.487642069082270 48.543785073459702 17.925084685865645 73.285155205042145 42.079059639334126 5.758147296194349 79.647090801753549 69.073480353554658 16.220356016145910 50.031176491466844 28.504529255868295 0.610354840064542 58.821957292151737 22.966181280071631 82.599250713732403 20.337536059269201 7.460378510016885 52.614304881160969 51.072924038248345 49.498826636272128 40.866112940943125 80.657939332377211 17.015413132270140 74.168005691407060 60.463947589643915 10.594670460536282 3.726473565037125 50.986403040886607 72.550278739934299 87.515988871351055 71.583782132739444 65.686447867143784 13.790782297460968 53.688550535092894 64.908530281843568 51.583037250918665 47.638337727888725 74.976787223751444 47.775077720353153 26.665929839031975 97.589068861706451 42.768012758825947 11.013946813754593 55.990670255529182 7.111831860170947 98.148637654816966 17.909617964206603 35.975902006015325 4.284000852290126 46.887987480202533 25.300755668132346 80.009796460043418 77.488215324311199 15.566808456641468 35.641197370886267 76.854166650316031 65.221990906728450 73.326013181485578 27.010474320180212 48.471876509494507 76.267471671822221 70.281088612346565 22.061930829423371 63.896365269538734 92.209955879800589 28.701502981383641 0.519847838239096 31.699163217386850 14.408129485125087 14.844591889218417 9.143232762231113 61.623236515483256 90.019159678292155 96.242417798300210 39.157438368150736 2.757379029827500 27.590438327551336 16.283947281622034 30.317044334390630 89.260196561098809 6.118542036550667 42.109161649329977 88.131300954752732 70.993564863242185 48.084958048762658 43.781981892329100 57.076174379711439 31.026031253445161 1.256845196121481 70.268247036161995 81.543146283904605 0.743338136601857 20.715333342215214 78.287364723788770 27.831679970064048 77.188666696191135 57.607426868729128 71.361805690897782 75.318237030569733 99.596158419088525 87.627906257275669 66.371643971363369 96.587676840940134 79.815870822514825 31.229099579022623 89.095290969953936 85.926664251359981 61.851868687892683 28.334995716006471 6.629688480135421 44.268933196994745 85.235505782348142 31.857091532408155 97.993551279118861 49.724710985067397 75.966761592168524 53.456226814859598 94.893861695369623 31.131652939681821 25.937357688715480 44.860405314734678 79.365094819137383 27.201137718695900 9.201052537009424 40.701383761118514 20.447109551037070 51.549766871823067 29.443524060284009 57.149658255085455 7.997596375704763 91.326599001529843 86.607588048229061 28.278028002279122 88.472182964049125 75.035856013503903 37.279462872456229 27.802443958483636 13.074807554614553 16.969218906727235 55.850772943593576 2.792347033047127 20.200600086448507 97.681376255830941 61.509180813297881 39.546011781322591 68.062759247071199 19.864097481564325 50.410825663216819 91.710076606172436
17.146744751526644 88.171011959284044 24.872285632713552 14.142801715651899 16.337070982756764 45.325922217477654 11.405159340730641 2.845444136147091 56.323566784996601 27.581148024034754 32.664587920928589 65.226471830019520 87.316054961211421 84.056951766583765 82.977174676731508 97.917623978006645 14.869231409441607 49.906863228788168 99.578787347363630 98.744255798313773 51.993623254319957 66.944183561544648 11.532713715187782 53.324725415555982 79.840568273797402 80.813213477898316 45.599336062902609 60.470877573990592 53.006488157170928 73.652894136093906 46.261277167032297 40.359247984842561 38.220728826258920 94.380253947731063 19.037685243121437 85.841730315621049 38.834960921536876 51.178480522188686 61.607140935375668 48.114116724895219 40.685228060411028 83.240784804353410 96.453680548630231 52.950599537595743 57.732173036660498 43.133642166990882 85.367176280133805 97.173560839364399 12.846082592351349 76.218661312193433 29.026978038836006 2.960841511604040 40.707985792988033 32.983904908269267 14.715762502632213 83.507925767510770 54.076290266936702 62.610879151589792 77.564174669702012 81.089780512200150 9.866431903610062 3.263122949326824 9.742912279816341 32.044223368977633 22.158953165664887 22.900730685606653 92.382068807544471 23.670074898417248 1.384280486805556 65.813994429398932 25.635762189214628 71.999914630159083 32.608151315155766 93.978770975451326 23.023654045250641 86.498180047100988 22.970399056984959 39.182713925386977 91.125936216142023 45.639677971478235 38.108250310700065 7.627186842087308 36.567702881191224 47.300213643195541 64.308963926328815 29.243669255598391 77.255435143768878 87.590760776981838 95.338145900259221 66.609322214445029 69.645664781982703 52.873098737259937 82.717050350918328 98.435045796305914 93.344232743763314 23.915572558679443 85.639731334000174 82.201742333358027 19.094591337591417 19.769875162533268 7.437292928080019 39.894258228159451 64.259724805259438 94.987342141906225 52.617401714910585 99.242845735427977 60.833394695525676 95.674675925371062 89.074256029382582 40.779657602944262 98.896994133736030 33.704408896666507 12.743961475907684 81.180362716422096 77.740971381675877 55.528998649801828 32.228087235675495 30.223442869645233 57.228575173144016 39.144989971481927 36.212221489305307 25.448181447897188 93.147759283819795 9.102431220861684 50.744452324460163 18.358230119927487 5.629040882848624 91.393273531739027 31.133428086295702 38.260377949513661 30.393498331892900 90.688089799156629 39.187255861230931 92.121203840769212 59.017972911468810 24.045815432977125 17.649512123076672 40.433650218212016 7.036039543801920 17.769347849034610 1.066138183926424 43.073940916777175 5.015826569023041 88.203651411351387 45.565220622572255 3.912882096968595 61.739052745856362 89.327831397681649 9.371806417366912 29.377466856283142 61.238523936090218 30.122572666932868 40.984066210594918 43.602762105910941 28.224077917600599 89.964798601027837 70.213582567212825 97.161128078687184 22.406011965917305 99.573193838722631 27.139307167721338 62.625583983164354 44.750042650282197 55.965718087416228 74.319349375391113 41.466604255810090 83.968752484292423 20.665937966017665 89.318535738158019 44.276468700711234 56.310849006994076 30.981377333118722 31.195677164688906 54.249386082215644 13.482844084150880 85.113515376283317 99.384244339221709 24.028782578008435 13.374563872815559 35.682375166693689 69.420579802263717 5.583054165848422 40.942087090624277 7.563027457345617 92.838279943376904 99.555961751077646 99.944048173963580 87.414813405294595 70.962799595134840 2.165719961005197 40.004321528032349 26.924541409277413 53.856096754549441 20.285482996744342 59.079687973538540 88.337269634701386 18.966662129462620 73.787578294116713 0.545147687248793 78.821542832302711
46.887134758150019 89.582767350632523 79.413823984730840 42.775215557856669 46.018813850334126 95.932787293300947 24.768708290903362 67.450717269767893 63.395798026336593 31.569154643173334 22.320651687893534 65.076607653806704 11.630834798209689 0.992843178204972 41.309870737782084 38.466213603851884 19.264564096842761 44.269140111010650 16.849811853698114 2.582700170673236 88.247567927085726 38.068790449799828 5.928660636476502 36.279953064852307 81.388640491145466 88.687155579803346 85.560108942602398 43.062828613817040 43.377482360129349 21.761307106299675 45.111981313591599 47.620772365649913 58.812030210744084 68.105229024764938 29.888887443586633 6.291065897283465 26.553217387564999 58.999014717106149 42.697218710443444 63.579258098160373 4.271194271362788 99.731848339985291 95.491722693461398 67.513208489130037 26.501709725697509 41.858324687398415 18.063308839590007 15.594126172923472 91.556403675380395 46.435347913413082 68.806050295208649 41.250351816953724 31.384729614940110 29.961892430331392 33.385267917798878 10.161833497483553 6.468805364870467 59.287005652052386 97.957103116585145 82.475517671945099 75.289886228766122 26.327742309322446 96.082443283887244 71.622720987344380 1.981568698663194 4.073299828515154 18.305717510414411 0.479324042668061 68.894577681232960 73.630247167691479 6.981732797212247 26.055204075488870 17.220481698837975 23.740869171858037 58.816298552149682 68.185947263714255 13.630200119264401 71.300056789633686 85.263785850457424 46.593662819481750 38.057989326104213 65.558550201939141 37.440199736629197 63.582759405221047 38.682541967290959 26.537987823534838 53.251293244779376 66.165415637258903 39.784047165840434 23.561352704348494 23.331290130715065 73.678276176499608 79.888899281681290 12.388898852236697 25.862009533574092 66.378076440470451 0.915391481210015 2.066820253046764 33.134786888665147 3.588243076625319 27.777774668687616 18.766363699799381 90.800176742779229 42.423980960242204 12.314127370972583 91.375882733136109 25.990257639161818 46.801320562476143 32.992562307675321 32.038491187793284 42.148131187932904 86.410020339151657 62.419040850995614 57.584792021473042 34.943315872000035 43.433780539315862 15.845204395281499 95.413699818217978 70.644215582576038 79.672157432849261 62.536268856182041 93.955118508329932 43.270476578198306 51.513095473046320 10.909450732227800 86.206103557268705 78.176771184315015 24.551576740385016 96.275486945850602 46.330095159989391 44.017688302048576 53.924994341412535 62.053242924738804 16.732348090631167 19.158212187669697 83.073811233591968 48.981355355747127 18.011231538693060 7.933080866700171 60.373325515361287 50.503970469904594 48.255952976564863 66.632747205628249 58.077046257227408 18.327925353425357 88.479549754531448 7.926960453035226 20.964128911188627 40.514175320017699 54.113352803430480 93.572312783116104 26.481074243762560 17.609130845553768 94.740814443839355 13.647409843815950 94.147088307484310 19.635039998972413 2.719513331661361 14.635018997115001 97.416172642189196 28.359557277976698 58.896947007106363 33.150750092182676 80.633499439804169 23.058834763752955 9.430228755221270 2.886196696821353 55.695530454383004 80.209185986921440 86.648760429404660 73.630181797737478 45.807400137903834 31.709107838294049 43.451079537110360 50.988475959712112 27.241871036179688 80.821305007361758 88.475107129686052 72.879516952071427 86.325702021539087 66.734450736528927 13.400030587256516 89.153110426731146 81.361568875101469 4.880980587263705 37.253177794542189 39.271947720558529 47.338324705567501 79.800752684916034 89.089533158487043 25.078870548964748 13.916693308432937 42.987607839965946 0.665286615840299 1.772011814472041 20.597388281584550 88.664926481222693 70.361969439522653 3.390993627584726 65.109987247764707
69.986202366909737 21.260820116884872 31.905986889352121 15.335243405002331 17.072990828681554 44.195788594205190 21.657766120139467 21.273813282318898 96.835055726684288 98.917041270235401 18.499850353895020 41.634495801491653 8.371261511120986 24.819207978267510 63.944411695452018 65.686012613695652 73.159122575166563 77.189049716631160 59.196180066625395 55.752027358389512 38.269502306205425 8.822354141598353 42.010250845666086 15.526406374621315 6.942189185013580 37.523181216308366 16.088525903238150 84.013527007716647 64.269814989239876 38.549164148443523 31.519530286101183 42.604053729015781 33.323255596264865 92.304416405485824 33.523735929246655 84.841692754250289 36.778241199803830 96.079321519367141 85.768717895298792 22.910625732530367 74.491151895941030 64.537509444811349 44.145920815011010 68.400642123306682 33.838684651966069 7.643786749758641 49.555552267483904 18.213282970963117 56.503547535954525 9.795160684487559 52.523794837490598 75.159030644189599 25.906461366422818 97.719260955498157 52.377020271197352 1.064412748395971 2.931378756092451 72.149390651692713 45.925322732366233 52.751681476977240 98.041576133704112 2.402967808724510 75.053937926813006 39.629215102628358 41.407497773541138 44.625989422725098 99.933310823569229 4.037141914840570 37.126983909988539 30.472674908917963 75.094280028899504 57.772017945811413 73.968179575910483 12.673596893593208 91.327780023467952 35.933932637089939 54.633653326811647 41.381213448912121 83.521451893018792 75.048636222612984 35.691267002075968 97.789539316235931 12.449924113556365 14.615566378835453 56.355199244784572 60.666633858348995 98.090839518242319 27.367588958802003 11.277630950646211 68.401121431668813 22.776135513322870 5.385851102143524 23.845939596069677 12.684997380507879 94.875078894357316 58.671502805277541 27.810864702689063 40.706912574483745 68.281220711702048 55.165691589046659 85.987035553704132 47.078674608163162 29.684856504654366 87.279682610386317 42.483225792505984 12.381007451332227 49.920870162011688 16.257677168015217 55.008904077688605 9.251846160696097 41.998138948627464 75.924615232258688 41.625756900556233 63.595866372516454 29.186562722768038 75.853159862837785 16.781088889057692 34.203619512442827 17.905924837012034 56.463414124880693 4.207050179373962 91.412088503772551 53.866415741420148 35.865873850682128 83.597772790424500 69.662113176722130 56.716925305407983 3.445574884585512 8.302088474912338 63.492206951297916 55.198656350537867 61.170056021711176 49.707476812920703 29.257239711609138 36.408616992526056 21.302449683773737 60.604365255911709 78.269316086303718 45.309640794819551 36.495575819289186 68.393638269286981 84.943533874611305 69.031302928226012 78.005637974799399 38.282631868173723 79.414238900726048 90.087298742054045 33.747309552182827 39.727523438893506 34.679763563247214 0.225093215721572 72.752834828903531 38.724251243051185 97.411094949130216 6.420480382957683 2.791771466389104 99.399435583429266 73.539092459352148 89.228802695028918 96.366898017003734 43.648891036602400 71.438529213392542 54.870469984889411 78.603286415689581 51.953327130255374 27.935537695887202 13.873241913742229 85.625946409946110 71.092230000184685 21.801174324089402 15.387009151322161 24.655960378496257 90.955116661307926 99.628349309387076 73.552102003980764 79.667663361461365 51.190579970152875 42.773815379495183 40.004717903468453 53.279482673692627 76.047790943135453 55.663687350382709 84.342334151511153 32.200079790063228 59.604635365584393 14.146230793389735 2.876186715171480 14.886683221738672 84.252992506501570 18.841270604359128 75.130048248718410 76.427980708769823 91.357549854351504 89.456349015123209 63.025507664145820 84.047712187589795 49.641238080783538 81.751277492246359 38.911974705458498 23.164643836574108
70.906914243092217 82.238128315950902 3.766291202127214 31.438032071425216 73.768574466123965 29.422289557714777 75.204735853491840 76.692647348566652 46.653850342892490 23.701633932869381 32.299492526536220 82.555101525533516 4.008235281138250 21.491408692244296 68.624454041433111 30.893583552947234 64.522876409812653 41.026841613625820 74.870595305756609 56.947884736128692 96.304642088205810 16.501321853492279 73.629105366924804 60.134886922688715 89.203773381761806 24.785369616853139 80.098406226586306 68.472853253739032 67.256504115560503 12.901553570185431 10.134040093330466 84.093878503774945 21.550446504181419 98.507040072657929 20.269647153210624 38.542482198035287 39.799933867911349 81.316112654469080 1.493625660700038 3.014521000117731 95.773834727919677 96.633460585199742 68.544294169931291 90.167051560914231 62.516370862611190 83.553322678627012 96.241409541184581 65.311804576573778 85.168976010630686 66.787450624293143 78.236051809274201 41.676144800808068 0.634750821589625 45.854421363727596 65.954916539409595 26.505924365452994 73.586977356248823 77.554313295009663 13.730572442429590 57.557260206555348 72.813196685578262 29.211669427394483 47.705339948445392 92.363078190623938 51.349513451892435 44.903561790862256 9.926349337367391 62.037394381820697 78.930790900739041 2.686674395484068 59.641226764020580 46.993946612171719 9.016825915076431 49.783988265043448 66.165511581297665 97.671331461310956 49.410360334295653 22.827242627687049 9.714753795247100 38.080320301930229 69.288917610747248 71.385233063408222 82.315535239853801 97.948353316609897 31.738350129071247 64.045295593690597 61.708413019091509 4.752972420275359 39.444508585572613 24.366804137945429 83.302784061017775 31.909973274663994 84.742815666984299 85.194663989777467 33.382300491149451 43.175937590182102 10.683804519864449 57.280165693229470 55.496041370940162 84.682300564504217 34.839196736595113 80.901908137653237 96.987325900684880 63.515660590122422 0.874670282133005 98.310893473814417 10.008419883855824 2.040981347221271 27.892271389248069 5.073867614695715 42.969780826373906 88.942436676067771 91.940136374582437 50.674718768136508 84.644042788245685 88.577008217425728 0.955803460267646 72.940404778465805 22.944845474664277 27.821004111741175 23.784408695624272 87.790216121096293 3.261244132846763 61.632706854673579 8.277375775140927 43.803008967125137 69.506855216976703 85.011279715934890 25.790852513433148 64.019056479948190 11.943328186384971 94.202150529424898 26.022034583238607 94.151710804552152 57.784877493433562 13.075858309198729 16.540570594352921 93.778740102301555 77.765985071714454 44.417057133557783 43.745127718065469 33.551983177713481 31.284109910346935 69.928159276694814 29.771164872643297 82.308543771488843 55.272797411876581 76.364099374549497 64.801792988836866 75.425306218438791 20.113545147007862 76.718636509862975 56.899799460196355 46.519160828415764 47.952713204243850 44.267480715553035 66.612138519248433 24.289848410542902 50.861527100409496 38.980410535712807 51.467588864708738 17.508019095882432 64.641015482516920 93.824007227833334 4.692944146076528 39.245432230342203 32.534677126249470 46.371807664725807 27.201830970969464 80.859795442178012 12.951839994538783 68.744633781359610 45.144541597481002 1.259525890309676 9.954749672531783 82.530844502335128 50.108577587426197 25.875777254481434 12.374103700925099 19.508790682249057 24.317723507030131 89.441489643683155 87.583358463577937 29.237491548306227 31.315435747467735 6.432764424189241 24.873881179767977 11.188936518606907 96.173989495863864 13.873668221934732 28.572810798273974 95.971843629171445 24.143340073353492 24.700552184046444 75.069330959676165 48.393590920098383 38.771760846391743 56.526524575672553 23.041118802076820 65.978362876628694
5.402247767031154 66.586766775774350 76.776681757275156 29.449323726342026 89.429349905210003 94.224065863394443 43.269188076635444 95.793459048237708 81.014824929448523 63.947359088603093 51.724366440841862 69.367533818369367 13.306839374351654 2.011009407052122 35.610060442548118 30.238153212649475 77.552326925199125 4.841679157418022 29.363387355215210 2.888286378284022 92.698812745986174 51.896137618839532 26.185422884933629 29.888660788332199 23.456200794868877 17.491432926751969 64.470090240496049 78.675351228212691 69.220326140988945 20.918455403385362 23.915669164103150 54.892315563254272 94.436694302412533 80.429039296957441 11.069673967664684 59.842597043731203 26.787510082473776 62.547332781351663 83.511768939264300 31.599553385577963 44.471526716044117 65.944795931467937 62.572430507062670 37.130605478153441 10.838238167315495 27.331674584632427 31.241128655414187 15.190447883141189 11.045219171059772 5.214824844159405 31.104922052967233 56.270549787530278 3.225135519432598 93.203561399096657 51.611560770777132 58.098214122913895 71.656881538634792 3.945683320894011 96.961123144894970 78.200618289254891 7.851203212182556 96.977403173819269 68.989251744373959 51.048097609937692 62.742299764255435 44.842949538857901 44.395621941051452 74.021328101065663 99.043089956064918 31.298063965424237 85.724051141934225 90.275042205750950 92.198060088119561 59.361089795075152 46.535451408478004 39.876760695148462 61.765225021083559 43.169778656127718 48.573773345935990 10.752003542036626 38.771344514985671 43.376922747461876 47.419618483019541 98.642874726937208 57.228321219715980 4.600144336478451 83.508409863648126 88.560739992517185 3.438178824991966 50.751012920864603 85.585538456502249 68.848078009352832 72.693305900787237 28.536883023779524 86.424488585431661 7.789275908657767 86.298742803885403 20.160605335888459 23.660197606573906 22.696279410854579 55.230494526009657 96.978629002769239 82.032885030740914 46.029588322542637 46.363484336040663 7.734402403306618 86.893875371226770 70.103609576620713 62.695225320613154 44.131912423539369 68.830855694631424 91.849271458557737 65.257564490104400 73.396909681209436 53.885561575674693 17.239646521914032 28.333290681078417 80.552164989988640 59.706555909089808 74.304096491573858 99.830040500984424 61.544806603151180 84.354095884541053 37.942318185993550 1.733621608266633 46.129945119932223 36.471917024701973 82.872120799927686 2.717851979449637 40.167740846010901 76.383148309370355 77.674888760154190 26.753747312022615 90.067533535058857 7.810209849537319 26.925409376417452 68.598817411377155 68.382442109250931 9.790180123530712 44.666721758950935 28.854017601268023 58.913911841956420 58.412839529881268 45.313284229566342 78.076038420840007 52.041840932319381 80.923108452473556 12.917658499262386 41.813395379066364 71.546614604752321 62.606136902222417 61.962294018370422 19.659860927034444 43.963552401539985 89.108492952528835 33.469574169672178 70.497487727214306 66.896396859924636 55.169748485386329 14.946172612829823 74.854571664264711 68.163557006177484 91.476133044014432 61.161265607566392 34.843338602801566 70.472647495507019 47.863342841451029 77.767474568411430 80.823490705271169 35.989535070172842 43.575921093602574 66.180710109585931 88.959163681832550 0.415543105380201 1.058813398734015 64.676748080496168 56.594026710371956 83.464950505317645 65.064665198352884 5.093378816832262 72.273137889061189 22.947469704177724 56.467734924634414 37.456335944730327 44.460501020399626 24.908114382951275 69.389242760625848 75.810845308337619 9.343428652522601 85.716511530808475 59.832655954902791 32.837584838807743 98.263680412554976 45.778897949665343 16.063560531505917 14.902632265288728 97.927204886868111 10.685966101418565 51.917623325047742 96.125879744018732
87.491028989663789 5.877156463809086 1.807195995473587 45.780186437160417 25.011175435077838 71.108383002826173 58.620380223381687 88.231398803700017 37.116903347095501 80.066679375367755 92.307727412852643 17.422729071082877 25.407251109962402 49.037744803261461 29.132935293155782 32.717711106409638 2.610971501661374 53.817146649599103 7.916266062750477 41.336099047395159 64.193690868668028 80.209629401247000 93.581842568151856 39.886792017877660 58.507760417457057 32.004224683431545 2.453121465637165 37.377671383273572 98.354421257969804 81.673284077652980 96.246824774577917 71.591665339368674 49.509472369100457 29.629780397813889 43.043090356263946 89.332837923808356 19.397105198332476 86.527594988464145 6.502148181380941 27.642047492638532 97.729696959635476 56.276204586819979 56.586780446594723 33.576744934545154 48.547252605423907 16.630471907294275 32.555429506795541 37.871599775606022 30.451613656963517 81.431514575422199 18.365896664215441 77.755111173106499 31.982862163022563 81.846212625187704 83.422189640027227 49.759938792769340 32.607580612717655 99.977821669725017 90.971901643047033 0.794362433338391 36.812831297159867 36.993495925599284 56.470982756903652 97.849113717218032 58.320026158638647 41.316092484913533 18.985022696059982 44.999593048377037 87.349800573227398 71.475680208363897 10.819221902255682 6.795878625270035 41.847035538229740 89.166899374089937 57.042703805404081 40.510719372252524 20.449937702555665 73.696832519539484 46.354981441256840 49.088847509216379 65.829859448681162 77.484257784909261 18.940839350305616 38.972610008916675 44.829131720540381 49.057107040744739 51.591232124295395 11.161232185718317 15.499418668091014 61.206238831401961 7.435545057078318 39.486369082547533 91.011067172880828 81.102116745171017 83.789613701802367 82.246200978867350 45.658974077981931 25.332372401576610 59.914039182361897 4.688157351456390 86.467091367699794 9.712700864105683 59.671252997550937 45.077854510474737 19.944635378090336 66.692587576351073 38.198811515140108 13.446182591696687 44.899168190659836 52.785460494615457 13.306067177448577 74.205556816813683 9.894699021105014 12.013802387235472 87.981422508743222 8.510240793866853 17.890578314979233 74.435566922151153 3.166687723022854 74.149110975293127 57.474334754706938 99.366069758561508 57.657942989819119 42.580551077974313 69.011439927411928 65.338603720114421 13.241661515537729 48.870112885569604 33.295591752663981 28.274732024494110 0.106858796162979 0.872395467802689 0.301807307636215 78.575115540707529 27.720414198405528 26.244181725897043 79.079731311173234 1.851999540863980 45.013692726234112 19.608304186119074 13.895347588590978 39.343867045765123 27.126758471018707 59.398175625236128 93.319014671880126 49.850867223984899 80.654789533011282 29.325572997409388 30.406354129757496 88.260756715649464 35.243971948933975 90.504069822890045 95.609376326288341 33.207509431704587 79.392354388166865 12.282499243314483 23.408231848539550 92.331740078668389 68.808329758140715 41.455826451582858 67.990983507625799 65.144412535589098 77.596329576591756 98.148649098425679 2.670841955696435 57.950061128182227 22.083644955270810 46.044808129147562 31.540759945748032 37.628424109435045 56.890193225051611 96.162437089510789 33.934981853545011 34.256117338416878 11.904856013110010 91.972162322428801 89.145769795450690 72.983470122860581 81.543551718035943 87.353125307962941 69.909908758426681 40.061539516010981 18.779158712508725 34.693784776641380 69.927707027286061 19.457372753650638 27.901914624617209 90.973572406398944 60.921235652922910 17.223496794598592 92.476419401447529 29.907162751090908 91.135066590539068 37.193937779348232 52.253853842397433 55.650972105354057 80.555591183985413 28.253879777132596 74.962341934540518 68.623051555009582
6.181364623636798 21.742128380576233 29.990616297635995 71.746962684608874 12.997535449549213 22.665901144668943 23.340671770542198 65.735088680939995 7.322998571550920 30.299320240749562 72.937567691726343 38.964390294433393 92.951652463936952 71.006732642287531 5.729577925461737 0.668343227926838 35.917472186767931 26.239502396292746 44.772736646358645 21.785511194068906 97.282781908624997 6.433072385683058 83.634899029024425 26.296359431215954 60.090609736540756 24.690049619491138 12.964547921540559 77.240195085955634 43.712949535722437 80.203124282813732 20.979314578455586 63.862206859396245 89.009926568106209 82.221723882374420 5.864245943626701 28.236942964348323 7.552291820205259 58.888885134378476 45.859106783728251 71.812680359243146 12.203508282764608 71.984806157968308 21.354127646094135 95.795935438612872 44.587293930735505 45.359351431522086 61.079164980959675 20.563862267769196 3.026614908617553 23.333639707312280 50.792119664140145 15.567869230205778 75.762401155030503 52.561619302114678 96.484157573947982 38.447775361046197 38.495074697850349 26.647673994315568 52.759638073284954 25.874367810718290 86.606010846444264 12.856324059167868 91.278472929197747 94.763861802178610 75.512498552982947 21.382376453049680 11.578023874277200 7.026931002155845 67.828124263470784 36.077459514084168 37.611245797576210 84.356485474280547 45.633786577757519 42.878607846594250 13.791179671786757 71.163366495629987 75.066973414106627 90.703813674395150 41.923990830182753 40.647109751000357 56.742882510309386 17.503234895260011 58.243851123634357 3.082763520638854 18.295064660998548 15.576530550615054 7.567220740757774 58.451904965494961 39.006699852762495 58.139153837195309 28.255676077396487 60.145319993986611 78.330168241879832 34.115286313084745 42.567928164199351 98.169133329985172 83.558827367103845 67.093810799811294 5.244848799400281 14.796025585471838 41.945837308311873 31.995893001769872 17.476664112122375 25.108050518533865 46.193400589999079 21.252690430933995 33.369468604666174 4.988805697106812 82.818917370050812 60.260695700709199 14.520255935691861 62.541002104622265 91.027787122000746 91.375438775993644 89.377486819654365 73.380060081165212 45.282632405813615 68.587608803290863 26.480387309820721 43.771433237220506 14.915731169255530 69.986609204310170 38.839200446079673 20.629554950345408 85.266881194026055 55.905100363200823 71.845528470829052 84.949977763624815 40.988626587122248 32.651935012412558 66.157394997164658 13.139316287847890 64.273302845555520 35.357682908858045 78.580409286536295 30.799865147451023 51.681723362847180 25.125257185083449 88.715193743105701 69.398403777368642 2.212620524817377 81.031541011694301 17.620325312283104 91.303919626469678 8.214410059825529 22.357316985968612 59.741492788885495 47.885492987613368 34.854901707700449 83.514308335120603 37.358716613433643 27.992176824079241 87.874047803146439 58.272812545511364 74.632233626510541 59.976677919739672 79.880703660676176 98.621425470942881 92.854699574260181 97.320878149031941 99.403481076108918 9.170105617065015 66.858445823742912 29.121397935438644 62.732161794433104 96.368086017859738 4.912478792786645 89.354897742775634 49.920429059954309 64.678608265961529 60.992526639709240 54.776627469901115 81.495386843641441 60.065266564444109 33.617885779488951 55.075928966442014 83.838942851527179 93.927920778817182 98.954721996103217 20.310665791076687 33.922406735951441 31.801381297544673 83.091133882552256 5.273697318107596 16.172305219302796 29.505723491603288 74.264396629812239 9.915324533412839 64.050250140613358 42.522237240559278 17.556519315306662 64.451748357986503 4.805488696678417 92.081463564965361 75.364807756419395 46.097138767788884 24.340267110943326 83.550848999114606 85.094510958941100 75.682930357473325
57.791199271352347 70.510111252750605 85.665767290315927 77.855202533525556 92.106163925714498 29.654141728189877 43.644061119576293 34.130038895745585 66.744549014463132 63.150369596585797 20.705550202042676 1.399243654464355 44.366131205169381 5.546639107513595 16.936926795786476 91.034269192130566 60.889082369708170 37.350345165968569 4.929925061609863 91.746628290933245 13.774343960599200 23.799452784110830 82.109111592768414 41.596751420648459 72.031131929630675 79.838331359922961 72.774316275911573 19.823141870304738 5.296334961780003 67.709994819462878 25.465310863222879 20.131128083776360 91.593712560545072 94.328513039990327 69.308590691731482 94.303340151677716 51.032890575853841 55.175523488463597 47.283999055699631 46.047349701110242 15.149870226470963 78.878246038720761 1.834006287273771 86.135763250785629 7.771557070067169 19.899311248809546 1.666487158289198 17.559935149135264 73.772185482043966 81.596692486081608 54.644523231691203 18.182043269176319 82.306632888339408 67.577156780393054 48.449365885838148 83.021559275921405 35.867686979495794 92.793340336329010 64.354174509246647 80.963658477600958 53.257084604066407 91.760762876713926 79.503553667542675 25.016828807803403 0.576684200844391 10.855065067167891 31.343353864581225 72.940822125948571 97.221238654152899 22.975034069421653 88.345465615151213 0.987757188474980 59.680038818749068 5.658047626350571 44.893899731849274 2.238287805310768 96.371381566437279 1.189412998957962 29.850495311450111 99.168335443422436 49.157075153945016 75.163324426525620 54.238071067815874 26.971666645738203 54.882663156978161 56.946105457735705 70.298055880980243 51.547162671243719 25.515423040168585 42.027986561028406 95.271479495718083 60.216901258107633 26.070718498145983 15.016255966969771 66.836739895262909 93.732359712585591 58.014564937226496 57.900243639143213 77.164348534689665 59.386272936126907 62.710402662242679 33.482690190940460 87.853300140827145 23.645505108119636 12.474046554156049 81.929568341052544 51.487251098167150 72.309219305164874 68.892965327188307 80.287435606181091 21.664124990847476 27.451103508087982 18.916972596401482 86.390675347849239 9.881467749954343 68.948485224318006 22.903870191685204 73.577887273212013 22.594847154808949 89.939920581870879 50.462162190483006 54.027943713606653 88.657133087163984 16.976211009983754 67.364014782214497 31.114335167830298 96.617393314217082 43.955132049282966 51.732004069967985 84.106149810122758 16.719061496167399 81.276806373291066 8.438059810947795 85.456987828646831 53.592702685566231 67.442272435970906 63.239599083715646 55.399469786546632 53.641611727556551 91.808486903505312 9.967564266012531 14.133482597336556 32.364369867528353 54.659469809211181 50.832396454974003 35.034452849524392 16.900518565614110 9.141905956054197 55.373869210528937 31.494344517998172 1.226426826975657 60.449672681186009 63.671319200784502 1.079235810239088 46.264596231598389 23.254081824651674 97.546110443000089 9.859224146748291 42.855085888971544 45.301760839027494 84.300193934627004 4.272167952899264 74.384280906930158 93.101651786930404 82.600489258815657 63.455431129415231 81.917653829228328 2.254727939920587 22.494001859476008 0.703863317065201 90.234005163192847 29.211968836409142 47.123570207904507 25.331407502730919 14.121315023237901 36.334652164203220 16.316096596027474 8.505245881623114 94.252694583549754 93.768620778154883 53.728845207401811 40.696009515772310 85.146751988697787 67.091562899381358 27.082103165627515 29.170317016644397 18.786855014289095 61.890736253647482 70.023567783869638 36.168422727198937 36.936689981344095 93.180066358045707 80.971632284690315 66.707600584295562 56.554354664657517 8.644200686201431 79.462550534328045 22.512154584571910 81.917356758376556 82.727878797985028
82.594938398819494 28.911038922142083 37.653380649465142 40.726801593272612 38.294786056587512 24.985015622753536 99.468129716124295 64.553374638175995 45.735107678502388 55.396880518844846 61.008579323593892 90.363317883428024 63.797281902298067 8.464294573339915 67.193956529902692 98.485935026681375 39.303437469269177 85.853413957250254 95.219412415954878 20.611895385899903 70.180305835689452 25.544802448129722 6.932762236768053 2.573998351475815 69.111053484270414 59.295670755316621 95.187953507754870 79.156251984330197 98.296222368239000 2.768748102162566 88.125972482043835 14.530780061247972 80.924294089154657 58.277192377817542 8.693592584803433 0.701410552226878 75.612117376264720 59.509812297543476 13.851114407644916 99.093448974665620 15.798068408243237 36.362851955094179 13.153861719764425 78.084859077869268 49.357580509690180 94.235578533183684 86.295023396790029 43.731014087652163 54.995483624752559 22.466675930626380 45.026749438480010 26.571012816810647 8.429655394643376 18.203139384474799 80.983230066197720 48.675746518477801 3.404670226497952 19.336729262899798 26.561676147489244 46.372817396442379 44.084483221261003 81.696491492090928 75.590842319988681 46.669113890223620 20.478767907229432 71.288489132079945 54.289643796971973 35.512039380225012 44.990114474008180 82.938265621181500 41.971564946111926 83.847703666296141 9.157954932108803 30.244745973414812 48.533891187278591 42.665380667611842 47.259502086894869 15.573251125259436 31.955929605477472 21.074597352445789 99.668593211467666 12.191566682171828 55.841662661279045 84.556185275357393 77.716511900471701 32.935251099009108 59.991605059595024 53.199364319324083 64.951224605953854 95.957183000407241 4.113634231734853 50.623919846744990 64.076374420052645 21.612537154550004 96.602011638985601 75.797789497763645 41.412976895237939 63.638192039947761 76.011898438699461 29.482812468072783 61.546122116969151 28.486972744779461 69.686364170438736 56.354387242544924 45.818577808784745 42.410003555961815 0.876272549049517 5.683267453427765 94.514130219534749 34.191047066177035 16.444018536458373 80.674832330577033 90.139704306091645 0.485359861873158 91.391036572546483 80.789438392506113 52.544819438712445 56.462596510554874 53.910447025353434 1.724104450860531 95.926780766653096 75.797208072752937 38.591933433784753 91.924566669304653 39.730323409775551 95.424212343969543 8.011727653304867 38.952090703453536 25.734769676749249 77.230280782131558 12.011405537135611 58.415647279275731 85.903355641067520 34.834355246345957 70.799717991491804 15.514226933437925 16.162563893610347 30.158984535372934 22.837150190250068 95.354652670033516 75.932592896586812 27.919369704164598 77.477659522310475 98.640741561191120 73.943908252118533 94.342430010857314 95.131621760691999 13.368617040504027 51.963939916788171 53.295905423969316 46.274127022179087 70.667434086568377 9.494905008119236 65.265851815755966 53.603651945994592 35.877406123062350 65.159552580064357 31.159823356346127 9.675596474075665 26.738505276900881 29.367170813674758 85.755932913851609 46.203790678788593 40.635771783968011 33.005361239984012 52.114744928243105 82.209406717569010 10.484136573574654 9.223624698016163 59.392184565293014 30.724932203754008 40.153343163608348 7.547079879184160 97.119981150647476 12.362393638389946 69.162613052065907 65.453152502997241 50.792043187510160 38.022064712703084 79.323201993302533 77.623823190121982 72.859724017990473 67.176265233018313 85.462129566406688 84.622514451953265 77.660808687105813 83.460604103742426 36.127983814622681 61.693871836113544 39.899328196549263 64.585389848198403 31.722309445392415 44.637742644242749 15.570587359457210 23.598726300441207 93.646104091964361 92.517700406100815 17.395926149016727 59.511264872547812 27.558519483660724
90.137880622061857 41.990062000455822 22.126364792518981 16.256185851650116 60.515030908183590 72.949588339130386 86.695259610082715 10.107034992991704 76.237168324124013 15.807040524838312 38.155367751827761 35.316146006240167 95.134010178399564 75.014258855220589 41.284489161296413 67.246473587663800 25.641721719617593 30.472363671401304 9.624515993746618 46.088064562288231 3.133171732322548 89.159596477552114 26.001612905112026 14.010873213551967 16.782194989098574 23.254918205655873 85.605799961160159 89.607554088586383 15.402937236733171 63.713979576914149 66.060706684913185 80.218709678367361 48.171404852110491 75.702592491518999 31.819067826763924 58.908829304379083 6.530652729797016 36.789728821615228 10.570014142014916 81.219288066797077 68.549511172607481 11.694471071112101 95.587800717583903 74.347739743334174 24.961032952903096 56.151768003347755 63.644278417392087 30.900274681832084 17.548729636671457 74.391187436670322 67.058988232926595 22.170789460319163 52.009053479563917 56.119462757450698 33.451978501614754 48.560181337993093 62.867813149630372 31.024705657402517 71.320820888856701 9.069335875062423 61.875238941858598 38.508950662607191 18.940284458702106 63.131514514831309 29.010025348032208 30.270110237653348 7.730067318077804 72.959403187308823 48.655966906395030 15.009565927501578 9.544990043822821 89.025402519010797 72.749892284136521 96.382321707227931 98.150041209532844 31.520183189114569 51.589343945713864 25.386950534716888 40.376073111541174 58.897856584672546 39.746326350890506 63.233334937604560 94.288751940013086 87.762281867942662 74.729208404584142 62.301733076501151 71.683204315698489 41.915935925089343 59.923668098854456 44.975144112401644 11.480108239514342 26.298651459851651 38.274080792296438 96.581605893578043 1.993368470210777 97.566438473929324 10.284278107296629 52.711173338087512 7.936693013490837 5.180586687562149 7.578369955423126 0.759091154025882 86.096698484760950 44.589821468533827 21.303010349634832 12.490984910115133 8.868233923763780 43.052338241286932 69.669554089787255 62.696074935320148 88.732084197536096 69.844479803738963 91.820964676150126 53.906109973822979 62.616791869488651 38.578192117660947 21.604126014822711 67.081513083378709 14.317359621387403 93.866081048033294 36.943237784223285 69.349690613496620 72.373066586791040 36.403840142481826 85.839231429014959 73.923645257632458 25.496257577065172 26.522351373785536 79.969524253710361 97.305899161248561 80.359209018344629 35.107376721351791 14.462813348954162 48.523248496270085 0.263454192259271 97.884700129555597 82.551149211186470 12.728884940510554 73.875959073384678 10.405822220313954 14.426341743151937 6.315923639730848 7.987670169974004 67.350063945416750 77.972420259672433 8.107031437610267 26.061290201882905 62.216402265698953 62.231920984109287 21.087623459525684 8.993054490269248 76.083497840473896 30.266014737342861 33.040487337949628 10.676374212170236 35.276797349941468 98.739236935942202 62.301908605506760 40.963529608075490 64.977270987943996 6.958509054553408 12.567810298385474 29.391214427288492 44.659920694866614 6.848628266352175 92.501246669918785 91.871434557687977 77.461171545473675 1.759321373795431 91.768765381039287 42.173817004460979 21.929923819163434 24.504527553161481 60.399607519955680 8.919087018922045 17.988921313238770 44.337641700779443 37.483769792844910 91.442246612059193 86.931614936089105 18.864422010255499 42.432157083278597 52.877263203264867 47.032577162951171 30.098790694590104 27.896824996605730 84.682900264876125 30.995602946784327 62.139847161389518 73.828109398560130 13.787283118065929 24.829573680762184 51.258587333097580 9.781459576275109 22.998014718822070 92.503134222838142 61.967111500206286 36.281771640712037 0.976638505935101 67.297113705816074
39.173216325278418 25.602695073769198 12.779491831418344 85.400339841643927 27.208184635091428 78.282107475138091 19.060020916495723 63.683621061824084 80.003638313157452 20.639759840979632 75.781187854765392 14.224108136577996 6.633583972674650 18.522472302771710 69.185919164528116 17.926439745478739 53.765047630449381 23.152665725244738 21.997228161274339 42.836227732071976 92.985965490476033 26.213163757018254 69.342514594516373 89.665038793950799 17.616190673968269 3.847227204412407 17.413066863022141 51.204240651132494 1.373676611450936 63.577976577534493 8.465183020081890 88.886808887592352 97.992958283350504 59.866666596597376 27.596966103367080 10.666068767155835 44.542399902339326 43.616866252648109 76.178320615573114 90.945451611512055 71.262622287552261 52.699498613202643 73.137656687538311 63.408587533673696 68.145986613525494 46.369669228680898 31.270815013056819 85.135645021298075 19.276239457312460 55.204495704563506 39.307650724593657 95.767351769439031 54.440598812634832 23.840744188156759 97.233546712734764 84.834545414578187 6.653435313559442 81.282050880544858 36.683468863599423 29.931142239331187 67.955866366872996 35.985520187559530 72.478488735081115 17.517266263279375 64.882731115311699 26.058264785955764 40.131517215696547 3.837514964454281 40.476407876373997 83.719240660299548 24.723716931449356 16.049926256798408 57.084290592892870 13.387510893425880 43.216521844704047 39.627713105541773 61.198809017754250 63.450467721516688 32.656119655221374 56.042830145193143 0.507009422130400 29.934492749119080 61.011941496759029 21.941801032822628 94.438864874592937 41.508694456693306 33.920868970629101 36.382338253146287 51.066847330876101 88.942080373615312 50.699256428429038 78.595807551176506 91.625302255267783 51.755159077831181 2.581925654358130 61.396314347750447 2.071318645313824 3.448628568567469 71.019021388136181 54.013766254417206 25.565931827487443 60.210991502930575 19.875649514488515 7.736754576523452 17.831805444372641 30.183923452778060 22.682861587236346 37.048035519231867 34.339839950204407 71.565556313330632 54.185561568835837 53.230578706662413 98.020649237659228 48.497216427302845 41.279172907568849 6.922604860000304 79.353384435530529 73.513337358169011 48.329274048144931 7.175917532565023 35.943049003238499 74.368203044399067 4.263797337912568 4.207667918734648 64.542448937004423 90.593933770481655 59.046298833334262 34.708231690346651 18.270399602213573 3.369545410446761 69.754007063483030 11.042076345294616 78.398874162620885 94.738368393407569 53.076879153425551 48.764211163849303 9.291419459445683 7.680364681459839 28.970278754782154 85.329969096169307 28.383370243525430 87.211137474369451 30.434456391611754 10.535828810106873 44.004243124683981 15.171601055651408 54.457284449144971 99.870766346064599 37.761656599079018 25.250042357046677 37.121672633356106 73.823316370003624 91.192540503430436 92.097923903640051 18.342712299981066 90.598902777691819 6.602481842150388 9.327538433000859 75.340488685111467 39.497326204092985 70.172466598733720 84.233087119051788 76.206397427427575 88.648880716265140 89.513132404962874 50.000821462759085 45.196505790652033 41.691997786471916 53.883932488400312 26.471537077829488 34.367304129025811 62.073744726519045 18.092021414517756 37.624228004130536 92.779515727846672 22.516805939087604 88.670856812700364 13.228658565857220 75.957023986568927 79.744164908440112 89.331867700489724 19.575379174779318 0.303587816486128 14.741488058909669 93.861960398135565 73.508765522561418 47.879631925240737 30.862551906087742 76.152870467505977 99.442337828221795 61.056977864576311 42.930838372226518 84.728021458996707 36.007403213806278 4.480526494227854 32.935346496854287 92.694859958726681 25.373782709892822 68.125612794252163 16.758687498512437
57.538231737371625 50.783300830506064 4.829638116215396 78.310935088463225 74.611405495895241 71.203589779361920 50.150753338869848 35.978780019839398 71.483991158681278 13.890910112947131 81.278279182822814 24.794201133106508 92.426070265739540 41.234975116428821 30.197218260835680 8.461287303835618 27.632664584877464 89.308986457345682 2.688007826969452 36.525036327220981 98.040992252762990 50.588348004330982 5.768973636878682 22.577863260420038 4.795901722950413 67.305449959341274 89.747819827674959 71.178475427240329 32.758145543226561 74.896631392780719 80.673689629057037 77.518058946143427 68.017631507691050 85.006990811010070 17.882901750181812 50.463747317816164 15.460176384198043 41.982795233737200 1.103676713784152 92.409444099853161 6.882620654338401 28.693584362189174 19.581758909324133 21.304434039049049 31.616780271069388 56.310474489512366 40.603299274821545 59.652590796370241 70.849109783685606 9.622103062627829 28.990087253039476 69.659200738435416 45.765263869125540 70.502291191396210 28.696429443427807 87.992979347898910 37.669266433117244 16.383986439636100 49.944391366176532 39.964091841469852 42.886434604980970 84.493369929528157 59.203903193852305 80.326364207835653 10.765204027939356 67.888769299826095 22.254635148034552 28.821416427318503 54.508459282889547 1.725477910971973 86.614402787882312 10.933890142496239 93.003141943672262 96.329748310895297 90.747516955162638 88.426693338596792 72.137795632310571 58.260028720292489 96.977013659409522 8.662217515931037 90.347075978465583 13.378216120480179 34.658388088969240 1.950292782091789 40.278724269000818 70.451366330683712 65.615544706249480 36.147054516545083 70.500526370476607 85.597309474715573 44.839653846126801 56.255687134739254 5.587395808863094 49.310736431002645 58.178122985181638 27.815158209611489 36.428209846071304 56.839795616818179 66.860968486941346 58.202641526384312 55.573279053541256 65.263202574086804 56.247834503676117 13.136329948195602 60.492113346834977 7.796243494211552 63.201562281680026 26.486706719996221 86.347140649169887 84.901120331623176 5.049782062778774 61.244962754690334 66.482554440993525 3.519581230402169 89.247272247116442 52.997567714540061 95.086255490139266 91.134373066838691 92.269514155083527 6.185890835053609 99.702802124991223 94.772298789868543 83.877221996959449 43.964927126701703 17.072381539381031 66.764337057186466 92.845796732260013 67.616222173300471 4.380744243737844 61.355716485295119 28.357974254301311 63.871026207236255 91.321779218684654 72.532161634329356 20.188603338071907 59.032371438583212 21.659631622299369 33.886271296251088 30.817850110338785 75.086891248400818 91.951115551554750 21.431050117543904 81.167304684659385 41.599314521458787 93.815099890748840 36.449382811104250 92.178821221640021 28.893077834283641 0.558539095423416 82.742838044038550 88.931384617550634 10.159050332727237 41.924922406470124 0.650535684552045 92.506149740903894 37.257099710703876 92.093512565540820 56.756140521338018 91.742211330742578 41.955603032420527 13.256062793166556 77.286592426862669 26.303413759969295 41.341713363560508 11.305515557888047 97.568130273368752 1.982770020841740 73.370528676111419 52.687282410979876 43.358720993050127 25.278133926857972 61.814879082799436 87.730268902723239 97.699188464708428 56.451345115521512 20.120341085191530 94.285610172908463 20.604169989395139 54.126327850806263 99.086008158520073 74.332379514543888 38.625988189154533 87.295810256444909 91.196355686460322 11.208591232579534 56.358638953791697 18.744614968741558 55.603766947695107 44.208784880708293 52.826540477346725 9.392916568393971 20.665894697193487 82.383900355820899 23.793111396384482 96.724115485767342 19.648653955393048 92.587116717941555 22.168364150476084 10.390567340557045 61.400046895406433
64.147702118913898 22.167718622745625 42.239469383839278 15.745991199836350 11.620420776094075 37.234009420928885 69.521153557724276 27.664381048639264 80.823429481179303 13.788722936751697 88.071404546464763 81.397085706726685 24.020490486268653 63.321280674015576 3.783628333924349 10.085104136875200 74.877675227981328 17.037686977079126 24.165136375910823 3.745853221896955 63.532398556771341 3.249824166324400 64.039647587174599 42.608816215865694 2.609319244153985 75.297135645939932 21.732799834357596 83.263874139128902 36.036607122194432 71.501106374631235 68.864696838878075 84.111696997701983 2.918782625141969 61.678209549220639 35.379380025204476 16.012215318079846 83.760354885753713 39.808593287067431 18.991859217650799 21.747254104481684 88.370807733740691 30.284314806835010 60.940601021246088 41.123635019811232 99.825575795176462 37.286923467140298 88.582524861540762 96.274166610407704 55.764024438737025 21.982572249631914 79.636820432186823 70.812798925756184 77.736249663523026 29.996690751128408 14.251959114645075 32.720712827428279 38.385754726626473 59.725021070955243 72.661913233551743 31.323747779231770 52.834360815755502 74.038878967717523 42.229694967441766 92.912594974090794 32.832897281186860 47.989715256442544 92.778429187025040 98.080818465874799 75.148658637988120 74.955416492873297 28.459057649738561 38.337694449070248 95.292509163562713 16.584210046272872 18.606089886326906 60.848721043420603 38.952845429291585 42.946172613325587 25.265402374722392 20.585961624815340 18.028394622535316 60.746657303135635 58.422408829160148 76.465872005162907 70.214264116607993 3.435896054053167 73.389592721721613 46.281938616598282 97.121671974633003 66.259741327620588 93.304853727633414 21.448173247998923 33.317195708482991 46.001104046615325 31.298976700750934 76.129369057800972 9.307498143016268 71.328998161504245 42.854924803061643 43.757413547111199 31.590606482553007 12.640422857305811 95.355224637261145 36.180957305898410 37.593996131943427 8.012264592906782 3.812746307886394 14.598653805433038 19.898784968014059 13.311680386923285 31.909134207009394 69.702954504778077 25.209189978802669 37.627052174253187 95.145778952192543 24.118805531685460 26.728880609482843 77.902864279999349 53.179879249679288 22.482124945273384 23.914303333478280 66.685537249688039 88.661220294431715 59.491147047191909 20.807491079234332 42.103809435880891 21.605051575192867 41.741428338699926 39.201522415750375 34.713516466767068 34.226812497805739 59.961922994376252 40.671332031548332 89.492444775736885 18.069515265555559 40.045013934123965 22.436708428559239 11.407107498765324 42.623857642289806 87.536775636443281 80.119838982822628 80.453532756082396 88.316618116953563 78.092854616272490 2.012457803936629 58.732133067406679 83.599337085036680 82.435009610429972 71.971946769418963 29.462728591127163 12.342443702047346 66.352085015335021 24.508087097357688 15.526284636827636 6.233454255527882 36.086103209970467 41.863952495147196 46.504245963303823 54.068267733774768 90.474734461032284 79.632877401567328 77.284979022608056 40.922464416930445 12.804105897249018 7.068877217640901 15.840724524196093 87.380788653060876 10.752792524129918 0.516582108700681 89.987896298936832 21.958592260555733 63.673279874342917 56.701174635243390 52.736486889706732 48.123681987215171 85.818331240606042 61.049017256807645 80.259677811051972 21.381086391471992 76.203481805667280 42.858214857727859 72.806382633744605 47.995229010690643 56.482259556584367 68.135321995947891 75.014509897279652 73.386702393890317 87.943042269346918 38.240085531728532 8.906197408393201 51.194672843870158 11.570463914636786 2.202606003356899 92.820471904419961 7.555429285880821 14.543617370605066 87.802767277579449 48.779358239907531 42.388274726807282 70.898666733714620
75.447769378562754 76.741525810529623 68.678410899480781 17.559945021154611 23.485910055249914 63.044790410452492 14.121570870122181 88.958476939410886 41.585429994387688 30.648390259516511 38.544534460374081 8.031121957663846 95.798914002898854 21.854476829166426 50.075869690391919 41.042738307701576 33.670600168601069 40.060872715909902 63.223704238295589 91.403460046548176 27.925779439586350 11.044952378281902 82.009401795311035 78.455027088376454 22.044183968220377 28.539756678919794 18.797650333417902 17.190758913411841 91.403991875901440 94.303717525148755 43.406218845938248 90.711022890045996 20.050665992749860 21.482714432373250 57.055611654467675 2.630702636468585 26.196519090252089 18.339025615334048 93.270849203043227 91.882616707201421 50.060862956696752 46.828732595381439 61.573645638080322 21.966031091892713 89.361039822944974 92.058169600454193 93.980695707973723 31.111212783948595 15.897868752582934 38.926328202155858 77.890319749696829 5.399791213832872 34.523836879185346 35.151983217352431 97.178605108627195 50.009879547987715 61.765996707577443 70.802757999615721 87.413361368187282 87.753251299495432 90.094002566748046 19.581432734319105 51.705406627534366 60.558495321751558 84.343092146205677 27.950706628348264 89.402384177997007 44.203590373223044 46.830170557019578 38.898975414412263 70.452010834703330 96.584105580301909 35.006571867583027 73.344529300374532 6.005202320435654 23.459616616695765 32.288249733649721 28.073255921783471 21.061053509124061 58.654716993995606 43.842598228271044 0.971410289957741 92.371070305631790 32.601319799656650 65.459408786560942 27.687729372230187 82.293315652220542 76.258326237072822 84.313547852465405 97.815144240979990 98.075141224340371 3.628145183788900 12.330270672195187 20.033317263043749 14.349529904235347 91.977743951215217 89.366880975044836 29.311239838288373 93.660441357550312 54.105698316411079 21.322713934172000 42.739506131864921 11.694155688606022 70.893206004429373 26.417297840175802 5.746944265967235 22.701061632635998 46.004657702305032 81.193375012173178 41.058874909325162 49.441780662522518 71.930724954448152 38.352536638951705 12.679596204700927 90.694860955476472 88.394324888143700 75.392864384070535 6.601320623765128 80.548972725884411 45.808500565028865 33.311872507782567 38.810030405599974 22.752928595823274 49.679855036418417 67.737730964080598 94.717746616051301 87.303836727393602 69.884550407974075 6.282878814220306 61.669338488122904 6.149637967221078 68.312251109056078 12.680376818090366 77.372495569983073 47.957322895685550 7.722822835946442 25.702141836502523 68.219308622006110 93.127343621609242 3.446247546834647 49.217429760197895 37.300950690909772 39.711239183532768 86.906455836121438 20.013754619751246 48.205596632885502 21.928538512580698 67.439618291162390 62.823308781068221 27.080226616436910 75.292668683224335 69.080969862955499 25.716005885512104 67.101391083936278 53.447967899770013 48.056592031766343 51.998977912373419 77.290752120287266 63.380286209411693 83.259044201286287 21.186825970221889 89.189307905930704 20.171464823674867 96.069246444949187 86.112011298559580 72.389455636849348 59.369107389502894 38.322178571150886 5.338030179440212 85.851553305073239 80.727365184320760 1.940116813845638 73.549066434367731 84.232917493367310 82.113495100007654 80.395111641850974 59.655015656527667 44.817566373555806 38.816134147864176 18.547587900050999 61.301924139167276 29.963683560468890 12.666425436928552 64.329220915664138 78.513463555892898 27.470611018026570 9.414030028859655 99.414431977919321 30.081053719275207 18.384944228177080 28.341294643278690 53.521149409090754 39.158529718034771 41.836198636680130 20.111983499756757 18.902064615982216 94.063129876102408 29.345922014781710 73.949485672728386 41.846964017422735
91.322474758402620 29.381651511647235 95.802616421850544 34.298770476258390 98.944634536722759 90.113868716730849 82.295006969634755 35.697265207443898 81.354298810704165 3.924405214146931 59.018989092197707 48.109812734908772 98.928045855830490 83.312557333523756 84.636390293444435 50.646086961580373 65.240223401493822 76.866870970247220 63.880539389315985 60.844735148766219 3.266700158397384 82.346124690459192 74.794896959580399 94.391571669769434 58.345675476040739 86.639698099289745 29.477635221410392 25.388490994630242 16.239579540602321 70.036938653300524 18.242051138819516 0.431868376780231 26.356675576355649 13.832250920140288 96.306261592245960 28.111877197826985 78.018529461740883 10.376765530840903 68.353195468619745 3.125601436693648 52.542623105891039 74.179513503631924 2.018448237395054 67.995436866975012 84.702861135285602 28.106708848998117 13.864004900329618 70.993886529127892 25.833119163360163 15.430226614163434 51.246121591914452 5.434796794338725 32.880099968378204 97.856212581526975 68.884325432235713 45.158626892427243 43.848073782560263 15.697232655105321 50.252973742173936 30.798436415248553 39.615647307798660 60.382764623948674 87.571206218879908 89.624644790655182 6.256523716503681 32.392557127988972 13.902849316540511 19.628933421494999 72.700723916946316 73.961398901800024 76.367442023936476 13.411643739016377 86.300028355020771 23.063218492072956 88.432419392132033 88.180593339991475 8.918010920965768 77.494355335858032 11.057061519366806 36.469921802952207 12.930932438754272 20.804540770623735 72.271912631508044 58.000109209952079 18.536934311751686 6.208333678275013 37.145145849646319 75.544879007271319 66.409142322595599 50.346131926779961 47.762196650962188 37.650846087407032 85.541221384976510 6.297180362770572 18.536234675313889 23.733837118729518 59.861067681018632 78.222590206951907 34.527917914941021 49.808719448660852 0.870509578819978 2.519587589977734 15.361417314779979 70.973542899223688 56.755612219443428 8.710096582321059 8.556152012003837 39.135738450192562 8.802073885449568 29.307972329868893 68.571430236690844 16.255229774742286 12.437773393528861 61.431332227647850 67.336439683576401 27.273493782074500 8.985218748925272 92.522769660195308 10.951744038232448 45.676796584463254 73.970174386203141 28.750785184064675 72.589097743410264 79.764316780731832 57.481719069574467 21.315504131315379 20.032662418548817 45.456114163886120 46.237232251187756 55.609036831955436 7.169949540246057 99.556328604491270 50.852667668787142 47.359211464879223 27.806643884815387 42.392821957605079 86.571293036031008 99.577471943047598 69.526005127805888 5.667194223585414 54.245200932439516 41.093159967294191 83.856452356353273 12.111033130428950 40.924881586425400 95.092655684754973 76.609475120601317 19.366676790822478 3.076552935613319 88.717962487107002 56.095321645758453 40.071636929427235 32.655744822464271 50.994170127619839 84.361846768574026 9.519029702079774 48.839304621244125 94.958381215521953 56.865493786113163 12.669496390375334 36.922212233313125 59.323972156465665 32.228596128371109 93.414869232603905 36.172596380884904 65.927525925100667 28.774106098435269 69.765295416838484 19.934609403515292 82.007367408103931 92.284822912716351 83.135763570173737 7.021888470790516 51.047514721339539 43.892598380679239 60.483718594800720 44.910205529095251 9.093946710973434 74.095537599973937 54.915706022472598 7.220984112436401 91.219223385362696 72.884363244109167 93.536033796961391 76.071469031797889 26.375201606589759 17.544098261572771 96.411555515392081 87.490550287391628 59.665263017864035 5.197539494544245 58.653803781570979 68.623489077660437 74.966293132708728 34.208166593932646 89.160239257905587 65.755037073923688 31.016034279146286 11.841522511963332 70.364033569162714
1.213514999581344 47.082702168926758 68.997388425084864 14.538859882944299 26.773109273114905 56.284312405124737 9.726007919449620 6.290092511094370 4.931129571467785 89.435948935227714 68.585658817243683 44.023986494728781 69.409653723994637 42.421261734398399 55.370387502699145 24.317805989646768 79.650443031309791 15.339015482309726 26.778848167597090 91.111659420353902 3.103399356830761 74.122640433592210 61.217242575518405 80.188868578731658 11.069159221452251 84.507757378674711 86.898239977754358 33.689269952693671 48.220720430101828 15.117348854851986 32.569552045681881 50.515140570965478 78.079522936789516 88.467477579046843 29.299966435732539 90.268733377488672 71.647269423133736 50.188451105200372 47.903369498836554 62.519498259127737 46.136707492149910 2.348484606143475 88.820829213654747 14.197619467788659 75.976990940024749 65.619314378034275 73.564777327738184 4.045593578994222 12.038105591588089 53.065778596151915 0.062095657360095 26.837431123901368 3.704315806219105 15.317856603994073 17.873423172068247 6.401691816547006 28.049144631465584 46.783230527953165 63.490028847655168 13.023121165038187 61.974085851538888 3.635943313719225 0.548427416829378 70.658667916394819 99.893031194012636 36.563134731450766 87.439341216745404 10.315750813737989 26.987074843579972 46.087794484695834 19.804074209156497 1.092301372982030 36.499031090097432 60.082578122341616 29.178746798449605 25.884474025222215 93.395676851915567 94.597486952989584 94.139771423382555 60.653931117090153 88.614027221529952 36.013796425037270 16.283364547573044 63.532762812832942 81.035060593048598 28.194512357638800 67.876286559381853 14.800283025721106 11.156815015102472 45.684860303001038 2.547641433687120 2.296203779039596 30.052496140774466 59.716806343822086 71.029017647779014 26.989310315423708 7.554268270846731 82.704217425044561 4.311831331194638 7.867805175897146 18.732786599690378 97.556147618295384 0.556047361833456 42.663584015047896 5.893309876607223 41.515283420033853 12.432239877166840 70.361979287588809 74.097338585553345 67.665311792494194 46.601115344234692 2.974311716122902 10.687648531508653 56.590326012193295 55.096128595148407 94.319219814170026 76.203963179253691 40.614607654070326 67.365581589442783 88.394900461474407 29.821274300557555 53.057908381008126 78.744330189490626 15.702042220645840 77.089895220989376 58.952816399624730 93.329616316569243 91.942470000415071 99.225822373225157 60.218177203125435 64.224087398145713 0.276358203561677 69.139776603748899 87.746193416993819 82.008310712013369 90.664947944354566 75.397023646360580 56.097200173980809 16.661702014460044 57.090028547863191 24.612868205243434 53.908151338528107 51.188274913628682 44.084201450046564 6.720476377650719 34.201110656134446 14.310744454557989 5.477842216385220 78.194261710330750 37.594347294664118 3.861343411110296 41.763415595233745 3.335415700400579 65.600278386134349 63.810023511645184 50.561440576686799 13.363908574192484 68.592634430532826 87.680926150004794 7.467936652565066 42.899144258948631 57.323551434399455 20.563157413354084 71.964670431850678 54.009801188791165 37.485789505000113 96.990688658393722 82.928868516372475 77.543059936393803 14.710601389839862 83.102949740792113 85.155869171658139 69.781656213555294 34.571852458069600 0.788961377574593 60.861966850024359 25.488422289089542 5.899146045022919 1.261568441625327 67.855217561780577 72.658311331465740 18.875506120297224 59.883487618347488 49.389443498957633 5.566532453483008 9.502078743020427 39.988100043291134 91.175521945340861 60.289385661315343 15.535278916866357 31.342792216891702 77.463281307025184 39.416392951205246 6.857465139144237 50.736671805290634 19.395727862367973 79.995479544081249 76.559875091781890 11.926707431671534 37.722550636582660
11.360780774501899 72.448369919152228 90.236215273299152 54.474641975960502 26.399021837758273 97.892101886298320 46.156249645385216 16.335006683429043 78.823586679742434 91.521155160637107 92.942494801376640 88.252178686311609 82.880786668142093 15.510671438629142 99.923568935344946 63.577411793066730 35.277794434704866 80.149504664233362 84.013887100783862 7.180681657145882 84.131055953612488 27.756122682601049 29.809040107858074 96.155848140363091 27.432229716920475 51.399786540425694 16.173153529164196 82.784751873847895 81.052661971304246 36.050362318430608 19.057501648779308 94.619342771795147 5.335094378092764 55.753119950517338 98.553028596435581 49.609474015250463 20.238418559255123 82.972668668261363 18.144439633524556 56.589277995187985 78.423439850707410 4.604588394177267 84.471289070329391 41.122995717701613 25.504799284505786 26.565521024479377 93.194951737737469 68.756608196467880 3.621019575945261 55.341454386587166 85.880319051589822 98.495523959005311 97.564673954080490 49.574479280096973 93.859357598887826 15.732404374390551 83.691579245390287 38.088976601682887 77.912250625069106 43.484640183403414 26.038459292441583 88.937111009702377 34.664912285677531 96.683079683204411 4.149257122612637 42.013286719065277 11.244351677836805 62.098276176134327 72.073256750034560 82.455235436699638 20.987335224194446 59.264368248114053 70.041975390724502 28.354395072604831 12.487405611854129 52.803210941952081 81.211395214134527 54.692787602814519 52.486219128707710 78.885976883847846 83.412979365174124 99.827071113021447 64.340147929954171 88.452808816402467 41.083834372757309 83.213376018663467 36.575564323708498 61.670795406726434 87.692383668772365 83.934781693318939 31.824021597146434 89.489056619504936 62.693068824066181 7.112218165719475 55.417966091589321 70.392846519506875 56.464577448911498 92.050209147415259 43.988053874282265 12.388776313257255 40.456453357216617 35.599468796264297 9.953356423714432 80.918091141461176 26.433829103846595 34.147369104346112 75.426279742154861 63.050192148701342 94.532605524725469 22.757002387299398 53.710902366099553 55.124398382157260 17.963445363229969 3.312276220840416 98.515782013709554 97.710776380655759 54.289564905618661 43.711601860929960 64.428811973006901 80.602378838676231 97.323276738903644 22.118193431662046 21.861399716451192 5.204574629440694 6.183805475873305 83.964628654813822 70.193292532158537 61.353164798354911 74.245766607714643 74.708220708953974 36.981401658033775 70.179202235806997 57.139363068084812 41.770359400293565 64.675646996615086 62.791591612580831 43.892607674648318 56.869675070514006 5.407916653197087 66.096408185806865 54.459851998656397 87.160483292156243 25.120376126447397 64.003043358572484 22.941331943754793 43.789766006176770 44.818895348513379 36.827097548451512 18.251240464442041 60.140448122494384 61.236153705313534 59.161118383850585 80.994656284908416 26.254429611884444 51.153472676117794 72.212968416908680 92.493366385122300 82.660569373801067 13.860774662048170 49.708945348801947 81.725738577156861 53.345879081696715 14.261480077911393 15.427881758278394 6.949353117080681 17.949924835989485 93.902386929711838 56.888907264092396 23.085182268549598 45.000177775845742 75.306525316637206 45.077507247726402 84.400936981488996 81.993086615466567 81.081202896428223 35.361926584185120 1.572742086546286 45.893411426668450 65.146243029092503 29.746490055779105 51.370706097280546 23.533309553292703 17.806482176962135 73.567069013349752 14.380576152103941 10.393183602995460 1.922298433880154 1.772664613090535 40.254914097738904 90.386067501197857 3.519179545731499 73.100716453746543 60.349931821562308 25.908988086591055 13.869676650558006 92.387028207891291 61.802209420145125 73.347026859902897 56.994103135077253 12.287678451100181
70.232854675460544 61.775606774085098 55.659055069637034 2.120529472545851 55.055421475287794 97.833932045804403 93.186166631934384 92.491822444020627 69.409519197790232 5.247876430789045 93.206307252039934 53.369579903098860 39.500646106691640 93.834025862434828 5.233108495755456 79.456926584659143 40.874635871119544 61.418995051333106 3.275447709665091 51.752989515409809 36.413624916686885 31.439982440272061 20.401499847822002 84.599396991062306 85.802316307406286 90.335347055630194 38.947405067731857 31.057215686254981 29.012976511535083 33.010423017294443 97.342886221770769 99.336880524464107 3.033069586408321 96.551335477000208 80.667482707563607 3.217169490830318 6.293656020774707 20.996042639742786 12.844918682278216 99.238410029928460 67.646292601375862 89.573061087950947 78.041631261611968 58.770579713224457 27.812454338588267 56.150328579190457 86.680369028963895 8.601090210767504 91.400395078288582 81.867762100794408 20.998348135991442 76.660743764732288 95.769154886000734 54.967937086088405 64.651234133220399 38.825277459943806 11.311553262626994 78.072265225902072 49.730017753990495 84.717676964083608 90.440586518316181 20.908272456119469 95.841476764586631 45.514604138080983 75.969601532676052 39.802693209144913 19.447686955179023 67.307609813442383 9.162881691798708 25.869156833122876 18.631216789310212 44.932037328890218 48.293951001054481 59.947743024085419 92.265911118819986 50.819700293699057 70.954922531037539 77.782618843812514 24.642382738086898 32.233560317407992 10.152365727583067 7.585524716280623 27.717159461102948 56.735219320663944 91.584565016614278 68.456149690988028 59.116351378503339 76.324673805228684 15.185679396064323 85.715972624611922 71.575086952778904 72.814886654873888 72.346390223658901 26.458162310593124 20.336987413782413 33.869529503354521 40.092141784546939 8.696118788760742 54.673347324185059 14.990834574681955 5.151736936602580 54.434607343527887 74.007764665482597 14.477215777463549 54.130786244021166 50.744303881593225 76.717121550313678 58.424383611557417 31.577616734924153 88.410066849992006 76.542165058237643 81.699342138070136 54.718961851455241 8.121396623400390 1.683849495755418 58.345486283590084 10.999630397312588 75.886728869726156 83.849425338284576 97.415884612505891 12.463331900838115 27.983553363940850 69.789568608249127 79.339520927606472 94.514159495483938 55.786780181359461 77.731163845860081 29.801994256091735 69.904728097862105 70.947931371086312 26.194968453894106 34.051200368920789 69.148095060977653 86.808717747809737 82.745125584109800 83.804692853618519 10.841958043072298 66.220911243698310 95.675475703267736 98.858331410528137 62.835612239069015 42.363277256620890 53.687455632785152 77.377960934266738 27.187068084860055 0.995789991517271 7.242191105230122 79.313413097064043 87.734317625640287 52.301143092656879 67.090875703766201 39.248287605167796 17.401193951863991 22.074472845180782 62.721625730256349 24.932029415531709 42.230557981479876 26.746953315383372 32.599973534171170 33.067931249285721 67.379228823853524 27.750179185474522 85.863903791722748 58.927164044139410 25.984263675973686 54.684121813699406 69.551345636245955 76.913408871112793 92.477475839703871 34.421621083059421 58.703759608554350 98.670563575661106 0.848059847542348 60.565710202374511 65.493978776086834 41.303472391875019 44.448354967362924 76.608923617657581 72.920252560705762 90.224674153017958 91.308004507423661 86.400955034257521 4.659272046711227 90.464592381298871 46.579182932551397 27.181349223573882 86.653012270935918 5.380505539982172 79.320579319696122 99.733106054696080 83.360285847786301 4.655533678259927 65.813474909382819 42.543832532240309 28.506033228123883 73.271179523188607 45.210688485346154 80.338558469039071 71.453445770200474 82.213483616336305
62.302896498958916 73.166899841235121 47.369228960805223 23.580515576762341 0.017470169092093 74.026691887531143 16.483458224074209 86.764277342554792 47.055900940399638 33.438120363559555 42.969151230873670 90.827011198304490 8.413015249432176 49.991007310941924 94.923902265557999 21.416684906628070 4.401328463529253 2.223480330583349 73.676736786907384 78.137076614673390 74.908374859626477 93.592531521959756 59.600828503321523 41.734373016679704 2.652108283485644 47.819999384261727 98.487347527633034 46.952379303054826 20.842968188561674 87.552545478554194 51.526677368040843 27.836341593155169 35.946093387909627 56.894629742571013 9.454706139852597 57.585773454715152 36.459946512061002 36.020898151337974 45.362475110905386 97.729066529308611 49.833833129560489 27.392152628597611 50.509022023392838 62.534783972217454 5.976445509963691 9.493420518609518 1.264758362550222 95.126197914627170 26.782275784400898 91.525786262838622 74.558580764148857 71.192947908633784 74.472806765607373 2.582018637718808 18.972794396492809 87.065599163111202 53.858334523308258 16.880910545520280 9.049865470954844 99.380660505900963 76.926208253113543 47.850798768846936 63.259388479827059 77.791976464704604 46.220284318308316 69.868586377500094 80.173625618372711 84.487098023147155 55.686716905489043 68.460537814871458 79.072009920779209 56.586226334993583 82.538085852633714 29.254714612203014 65.600546860850756 77.005441892892833 79.373413652503643 81.014852952666317 44.143048237912986 15.486769702277803 46.925777771483602 3.970430327316199 49.962928041117571 66.107744069791053 13.564588650414732 0.775528599530373 77.407304288336547 76.651521485079854 37.089356896358005 94.433085579704212 14.721012249193643 9.964118760023933 50.520903511145633 32.360925768768332 6.914402314094170 66.619577512246295 16.765109041886806 98.760205459350686 46.542008964227335 69.484269186252419 87.161363714846956 21.974234282581971 44.069410950244013 42.385756986821498 14.940836472922081 4.254749597611884 24.531810804096200 59.083971644149280 69.482663796786326 31.363271457166487 67.128163515379342 80.936764982494807 60.810334690238996 14.648391554530916 31.260146428049286 52.950118760684447 60.011729769422615 88.639243626299233 89.384570365677547 9.134939919737306 13.328351770524694 89.744974878817757 16.993604464571167 35.275180573778286 13.713163379742932 17.655986006482529 28.579602109212708 50.732520827640428 11.291884595682999 43.387059449423624 7.121810643432314 93.575954071366411 99.435811334204686 10.315436096984175 33.930056801677402 15.842651023095966 20.164646888890935 55.030849022732099 67.939356577226391 57.005472829013769 41.509618719568351 20.885783917035528 72.155128523169111 9.984741605524395 39.907214698940678 49.209640281637753 90.905726352899833 60.651703240630560 44.686302365382836 38.661390731189215 89.498340521874979 55.699473888055984 7.443861258704088 37.899273063714332 93.704822614222977 40.091972969631037 11.483553508469690 29.811592478627837 68.794585192124003 14.852233827151151 36.617878733862106 38.691526974834630 62.237356602915703 40.863752347718844 5.822972703926544 76.482941861704674 13.600735337564396 18.365136233352651 20.570571824629845 0.878552110590847 98.745365756976014 32.804114833071871 74.767797084128688 23.189972773355993 77.118433512475008 51.734509215971244 76.154277138189798 76.669725320512711 90.326083097185091 80.111246513849281 82.574771629480850 88.724315739414322 92.557580844384972 47.571454945857205 91.809834172787092 19.111929411155138 46.762862125579339 29.583948640668488 47.941558907860639 95.030785354159320 79.450342388215162 48.726886034515459 22.373770690453622 55.789482318262259 34.895662498014403 57.497487663212688 25.504831873476817 63.732602527111268 92.819170853479449 11.222469864579587
40.407376502317007 14.962765882289208 93.724287296862457 58.393895255878761 78.031900487558644 4.554948845340590 89.326945132605275 81.231797341557439 16.704964553579092 28.162247799920049 25.118963457405762 91.128976963384304 40.242777989999965 72.147482024115689 28.321429931933462 14.563894320221870 82.235867599624470 3.651688323432623 59.666344341941191 15.589180652171631 59.225459689647543 57.769080704372954 13.957989703256334 95.993288116807449 50.167121605128173 62.690606622625531 26.157958693598204 66.142536262604054 97.750912489376134 79.623634335290248 38.907540585743419 19.397069670944145 75.313497157658688 34.720821195748933 3.009520607868987 14.168777615831607 12.598560570036565 7.689652248450152 83.808462708487113 31.239602344997465 93.484574251852209 46.348915914499898 40.471025978744855 86.621160222561571 24.526416318128398 57.632007516919536 52.686381932671857 12.644477323426207 87.153362963065874 33.828880401225625 7.197518368125689 96.244502654889814 30.685727555530772 84.992755554521054 77.976822737614526 34.267791314683905 84.698082017749968 68.457234096509950 90.826242523264042 5.558774927888710 41.842213201720725 36.439360424520729 60.098914174688531 12.909463529746311 89.019733710187154 32.778240609637166 54.128456504247502 84.996493021601182 75.028166959447745 94.185316252513303 10.199255722307477 12.678842413526093 76.755660040284340 62.159805200714857 83.331648707369581 7.473706169832628 50.056225551991197 4.271930522662959 25.611876238237162 56.057937045547668 11.566298210134640 70.634113922672327 7.051839976501473 61.334968680302026 66.410514186030127 46.637063004717895 24.248397778845099 22.848122842385099 19.282320019861121 89.105166861629172 80.647676636963368 75.298555815172392 53.915275285503242 56.220376943890848 47.415569928125890 93.298329441531706 70.504461342406060 6.780944607250328 50.186979123109687 73.045771706486576 21.414964893282573 44.009509380076381 42.036572270076014 33.616227362697074 72.389789591927652 71.714514643601802 56.423679317088485 31.897220341047628 48.830410435109250 97.416690732335098 26.664380266857702 15.447173077359633 54.159458158597339 79.527106209582982 75.348928031941398 18.283092999453132 86.916968204921432 72.892419513054236 41.874989388004295 89.336552780782526 56.849928812349759 17.870575312380353 12.772591472175755 64.169192143317815 22.934080082300280 76.634058386936232 71.827678390480557 68.829643414380342 8.446424679713038 35.660593282093863 7.970848309716505 67.773031052703175 8.551763627442154 23.508888568902087 41.208514576585152 87.366903279154414 93.502746813397991 88.127311361137288 90.888245479764521 16.027952546080716 66.384359759546001 74.921148479706673 47.397207312017663 83.893429367002710 56.676942276804439 18.237907608159610 30.460380996987759 83.915365726353258 90.456107609083489 21.777801486686666 40.275503778839671 94.407002716671144 77.237037297805927 83.382854139156606 47.865075758606878 8.772031287866255 25.322795900999861 75.297649727588350 27.638053816360177 20.431382449367096 71.474429236648973 34.383603833241125 73.386373572315392 18.676630082539035 66.624482124951072 47.093911251968159 27.674844477331860 10.967789660047133 54.769611371080629 26.253648556071209 88.894225688341336 84.632097749386972 38.691211953929063 21.009679853004172 45.785417643225891 14.023530924979299 72.424073785177043 94.125170842964863 22.476980848485795 88.454166877832520 43.737792684076112 6.641262561523165 96.975128442600052 60.992946239495950 88.793695429851013 53.303429513752945 72.314871888670979 23.760526653605829 29.164284975126709 64.576935911963147 49.558803034432529 48.671963255596154 38.225023028466119 51.590640588783145 94.107243574593127 58.714573593200356 20.697678574950253 15.630682579511490 13.220092725962317 97.908727480752518
89.104482534847946 94.166356397286108 12.313004512449643 64.792458682103870 40.936695105492539 47.198261351971162 92.346655592938575 91.659877743563285 78.494755820070310 33.363036202317822 17.156746903461350 9.001927750846050 62.719741974119422 31.340581344114039 97.560211858710062 45.964601379348302 88.336339900239963 34.233898020621567 76.405281466729662 31.621747894264153 31.057263859105777 46.485700281473029 53.138217078386354 6.825576853323168 93.446835530677291 16.824687187781940 94.553397674828858 0.822394297233753 77.321409761938980 97.103374091047783 93.647500071658101 81.347653444459596 79.694929027246417 81.065260395612668 98.024868772263929 33.704787026439931 27.537489465618712 96.791692270693090 56.435276335709041 24.368101718792833 42.949800932927950 87.921719459146431 97.504593619990231 37.056195817558425 49.493123174798889 11.771931891123177 27.203166132858659 63.022991931141803 10.752767635387549 43.810174563377238 64.208647839426263 49.309159184794360 23.828488253374914 18.496750041466512 17.748351767181660 76.335807876611085 12.221752420166665 47.668422982346428 22.784594765648038 70.077634037514827 53.689555221842447 83.164141477416393 5.127799645111153 36.394104026739548 38.279529736163518 94.840859613661138 15.140636044020406 90.541171474186669 78.212703571074243 35.802341293135029 64.784840462367725 25.796479480349188 92.019318184729002 61.536046679657687 35.163371224839082 91.865556420218937 74.817423336930887 87.417815202451322 17.482870828071917 88.013108559690352 9.665962067296830 28.459947592085687 19.381454308734860 22.971805068470431 40.139475905118594 64.893044370700920 25.812846861912941 72.055539685798948 45.519916999618225 82.401262288411303 33.618368644472895 74.256923710363580 97.440507627032162 12.937237966967373 43.408585131190414 32.730769064940624 90.309567434564443 59.444902908647045 72.625122686963621 97.976329913320015 25.870300365527410 17.711960334761379 82.983255551916869 59.908438576811108 95.247347884217604 60.401354045819510 71.986774955473550 18.268519632510237 37.292310160124941 73.630292637200213 77.762429692886286 51.387827350836680 67.377502663564911 74.681599429223851 17.928831908264652 78.751869913804953 18.923127044598896 71.039374567817958 5.602565868515940 74.593073350488012 91.262603674997962 62.366579224126795 52.139542472793011 99.271200208571230 42.549804787801108 44.927011497867085 45.600575037581635 63.524484157291504 84.348383163796669 59.284850945016622 99.593107305061324 18.452185188514214 70.902822788558183 1.269218761240165 6.807628553409851 14.922443432883348 44.073720517831724 9.715133516163899 23.621284460163640 55.579488797428489 23.173544750177310 63.875714554301929 41.198354983509077 82.070660902251305 30.454068143044701 7.175710529981960 35.167798658568039 18.896016876355979 11.801352466894022 8.963197040869897 15.194459549895745 35.506264755394589 5.576048887956642 44.059126444716632 90.117051995142532 26.227190714662420 52.818313864678380 49.167874880148332 66.973018467866211 30.601023172993592 61.616318738367127 84.643482965058396 49.358859211724216 71.561961243702982 91.158807804785809 41.410105937130794 12.019058399205019 43.909956971725997 80.488079173067675 75.304036296476383 68.439562324833275 33.935655225917785 25.390858661377248 92.442494636240440 10.977317493997052 31.101924554524441 97.953057795514127 93.042540667313034 51.199000417382756 83.502986787043980 43.561320580597439 48.161674726223289 84.729333687234046 57.229314004185042 8.074070347332674 38.381565714194075 99.455508225022712 63.129372122410778 83.771416506507364 18.528767675002655 31.968741688366165 79.341563465953087 85.275589789479540 64.144693933771450 41.312009065255829 26.382491394345607 80.336256448122214 47.436640328963122 69.831637297256620 52.143026127730387
37.393812249921091 26.324702932180966 96.237089658524212 81.309503626693598 54.307141290620386 35.597434473674817 87.755050780421840 15.821652613152537 83.546002624992383 49.819973939714103 88.503652228546670 99.883149907738471 78.469037860889131 70.696202957888559 27.656834677455720 32.146786144476955 4.380290818270161 44.449471611811184 46.855828296738785 16.453748580127591 84.226767511569562 72.954938946858334 2.989694005630295 82.651748432384707 2.307297087153160 37.661431045771145 89.410460360039380 68.888916452139100 51.530081640152090 85.816046835175769 51.213103742394296 17.607042842212973 15.658604705641698 26.719132774156641 48.777184097484394 10.581260737037301 9.868416232334830 14.182424065658550 61.591447218847350 77.613630656458795 67.403403626672471 5.651272969546306 57.040886399723391 64.533980261230937 77.821764089726244 14.434712715553966 12.231645833284455 34.263515654129094 37.986048045531447 11.229180312395471 38.342794732056937 33.540861669329722 41.966246327607237 20.523925311908620 11.594462480141953 91.670062841572431 62.845851770504765 29.294530679875674 7.739756289591782 84.440788778099773 53.120470596654954 9.729120264360279 89.875447540248373 93.483037226883212 62.098478876334930 31.523805830377448 63.394419084905188 50.552124900341596 85.960188725424999 20.122158333749731 9.065249868980752 15.664060266668489 67.372780768657051 22.414246306306072 54.295658108839440 62.992945212946118 53.548553670509932 84.132164057880502 29.272874299036246 36.105000942169028 86.443243061910550 16.955007056205574 91.362326497419630 76.443979109898322 14.710202049647981 26.349141280317411 54.832727677096379 85.550446911351969 80.388911834628942 52.437639478038491 94.416492539482149 78.528619794255448 17.691517534562994 27.792334403663776 44.746611445904513 79.539789906017859 5.686552234815467 57.132393566929530 17.234283663873907 99.111664053060281 89.056704945982929 50.683882490236911 73.476184015371189 18.727727594183317 28.333853567152023 84.422751949844439 74.207390421136054 52.040387767360549 55.307269257032388 38.069905362784930 57.500757274880122 73.171410626094996 31.738021477676959 99.249504086675245 90.856635101797409 33.372833036827878 4.254924447197661 60.514115335980314 36.574353380668789 94.379967173052151 2.940914090385460 54.530031163669392 37.677301095833215 84.162216914948331 78.799942143578548 74.746052947482369 46.071785677765433 87.618661229497093 46.784419385843321 41.282293528876046 31.141876488066945 32.002930101442459 51.734741320907638 58.800619119576311 68.571786005934797 75.071169742251897 72.713320318585446 97.374472142219432 7.339018988464419 61.612106485958584 78.459824397932252 60.474692467606687 0.059958884817002 36.071538723276490 95.369762510334212 4.515245419338044 19.589803358713930 36.757158412583578 79.290160726348702 38.226902375576721 31.112511131632182 60.316621247341558 39.599377720935216 23.836138746593647 24.108397259504155 29.804889788663193 27.505908168003359 89.557393739654785 27.583577691205551 36.679343140429246 69.704650178491107 70.835029886492777 45.397211985645058 27.319076302345312 66.605673317327799 45.296493135287250 45.737552696930052 57.173648712388704 41.700333945797539 81.634309466761906 43.785483735093813 42.989014093122634 4.810699779020434 84.945437308688170 71.190804613919354 87.842670920566789 7.477437467310189 39.969820849549635 78.366696740055446 67.344405374252872 19.591909852198597 54.919838670963458 79.843226926126846 71.023402893234461 70.099932016918942 20.166278327409369 74.919961772504038 67.365355650292997 40.880048266484195 54.796921690420376 49.098367139988611 8.390771598429069 1.546835000029956 71.649304679190678 45.236456716149476 83.763296592229395 13.174915523670617 77.837829727703749 59.546074946405035 24.489134198660334
43.831468270814447 11.783713826905318 96.601831229796545 78.880110066827797 87.821648370476737 71.745136056518859 56.279174373066624 38.723798864508765 78.652682872005116 87.798024524867813 79.918829699784823 3.437538147903940 85.911973392368253 12.947016444681392 11.894439839896853 36.713619387915877 41.372071299326265 35.421513417145931 7.241840137873479 89.204956298285524 16.972789454464767 53.306516086811271 65.845634547012011 19.352749050274699 83.780726519937730 21.238263373777933 47.516712902606351 98.073822518439542 64.620219904700065 97.209742677003447 62.187111192608945 48.923806680352598 87.674127746393324 23.074331785960467 31.988836133210906 47.424909980406603 0.007599573153816 39.489414958929601 25.270354557932752 58.542544078506786 64.820830222563472 78.653956891910781 73.642311137600316 37.154817382321845 37.288021865076246 29.098630368556321 0.244078718349061 56.124717256273392 15.965149169836057 12.957994084294466 29.957332509699196 66.275991087453917 94.358360149263177 23.685706722522671 41.055875640253639 6.984525813506249 45.661754792053380 54.267544842671569 7.323236076060669 14.590422483333199 0.251675136276630 1.223272989446977 96.106324438331953 51.469762762772987 92.636420962027373 38.254129133612224 32.066172376097114 43.818555088674913 35.107234921400213 47.312286483039109 86.409421138144637 61.142200856079420 89.581396945484855 64.170819687175907 33.251972858584324 28.487963687320217 46.536687347919958 70.413728895808177 54.318292992065111 91.224583814569442 66.801757942350719 79.573915623026522 38.263969218638785 73.000391937168743 19.452786562793602 77.712574552453276 36.408870407197469 41.887441952113022 20.045763027416520 45.593716896363269 36.988035483438772 44.053179981440238 66.102627495075652 14.325076454177355 45.991382029687500 80.974450050279216 2.200104942446812 46.081549760414440 78.404260058262295 33.942989862262692 79.638925521477532 47.941019497005712 88.010122784353769 76.811381580262733 40.615858578463545 38.824524055802478 41.479142423388858 73.139675631035544 29.525347439929451 39.851766329364089 55.175217565734236 59.061645409969678 0.844357645258020 35.204050268718809 66.176568292897997 15.985401271253352 69.317112197164732 19.502593018193270 98.129931497244854 83.596129636536290 11.954685316397995 33.014069484624095 49.528158289284683 89.861217724300531 39.528472370716614 60.813198386657362 8.369460071870606 79.826609952371712 86.329027749988313 80.790542342713337 8.607843805073422 69.988204254828673 25.958457430842319 21.777436263893122 27.898839950091471 44.533520865952049 98.604916115880314 58.398206280317133 93.315548860287151 8.571857382974446 42.452510662480428 78.770575181858092 52.136105760565009 4.261946400590544 92.959444241277652 22.008340411262630 42.903653349119850 41.167180617337905 36.401386416490269 29.442215561749297 98.423840080335907 48.923366880151065 18.104207060492694 21.940949274168997 27.712814848280299 35.102418712424480 21.240454892623482 51.441322721044102 74.890831089424694 27.304812788311050 55.093428659203525 47.845653748967109 42.970763076202978 70.377037051175833 39.209181242962721 76.846478303019637 18.966879524704584 31.896958221018313 83.033320135957140 68.867500533303669 60.300979456315517 29.406664814110496 79.623788648579975 76.639579229492682 18.214209939631843 80.896545293464754 84.583647316391932 94.548729553196608 29.449212281867499 89.190722582998077 97.777118477445327 86.854474255063295 27.498264988686984 77.615966844584563 57.339709099907196 99.244401805528952 83.111785948376834 69.205393361263859 55.643316259046571 82.109961098616751 47.205618310995902 70.391871360693287 32.646412710941895 52.929763099446781 78.634766928013505 43.905431811628802 83.312073569843704 7.975646598919440 33.655687133445234 56.975859816639542
25.171317583248943 74.511617950040389 53.485290019817235 59.784298799702704 68.834665892133998 27.477590587473909 60.354654229639614 2.333407899758344 4.907282920697520 27.603478479031239 32.573151736473413 34.177058241939015 77.336602289918773 0.898052821877415 77.175102011843705 24.118670220217108 20.888150656019068 10.421541196059502 92.536195141426759 25.411088839833738 15.520162857705566 42.448944820126854 48.657205155973436 75.987281824024706 77.385683923295730 61.311864749921142 19.230477521544774 5.952727933155211 80.942656971244816 82.566041163605135 32.578633389783676 62.315010221615587 15.249949830490539 0.098582216155141 90.385462141345968 37.934871355139400 23.660856680490770 0.371084292083557 41.677937709490543 38.737320343577373 99.063471575168677 17.174203191146688 69.489105184387157 15.567598321674392 55.946419921074629 79.471211953185460 58.773166575350459 37.594303432910600 4.890070639952726 43.365536945072705 48.570610073681578 43.466092325454255 11.570441503052443 70.229068058224271 98.190019729960014 80.023893771819445 91.493711368919932 99.574429364846878 35.773272184201119 17.782978711648678 92.257033101421342 39.757915803986712 9.802766266394848 17.632022470036436 46.245582670143570 85.141330425584712 39.550419328090591 61.960713608627941 11.614967559085876 36.918857457376333 65.317966751067800 23.317938933626404 18.791364140783084 87.446785321410118 29.277436216821229 39.153118134562590 73.348692231523856 88.179883588927979 92.748861729896291 95.771110873429308 38.137882623457344 21.656032419436134 76.489775944478339 37.849857695895238 6.724148500878158 68.561192391107781 20.305578147581837 60.950722306189952 9.484587083236706 11.830112001110681 40.020109984557863 89.873807748542418 67.165499420339941 59.407193181904539 57.246985337753856 94.075294121593984 56.237338569789721 37.843806528375111 88.936936667173043 80.894876660327824 33.066286177598023 42.835594172136915 93.205129687194770 22.500215935982514 12.762157066118075 97.991492205938030 19.585684970161697 55.994540520358363 87.124355685074335 97.679719322354089 63.979452110002519 95.484690020900203 85.122495238915590 83.654576576036263 75.669363338688100 58.700484763490579 93.548635655318861 9.923388759704865 59.034881504980461 0.610585622006332 8.069939871848353 80.983995128808417 3.855425804570101 37.299119043511539 71.745024504702982 6.304970091617401 91.600756512557794 83.127893007555613 46.161024508997919 18.704946523446921 51.545073850125846 26.309134595705729 22.119261776730959 29.936623338889255 89.069566632616954 39.336148507742330 89.442806881561182 20.203228302956479 55.078987008260881 27.814882350340387 53.577777215381005 62.923893130948869 96.016319412420216 55.508066298134509 59.298661892119206 34.956780787372274 58.965352273087071 49.269549619617671 35.957025675468792 48.677738572963236 9.106944159630137 64.100500842467440 38.274063105705004 86.734769985913232 14.773172467512175 59.513684753738104 96.484810144218585 54.825652396546452 48.894013932765787 93.853914330175087 32.730798923565871 32.956114367183190 50.834248985452014 67.659972853916514 71.961968274832770 49.704114002017974 75.520696609714179 75.972446650651975 10.704869830748576 71.580930134554166 1.963314658156279 81.468783490551530 71.650880982223271 74.805085962935109 77.373879602908062 30.173902371052929 83.980220144265573 21.519661536548952 39.166465318792277 3.081958620165903 91.437426404520380 55.211941988014281 31.181366837243608 28.940381236183942 34.156592028862065 27.369883990010635 93.627110068910383 71.112429236797567 4.155444570617995 34.312631568833652 79.608398007166244 53.501438119525467 0.384465221426933 35.899147780378435 72.694462989035287 80.674276785325873 51.946708443879139 91.724541918757339 92.650156524557758 6.208740512629863
48.266803390934122 77.908808933400692 64.013968240243713 40.294431693975937 33.685305188151979 43.513541079581763 56.068654088625600 12.416539266453308 78.224673224688900 40.277995895181796 30.253698831046027 12.447394753162854 41.617816753302840 28.367373653472349 97.589345452806825 99.735526174631360 37.600744114142273 69.613019116181235 75.145365669818304 56.295114132037014 5.472894631518621 91.008204111591496 18.897389559102685 27.215615047539355 39.277080060138857 7.749515712171407 62.542863318390040 97.906582402044293 60.238496721861836 27.070908210401758 1.962165611116296 41.309236069762015 27.840645704577316 89.799485180323686 90.798703043361812 27.252232203006511 82.711465495938356 33.175133103310507 66.954136262510076 91.673126290257372 98.207420234107460 34.809996286299892 68.792740713978219 78.335256193513175 17.859930449412666 56.470609066367949 64.313333825806893 79.602317235616809 93.648655972513836 91.094667800461579 77.097826550852716 42.187863196544320 8.957603137079118 18.527108578205908 75.227638095600597 52.091320181728676 52.964550397692690 5.522284179029546 95.434837389085232 57.824021997291553 28.102312377894123 93.049618456592484 20.499977023473793 10.325616431438023 49.924501970057456 43.958822993138348 9.619194488549688 77.357427497679836 43.362752603129159 23.778649880512170 45.197315987020005 44.323787934308555 7.679353926237942 84.195447569548776 42.285208533420693 72.996220010617932 72.067312915425759 5.550155344768881 36.130573109009049 78.068297165454666 48.436310128107692 79.044349821203383 22.201288736367665 67.467604029497593 23.754055664904740 66.994543866562864 66.796827876594975 12.473868549898581 19.496530200367836 36.333131060199428 47.901041303556035 28.747879515447483 4.111910452053036 67.342215974183688 78.196997560147381 85.408069344177306 66.549395592249354 4.394759078803356 49.618896770801783 9.113598219850239 75.901445002361584 25.493777870401303 60.987699060897846 44.949540812317146 25.199154474983466 74.218599395491268 41.921864377162557 19.871231494243890 98.201502007949728 29.448248788937970 81.241805180878998 20.982009314757043 77.229937899105735 76.973292495145188 87.017574858396102 95.752194031551042 35.655643656656267 23.237360589355028 81.326221321612095 87.203848117244263 67.572876164587399 5.090152172622209 49.800846292421078 88.904420162378585 84.606141319676397 35.372348057760696 28.622304683576161 10.829836007027238 57.121729687054724 26.704766659763944 45.856309745598089 88.154966042221787 67.732972089947523 57.438601266904534 95.495472626883412 72.081580603923527 47.061212497602234 9.398742383629511 40.265623525815933 2.682382337227662 83.846098645111368 57.799826354627612 87.976963911218604 62.104049030149355 87.593286996521172 76.594710900945159 97.866338731557562 47.543610040322591 53.969651986174981 27.864227349078106 14.837199071296503 57.935157968323900 17.599778187332227 79.490646836188631 7.916416123639269 82.522977342720708 12.728893845551159 83.792230612649348 65.375758856846474 9.245439714684522 2.347679718668561 58.302372152529081 24.666379529777561 54.945289999592475 81.533677642215849 15.462097791222540 77.482715428316652 1.676121741241299 63.082923135681234 21.465599879442053 63.012386859051141 60.331077628421546 50.810562128874167 19.611039245762520 48.013785004298818 62.854120512741204 78.008781222390112 46.654850082514457 65.825400394028833 46.974567914380863 56.227350301408748 89.770978319019449 43.861019129990467 6.975671606636658 13.564564757129361 3.000006144806777 40.400845174334734 7.299881567911648 93.767962670085609 61.436268163229826 22.193225408620698 34.320774984602764 87.151390343551483 68.586657918332236 61.653218489764747 84.521485499193645 4.125276281467061 71.522082598823047 3.584660057265709 26.430323808106458
81.314285700892825 35.324227164128054 6.121358075790695 71.799034025250592 4.356700221455689 11.121591691044186 95.255722322051071 85.812878437910300 22.566308032008276 3.778691385311150 85.653038148687543 25.110751443886702 94.134018067758959 25.885420258046764 62.957566089674685 82.854596121024642 13.341450608289584 38.537669304509571 52.753725172369457 60.376776300497681 61.301841482850293 31.753829357557382 77.755197817344779 75.346433131274850 93.294023180011521 9.155154771283602 19.032066304451323 29.014623260848815 20.084937112454572 96.444546339499993 47.473620613235148 10.612396956070080 45.313045832179647 77.959087964537559 0.079183440938480 12.117586142031200 7.286351110952360 87.701333562272907 52.740237468937025 26.779303909313036 17.084861444187162 41.821423106845614 52.916552374277536 93.846381490215649 72.672470900889977 4.929370608647899 50.000517682517000 28.380693069853091 41.364633400595366 32.651813265437113 80.920539754260147 65.164885395385255 89.715000288649890 31.588917799960637 16.884664088239553 19.116388005516015 29.268414155096810 5.077967305796626 22.637109955386791 89.065393136008510 27.048055353205637 54.964901555354018 14.118372370424737 45.041057358272326 99.067597088085108 15.200391019661996 4.015590973911698 84.474823992532706 32.636660579915201 55.486164909461962 98.487425536387292 68.325626296096218 4.584830656171068 23.428917757565280 62.598887904611054 44.311552137974907 42.693775807099065 68.256176912148945 15.307954282987646 11.443879020074800 84.819274911037709 18.475106488082371 44.054446236680413 1.415430365481518 84.628484223003866 42.811266838701826 94.495488056159019 28.639047597262170 67.551344259354352 41.708320444091704 18.864610482534328 94.527567837884902 86.298435104717271 53.680668098533580 44.158570431925412 30.315676332290799 96.762996941551080 22.574399588630246 62.425615154419276 51.893759136386620 57.107562935174961 67.632896870639030 8.180315257770566 94.517580176705735 33.520450015083192 63.456744791901997 49.157007905723439 47.961211500203135 19.749170690427363 12.250781884468264 54.511447150721082 87.765266827730599 18.899734082923381 97.732861495815840 22.731774655295656 30.589663580679105 1.923511553225088 21.256718381858462 56.839006118571454 26.755496908642971 95.971637234964874 17.295470806967629 96.419745638939631 75.741679497886210 38.139387833286698 31.152269889784790 17.841688165060521 27.521778084980532 60.949580953981538 19.495658855904928 7.446090387931015 80.007297872305514 8.201000139097669 10.339865062933740 74.240276762778691 81.771510605492892 79.360604985623922 33.233330965107100 57.437102138649230 4.534735153897584 54.207980741704652 61.365156375390150 84.904187076029714 29.855340166516843 70.128179816831079 60.389405214239254 32.600945272645419 80.130419906325173 74.720619334733257 49.005774640694220 34.624883846613940 0.018992795693329 2.622980201232417 97.617819499808192 36.915157226896689 12.882876065211700 33.163040531238842 15.849475680403447 0.908349290939747 84.650092780447622 44.602806334639489 49.684270588914401 92.501125409944677 72.614681606407288 13.372851057619940 40.025115842575431 79.939799611881512 73.392229004235546 37.493517402867504 0.782648289139731 24.670735219635674 4.406075075895255 56.435184162347753 21.846831773701116 11.484054433222656 86.797955969629243 34.278659096947486 5.967042508573939 74.825367106208304 84.805854170514536 72.507606246436453 30.481797575568770 98.218635484570584 42.108689350039853 36.532077225163071 73.773037191753772 40.874894997539755 80.343837606184934 73.187732923726756 59.505366880364598 50.284297834456105 47.188889750575449 32.634615079538676 8.427943134664018 87.137575307381070 95.584597638755383 2.433049524343911 88.309012712336028 17.473476837460279 11.790452277123830
8.219187179535915 49.910630428157752 25.912692066166400 72.057078032243822 44.102513125519579 34.495394644488485 63.374288092464148 55.113579532167897 67.409716069438900 43.535374639169909 40.152831872237250 26.102445910713502 79.137420746486825 10.455952863830420 78.319805169996172 6.505805683466093 10.012334012067580 29.386537409583180 86.401992046717353 60.789584147627842 53.705686777411465 19.446213225232391 86.153708284871783 30.908589591344725 32.529427484007471 11.923550200528387 83.750653757311028 67.689873613279275 35.174862173551311 76.022514472893704 45.524694514227413 35.504120610686762 56.350022469223518 52.630377711434463 4.403146454007867 18.035999976476869 38.794058972604425 56.768903163126247 73.458721244750961 61.465356908638022 82.296919029429347 28.762852718578337 16.857485018717089 68.029923059970884 42.944127052712012 17.592859193405587 20.276612963110995 84.486887159003047 22.891825594152017 16.895207856614537 60.040795490179278 90.856248863400111 18.349827413169560 54.905885650271003 40.685204135537980 66.332980186095142 87.951329070001250 33.105914818110783 39.128190389901484 58.932817048666706 50.774534947276642 36.012214554990784 59.702974761803553 51.409265613777599 53.337288489623667 73.452545963554428 67.745408502912085 93.044081377219328 30.012258391306300 6.471142614801262 91.879819312529946 70.485022321747863 53.533855270173412 22.680515045134577 42.966395127557675 39.141565219116913 81.946345493539923 10.284461742634022 97.567358269363766 90.880619154695665 25.698497064796143 71.841036270945622 42.457283177893167 44.734835161232724 36.527643866512307 92.359633408811888 14.536373653454259 3.838732948086954 67.261309242396223 18.131554915721772 23.575882213836806 17.415069390638415 65.139782269999642 30.065940054721473 56.955822772367704 51.756536298294577 64.500677818787565 33.442482820111017 45.424717272094739 66.325366997043702 72.581355832441986 99.616519810727567 58.614382813907319 92.605159639373653 14.824111992531430 33.918256127153512 51.421948065899791 61.689011132169647 21.912573100451127 48.554685039736512 27.335245243600703 14.836522399341368 89.257828206327588 18.523447630086554 42.240558716850693 95.282542051841318 14.775451460435118 82.147027078393080 77.465225352924193 42.100237040973241 88.737755917125810 52.865700516652311 62.443640923960977 48.803319136452409 90.655250305841435 63.535657610345218 19.491359907700602 30.122059058503957 7.979458481703472 44.837819964105044 98.398512169588628 48.228492736415305 85.915547371803513 76.024433846989623 97.784875677115451 49.851808987029699 69.600655836070061 93.785835064185747 58.519277553116268 31.714137469009273 30.949492210595420 25.198705433700407 8.835931768770934 76.760918975078354 24.899197946885142 91.008637584649748 72.559444214769428 13.458631551033829 66.324809274740517 22.206564391675030 78.611671826882599 7.273173619931872 4.169768037022448 83.569557639054921 75.224236802796099 40.487012632680120 99.800923438550882 17.890742198121991 24.626749406350289 95.327696205002397 97.029060546219867 69.275172473272178 78.055073946511058 17.692350939408442 87.807135554684209 59.204719065662736 49.204305267085310 34.160221741811590 67.429389076290974 72.549318620095349 0.984405083492967 22.407357161834330 54.999951064892606 61.282332937838511 17.765952683102437 28.045036888320730 56.248475013046153 37.897758722146300 53.844807994657643 55.461248933567553 80.978970251335454 93.286524358471524 30.056192188785513 90.054482467400803 73.484359341502568 14.925607008008225 28.288771089856478 51.018845039116592 15.680017186660278 3.580308709100877 64.193858285222021 23.294421554286327 12.893047114233669 81.572623226560069 98.701666641170632 83.825585610894365 19.871780462822507 70.059543182477071 71.471089618453334 6.392997767291919
35.609889983922891 9.942844632760528 65.442300787618308 30.617642472356611 44.360941775124594 77.174002420864952 13.206388430512906 12.699250146209295 45.147862500935467 71.532103974340274 36.458624831387297 24.774755813039150 68.869996385521731 88.796443227692066 48.634629530192264 97.655330820208192 82.667661019562203 92.164740648948126 3.921616093809310 61.504699080773229 62.559616385522119 40.612175485763046 60.171451682507161 76.563585272936834 4.024533469947666 44.903078492288337 34.703700752953402 63.105972038947577 52.841584572574348 38.957027784176958 36.707187771318971 4.095624309574852 81.500919433736442 93.479843575241659 49.019451366406585 18.088045458622513 36.272650851271912 17.595366406796654 82.197173893224516 62.127029230721433 49.802448090156389 33.762798198923448 79.479051987277927 97.077126555571141 26.256983204695615 19.287044544073030 40.591709799941889 53.380394330016223 74.981360111935061 63.791629663282393 60.446108251224629 48.812591935735306 62.693587250275165 98.124147217075233 9.327067725376093 10.653824582267157 60.822641952238811 15.071024649858945 24.482327608322397 35.929890898101149 30.245704851933329 23.379006141830160 27.458827479953428 17.322549324605596 39.380971441909018 50.696919867015247 24.449371707355581 39.832416736753331 95.494509487382658 67.029671142087494 49.222480880487517 48.625488410218843 44.142229253781707 51.630350915651746 52.003629621946224 10.188611246076096 17.994343727823605 44.504008196121262 58.600220774564193 49.306271492557343 70.358056619218388 35.976670017667288 2.830395383930107 79.133745588335728 7.016290772439349 95.147729375341143 5.424809865784164 90.909058739869977 69.672640152764089 75.113591898779958 91.368005111253865 75.882161168584545 98.855466311538947 94.254481268684572 75.720709705166584 85.980029072056780 28.331570559217813 61.771485270286789 14.804166410739494 52.112399857391154 12.979339703107051 30.737438098347280 19.227463440748139 36.447059615176094 54.394232861509920 72.649393928302075 44.844832683941270 91.168585248444870 62.034276716790728 35.668902111798864 47.095523123175468 47.946997472278063 28.211198142865037 92.505931736226060 78.934377093695005 13.784106512429906 46.553006617669148 60.832244059588461 47.547481674526381 15.082702718839890 66.932157482129270 22.267756531792703 11.134272155021440 81.071092886865486 22.028586020982964 69.542032342300786 53.083014042382501 51.831451168744223 22.300546879934736 53.013842103641515 92.484387095425078 49.604745903039628 74.873445427294541 78.394470798462294 40.955886893869639 35.820446586985668 47.971361059089489 24.076877791481799 92.430808997047947 46.355728308278366 71.600425261505990 44.571938261920153 8.744495610185954 27.104279073760541 30.322120296234900 82.558206361649269 64.474406780443928 17.505044504473066 92.883597486251617 91.202802304525676 28.682593291125645 49.400648684145843 71.692616315651151 79.062984838081704 19.138478099721002 28.768379715191717 79.425341558978616 56.983986565353298 89.586514888231292 51.784661840076105 64.843744542217962 32.025110651383692 65.053520546585915 0.493294134310640 6.777856048562558 70.436644931158000 26.743700980618467 27.389321248456568 35.138282412077380 42.116563393467267 80.388049278954568 68.150197812315611 53.645548358781205 72.449818546225472 93.036000917312819 64.313468014322993 86.945805285292380 18.956812470959473 76.405948115816969 81.801011438031921 91.855505186555462 81.097887893426318 99.645095428076118 76.375151221795250 77.515589307026417 91.696303111926625 60.779966174894639 10.844013773043027 16.529128164832407 34.206151383614610 2.633438887757888 35.999876090903157 90.851302818469350 57.166463638004728 46.473699722150450 64.262893037612557 99.759553631488046 46.861614425280706 95.387297128640540 74.971637465927884
40.856480138851502 43.509000110794148 61.486389004352446 31.505928240948244 64.303333151159634 18.329545224451493 69.789340840863574 80.362800672298036 22.688927478461540 57.953002071200018 68.050952968878093 83.914972166908427 98.684972354067341 77.495974560366079 26.442825342461930 97.914283102922141 75.263939506663164 68.427392979644893 97.764636333428911 98.707655551274570 7.050148453437344 23.097204074009149 20.018108084347496 58.719058224996466 38.653339432645936 98.681962656103977 44.596089485722992 60.265726893671356 39.412417163467673 77.961999489474337 71.886683150619163 77.690632240225824 0.818125186756480 90.998684833396126 34.505004946452779 59.643979683961788 16.903237694048421 29.845034834054317 2.087973060734505 95.048889475928249 51.236718939401818 69.525727189824735 56.319883355397891 17.613274533676815 99.408881573580629 64.003019029458102 30.400867868480663 74.564005414739370 65.373288735667018 52.994274133623584 32.150354393558764 86.518587475317872 51.081458684436775 41.910847962977641 55.113242981497599 53.832671968853887 94.165201585700459 38.626106048920029 92.215303731125218 99.359880510357698 30.056998261206967 70.078108556137124 11.237986969745538 97.079042835630972 60.035678093785158 99.932735772868128 60.635382992525464 98.831618933516765 28.757829262289615 84.995183937644242 70.353039218670617 7.735005712009901 12.971620960397168 43.730843210723272 88.197660914054538 73.797164556422828 38.240103568866658 34.789944251779204 57.662138523981774 96.233897249094156 99.697676666870478 33.581233258072487 16.004524933413265 93.636902051517978 32.609688396284767 69.103504358254099 32.751092475537938 5.347752431460473 26.111985241357203 83.401104277426768 56.088621740804953 67.399504240643850 84.604952991501449 0.436526674554527 1.333210815745689 43.668113611053094 29.845265105703010 59.561898170048607 65.274573282682553 91.708557237652300 12.921307654531667 12.623459125327784 69.203094318503460 16.969807928092063 17.846019404715530 37.686455281033929 70.084769098677640 18.223471365353770 86.053072732583715 7.241827038315085 68.585109739314646 74.249024188558877 86.011449761536923 57.387688166765571 63.123121487769360 79.512865472772887 53.462874704623374 92.215885603611909 19.389181532099286 70.733443139144143 38.083845490637373 86.494609998065940 30.413779676567287 42.551358469914511 86.746182895872977 10.299848554404845 19.322330305552128 71.374811824437131 91.851255372992568 85.292410181760673 72.341852435402444 76.888888664319936 50.838328027969141 69.936056427249127 93.538782922047645 69.147912726750576 74.693311305999828 56.975514678354543 38.040733165751462 42.382114031824599 51.245937737532586 29.721137521091379 31.946614132635588 65.640120110620117 35.125529397469514 14.824727145522164 22.809684724820801 16.029753521492772 5.386845486022995 69.097114711648004 40.606416876490528 3.174676634425921 14.737000733290174 45.226963566443800 65.361305122678161 26.867047645032038 66.215020060374442 48.776526203801943 86.178418552739487 33.588125913125701 89.951936534662707 23.776840473318906 59.238456133318387 13.903646499515943 2.281672190084305 69.837627710557555 97.745130110266686 74.182552501621686 79.998319372257043 95.518066006278985 10.544991853352581 37.355493313422983 0.746390304358324 54.372863368205913 33.944444301326712 22.136202416596941 0.581211904786372 47.772654405676626 89.483168116035998 3.639530800400015 12.765299463378454 4.267564435346516 35.405646476791588 87.357391632250199 89.637010035299397 88.247347383211348 99.698492793615870 97.391353316912671 94.251197362807773 50.846464678528548 69.963287459310635 81.222126214611635 11.772541139263581 39.453238958394351 60.062915812365482 85.887569468293208 21.871132868804011 98.162116098683626 10.301076111506868 61.809721696407784
34.896296858928430 58.652037989688544 39.650832860608901 70.748798957409932 89.120986206047434 9.421049169166951 40.220090261297933 41.762864617790555 38.564012976447501 94.072759910218522 11.907375982185931 82.829727941446308 63.147735699089900 90.008256565920234 44.385217602824810 97.978910883693189 33.056033951226162 35.562158657219399 73.580244786536937 0.546799524804054 46.960669734653429 82.129207374734719 46.264300026004989 33.931925306666642 53.416450278353103 23.494998307720969 38.397380026321478 92.971948223324290 67.190323818055376 62.489064962239716 38.038558902787287 85.243836754964150 50.499533244938362 58.006715496567615 69.642730715843896 99.207261965578212 48.146768278707974 18.598712513831096 21.988077610829404 30.186308537458363 38.381998308088136 57.894512427118663 50.616605205884134 71.302575631123474 16.985516270088606 2.033327033388899 87.523324554586964 88.496044332765806 57.071356829279551 36.139911407613745 98.323900457600715 66.625485848247166 96.888648448407295 58.381708828437638 36.231875591511034 57.001297320893784 27.536245352858437 75.375475169605622 34.774331708151486 71.164418485660008 87.440725219099008 82.069220844533532 30.300522503107530 88.171008198315832 42.436059111766212 75.307164722006334 45.430103390735930 5.144826480841269 51.279866243231218 86.251613126050287 43.296072150917922 14.146247407351243 32.978281552828257 87.608670599762263 41.258301757657421 77.109786726705678 70.467478388114529 74.674182022608392 68.129546365346030 33.571822260810812 23.395778501836396 58.096323765213278 32.896004464424657 93.843287245463330 9.410721365327401 94.335992511229293 30.396498578886710 22.989101835602888 65.464906572088111 22.402251646419391 81.939951470864514 37.992047883944146 1.761128527351952 29.700445871509405 43.447078725529956 67.332797089270500 1.298360984671387 29.832020737866404 97.725594594965386 88.708794772007607 18.968459360640587 71.282715279837277 12.806946269504394 25.798008491155635 77.893430926884690 99.304219502623283 54.618082826720240 26.816351566733577 45.364715633942822 6.166563812857550 5.739472387161948 64.131363025418935 10.362505310425508 12.055425692153642 61.639822161217303 57.140957452898654 43.242274569655450 67.762496525130004 54.611792470635912 1.061047114243874 86.931658367672014 11.840443920107102 80.365038528270702 88.284672227192232 52.583871272691319 21.327671509192658 69.506067134020142 78.855876802203412 5.326233791581203 78.205900413988786 65.402659340545142 34.048696482657128 45.173423320263026 77.705096537402227 23.821611448971957 91.157521454943691 93.317521425462417 4.702653475294094 18.847085769140627 6.874111075243050 67.553986684508843 8.446283610917726 45.216388161033919 16.421209576073302 57.422359035376701 59.750149781105044 21.749623746740909 15.040231433949069 81.655866630267610 83.191157683080192 8.345963569091985 8.500326359881139 75.419659759766461 4.722011181541552 44.152950926850920 96.313605689166252 35.192945810544209 77.566719062079969 88.824111046199633 34.635204866182349 42.495667990463858 88.108990678374539 30.220760858319686 23.571685058582148 37.629772311037648 93.252237634795264 3.220022618155027 92.569161215587201 94.128329552427388 75.425773695858553 0.297182245851391 7.336709760063775 52.023946908437082 84.533380425320786 88.512094844782524 20.584724500426766 74.510385452039500 50.906833272501615 32.912646206918161 10.001673309769910 99.873584713804647 63.774314294625675 98.216427086067640 50.115742103476755 80.817817321871317 28.982700636853576 54.371744098022710 30.535944189861951 83.416018754507803 50.374554737241930 74.868438183578434 9.697325029914339 14.007612448154639 10.629783708962314 10.492100054039820 12.917929896036640 61.793224159471002 56.534506013573683 76.943611000939711 47.927839654367212
70.844099862708958 1.436975442644284 28.828658839431732 81.763938335411069 48.321292303855380 8.632170130660622 45.051070854273867 18.027017159465064 0.788436945724236 87.982679969125826 66.280998719449116 68.579158935030406 26.337004800281893 71.718870291907805 37.403496037892261 33.782093702708579 34.408363583719094 81.351775415941745 3.070745747348613 47.309991883158531 65.180043973530189 52.545609424614625 56.051554000160053 34.206657707546960 85.354268451497305 2.177625960195329 78.211461800682287 38.697734124779885 99.547972987679756 35.472771746837807 19.290786574255069 39.046382355323217 80.387589544088371 10.457252551750717 19.485683816807398 3.808410810883756 6.800598370704025 32.166007526132212 42.396035589802040 41.092266030155777 96.678702694639469 37.519098512846526 92.272337844768344 25.059185221523840 4.588545453826920 63.450611008154524 6.083944761616145 1.286080761695163 28.440049830111612 46.796418704541843 14.800885876774517 53.952117109195981 61.028600505626429 1.764746324356692 67.871485078279875 98.441866651640325 95.646890586374894 19.520776217407676 25.182459882709196 37.899117971437022 65.057756483241533 97.437909419950714 95.762017792450251 11.257974876169785 97.646845803752342 41.120531970950388 78.699259661953135 85.233355093525660 57.294092013925493 83.271182673537012 13.055733333038278 23.102616605311088 26.473037655386033 28.894880759478703 89.343983386129253 42.708639618254175 61.255939707052640 41.880893089146198 27.817946347136989 20.926656109310272 74.104952143060714 36.509783246182394 52.001996895164638 90.980374940751801 9.191514489935237 54.498341691419142 31.171536735741554 43.234522722260969 63.565065426133536 7.942374736529745 31.942756254762884 3.940935568631809 94.675267780603818 54.454696949786239 60.965883030341381 93.460623653623969 1.544503468205949 41.643664222271390 36.674802650361414 57.175309896583769 98.986656628782228 79.781323223634345 73.977271972086626 95.943699428575073 78.578984469450191 88.855147975350206 7.320732956107213 26.597172592524277 7.429387697865220 10.765306223242643 32.636270748497211 42.883458874514027 18.241458208731022 90.136160629145508 18.633606905611256 96.047419432483835 12.936005716949140 41.988779245105803 75.539253895704093 67.066960139452164 60.424040148049095 14.918003139598913 16.204168951795506 33.508892840766215 8.208278072520658 30.895139453427888 50.038973774831597 79.424620968862570 69.054652253884768 36.594456535982737 91.714512065701911 46.957255659459506 18.907282887128041 81.772069342164869 37.269835869607547 84.610423823003060 29.958248874405701 35.635637917952245 82.221275241507016 56.085107739669972 30.840113855347628 88.728328684501648 59.533312117522271 87.021384641576532 76.742187636407294 69.085791480360498 96.725577924334232 11.108899054791266 92.852624184728612 4.084604251775337 67.375080084582095 32.132069537383401 31.581587169821834 11.286850999233467 6.862509446944243 34.201609356167914 62.280927071824053 91.510683487007199 22.354362253320591 98.009973963147928 20.356626519431142 63.167323664289000 85.857141350253812 28.695289779004163 8.406185573099723 77.480657541097273 94.815728013752036 5.839810254229006 44.082021385975359 37.592682398295828 12.898675521875003 34.826488466711211 69.610941114946726 14.714571874363280 42.686187586463454 24.219699537689042 19.068366985480324 45.857519149585002 46.688333889637676 26.802047624627654 65.332663848354244 86.006881314884822 96.265296386457123 15.214398597285349 50.516226625884798 25.380589577608394 89.096275716159909 31.435486435282890 91.262497232212667 7.190095813810437 62.096649614779778 58.084309448371549 25.237705519939169 64.798987165625860 2.437188623227782 62.169244210620512 88.739657028478476 16.661077887819619 56.078369339808972 7.835686654021645
27.258008073691030 74.367942752041543 83.673629625101498 26.839890321575144 98.598256940829117 96.929202483032924 91.628813082337984 80.821353256167811 93.036991819583235 32.267853416802936 2.117698359852771 94.149739703005366 71.311154475245814 67.949947119105886 41.943647400179529 21.771514248902125 36.236166189631703 15.656501989561022 55.827054811488189 33.307730579432892 98.250116752675524 65.459341760556100 46.701259044618226 50.679669820582760 65.960550592909499 68.937197271279885 82.689904043111227 50.344260909874052 1.296544651236775 40.597363923203936 47.172661068529955 87.277593855675150 17.639442721245359 51.522685937944857 46.823263479418443 70.989255490877895 86.982217802798161 93.477795520344728 75.076297464440856 55.849040614331301 34.326490204472350 77.102150470743794 11.609246755741331 9.947290639871742 76.702546188146883 66.643588252963156 75.205845460360948 88.825288580922418 23.929834331223187 87.625882706696970 78.926823866466719 6.139960467767025 20.455539290319503 17.684790180175881 90.476658715801392 59.409054608597025 94.678370356616355 25.795667290518011 13.325482947508826 87.044513684769569 53.322929688439167 92.409980837741259 72.338636442827720 15.899022370213679 67.022198085209709 46.992956062259516 74.567817654623198 26.389482970964117 71.773344470130340 96.006607857896810 31.713881632047823 67.498819945600445 54.925915363529278 22.691568405980810 51.665578223458354 99.437701999253008 32.500407151541488 32.386308110971164 61.522207152986375 17.486599612213595 51.360532614370833 91.394534073993000 66.186533656876946 8.543454234322168 87.494314319742898 6.172154959882037 7.711726744720638 32.674895059592238 47.377389286581838 44.942698114036681 3.233433889147841 46.997111379441357 8.385225738370739 7.070308252179414 34.906262064013006 79.169256871722510 21.271062908443017 89.286989495019213 6.592050571728725 8.300040132791731 29.147289753934636 88.420372902818031 37.066488896773109 39.449201853383464 64.328876745088408 49.341187199724331 14.224370417476395 92.957561282565479 77.826117253749018 81.262494076568387 39.538107517188870 50.354115694531863 37.823133136620413 28.439134127580623 16.452813532850897 43.990850896353820 36.296650297963055 71.910235994838189 20.305555428113355 4.400382962647820 39.000096118453051 8.282391555753355 9.329187638858228 19.195771287315498 59.165234308143098 30.054877207624099 81.805615093360800 19.737104923668003 49.338932038563968 5.747071585723496 16.353852660076839 81.979311186174314 65.746453661752994 73.530042050030204 81.142339524691451 22.788141426498797 77.230755829190457 94.619578187643299 98.947697096703607 6.553178269765414 64.083945294314333 69.425441895538285 71.809891599970939 95.040503725892506 13.980926612609213 5.612773198528198 45.014404894715419 24.035129032929213 77.228317411414366 13.072970273206719 71.475628808935582 56.882402816480607 47.553558579878754 93.203611613603726 96.300972855747986 84.616809251471821 54.976496834916446 66.698436657298046 46.175415985726431 99.434882382570962 62.579309667386354 95.037569048784036 98.263081533055868 42.176875119790949 5.939452644813725 17.051382420709672 65.135211682881305 78.800060233524221 94.524391182084386 34.759545703241933 81.803556672663916 51.023659753112703 62.249523300645528 86.061399331600370 81.995516427638876 65.083972235562143 89.886305865971821 75.863541683760687 91.210233319440945 94.543641358314574 2.651117607380160 47.861967009988746 69.792510584227472 41.960511442963323 91.009509470021612 77.842562826092504 68.157835597535723 5.972205826962595 16.842270452444165 95.130185018534704 87.265174969508976 17.283491602729097 68.337398405979627 32.558761022049268 32.765917118024909 8.131592194282034 70.925052846965798 45.136534645467563 47.143864833629067 59.620394885563158
6.275709542279695 57.688277639913565 81.225142457195233 50.113896332966767 62.398901369726204 12.696434606446271 82.997475202172254 13.311244482769579 65.897896054770655 22.055234428077597 6.902289566364339 23.706765516795336 46.364272523343388 38.204325901988277 20.928154117764429 98.146086889880451 54.316930792423690 85.426811398744618 14.779765352884123 87.857725379937904 79.505339536141548 30.828167507478820 48.242860579180324 25.303083175899634 77.531419451839952 62.104383488067491 92.747026756228735 8.924942337272689 73.997902073516357 92.761046127492392 2.020880546137827 28.084149743640641 41.874396334121919 31.609521709333311 58.241370491672882 76.324103767825989 16.285284364684493 81.054980575737559 48.347120022698839 17.026825351659291 32.133566352057045 40.110556841652098 34.875043266187930 71.341720012111637 6.955200324616029 31.469388468079195 94.543942920085883 77.174332790093132 37.560166515977130 52.082937158580414 30.999117006638453 62.734371462384473 79.463962170048433 51.308871269480726 42.132788327863288 30.239426311174245 60.725465391800469 26.777397789344903 59.949352119676810 50.840174689691345 69.950174660475824 49.841421201978498 43.825555857304188 6.044551325612868 75.975621240720244 11.537879848402676 66.660812470397303 96.886648972902705 24.406761956441592 45.589020315174679 74.729618438943461 75.807741131150024 87.199732345746014 22.904778709914375 48.849569985257567 68.065183352085839 31.324474579912742 88.173433305506492 39.260389774479520 48.779571451301742 27.866629050328374 17.251688341245718 59.129723043140139 8.699878078443968 78.842018431372779 27.721905199012497 23.154342797118844 96.208273442479594 63.978272956699300 83.511897655030438 27.562286034999882 26.141230790299218 71.934945735525062 5.797641494730843 28.242851953195146 80.438649351238240 39.980051172098911 59.847953477928137 89.778054492404166 9.736200711597453 99.467610270595515 6.534840894251648 63.271123965467183 75.887949644957246 28.443892826272389 67.957316739985217 73.678893831707143 41.067256112839466 70.393820138033220 86.902077822829682 35.981100264993557 20.976502595479285 10.441003127089010 53.147144556333444 89.395438905447904 14.923380325955470 67.721999437523309 96.828043647613953 62.455698571285637 95.777530000623614 88.700223051812301 78.969752830602005 38.830397793082248 27.019015722342687 12.516589400986744 94.286117371596262 62.030875553490951 50.455544860762323 29.768794020967558 46.937667939752757 77.130593644446193 32.254314691165554 0.404691165192717 43.531089794494839 97.665359821572750 73.064988813607329 71.303696908810224 5.859616416275049 82.728153235079660 58.755684767688244 17.560542867781027 59.516336786850552 81.213728613423939 17.193954988682492 16.336574140220371 51.556122906620431 87.447937944137351 93.985943071416116 32.861946473984403 15.830162758627253 99.784336048860780 22.216908550724245 81.757988498248167 60.027173970756543 17.180983121266070 76.176113954975960 96.290803102617602 58.825299665388705 70.515229884994241 73.778352899514985 62.892653352985576 95.927930867275663 45.126214919073803 25.537216376263906 25.272149375291541 74.898719456069259 11.934301969017246 13.743818935565011 74.912648207431758 94.895429746861353 65.214165221767644 65.957336032361582 93.801498698835729 90.220961252690927 37.022911799654835 77.973253693311946 38.168989888014472 70.130944653641819 25.148543788076772 91.381934600893132 5.648569821242932 57.126093642361688 27.019819584064596 82.858083827181332 47.761542461544018 27.228967453597452 21.400708939548650 16.055732077900664 13.810501431481292 24.478977361943933 35.697940409312658 28.872305034175859 43.428950058809335 99.125975539232797 73.022705660970360 9.918464757599654 42.121006840511654 73.441834232958740 31.938804310068992 14.142802769367313
33.013953226537794 30.704941433231291 47.182807663052749 10.439808233291137 19.401357397282236 92.536634247595444 31.558253019934167 63.983096368946178 48.998819676452733 58.745409401618701 80.475036872171529 79.376294107796070 85.828980257717788 76.741462584260518 2.730932586220447 87.985477579917344 26.432021473533329 20.879625951642524 64.002865459554030 21.046500431596925 36.885384724483885 75.052845373684065 95.920590190821187 48.075595111185919 26.869346707838083 66.148017883807171 87.024897520852988 90.490344228191105 20.654951454866378 19.145058362962498 32.853412523262818 76.626648359787637 72.661213621242823 64.372403172067848 12.940914402370140 63.940094770568969 92.938801392284049 88.389905279026365 66.209558623908364 26.011920515395591 60.977280687983928 79.107300459502667 13.086917805995380 82.378270642644154 53.151807168234022 99.905803832745008 77.644090180097919 96.822939944773651 88.748898515156924 72.615353929551119 24.134554254854390 44.013409986627913 73.093771540620793 26.615527209319488 74.980427244942646 6.530161026925329 51.034834052765135 24.915972449961700 8.647227560252890 63.976348294863719 17.167004093665739 86.994117439418261 25.536958136310474 81.719641994094530 90.039242980980333 40.711581329830707 78.883230644724947 93.870884535186036 39.743381227901473 2.726727975236698 29.682589842449381 79.910723311730379 22.030078891978132 43.974350872091428 2.423604145211566 77.209680827680927 98.350341985689340 69.324039212586968 66.049475439319821 67.870117379163830 77.786822398377325 50.851732442700460 44.701526919775262 64.403643562449062 46.175958413861792 41.319264147483594 72.397796811290689 13.784539041183741 38.368496555509935 0.328983822604800 39.901242387401496 13.511435077795419 3.384171223760257 50.834752913245055 71.702623814263575 3.308465799284432 14.153784942877524 55.806525940245443 74.405267000993817 80.023595581514357 90.700945768848058 93.780656789104853 77.244508224375778 60.492157732064641 74.077779188669084 64.803412541297831 6.415645429549643 76.692113800668267 10.468042014119462 18.019881653234648 56.581084037867655 25.628299147332591 71.813189840706443 15.266683694224593 99.495897254247652 50.828199048571186 57.434082735064941 64.414029884080179 47.817916187472974 34.884137634472644 20.646927851171615 1.598606750479115 47.818569027294188 89.808303033004336 31.949325996028556 6.138558515336657 91.828478960683398 61.838809654511387 80.542485707085405 77.282319233808209 26.859508384064313 81.457331247732697 35.819562170052635 63.575390825356749 42.847826029279815 29.961179129951866 59.928957807712649 46.705205796160996 89.365214870469046 23.988306699374483 61.991341426984533 60.555915427213201 14.469022509355723 66.929656324974161 28.685377164218973 55.946046348241552 77.920708805382205 88.279744409517363 98.736983348892380 90.159983772267069 88.086921397388096 13.208373949019080 77.618708106943103 55.304372007230917 53.327508911866282 93.132387372954625 19.139973320876326 80.880891333396931 44.178678414102002 30.611333185723812 56.242981549693219 93.282736829069890 72.772101265439503 56.857768393575483 77.153244084070778 7.247535037260100 21.900654527871190 49.783821174838451 31.666294828404663 91.384329472397212 71.283381349489204 29.053435337701483 89.149317875810368 80.194247799757832 21.656605318148536 68.868041898779055 36.150903591308882 96.301644278894926 86.436044914954238 9.470858201102207 42.229945984006420 14.777988915655616 19.710683572337974 32.155442013513834 4.960819823942453 9.289452459690450 88.985174560983353 77.995341464371009 54.807125140035538 1.707659258746141 61.027027280643644 20.426092676333784 57.654440118274685 37.010956812263863 55.545272681832714 64.306642388811468 34.393839314797972 58.656553511923967 25.388122641559065 13.800462334775609
33.804459127347187 28.299593052952254 70.391344475665377 13.345911880590100 93.771398120191790 86.632912091005380 86.838130851361768 23.085059150475796 63.995682884773217 84.883897194763890 69.524661369509019 75.736671714354870 97.338432510331614 96.205869480331458 30.597786654953929 69.332235047515908 31.943108188595527 64.691040321885140 71.466784723679496 84.799127560574831 14.257867293275417 83.112727626700035 41.070136910095044 44.213548260921698 67.415613581894661 25.950885737208939 51.539846335829999 76.598621696624676 23.741866078842101 69.443758410293611 73.863105011648287 17.491084050615711 8.973596772260461 19.248461155489093 61.930145424965268 35.096138234118378 78.724091695141027 56.908943857219960 18.331436404609015 58.857807504749630 15.855176085732703 3.280417560193383 26.897419610587203 0.131924583501941 78.035527671377125 39.847647949935151 60.328546308157136 22.779874862220595 94.711767668416115 81.790026470903427 77.755427247724768 92.372578473245071 55.713612636300510 34.003905775735021 99.263864382990292 99.860131944378338 69.308359023168492 92.999857821898559 91.069644438223179 15.115064594752582 86.008795010578964 37.105404422079168 13.678953827961870 57.644078304939192 60.343303468572486 33.649813108027494 18.621774489151498 51.872486564163147 22.094747418554750 14.763359111733642 15.838162773276332 4.937105375719353 69.061454490257077 37.250465014841581 33.184647737337315 50.545573748559882 6.993366837955984 64.765353518691001 23.219117472976137 81.860546381942342 45.473171748587362 72.563278364380778 74.288066358666200 18.803605072760256 21.095332466552584 13.570270807928209 50.375672394358382 72.136323182791273 70.942897178711377 0.830151996382289 99.272052385892508 20.683498092997688 30.815204001332841 73.316484102326655 64.140944310942132 93.932356882883582 21.653327780353649 10.873348670550564 12.375540568144904 99.274883605789839 69.897527919853630 72.217856515100522 29.257982742129208 72.379022940425813 93.957869491988717 18.780281911120898 36.844223805984235 78.220115643948304 32.780021711322107 80.266373683299491 35.273081647638470 15.811003383639433 56.396805807932147 44.981628392349094 89.285214274964503 53.877419766055432 69.616805419124233 66.342353195518825 34.769616380658121 3.612292252590388 19.898049482139168 98.579596750647283 3.297533895057680 27.029280687511658 11.107617331703567 43.865109405932060 77.823665601461641 13.710524107590693 87.511211493975722 10.771244214273191 41.127289511773121 33.345622356507256 33.362843617839630 8.815993025905566 66.610587046428819 89.796477761865560 90.223444096819918 1.811819160124994 74.554918863343261 9.541492332970824 44.994251882615856 82.508678636336896 5.283074008253729 34.781951939138182 54.430473419926294 42.920862077264957 68.901065823528555 14.052761343801713 93.317701792032310 33.242618781545850 44.570245211870287 77.124898255903759 31.989566462369801 25.617936820215160 22.658367692489513 43.458560103128463 43.918864233384703 89.524487327676212 98.059448222241230 5.854972343659304 45.544480185215996 65.505134799904596 3.172532784531312 34.746472887482327 52.504274068281710 59.822024667875915 27.949620922834683 21.466012135707146 62.630742943009409 72.723198297593157 80.339335678312494 40.309845272613174 90.278442206642268 75.210379802498863 79.258528295740263 43.902328208390706 15.746586557923282 1.604804171394969 55.377746058308986 64.781895498169334 81.675763687493102 56.145963960502790 75.749642233172750 33.904878734862045 1.321890005280879 59.056348436148284 58.771530265801850 10.188850119393589 47.209661841432663 20.122623548761066 55.886954643567798 59.536415874551928 99.394226425649947 51.566089371889511 83.989398385478992 36.586317784510456 57.526320495317066 36.447539884932375 25.740429400477417 18.545872879315095
51.117549828576635 54.384782931096076 4.695097660798386 12.130761245937350 61.334358566724667 82.179556306597675 73.110106153404502 74.728178423338875 27.483413307165851 70.328623612763565 95.299359905824531 34.880416078086220 83.003086438949595 55.364997001014956 23.494793674553939 72.201727830185192 0.731462069513189 79.274313293522837 21.338968474036214 54.871188913056656 19.903126219862045 23.879715802646530 86.067522656012201 12.739547541791286 78.301424986572201 50.775293207798065 78.340207321413047 30.906575337765119 26.688038057792728 98.705221930472447 81.159051006156190 39.042718156530164 86.215790409083297 18.780214661789273 61.087260045730432 68.141121051436201 42.314612918384640 65.387661132944970 92.684703570352482 50.614529660585696 80.459418318441593 38.997752797103303 31.187690382102684 63.931530042589543 52.375587262904887 73.912777025453451 58.762535024092557 31.513844361862841 4.859229645454988 17.087225010158015 87.812376503871576 50.807127344632775 9.735122918623029 2.388044689907842 81.124403041435201 23.191854494548693 33.467781594763359 14.951367137620441 6.296582444169562 81.365956962927100 10.235408897911746 96.849357169633521 57.123243617740179 11.877267429092919 59.772785640725616 94.019984280458743 34.424992720577507 10.093341532978206 34.080447248283555 70.039124193032890 29.403054547447315 72.864556593995800 21.009188330283035 51.426011754486211 14.770827504829121 24.184854512768585 36.424618539590313 15.221774610295025 54.430743523178393 55.588066991813946 3.933257711001159 28.314802040688424 88.122437629839894 12.779898436370896 19.611821574127418 35.103187949459794 48.884215510353499 68.075850072083625 59.131043766004140 89.592297558069347 13.776922423392080 34.168933842033425 17.689766708660159 1.437113639144960 49.347086284345110 50.391702737427423 63.564359391891735 10.824795331938486 43.145158112460102 72.696926493899667 10.661611658651349 72.489101775503087 67.786823459341946 20.573084307836854 69.215120781868720 15.391074644523616 24.584079725561235 81.548794520588842 51.312910771928543 21.011807520074356 49.277784257484747 79.307247716048551 43.662080041283943 13.899259077720528 61.931951966543593 54.236930733217868 89.310598786011724 97.727070456211734 67.357004770148350 73.663141143840832 29.622986723739984 65.576338300087670 4.364507170111509 13.949017681876185 47.159229740179477 22.635472018957181 93.026327406563709 24.571727986790737 17.138551413020544 57.537762788777115 80.154296425136380 37.269269620303113 24.222231274727125 2.455661330337811 57.701940498316482 65.488326483550750 31.351898135495482 20.467820925342885 73.548913803799948 24.433239607199098 56.782191235622356 3.104738760637027 23.561127546441174 33.219682615032866 39.867955191449099 44.603963052809483 50.265446605237770 14.113034566705274 69.558841039814638 76.028165238726245 17.289509921061018 6.875146150928590 3.666508798684720 33.671107560370459 57.699426065439418 72.204983350544097 8.444422768390181 93.695686859499617 3.979943757563353 30.569509941130256 25.224897394729528 92.452703879022522 45.370446565755053 40.053472751475269 74.207933139950399 60.719355662965583 31.809326074687540 72.468747015720211 41.612233966860714 86.633789753313181 16.433066603811142 8.992335239878201 62.714618486410309 6.818844866255502 76.132481267906442 96.946854106439318 56.684249997612888 53.305151673547826 88.907545380254206 24.430694108291263 26.315859115330841 22.161586453218305 95.027869838887057 88.421281055940568 24.672625461650011 26.140530594045686 54.683921991484794 9.424606621630204 56.707800110815157 87.960442247499600 1.062985847203290 18.218927383835958 33.564952599719199 9.013283043513177 60.869968487186242 80.397900998512839 77.398939631301857 26.023890742698686 77.765498928383025 91.939421620909016
33.082819949117045 41.956563857586517 59.769670172753266 89.834515212526128 42.094633837979814 69.997679720684843 41.525501171682635 87.606976072470005 49.848699266054311 76.351298781439141 66.224858999070463 47.774011869397114 32.218065470733805 32.356085064400595 29.811837283049194 63.462635060102521 68.837232596651887 27.573219441032080 84.269445510242164 19.901986545212658 73.362606291064253 12.189856690452327 13.203565608652335 61.323122288151552 31.155246010770597 45.533833164389961 34.292720491671112 65.945909339546631 72.034005783075699 1.902987877070861 17.753527149733593 7.539541411210471 72.210245585894100 78.108475543129302 78.020976261018376 20.976836491987193 67.701514508387902 48.312570071223945 64.460447194610111 46.220162141281996 21.226927350300407 76.778927644520735 19.320284347476758 30.975769099031414 57.640878975112301 28.615247415486511 57.450268402031412 56.631965484459087 66.597173225599903 29.428756405722932 7.481167972960955 43.232537510443947 22.736370583812480 23.982706776134499 78.985222382028525 5.749206333494250 82.671594072278438 23.923801015316005 48.029984637361252 75.172340813448315 0.799701791251251 31.092134741169918 14.712672175857811 63.772184016625822 45.617902487922393 50.149789599059282 35.170425828621944 34.000614472274073 55.551487606233152 76.085192170833565 20.890011530100406 91.991187395984056 99.134266314244925 97.805258077560850 35.419139589698688 12.020867187925276 47.838880464897734 17.730781772972325 18.614856853838891 35.754782470859006 92.186795988726544 5.078202983129665 20.104896996249444 57.799816613906373 19.844915686494968 83.826183642282160 35.630617370763318 43.703389287538464 88.994390143474504 5.083223938809677 35.187407968363615 18.108873386124834 21.866189027955130 28.237443660046001 47.978731210282014 97.597400075230027 76.659095441173463 0.477651953448188 22.229670553509827 74.756004058262789 9.818200483541140 61.404965843437665 95.727000612308160 75.541706505253245 74.171516691097594 37.883643978592559 63.770830892679363 51.054966098848539 74.337624099108950 22.340640338552454 37.703804267344431 2.929699684735754 95.235381813741739 56.953944698056134 62.765165133143341 78.688658974263177 53.129153051137969 50.812731793176994 52.132204292838679 69.544809628949437 21.557254265336191 9.825248368905303 32.623403130797172 53.250027038980072 16.866928897102330 29.244918941193209 80.453463756913081 81.796194843903308 3.370613694760727 52.517528538085976 57.135424519344014 90.168866646086798 1.900497170896598 72.383459072442875 71.555705435611145 66.983397479772663 52.523327991875291 86.471484301810392 10.027838525134280 22.515782558842503 20.677368015096718 50.312832203124621 80.946777096267624 75.367444261571819 74.519764920796362 50.589450285992839 30.826450120668870 3.351450938166656 30.891983302339867 31.694711005886845 71.378203187231833 1.369607484979873 83.263667716967518 35.746733289370290 68.038199869654122 88.820510687252991 3.192091967319399 35.615052658045443 19.867851233627277 11.439609604650624 81.274519879571301 3.416770571128813 89.498157148720153 52.346206767925565 97.058914289857796 70.997428025797859 63.786314569495751 16.166198273642117 35.316589047804840 0.804536297446634 98.490400188145827 77.418742477802965 49.763708029907150 40.645522544745418 72.436345922194647 44.856951521959530 74.448138674530711 52.098102787162560 38.826257500264269 52.503421115489267 60.758627762748219 40.582604153199355 41.388606783370307 29.401650088385722 75.528388535218937 52.576899590166292 80.149678025989729 44.072637425390013 67.308679264966131 59.067350466572762 75.389895801241664 54.827655952224838 8.586654583282904 72.529031211727286 65.736461575457383 3.702220299785008 58.813591409453295 94.127719164884539 92.552579189121559 57.380697039895793
90.955991404308079 51.671637267491064 15.646456288321142 1.031613941620113 16.569284862742418 49.646993689428079 43.515970477158248 57.651785066108395 81.322214087698853 57.665182957261486 32.811575973377259 22.174043248581132 27.310403483405043 4.144889247608563 56.452402327333608 7.278392357595987 41.209581190716790 75.383926391781358 27.979880301244396 18.487866922893659 72.520582354464949 54.619435197363650 54.993987346373544 81.510364413474989 38.818029902957328 19.448300093300265 83.149580939800202 32.187190397093921 65.678286564604747 78.129939385775842 37.719075652079539 44.600946174159304 56.108876424182505 62.056635768174203 19.788920597390046 10.374418127962738 11.417623970871006 70.884289803984743 1.819014977883460 97.920743064261899 18.001333704409916 30.723490342816351 91.618328564083754 55.451563019798797 15.832207483684668 63.089361615579357 39.416281884274852 38.684528087925344 81.789866132594227 35.144210355930170 94.448906273768586 94.733964335005652 36.945260532507120 33.772101987935990 40.968036441111877 80.379528527056124 71.536196623110001 82.396930607609917 59.567324257819607 64.913329471103992 11.238752484141001 31.504061458959477 20.300661156223942 70.831200919634639 71.366757135787054 0.213923214425049 44.676265370994962 7.058849856250360 91.357612845483985 21.466597761385696 4.531561392650262 91.959862592718906 93.166733806554191 65.637060844302681 36.960094315179091 67.127401210104239 37.193860903949208 58.336826375954054 11.159491554043866 26.983083506957517 96.702799651354226 13.558392939811892 30.244718415860739 45.529105183828008 69.105983012068407 5.247252229784227 28.146602678416912 42.848109459420968 79.637543777585719 90.615966575543055 12.620593208118180 38.998359092290990 3.126697503181208 47.634829879381535 3.799188029868472 4.464472524121721 78.937438586935514 76.999547463207321 19.594375585834868 50.681955609071224 22.694354364738633 94.633629889529018 80.714580996353121 64.725915320313447 61.028907175338972 53.561911094914663 23.902698049082193 45.682356951428950 49.117453068896147 38.949516414579179 50.312734502020653 7.363210177569901 25.130278749354552 11.818802337858170 34.844882588466795 73.295986785286900 51.767787032838775 57.547552762100317 83.633093848940575 36.122669859086876 90.029447479585642 72.786633751887081 66.083196700925726 66.697861399986522 26.721813929494097 48.544016690259781 8.808866916691882 11.604957833710916 34.691291560111893 64.226354310673088 21.346151322708028 96.928692560969651 26.644121003154574 44.303216867203396 46.209566414485316 4.200114906156427 24.675616453375081 23.343213053480493 69.641015966923121 83.673703476030113 0.920347001125776 24.552549232756238 8.614456126047997 24.738051487954195 50.414113386944770 55.244847964477053 96.166622870968325 87.908861304987283 91.393547346380018 78.356561129760777 80.929123969919743 48.130397776989284 12.296287493881863 26.934597279314609 20.518528132240064 8.227724125234525 48.643823228361804 68.215126867440546 60.976549319633754 79.327456477925523 57.945934556190117 65.474899542170760 17.752478041240526 39.753354055724841 98.612364678708019 80.432413137949126 82.944417380995304 12.710867719239516 60.159643329422337 76.113205159939284 67.128630649571704 6.235551699350750 6.802005460757099 44.629787987225235 60.773836332577901 25.411214588062890 56.986931768717305 14.328131924504151 40.828389201221604 36.586975522996980 68.016245929264258 28.168079412470391 59.088377517751752 20.761468100648926 99.250207590125157 14.581455052380832 47.629218235222268 18.429565399907478 12.091108618316948 51.501973381943003 96.464068384531203 35.717085453952834 10.961589352866930 3.591214080784000 17.218215506750802 15.053862172621868 5.508637162987206 81.007803424800017 38.690548877413086 10.245294183065246
12.934511369395818 46.820190712530383 90.335545379863163 88.580099304152199 75.126170672788533 38.197557238608603 91.927736688113697 75.283493593288668 32.926059888826856 11.083693527260706 21.171910848536935 32.094100914387681 9.701692353455494 76.782531471600294 98.404236757348372 10.182378340272159 9.444906523950735 35.359873447571211 40.336847948702939 10.157548437184472 17.482020052023049 93.665078509766374 89.629732145671284 40.622621422433802 37.358094235534999 86.537768786478992 17.605854951910548 63.839993107872260 84.100370627732531 41.934695762489092 93.071772339455634 37.932484039832957 36.523578048197706 20.566908503578109 60.909186630486012 62.504128465809018 15.555250857335146 84.811379511583326 70.529677221123876 66.297326904289662 75.931642957506227 90.933740644622489 55.074447265941672 27.392411215538370 67.374763441682333 58.458365938674042 30.811494147489114 12.821200029601698 51.094289424867000 57.758420362133919 62.847282555510972 58.524532176189446 44.466293650543832 28.825132051372716 44.955307735322044 15.782560563955339 86.615795495615060 2.835527668419147 29.102802273132866 30.591194184184069 5.338767842787451 80.296725427073426 6.391572154197256 79.428391806626692 73.191992580042495 8.010609779089640 2.900997647299652 53.992856266041237 3.156615521743056 87.471052267332368 39.328740242149152 17.001707627614483 35.023223619895951 17.990095037103025 67.271895814762530 99.150191541597323 29.728774709088668 72.789972604589252 52.764927647330254 41.638167003149306 93.998706644339350 93.319079221834883 37.818175876804219 73.853066327913908 7.270519957130794 93.812985759245521 84.294044942761928 0.681835934413888 29.883564495680748 64.583088197785415 2.090760320644314 82.606928715317110 82.701772605817709 54.689162769905998 41.786901004231446 56.042531897899536 56.478256413976823 70.452439566304662 67.946170603099347 23.838302025142898 44.588846680757996 97.739770876539296 38.529958944612922 69.635890083919975 34.587350979220865 89.549457812566345 16.738097454862690 23.656450918003102 94.946839679137412 71.744529161026321 30.880198885551668 7.493065125676868 25.072163687902073 33.058944597467431 36.108866236004168 99.089601790108560 17.357431574723805 9.577591187858136 49.777675375788455 96.210978940050538 43.113645237777817 70.503780116360446 99.258900859693355 68.296719188999433 94.874536384474254 44.459848938695004 66.578295279276773 85.570773151742486 61.084195788116567 63.145449609832795 3.679347608954509 88.437959784851287 28.226028262167922 33.576399208200314 62.327933503191261 92.202303361098231 90.246366963104165 95.324092399318076 38.565326430814316 16.191547519885074 18.644130373716649 5.774612728816320 59.701808809277360 18.442956057586144 11.410363362900233 80.589387225554816 8.830994630028444 70.174326540340843 30.914440812497833 84.952510257748543 59.739331999583044 79.500804381247775 23.167255464328818 33.652303464824683 66.144906808938160 31.241404393699433 9.285826632151695 41.336195178824262 11.858462166496075 55.723521021076905 63.598679924532483 89.204088148370630 19.538404555233168 67.933967200351290 1.607256402814627 65.875224991728714 73.298339388465322 76.678461074636019 16.818879136646292 22.794243445515161 90.524276977581877 92.645100218563783 46.810637907592870 31.816139202070069 23.573678933918007 95.268359327738324 32.297979744497972 4.366637323057454 81.485524161043770 5.171444872091168 62.298154538153206 98.284405127414203 85.414374887383161 1.153112176359805 11.650083470807370 64.929525291579338 48.456812456242723 42.172488822751887 65.875100213821611 33.409848269922257 88.062880310993975 95.338387356464011 57.499899884968798 46.007109077957551 37.498424943302467 47.458159646729861 65.424973965028258 2.361848747673323 97.823188833218211 20.138015160358680
23.029838408446835 81.919079305646605 30.189612322849779 69.156086489060158 97.031865807883634 72.257117156433878 51.091299315657622 60.358035131977786 24.205002196748048 66.732581900007830 19.147597844319353 14.652946877521201 34.559445458921964 96.881580102842008 92.176811383153606 44.159726227342723 95.583231824993533 96.288056080011557 94.526062988749416 12.692421232872109 88.429960342947737 24.983841716591691 44.527422140900441 64.023319718051766 18.920591100563179 1.141036173930643 96.081607134674556 28.317270746753120 34.645305989834100 40.967006980869336 55.522205242869596 65.010947317376804 22.097157493724108 7.700185929133340 29.580542351954609 52.935054117510170 68.744828552458145 12.032616834491849 23.740904999366986 84.536198068453629 96.240051653074460 97.275268468678064 88.036898294821725 48.032951596011344 87.682562208200508 89.498682862489417 81.215022065779664 77.631001049577392 53.170421526045239 58.667255586308919 79.436269247753970 91.633441305498849 45.203045702972325 58.482209890421302 67.808377170770612 37.354807464896531 98.285904965441347 51.101599543906794 74.356473459454392 3.348919415549090 19.804646794358980 34.296760242273130 74.860776696878830 82.434714845385344 45.577907281927466 73.308754834752889 80.072430434319372 61.017069724787966 18.614451818053702 33.304745940136449 33.687541596137159 47.129832232465375 87.242927945779996 80.621439013882238 23.569011003390294 67.939002322491490 67.464498264785561 9.849601833065735 99.807004987061632 42.151028778684243 72.008162359304123 54.633253004866908 52.046340088009849 28.885644724536530 84.458683180368027 31.600967874003359 90.121699581679309 38.936350358629049 78.880079368302461 6.176452683101541 26.904935694501908 16.348165273456537 14.066319260989379 93.788257815460867 69.574485278379044 66.070387955965089 39.663454172526002 71.696867603514391 8.338684584035938 4.244577153268459 64.797252801035768 2.819657824416499 98.755378097149759 59.360509607868529 46.997188646649590 35.535444983710221 53.693742719147167 52.530770970496711 80.187642698930958 8.082037009524933 85.014801097639776 44.838352138480353 16.099795843149455 99.944664630165576 50.024172109724731 26.719519273160063 98.592785350401641 27.460857917663507 27.004833361863579 43.925244123306825 52.484223875511439 37.868382756536157 54.599488556009312 52.193597135081859 98.593730436851672 8.919045066888431 33.135980210011070 91.380034912923136 45.356530190322829 1.800297814083551 45.855243116821264 66.484678891910804 9.562810787280430 39.637026329077109 58.532847875680162 65.482873408233971 44.303172492486652 84.095963841305235 43.746503757976882 37.749772270038072 21.837048602475107 46.016453569577784 13.250501018626315 34.937548623848400 67.052409018496164 39.793583396021347 93.966164336633000 4.946212786505599 57.019720887135705 65.293394011850296 11.269958020987003 85.588838631776682 74.143563272929910 84.153160699801958 22.491227705515225 45.550816588614985 19.819470373518755 13.623751355271086 37.581029290475719 29.267947339017532 80.576918125230549 52.960741283206779 91.296162216745756 30.821922061243377 12.650281620786419 53.469497660258625 35.915285903835034 34.385304017711441 71.037391643237953 91.926850435343837 60.230891159399249 38.966596868839517 1.756958993686064 12.750840821629684 13.254774082891597 94.509229444901663 79.195202233845819 13.345500902523256 35.877307184937735 94.655079383680686 14.845472726190723 84.672636975958497 58.454015995063422 97.019811026020193 56.544730466634519 4.550845953209393 27.383339315504397 10.884643602425214 66.292788759202637 28.342954059888335 12.913435158677611 42.394661676115405 34.254628843327652 17.127621974770392 16.383869375985228 66.342591420269017 69.372301579490696 6.181527354208316 36.959563057367475 15.239337457535107
74.523473955646679 81.383564894542658 15.853980403068558 15.541838623242876 61.468514375007445 69.829629928948194 45.623156623074181 32.523485960508310 74.538549872495750 74.955052894621517 86.268000992510210 90.464898167545044 45.650203528114460 98.107378020181045 47.348047230153853 97.953412597982464 51.753204588378665 1.528229810205350 70.058415700370901 67.744414042682237 20.777947438572486 90.919138348587552 52.691009266428438 98.862494545780208 56.299016457091788 67.312928617169433 42.116055313532151 32.647262614972497 18.542070658607322 94.780071154680755 28.704329900300387 58.337145985894914 24.055238134504840 78.884348626640588 82.591281705298883 3.987418749289395 36.421149023008837 1.768111797179794 96.013477962949452 82.072971262052135 1.198340707419809 94.291419344985385 21.978524106039078 38.285625696315520 43.572206178098860 7.843899602489635 30.079645799449793 63.258042546739745 29.511068784829398 80.431675057178111 92.766743685281384 55.728264812758447 9.567021374200824 52.022870186526248 39.874523791173786 58.611522449720098 31.727214542891225 94.848220909499432 24.783736055979290 3.312165336266559 68.809420569397233 82.918616551141156 90.821496774315548 83.680858290089617 19.076173109545792 50.842337360476961 15.976312390760095 12.143926480963174 76.830435055397899 28.248405071948145 46.887551192384400 48.047511865313922 65.628154924398714 48.025045351463135 57.911877805902513 30.562413883165618 64.687139599553305 77.186094086769174 44.159595613975078 21.296667561768679 42.149265722074212 41.288412468138446 70.375083729740240 67.272860587198622 40.736594840555576 2.973499885131303 5.238508974392597 5.313554514986096 61.468954333355605 59.647831841424072 1.244868004980848 20.255629402562647 39.166658733289360 13.886427255419475 75.030926425907396 95.284162184305927 50.767636038251162 34.882305200663424 74.309216923018852 58.600659867215718 66.662465233781049 64.959096938453555 75.570497513679257 63.218433971694488 54.737191134654239 57.105287615739599 36.227625620575168 46.818497247574108 29.779382192852932 70.154268957578509 77.816672566901275 41.683885042885571 19.237553313867629 36.565879687121338 19.070661070121453 71.924662770743709 61.948493598573883 76.283885810254162 51.867664228883484 31.004130081975202 28.228595381933285 51.583481837284836 99.758179912830343 25.924237311997690 68.616177994922296 28.390167735250170 15.515165224042359 86.309722580493158 2.175784981653894 10.652611907995569 52.641769820422660 37.818851638997799 53.587052541009491 97.895083759882468 47.133379413243837 90.525866014367992 94.278980935268407 28.828864127668872 23.411588725633226 16.152201067013074 8.898298883345312 16.241968921002247 16.109367865224556 33.351286312933858 40.503132921086682 98.899089731671737 11.992808959833667 43.985575374740513 36.897400622935017 87.985950403803315 91.175236279769294 75.338311020362696 76.126214666075327 32.102834323130182 83.889196641275021 54.059587275588207 14.468717953080890 14.091893339147576 67.965466584079621 63.180441315017831 79.425382791144060 6.561690466958103 80.949422273520639 23.175999470928264 66.623769352179949 64.172690068690869 75.862891903530482 12.608548688819122 47.930981063463676 68.219854491944716 90.627566473350939 66.189236457942158 45.095368371062271 16.301970706690472 12.102446372090014 58.723797004258060 17.127528936389769 46.286721095359063 97.348533037011151 45.268033244116793 60.841882533053813 46.681462464886870 39.678809786725409 62.818967697393603 37.119334388849104 78.268776684207637 58.274262376049492 17.171737866615267 13.164838624569519 35.982430530030015 5.808185714901615 64.373108805111841 3.519856557462531 59.216424242153565 44.530748696490633 1.264193110690071 25.278384530805109 6.181257282216546 17.570830866083242 85.658487603019879
44.132500410262310 63.209570032204397 70.401338756777136 25.620571399651439 54.674728590975228 65.344494024578026 4.090257389958629 7.860674066008100 43.106059174690870 99.568511364944513 36.546699481776301 14.760316223036163 4.985375451989293 22.641450534276242 54.478519290465776 78.155677686145580 24.713509353361975 32.662127388446528 43.997055512384165 84.173150276723376 9.199947174169875 91.807372005247998 6.042369241504786 76.181768957849769 77.964444228862135 8.006392403084783 30.088758072571366 84.269142034398826 24.147793983519406 5.379087119492276 45.424404934305215 82.878956026508092 58.122634121620386 96.612379799069586 24.212751190866644 35.238955448295947 1.450605521045489 3.019282443812088 29.791888703887150 2.479748061686127 20.409866438879721 33.530191563265873 76.447781852428704 72.359823673031514 8.488202117443544 11.080793125086963 35.864296654254545 57.855902924697759 24.951393542038915 62.546177870240307 57.762629054234694 97.488078983546856 5.930752827846586 81.170249183017447 61.759314876041671 36.796826116590744 14.051490036083592 26.096334627103879 88.010685584215352 33.670452614813570 17.752401895830840 99.463759070106121 26.597607371352016 12.603791795206210 65.369169909588763 14.571231656487926 81.426862965552019 60.643013389542354 68.258766173960112 66.357915255243768 10.717321050207095 33.431964011095197 36.972307208902052 90.917400800844234 19.459304775519104 96.115847612745313 37.820434041556986 64.780795669232219 30.063868128724490 90.753208119221284 98.476367146895228 2.076377589955103 26.582461575484583 93.181208640376383 4.586918137564155 60.083178910998257 71.003896953417495 4.019212479198575 69.342273769194236 70.550717602264839 6.587710437790573 64.775914929960479 75.594793532518850 67.964723447611107 48.754429206473979 43.602518774749953 0.374067055715266 54.132953407610408 91.004235411988873 77.040220293565781 69.116476271464336 29.966070816556154 5.519599979786383 26.091170004664288 35.821127274309752 66.366882723260971 30.867198163029684 92.292213788895140 24.867398132456977 78.408754189529006 49.899963964825545 10.841584249698178 70.623563651072175 88.614967153650781 15.658669411005588 40.061145823231712 1.141955624399305 14.922377102064710 69.323388104190400 46.393121938308433 15.465089462392923 13.725995174213335 92.345824020276197 7.862641020107941 22.206576374373309 80.687596836914338 90.684713452994671 24.515619525994335 68.576150097565076 78.983546716915924 16.347491309664274 74.734299443924186 60.628240564163072 48.382605678096347 7.663830388508385 79.761133453143458 60.662794211962137 20.789017762570460 59.642106102242842 48.168950902174338 5.889451478098373 12.615164244797439 61.473691657922203 21.867523132450572 39.158035442130831 1.734589404444198 91.082072364126830 55.121083827457149 54.300379322919653 52.843815147542159 47.560299973377873 25.521732304255263 45.411074725452160 19.946713638329395 19.722583799236617 85.128442054840264 37.635621619713888 15.660821801925417 11.647072559580884 74.786687549454356 31.523191788148907 98.184175404207835 91.453315809919502 12.190985925292964 10.701384229825027 90.984943881713960 61.820337674057910 77.455143392141125 19.690893837877731 21.784476202322555 26.743756167490908 85.803620558600244 12.768784568261015 98.825088851887529 9.117156868181663 48.145161991066701 43.235194415358002 0.120585787026728 45.161467432781230 2.645267056653355 89.153736058876248 31.947427272760731 12.831306548639299 88.865438783612561 35.673103122756103 40.116617401875722 72.407875541170966 6.261608245891470 67.198247286707641 60.265695642631947 95.172296636399224 81.082928933609494 23.942674306803568 81.756091944100902 3.768649364539123 80.234258015883526 44.188118527679698 59.189521478566178 25.532808190761248 53.632302011007290
58.940049947179673 86.170379675865092 28.009582072834938 71.349626454255471 80.596762317057312 55.015948334902212 8.273596615477175 89.732180878514527 58.912819557740072 12.476103067171652 56.081923901568807 78.300966539753915 10.149521804904161 81.383032125296310 35.504252706168238 16.998621402433876 45.204769435639932 8.798737782725407 44.954252662649552 4.922299927171270 23.008105189511529 90.851720996802186 85.038043030564054 7.972448194339632 60.815915857503441 63.576511285293421 78.853172830820668 29.038427294032953 60.043100482149804 63.660365053609134 0.870891075777880 65.219208126853388 99.913555216944189 68.569340074913924 27.258254801282821 55.695296273244999 86.116719378178644 46.848775985282586 14.776159018294432 48.625096995166551 34.774934968642981 24.386744075804977 36.636617005416625 28.312675696259937 70.410964953727742 29.073948123610936 98.763591256898010 26.303069602557095 70.604014048058175 79.116995899850124 50.945552276992359 35.304543860532043 98.957313455521728 34.155471763831692 46.007625232036389 78.524375052461153 1.639849963038387 90.387107802343408 19.975003430198978 7.705684972857830 11.985212402353662 77.670292789047608 11.463575574294127 54.912941959408037 98.186147614958401 11.358329197211637 85.930122942139903 0.545756014455001 74.895243131889828 67.645650687214442 28.951666590047541 49.240304344128837 64.912458771921038 67.083940396808188 85.788882187924770 56.263893610129358 99.621035393530349 94.890945564860047 39.218238380270598 78.158232865145933 31.279685162798742 47.136122055444275 8.455658845780556 6.945160100854064 74.495562482163322 4.744162845096311 19.177653963562769 51.013834375767011 90.452163074552544 6.640339570372511 70.187650206627964 58.746764693966846 91.348196422754086 49.094526846990405 66.324681775471049 73.132286433598608 38.851090446905054 90.653308972487906 19.552727932328150 32.928603357593857 23.175052740245285 87.664552516354405 45.141676176868387 94.647296460126370 40.180709240052771 3.248563195711041 69.336389993205472 22.884736670455965 24.285670630240951 41.169878464724874 80.467139501338238 10.234432291450268 52.461155335294961 90.150230437546938 90.397443517064787 66.471236197014193 36.705362711868261 70.913957685920153 38.917261731396437 84.672500055395631 92.543882700911823 74.043484358612872 55.117435577462778 64.518963647609937 52.120887705621513 16.031475825711528 27.144682948530264 2.893905256668761 60.968789405830506 98.448739525345232 29.869783676746721 74.461283312656576 67.786154406156967 11.767804248516423 93.588213427625263 18.447237816765817 88.159205915476164 87.507081133108272 17.484666109510982 68.506975331744997 22.572686697853904 69.934505879630365 43.316839779197693 3.790164202253421 24.755213363731400 51.114394151125623 78.794025683679635 68.745481238634824 53.998579208205001 93.658026458174930 89.248745524892698 40.795364503181339 64.840095859262618 57.474291704750677 64.552618293356474 65.639510898285465 75.379267897451285 84.497214469325584 77.038834034210637 16.083220513483877 97.018707446977814 56.303164523579795 90.173612088070527 37.395861496437490 51.086387592241692 92.909478377057070 41.884110174734978 20.159722605217169 51.208592576342895 60.260892502911034 82.791977388800589 38.456015573490362 97.152113240414025 23.001981483557010 62.430977492924320 75.305393144637122 31.517668856861814 17.898412395213704 95.269528758417493 0.954655870134857 29.373214803829018 46.592163421282407 40.736600664702181 55.819641084729476 77.165324441383419 87.643068479451429 7.569553860939504 63.145751369552897 85.816763088813559 50.405251420431149 68.140337525923826 43.587538434340068 91.488913055434267 33.540750040385703 4.025251789673034 48.179796258378417 55.863961433998135 77.106247251550371 31.599906396404275 19.721110361738159
37.475014234113168 65.888617275419676 67.116638962913981 6.941016165516745 61.793417838466738 13.065414070372094 54.888173278046828 77.329018758581597 39.327335341128475 38.657066748722571 66.035950825875915 21.128102715971142 38.453574465462083 90.681890366226696 26.538285770379279 84.576811239686862 69.534070393178951 92.645652555412852 59.977487599153491 48.079285612181636 93.048466857564733 84.391107251962666 82.870911953405880 79.274989201643933 50.883610401534149 56.048292174302595 23.921378479574784 39.564196495127604 3.516542202303519 85.383987976972406 85.053666358824813 33.582121440352083 9.544528597877889 43.997744225324112 14.960875222726211 6.787400156390023 57.938480906952336 19.921372267799974 6.066275283264034 49.402813890306362 95.491959864797309 80.109375184287003 72.976176709299395 11.017846972575640 24.707676479324626 23.732442397826492 82.018624957850619 78.057695384953192 19.869922038140274 3.481932036966695 42.312537645588797 39.041289600996102 80.394164749727935 17.072561281410437 34.090714438902083 68.989782286542606 25.961219717039462 70.389628163980092 17.840898818228169 2.680630906828174 48.695883002322660 14.002562195364288 17.414911921400787 91.000953783176669 84.525387986098295 82.037964972826373 11.148464357458842 37.036133206545863 35.210338231058060 89.200093093490679 16.816119665661123 49.207932645893656 1.559067306366002 50.524917287567597 15.066350535745176 56.334636383992908 75.335629726830206 66.263501009196048 5.479201757711216 69.348713125568224 26.124999473426726 73.397401827906322 64.587522287475878 57.619028802429064 8.418441590135640 51.598748970960116 39.870305993434521 33.457205621336449 86.590973482355807 68.625097592990954 82.132042092708986 10.882655456949418 82.080255259452002 77.580943961620690 98.344521258953804 25.382914061955162 96.255799946108027 38.205894447502928 5.137516204157344 47.335325045155109 94.157141777884817 92.159386495215912 47.181359324180328 56.850082466442011 70.784489413823778 1.992437205996689 43.275202013211647 30.939099688272286 2.775257372816320 96.110914801172569 73.770414245144352 9.137493449293588 7.009678566428623 3.813779385646643 85.571440683368365 45.338847939092815 78.311556493473290 96.782566536344603 88.416766551425766 80.689876094210490 24.279812282423517 98.133566884262123 13.341847051245814 84.566447191199771 50.482008592262474 14.077202005722933 13.862512698955708 43.906394880839542 33.407236484813566 42.691091915475830 72.630304618808722 42.246349160606343 79.251547360703896 99.783980343673335 23.349555279249902 76.429469281924383 62.593156918130113 49.529776291406925 0.428827173888968 91.405170914342108 92.653419530678875 63.010301161796214 65.315861138202365 15.868087527094366 45.322245063911446 57.694321980783336 93.124038739842689 91.439131668657851 42.302208599445301 35.114257873423973 37.793948967793781 19.550557459762107 34.223840739035452 68.719848561417493 31.728336096067189 69.694433069704402 70.850728834647740 43.879545293842959 59.208254689156888 31.038390602619458 40.329333741264421 23.540573187041282 21.943126545750978 2.682948394417717 50.819243369942448 79.626029363611707 7.512741725051542 66.935087705296226 83.583329918040121 21.934861169970898 4.551190131352733 96.646092603090054 17.034866073583654 16.708712866027518 35.732422302934630 73.385793217520558 39.577348425588191 14.052975062654971 28.235130837807219 65.345390882336801 88.857049930156336 25.732342249367946 55.355343159688466 95.631943709683981 57.180493142743735 11.488791148389287 74.932248732596079 34.784273863662783 30.102009275677055 72.120372812284586 91.423016904745140 84.488142936945437 76.979573709977828 46.433058925117756 32.583401017366874 97.488244169505009 1.811740624335345 18.319595193256156 56.638632600997262 78.069194723815912
37.249913440152405 74.873072453028030 72.666737410096218 2.452821298298524 37.739134378200191 60.158156334032775 82.721042579892469 36.702332241720313 94.549725773892050 25.083956283637633 12.095841699494336 75.579704254561236 74.535150860084826 3.946417638134092 3.872219589971937 6.232207401511014 23.043767223997978 63.212386205928482 81.647162651462239 40.240240456952222 46.279126894230060 45.969745477464819 11.457443794839762 93.483309953876585 57.791939950514696 98.927187273387901 32.470010370006406 18.124814892815177 34.857409767324143 66.552648915236830 59.141182769635670 31.074115159145798 13.158815533175472 3.722988687993234 73.081246878414362 48.339111223443709 9.612706215360390 62.540820874118488 20.681413626394185 8.226010270194628 62.732453176915669 6.494185886760939 12.171668509763556 56.184046049388634 87.497155191613558 57.105574032169756 14.803961088394447 92.996338401268289 48.207686311415742 74.988014127808938 10.155001629860926 72.858072587034528 44.446408627107026 55.776118500590165 62.809068995022088 38.307297038839494 34.440357345348801 60.698109567881630 54.591050824107867 59.676155438871071 28.210739221297988 29.137519749850082 18.486296612129905 20.523871253816715 60.663783948360361 85.603099944931529 50.385948514687293 84.816307420713585 78.466041956972504 19.842649739852558 67.506124697116306 89.763711126782681 76.227838174024228 32.262465214280212 63.540283846078353 33.624731602709090 6.913770912224548 13.972633767668041 90.310604510937196 95.773249499673454 96.065979998604561 10.418491517376383 21.368897127163422 87.810524056765459 78.938274708091754 93.673478033936533 7.087709414993427 30.748921500956460 72.205786493976944 93.001306316478164 58.262957013163131 58.020072971611548 7.371164159560673 29.608740459868198 45.714052303909604 77.924100186470085 80.849914466006112 69.337930538100267 79.698640357404344 71.634437420961376 59.094053376263979 31.624787700230318 59.905959290079259 35.194143650094659 86.486154378218956 97.516117830620601 42.104643252210060 69.238574149790864 31.632253482284622 54.284854519422112 20.188193406825672 38.899750023137422 29.002219545674301 63.812768249459651 55.423040888596873 42.094064153183574 16.537626245628967 34.061109272344147 27.425057798675745 96.096137898326575 84.621502552550993 14.508098812830806 65.604035796336035 78.813551284897542 12.706648876792636 65.134877652609362 63.223417657981720 45.767357305936194 84.085981530662892 24.573141637065067 40.068482707782607 64.033988228253619 69.131504246455947 7.689729071896279 52.942326923640067 56.560563515392737 78.619061434734320 1.265397534369583 67.140462789930595 37.877674900453627 39.613013664348692 64.772251642974936 67.507908457202220 87.123592197977416 95.649935818763637 18.064195714248587 31.253752666235279 50.255914702670132 24.696683957998435 9.832604471098616 48.739155041453721 8.116564191598098 3.854830923928687 57.006183209949612 91.427104178048609 43.293913710996279 72.835041576276410 26.256781114257898 16.710776086784897 75.960466021966567 26.688879241007633 37.031322340439729 82.503238509194290 4.121948980781998 70.865569138567679 47.566247045559216 99.620161709424295 94.660942325317592 58.861606489593399 42.901952225069927 17.604912475610945 2.508765510428113 15.274454535103477 41.097491066668169 99.994096528753403 98.464887424358452 93.443849222798150 68.122564379574754 26.678126500630974 17.800275592934721 24.886355634322499 81.528494552014294 18.561650630702108 92.080997476442306 82.183762792525499 46.748164869096783 19.928043992731403 86.973641195866463 24.202666558121212 98.890951775401220 18.366682994640904 98.777490546427899 85.553888607594786 4.320450882452375 82.150041985529910 74.002020350478659 64.602011836421767 54.984343542657655 93.921263993975600 29.216844044398862
56.976080961750363 5.616554658262906 67.186336332367986 78.307647526181739 99.130218425523381 12.664708023008265 26.648878842410774 37.920410562796356 22.735780249911318 81.869735195656375 85.109607333812974 26.549519382397968 28.525477833380354 1.497646885366000 58.291610196735007 49.298413297668276 18.324665576180898 28.812616715336560 50.078952594623352 73.382741775247879 72.565393607343324 58.891214407118945 15.355868694666819 35.329021033494676 3.061818370247682 32.886157910246816 73.325479045025205 76.377169651287474 44.672367570023816 99.717358306183058 41.430053661621727 43.068216521018741 21.864849363414194 16.097262257683486 37.809997532115410 79.343666392713956 93.564143364706283 28.369032018494742 21.918234498397837 25.061384221647742 54.964735538591690 37.795965080794645 71.548240041112123 42.831838195457209 65.669942433198955 38.060447547479257 64.898095835176179 59.159633748270359 70.342605537697807 73.032759213662715 92.577440863929823 98.407573594444017 45.410634457278995 61.479703615586921 19.063253870090556 66.419236409846832 11.390216618041194 14.551946255986925 90.320756329760542 3.458032580653991 39.521923638660716 95.242627030315091 66.176780368227526 29.918784646949337 80.271598032839378 68.414189305646389 80.495286631120521 88.585254423642567 26.032158457717692 45.522165092121547 89.330897371501621 82.065038950350839 67.785515339795865 50.442736742208915 75.098516212220559 16.873222604984594 41.304198976619858 93.652926350011839 61.346367782199486 15.288582748725920 65.006540294971543 49.973838048915965 38.996320471328282 45.490841157316474 49.232705584726830 69.468661676461636 89.841301746405904 44.081309767617014 10.496403935404974 41.940277074204445 0.736450783207032 28.895384909252066 96.630898467704924 29.157620584577760 87.562145112482355 34.363510476644542 49.827996522392311 68.642312023445669 17.478110372083488 46.027741074757664 88.429756266432562 94.481661827207361 55.679367393361659 77.386741234691257 13.409208894185076 82.609192778976933 18.497347002476495 27.190278441174399 80.371430977895542 98.621294616331170 91.738233995468320 27.438961656102766 63.113778864111694 39.682116401679544 52.657201895819753 96.579588299572592 9.372750357271331 98.983097247304244 77.671414262947508 2.552883258158345 57.521256360086106 62.631995352049451 73.946944669387278 78.930423769529753 64.500722756873628 34.559209746364019 27.193431886567666 97.040656997582502 96.288085041756148 73.585816652674026 40.608529776933807 80.696684374525134 12.559961460683766 77.126686151510782 20.958892503813885 60.361929938284995 95.733963285101737 56.206923151954570 63.491625683574796 95.949674644697765 90.868818886775401 44.551904673004827 70.779425992992302 0.873100594945175 53.405738376873778 7.255405775716850 96.865193782355234 94.658122149756295 37.735529658578713 34.435051247156110 99.580409540800133 54.139666200724911 33.171396127759699 78.634793264528952 74.430563976916957 74.278301500158179 14.981843266380546 95.677977195336197 19.033091906264190 10.937094264178482 64.646277762977405 70.791889057648689 43.938949342763323 72.786114389906388 44.552324743076412 44.931109079868307 62.409261925802028 8.475734229906207 7.597851780622511 18.192094663932622 80.898469020320789 92.640030327169498 58.198173154416303 50.476982516076220 64.000431365193450 87.411472607951083 91.669942918637361 45.025447761638240 52.631826655098813 64.370000690107389 59.008149962440285 18.066472856640601 34.060335268506293 16.813418438208849 66.575966403131332 55.119561659864488 91.514299800970903 27.534779167911328 42.799803508557503 25.654877644547192 78.559241276722574 99.690878927921432 8.326195468539888 62.676116438783055 81.414477471512782 32.703453651187949 9.376986344586358 35.330578708608307 3.932018132008042 17.400500969640952
34.170556355192950 55.769143182144212 84.842335933062472 68.651681158613542 91.697606411733815 1.015234161536649 0.934130901977948 74.314003148002357 88.184590145526755 27.331859742403985 85.948846047019870 21.542282442022920 27.016569528676992 79.701176062929804 83.518808087042899 12.968010186869916 90.511921390442481 30.338601482198722 64.489543029624102 92.051377142895547 49.808832176958809 58.984920443529241 85.126460062063998 11.163359132622707 10.292940240750637 32.576289738704325 19.615159893412603 69.996149569068166 31.838902953730685 45.232661541138427 48.171022387443742 83.939123436727698 90.888619273409688 93.042698668956362 55.022488195154786 37.457596687327900 52.709848171000139 76.296983622164106 24.377362524627134 58.648210962489870 72.585757446159050 10.405706097196887 78.767431961041410 20.816917957770663 53.912730303148017 77.820438808348896 31.703643054413966 78.287113238755509 73.967827895157257 41.513164397446381 27.874050123055273 53.241396951691812 52.678114283021372 39.566528738116915 55.454290534154573 90.624324737063574 74.596452435057273 61.613481521056599 45.927352826244174 84.918719577392039 50.471968159517779 26.726254332288114 25.240200473931907 59.605835995887759 12.951879240934417 90.554935086502269 15.092256084791000 54.999159758185698 28.713569077152201 94.151544701082145 19.269859812340830 86.768098808533054 0.102228731140830 16.800716137884798 80.466158936128366 99.124428280774652 37.587627583156902 79.093907567084315 69.643771315497332 4.531798907672613 83.260318210743435 89.252087940692519 58.732145875120914 7.473194805345296 58.576721976554246 97.835324040637317 97.919078333417815 77.931261361049692 47.076918825040295 8.976720807946936 59.898588223341150 46.397391337572003 57.374446709091465 94.040822488806143 66.113428044569488 37.341824458509400 44.693697943130402 71.715990998627447 28.670960939544386 34.814758839216729 53.868093623443393 28.512640426153567 26.249025795527992 16.935823637442560 15.955679488675734 81.841506735262669 71.306593003786702 84.550057868666102 22.909153126324021 80.798486330694644 92.342334936588671 0.525140002843560 25.689433782715511 70.985024138736534 67.699517073044120 64.510914779525891 86.552598247528266 98.833243778857067 3.836237532250431 44.466657730220071 68.763254517008164 65.041085619872277 60.239699632669563 52.555614260743390 35.570048425627910 55.439981945367798 20.436760763379059 80.580188522952085 11.595712040383411 77.268833811628284 42.638026512086149 76.801368164226631 80.799134356766487 53.811337546858695 49.466317405062441 43.270327697186403 27.887763949293941 27.881164463627861 65.810836512229571 93.468319006510228 25.950405865648317 67.142948471738137 83.688885684126731 4.731765654852149 72.148089809644176 55.461256560537272 1.028478625468821 88.583913820743064 10.382951649116045 74.800722821703999 96.652767632603300 10.700583970101629 32.468792145879412 82.530474738002155 20.167934152003518 97.968369700692705 91.157020652794685 34.337195105261856 61.710757376246448 49.584699520318679 46.308094607628547 2.446812177858237 15.865991714857330 76.128652550101805 20.769016394766648 27.283749258878633 9.586693283858672 80.037110462761461 96.296443569306604 37.135357606748002 94.399542179977914 27.518089736281315 17.989729109065689 13.888983585268711 94.881148650004135 53.325375370947590 98.478895756086970 63.510925173442367 8.435289256825474 45.214158134040673 79.098871870550795 95.148760722000333 9.441284683936303 79.432146016739139 89.490776546010125 19.581153981914557 97.552604686836617 62.424774828263160 82.612239449806836 35.117648256749980 73.900958348930914 29.370949037940019 42.684602200780034 26.297903825480795 95.851102238807997 21.097535299495064 59.767375106994756 91.397434731121180 35.591101713030703 11.667889681550115
30.058806334824784 31.582854774868984 1.079129138263590 1.814569109517006 49.698010253737721 13.716657240514829 6.297143173341880 56.138089127282612 14.241937662794813 75.401012401298118 41.456245638435696 4.903019218877791 95.845487393867117 23.823236313425213 86.330844852585273 74.550553648475841 57.646659744226945 91.489982925215841 3.383157211121957 33.625738839498375 2.305167424404853 86.324272690394636 54.348363912475541 77.829626557477752 63.605358426745383 30.143056755474472 28.285325076875612 54.817347487122767 40.022541777401536 73.330735360738814 94.293753575478249 13.469047963198655 8.911586527145154 91.098541157890836 66.629088899927851 10.554925538531268 38.373035772451971 97.820019101604643 72.885683532366869 62.537441973482025 88.447191340428446 21.200289471443501 6.407988510120322 50.795659670889869 20.361492431404706 59.013265795499890 70.655871350008368 78.926068808846850 47.269577904065507 6.019451143479115 20.050980133396045 53.090127974271184 58.783668070446303 68.605252816794504 44.849223821587081 42.098009558657722 54.881527821568540 86.431947668893756 92.356096935362061 83.618470589578564 77.667677890595741 20.972588338232935 51.213685725475443 82.300875549148259 79.108405212187947 75.386395847820936 19.449115237885685 75.006999339156167 9.668910939561782 58.217879539297734 34.396524597226893 8.851687904552319 2.297370096449458 62.554508138369258 1.917803986570232 50.177029057429770 31.578534536758475 57.490993442643266 59.898146074368007 66.769114402700154 30.690468974544338 53.094710517832702 17.597030714041516 98.817513610659631 65.951478476878833 29.480573250917907 61.757157498591567 28.334217798180362 1.433141331516130 14.333424727608890 49.308245671069720 32.436376712472637 77.204983566227725 91.371948444214951 93.401520549004388 93.574499935466335 85.877797787161299 48.529060159033513 17.788912408498938 59.049610576211641 63.010353359204728 81.770605384124551 66.013822443323903 7.437286495456696 45.174725166778217 68.669469350768068 30.629024366374946 18.348886918245690 42.958361271202946 51.588034265951336 53.540326481163056 76.523152717425830 12.165788284470679 69.518643667925105 69.001121768072693 37.160012680438200 68.278293186596514 38.022680615203917 14.023824790977656 48.423335107926491 44.679990896165400 72.924059471562913 63.622167637901264 64.800113435341473 0.289333852592089 43.623731525504205 89.098261882507572 97.772334142639792 97.767609185274750 68.209178184906833 39.581816749140096 65.386832270698164 81.984244960400829 10.257618733189533 8.235634738594877 86.045349606168358 10.079436623935667 83.723440716807616 60.202672011901562 74.141984999298444 88.753118093035511 4.846412626958452 72.435670763887373 54.181652750771867 93.810295753378739 41.807732803969103 59.493807316129669 81.159827494604528 13.130300584836242 35.992511596566587 46.070010608513932 23.803392462786178 96.455669700942380 14.420625104393769 25.062520865363659 57.537344266375570 34.338262825402325 94.916773100467324 45.554485168383849 49.153264126441613 77.961097141699170 99.932203298320715 4.779214872384463 37.371724541691556 53.772121672846104 50.770124691709029 8.335638171726023 55.518921553642066 89.229079330703513 60.553074392277615 77.456809921052766 78.776790477395153 69.290854790114963 69.415290874773035 8.794723017918892 91.248580745837586 69.847982375675144 2.623441532631532 71.555070228534234 10.830199102650873 95.774898365982381 30.910757794395561 23.746755828211274 60.202215105203159 10.044253791403834 7.878824502354831 62.311871560907527 24.381112384100824 74.374293867791565 45.157110958779214 62.371616623163042 38.100161603697934 64.456986079975024 17.166687260048295 96.724448032752747 50.382397839437665 62.411504898783491 54.599197734481642 92.271512512312881 92.025894563316342
91.657350724708976 27.406052075576191 14.851875390602853 29.075054386383158 91.380511229744172 89.909204395667956 6.321336208492722 27.308230223885410 64.763335736743329 31.543700589803137 57.495027928153860 88.534540449920641 66.468053388897502 89.153155941549642 21.399896583388177 28.966304514588302 26.363237882525215 25.228337040644110 34.395912508631490 25.836508979202200 97.531545599892397 96.170622594769981 70.509944760204775 28.783239041972031 83.614878098044557 92.987584512613012 77.008280764035547 72.573940127536304 6.415304321170567 55.351158721177562 60.177101149634169 57.750990388767264 13.161635952988448 79.760419441537479 55.357661331716855 50.812774470935004 72.198871130084285 10.108863979386051 14.907750722507650 21.493463965123315 69.387883941037344 54.110532005781799 71.576536736821922 46.306519872740004 1.674848702116150 69.502619801119124 53.114769612599744 95.483223359762803 61.115520256925869 41.698384267969971 53.326842905204416 23.386534737198971 0.115141204954616 55.272798905661226 60.263124922680277 65.247760090531415 76.441399498926131 1.543804516990954 56.527028147896033 0.168705500793498 52.052234881516831 60.320389004294796 60.942051038171819 9.219548942574319 77.506109463696248 95.159447563414389 75.407140315084618 58.534415600590997 54.891188706956619 92.839060228209007 34.850883952432341 19.955672678439463 3.081074864159028 49.773419962829621 79.330428340498173 0.835125988047181 64.883923516417781 45.228225766664096 38.315544732459152 76.734625763348646 0.057121062202758 74.790080177086324 68.469960777004857 85.555576006920901 36.696084591324748 16.535904903816924 34.483568364588045 55.476601032426423 94.635781967606590 81.960210588776945 41.881602972594976 83.682996616385353 12.442961492259252 35.560743693999306 82.390303256922948 52.699731766642024 90.110734325574427 56.163130431275007 27.819095482024704 37.015550848019885 61.534054603099101 29.679089841946404 84.055566091554795 87.617882945912200 45.788239280056686 92.011560062306657 95.623614226345040 84.883098321034552 29.401278606291960 45.522202401353297 8.830117575304740 32.098231175294032 79.205281666728325 29.133555028037105 12.325117443025579 63.649031162956923 17.890852770416000 20.008606782978834 37.846079523234323 99.824268741747773 74.644989330638950 22.377985591050997 6.548630110634202 17.593268113443493 93.472773698385936 99.864738017830277 20.569938363315245 2.425676371416030 39.784501640162837 90.635313378674468 9.986153582903977 37.846298472361326 55.353433657514493 94.437950622447005 34.452264070831362 47.188556725783130 50.056407263496006 97.995293379825512 99.862110437732213 37.083603923726990 38.831147241369067 87.610887614917985 25.711426272772751 74.913564858650673 14.895932768701003 53.765794941159996 16.404123975127661 29.370114174794672 90.283186826156353 98.751421817309478 83.228097873262442 68.497016659980417 67.474470782512867 29.969936345328062 34.016307870383855 54.175083880418072 47.067055170785288 68.920561548181453 13.676434740902820 65.557418547533501 85.417087692031913 39.274909229725850 70.624189056755057 0.589482528512530 24.196137687905363 66.567450628008302 68.030514475352192 15.266616423908030 67.930435951525666 52.061864717874414 82.646002903691780 56.393091297998311 93.614166860051938 51.473316515317258 56.429008100265840 70.644605385094437 94.853478775065980 47.103888242863867 85.493434842334409 86.302196987157430 32.352203051778083 3.106743153049230 41.780851333813018 21.570282567803300 94.680255512689229 71.158730454250502 42.927580673738021 64.652137209024218 39.243921072334352 96.166308991456987 55.322951212251894 43.412287948657195 83.556650225632524 75.322377998914277 34.099102616986919 28.998769383947444 92.796150525006425 31.921726005301977 33.785227833290158 3.116576305582175
81.255937934262406 11.652118531115441 15.609201048179443 78.300379124265774 7.179827259788585 3.295976422162339 6.776190851746033 38.857519201037604 76.268132458881041 8.420689112688716 21.504118203983413 6.112473032038390 6.131610221861106 25.860839778277089 98.372805827797535 90.885269544963805 22.792815011932198 51.994995679624253 93.491117085479914 44.873392690175805 2.788570620372843 89.395377133435161 50.898593658420076 53.117882057280696 88.031195101953514 74.644569923488774 19.659556471754414 57.831093043325851 34.887884542314254 8.694145441168954 92.525193836599527 90.721543942860478 40.954285235635524 81.662285900950891 53.906827145383176 56.418945095925963 77.604174964715739 55.064525097924644 96.272810430626194 49.736163310949919 43.235218361804741 12.474833930298745 65.094482011342819 58.211075816934120 49.277848199500859 33.960945452403060 44.433917134160197 88.016728222675027 72.628717301798773 14.091017052346421 8.468782831463894 51.807594654514787 86.110891951475992 23.798087408295800 40.870627076098046 82.614670844791348 51.799007457211218 74.625837759372132 1.009083447534986 10.210357272024472 15.982580014410196 95.633506243160511 35.165221560778818 66.066736653960660 12.117285660497746 37.509470145849541 73.835609457824276 45.753007624280492 41.857532514188620 58.423125544761746 3.169521557633137 1.607576294899493 11.730715836245587 67.397155966326721 14.616931390550347 95.376060279338304 9.166333222744761 8.543453771681930 65.469915329588019 12.873914934076669 61.760408052535418 64.811706432850883 78.507266562236310 45.700970714642885 14.499960217812413 10.912251457564349 66.355330632882868 25.185121791847919 70.966392007057351 17.617247180208086 76.942326934344308 80.454765233952443 6.804435978750501 45.303017701422178 94.465321491808552 88.266920202784235 87.715815143685859 43.994791632958361 32.868550062188753 78.392947350314429 59.532589680359671 31.066465693211278 5.075055630645508 57.353351269028529 66.261541040851668 80.129185455344540 89.057362638066508 4.686414213814649 85.842065755079943 2.940792388713909 88.368529013291280 34.277227737907026 48.324250067690002 96.179973174739303 83.314695144861744 50.159048088204997 79.972956863905267 0.185886437670257 65.410519041261480 51.068458397709236 60.628177727523813 9.040253170465595 51.759732116099720 94.779628572930648 65.840580725319853 6.765310617359932 6.692695014721495 16.694842844984926 39.316964605733965 98.598745329617003 31.197784910054484 69.782401031196684 96.775276499286448 48.254534032943411 29.003966736994890 8.425187006794687 77.387841490339810 81.317746427313594 61.351010211607417 62.318416140583743 57.664181235342724 14.774695195997179 85.929079708673612 44.782366589510680 77.511917323311664 93.683280072776213 83.589072850669339 88.819520958870740 44.282001488825415 96.668371694346874 55.817148059038715 31.480654356650341 90.552397969658216 72.123031764126097 43.932104486508585 71.070012139618143 9.914076730078758 1.458087959080023 66.762856428751533 77.742076900273489 72.750933309381963 54.997532607926537 20.573316603791113 40.442150759092264 10.354463522370905 49.226899283647462 90.182744710825787 9.922456019013437 99.646263924189512 1.396751956713460 74.701702601516303 95.371531594678288 9.800899921373585 15.220001080743394 23.748539780620636 71.973578456395245 82.063647938625948 27.362662017092056 52.476287195174123 32.372328759984967 33.761233460292175 98.099501519965031 11.728951076796069 59.779726447769512 40.404159819671939 17.594979455173753 7.453153093002518 81.413915219091891 3.399789412188270 78.896541060258457 32.230118356497940 75.906221944112090 90.692895582543073 99.157126028730787 20.555793624191075 78.748325349829571 27.677035995799613 83.515474397210383 42.245013854862670 32.674846738519769
91.514839049507515 76.979831282250402 56.850219174774466 8.582459431626289 98.266230033796347 80.938276744287151 66.667079186538800 27.308216584867175 95.215242884613332 90.632396429059270 54.601769072379135 3.461296597582986 43.063156854930149 32.485130833936950 79.685235472774622 80.691121893412998 81.252278062505837 86.700899892485381 70.864206895519857 20.703290867627221 18.400062878789104 0.265221971531726 21.906685474296260 9.789395354130615 99.139902025517756 50.027570409827803 34.397058378402598 53.013085917145240 58.048941905832905 10.749473598500659 54.615117532287016 34.778882941164326 12.399101698982983 41.631194219788306 10.517051322427672 60.429823803291470 22.463922561005955 36.800530437557178 42.411980655291458 88.973641099676399 98.628452634143088 83.509082767078752 89.638756746140743 81.690820903703639 87.824602683035650 56.453643653599151 41.480855963064670 22.232058849379975 6.006825419971240 2.399561168508613 33.919087587668173 19.100827934991759 83.826462684012682 83.464005793458114 96.034857993695340 87.949260443562750 99.615391555466744 52.532634054195228 68.207960287112329 43.284381980837949 96.868474743626308 71.253503963336911 94.706447535187834 45.490520505126497 1.610711141965904 6.017108827173645 93.491213383877508 31.189667613002104 10.802300164392564 9.680375013335485 81.887074907497109 97.795368120904584 6.435141175406612 56.671130800652193 16.945801666763504 40.307690535767271 30.158452606045550 91.460394007992434 15.630433280369715 38.140958361645282 37.978769289176526 82.690084368691259 69.920089606585620 69.968679289144987 14.665276411603978 51.844603128534672 26.409230079595325 48.987762541626587 89.383776163148170 20.802672436577673 21.574242439999260 45.794795228417073 45.605901235484261 62.077994513334502 68.647827051618677 25.568219569630180 75.592453235943083 44.248234609212865 61.088420321716278 77.573218681342567 25.536137199998521 69.891444081231896 42.490704343979779 56.918375273010049 68.234122170902239 97.734241884039534 96.843911163065300 10.070929786254423 0.058848587383664 29.830775654246576 47.711703727732910 17.790437933344126 60.085163814764684 45.698506165473027 24.371935711563275 34.084181520866771 30.970460824392042 1.473572276454582 96.708536922172613 9.804120060924193 93.728134331794948 60.636142635898615 75.631580477922938 68.131630981359109 98.092387691687250 46.283875176829270 38.564654554557222 38.969457112434348 93.773003663165511 57.101869435212407 73.078243504592464 46.292644841898799 21.659735883742226 13.475167209621752 76.135068715357349 72.626976446674846 80.826613182629544 47.879242673057618 75.633646322813263 53.539451048416979 85.244582246629435 53.233157678951194 22.671434940350920 13.944622003333551 19.057417024145895 48.909894837176338 69.260715833354709 11.501398066209124 23.828551567989674 20.255491397651859 56.959674161895713 6.994781631065194 44.057464602264815 73.148183199215879 52.392398002089223 3.942177422451887 3.633532952870688 63.977005762196157 96.400411292755933 69.317043318384449 45.262391244738950 47.119674952828504 66.584103767834591 56.803810784968221 38.240178965826644 96.208054569900725 19.515360515626632 72.352826029147494 69.443983274272412 17.953691250396986 59.286948816633412 31.431334751909635 25.891106330671388 40.954299963191367 47.070434399247986 5.350074163188356 78.851914046686588 48.312089454569772 94.565477078674192 68.079940131672359 36.646317953218457 49.736218990884687 6.229085952213098 19.077284042493869 55.312466952329096 83.331501037729410 35.827655597113846 22.314410272868169 42.297594989541608 74.448359574098589 86.168608846993237 66.448336246040967 68.938362408441307 51.217479930471157 25.766766946375409 22.855428042417635 92.361511341611745 0.506300180305042 26.010005095441425 27.965845652422615
8.719428718248157 0.357470806532378 46.382663693709112 71.948591962517710 83.274788046603490 23.566963539979369 23.606908587137553 44.979802787361692 39.839606779974133 8.046451892116158 49.499558714229885 69.370667104263575 82.000621397248622 63.080113429421289 78.071914131134662 22.328095294650652 45.497143543270838 48.450893486560133 83.390176964061268 15.411792901985766 87.653858928183865 19.388033098355130 22.177055751528485 71.446143676794279 99.746751068307219 92.652696873656865 61.662759904328809 54.469889096152549 22.694570582741157 52.004152245053824 8.396057390998312 57.720333696080942 58.562780211027530 52.714256326566925 27.129926307577701 70.068240976127612 75.645564741040289 23.218992694329987 26.178978355119298 42.617956415550914 92.615412702208545 89.317682475055591 74.253740373278603 62.968695381026819 56.718631860587053 85.357024509626072 70.039596067132209 89.562922536287175 98.298574351106325 62.618845380876387 59.505390654354116 73.305142920354285 35.210051755492344 90.079316659578495 0.715610903396657 39.126407382469949 81.277197278736395 21.020439073475895 4.266532303362092 14.042933552649139 86.608317849325402 27.591750702065177 16.370856176182436 79.331713612511720 24.195015976362242 60.371256662661700 76.793848485290241 27.800693704182777 59.061212627438920 23.195325013347013 78.865572971776118 11.721665436897677 71.127199426583346 64.801105655597794 39.765410979095762 7.799871577674722 77.640656062387833 27.535940640819344 92.730947978869665 85.360203163961756 14.965305950678321 18.363401706669624 15.298345985461037 43.465637140675476 69.953771333496150 95.565788352953930 97.332722192865589 52.369935810375381 23.053718552021273 72.915619277263318 95.983992902432192 53.489509029322456 90.812541149914807 66.829416480880482 59.110052469695162 44.851992221507309 25.801196709012618 57.294791971136384 37.351686782026484 86.812947126802115 97.205830367932961 85.289257545911056 50.585608192143994 23.717690507609856 86.653012395025399 38.874875503916073 92.772822219819389 58.911859807980882 20.881028942579182 10.457075227233403 77.771368329635891 56.626558336595309 67.208379897923578 6.510408087330366 84.927671031241246 98.552222737481898 98.669056239200231 36.248345349125714 83.970961498157209 11.343209209786965 12.982252206605004 82.181917853219318 55.911198628632384 23.526546516197001 2.317969977009215 77.380875584626651 14.863616436789151 72.298597415421312 1.885606098228865 78.306062806726388 28.280004730360552 38.950452719921067 99.176486656642282 18.198750509918526 96.862214062539223 22.551548784600328 64.750508066104189 28.477479423213580 86.162740995284921 75.473921649019488 80.261123213691917 63.878951093047142 74.574639321955246 92.163419756048299 23.752256755752633 86.148459161150228 50.625913466975533 8.292470208611569 35.812225901054241 29.190302998549946 32.459458239877534 17.111564122106504 38.428060975443600 79.542797720319498 72.378330418826422 99.684664100691393 66.519834137266599 67.571500835520112 81.591658170785792 77.226122264945943 18.500272555608490 21.929907703197927 5.764380986473661 40.397885923228394 64.940555007337736 67.195148899255614 6.398696905757351 9.816462084433009 96.171248611276198 32.965099224407560 77.766326531124420 78.232149309009145 31.677931849436124 5.595815191196540 37.473812860537045 34.046590092501980 46.077577764487373 10.400889170531736 99.346870339606568 3.483528921914880 39.225233656566040 74.491948809426063 59.020415101762950 39.009754778109297 24.515614133970832 50.194456270391818 9.302845518310331 82.031357180546934 70.524004077410936 72.427026924807166 15.989469559577508 56.381692222889448 62.800470610825741 8.096530753351150 94.093714440571233 25.718045866711460 52.838827140356983 45.771693805721036 10.132472583372842 11.580176684060772
43.839015431440622 32.208594790943401 66.352911370710558 77.463027156911622 96.514850186052044 13.923652875626590 20.627520703808568 53.116242235470800 84.398569305909575 83.542969702325081 95.520206637939296 81.973137185228424 18.239064673551542 67.960270631246715 39.687848867046917 36.638719901646830 92.129735190041956 40.205173211656820 40.391644596039313 21.584698621983144 3.666368209589699 56.472210564833055 91.569792496891750 3.738046913133120 27.497280626495147 44.552015242757882 69.558159861938691 15.118207454416533 47.536492135883265 95.292041638038398 42.139245352316799 51.906182923068975 47.057244106481797 24.120145208030152 12.489446830518357 47.126852447958832 61.434034187008827 26.199307812861207 28.807615354297546 37.318219168919100 77.049195114987185 60.141648090927511 43.849803211941385 93.621551369054615 3.560354037651103 42.501175745636566 98.448508886708424 80.671062981805534 53.865473672710628 82.395650827642399 80.008139471112301 14.526220769732380 43.996537919016191 43.284581922041255 97.427307228336531 2.863536948469081 83.322505520510276 33.875958887096267 44.502706022913117 77.753499065199733 16.911266384723021 87.301606702839948 63.820131007558658 38.223279457578975 19.444586632932591 74.336421966809880 62.766534008085188 55.770672138153287 69.541973230393879 39.105033391714002 30.612450943422054 98.171107154116456 69.349248312825367 43.293469180649282 54.481891992496692 72.137962968644402 58.587961567421452 54.791036014219927 95.897407035469840 86.248155944683518 39.951601430895181 62.636290175008355 7.241781140798375 87.939491195662612 99.437378827728665 56.786142020249898 61.315285394635431 58.838466991558491 30.230480815671392 49.412794234495131 25.369311385547888 45.149363330408335 37.310163954260176 95.844038412000970 45.227189211223028 0.669964060860340 58.026029506340791 86.260413755532511 22.699912103570398 65.362821011052333 41.348951409042876 90.828479219632101 71.502100336326166 33.118273308114198 95.381751756432180 28.823062666517117 67.039891655623919 29.600200981223313 12.530755648689818 92.436098769055846 19.462561612741247 40.192625768706371 74.515249528590175 30.235225140900912 92.298159489035555 72.707807584497090 54.329810306189167 94.590275198357148 76.046514845590025 35.129614720322223 79.904946086259912 74.531924058897872 60.517395732114046 2.399578208186470 2.838401711892891 42.709215672026737 93.900132585237884 50.579606298687885 43.495575701140091 85.533353609541848 33.023321245591184 46.652655560480859 22.930662375041045 57.367751405721435 95.644794583936445 47.014149651596760 93.772802477408419 7.029053669493468 25.040411428069000 89.550665738211350 86.412241761716629 9.900438832422932 48.069453006852868 96.064533499598809 75.826227190089625 7.447607184643424 13.975189009052535 24.311930919166347 37.894819013377976 34.310575419473331 94.465065022827417 28.441090665611448 33.169258462251783 26.573943687775468 53.113825148660688 96.296312391803411 27.186631296741659 37.369278174369633 65.737695320819313 46.417251186538579 47.640492777495666 71.709390089992723 82.326412055014444 43.346306001700555 40.805355707673577 46.697925979554775 18.099748878748890 30.795301884435833 87.117719445059493 26.802767823849649 8.529982238688849 57.003907808869712 98.141450751831300 95.163587815158863 51.158511010972049 68.698647982732410 96.808204884952687 39.704495096418043 13.627988543073432 82.775921887871888 55.029849409570467 85.816157805692271 42.603219052406516 85.185220060395324 81.752597413505825 95.773845080065286 86.610988214919075 78.694629027739410 58.022050342372999 90.766292807786485 85.833712010280223 55.742859892119391 78.537114389442877 30.533989513874694 64.851140155921570 79.891727869778379 94.421932343998407 82.494044496221434 8.903712848465851 77.035292743735098
31.263746344966691 38.652289150743698 73.905583364629351 67.000507186292651 86.178135358603697 52.002114876410921 53.678553737365817 73.740035919053412 47.188142813596336 39.484239882238683 37.217993649283997 16.458587209894194 67.935976387073495 17.443847025445201 73.872979205109772 11.201732771419092 90.814937886042827 87.942336919334593 79.844604907912824 71.249268874152833 2.233650031530754 98.100192438558139 60.565712239818701 75.904749593737591 79.241874892272719 53.395191672601158 74.618362788674901 76.776223474198247 20.058449305362515 28.529873070188160 55.902581451183451 78.594575161602293 64.531477882675929 72.894558763776502 33.390776662770648 47.895801029147776 38.025406230005522 61.898780833117684 61.883676540466311 75.360512367988434 61.767520134766507 41.878794660749897 24.053685365659248 56.345405417604070 29.585847482006479 23.986393342807887 86.749927949857849 52.702967673739579 70.749539593149848 80.539179830657119 19.244981104812130 68.995790301795225 90.527350730470914 94.718736814594152 35.700225308001230 10.578470155733545 52.592542253202566 51.250143250512494 50.997032700429166 64.678812858946870 48.431813531083343 22.857310942375609 22.014064620409901 45.654374087373043 62.930111800337365 78.016305664146785 66.798875266978612 36.551283234890150 66.633801966703587 13.418330531697132 8.275914488731150 45.715580599754880 97.287106509879237 13.952696208079985 37.817058142534435 31.291680981982630 12.486746500094970 84.585426026606967 59.119099024340038 19.715374196042767 64.971140004066925 26.679955203155338 78.315345699227493 6.395301394138475 85.629175499890110 29.443974342246847 1.004555297404774 28.727784711006443 88.380373419653353 11.632201758186167 84.255417416504514 23.283712829239413 43.925843582084227 14.270592948134331 96.403290584712636 49.930520882443844 78.619465264616323 4.990919566752316 48.927049023197867 45.068663359045701 36.868853188966490 57.604525843712850 86.665409937785981 61.792158024752787 45.842526420082095 49.593091968556344 30.987653146579742 99.662506301933490 76.005386109637570 69.306878920499045 64.287008330958258 29.813555026376626 80.953694966349616 93.082288446887503 88.123554131148680 57.934021578461923 90.758171445738498 39.715683025077062 0.966655727282861 4.159576180570800 92.897998972215234 75.830255509847333 2.320980228685721 34.706675166944592 54.906246423924721 67.842973163763034 86.049843641037100 85.846644235622776 55.510751043240106 26.879954297848172 7.737654718847531 95.515488963108510 7.174472419686739 98.249492076263692 2.299999316878765 62.083142027210457 37.150569064437036 70.971015181267404 8.315548442614384 38.705092388089824 91.018550824766251 31.648319198104314 2.036896666171184 74.268174673213593 23.770483917058847 46.156024101175916 62.767964366753006 46.062556525875131 63.792132595237305 36.407737895783768 21.219803156932660 16.868530972893904 25.845224217861841 83.771233929932478 73.336469974173951 33.828313241796778 57.060978321284615 70.124741292596894 11.633187222698748 53.642791740651511 18.904768081395730 28.372921067587153 88.005725185342186 86.814903112697934 83.968862523570010 5.748456018015958 19.925571065862023 7.458134631830915 57.553176391994398 53.504988911569185 39.942648271572189 26.675845924855569 2.217737223404881 10.397783092546630 97.740026970741411 82.842969406980345 56.747653463543344 39.934479718451207 44.898267518924051 63.483783672772532 66.185249768017769 89.172844144016111 35.419581207985118 74.314822400375988 92.773300103569554 34.569685700538656 31.528782093455565 82.701541317101658 48.220316226780277 16.819193017095625 77.092039169617607 9.530391314487552 5.579756212470388 12.380683780421265 67.364993702231217 45.192189793720729 37.136526880929942 10.530799439406335 49.743980100955632 31.354201566445315
88.683064885532858 82.813483745102616 80.034614405073938 88.510519655959229 61.742402925040075 96.148693283562693 69.033059638237148 9.776813164978170 21.115165303418681 93.913333831983238 5.972190535114219 85.409053851910883 31.726310173583272 33.312278447395606 16.758103434544701 31.580201939514595 47.493518009664740 35.741348778382040 64.840827051326670 67.310867987536000 28.068412640584995 6.643341371150591 72.143109495514111 53.773145986064627 71.359295020670771 72.364964338207187 39.365284262281818 56.809015822356955 84.410703362640319 82.009586088723253 96.904099714770581 64.002428104774410 69.163260978081112 62.302087909513418 25.251138044144060 56.168345362583871 54.469727078079188 95.587331821919122 38.331921789419553 6.556895390557516 38.829202763141048 73.968137186923983 2.074730944733838 22.621438708158593 97.431887396869854 97.097080439026925 28.525866317172866 56.465410003364333 78.365375710099499 28.320660913402651 70.750693944996883 13.081772227873579 56.418251120441909 96.758627854131504 81.033201145667988 31.204944977491465 28.813531643367064 68.965041273137572 59.068315360450896 61.329458141836746 16.671573734759647 48.095801403724295 10.763908398716760 33.157087292489564 94.139720796795231 64.126815354783275 69.519523759377435 82.135772372361771 55.742123013656993 70.548109565117258 67.848941466770853 98.589164243414245 12.439480324704355 93.699579123057489 68.231098727264481 6.728376700423810 12.552066278075602 34.991202707314216 95.692254182560873 7.721759244931103 34.987061547311470 88.414913136014619 93.562013227645537 43.141229491993450 71.275300614801168 84.766854721201867 76.707147759711532 60.845908006693172 31.338008577588351 89.868149210820704 63.379186964019183 44.373876564983341 45.573772456095710 15.554388240204098 65.537454296361872 67.140224192146675 54.921688570823477 39.978082324647588 72.593261425581716 93.611053767743343 91.660449590767968 53.293956272640209 9.326155473232555 4.007704064594686 2.365828781591794 74.558983765554942 20.376013121531056 98.239222750900652 50.610928261641732 55.044239989756058 75.419637365189473 73.995469320996108 38.086708038609395 62.010777105729446 27.677740841176444 1.214938547675604 74.585721997062919 18.891331527295698 65.689481282214572 89.543931153918805 47.438861534977484 29.583386468381121 49.640748117305641 36.025341488643669 33.541218980277208 43.832752877861282 70.653893225833414 76.002955446541293 5.804554316988819 89.596073405484915 37.998879613008150 77.904572489880948 53.508189334371039 99.456713062867678 45.555943728434926 86.468684659013590 49.739275147970609 4.900153402431851 2.272071631097095 91.751468672366528 19.121061943511442 43.874496765623469 62.815480047175818 90.215850428031032 0.941692297630881 89.106130032233423 79.132436924044498 7.289199133130175 10.425932010954753 77.004975430497794 28.067213793358537 34.374411110015593 56.123650073863494 9.676204271790013 94.205128772582938 42.578859608409168 54.829490815223039 56.910279097189743 32.078744160496953 31.745406452930659 7.893252601032197 20.469976036082315 93.881822980773435 13.988997542618753 7.073261431887479 24.824857929803102 44.244458277695045 2.117285753780940 80.453724565733580 73.114515842563080 14.092608703540133 51.290372342940152 2.199280714565655 14.086180173605790 55.724949889421126 7.516769614665487 63.198615708804340 15.817875399387283 24.452845102417587 16.378995471209691 5.703383722803990 91.090269978278599 1.646570374877299 36.312158292114646 81.588869406417473 2.823299366647070 3.866389844751961 59.209549891300284 9.647631480241525 11.667331037204043 15.707275353527905 73.232259465301766 23.288150519212113 14.718031299523837 99.863376934298273 69.417362601809018 51.124210027679794 44.734879769195999 38.141137234113067 50.663917005461798
89.957360751091016 96.561520937712487 19.468144866703142 72.679596934663053 32.590775115274376 31.204150224231032 85.698270017042759 30.900480690731502 44.148530150214448 9.167817121527943 23.022889700213721 16.960736591798863 98.733238322582736 79.343769184188162 96.924372252038239 46.179596520385665 82.421272656581010 63.583003164740234 38.843073986453660 37.782903281134629 64.773676251280932 76.383240400022814 37.124876734838963 63.034286890209422 81.319944634931389 35.754676912146181 76.771042874404316 23.881205105118131 81.204556406798815 16.925901352417295 54.758987052441121 19.805045286706090 50.993639641733942 97.599955255190508 35.119617974964569 9.984758301281726 14.542298210196247 60.537219674721165 38.123303243379347 30.702505292680794 69.271108936021946 58.749591420935786 37.243678629212397 45.526486711712323 56.598112949503552 97.588800750565113 45.118764767074460 3.865511666919075 45.197220487362344 22.400860970089418 73.272314924767926 96.628493567357580 99.447841964139911 79.314043415717919 22.247974520493528 77.681592216677970 91.679512501986054 94.934089144553980 82.865117356273316 85.963114780719607 18.962624982384224 9.468135046090342 85.652624014942901 1.913190898933959 17.929283586479361 90.836522614500055 68.566065658074621 40.551469438433521 61.834629864977451 11.198393177646338 70.196386502213869 43.171406635208719 17.606529314326380 95.698964464563232 29.698166310094585 18.133347031034365 48.183962544647720 4.468394225804961 86.837452712885522 33.520423828515909 95.942070525611129 11.965277629649263 28.387225925442273 91.987106377530054 19.017779262061872 66.441101945022524 64.222724330030218 97.896207316614209 51.974828993578370 37.010660405360561 1.419296657919134 75.363443322597007 34.778957301113763 62.973935118788901 1.219584665309581 70.247421772104033 42.029948741994730 74.657363816943104 14.703528867158443 24.018481340749918 77.002494919195001 90.256800504953020 8.398038987817380 24.034439536222017 39.929001318205202 9.069682189276307 8.433641809515990 94.954159852523517 56.374133630481779 68.276130559755245 94.100820552151788 72.568198231779604 63.007019058162605 91.613952282053106 75.979964543051011 79.843358406137526 18.369690578273868 14.302970190147679 32.212559388710858 75.403040950229865 34.068427888554233 0.912035814652667 67.959259970320261 49.530895385573878 19.730098722703747 49.225093246993957 5.051805270041887 93.201987201392541 80.427166944917943 17.773424005134530 39.694702829263875 8.378536042862628 83.875283743057253 83.874916431289321 68.926991922282866 93.207394185065013 53.070698488672782 19.199940349553469 5.028066395781994 12.864530104269001 34.227264492015486 52.133411593753621 78.826022980250912 58.839551545322990 22.552229439967686 54.655379785740507 95.298274422554030 37.349491946761859 79.550574825573833 91.475909979395240 97.976484176440891 43.906141564082610 62.967397755239560 77.373703069794914 86.454123852017844 9.490902976147753 26.929293856194782 75.720902873312284 36.677851258881702 59.621895611865561 80.121032447547961 49.908500841433181 68.463076204679226 74.834199953462971 62.126886431228158 74.944718701443804 68.239336769301701 16.331430628658428 62.584306282735682 19.184621556615600 34.554264381122067 3.430342528535246 92.791303253926628 71.986917791784322 44.555358202770769 70.271637793223590 64.030406150683476 62.469692626694474 3.261137989686713 99.864567710003897 29.492764056969058 53.384308018982395 8.610744398702963 10.073499971759748 98.722653474030651 79.593725961952728 61.198597436823491 3.608150937202681 58.639393217987859 12.507619378966917 28.599197396475539 76.852703026074281 34.223487084952922 53.000633798147199 42.024370236029554 86.237770100173336 55.640426464503015 19.527715494071597 84.443939599247344 9.544145137207227
0.172420018707897 90.291857623437480 24.078963346354332 38.396778099675323 99.353533583187485 3.274024455012559 10.228034805770603 93.097933020510908 41.127872520048726 78.123003511885159 88.923930582885191 61.436481709087062 69.198360957926738 39.255257558319009 46.027408642644616 61.890955476553053 28.838703292430555 66.759698306764420 25.149878956304061 53.279404056531341 88.435719391002735 8.583176462030940 19.805335780675449 66.291069565016372 36.345232501827638 38.843537199716707 30.659702939322575 75.348773915433682 40.773319246158479 1.547675315893582 3.166396837955421 9.441243313232695 38.097985327973227 53.472452744939204 75.332642326846269 60.260622432808340 6.594881761726324 58.862528770166442 1.795786023637191 78.741549160841217 1.692825282529231 0.323643016888076 22.400603420326735 12.115923685203478 79.164489647345334 29.851752833710108 97.721004395096315 84.491725849484425 25.694262326883287 76.813870669488509 13.562407285478429 72.808349574316793 82.156101248307749 93.407726958973441 89.109845024830477 60.280108305167431 35.956986738087082 52.283033087291116 87.810420983231381 15.472585201420419 36.307311355354557 41.956550974685534 19.707518607920569 80.078341502018645 77.475450647219986 66.548096504599854 47.602599213909890 37.258443599720223 0.564482362866869 89.325193672347510 86.157411341660477 35.420243030814987 95.237096010653417 28.684334428052672 9.708193263271925 39.568607108091378 34.399121604300419 56.414295579518495 74.125823205233004 4.735726856414935 81.728391833950710 26.869558054359665 61.082200361746651 0.537052019272310 58.196936422196998 12.024013759523378 99.726591243851644 90.561322810805805 67.380991259415836 75.310993463179528 78.803947929463206 95.762384771486552 3.443697619811181 43.423380301606294 46.722058002467506 97.535139222299065 90.756669163634328 72.880287623608154 80.965660574477809 69.835489451616439 85.469402143228407 41.071667021020055 97.019733321287205 12.274679621405005 95.580247461210149 88.166293391476017 60.145951346697437 24.765498340894609 76.398736260256257 42.940973357137992 7.719224747398323 50.809760581691101 74.146675442157445 37.010720926296500 11.054432354907217 17.971956670021115 94.966362254297820 94.333582907335654 4.934861996454487 37.928298593347762 5.778917557645114 59.996860568826008 98.188171515528211 63.525888455636917 46.011569434755174 78.900794840020012 88.379597931400696 87.889949259385958 64.282594971453605 42.932329808120592 46.155579878155436 87.692323435993686 80.993187062577547 63.242220847011680 10.941683963300520 4.944026920371424 41.188555435128173 0.724779470420900 82.751082912006254 70.646709740851691 4.569845059138389 66.156782553125993 72.622575393209971 59.336190467990001 62.405318679314412 12.837698598318958 56.035172973226800 71.172950398987382 1.336361537654907 44.546967800916228 19.528300433518719 34.138445492608028 11.044204199465025 86.691349520284817 42.093213322597492 69.604955577558087 53.019206734287451 81.492494800057273 4.492301994711767 60.846997084855424 65.240013275171535 73.111123590674438 76.900104437610310 76.730050812647619 65.861879260026384 50.789553987953461 95.110856149680885 21.918802046517072 41.297404193537389 28.807025709478950 98.259979986319394 40.075572213953834 35.077853326174555 86.702874028749150 69.413146780088553 42.780456836678759 48.064133193420474 36.694104289089047 44.506712173558917 7.415635949571076 29.964789810354798 8.175367110466281 38.114865386423190 0.901249639845125 86.057476624474333 26.811566668121323 45.299848777676743 99.888908526393223 52.175018711312006 44.195682888494922 79.579872595533331 95.944078711255415 35.580717337863547 80.237125104330815 25.482893330764732 34.259293518134712 74.414313750298760 84.310867194798377 65.428552383105043 27.034423647675411
84.948054322908462 22.529431266037172 83.574774534126135 74.914389371098352 19.893333671455093 6.445378600150120 38.139160095114185 84.237150031185919 3.239736706163820 2.408620492277103 17.727060879012811 23.444353386964078 59.421867178156518 33.391833824415151 57.736496853895524 3.336924882873415 27.551043144965547 21.043440006015434 7.782447451511376 88.260231520768400 72.796191924095012 93.381738415617818 26.610519062035820 32.020141309934182 93.363870364585338 21.985362167706558 83.009296747106404 31.296992356551890 35.702948748089234 8.404294282234769 43.045688458347598 0.828077702884666 66.726842233055919 71.661136303502218 36.764426372122557 86.625274909419730 80.435958724905660 59.493718060871736 35.467843591718328 73.930154716826607 27.226640568117556 66.794187345206353 72.631045033593168 44.051541932113935 47.518065905599670 25.482277004466248 59.544376670308260 95.259412725988781 42.955092639200643 18.244213112507847 4.666478696493481 42.726029173430035 17.384234675356190 28.534270198244748 94.952249145563357 32.045885902312868 31.059801899038263 76.965625132117111 94.812814721912332 23.924558015944974 63.636670282789488 73.174308309031971 46.023197700791407 0.866064645894371 59.082451370289469 21.377259919351776 88.466347885272128 59.405003273505642 96.063338595160332 75.218139543483105 9.371247394606019 88.279815367687689 55.822416374847528 40.900468958051349 32.962432578345194 57.914040765719768 22.720534526466484 48.780330212010590 23.455179291409646 38.604166952664343 14.296566712903925 57.367428227416696 10.587893990757379 11.551477350232863 84.244123507615001 26.723266686969993 94.525615800237375 49.864982930576929 16.057777724153631 71.795164173318071 64.743689579256952 70.346637766431215 82.175331813546364 48.257948432749053 67.565173890952650 64.684432441191149 11.970821970953981 76.159541473173562 90.838334862967912 68.789380156210797 98.021709920714372 89.741665811243891 37.961659711160081 43.508998125391372 66.273152767526852 54.327694006819804 20.931673378428716 83.460081149070589 25.939348358107349 39.421621057908730 65.986237015685305 48.697958069095925 78.264653210657755 86.703947807997295 94.742822599987321 81.388251459205890 71.027685243166815 79.649741152851945 54.170228640307151 34.285072320402541 6.844628096962502 45.043520873497286 9.362665491070100 38.363047552832022 0.063724092599837 7.501412968320976 12.057272668330265 23.835850610505538 66.256319587765461 65.788130299312968 92.085483832360040 18.209255217660459 68.079139575754283 64.659967714176929 35.286313866790707 41.581701225714554 50.221448000396173 44.309428879753867 99.282759007853386 20.292872203679835 15.080202673639686 8.613927823623236 65.051665406343645 21.496074582181311 64.294909503139735 98.143111389207732 10.156263651259344 17.530334660734404 25.131200678021624 33.717508185381327 19.876467933065612 97.344356478354882 70.311866035523281 85.109037100315263 43.031439613800558 56.061756166011101 70.854417872741038 71.529180406291943 56.391571531678551 89.296299662081125 7.129337999216279 41.165858700943204 10.142641561948185 38.659696075986496 3.417317687531385 76.730485787060786 39.362364819303721 42.901567491995273 31.584184576638808 42.536702268645257 51.096424285495509 51.396727074182657 12.261155142309043 70.181241685990813 25.237106587131908 44.488658860572613 80.998547261530234 7.981663488487967 82.265170308522841 62.111771981243180 39.387642366856653 20.500455462199017 19.282274755298367 2.029292718210696 24.487791361668510 34.804252353785145 90.818526108931778 24.157987342506747 35.052047045967974 8.253730716303187 68.693380261704931 24.487753468914754 74.677171021299856 94.739725697454418 86.855147972661726 79.974454253860003 59.265484347081824 68.924064391279700 77.343477830728858 63.928699535614463
19.953809801462231 27.549984063480217 57.982463098083137 29.804077017270913 99.901249970754662 18.353239089677864 19.218179410403703 44.295789322908838 99.542994148267752 36.625806524269223 13.334787414031180 63.033810576103264 97.052556509495403 15.770467335043870 3.717500467440238 37.041939861456171 95.582305093106839 26.010583335197591 65.285069981436422 56.710691233396936 88.688986983360607 87.058292214243721 28.877845861904706 0.542085533147008 7.490849225093744 32.097776405770340 18.752796930210678 44.401249330257173 90.317432840750413 62.627809996033193 13.360568127753403 30.667639266015513 74.115338034692783 88.217614794221490 7.308321397123175 11.561987533979190 66.109492191396868 26.278076014565087 30.361759718243764 13.284224776142729 12.712152111813413 66.371035772416306 83.943244680117274 85.118027163496677 9.831576354522987 66.879083960247982 86.500741885635364 28.756694245730973 96.044439851162096 13.573932806439215 70.628339061327736 12.118158234445819 83.458398192672945 54.632666439737200 83.708462631492168 42.195642218169681 36.980983409774268 93.098423672447282 60.224516833851062 65.308488246569411 79.996325312974676 72.285963497402165 88.861404921717025 39.023225652618976 16.802532963230000 85.500451136104488 57.971000661877945 51.837467622742871 73.939626437914612 42.035712323700849 73.036951054796745 18.761387553957974 36.158600641163105 4.434674507831982 53.784767572303046 66.267205910631333 41.641043138279002 3.614741208120664 44.627615347250313 21.051599045357015 57.625272654136609 79.397918837622143 32.680800139665500 24.652589143824667 93.736963723113305 27.439314404800584 60.330414694928194 69.904647583474315 50.817791095858865 14.817189697002009 80.447432633291356 2.023055254632178 82.109618666174569 94.498655353338208 76.836037325389555 28.861769267054036 93.674281222699946 98.930082511079647 50.986827180489371 67.365515083643217 32.239631415706192 53.252969744344171 85.824858412964204 82.921458675523780 61.253975595470081 42.016141514631180 15.951311676846714 63.200015659026775 96.359194400923826 0.767100784492181 73.486785724944610 19.633656999084980 90.292632709590478 3.343930258879046 16.807233114407605 64.896313223162338 36.342834810836898 29.208788202579981 15.659199066046369 3.613269071058223 24.508019021403658 92.941425114211285 62.352968519198470 79.858127155392836 44.776529028219535 21.822450524931892 9.699232588153194 14.376250580598903 95.692369253334846 52.554610532952694 72.637796183898459 73.745402021639279 24.145196039404414 36.213142852361912 58.834388573907937 48.352111616149486 19.409229468480195 32.507027730615725 85.660341729640962 36.693994449029709 97.127413933108002 59.807674317036877 58.228427072534586 77.567959698247662 90.572660842660540 85.975840288260699 92.844573568435578 83.189862492265448 29.641994238234069 16.259908427438695 79.440411927707402 30.451201025802931 18.743944531885926 64.491126859070903 74.180237287689678 76.613425968794814 93.480908174281026 40.468832602698235 34.979777844945424 68.416782060372256 94.949171447362701 57.834365439164301 54.056749372695698 48.052651079109388 25.063283649758329 54.019486444789436 92.933027646792553 19.111684188634658 99.895053348668512 9.059559565844367 23.908507773199773 91.278543025688478 45.204930084646641 89.906488027690330 40.198104742609900 93.064639964333580 64.883885569360245 37.199870881625110 5.304465488719135 68.472826385478740 98.925946615777590 55.872255377510591 69.863527019942012 84.939080520092830 0.751391115617994 12.483660574476552 70.526029029660165 80.606688918507515 85.790519097879013 91.723457474281290 79.239061266993147 11.198427574587555 95.892923870184404 14.082422996618792 93.487354179159382 43.995517066862298 36.079589383974650 41.748824535031204 37.344222014589924 94.358787354290143
64.216086874517188 41.167664981542060 77.631206112414233 32.277826101878851 26.969455015915056 25.476005526462554 96.934703042293876 47.984241715082696 54.848436734612825 39.770518205787340 37.585831213219898 96.346461897665094 60.375658427278452 13.978220426172861 92.671259938498949 90.950377215263700 54.582287256986803 64.142531625296229 86.704708909653831 96.180800650864342 10.811833016194294 78.639959674781650 56.364794331855670 11.688225457372770 27.360328747007756 71.440579821525105 43.720342432844504 7.474875981884521 2.367967127272053 95.853706553177346 12.646884431182370 9.677608046422204 34.412414332676363 54.770488988667474 73.217870159486083 3.116975786153930 58.449516653034216 88.609072167976137 18.926364727551036 99.048549967601346 41.997752845677006 3.817168020281925 63.641558186849167 79.049033360616050 21.713438970045694 61.042119451977875 25.582822353842271 38.051259068257934 55.974778737591613 89.430649357059508 32.835371296439916 86.672276743496042 82.581171785774174 10.677346150293054 54.671340582153150 45.709809030471504 84.629761852434044 69.664806992964330 10.516462947379946 48.724797095459770 94.999012263164332 19.854233268049569 22.828361482337701 24.310277880885025 50.851399413755402 95.839809834265495 58.113992863440487 37.864777966432115 26.511723548965872 23.934029395546908 46.615289050977267 35.067817340072260 99.448914023819881 41.854522469661113 41.167836659733048 62.638929022068460 42.917142195663352 4.221766786547843 21.946749321665393 57.771186383675499 81.362315681527221 91.805916717884202 52.216322373089241 59.542746927057408 70.341266168858652 94.979927402099179 35.850903852932944 28.817080192980850 76.473145767745379 72.686883966604981 34.294802996573139 43.361792681816858 29.052602987720256 79.083716107382841 36.349195502947850 33.559962860442681 42.276369501020405 54.323810275133077 44.662270734754415 58.660716510501729 40.753148040277495 0.530265006734754 72.126173412703139 60.203191131213494 5.375649371693325 82.464908378049500 95.317045690499228 20.528129248703397 99.723626680563115 33.090276889844908 58.832093202182520 5.577403097763566 99.953391094383861 11.516166737462951 4.194608804242572 97.379805308631887 67.539754535286406 63.806011506376201 19.518888329978967 25.901400672605046 10.792464900708442 16.525455779584085 72.410482972330144 7.652337129973930 96.436128345092413 63.316024454397166 65.529479973775025 98.843614618269811 76.315553598436125 36.569740321181044 51.800142845377664 17.632885391713781 45.775387193716632 61.214596125808107 83.363590789438703 62.642001357131235 31.424930238707947 67.974055993989623 26.263864493414737 32.561548988624033 82.777818669242336 4.842174957281520 60.901645808898216 43.618233396005039 26.246970271675384 34.966325519056284 50.578689915203647 5.977688474538557 69.757853375550042 84.390930072250740 17.752562958075981 25.417649940967589 99.070217809476645 39.054544336389021 26.738015376629388 90.460600133435946 80.915312668098721 50.884433884994486 11.819301151989603 49.404714075423492 7.959157405540218 77.682961140565709 95.272715257738412 80.859531210469441 84.995331662229589 13.530900019029113 25.525231459848907 14.543497990491494 6.017142373335249 49.276589153446402 90.201746441577782 92.793368860573139 65.469200994952317 53.987139994178456 28.615682567604562 35.952490731504305 26.950977198760640 16.665159001522902 15.935764069426295 36.704953843461887 7.996675444683488 80.050361097709413 88.971243625951757 57.036997981380743 32.971029706690679 6.487436962605376 7.658132642197213 71.505633371118677 41.286304817219232 22.108349355128855 6.952907787920992 31.344276196512190 96.271993301799796 70.524895289025395 73.788081845584813 83.013221792762891 77.221799255795290 79.254140509188261 72.891199960689420 57.875725141545601
11.473138606197264 51.015461646896313 73.814973314052239 22.714398826064496 81.704428237613399 27.872070513508785 57.420947789022314 56.876253667718991 38.081502038937153 63.540993665705059 81.569606316172568 62.943287294386217 78.620005763054593 15.860168021147103 93.280101908577123 25.299132127717307 97.082353463013931 72.107093580382639 85.665119628564938 79.784349721083771 86.321388094060822 30.424785239083064 21.019306156487851 13.289848990361076 70.957259959425883 45.460190429004534 84.836716719915515 76.740972511368440 96.628272445599748 5.658235991000748 32.042299544547461 83.700713688498396 86.241783922103153 68.095894048733385 36.347052590569938 57.360542272505377 47.755295236346605 50.971514840652475 0.546412060868273 94.864228936116973 33.000204481396345 13.497151652406913 44.622821892148487 91.029207728919459 80.889261997590893 99.657084145438290 78.193198971452901 82.629321036543715 80.440859771074756 12.481682096610990 13.068119342756523 10.037653770654442 17.076529118568740 93.869770406672700 41.305247883990290 24.710120704524908 63.697477596057738 58.792154512652431 10.954261024326328 60.936744999483736 70.716620945575954 67.134910695417176 88.538243717897117 13.484955802528608 21.063862923045939 9.006569654235363 28.174032211082199 90.818430296645602 71.469370004887338 60.731368795814497 45.796189006003118 18.103061926248799 84.506182794112121 62.470772181645827 46.320321640376591 63.777575197791251 5.276074233027039 80.472447054989871 0.278279901128353 66.397014533652438 29.224134030530301 46.077543665314579 60.903711266515948 3.259905790301298 96.693033518117929 91.243381086616978 36.797175332158091 0.813537059506086 18.726064729714565 72.729079039875785 41.384282794346340 83.336183509395539 9.676902189773740 14.992305442788256 3.373467286554011 10.458773901969820 98.240509680182754 21.221303013286562 46.755057182672189 32.761723768142716 40.159208559351377 90.388149145710344 74.360877247408396 10.366316178216161 30.236159151789078 36.429060004693525 32.182336293733350 75.115010508068110 72.561241865757978 53.977541010359495 98.575782046722935 44.597753053264135 53.668036455284209 97.549614916802852 72.501713072250666 15.491219268025812 26.544052402389383 29.933264823103244 63.301877427176002 29.729079493521414 69.207612206468895 72.995480762949569 47.139973606488482 95.111024621064075 35.859761370328336 72.588757214073809 68.330620635592183 49.484045498766982 10.800245852820979 59.458423132659277 30.693635879701663 35.860099041908065 5.511555987547990 43.571059030148817 23.501100212240399 16.864212661244814 87.264838032184684 49.832421138134350 17.731168531336106 3.448427024081901 93.594911184869204 66.589060148180337 37.631486007213176 70.048132437440202 25.938762488923185 17.057427886701170 95.943372370548573 39.736986921801432 10.617952045594892 38.039668912859824 57.037710897394533 63.566640400515475 77.805210745018158 70.730120729101017 57.489867288273011 15.482108430500219 75.143898365760919 10.268431265088363 48.714951233550217 95.757959899888832 33.440206186510082 82.890795716928295 29.234167339589867 22.000211742593521 25.818376275040535 89.908194197055337 25.595392684373085 12.874567062570241 49.937860083737050 95.358285353032230 73.866094511887866 70.883093166778920 45.795208911437200 37.481591634528108 5.744762813207394 49.792926604935531 49.233765114262738 65.689466356059825 3.067952347686675 22.678840794770693 97.925183422285073 51.167434700177452 46.354171837422356 80.628159758620399 23.406586546477705 5.624751876910949 88.753803178995199 53.037378038298300 62.219720922399567 2.275803212117133 23.569986821111556 25.688156579762079 88.029504477841826 6.061337031636338 40.364774559003422 98.795746693666985 78.499100631130872 9.853197437862704 5.415610844707919 34.025592276975004
41.432662377503163 42.248265129935191 41.037978745766011 6.810120440184065 24.391067972886994 20.226068831675292 46.636999417926987 28.401808975141829 20.586751257526736 90.179499509476571 5.685717201591944 64.946966186981342 87.965703708515562 1.484499475524770 11.085129429404518 72.757340730002397 70.258563205633763 44.841630013735276 70.199836425831108 22.040409837011023 23.901038829407550 55.387313464490028 73.250966924994501 83.518964640312134 57.174515859094136 67.228892462264355 10.193369428939825 70.104075823533790 69.650016243888601 8.770585325579638 1.820682952661190 47.029798370924382 31.923268509199175 84.294424088307224 56.654505839299652 62.504180539294907 53.527703630452585 44.614163281420119 89.218500541922580 72.747133887597414 62.749712190783832 69.341775381361430 14.623608382085552 75.489725089256751 24.548872776221529 90.278585619161149 79.820490370799263 33.812274873854321 56.296730955015740 73.439988351707797 85.946638716392812 64.389467647603510 6.483058467887526 51.724123834285443 39.248818532438868 77.246590690650009 29.209036891214659 30.895292012345308 79.127959446563992 39.555295450594144 30.461538129740028 86.206023180424296 28.299402139886897 92.218788457171442 25.343948491253666 49.407754212988365 61.288140627191943 2.145528681169306 30.426791271615826 74.810299125579931 56.373221788645189 36.198894204569697 98.686464255321880 40.754984728800089 64.508232990345306 24.526347085703971 41.780411496884071 38.413340488867284 9.314810643870464 18.849051803699592 81.830015919985769 9.650007356846658 27.751113279699137 27.614447384279948 13.317071432661276 38.184259605806083 48.155879658066524 17.643530780083637 17.668153213850736 33.764106221701965 50.980205577385618 58.431250356328114 47.186618716703833 12.553719174200095 92.194149120481768 64.202290622813834 59.279066543905444 21.525438867376966 85.747937064885107 83.101336316586369 80.323322709251201 43.442889769456436 28.006345873159034 68.523057088148192 39.978895273334594 49.126356986276640 36.052087655840090 89.793971879641305 99.810346200801362 47.032434650759633 74.763823436536043 13.096087147840752 97.961318414351481 74.348561144119913 98.751386374269870 83.030269541969190 92.431284897058092 15.056300500706165 14.240184777319165 15.013649439572418 96.483251577769295 49.664885749430695 34.793317766807377 92.069020759704017 32.308065539241404 23.989325474294766 61.736083555196906 82.819000752431620 97.274318082443386 25.187509302319590 70.660731266347980 71.846118329309604 15.777608830019529 99.629806444086014 22.218680552856195 76.470813753004180 40.360750406520687 15.883340465424546 94.379371856382519 34.690369979617621 80.596341732186005 7.615078844053524 69.258913665418120 75.832261433936281 22.345033316525409 85.674494195310984 67.806879856360737 67.500755068520888 65.513575695620219 45.689743168980854 18.540568067311746 16.007058383913531 86.074219593130721 84.244251398881033 89.901864094100873 95.559348969235941 42.653871095620055 20.379790225036800 68.735380112435109 29.557863208370161 35.708746249125198 15.420061989405742 54.980837801514461 56.904819026628076 15.090671897631402 14.006999551382160 76.183251877691049 20.063436583783776 94.291741462094961 13.873786261686760 24.234857905562457 41.551896582015438 92.916385728054408 97.034426625267045 36.778743665428784 92.758551900351165 7.750467817152629 92.724649569020954 85.803727417486016 23.014409566709524 52.406373979561707 48.726640409926055 93.795407829763249 23.277694855132737 29.557882403617420 16.109362813248918 35.081843452405614 58.293802253723193 58.004896126574700 74.953823776072113 12.406257050204639 49.733368206556364 73.288588938370694 45.386978717026373 44.358294947808986 60.653763281883343 70.033394339294730 7.708829064631306 13.431513311372633 50.690380662091513
62.804476389716513 90.995793258805719 98.595760487487297 64.663945271530977 49.327647623976610 50.244310477982800 34.726697099681282 93.504920220601178 83.348500557308029 30.572997525618952 69.329444949413187 78.964074416372341 11.303796837836655 97.371917998734062 50.699668676408152 8.314123561800013 43.016755969330930 32.857766368338716 55.781933555460192 37.412635950142345 93.095460244770862 86.346308039513858 15.052876517388736 6.022146483214541 37.871714542119918 63.539999090560116 1.351821042989376 36.717073120545116 81.965753672890827 76.771951288592973 56.068456098129275 71.390272727871491 24.143630759538802 41.017999390778627 54.736584334688196 19.722373274772110 45.364061354484853 32.084522643528977 71.465492320613279 61.346390157099293 57.761033004908903 68.220550895390303 95.996282191899269 19.216865499606193 71.682788392123982 8.240942676735219 5.630201941504442 20.361145537497872 14.164417402442552 78.985523376446537 65.866944064094710 17.837438187954735 59.259452142890666 18.136288392086374 3.124271043976268 13.476643529566346 42.440402406038977 67.875748457947537 42.387095935338607 30.032991263240650 13.316544568593114 21.173552240910652 29.689497290580537 97.053996232935290 69.221135038562380 99.515854875361342 29.326636486470449 55.573954614683089 14.562733315195697 25.116860688785849 32.496716837535601 37.900495070532578 61.751438838934568 71.504739697759362 95.117786205561188 59.979521979089789 9.865825059848598 97.727458017833129 60.105278961409738 50.710668926698567 58.137563340527706 43.033775124209498 27.438992155594999 84.618372728860209 63.945098707131542 18.717238801888168 34.816004828516590 87.252195485381279 92.757140155770159 45.376514880719554 18.662612305555946 72.544739821610705 33.300523262434837 99.314483747746863 1.703068595414137 34.999443951513634 99.491147751729613 48.428811389852555 87.550188471657123 42.997879258498294 47.647933760266682 82.614915818116060 42.435300202058635 69.927516593097181 15.750401146549486 40.167423136274273 25.504031761489866 37.186593425789837 29.307877442544083 24.115257023209370 24.289432746313643 93.080305572343903 65.609002538947578 85.556589577083059 52.703176610430013 43.203553741999812 87.619031077643200 76.764865296336566 46.678189232882218 3.903895223363663 58.077821079695923 51.809288575351900 40.014712490364481 55.482268842139980 93.557231321664318 8.656812684776217 72.078191598726036 5.422072484713980 78.645051601397171 79.820605287639964 94.342153226299303 11.353876065980018 2.143465106111830 59.625973995168678 77.048366192610757 37.343985546078308 89.773346925984740 36.822874923983420 90.185067229360882 25.002265806388035 49.581950709707257 22.745743401767093 67.806389573514139 4.729970796534411 72.613416102050991 76.976350997048840 65.862230422929542 59.343075969593627 58.604320305179847 43.881841093720716 82.649256413708486 31.061170648113123 67.480538435501202 78.919555997268731 83.044756489661324 4.727598326247929 97.972758779297536 99.843919637911128 96.864126898584914 48.557992115405838 33.849814348266172 41.358093373688554 79.668428542154160 84.075374855944460 66.038072045059621 60.753803835180790 81.796158065557606 36.650329677265233 15.065576483050403 25.398517423168030 72.493852504465252 27.440244830461225 50.309220412622160 60.371242445556916 5.622167972829062 67.122691986017415 10.818996099534662 40.803402837322480 88.180322639830820 31.133816565470585 55.117255352760900 34.515010507493990 20.588472544117977 85.383626572842047 27.930089927249380 84.523470151372351 10.318905461182638 81.871877120913510 84.897083124629631 63.556668527955587 68.509507266894275 63.382183104194581 21.348278008033560 55.185321710471570 8.276136520209187 41.227458346455805 11.959976489782175 23.945172214924824 7.143521145173104 1.771502351817411
59.893212342164837 39.232915575957492 29.285260055990658 50.389528739816249 48.357047182875810 95.527766492620131 65.462335893745021 78.787137986119376 43.096732900451492 83.189695155260949 65.683153666967641 93.099032440913561 73.734533302954972 8.279452147057608 98.153315311225796 8.364112148747404 9.047388785201282 44.293084723925745 73.914063846892120 70.166277994170599 72.139138014322867 54.318577566105994 75.385844706989118 74.650660833452648 53.729862223001454 99.622387106108746 23.301460897163107 50.262425709641853 99.889082181725854 6.673922177550240 68.385276226083292 55.789895732538653 3.534135467077182 9.527112369759161 50.904512662094071 7.939466403290996 87.748969485453856 91.727807814526713 88.901774237377850 77.870302831762899 58.939222927321232 82.284242875432682 9.411905965933121 48.190092313258880 90.941411803612311 68.260929792643211 98.660196660998594 35.307055343167825 83.745634450658656 16.441598122838908 88.408198413671172 53.709276629139559 8.842363845927547 27.925059903098326 99.986758199319084 79.509887159293086 21.573941178542565 92.157837604078779 19.408546860039301 2.709515295774778 69.271568519305561 78.819509443011952 6.890220636878430 72.393275623842442 84.864189602554035 81.319282180211701 25.359289072349590 81.346043484219152 29.245329391500754 57.818852256723559 54.496361310803287 6.255506512693265 3.586116520837124 12.150683357228765 17.401407295454231 44.222392482626475 72.869346182169110 64.875677249595242 71.094257432566053 94.001380392246887 56.727588255358732 75.764185739624324 16.334391659197411 35.381480312056425 59.091559928800365 42.621613033794603 96.259993894582877 74.490144580980328 23.633015195342434 37.585101160815206 11.203820487841899 30.056628703900678 76.217335993508371 21.428603241822032 67.088516319991129 12.379439831165239 28.357304697552600 62.136326510107651 96.072866088186643 30.213065415042163 11.366647860666756 73.909336136474053 67.996604893760420 34.375679389427368 23.824733957985210 44.065212499793304 27.782592668222151 37.658066422490499 82.787648677100293 71.227701924525292 27.013803880801046 7.874108498869104 6.740839559346856 75.511334590859164 9.248718942479883 43.911503683402351 59.636734176261911 56.528061919556329 50.100679211916166 95.915337123012691 82.646207608318932 12.382935828016572 49.694487254868449 90.176635937606250 69.574513330720805 29.006212706853841 18.692228647199439 72.981433363586802 73.444874942485256 48.739080181153881 40.655575964039073 30.958281342999783 20.789663576618722 78.631748335935640 68.218273182572730 16.995724389819589 66.036379138036139 15.435671394946537 2.070969573495329 12.737420715798908 70.293143125104123 12.672822203215317 53.449419890713621 95.975439664021224 7.065400434025748 26.422378345316609 98.992102289606748 5.697632783575002 67.684307079804768 17.179194424369314 27.543693609106057 61.431771567499624 3.098595114862934 48.546638169773104 67.003332074613070 16.093750938634919 36.084327463571142 74.805325416907493 20.352068049321048 7.453298431560063 2.221017776990009 91.284934221698933 45.186894982912804 43.735752004025805 3.029309876387598 71.260655185897306 24.859408404644444 4.356067120460461 76.749675997819494 74.876863211701775 45.255373636375907 91.465567213129034 81.374088469495305 73.673072849163319 69.720096402359928 99.457144153335861 79.485980818282243 88.212482046407843 11.598881950936434 96.820074195807990 54.122957246725356 93.806546498927588 34.165867801444548 93.416917829166664 49.257304259156435 55.189809907175459 67.952729434682624 13.108100926150101 29.229667577182273 68.295786216713921 36.708481576468444 2.645908827191257 79.931294966653127 90.129638367054426 59.472859248506623 13.384480201125292 9.414324100286375 58.080485019218777 48.852847668270357 40.133942144298217
20.138580960304420 28.906938928565452 39.040050054072807 77.924544430263808 19.112379875347607 59.507994367563356 75.694906649935220 38.264700451875136 27.494493238792085 77.755891026427221 98.333588896401238 86.308632470868261 41.365358304470249 50.784801394193124 58.284754208978718 29.655157002116951 18.614235345629847 70.819059162756389 98.539874635193939 11.209201702198223 92.692338076934263 43.963688414311598 15.937870519175167 24.876503997293497 91.599912335151984 38.904141640308787 62.850701360194961 94.426714196482166 92.871257540016941 9.376379758290321 69.561902302559758 11.662580091787756 49.566638978232227 39.917837616433729 29.798005430073470 33.289433108939072 3.869622472291012 26.199863788110235 86.831110799127316 39.269172788936487 3.455910372857018 33.838254958025757 86.395102561138799 69.463022226566679 87.717032348099494 57.449309886289932 68.948809046790103 20.934481227696445 72.701213957832707 43.321893817870347 16.967677719853778 69.541561227811599 26.151833113155920 46.937664395407097 98.193577605941286 76.683480193402985 15.417960150705712 72.302238109501090 21.925610234726911 62.316410285908610 34.558724384320918 29.529022240823512 51.430459684630470 89.241848396037469 94.605664381817860 15.296064209643722 3.962783679788706 4.452918082468305 93.175868290429676 80.564612507115768 74.167139017456478 51.588740239354138 93.183316894725863 14.311412903258770 47.110169469946193 52.750622106045718 35.488307512695513 95.366934392044428 72.794589059369954 88.194406945166151 9.437622887572140 89.259371689305397 31.244804567316198 68.313368969144094 97.714167129893852 58.170229634867333 41.815711269976994 68.654419895889490 55.359684879985608 90.803164595518354 49.244095424830768 33.726687766727935 28.383203977881834 71.016912775734738 66.669675252753208 75.281934861304492 96.978377444310055 80.905741817697432 80.762206784690918 36.068624494949916 49.325793918073721 72.227477451228935 60.683589909204983 30.198407097372716 36.835125002366652 20.903409701763685 75.501839893958035 18.399936612576539 47.647684196148219 79.402237528738326 2.079344257505045 45.484978529737177 46.312185229361610 87.717699468280102 23.810720289394872 44.798995415466734 87.134094450074031 81.358221828149681 71.891351355956317 4.737790920190288 76.878294679777966 61.364422601283827 62.992942497191166 0.604254159289486 2.195652250202806 39.198561460125660 89.987985755937800 49.964323135533064 2.337423340662359 90.807395265410022 13.921691704624617 5.960372627054234 32.551317855025950 40.439617752874391 47.814890876330551 66.909838862219601 73.826664899623211 84.172059413138285 82.521659905135635 36.142501206292209 0.631147970058721 17.350706378670989 40.774194503228024 62.106482266222308 96.908861806580532 41.598130686167103 93.928958182148577 60.304829635017079 8.006947429487044 77.204449246031345 43.084799287456690 23.772062200684275 16.168196762207309 90.638878310332345 42.396023451183950 72.216193064413233 51.465349737399450 87.408325490520880 85.950170424841332 58.159077081566359 46.312950102295666 82.932397937337072 95.408699404750067 48.749207518123896 94.009986379884637 42.748752692074468 2.715420461276719 78.173453029271428 80.228843743570934 38.471609880517612 34.667694055039242 60.282331523916397 23.689487909093330 64.279677380316798 54.803788946565348 55.031898768177399 95.026363386629228 10.514534245825157 31.081639440678689 35.450843151946479 4.528117096165840 94.941046334870649 41.454693233492193 99.761267803833789 97.933966377189151 13.803421979899277 22.280557247511979 23.693755835871798 41.624346469268993 9.403534276835890 4.016959097925977 61.387530490809972 94.562513664541044 1.389150207416923 39.943415271379642 82.540691572681510 22.487628017444507 53.483400277227801 38.642729832580450 79.659799848753167
29.992475072355550 95.798973354529650 26.784095319417446 14.135425085266517 12.446784461565120 67.259098492083254 20.081538885440111 88.910045182372158 29.515733463763738 71.028301340698576 58.777189148386057 79.712295355750626 87.813208042062740 7.040142810199102 14.647744879097925 3.328668359754738 89.192525577173967 46.119249813219213 54.958278023304686 77.908356253473684 95.793924412150773 31.082326683641316 91.396845635072339 80.963982769576631 27.812274545300763 78.175215621985942 16.158536489961271 77.093433969656559 25.772721112061003 74.575685648090257 16.636406310479845 65.192980613421014 98.808186265277413 14.388248634930267 10.569130605706512 81.746486327886274 80.931781133925455 87.957422120290801 18.815937859241338 82.039329860062224 7.981505776632569 36.438397210785958 39.575526285727655 84.911299921870395 83.070904138697955 74.700991837372811 67.862349076799248 20.331960260400052 22.337996410477800 97.470966752866715 86.724544081618959 15.103706034391406 30.326410608045219 33.941858531262113 97.112233128970942 43.823026534719901 40.859716042118521 67.342862381848306 88.314241142742191 56.699975873706776 16.280262651796118 58.753189343738597 71.808657396937065 79.059340973703968 43.638376721720192 42.416819977357932 83.576850972757555 55.224874285457268 22.497306468161927 95.399577882918635 4.225191227396063 16.134081531951672 40.308662307766994 19.705676883291158 7.343532436083411 56.404871494806549 85.242302592611694 52.292625132512917 13.122856973931697 18.581597657623149 65.761917207897213 36.562935430261099 14.960409823241161 94.158884134327963 2.391969647439618 33.283871793898648 97.555918348194666 15.990141602588714 84.475305614752827 62.606173052406056 65.073296052449962 40.449666147697080 96.264477539962826 68.783029170068289 83.174331015121822 92.346009128917601 34.371424646675067 90.132109266868810 8.426306701716058 15.314963344615384 94.515083525598683 16.832608312830722 33.651694887429649 38.824548927428495 30.330605069429527 86.360493948520656 28.937341210979106 85.539501119220390 38.316136154366454 97.544720973791044 4.466643035486362 96.920732437579943 91.901397908450491 73.529966697466676 39.271221243776068 3.262473721776771 46.616034687592467 33.410359887296956 83.824472774541249 50.107863274485339 85.062332100727190 14.960001328609430 6.364737703297651 88.236034606393474 60.482106246616894 82.717541448372771 14.498592465735927 78.463120091537050 92.905416211453058 72.295120467304415 12.113112666963744 88.307141783045495 43.164112812028044 14.541029606570122 78.018482135747945 2.663942904502370 66.114176965133268 44.611754103546275 71.639741867269436 0.926148497460555 57.933471462130470 22.921104362140056 88.886283858087481 37.240029707242769 60.386418535646278 23.319740863789395 40.327123104192076 67.052526000104123 76.760170421916257 13.767905759581801 40.487290944344188 65.745360239748749 77.661987725749839 10.048136909485695 25.576248797065848 78.241792098324069 61.811993833723889 94.581355242438889 32.404396688896938 4.324651447001704 81.615433451791944 28.640402118910202 12.276447232986520 69.326176923087701 18.192765998996340 80.668773134190147 80.128535911999307 50.050204177146071 26.703588999826799 25.944977436550310 24.886168641812510 39.649035344662188 82.748650270423880 60.656000391253293 36.476121622971156 46.009325092521323 54.391122809093361 15.375584956329513 77.593053577351327 19.797066028186762 17.423731047603617 61.795320667025258 12.674380053539025 93.450525633371910 19.261279020189480 9.157736779289571 62.945202674187570 83.390305902216895 78.901230013883392 76.357646877270028 34.255734134536766 20.147763475322765 73.833714061706729 93.539462291541767 9.140377615532980 96.280518450010192 70.788997422913013 31.004999654254974 11.397154309285273 75.282044720775318
94.076376527270838 48.658361313631616 72.609394529652832 87.444423668722109 29.591300417771503 13.608661901924357 77.587711820151029 20.557820079544008 25.995573768123659 21.400082489148208 29.249232920857914 8.643952198275052 7.526740027172041 15.306272544652710 21.161251606029797 32.591688630418105 92.185344028429967 48.115006833985788 1.729470363856567 58.005094229750576 54.406733913864727 19.211099363346761 78.940047042653916 97.150759083078441 8.553571542313055 94.934496450933210 83.375191776006162 77.847532835664524 69.396645940345209 3.255747827999189 41.733392700882774 22.717140167142546 98.007409015276366 30.535362496589457 83.892186460408496 10.200256213015479 12.069562605915463 13.193881745235025 43.918537247449542 87.865562388845504 92.544965001407576 61.165975319994693 38.987622546898017 56.415859639708898 94.761445773706470 81.944409086398522 26.586348976344897 32.055871408413104 58.687262417205723 81.431021408899483 28.388679464138868 60.964077839861694 75.075642885077983 69.227033057865356 80.615909739856534 0.628504627622994 62.464915047860039 40.350216155295534 53.166363698290731 55.868483482739315 34.566146656785733 12.859712226201870 49.839784511891075 49.124549617502531 8.994007491850308 92.654898584443160 97.273489630764814 15.503011189025596 62.201205088862011 42.623693741967585 46.440462104154598 98.716967516966832 24.717544156396919 20.095396284333354 59.999486889875072 26.603797575036126 33.736806531029515 2.411093394299169 63.251188764921892 40.005181021613268 96.943880465890601 78.335253574552496 21.054312661850773 3.129538263100395 55.336492866727646 71.771510014653089 12.594910476004362 27.861440990674481 24.700176204000002 57.561993940285184 72.611064344601374 33.498823010666392 37.511125413663670 35.710817684297638 60.520322203579234 58.955250574069808 58.934803362978329 73.779511393638558 35.037674845938724 13.594878088876705 86.126899706605698 3.812253073677607 27.042682132511786 94.584737860047028 20.489717805732109 50.054370400064521 1.227632779669741 5.548494561439520 60.706154416954305 6.783862610202518 62.825430808976613 59.190962775991274 98.710831192669190 39.710545839138632 52.732180706325707 34.722800093128825 11.732721243930310 73.806752799504480 33.559719489538423 91.190148326239594 60.743342070687710 39.919029622293813 20.992714331771833 92.441208876789418 30.106502788904187 41.742441235723312 82.059303793235699 31.300334842427390 76.458991805444313 33.353445873079735 82.411591871866449 20.834829987837502 15.608138581197760 38.049043361803179 44.067092723278364 33.042421098800212 96.913486684842951 89.681579628421190 38.080548861950966 41.556348267967479 11.902559919107725 58.750244347933659 74.721398317528468 91.902867360902377 86.758366653850956 65.702885882857288 33.973088439897424 12.100634804812739 42.469174995019941 60.470718131733406 45.555002385437739 86.875036580933951 2.905321885458623 25.007310446916641 38.883664001802885 95.731496945350216 64.952631785295054 86.404719649153989 61.847182059173441 78.305564923335822 42.365933272719893 29.408454487043400 25.168955783941328 79.776183322256756 86.654998166370362 58.614301011468527 6.801569682028097 43.865462907293129 88.621062356095692 80.428706344157419 69.643561456544504 39.885812826735645 13.061864920263355 19.805159352749481 66.802876679184521 78.706197669244389 18.581037154717293 71.222660767165422 68.597756339013685 67.969951561013872 56.219934917408530 16.687426958400419 82.840568643304039 76.337346019090432 33.676860396755401 20.960102836675976 24.916543571944604 30.453167917480972 20.401492584846860 22.890996700862065 84.934849245884408 64.892745699405012 1.534945337617244 44.115950764602488 63.075025866414947 95.153572241964667 77.527216419671745 7.907232158299749 16.310003624420933 49.328043714256040
98.035804215096093 95.306187040111638 27.830433178865853 14.477149866048332 54.829614181201180 14.078858277201888 35.220882864803848 33.828829313614051 1.172029114659445 83.519927468687172 2.634045797611395 12.097070774438079 47.548815273395014 33.996022709808372 69.674909279434530 9.234527375797585 66.919585108689688 34.969412834497547 25.205478360822276 97.416792494807694 73.337811349674098 47.126731200429397 99.449390092672687 4.427566398458516 78.653042089758117 31.130815668911804 97.577581904955395 68.966968578802351 74.119280258204114 67.550290759238379 21.118407949100437 95.301721492925935 34.303313352489518 25.162458708478209 41.535754942751588 75.807687543079339 40.148270206530967 57.709381432544639 52.493477219230925 16.604959744384530 93.507930962931624 41.211128503622959 81.305543077977376 77.237936798522938 77.006918300237331 74.916606537252193 37.860123526416402 21.147772372210870 5.588062834886109 17.922161941082514 55.683073130029712 28.675810264630762 95.656962006814126 11.800357466465927 5.807208642682316 62.267119824839348 77.466930810350561 36.308558062396166 45.116192915378470 48.451833776942145 33.768063715379718 83.420422105537156 74.868372687922218 54.123136560481846 53.455773849532086 19.150702675604357 40.563068250238452 64.028179320717413 66.783910771915799 55.041656892245506 87.024494202758845 43.240295753377858 34.177314006781181 59.589738820476242 10.865497738654961 52.382964220875003 14.504305674663055 1.825802275681176 74.785480419492117 11.898671675822870 86.988458997614075 82.634212842767880 45.249185988783438 35.657011781875724 53.451222424106881 25.253273806484490 39.260805727745883 19.800767592963119 30.374378721153118 71.907674400840293 65.571200525413303 36.629823778468882 24.843712874584522 80.210024802379266 8.232683546303088 2.481728857428001 92.697790850319052 17.289324554131223 32.232873805301409 70.347144220255927 22.356466005332166 6.571739465202031 75.502731380454676 93.563670821807065 75.969877097479682 87.141027801850100 5.444228299149357 82.778213687448357 68.984760922390436 1.505865642201132 86.173428025537831 99.962856993540754 9.423730702040611 4.439235231132466 30.666037247204237 96.101646002546829 57.869552512612700 16.746898748809279 56.182263682130326 50.663543371126394 2.954732918393099 56.920406426631565 64.601277235746110 79.481591123579207 1.337405524496327 35.886670508853079 74.404260627184712 87.656846993935503 1.566205510599772 88.121726988770405 40.476363015237617 1.283840604538844 97.849893766915145 80.353246147690683 86.183796321335890 85.641473841924551 8.406422569239124 8.898557024788156 42.482490494742507 89.468001803001428 35.821686710272225 96.400653863534458 33.374432328710178 96.025280102491223 87.299832879799027 91.412375287473324 78.351132664659588 85.946968865049342 17.130084736423079 90.285549650803219 52.500138381471530 35.576543936273396 76.209351506386596 17.220141855738259 83.320642496245725 58.671719991426997 45.585138480281941 48.238400565664506 48.368140855632447 57.037827626783042 38.546560609256296 94.095062639636211 94.613023189526174 29.331825020464830 40.651618758745890 68.957733141194439 52.867808997116825 21.365208842568606 37.639338800544884 4.819108842769593 30.679463886383708 19.584803319022182 14.015987404787289 62.382464274368758 24.474747190474456 45.788514399043734 89.329159215924008 50.690704077635338 28.550982327991946 12.542412230220135 10.349567217605959 59.903617749282645 74.428359306905037 75.711013998697069 15.394896520580003 3.379061281823759 51.164315507007352 99.824262440451605 58.266078695972681 81.368184932254849 52.994775752353895 88.304247933315722 67.242897563640753 59.658356947076363 78.795239113527103 35.485985318581079 87.601930551427401 71.161702533273967 79.064227675699541 75.785628714757948
43.778806849525424 12.721198341075091 61.016699630898060 49.497518373882073 7.780278528062167 36.772866203829388 22.944401911482814 1.722244493439740 24.144054784064817 87.666061056464699 55.619146210968161 7.777908053976046 80.838714179310472 5.961109122933850 86.124917018132436 69.550149091268352 45.761938535246884 14.410136597768531 59.595092648817094 88.667764383157561 47.255247795493851 23.561874050093877 8.820800578467814 17.600947881922568 27.744644086611856 84.473130300719163 73.170291750265775 49.052941451243704 86.560276343039092 91.449644893473589 52.620124615670939 74.162529668888041 0.042215093358244 44.520317516519526 20.631421532513162 37.266254682427849 6.262731882528061 34.948826496111437 54.043585876974966 45.014316554830877 75.184894306436789 59.740779869052460 23.373747993214124 19.567774222232170 29.022259617224609 18.409013614907888 6.523949249637583 86.900668550538740 28.180448100194866 21.940867120483997 65.707385945052948 53.400888655197321 46.482169910572281 74.550633844518927 15.283039351060513 66.820054612933291 65.991269425854398 17.972222825187977 23.926713989322490 98.408750523317721 25.730543571869667 8.338938577386990 0.956560751604751 91.991434034985133 93.416492881760462 51.072298860410761 19.967596513698695 7.889045601105138 6.516969281599804 29.116948342189886 51.767756299885406 91.279647658250369 57.589994140840993 12.892351305862238 34.440084887066533 9.571881041193297 53.919019215398414 15.654763972179509 63.965209232397100 0.142913795262489 57.645725026254155 85.360145335062370 51.752234671997599 31.002564971201373 11.499281561998698 95.657033456556576 54.397223206396561 38.197781416992072 83.098582249968828 11.005229953286399 28.918641061559224 97.510803107497367 18.271343973944788 34.385920187265882 67.210305269523943 4.954194421707914 22.781592547884223 2.026873591761857 69.838415224732557 35.695640881844547 62.359934570477073 74.873947600224838 64.280118370171834 49.179652158221643 9.086812486891848 13.461358986982507 72.336415234482686 66.253634377235684 17.031095051384217 4.180171436319602 14.426001344248174 3.034314922755832 52.728171964045224 65.828479460612073 1.618539164992927 75.359266851212070 69.671304168003118 70.586690307762950 87.959231633222956 35.964186110776616 51.352361237096922 57.894102013418447 39.405070269528778 42.506531652419731 34.506982665948627 42.328034515087587 57.438561091653895 49.634336213639749 88.745372335616480 76.244216012793984 72.567587527959660 67.899604619398616 71.091104287828273 69.463775082032583 42.529430622939223 64.562081924885305 47.929432166855776 4.857427374423063 44.969303154749696 87.366170676737525 30.610595803465092 11.195925529872920 3.949687010555625 83.303341037322781 93.578378107692430 22.699694302372496 25.691162014026968 73.412592527670441 96.658195802045313 66.917412153560633 86.506553414737581 7.315346404807732 39.646842523248523 83.168162132246948 12.737447089498467 70.113541954410564 17.326253915856615 53.632680337748376 0.316368969436043 41.166888422805251 6.059755933815403 42.087453549761157 83.469915844406501 43.301679839012252 11.933778866633860 39.566026593138403 83.567463962153170 95.467139101065584 40.618753751773021 91.978106190409136 52.395761224163465 47.008296412119812 71.690956034170512 28.877866073087876 0.594709517910141 9.401929036454481 95.663517750868209 10.427830063095477 30.563099697204176 72.436198456250622 3.861310677622487 74.998667973699170 2.223432393993297 39.244291877363182 17.668780896219705 30.255527986794917 87.420653546431879 41.673222183387480 43.727622820710430 45.156364517630287 5.163634956169783 91.935068436132752 58.893500825450438 40.544957195778210 29.371870858411832 89.682978351828496 37.087991032594680 57.209520159075197 70.587314756436271 60.669444832821348
22.716744809052315 51.102435032199843 5.076971163215704 41.772096270690263 88.787065376466899 79.168712805498970 26.046737428694943 25.089154764291788 29.385750220016028 81.466982578464666 86.581941372385103 50.950203237247585 85.219329844753346 13.221470492599174 82.869364442772920 40.219523367401919 75.778043723947363 87.997664572544380 35.846563132730140 88.387088588591354 35.486291271817372 79.434504824598193 84.413910003277152 87.577763902424905 25.036733469495520 93.160701860560366 14.413843977476537 34.577744845528159 35.097507958222053 78.545115662287756 73.018130348449603 72.359881307878751 98.758529330772078 60.635787325636514 47.829207164356248 22.218139387303903 19.512020124937756 41.356573627120738 64.710593208387706 69.921263919025833 14.526082880900336 55.265213632818046 81.851958668929115 33.945792622039484 32.957496014725649 64.424036392067208 71.496544111575460 94.141219962514583 6.628941646669650 33.872931890382674 51.746511784522816 13.269516701951900 25.808847090534059 11.439531930456292 46.529276561731450 12.840380314847433 21.257765145765696 71.562550570763179 93.746675828712753 39.093057838065526 43.851059805481697 73.962982413294199 26.969385797824597 83.397263929838374 44.145053540502445 33.186378703634411 36.003382422110541 96.151360019556080 2.920244574115261 0.445638810573568 89.745783853315757 98.701346694089693 12.987719761502303 49.037856788890110 24.747203034693733 77.577761386034283 30.690842244694206 64.222305880469307 55.069706907753648 44.654518987692562 57.958798674901814 26.851633426554923 87.474946120298071 64.227480203351433 40.796554550485368 90.797709546258559 44.092969123000579 84.923491743415752 25.891513209700957 94.531367698410619 67.975262219244897 10.375319832579223 80.837659023800796 61.697020216967957 63.158189670251922 13.471243952283229 95.768103310514732 46.163874499602123 78.103342410013553 92.225455203240060 85.034688391044938 64.461154322434780 27.416911088405548 33.111521865377838 44.935485409266938 36.923702685399107 51.396442829153521 50.875846633453889 5.367155002471746 36.902198237806061 53.747087851370125 38.084108395773505 73.971480493331157 16.147568799815637 43.244487720654377 97.989225036914036 35.707331212008697 2.767879772751192 54.115799354822244 7.503352049233603 11.696143440222141 33.775805740966106 0.732654959991741 91.689301170649330 36.090928648065379 81.046236949623818 91.384187229299542 30.457412878339408 16.122690095548709 68.693789225458829 42.941563743070297 22.551545075622759 54.691015745091320 70.513837141509242 64.948257563421095 22.365068491757476 97.183394773913662 16.922098795352003 8.750134462210458 62.726484452794487 9.703979508394756 24.344306749970880 58.053831724587781 52.272790846956873 6.364236775082677 43.311534116365600 82.266401911279004 34.880179988913575 74.695904875711079 5.206308733663145 12.378679312034857 69.846503816990236 53.257414557297203 27.539169133284659 71.416774223869410 71.728605030195496 65.038065706957994 15.401285834246558 4.341763858015025 88.151224342943650 12.497415031218061 98.819185606199497 49.674371492150627 93.732700618423820 59.981985166480612 21.487821546429153 3.637966609488941 62.505587133099105 26.771706756001436 82.035762816563320 95.274938296960570 95.280665233289000 24.744387386597065 14.778323283076345 33.232511664045347 49.275629525414708 69.508375855664752 82.208008081158084 42.359944105728466 8.713348868873727 69.488286915184148 73.353085267357926 21.662886850514361 98.945571621722962 25.924707481591859 79.718859950215688 0.177247383864065 67.194248347440222 53.932583675827871 65.493145862006912 24.682349607407929 29.198173174883514 42.362301461445121 26.749562600495345 29.511716304840775 44.196659956430061 46.806410421604625 85.940459640413906 72.401216892758342 85.903033011488205
66.731740918709832 90.359956079321577 21.979917040571351 93.727964272715752 92.593539141662660 48.758072929499782 1.459468497552696 26.704466530756420 4.065776990365865 56.802158727788608 58.198417363568652 82.400281795258067 56.714790534117178 25.669361316774186 35.293895172898146 60.537041841591545 23.966361248330557 5.533869997226493 23.441498630790324 2.695475949417048 87.800495731725519 48.291201159410882 49.880513076627366 31.054849322585774 39.458536830101018 80.248886156428384 48.066735370692250 16.662419177855281 20.474119910736064 68.919084371018229 96.806659898500854 17.475309559753583 4.120786114452313 66.484495351257294 21.753871613105737 73.458046699596693 90.809699927727195 55.106809521536960 78.270728879069907 72.535800971594952 41.608794624165192 90.534069289505268 92.815342786475739 54.127664097270269 20.889133723495735 97.348593557404385 33.598710509838327 56.660276783856865 90.087919629805697 22.235723695000907 53.556730853684051 25.693049957560298 9.425450773089562 12.918650061090442 60.525145291877145 23.617231695025119 80.691332241292898 49.012222402440585 16.015526372793708 4.404744055341614 24.155274111526982 56.896105238575444 82.587939754784472 26.029168972508153 77.830634690823686 86.565641706094880 89.549170673010678 30.595414534711509 55.541763993944841 63.426846958539883 92.929542072825811 17.884450126867524 51.692140589344746 20.073857299178776 41.305848530828584 10.582310221728742 86.928610587508032 21.414615115677339 76.265702907130446 20.404686682876395 16.406761923362858 27.788143018142865 9.557414147386256 2.704935339728420 2.967608741656591 19.119796550807056 2.915600420944375 69.308760264340464 45.239843301119606 36.596664931095255 75.392659156269843 16.471982972088139 60.019243834122229 75.726342665666209 4.072612298612599 63.606181711096625 40.902563932746837 64.187120025867671 63.900520962809217 50.736487795966227 88.083917787329966 99.817526151098562 98.214199879691165 39.067770861676529 8.756280388071225 43.608326757226259 38.766984737460341 46.426670148312695 83.344608890902180 32.777163712556892 99.610474014278424 9.839933976983584 85.034093125100668 20.051869190330894 24.478526584623815 15.618351820182742 44.105036436908954 57.226249235888773 13.864953200922670 85.850145657051698 68.236367391180266 0.455317584755577 82.587170950762442 76.799365688881309 18.257676435439386 52.089843697855009 72.805635445659547 38.248231173811639 10.133816523922023 0.635296222760684 9.798549340652906 48.732126503459860 63.570044683114070 88.605678340305388 5.055065342315479 77.315731632958531 62.294772761390234 52.653729380288397 82.044847272460558 66.980274611127442 87.324554877224941 39.857500146933191 76.081915385808273 67.936064757824340 83.627039931662807 48.478938074785830 48.835970669472154 32.576274024856552 89.870138654782181 33.530223782336165 90.510165625585316 71.092112439462923 76.845389140420934 84.834980475641302 51.818283481351955 87.386221392333312 97.061863291642084 84.543999628990562 25.550920742444628 79.250892225363117 27.166602908511763 50.284934391870152 9.643573666607297 92.636116476262089 56.865590805541920 43.055684080612323 73.290953613206028 29.674866276036450 93.663009538173526 11.343860773710791 69.526127038440578 47.435046084982623 36.669637237561282 75.628074856305105 65.327417244579593 91.249174348702340 68.418104961294048 91.393818772011187 76.386673052773219 15.925680540641240 88.615838725081559 12.960037094212618 76.387453613716104 92.136337798041751 37.074996803961859 11.438783986164703 6.743670718667316 14.548202233430530 1.254745954229197 10.711683132397475 84.351028718357128 2.117459801659805 6.798250100960967 80.663087137946263 28.716742508190386 15.735454157747542 47.500588614550502 31.916779357986989 78.971265638639437 43.796320076664763
14.145268722789217 88.421200015381444 15.597863190153261 41.993787319462797 81.109386060630911 97.320883155452037 83.702415888484097 98.796575874376501 71.983094370593165 72.582365535585424 50.020269594585663 45.634639625700672 19.291878566156306 88.085414067648387 84.548917608000849 68.605848488244561 82.722751821024445 95.361262385607560 6.511742139387922 63.328292255084719 20.029390689219852 3.532287856722449 18.769504071334708 93.764599338076550 97.936293958136517 53.607383707627420 34.905553895480189 31.798179539872006 65.509530822554609 14.765842028523835 70.668364384527109 6.310188044468667 65.229172574099366 25.427654077218698 5.718619367920386 65.127834016305371 41.063108052525962 85.129548734861061 62.802284531083998 51.383908305864459 53.653635453040195 24.457810954162127 8.523434092579052 45.584652552747507 27.939633841169552 19.182554924832019 36.146469395020532 94.251022154436555 27.911775526220250 89.527377730328723 3.986741100911873 47.441983019800062 15.438541688459484 78.490820861576552 44.692928771745130 43.953737624286859 24.467273797171796 82.830271694568239 24.266679279256099 6.127670417314879 57.627215918664618 23.985062972676772 5.509764696698705 80.157532539965743 10.244463989119357 67.091154420674954 78.293436417500644 7.616710693605433 52.516356662575127 14.265299795471476 96.963190493680329 5.567378278766388 27.290991966892385 31.823937152021177 43.110146672433849 55.277074823059678 96.605939403921184 47.626451650106191 70.977190149697421 66.597557671330676 38.197809495115578 23.693590768850370 1.702206068788104 65.107181454033622 24.447576207671172 36.753953860384414 37.572168779937257 7.792106602393833 86.173372171520896 67.587215872813758 4.667936701807940 73.947357690371291 98.909263560281019 68.573026025897789 73.829905220500819 91.080931591606060 8.612134724361686 63.030840443677775 66.958047406554471 94.036445545235352 80.040074405382029 10.166009657209285 67.662802980899414 45.288138710239586 68.079435218609603 22.328226264473383 41.962433733048634 48.749709783215209 58.788998254794201 46.192116817755704 85.031130514903225 52.866595918107237 3.478388926255327 16.613026646096195 70.401922875648538 92.994692772364573 79.013567294685785 79.350493371399793 99.619318374681214 9.410519148764962 2.223146315167912 29.534226442366428 1.004105187509263 81.046358952735801 89.465701450084339 14.276124378304388 57.470581652383714 45.884721596509777 87.351495248019930 61.694922512848919 63.851401732247872 12.211752099172390 13.307273922851648 55.066582929828698 74.524892940395105 67.591499128656721 9.206909544678787 39.975643306358286 77.359545443851360 5.359127364515004 68.101342144180634 67.376310257288637 94.661774463402637 14.766960896689730 96.769432182618701 63.005602357553592 13.924023555627462 88.358229958258789 98.881674824169536 99.455926553069290 23.616501952079471 81.443995231636677 68.423941064523262 28.941951255547060 48.298194493982486 87.680418631787532 76.934224482426131 16.616234093690785 18.542886914447955 38.489430403835570 17.727633694886300 20.878561695911500 3.943726450984331 46.833425903223734 95.133041410386923 71.969960502707323 98.764562292213427 80.701270852101615 57.985207295262597 13.931761199782999 33.854011986384926 46.116421872438607 5.535657958400275 18.717244216709041 26.272092246447965 45.905376326343884 3.817905179090408 10.007710710504547 68.850077934681892 43.811344717683141 4.510466653693380 74.657330154579597 81.780211018308890 54.729702538470868 79.428958453102879 37.501763018384878 30.264485863642655 73.762024995724843 34.187154172301639 3.459889071884681 19.985544642540511 35.480073614138185 37.884956368676406 50.947893512395247 69.273538567184374 61.549738376258020 94.234291491271662 54.895819241891118 68.841270650369353 22.184163749319119
94.169187177722165 19.070397428564569 43.573900911750975 87.630171179392008 17.883942719766278 50.364471283702542 44.628996940816499 9.849486113101690 15.489957577196156 65.480313340558595 13.656463437959976 50.001263176594932 77.649102055091561 89.066975398590870 47.352470470061924 38.164981584900382 40.048409800430420 81.275659196362938 47.091721721161271 80.608494695831212 81.459033935096841 48.774106393245475 81.590042405989081 48.292248803233981 51.640793593313958 48.650255154108521 63.387445837734802 0.599274639611802 17.093082099652246 69.106906959172818 12.526101990549909 88.267976627503757 52.129984342020094 19.146818084891169 81.337966402601566 95.018049420130552 55.070457928637687 64.764193044980885 93.747278215509368 42.996749291543743 79.332213054340045 70.366148593682141 24.356413827227264 31.178471601317991 37.963934963580414 56.709088004434804 48.380702685608554 7.787621469058914 81.854071387171260 96.758261938856990 55.804658538418607 58.071410122511622 52.269561094376769 78.133958686828464 70.584498353476349 29.274981992297246 65.295583508624816 65.064059560225346 2.518938222977651 78.559241308785360 64.034958735016986 66.634074409947900 86.701226363387192 50.659995417691647 68.135064451492994 40.590609845623490 66.878582923738762 9.656323797132437 84.361459273149961 94.897385975666310 54.198446628611883 85.431626445113494 44.907827773537910 34.125180789476687 4.746583994343567 98.540063750556300 66.225750819532763 13.855140923113840 69.431984915321294 70.974937591545398 63.544817318620453 73.115384077441163 57.799116825435817 64.470142726327438 44.133793593839599 5.746128759186419 56.576066087273183 46.228925272536401 60.961730471752638 86.651632307585032 30.292268214643126 97.937845720666289 92.650010950453776 61.322045399461842 84.759084195038398 99.657661511501246 83.240665298314383 48.550266966736523 40.366260407842915 60.512792298395688 88.595199226234072 25.251582997712639 41.202510370139443 67.068123039847222 63.860032757818786 89.675850928606579 20.650509735827438 20.731497276901433 4.093226262434813 1.528062868663926 39.619108878682709 14.134887977785482 78.858055943204050 74.778360716917888 72.859157770952123 16.786980549247353 21.034149282873994 66.754925630242298 64.184247969466369 11.538529775783967 67.621851771383845 89.442201672772327 78.689954501193810 22.496462314312595 17.866317574230671 55.044587239627788 75.624970813021335 73.811204151303329 93.324849254610001 21.248391097374718 25.528263121615247 74.531680060668947 12.722889020857375 60.664516441017014 54.383609417250355 98.485273113522325 59.074449696548257 21.261773959858054 66.159405734096779 62.023090054431215 43.891449010993142 65.022675400343459 47.151018731178240 29.851441384767728 70.696944150011589 29.755678955319233 40.675625088897192 68.976118002132154 95.708832997613840 42.223251913464743 64.182881000683096 18.513671012248789 2.906453217368832 71.604118599880479 15.538554621720124 69.257247716682727 15.919833538618933 55.750238078884486 0.161441669552664 97.989630859720279 31.285657872934060 84.915457550022595 55.556497672273700 99.077404096329104 69.585561131954393 59.252175955621077 92.418348928767884 4.234140866797498 14.538170452691901 85.661868100370782 41.741158556360844 9.807981129162680 24.749997559201852 71.543692343030330 51.082650523444983 4.261888176082696 1.671020452115746 38.550783251683015 97.299531947710634 53.087332452973449 87.933736653644900 52.620043454981314 9.137600531470492 25.675863725506964 74.497827634502755 68.462101444537055 42.779952854747826 22.774170986716015 50.394848163620175 86.957417071891570 24.811426113259529 67.624864555063752 25.392858359604919 6.124414212051999 57.691866585107498 25.985004960959014 44.181599932911809 68.767393263527040 65.118732467963838 13.531188117599157
34.492055756512642 32.563331577579092 81.801461629878673 30.954933276559828 41.953293874803300 21.039767736843096 59.933411097952657 72.087957432563130 39.129218445809457 93.120557986324400 3.678588370451263 52.539630945565683 36.691327632115069 63.035925435916305 23.622936846293175 70.831250966103525 6.806673439144717 92.904626614710224 88.957581509480761 79.762126142989217 97.638082511791652 66.099884219857458 80.982054721893576 59.134584066528937 96.192596402473328 63.387292473360858 74.264573013120241 74.685944151212340 83.453766102269270 92.969740359438731 79.451148736487923 89.350062080869236 93.638935520394298 65.796004148568670 12.942578466552723 26.096384851496580 41.870480905557564 27.732369232763045 99.849607745419689 76.456029510948639 10.300028165649822 2.079053358469340 57.163273903344027 0.074156645375578 47.353675681796901 94.695289669794775 25.742272149815904 16.996632912540978 79.285202380551283 22.312038646647004 73.775290474109866 4.290938013186175 18.104640827586383 47.480328488997394 73.990137620344228 91.809641351283830 76.835825330455933 91.356812786571751 54.040532401625853 92.706154144122905 81.558730396409075 53.522534322179013 56.707788007803131 91.426182033279986 64.874436570243560 12.734626040670626 1.085788735551052 98.838069652119003 5.960896124548942 82.688235460023662 31.242268468262214 74.218660981175461 96.530939280087651 41.842599383858548 87.097276420024741 71.437430649328135 60.279702744241050 41.544175149838168 82.558589565151280 52.752762940052293 35.106742277561132 35.717855722987821 78.308412422964707 45.343387381916934 55.092136664125000 83.783501557147133 97.258522095792955 56.409355575329613 2.688601604897434 14.774367966315772 21.420180612407268 76.260135149740904 85.015536726722701 10.020819556347538 86.245072396403060 9.686887652450915 83.250865126081408 9.116039686438137 73.609891797795967 20.840390563204014 60.056676481617288 93.179766626231142 61.214267979515377 78.248150648796752 22.369918481250895 44.760835585732259 57.310219986216161 47.359057317689000 44.399280121458226 88.409829095089691 73.211538794818793 74.692835032566904 92.994334960497611 69.087419211501611 19.251406506630829 93.134651978101829 21.112719513906598 97.423070994997829 78.912574630223347 82.298102605645425 22.525408471361352 14.779254196909886 58.993556825499851 61.035128148385233 67.814703762180102 17.411817177308343 28.897584258448951 63.393524088013940 1.348873128133421 30.423285925785304 39.927912255059780 83.914550098249734 41.371131382479639 88.586867370978936 55.443977626878372 8.666147053360717 65.379747850806851 42.493231655134380 17.580109601327077 42.217956335693664 22.083276505512995 29.372692782885103 22.115682393849756 50.006879662348894 45.143026692784225 56.955139308405748 77.086686204421113 55.481536463624373 55.100193502270159 77.079176405248333 60.944620400200158 54.634715072588833 3.288192102541765 46.275821360998336 32.992742983017195 50.054592511149565 9.207438765453036 54.740861969549613 40.162303152704162 53.828526834790665 38.709860084861248 15.966595747934132 24.281585086822265 35.961428932440967 14.382269360680400 73.967608788264812 7.083044753256873 37.312841437689151 18.292949144379733 9.173490558354436 60.209076647990543 50.945627450103551 41.359522288821339 90.756196799818156 30.112001590036520 8.312412559284631 52.450596926945849 48.223106804314916 11.247311745820776 65.948787732079879 8.948871341296005 56.998440762677014 5.029232701594966 66.755928318707319 55.151777393485467 89.652154326811910 1.889891205641958 69.118836334607423 88.497986113093859 53.819470595342992 92.777492813359601 67.843964083540286 0.316914973887927 51.258378881786449 3.005137167625849 28.328084107958652 27.423899379099737 91.813256664455622 48.010639940844143 90.175051396429396
63.661012714129370 70.531291287056192 24.893671605010013 11.533075814886685 74.652604999232906 45.857413155123560 19.511614756292484 78.577461646359794 3.014033917996362 95.373527686259720 80.708721821245447 10.442466017917052 32.746082286978982 85.559019199067649 37.458292043793996 25.943622009866086 23.173207488799530 41.513863634255543 35.855285217320109 72.080536839048449 71.231706259665685 62.359743859195845 54.980778386145978 66.500672223162567 99.088437649061973 12.338010918148912 11.967202281270595 23.109182904478441 62.253672341781076 48.140354907092146 33.233260246077933 96.491716069235025 42.367036350985941 91.766724372237945 4.080575813891663 10.508926949550501 91.147773501827032 9.169326622767981 97.900998444636471 41.662379291487163 57.085598884261337 82.250277680471328 48.960015388015968 22.280300033394983 13.623728419910142 85.329829994699793 80.676361275098728 68.987889349496470 77.105923682827921 22.491072085771236 73.091455446491551 49.916022441868854 96.883928527294472 12.229842810524637 49.006793987220853 37.062972973027321 11.328589407127632 24.771881519612883 66.041486526525176 17.201333359556546 40.997700378270189 97.091993794136172 50.108095897119540 48.511473323946895 69.452565206652011 80.223261771035723 12.251334148623894 99.879813581024209 75.803666107927199 77.088838434493624 71.537603873781819 40.761098333307153 55.470596542985596 36.410159785101712 66.253652152127458 68.922616648466189 66.431326524208473 10.792939704191550 56.921510507437119 92.546510772362424 3.923041706808494 38.785675021608689 11.635294383388061 21.385943347971835 80.140947502681882 7.040198350730343 65.955164913267140 44.158627653597051 62.286222285283465 84.950771642753196 97.423141627716731 84.737538610482062 63.448463499974771 66.359406765529698 30.783466914141066 35.959781235292141 97.841068313213469 29.953855168431087 50.117317735656428 87.843610092363150 50.615004188196210 71.285121289654015 35.895246617962094 81.390254140939291 2.577634498445702 44.479087458146907 78.176407827122802 26.837478636653501 66.387786904217776 59.112548088390845 10.265093446479391 99.951673495423947 19.747178602970163 95.515546214951456 0.725200865250097 34.921300944174213 18.355312084069563 23.281071915413055 26.668644550331123 49.820259337712969 16.779103892601277 40.435436975302174 35.492027518882132 5.681512957835666 71.677662087491839 92.886945348665591 29.909333619187450 16.949798875041743 40.750801378860025 94.658309701804043 6.061013761318835 30.872982461092992 31.313584615707136 19.085636727101097 41.191960198045010 20.068669512451564 92.185530875380294 27.640044183644619 10.357356527739125 30.792055902214798 92.635709964976115 40.071062750210764 60.806986977073322 25.249601741145966 95.154998356423619 27.524283462895959 55.552678031233661 90.867500940039548 65.916464438013520 91.638938633816110 53.873328601366040 83.154599041573903 64.266892091861010 19.084365444605112 33.373204969892136 52.023741893565244 60.066320788973016 2.398324137649144 12.989780788434990 73.982118985217639 90.684228618068900 10.890877581612523 42.559725959170223 75.362983019943329 10.967624598438574 88.744090798308378 66.468400362226248 82.276378585342385 58.625799290724245 95.730773819793328 48.895983800635697 84.951536324416693 73.596716620226090 46.752810677358234 97.033650186511778 60.869162621042051 10.757290551840160 45.899521348836871 71.317157890049572 57.321534593996027 99.409257462702541 65.901428053513612 8.637108204544008 14.504411092896408 52.253791631936942 52.421754603698531 19.498885462284832 87.499271458247136 52.919624302316493 21.498809082563064 3.713510566952549 66.525147103260480 30.977003349685805 92.701552091249511 9.006462602897402 43.631006569153698 80.203992039261124 63.518371525626286 91.607459496124250 82.111086075011471
26.039441296037992 22.134420027115588 41.519575560613539 2.064275864595122 41.164233174535212 18.702057748514200 34.283041370915235 81.739733104114734 80.475097923118639 64.569162725681878 10.444475015766773 28.896020093975373 82.493458687160057 7.730012452861490 35.010262933947992 84.116157896909115 53.632334556248608 37.438638191244365 37.026727550607177 3.478529924660445 43.664431610341438 30.989515832176451 1.678784550814072 58.315389772117129 81.312262067586872 17.415556241840811 12.298119818054321 36.128787927377651 63.294346551474192 15.683934416193468 57.956060220005782 97.330226605854691 67.301862379379315 64.805472367159510 62.217685553407243 66.416016943907479 23.300862417351318 25.818799202562804 83.593453551139405 63.781790213751854 16.567610092441409 54.879540415689007 84.413444288058187 5.648368366278111 50.154185039431667 48.643006061345019 63.527302966470778 46.039358565186753 14.258041698536006 23.525547362947840 7.041131701886383 53.311296674906927 19.363990350937431 87.249239377323136 91.152932797869468 70.511869898468944 59.540872916108114 96.466736217001710 67.108548819796653 8.797587518145878 46.107702475880650 73.939922713586071 90.397731911743321 76.192250561329132 13.820242529663462 15.053344443028326 97.231171169152546 63.995371993064012 61.702587218996065 17.397059322091302 15.455438809907939 21.534738862588476 76.802948185779968 29.596989528582828 77.723449851802144 2.897772980074709 45.814148359677176 29.955008925367256 50.860973775431958 60.983365130255265 48.045612754237013 23.706246082845407 36.625530527085203 61.852773877062148 72.046181990459942 12.004084925110337 1.103839395572748 18.710689294689242 64.652453722088737 83.392576560629664 67.217019814325738 34.795940925987999 24.366031487501559 86.171300846648194 23.386571568899907 57.104669143607964 82.315018505456834 3.093993807107986 47.857176543496912 31.418071664047797 97.908666332367758 47.373111927496915 59.000322981076671 10.177844600283660 58.320734588684061 53.968189378811161 62.036141441094770 75.648633057900540 87.147637302058612 36.827425042679153 25.750125699818717 35.420462223719028 66.011294795185123 20.865269549445376 34.966916843301732 41.702068685864532 70.429015649349580 7.223452990311918 63.885848460606219 45.316753599842507 56.956358589359482 19.639670347172533 52.778374842122432 1.699569440399695 79.170411726387286 58.231722103244024 25.964638275712982 30.346935570939070 71.340263181471471 2.207380947772064 97.832151584217399 97.512132410714884 74.775250024688162 82.763796965327856 41.879206945654261 74.016915289965652 67.508442327898706 86.216069831311515 83.497486866911530 34.178402471924777 47.915798450892254 1.431908656995740 55.871637580852415 34.632328763119006 54.938017943695883 60.635678859763743 84.504101587965252 74.375211902533081 9.518874176931435 62.091228685279901 58.303001033706927 41.639041368430362 33.460252371440959 5.655627516830153 96.203354356515419 35.695610047272893 40.018432509429033 4.074260242751027 66.484964643891701 33.454453260235461 58.307809800091640 21.518409889753130 5.007118686461975 85.994394701665044 80.874640376858792 25.949702122861250 40.966336709177732 69.297480221234551 72.426041137596499 81.189171999172601 49.222741532950863 44.923957457540986 5.610686382284669 2.766905745439696 49.284505562925297 83.763402848094842 83.140488240943384 55.258001304016311 4.016263051903768 64.391968675313393 12.112724453394030 36.108432431951989 78.437080051356475 5.566775706667737 27.298830680553465 95.336142363321059 36.312146892727661 85.426944460230217 24.366107351607791 45.944471397604950 53.887669808359476 94.626159164848886 84.710727207868459 48.614135347947304 9.938291532151954 75.942033978271212 78.599119164817438 78.916849143826312 58.500744230017034 15.825844810912015
60.316037125938216 44.878860692038650 48.129372283601477 55.222888300301534 25.011026278506765 93.188086619386794 66.851970547378031 89.283726304135698 2.097417551417735 38.441411564321434 42.823841323759858 40.238377925663748 34.488537591458623 75.176974133443125 5.781620608803362 2.143974515246894 40.845631602127618 21.676329255977588 41.075062616194522 63.245416519391839 98.352385592590522 43.788377016039639 61.671620103331158 91.694306841966508 87.737463620362007 17.102026357711420 70.928115951776633 22.916174639525046 37.196200923995789 20.194869104338419 83.279121931341109 37.751525472815096 54.189496765407043 23.279232584506325 55.161238985560182 60.404105802492126 84.315217320225173 56.112639214865091 28.682634773288584 81.498024990048052 81.771705532303542 9.848115469652930 27.483122985816056 5.067201328510318 92.238557418335816 74.339870005491633 4.657991840007625 18.581018502843662 7.856797609739708 57.708877588341259 99.809691312734913 57.439883391882653 64.106748897141287 89.321309792062152 44.409665530263794 55.283833850609341 56.983029481754613 86.457086686299064 87.425888030903835 83.838569818876024 17.422405317138079 30.953786117283720 80.631551128396779 77.968250608974031 98.441073848939936 99.775632408042483 52.023168427030797 11.457148632241998 91.708949175628078 22.602906363127939 6.284817465423254 90.294454456722420 77.656637926396471 74.330908445171318 40.224973644150644 78.962440640821981 69.612470622396842 44.463161031987987 98.927716338614189 26.505860535518710 29.850692726279103 48.287225677541755 84.928165907423903 66.507268766092722 94.368518517194332 58.141062598863478 98.356492780684022 99.582087658396944 6.652933049769205 30.402882035008528 1.391662351740353 48.385771198167248 15.340331250314676 45.540505849378640 72.453680443678678 18.923001106284921 63.581630641705964 45.002221038874701 11.872621581001319 29.789919015597121 28.594949321587681 94.720439271097149 5.412353104633649 56.362956197346534 24.905191976523245 66.424877018974868 40.837034938010596 27.295879188555450 46.003945427212592 48.817267603774916 27.648790288653281 73.474051014421732 45.792191854047438 48.089763815733718 97.044294824929011 71.643841386477575 32.856043416684798 40.392703902879468 24.104371001889248 79.791856533682420 71.393512500263526 58.718641911720304 64.323358663211366 15.771748911391303 11.142613657838329 63.308008477388569 78.514448803098261 87.760394057090778 24.607038955727457 78.410353382451319 30.202747172233590 2.663219106121772 57.582865374320605 12.277259746973856 51.786242363364742 78.920275832586825 44.489210929665255 81.427150349870075 86.279276125328579 6.439236650752589 28.630194984430258 58.886135448460550 55.134225014422626 83.081834084342802 18.248001130999469 23.232023286345349 49.363252749458944 57.568291942136632 12.371480183700200 68.319015090747953 97.159220617376874 83.980866694818374 58.102374090447661 23.170005974763530 93.964498897659666 35.596480108002247 9.307744642116733 36.370941120716836 99.532494253773933 98.516691888816936 4.172126175053858 22.322382291653874 60.992932263467949 49.666970098257032 93.061792670347472 39.628087350176969 27.420846886876436 76.083035954450523 46.593432132851198 95.144971307070662 32.656372322749561 35.911683532625517 13.498656439453550 17.821939289224030 31.017137421618557 82.395969980699633 63.453013510686283 11.221456872516210 29.629877152624385 77.456167553580144 49.502733679473863 73.839092348121113 72.657412240119413 92.332456817538315 31.255277136674430 99.234563010524084 91.985268593359280 40.073164299261087 67.261011552140829 71.445705411091680 50.861882428749020 97.940179669391355 22.795155288170609 35.876197950899588 88.282346714774789 60.543753175099170 73.393382979351358 90.469663587039264 69.052932089100722 23.866774729134487
57.429433736737444 83.786631794599231 67.145423069127901 81.201644974836285 33.664062536381913 98.681781920893954 74.753853434716916 36.245657734354275 47.628030433441616 11.104248392398175 96.210780839070722 85.510504902112942 73.908066316678656 65.871100189084203 8.382134438980026 6.434965552555005 90.412058053245175 76.029229891009891 57.552315712456725 79.273080455617361 51.752905474348864 36.739622878873654 33.774787046910191 74.865103219762531 83.594730908639363 12.077593893146677 64.207601799136441 15.339705269684279 97.433287974995991 56.734804580021034 95.952421362138324 73.632052299510548 87.300651547810588 35.756257756814435 34.391261307152696 30.580158630013933 26.095222297174402 74.030098457340699 33.178492638500792 6.186314898853573 61.653165172098092 97.754241552581021 10.538391086555777 40.456797097001605 31.686037996941597 64.286911087194071 25.464337615380817 76.877640152136806 60.520543020664064 3.867736179990910 25.680548686533978 29.591833958982072 16.730402510840236 38.261382313272563 28.160808332654163 12.181863633338741 13.151053422830451 98.097267109449362 14.849177955950365 52.880200511955081 7.883840585249501 65.681366989353734 23.811234569507466 20.600242116077350 50.712359524339114 68.449023283399384 81.208346551321640 40.654073016545148 14.750126687585674 7.497178261655025 17.594496122757530 95.644273426980760 70.518129910151814 49.608144017455814 21.278286940196733 46.967558557225253 87.473573793477939 39.036753937769589 75.609944838796068 43.662446172475612 16.997218392298429 99.498475658900773 74.635084827708170 10.994784664096780 18.842995541343189 90.728476823092109 19.606085729085187 46.070423268707614 62.436886017479353 42.548443766962940 58.708243065912711 74.175621385446121 71.471571001558516 87.925808106346011 46.085779200864010 96.561377336745153 15.104179890067659 73.873979785588446 25.233783202636808 17.589436961409476 58.723159684680404 15.427424406613888 11.275442915850309 32.556227274019953 86.663684848479761 90.693330570633776 72.534711436542153 53.566037305137534 55.057531648876214 17.370139219737435 28.085281258018203 95.697330561386522 57.411374180633032 12.565409608158307 14.938445362420138 54.199690340161752 33.345832716178059 59.576756231199482 96.593997482190218 44.276381954476719 64.184814801095925 66.349901046829501 6.754215378168215 22.603156979792903 87.382956096005955 3.145768445109942 56.338952924110444 16.160174592124566 7.438996274767562 1.440293525379688 0.450515345951374 64.064213045366770 44.121498856456910 10.031760907126808 51.696060041776718 22.462206342785628 76.017435341551391 29.281180933426356 40.145157133980270 90.491691254784982 96.172562620743165 89.094628698778251 4.952466799897426 74.990378339307298 80.722855869709591 13.693043928157367 12.540169901527133 51.257005404109357 56.151368130771687 95.077376848482004 47.503633507617657 5.987912385286398 7.687693502725923 40.765841416142457 92.759837400783596 24.018098930906838 31.676984924402696 32.753786849651981 43.359106004655914 5.176981630130440 28.719011127811132 54.151203320792973 82.406333002488083 10.276087808134260 86.841547155669701 51.767608571045699 76.894046674391063 27.453110258172174 6.775186262330790 13.358225493718724 49.455699762114790 16.470820437977430 46.610007874301161 21.791058470163904 86.588910158120797 21.700492625651247 15.860595669399380 97.242919393814773 75.484432633129074 83.033233492265850 80.020768082384805 47.128367677271946 38.135521600880764 79.325799218279812 29.142126595515762 94.304516518440252 14.569849355555831 43.223643146526648 31.987682617558189 14.461605083615625 62.159177685882646 36.565813661336492 99.062063587605948 12.381777852768593 23.532614278761145 24.469197188133641 92.471477440111244 51.908027525171327 9.638732932245697 18.863099941101467
63.760137233483839 20.668709583172518 43.822735822087644 89.948483435681652 90.892252968768645 4.518467580896834 19.175913126478161 10.034343753576369 79.947993288805080 99.891860163878619 66.879357736285584 77.162242138316898 70.271406904400550 82.830915479449487 0.462979737739688 63.694711747610235 10.512490925322826 84.399133008233093 31.974332732676924 89.278617551717971 15.879860902220965 99.232898235312561 85.781785670862959 36.530232005097943 21.297571962717520 88.746829153179519 8.119492152546059 48.207127812188546 89.063034654603797 19.999904026157566 39.585884158057027 19.994538035183297 8.319459253398097 66.296041130013677 82.546707629309140 55.423469478497736 30.772994439626512 25.646716242281087 87.228756723869964 64.376429028857302 89.045672484452638 96.480187891349871 50.270687671583204 80.413479042903575 72.164699539429307 85.315292641782634 41.832319662099593 38.650917394834202 10.139364897436510 96.190849416059322 0.230649285201157 84.174016909509049 27.996925219697232 20.435562708134157 40.172353148281751 17.767607886484793 22.840063785625887 61.117325971766689 33.830929917931073 28.491178035304809 58.877172734806202 44.909472794436567 91.892200076736586 49.524622778704618 88.273564722618133 77.406187380353529 51.089551043673396 7.181757923311272 6.039266407836186 64.967897251056272 27.745882550745161 89.901976266574152 83.122211837621734 33.585437698732648 59.843628107969124 76.818727204304295 4.892955330806171 87.611554844865225 39.570524010800511 2.451831688213413 55.309463084358391 19.917983147546948 98.457770284405370 83.632390001350785 98.240345267300185 1.504195659103935 76.657559253795881 14.691708716023566 66.288734258734706 61.588841389020764 92.518828960927152 32.315309370754740 99.561785944288815 49.207153133878187 87.966429238982258 57.868891310775894 90.983700449664596 87.879776959836533 75.957396743580034 95.165881105738322 39.755865897390187 96.772433389496385 75.267923789061683 40.660862483303660 80.489878910792370 31.549764122695922 60.520732918023988 57.578488101471102 41.011470773801449 69.144585173853301 25.251044388106138 43.818831331384999 44.329678171806250 27.843970166759966 31.675031368581596 59.072184697868998 32.602437024330946 13.904212374670422 68.522543878393193 53.875566484072721 20.554791574789810 10.534545388907334 30.277641629202023 98.020328107956004 62.031965527378283 85.754491515052138 43.069375188766024 7.800498965205915 1.610391016145085 66.097817630416472 26.600400125243716 62.282791679257834 38.563040624989696 97.684322319693237 94.671012485620608 37.316343046913822 82.351418629534834 36.809252330237861 57.815690620395578 27.495466224326258 42.605813458794927 37.402046106984002 55.644810164989686 92.726149534510213 70.024334328419542 24.490865434036003 25.522369337406037 38.372489402621014 65.958214484324728 71.391753495535156 14.261229705133349 31.125052286817080 42.433443116953363 22.339611114636526 88.655700170376122 3.144223328599971 66.779432185313254 5.570276298149778 52.975837400029469 13.196545229047874 21.930375960699578 19.411639948035031 87.208367082774743 44.066077760953846 82.132401810753706 80.467981636007764 74.003985478714171 67.698979353316432 38.034684033986146 76.218282525303337 82.750022331206381 38.701851972907498 62.957997706513936 13.960715728418371 32.816055802905893 65.053809203374271 56.370900290075134 55.274960072945390 76.731199884165420 8.473916409644367 72.741690381974493 47.380241293853423 51.758618177425653 17.302923685745753 74.542060715135420 15.653710116861463 38.279883218880407 83.772612573957588 74.078884515144878 20.962273990593605 80.297922403481138 15.746353365361498 13.478572101984366 31.596012519886727 72.621987513096585 3.874896117663973 26.755363098298822 86.875092115764019 25.230190126469044 65.627730568127106
61.950152315240892 44.329500406238630 97.271552714353462 56.794405600830288 80.267849020863409 37.322150734038104 87.414769130126473 52.512046414079094 47.019613937824722 36.571205504960290 82.814694680466005 36.935766530519345 24.467556496485432 50.200517586920014 3.661846448900896 25.154454186038265 57.941184669161771 99.433061235418478 88.693461669709563 0.505583667603060 19.252633501303297 45.920638582957217 54.334898678061158 65.302221867693646 4.743569438661788 11.859658501535431 46.637322170659267 44.427850167526827 39.535586400985338 86.291515704342061 6.637462843485665 2.916162027834412 18.890918170459159 29.142205191287594 83.389348573472944 32.405564424865055 62.716865503142692 62.281891704614857 56.405308899635720 41.229688091728470 71.622420778088852 71.851182075774247 13.710627169618439 19.441218394739323 17.177018571941783 15.936182823694134 67.838796934530038 83.371154699293086 69.732900843529805 12.114731307862481 31.188930220978172 47.407827158992632 54.858631755739154 51.484558098889543 4.572979785930076 89.515898669212461 57.685621439398069 71.082881837566447 9.520511070335957 71.159674554680450 13.044916406163953 91.913684030002258 36.971082139475143 90.555449119951291 52.981439288447937 20.603645845112474 21.262325727193598 54.865558757789614 35.283988054474044 67.533596212121395 55.964393985027151 33.757748774142449 68.560628667114372 38.063793001769106 70.391228794583071 45.440753102967591 83.503055054642118 19.540347724515716 25.484203650100113 65.394936820780003 90.892021332592748 78.921369258927527 32.103632281228570 42.989919469543672 34.996959617244642 8.186118518125463 29.057918965929051 62.990483231856942 9.599194621209007 87.864345933054693 49.952071628315906 94.241621622412154 32.801127884715505 24.932633505402713 6.785482645257801 34.619067015045445 35.970804980518402 50.075588621301051 63.628079355859001 74.386442803625116 50.458443366134034 45.002704194571500 22.501983749826536 63.569151235646927 29.659033393193035 70.187235316710812 78.287850942909813 65.411138523999128 24.629791649255960 78.454043118335719 66.436454898129782 41.160052407996538 75.176419069581868 98.244876068715541 15.106321098130648 59.590476723052078 71.694670361276991 53.276060588866578 63.446062410451333 81.995293659125380 51.015021661471934 3.732563656677423 31.032329493623202 57.061217291953284 40.139702824080267 7.029788118656222 46.664954280912156 36.674614629741818 14.612023405653130 88.995735869022070 91.045072699480642 20.957784313972294 18.079398138472524 44.139181231618018 37.361368886498958 92.159931522653835 13.307115140753890 20.833818069521559 85.958243258500488 8.635347754092603 95.786084514938381 25.851235792022830 13.416868261343961 34.994638927274089 6.488660882540687 49.887749383424726 20.674637701668573 54.889175091140970 22.334729426651535 57.075715036943627 53.985937788905282 59.288563996714558 76.611023881786039 21.767541699198347 83.329814140049166 90.738211029132046 25.169629407636751 81.440006271552107 20.420591466926062 95.077229816130881 53.315612702559577 82.112315816044500 27.926503963703098 93.316364982627960 10.769486566418419 67.665795071988882 79.824026383606366 87.354837751586416 73.053557598207846 31.625241460212116 5.129258476455700 58.076509365649144 78.486417788722605 17.514086240395532 93.225286661858988 55.267019670165560 91.019791468333068 44.424830143365938 64.254764851068614 0.768303657547076 34.052223866589493 94.238399494654772 91.432580408575234 3.038231946284720 23.188046439337938 71.383109393900583 37.688119722078184 17.022248874621681 37.807328733128351 78.575153902149637 29.146354914529361 3.244703161879625 49.713945827855042 40.528498048858033 65.232720347066262 36.121331676767021 33.217112694406147 70.499898050089996 37.719955113566151 8.292630409169588
34.971413138511643 18.805736949396699 49.799173554614995 69.952624384478455 33.908929321269788 25.673694341152608 63.438790072375248 26.758324787971599 17.322710057809264 4.999872370591351 94.455421372060854 82.790956142110190 93.663907158891561 63.470532334251573 15.491564063615659 83.221518349148511 46.005186917337227 29.057882173137763 96.775504355264658 15.126148683571783 82.995550494187626 52.208605006155473 67.184994234205234 52.972307142537488 89.931309495226742 46.292302278376773 43.615943156786877 3.404356579699375 92.607042111374668 87.717084838345897 99.944927072597295 75.812437728789632 38.907822781330246 7.929945267168470 10.934284778742608 13.902417639603959 80.828724240234251 22.345468777688836 66.801105260965954 6.695259712989499 97.346640481219382 91.441201894224633 97.597275788501818 30.443649639071936 25.918945424102724 22.395167111032531 7.260740942476085 49.446283798280596 67.767179087814810 24.046001271580909 18.988448345004695 24.689149800060093 85.493863132147482 77.720066984925111 30.844570003890258 32.712233769426959 97.756351025075787 28.570198460913698 95.925284959475505 77.485465068703263 73.542173867359949 71.417121962247933 23.444857269363204 88.158841608560564 85.765186094652108 8.658935024973635 20.874022422901216 48.146692708452022 61.995626468665279 36.438260731110518 73.072425475469259 92.605151058567344 72.132013047633976 99.467896675464871 29.229620812686374 28.721377635981383 48.271081724297375 40.442141506860608 18.538704803993511 21.228724479100670 21.081978888491591 65.227467841477562 41.385860720027658 12.143756406056283 90.488068602659411 53.662259885668050 15.410198131473241 8.219874020423479 58.362957124942497 64.687357537727905 13.447983182446787 89.435275035994195 1.493539389532161 29.646717965443024 72.810292014265983 93.176860444203953 36.744558419309271 50.636563988157043 28.134715347670969 30.033699324772378 22.942652587642655 63.502374080965851 71.638131924326274 47.370726487771861 39.058263751411928 54.518623887371689 71.147600700936295 96.651112507272416 37.386132516194657 49.435286485326714 53.269284726287971 72.259163362264474 67.952377960636909 29.692277547464663 45.148443798826612 50.617141556211855 5.376669914633403 81.191656884316515 50.486623314799708 79.191601693464776 66.167798588567180 92.394725764693547 38.130050483078094 91.598691988242990 93.485928745446273 75.267583185878422 24.389394922666352 31.595139962588135 47.794840078693298 6.383817232761113 2.536555156490827 2.618373287410292 66.907142042684555 66.078966933877538 54.717056422736086 29.787731657185368 15.883117940978996 21.240200761546735 18.908914505431738 12.918180547815838 47.185362459901505 51.393930704484703 14.514816575121126 4.272003568089544 72.063051643657872 89.466238596465502 14.285323754614620 43.475438582199935 12.917407455924312 80.594951012804671 78.256731418656216 92.996981636887426 78.723191166295848 68.881854442828939 30.499359898292823 67.499621943995862 54.257833349232456 35.291386964062369 96.816459331753748 61.977555723751955 32.302052840887200 43.240447531702621 51.275693310348714 77.882196129145257 10.485277187873820 66.943625894613035 71.117487437913198 72.412769663705873 8.339614646062676 90.355353236404412 91.438077352414410 88.456521833682118 0.665720447443052 63.667331713955292 5.671755597354389 71.313765192700941 53.786704881276293 31.069347506015600 45.256968973157441 47.560674434104691 38.899178955464897 19.238802460336334 53.672926925748889 66.594741755902035 37.777034940809209 40.295610268007479 44.355889141557071 43.855075971130965 55.725859800415513 21.939382968326228 90.467058157035751 46.786834303057944 82.891292279123192 47.758233943427683 59.142425886138852 67.515890539339068 26.877264568377470 66.959564058014280 94.723085572656359 43.736497603785466
37.869328224878899 53.018718136195297 24.068537421290038 77.098449231514138 76.830911386205273 60.448992310006723 50.030194626290850 78.703905317179192 0.079683362056260 43.654228847462640 80.094659977935024 10.427186739073324 58.754781462931639 17.300735872325966 20.183337647980395 90.419426201961159 57.421449875880739 31.969254141818492 79.572776311285679 13.088376207394015 30.453928452179490 95.693651884446751 95.241555966577337 98.392338677912292 32.001771039746018 72.207245465754468 46.951033657030841 43.344627079059897 10.002526856780591 4.559281265024328 52.087356314491252 57.763733566900065 64.456406233382992 86.092359555427961 45.528491211783347 66.133741545187405 43.873037450909401 89.260981788940626 92.948278043811285 34.111665585740944 71.526186370783151 20.677158735844635 41.910237459198015 98.981238146989043 79.098412620963217 48.206715662399780 17.545050027713614 51.243316943595971 9.869080944996089 55.505171504400153 99.593308525696699 82.094508496539049 51.853848744751730 25.844413512472819 31.966242900518772 41.061582477762073 46.676376493432613 15.902290446368884 40.166544184714738 78.672862811763707 58.666062968719487 5.891735478033800 75.745183867524474 11.305938888610257 10.609478344855495 10.550245092244271 80.301469528249626 82.447407740265106 80.739404571397984 37.826426941583534 87.238928096105042 99.381553659688862 22.474027232621332 96.232988738981646 43.995297048876978 46.917031772895456 49.943781481904907 29.482716135190113 67.792346801198249 13.173176805694276 8.829248260181155 58.400933391761299 79.698259484944984 87.218052565922406 48.657847627145436 57.386968104723337 4.480330745097206 77.510764034442587 50.286635502074652 78.616707495361268 62.605648347234634 58.671008308481674 96.335332889835229 50.494664251393509 21.835707263682359 13.485969062294078 38.501146518583440 34.284707276331297 66.890517034495119 15.783957305688844 96.646966909534342 22.727643867401415 89.977437613780666 93.096911480158823 42.242755183354156 90.987656842489315 54.562472033970501 54.281690820858941 98.305580824474404 44.401108231529932 82.797580114137304 57.887490153659968 7.069925887136352 66.647002727684708 66.795356728026178 2.858953762567151 81.565109994719123 93.413957655333633 96.727618890442557 48.913733586600486 9.414131029646056 25.438106400784079 19.585353183136355 72.656754685415322 97.272117525647545 39.880250253212203 30.208631444950385 28.742674630686651 5.975746686031346 56.177331836794977 89.056313745613011 65.671227741640593 32.453592904654961 86.699648354951876 16.031254129438864 13.257228680433474 14.487857124132674 45.411321928070237 28.463525236989618 55.798140644038732 11.027789101772145 9.340842246420976 29.115214196779970 6.955516725506749 73.377592629758894 58.867266459031967 31.160528284301204 27.483512682689270 11.194887697252142 38.245941614374580 58.411086570043956 94.493040645463410 75.090992373401363 37.627704362326952 41.546736156088407 1.589166106178874 63.874478793836850 15.701110385643247 15.569042910330200 84.318404672732228 86.043223236302069 82.433424181950571 56.337518174284206 54.341523512177126 85.842028278510398 27.696084805275657 52.513416712663222 4.825933513154568 46.459079862839836 57.912479436308331 36.661580714017660 53.681140370611693 49.811037400903381 14.952115633616515 39.676349737147817 75.256616953896000 16.407493136935969 48.651851552585043 28.850302982738206 88.630946315304953 88.306597017386835 4.965996049111077 18.771264297365107 53.547494800377251 61.238125434715315 48.245971869004798 80.858039752648125 2.429888181633688 76.226748305028778 40.918717954536469 65.844706950227476 65.124551842518613 67.893573391570328 78.844857480265162 57.835033237190679 42.318280340744060 63.177929706750128 51.388224049145990 71.648698770613137 57.839114930814929
38.085334088389409 76.561830315196275 62.917947952265443 57.905286865546600 3.804511874904548 41.031997175265786 5.116633878091825 32.146178064947776 89.592485276490791 1.430451192089099 45.226281989967433 31.744482145948261 36.572732685836371 75.844030572078097 89.533360550490656 8.257298616760911 66.701390676016999 48.761616029550879 91.436086844457179 33.202799970881756 85.566685989423121 30.565681320831807 42.292704526861883 66.481429784360529 84.144550783079893 83.468417353958330 32.135820862414455 94.674875992748923 23.117400668776554 2.588441906490335 52.339817078072784 24.289668097442320 54.521228232590438 62.645450598452101 34.897785194769362 80.660353077957907 17.977360099948736 19.867007682466042 9.006668971337916 53.944183170990371 55.741574448327391 37.214698776360287 47.229735421004690 79.239163888816194 66.481834287379826 0.782886330373223 27.925117063567129 3.082557790311991 70.006949243051906 37.700090893901063 93.700399501010764 21.721941249395481 49.990474863275622 11.424593900662916 81.851829838339327 99.776776793511900 49.330586473961489 99.378113897380970 78.883855516676377 10.174287199011911 93.878168002165921 87.391726990235966 75.537752369579778 82.829765308514780 4.124411468359268 70.294335906001677 23.627104795744312 78.415523279958776 41.616949177543560 74.354627651011711 77.378131859541327 18.233229514746650 98.848884316355978 42.581897118968882 79.357958791582533 20.387832482739032 40.998985889713389 61.801180941937005 9.981275211318463 85.992583497476019 1.543542452921076 55.920516709281124 86.137708742634345 41.589860007986182 53.523125478363951 52.480210140773501 36.650347211875435 21.956181037531564 56.027856414199597 97.422916036322675 26.970862025810185 96.321238840838802 50.893212364174389 24.748780773902222 91.015969178156169 94.187714505521512 75.120263339734876 43.125033251098877 21.260557085254906 32.058220982474936 88.485539875266340 64.427492502645407 72.121034786522813 96.279407967822166 69.534047082512316 28.783198179554649 18.097869340027305 38.116688891055318 72.154734300544135 72.412127347530813 29.238183655360306 76.817542826256584 67.894936074834305 29.841281475503202 54.903658986103267 42.203998822525712 41.352280222337214 95.714740930671312 72.768137361411789 35.804800112302992 56.854760319310586 18.563414476886397 45.014581224761841 99.086191139964868 85.067802248850171 48.945268616331475 29.862603808375688 93.446824721957412 12.287441995672099 83.538687053005560 73.440243055700876 56.131820735090109 6.924738403925668 15.495476402139531 38.325509203766948 33.081913985205979 16.066843431629053 17.331777910954138 56.225041353884095 37.288547077996540 42.429879516154877 83.493442898138071 16.261990178595788 42.177890032002892 76.507667742013723 64.102911549008425 1.586793135719566 88.907511167082731 21.517182058602856 59.580688722535214 29.266209568807177 12.142166929732445 72.838260239660613 26.452709601894753 85.987921240302796 15.000767394506031 30.976632866043708 76.748987472738960 88.124434597029122 31.096250994681164 95.115049063555674 75.319260166774683 33.815891413508858 79.621473738612252 89.374666530007289 98.302216042747276 33.057381675279217 51.517569578092107 59.010144992795631 98.672521840372298 9.693646039441116 53.825953304824090 74.513287787645282 94.567390757165455 0.809552509893219 99.035863694497351 38.611433287275254 46.357201304149179 85.900330596510955 53.385902086893786 20.210711307582763 2.384422459791535 92.283593225003955 22.298235653240429 76.717875393290257 67.299788348708660 38.645042017740074 45.537351242365212 99.047248051801944 69.614878376631978 14.845845895841681 32.769836333989247 4.728767560044467 82.230822297959179 38.974380229175779 58.516248917174487 81.075326140361270 78.434993975340689 93.480378956061386 99.798181324404325
66.653421496391914 25.245461878120356 21.843217879858258 41.222456918703401 17.129013688170780 39.445655252788072 4.537003574447118 78.542921371143947 35.472813519711657 44.710461127210152 36.189626657804162 96.786199328574895 86.105379977244425 66.929718251387101 74.388253510864715 73.881664927319974 97.150306244899369 4.817123626512243 29.806763536317959 60.860724821016866 81.107287725046717 72.680434785167520 65.599333134701723 44.326175614899086 19.463793343409730 20.256498948838875 0.111030272011603 47.727486653362419 89.442786258086898 27.013526697903558 40.409369947955732 32.356573752937912 34.487665499466743 44.669630063138996 71.921197107303499 81.690819853978326 20.044311259284832 57.762127138278139 41.286149762513745 51.816952323748048 16.389175852884129 44.531703114417532 89.380920068434662 38.866630002977423 77.795040262711595 80.781319845262502 20.484812371200068 2.986657572902629 26.074016427875669 44.990364456090063 39.134068946325918 72.662030002993845 58.089876627197071 88.021264651663472 17.285197514394113 84.546551455882664 91.447991635535203 58.834640791776337 74.395423994135768 55.849000285886362 41.636632567237420 16.025112066154502 47.691047443332465 34.002927413614195 44.393122974428515 29.053598492975663 19.644322625285959 8.887793613083716 28.836379098100885 35.059721697041269 65.522281445008701 55.868787655248212 39.140275678293222 6.707187434014572 29.217092785496735 96.772081326412390 89.120467052671529 87.430421598679629 60.065972424673653 6.568432382404776 52.637390616196932 35.668155325387595 31.640465012080178 71.484378808836183 3.219461341765817 63.812995168690797 80.317441384133431 30.423873594358152 19.792211829253581 40.613462973448989 64.039721375262985 2.573707142998927 47.815615821178866 87.691596076385537 5.979512480702032 9.145097521290458 41.564427612312784 22.757016457380363 99.662817897260453 68.903631604940159 15.703800802670752 30.508154368054086 22.250439734541249 37.370856462117352 37.402989170695697 76.132983651713886 21.085126510811879 47.883290676055154 69.067882563892169 77.595363575324782 4.289112633237490 56.327935123917328 12.053235867227020 60.714367158417581 23.200558244647173 32.320982518500088 46.878003956309321 34.390457382188401 29.035001024651542 22.587425991409717 8.993988035766677 23.687412658712880 57.711614904840161 50.661399199045697 8.850531658023030 0.561776795355118 0.392700193563467 23.455835502503874 92.653122079708922 35.482895801614653 98.477410546759671 19.101324004108722 38.490946774653132 50.555908552094031 63.973054072193037 94.872791476882398 24.188042777042984 67.984375502935649 88.889907529933055 6.665714643767940 67.106247368105713 72.072765933520373 14.501650659496701 12.366634136766031 21.573752870473562 67.476529864124529 84.897116764649411 92.345382708352915 75.762251642859340 21.655133461383937 52.681553048368791 44.582027776331131 96.020546091261622 44.404293032878137 66.742255970862956 3.381292630176058 25.607984296666132 51.896848846693146 95.718194641350351 50.151541095883388 5.090624593564474 20.078834641853305 43.729811458201631 80.761277076019439 4.394479209432633 29.908907000952578 42.857105222761419 16.712341611187842 41.161007736698451 10.428068634778409 49.334527775296465 78.802744843144993 39.399197590409493 31.566084654923454 90.960774285721598 71.566586689708274 97.348514743394716 58.961224779585287 51.406464155708854 95.856155919504758 76.540449336875014 24.803617821869906 38.449611365856441 41.604262686309760 75.070057421814667 14.876261803372659 62.803256880109238 18.464320145360457 74.113336836616341 53.789179002991574 63.160573581851253 81.607926757859573 87.506104232072204 29.852079870399173 68.657176333913469 56.012693090327481 0.583484401939416 49.411834036761071 93.870050677351671 74.032456813366409
86.772971309289687 8.763491565429716 55.599129537333880 12.289861553268222 90.317247090749831 22.520115806477136 83.712085384199057 62.479117186449095 98.326201305906437 6.677290061413387 33.184711022477906 94.726629157933274 74.935573724736599 28.383132463383809 42.946316093026645 26.931411852815234 98.808951372891670 58.552280866633865 38.221500074846205 23.524534768465312 47.672426641704170 27.291963136933862 50.229500232850832 62.299366740848804 43.611187693972539 12.843393607335308 12.945289197741216 82.757654463038534 42.700876113724682 97.307937343766838 30.488005075583370 62.767199146926231 76.867940290632163 11.278507890265189 38.394008095904383 21.618692166219500 2.995997980787646 78.509964427929475 15.520339502368952 80.131826011503080 21.702096251033488 6.298182659584850 75.357385857706831 71.002825651062906 65.037383576011294 18.358796376851760 1.563816641759663 17.632117722981366 90.591675756480029 8.284755736091221 4.149645765088106 73.881109086759594 90.620873651738819 31.549018024802542 79.201937974660936 90.043522668370073 50.293940505496607 62.573139427022625 98.774091818378039 87.134327763946402 67.611316801346305 44.707547212682329 43.451020468254562 57.577568436375650 99.409264819748060 72.476575932228911 73.790135435190393 41.683576687279164 56.372082695526124 95.465773145138684 49.088025172767011 57.441590073597702 93.215115236273533 90.713984185405323 56.692435399441209 56.422984490624927 10.786415280801609 59.047104270668370 88.917566005071663 88.538198255290297 18.388076932173703 27.215896167773145 86.217782928993614 67.323765359182460 61.728350734574789 15.529531489545899 74.732181296123244 56.748243604076400 46.430154580128900 73.479763580038465 62.710459795254692 90.663579630476775 58.617870899305281 90.665909676731758 19.520227686666214 47.028017094036755 69.778445308074055 99.504974521977175 64.212484188118424 34.659013392833380 14.895117831839766 10.279692934877914 21.593431400732143 96.047936084950649 77.895369175646820 79.267207070145332 34.381760625952886 60.365154964922375 28.679874512422732 99.081060122902912 82.083227353788160 60.887518277248574 91.554849101867092 60.805239307782720 37.312946885462061 80.134786380575605 35.071479653312231 58.747163019867330 78.316659330128914 31.807137497522074 5.575258239620173 88.576162144781193 26.458913798056017 66.191061857609725 31.405851915128125 81.186231434213596 55.668302370093983 61.523960574485734 62.226565471619310 51.963661891475788 85.032628785403958 4.392626433447234 36.054243654621217 63.134637059488782 89.036137581313213 46.123769946264346 39.576149633169997 72.269593780069755 0.667250614450698 41.969338968903322 47.163165248890081 18.912321982706736 21.539890444340028 10.064722898801959 66.665073009293806 89.296348728071919 92.538454120124953 86.138504971176516 57.235124059600096 23.402349482288777 96.879378252243981 88.987595845043785 77.040532174958273 26.948072084824325 42.850178845749078 66.061528209379190 40.962385193940719 95.305179159033528 75.122621794357741 26.543963723105435 44.910906769957705 81.262596003227060 95.439745486177102 43.938640925176450 70.534201863406238 34.743058898345268 21.232423567879888 41.255576878305902 32.563984267764624 36.190111710643521 78.760601540088231 87.464261574826310 26.550187286411997 88.305173936978647 10.913280445930518 2.287413226046464 38.179150102220127 73.758895396570651 90.057249726093076 85.252344315493943 38.795083662393139 86.191020369229889 72.266962516794578 37.040635095270467 56.379616787711242 39.033906854786203 99.994421246214202 71.973592468444352 54.127590177726560 5.516199189229043 28.397254550803495 58.788041531235024 84.758894191807144 96.152886205864448 42.644525206969888 17.152166651566692 44.087915221571386 82.731310281415361 46.909114552142292 24.509146887720100
94.074638119352016 60.972747611709444 79.372992679331816 3.572957835954216 12.220141021661357 74.158660257558836 71.792831726475910 52.145093988350112 20.595245039063435 19.298724914926868 69.570123724294987 69.593478649903219 50.999326187495932 52.432793047206417 25.606277779507092 49.676733348557036 54.323525077424129 52.293936075604094 41.866849731384761 72.042106745534653 16.560295498749454 4.146038586568091 34.107683875745110 66.635401106143348 6.746275544990466 31.160593758663111 66.943436431297826 14.536558362095731 44.135363732475199 21.844168595036571 79.821608634268529 28.448723852210499 26.306723348394435 5.590029694100640 61.505536560665774 46.393916419291529 60.571172828725238 77.113274745345649 61.767496528262910 60.607255006677264 75.208037274165846 79.464507342492297 60.172076732733217 95.660512259123536 91.001759406468068 92.505283340704821 96.129893592463631 89.197315010863448 65.887920351148964 22.954531814465760 37.538727177702356 15.802152500268463 80.406946682639798 68.907413834584233 76.583570375238011 6.985082643090923 7.457775359503394 20.701877776265697 59.046484961952750 70.841692003740306 42.056112083387795 93.861256676956799 43.115553582800494 77.205903709170101 20.654526073387736 32.426033314837966 68.326145156648138 93.940167007186815 66.994037438669977 5.114104817329979 87.196243481388535 85.188762553548742 49.324832157628386 27.771865056889268 18.341527643565225 96.476530133029016 40.773295828792634 68.693388790257274 67.229525917026862 48.519335093547454 32.065190504879403 92.984915849481382 9.552234408206550 42.593382838028639 30.992598784126933 73.756848040863375 8.692464171022818 41.357202093080389 39.171221599149376 62.321686693591175 30.986702658925815 84.164464004302559 49.256628168187376 39.989094146837012 40.882790279835888 36.410269188575327 96.428928488886825 24.174308048761318 49.720491205180437 33.012143029667229 53.499625018933848 51.187881990416486 0.972275540526402 44.750667246591760 54.286977991242011 99.695711732771230 3.439720568308968 84.958798301208020 91.157930132370424 74.048049155185367 35.940545221683941 15.627573073716338 60.911985340496869 53.648917927034759 75.862647615678455 3.675740043576614 26.695033038795600 13.622789224318844 47.619023330153873 83.594744704083396 14.594588452677538 68.959716618494099 12.080993407502216 23.789978127183943 77.808936894499141 77.475497081348252 34.478821235753564 97.464633078666736 16.302465566580114 71.226723806019919 16.559235128459303 64.924804306861887 40.000739455653225 98.603253996011532 62.733779421829269 13.048667689074867 84.535123798215622 41.837413147648675 61.978301492626464 4.196484181196213 6.789493007438541 65.910827998365335 30.910897299863493 67.143420281501960 62.214194222314347 69.568943654554772 41.575150276255044 9.080615981283213 75.190180158489596 22.180908433383607 54.215579288713286 1.521823125028199 49.209148535437699 98.319145137104087 90.648849549430111 57.741638502148916 34.917539583934733 49.928360673621164 19.882166815791237 96.542106382892584 50.785961399320321 86.666991655537743 92.882161869159646 76.856575646657873 48.063940288915255 16.433120084079444 7.988343962976996 96.797102359455039 92.495418411260076 79.281216465408832 44.302408374117718 66.042167490998196 19.230042826041327 44.518405197742929 10.997531322911492 51.903610137567789 20.451643348416727 43.701870911859274 47.717935431415896 48.293392667867877 87.769404955413336 4.070004431898866 48.188383392504718 53.625519731052506 82.028542969333657 89.593318444059037 12.834118076460577 39.804393122390756 86.139044575970601 26.903254485532045 44.849436376036998 55.932127026658272 76.656510408047097 11.199300542948754 42.614781631374441 57.236193274847516 54.428528747937001 94.955017450731361 46.253859036513632 6.145804176321934
60.257385170290512 21.690008324029144 9.431766613097647 63.192340687528869 41.431421395530386 11.637790595307973 27.871425216015520 73.446631801028190 71.548945313839255 56.745040924449796 63.713890137676742 67.896417832668533 76.358832100875873 65.935593999179915 90.561693404817760 74.200564875922225 13.008703989029602 72.038802049164516 68.067201139432399 0.455095753474744 36.364692310626353 91.191805584777228 57.534867796871801 8.956909768500898 49.310734725844227 40.791774036406970 78.616822705465964 50.219616911045343 25.856667137871558 1.857049695588153 46.042832490461002 18.509005688401636 43.221204307300219 98.858243099295223 81.304403598208452 1.115168672079891 78.530808920178046 95.325447383512653 85.616733285580665 61.156020045805249 23.306708021731549 74.354010808710370 42.629783242745070 90.205307181355565 29.077621963345980 39.317019629634252 12.388332729511520 39.603167735690228 77.572749056965677 28.713917831226809 56.167642510215821 34.163232234497713 27.385066099464485 47.695312485788740 22.564216129079817 97.707027602909690 63.325182911329613 69.706985754704320 84.751841807358801 59.902941542797564 76.981194335869134 1.113091520864373 90.095809248613179 95.610151473708328 80.923410966448898 23.458463881220226 5.640168660965883 14.310555724034945 99.522627161545529 42.812130002938332 14.223777570304307 5.221825523602785 50.276943165064125 64.473443464812021 82.967588138284739 77.028859844895408 75.456941992513222 52.163457158956263 29.972543990864608 42.205126121357225 72.410204070165548 25.183183818888153 39.362715917005687 37.433126487673185 48.924239161263415 20.017864297730593 43.511778792989816 74.197557912318985 64.168222042726683 48.512470185762211 30.903866154454786 35.686462640648962 59.988598940339422 44.209950155559831 62.633848345932044 86.515144417016941 84.346441847821566 76.913475058875392 5.029803954279021 70.266383007175676 51.747858014005999 86.506358976380682 88.962913626138359 0.222363785328850 41.044311519726641 2.784147405529713 73.152627327098017 89.144749126087234 75.391041301827741 43.737930157714203 70.791478261642652 37.679343533934507 28.007828744120268 28.626127374903099 92.313023505244942 44.430592962302754 15.147639696243797 93.297006082772199 55.910137862005335 28.719627591909425 53.937094554177257 66.490261707841867 50.953371786088077 13.728644139386493 9.374156285692138 94.065093304201810 76.635643960598543 64.757696766515977 15.441085711507307 33.497149335096964 78.629695930423352 10.646764718887436 68.730438005060876 68.090095834316486 41.581690609046717 73.953392425221324 76.274680371024701 85.620417748484158 59.425614633761839 46.448994779501952 43.692340807320008 72.915809408117781 35.967412974203093 29.559889761785886 51.424556974977811 95.102365583395169 74.302127548228398 47.721848243268937 19.946062054999679 50.581884573775390 59.568627291091659 56.094473188895719 13.706527720806294 70.215819815092516 91.249450833699456 59.871356064564161 3.057190797592191 23.570252241540814 92.904592211980727 6.285895331557356 80.254342616294906 80.257057975987209 45.263684000163394 92.848635915937010 11.332274266440724 98.185567361766275 3.089170426298804 36.483264442723041 95.354152239430405 35.508375975054371 28.222213031044106 71.279689035312373 57.129678594631685 30.924969402414327 83.859575139980251 54.783877361523118 26.709847581705269 21.151831682459090 59.330152677059431 70.511805808039043 66.480591213419785 69.100349152589118 38.034269061801176 76.601274681554472 55.143072987032326 67.547590206162312 1.374547326966757 18.963741362185637 56.350735993774038 43.200481151262217 33.962447036324328 88.236346791043289 18.143156827228758 56.497890220523914 86.804185667104491 91.788828943288763 73.613313728160861 17.641617506442930 51.052125474373767 85.246172108803535
73.555126447338310 55.767943461019811 39.365308931044197 56.338470695741051 76.674287526448722 52.748268977930380 9.888277023689696 0.961048710808643 20.557481625839692 13.114563988534645 41.592119865489089 99.706390167551987 65.315845902319296 95.218189009750461 9.507756146841452 27.072136218037855 34.435197492934535 68.242495790554074 94.278949691142500 91.756914774644628 48.430841458671345 88.898937183796605 48.881325124857320 65.449841977665599 85.178977245700381 52.952742885157910 3.709669314871666 37.900387499772826 9.879502641802373 59.572600920381490 75.557169033778109 85.656772860761166 94.314002481706837 48.099843507377969 59.048781036134848 22.907688555939455 36.551474667332585 7.380202160164295 80.302261267147131 65.237526867562906 76.360550930500082 53.602136678437432 61.981635312592090 37.319600382267879 24.371175135222611 37.692253709519598 31.299948801578449 52.224400220831846 89.532351871060200 75.533266311687839 95.426500990881024 60.758461421416335 9.281001520784727 70.191466290236036 94.031747364290155 61.789504957054028 95.753017165523246 62.959973584392706 9.790442136291500 9.160528377099686 41.626033479689127 74.486156088450556 51.022680408211741 25.112351608279017 87.557324765920512 23.491133634976190 82.284745218445877 53.946705391370799 66.667596804291435 39.733441370250731 59.718637674489550 73.849319639693050 26.228730717997561 15.440357121694870 12.112737458863720 2.255623341316215 23.656582506921751 23.837021148549397 84.282266735692673 74.386337583453169 80.833460195174283 80.791357349375431 67.539633921392308 77.952815032142624 12.484668523544096 0.336255475559677 65.708505552030488 46.294622487997927 27.270402521004300 85.277017983725102 34.494078195988052 48.404733364199615 82.827086601397014 56.029425281268765 74.692596697927470 36.078066435844093 1.656103334134906 43.237852275222089 23.089213532359476 92.548002243467380 51.025931672340988 31.027017869625862 34.180104311963532 54.494250078661047 92.720973528554822 55.695100601787630 49.410285795761524 93.541799164010115 1.048007037807708 70.066138257879572 82.535931147223224 32.358432659916033 92.564281986490130 32.099943255739547 41.076171298821919 12.710290784195699 82.273306219641285 50.274145717841009 65.940956230509471 28.831143472002406 46.876570308784181 76.580022217491987 11.756719524669435 57.694544937919979 30.806862639322794 77.698407454170422 56.782447054114925 66.419697384296512 97.638541896928103 43.332809931889514 68.360482906201923 73.463223321729913 61.494099254834147 40.405896825592201 70.847603756462590 8.870149433742657 56.662252221013262 15.834917927054271 65.118397534173795 19.281252988253517 17.302330617567097 95.320028376398398 80.146708001782898 30.946478593944448 65.030600770724050 56.672434070291629 41.014953130960009 70.818301309923442 68.650196929395165 54.981550924683496 40.147283627405407 99.763706932687839 41.055924170935434 18.157425382609883 9.891158439535552 59.791805535163043 49.471381446681697 50.146729360737766 60.297679745225494 99.094099047553783 66.391619184394330 46.918808970738802 92.895237342827514 11.780713280368648 29.314119446420527 95.459225942969923 80.207046475319572 84.912816129145199 83.129529288389392 69.126713269227011 84.525444156439761 68.767478116419085 18.402987926401803 28.075674804066487 66.295882116407469 8.310771472625579 69.220603557740930 3.976597021885997 30.002798652366724 39.703663411081948 12.875412463601766 99.460039713668621 92.158110515637148 12.000582682570315 23.619255275385211 68.665985972681682 14.761226197896182 7.225526768386914 37.557807590633793 85.511052673914961 16.701849186115105 16.223026132218322 44.923343125798830 45.768255241327580 75.390575848980873 49.034164614395692 23.803981813833840 55.640036108415977 15.066799405016384 15.575743303344680
69.292732812378262 98.887039682961145 88.440403892919690 27.531772835207235 61.453235906095280 59.165937355740915 76.669902938180570 70.367111423026884 81.438186667044661 84.457469603042838 65.546462649718748 86.535017168734811 97.178579758710228 16.928670257680277 45.560551937362334 87.565096113971947 18.846470649998171 91.000625030668772 16.519297151408530 48.400620669616309 9.183478495949537 15.991007470837214 61.148064636479695 51.751504464730601 24.807739268736029 66.525241221839366 52.074621341561667 20.843537653453058 83.936630988928698 30.196728046444889 81.570470627691222 98.830135501292219 24.483980480138790 48.503703277501245 3.447551250876646 19.836347627177588 59.269635742362645 96.951949798400278 91.658893202569459 10.172297786687057 18.350677950423467 84.477745091484934 5.870479510674798 17.076218654392804 56.191470697017209 12.589128942748108 58.504291226822694 77.638770296248069 69.278902432773265 26.632010024654175 31.719942171792749 98.858328277393952 54.638984671532612 42.312659924486653 31.955943482338167 33.671393415517713 74.229738716114340 5.936822674942476 29.288167721206758 18.971320728834584 95.405444933319870 26.975601085830604 37.596762693958986 31.845644253419159 20.722199130179696 67.763816249238914 0.525503122783744 33.458915724046967 7.367896690546349 43.595536319821036 36.453291340807027 29.865604451541127 93.586745097986480 10.613934386919588 29.390261866652068 32.110253046368584 90.400685760231511 79.037532829417572 46.871793671634329 26.095625451807202 15.006333148067231 76.452263206323977 37.991333565411843 21.089800097484424 24.084808390146396 81.542539516949674 47.529384027246699 66.772320990102358 93.627707325762657 63.090827902568570 28.929548731610367 46.574691479384796 26.349690108153901 69.065623532313154 86.748603787746333 90.657726413391757 40.368355612811754 78.221002324487046 81.308104949699938 91.309725098739364 10.170377124253783 75.310127716250790 39.692036539214783 63.408654679115628 83.061328097027982 70.215086834698113 84.511506917097208 39.335198508393496 82.124190591023478 88.610020240433045 9.536700749017058 75.180096885211185 80.421641726112682 42.807061685518335 91.289281337298760 63.700360601500904 52.848730993961510 52.936727551972950 28.426639610993011 65.121349527000078 2.268816480700109 89.643795967110975 55.858742010165550 93.927888394363833 49.348500901429404 43.813912589100482 51.226017099753697 10.524824103563867 41.195584445712363 0.831311637420573 8.625486381651060 68.624913419279011 28.334682783301101 62.801464196115283 34.014173842243792 87.510983018805717 67.187672880866828 69.634172662361209 25.571876957811956 52.539624583085988 7.021911284057413 49.605620904864580 94.191743502850628 80.270114031712865 56.804241921437750 33.571832411384449 91.638504928568238 67.585923286213330 67.275944506080066 52.296978625021751 52.701069035506478 35.160758271138484 21.868702642942651 78.361344281802275 31.660283067564578 64.542908922816437 94.489376398634008 19.825121744159723 63.912474336892863 44.561889485799789 17.912748813512923 72.130913259680668 99.225294950893215 16.875348913158994 92.311700559352516 24.189640214753549 64.036331549392145 19.818834305147870 97.660563637628272 4.085028573495608 38.978319972555461 75.578374579259219 44.457537694933869 1.439153005790550 26.374618052296327 48.209449315330424 72.306720634044964 10.942585717407926 28.240779574930709 92.767166098541594 77.047853219168488 18.039297979865189 81.021980712567228 34.123357520603591 88.638580347935090 11.776771622696325 92.639469685509653 29.601700765709747 82.306567153626631 31.864524169622300 0.538986481575154 34.232524892865847 16.385260025726854 8.232581034028264 87.554032871697032 3.236164789337825 44.351936443659959 9.077681676903172 38.532117825906951 0.967195660543463
34.132227021263006 33.053777001494133 80.525994343522754 0.934891361737200 34.481447333427319 31.988614140256100 24.797384630204000 28.539755840608947 87.256736084989384 18.852130603688067 87.467295756670438 92.666889245999926 88.268522377025633 67.840165038139816 10.218411727362186 7.282390258836191 12.642854099684408 49.458181389686217 42.599344113210847 43.101422461087260 58.774829298915023 25.100231737046574 94.852481046525909 75.949212898832144 77.782260870375325 86.097373553790888 57.570557767411920 44.278760078903481 78.178223202210532 23.028969901448683 96.548772629175261 2.615418324810104 35.703066326580888 24.672644899402705 67.592199108850153 57.117320987587391 5.822423276019451 62.081787663541476 83.888766163585785 65.208324689176152 76.248872161891470 8.042032424740619 23.290260042892029 96.278229400896876 60.943819844730221 52.339755575468992 47.714744237576348 65.636513927277036 0.505193173831697 40.215692070341213 47.026872707171776 80.325905654534722 46.275077093927500 30.036685416298436 71.295765089517630 55.031799509322731 9.563196005151987 11.726785637889359 38.215722408784544 71.655793323691327 20.950662966510091 51.191935277051812 67.508816237666807 78.786349971289269 65.036522137300580 49.049938870028733 22.355910255220646 18.751956807868588 86.759083130998746 59.481595941568536 88.763294945389362 32.619985597648451 83.680231948724824 12.494936347300678 79.095875857834201 14.057882101864728 48.981292861451365 64.965704195396441 52.135894961218355 79.618552048508533 25.318293728451636 8.067890178845472 53.142825723292965 9.317932418889431 36.749820698202853 46.725124759152095 14.949146210526031 39.392727166262262 74.379590438775637 60.665973686584529 89.773308780492584 44.322967730345738 7.558451964166424 90.058134072809452 14.379436443310622 18.416692219726961 60.561210113726801 31.413469349925126 35.533681720132023 37.518684170635375 17.529437169122609 66.529687492552938 26.189345480067374 71.670638535050017 60.385646898989499 83.021087913732501 91.050285456895807 4.657733784702667 66.480567954345446 68.845555566542004 1.319117903736955 90.502699984837548 27.261907437711486 54.410402259190974 71.268352349522104 32.372989522323117 70.388690066074162 22.459018799194695 38.905139296582966 2.234321925247862 44.309836721347892 62.046216152681644 94.661878186446600 49.319576528093187 36.564926573417644 85.116532658309893 81.284393520861059 60.737682697650008 96.834192444130679 68.910465549130549 78.754874465386649 63.345897301346064 24.324902607548726 21.930950315609820 19.405041930915068 91.851775932801985 79.744545191957812 15.655810632030187 72.353863530174877 99.252607622524906 42.091375050396664 50.748463762314266 29.744685430100116 27.359053670687672 45.400230178797131 6.074708051745004 2.542563295927058 13.783524829223637 76.271639436789926 26.292133400846872 32.134667291341366 50.136410143604451 91.355779931742646 93.643288639979332 95.963581330562079 2.181866273188882 21.332401232542164 24.936653291200837 26.807399650646769 72.815704889913363 99.212824149593970 84.171542942817922 67.503075735633630 33.371262864128745 4.891257832049578 1.547512522625927 12.555914319116035 7.398611598744420 66.997083133045308 95.790061176082688 82.123516489713595 97.073833124182485 64.745028994897240 26.331975388410335 44.768450994677679 2.813970318441195 81.969780233511827 12.881910117133543 97.225230914907186 11.399390225055651 22.074307275419670 33.091841055991999 84.060591229643734 61.605478063913957 23.665280970410819 4.530862149806580 83.498655913505473 18.910892729361596 2.850544114067188 98.543910548651780 43.690281193928406 25.829414710832811 76.450346967317230 62.510669726007485 33.597627178936747 82.310396252987346 65.088971000416535 89.377025852653404 2.283452091973814 37.656523109626839
78.720923894564493 91.598292171013810 52.259919186528670 92.451122549052599 93.091299268637911 66.676091495407476 26.666712040853145 84.876879151684349 7.135097744928487 6.535889352423096 28.255480924697707 88.786676944739114 99.596529135648353 99.620059325641691 74.354984718681280 65.092806063328098 6.919297930228774 39.133893488997941 83.424695044936499 6.722585313414642 36.960958116620624 89.454403051373504 25.575094938959943 65.069625961208260 20.685787701712609 85.320468406337753 76.352435131861085 32.720389557655757 52.483618935521633 87.536252837731837 39.210303625356261 32.974075570129976 82.058904540923962 95.407713343067286 38.982238908412711 36.802992088715278 54.691338160608673 61.817574472123106 48.905860921471202 90.454349919820544 24.703999559353353 45.039890851380640 54.070285471027660 8.166725163608046 50.235290689847808 21.962831652481952 0.474755564438079 6.815685660565418 57.674216183944338 16.611825973344128 78.022907103393806 3.867308776713863 83.823130113127419 97.791601451985755 12.876570163975043 92.861697759551433 81.777280969241446 53.212706663692622 24.997300972895509 8.773065386049971 60.662387467580778 31.816769697401359 69.356123146063155 64.298288042785586 16.571258004955482 91.444528086484098 30.902755611753008 48.072336360024295 25.352989159868212 62.565633478765967 62.869379104447354 2.656869179433607 31.932940231436071 43.237546779055059 36.345835462816659 84.716622885616559 15.258015457535912 30.446555143677813 26.978735451129875 86.464743747521737 57.248132818905162 31.047491254903480 88.505020659147121 76.736669355479407 53.751217349847792 6.679155190595953 58.043654039156266 53.529574940649447 15.562543950573327 91.824060792367575 50.601334914376885 40.578703710581557 65.172218004666121 28.951125876254224 11.640528335195654 69.436539628751419 80.014331181448739 61.481667754151658 70.042237956224881 91.824392622876900 9.780526110451982 61.502495271687216 75.639703463535412 31.579515615904686 85.329671306042300 32.051187461728105 28.413603262786534 28.143154301741646 16.787138994877704 96.345904920374508 51.717039827569032 41.397069204777701 11.574946065743974 73.870380959698949 17.217369550605987 75.138186842942901 93.360580999808846 36.992306919614407 92.491136056029660 85.374358723539601 45.604875419910606 89.247421427801285 11.110321782201494 69.510109826129309 52.208965284784171 50.245610322323884 87.957848997140175 51.388315351743877 17.370691904182479 2.342673741243739 65.859507767390213 91.342453088731261 62.685129983507096 51.078800847120419 17.195009832568253 44.864588588967038 99.384335412370348 79.314691429982133 9.441041440440312 10.198907271492008 83.960902670613407 21.542489235165064 9.932012698821435 49.459472313305611 12.006627261645175 20.555873266197779 95.493885806136703 28.266252418807358 9.100288543166313 93.181068267923166 67.712941819310672 55.043089135753462 72.341610314514995 42.124558948953386 83.539844073984682 12.747268787692324 69.918338719447277 34.322823659562232 19.596462185656925 14.777773308691433 17.708623553358915 23.930606068914972 47.392029640687618 19.193284402275957 99.721361498217689 93.691951187232249 81.238160800020196 57.959606167511410 73.137974350948070 96.347029786970140 76.503250632723734 76.098504417335832 21.122703736846294 31.629068916978163 27.131164837731315 44.122736186924548 45.446990979952737 80.698642504171616 38.164312016896240 88.563613353020074 84.184435095001561 40.351319150170575 5.996585021196599 3.795192534741254 66.614772529053795 4.160769501410311 21.624809330640772 57.232732615444284 74.403282677999528 93.785997734638258 23.902790034297350 8.826050498515825 47.004860474971977 29.441918910884024 52.063212515196909 13.249200532953932 50.469241575465688 4.517570759593037 31.295180957133230 5.510979339314693
5.269961567083692 86.535954576426278 8.415509281771705 11.844659875127295 40.753736649009888 28.595144598784337 36.482355104983952 13.597986518639239 38.691635476948150 81.613584679125424 60.587406836179035 27.633209131796978 63.347676685049528 68.526646855968963 75.428361163288955 2.635198333929134 56.186828202120473 9.007260930567417 38.134805403529725 78.600664664169557 99.346389912212501 10.665301662343275 17.272143995586518 84.777097737054277 62.213983152319365 64.717959213368985 83.110408581408322 85.557453444493518 15.160857989378162 38.833117736165292 62.954230332490305 43.346768681696965 87.385213539255730 85.176905377173370 91.072245611953974 26.840072777724110 88.152597652205372 12.829550140265111 76.646848440517644 86.824209744505325 44.057370870842561 79.073518025008184 81.492325342024714 27.716442562051448 50.223256834351069 70.391166800713250 13.800473432444949 77.970190145370964 68.705996339773634 4.121856544180680 87.234202278679291 9.277004778754961 38.020718371063069 91.171330793359203 67.786965418793926 5.697160119432654 73.042349044572376 32.786979196774269 55.912386970894978 87.067644706998138 58.850096427874455 93.520563760736763 25.442607159587983 80.456707676967625 26.497621269684778 59.039692501294795 80.456027394014541 18.347925310490400 7.407764816661622 42.792006915228363 63.008607731982636 47.295279213441688 29.491769451979355 84.106763630918124 88.592045976258945 99.940229341409136 70.417162827790662 64.940838177773287 32.274727429584971 11.371228671367062 55.510870829130056 6.826125736600764 76.019093420945424 67.621918354540227 67.077757198317471 63.261568098041288 10.162097336760267 19.630642010858889 55.157819283397522 67.750024868031758 42.187902708692363 56.525682484801479 72.864804893933083 20.135438555375096 55.994246749599917 3.912159011535032 82.432375407217307 75.665667858942797 12.338310264287811 46.731023210168168 13.819402044753504 96.789294439120070 78.896675697476596 34.818789611038426 24.120858360004981 78.985422403197830 93.882459101134600 26.262043614701270 60.395874442521915 80.019549611109639 38.482499580653709 9.816646007268382 28.365433509714165 38.908861052540104 85.000881227548390 51.606925652445632 47.524057941595373 43.206119670629171 67.839848964541588 59.904443152429764 11.597476351064618 29.940003530154502 89.532604139694413 47.261955763640572 48.690944116702163 94.136114828749982 66.361318261935509 71.609391071136983 82.615806767766898 71.921450825241607 28.981194369233954 47.102553014572770 36.035930788862395 39.211056829829793 65.017817896695789 24.017377396222816 76.708411835073036 16.613214734952532 4.026803705005378 85.264646372670470 44.202318338391187 12.523144758178539 21.922061827521066 46.577542581382595 48.600003406203008 35.704329332806516 4.052709934888432 6.151307307389409 26.857222400660863 92.570355475477356 31.103784051510164 62.835092169947480 91.724891868883532 44.455041700844021 97.620860229473877 65.095061177501407 16.974843292276820 0.792659622963554 26.366507567278276 30.707927558013903 17.695109969218727 3.144604958197084 39.438820316921984 85.458192546685552 39.849448066343093 29.585949338919594 27.350389068001302 89.833981960189817 55.591976963731582 62.396986574085808 89.282487476065597 35.615246288287807 84.302984231791029 56.621593841083893 59.460176377912575 86.156757198949791 2.869655055849063 82.246301576280317 53.748670785123373 99.968324152180699 9.204822695724479 18.495811461228740 46.659619196396442 37.380396500611809 44.696367044363569 83.092903587271664 97.009934807898730 89.884846020477468 57.822701764075148 96.754487889932790 29.416276892224722 0.348107169983747 81.561650659826896 10.606969949157419 10.198002055749377 10.902263482690310 55.020504895440105 3.230507696212748 51.391707481635407 9.558198848270793
17.638267648400419 74.126016479821828 48.957363774544660 64.534822266951522 77.320096268791190 38.180896509123862 4.467364439609279 51.886388295388663 88.988191180001579 1.110792300121255 29.571211679228348 66.332083834888209 1.355239963257182 44.707997112103548 53.638772747662919 7.941607069316136 89.202975418617257 58.099100627728831 30.437508333057938 4.611304421262574 94.394611880700211 96.853551174865544 50.744899918334028 14.674445485222076 50.117647760794803 43.926950154225096 40.767741798972544 17.183855464298958 99.040050961962962 12.420533389874100 63.824162646167480 56.943306005169028 68.027937756198739 30.736392851647608 68.081949211536042 40.316176149722352 26.692252505103763 70.619862147936558 31.535904021889351 22.527796429140047 19.538904880268106 9.958102867423857 57.102991645680746 69.684033881331885 75.298957604714573 23.685698977001014 30.320087681624475 58.706515582442499 89.593151232241681 50.749763639089537 54.684017124096407 80.296653276826873 26.551296382496979 43.792797932885421 93.522165011912008 47.250820595687962 48.800978127427044 29.504883377050973 60.620910237363582 50.594522159894829 45.389623359844997 82.459282447964043 45.229347676311789 73.761361375445262 21.770326368916628 31.741350791606838 28.851460292990449 90.400817925931776 34.582047107358619 37.390120863697540 50.010289862144184 65.070014508520458 50.929966646181732 39.321806414697413 0.963417237274367 53.897582740049089 65.607088667494381 44.860789250441556 81.687620011503853 34.112299311445661 96.264821843594376 81.802818221488280 97.821598899753610 30.929756906021801 2.353344772717314 72.309924641673234 11.834868869915049 54.304756102758247 17.278003323665537 15.231077821289674 0.429871910440693 72.370317533393688 56.809988612577641 33.684880614526705 13.693322017699483 73.549788733124444 73.877994798087443 3.607015723574392 25.857206308283544 1.557750641791711 46.785248251255894 93.007438885425927 19.494308608891675 72.150635312971488 42.440914450691793 65.794826616698828 82.683808399935202 95.961015768405659 60.155600608279180 91.293901207546085 70.165891034359689 52.381153190911888 83.875013564003837 50.454813564916414 95.652277784838247 36.313969750492305 89.096324745831083 7.390199145785115 96.244183586893001 60.815403657234278 15.911019719932629 61.603125998647414 98.139866406341312 82.693778095201807 28.741552367892766 53.653918948093128 17.110360595578967 51.621375259507431 72.548965727795405 78.955583168406633 57.845953562332099 78.735130825778555 21.530384800898538 1.893936526066808 80.457843624550108 28.787957679172106 26.517418704386454 91.357506489503777 8.527147082806163 19.217206114201545 59.298888152924647 73.062921294728326 70.211432519361750 80.361314434677936 59.419710411969383 73.375232920316975 67.003562901956187 24.603707406139151 12.727535082840724 88.865615464120438 71.999185298666475 38.884046980390650 17.661656723044285 82.503462790940617 17.279981878248339 28.589651489794910 33.473097411478811 91.413335885985504 28.234199875292486 57.162309896966001 9.571524730047864 27.898541559902533 15.466429640811585 90.258137229683030 53.725746447344200 9.170253093059156 80.530665694473996 80.175913575042841 2.990183247450395 99.310516333924355 52.887314593318848 93.026507974925295 38.126775307142182 11.062659666760833 46.902872709158274 65.422416799565198 33.396988830541311 4.874911112058800 80.422868006169651 96.983092810898270 22.581122268459588 65.471774313771633 72.226131516638574 47.027134792363569 19.597432812027527 73.524933424033463 4.041658351428867 5.175874700408611 2.714205145100534 56.903770228707998 57.760750841236522 60.262009689325133 75.683040479968696 64.708256663423114 65.255859836076468 5.775335023906147 73.028996115095296 27.019584340759174 52.631996826093129 34.382367406746937
87.284514640128421 13.908052610966660 27.089258984334663 33.958525115326367 11.456467921036273 64.572657141548859 43.564053895492762 68.964906228935234 25.405420932129687 65.279870022792792 93.423364499559327 1.863741986979572 30.808057599777516 52.431575655229658 51.700297673936760 47.068857764395311 45.379300573188615 29.792659770926832 19.782685861473325 32.860776966775376 9.863202519397539 17.519123497301482 72.787439284547744 8.315108593323250 66.893359277423386 92.596570924844343 37.823300957770513 1.684545224608935 75.600960945368996 21.158953887146069 61.783458465591309 80.288170302931007 57.274307604002729 3.223134737798528 66.780641711371587 86.530153657389931 5.414517009039810 5.325444028409986 37.088824738107498 13.323623048400812 7.437328692399314 16.746694858387933 80.635491129959476 80.763064694994341 84.293251582351189 58.427430551665992 33.265010192134156 40.873263687598104 25.418754313575633 10.929225982501233 68.090167361001164 26.189476788276167 23.044988622774998 3.711535724482140 5.754385308573895 99.873209841446581 30.982064987022461 81.155495603180199 16.203652328387065 19.417601478512502 66.621266166584306 46.017787923157073 44.728939306741886 36.856616790250861 33.084278193895734 68.780293968480493 87.364859658056488 30.892619779838437 36.338502011791427 72.112318489858794 41.207859752549780 0.114988061169474 38.774156938188199 81.371165576405943 2.264445104594515 60.942934929577994 57.077721112133098 8.490182725111550 71.960117686743615 84.391753048747390 3.012947797152554 28.648163821500894 12.004034403710918 42.297895340360505 16.472268818322977 19.022734319960012 3.674167829943542 90.140377422128665 22.690876215455990 72.931942145359230 0.332101982884681 3.009236326567177 92.941665096498255 23.652756298547917 95.911097022595911 81.172125849841777 71.981465320957469 61.473224442116738 91.332198755595812 30.383808752576268 64.993808818329811 52.469466089102404 1.373023977087229 32.301169607117089 99.958961227181618 89.999610840385046 58.493619751560345 49.422396043089144 92.464610748788928 58.873407036615042 71.373471586933562 43.567285228411087 21.618295191455829 10.805225145020202 80.948760226061722 22.726559132687040 3.230426064589809 46.851451298170765 96.970983398171867 88.684010741612497 86.008272077382898 88.457192455755234 63.103669909205870 90.687349610271795 70.968683654915836 9.772665704133853 50.141484842301395 38.592982744586635 64.523115438534390 96.539277996154667 72.251572593726806 5.068492122924717 58.470952317189749 25.739833892903786 63.376057114993280 44.750604126540196 6.071611513716679 55.834975546170952 56.223642044815513 62.513302916115833 58.805164239604693 95.665422843611751 81.410443842388133 41.841796260142459 78.059048284274141 27.938003852630910 27.601008969068410 93.149852595658970 31.261422504867443 74.040043185801451 70.305388557647959 69.332766892109134 67.898447454085769 39.419311128946454 21.277178428950670 24.035661741335090 19.618818884360223 86.168014400720281 41.841039097880774 26.908237284384505 11.785968327136864 90.961150318461975 51.334347605131157 90.300322755919794 62.506125150909163 45.745609711163695 13.384001371809806 83.646615211249909 52.304541919091463 56.649264002254881 72.700715127825916 17.855626064433537 34.972461590225279 7.680535491984941 78.593058937976551 26.230104034502087 77.268714972395827 3.306812276200566 33.786797120016388 70.454348473985092 30.825639512470914 54.058523014555263 65.893342953218209 5.705009619492474 78.248203806015709 40.056454076374223 89.953771718159899 53.742865977926314 75.330790359377417 20.504042041795522 37.250066581190957 87.349814996593707 65.109713560465849 54.458682163590865 84.442134114243387 63.799656767871035 72.741656745730694 71.960465929332031 37.570136580599211 37.500535256075537
94.640481010174199 84.870831746462713 91.247530754869885 37.824701669015290 70.193907160034215 55.146453551533583 31.616500244833002 26.675724173802486 1.499339119831777 56.745918776373159 29.416622938839353 57.008857427390971 84.438963676015732 29.397655192575812 37.313168915438496 37.493543020612805 25.403638758158841 21.218852657312070 20.225158649957564 45.643857904429474 47.700847823283908 49.847102188710203 55.522515901216408 72.978194912250018 96.147359094025106 15.232236985080705 24.130942301851277 68.928690081970885 14.045023271598822 90.838347021473325 97.086089941269123 90.725333977345173 11.510068695193809 82.272164408474083 66.791364934687792 40.320245102582660 6.356483226273957 65.074971217979567 59.420805757412296 13.440954306594243 57.649497215887536 12.661553189266673 30.408848153584380 55.283395750974471 3.830829785378431 96.893543314278958 99.575643091649241 60.730951237506900 17.884427250947297 4.539960696604350 53.547524039560614 5.576687675055036 11.892033093846099 34.295432050165132 74.084698233691597 66.092522177571468 30.066359988599022 95.621314613604525 77.481481551487789 80.450332379255087 26.822533035639474 2.641274455074272 93.562662731448384 29.907205688596751 26.562437047348762 27.898263347405660 37.423493902476892 48.133390710926626 37.974547241892985 18.759416160240661 41.814300521155232 79.943003499919328 1.318300890941160 32.684177972820535 34.583292353983964 96.361679776367097 36.622704003607865 96.162699082750080 17.948390521378755 93.274926601396970 80.295949897637570 9.609277607720834 4.603193949329542 8.564045578284407 61.080374691659102 55.214789891286131 20.701351400409461 59.578556755368872 72.692206764298589 47.200372836409734 90.273961738767611 50.124052240292102 25.304250592608824 60.775188449008745 38.716309301234766 47.998239421721792 83.263883780649238 1.052204887262309 69.564597337203622 98.149505523547191 60.802849488473200 29.833817169409382 29.645112714901146 17.194570168140388 3.437507055640598 61.948741265039033 62.249905239216552 57.344014448116376 23.788226077359141 68.812046260061862 6.793350117990615 13.076479238615402 20.320319470735438 89.796622801198538 47.066457679052853 23.147240497757558 36.883419599229363 17.877954516135620 94.616689040732410 26.198895406742217 28.196754940751479 17.024855337393241 40.479573966715932 21.339431108728213 60.067314022090244 82.076805305843976 17.389981253745113 57.660186782121734 90.134522592753001 34.016703999557841 93.937000949834953 78.101151668972292 36.606482508682362 73.080217213276399 77.338178916861892 11.649113518077803 20.175866414262277 25.811686879471651 95.145644216709670 52.249722036438342 50.446344559194323 45.306441373819439 12.987407366087600 25.229262912401097 31.832514046496428 33.775120475423812 59.174069168198869 93.690421842293702 58.358799018342566 48.160560477815181 14.857895373115049 76.288031788163877 87.710466717325957 75.270385622727886 99.809261757801366 72.147237609208275 44.525937026072484 62.030933224063197 30.094751036818078 55.462121747022053 19.069501521642085 51.449198709859637 48.812991494458998 42.618215186940525 54.933729320425385 55.740858030647289 6.157832631485793 44.563646044504715 65.403057196164085 9.500805025441784 25.883807392139857 75.723676674445400 65.182113056442688 32.736249548223441 39.012475295662796 52.922424315337111 64.024677913165576 55.219486146527444 56.988294594272517 70.688412664072885 45.221488709171695 42.921099201140301 73.299974893557348 36.227098754772378 89.330657092600106 17.733893180262317 8.154633387973719 71.199875163275223 7.676153863314894 17.231840077281202 19.019537592059553 39.746972601950034 67.743995306980509 74.230163295084466 19.010035974487536 49.739929111703951 95.965659062080348 16.873546052337662 87.157982727153964 0.719068413665458
67.655998721956649 76.773602230342618 11.917420570558724 65.010532662485105 56.588379233891217 61.613083968635728 62.459683186326032 40.652338621418835 54.643843044906383 11.414946096347368 4.659962970687459 6.997598100416880 0.531304058970172 43.630431767397447 38.939349726952933 45.209797633786629 76.902330289729505 10.448753393721910 59.562655314370147 84.857942063826485 69.364292606827917 52.184555466991576 55.182233362381673 0.669953166209492 59.777847891597581 61.480303100520160 90.564453085390099 18.257367781409162 84.957453740084546 19.504449002983048 75.474061965666209 54.385077701136574 41.763319771084937 15.792611769461507 49.673779390333991 52.764112992787226 55.629623552404318 64.548742274915185 92.200465888504979 1.424509378953975 62.423062219080052 40.611957581274503 25.106846565079621 83.332357894725746 91.352035759760341 0.049231827581264 6.001232637774134 79.717378663053637 20.196773569875226 70.964966150252792 60.564915424810494 42.449815997911678 92.495787613193031 28.002734324545877 77.764649229767684 14.175333336947315 90.462961713237192 61.940077946603601 28.030893710350291 74.742174375795216 23.268996253135988 39.706044707220521 50.798215885587574 20.829542628814412 44.128756266425505 91.795373272760557 35.117163400225436 76.102911834439865 15.930589082302015 49.836758681983163 26.658427029595899 19.687246837866045 81.682835876783528 90.121263990044795 12.905210428434909 50.047624401217540 31.670169213867318 81.870285097135067 68.582314250723556 68.973458610290848 36.419344383016551 29.601513468599329 83.693822760220684 65.176480608744953 61.647579061169246 69.245097170735733 12.726264507384277 70.944367198343031 34.247913380986525 12.867017009040971 75.349133655380911 99.026743612194579 88.234154221033265 55.487136146151883 56.669300481610371 17.193569139619836 13.859946285210345 89.288777229464827 41.180829944217500 52.009342137137928 31.292146518216025 50.420943904883067 27.148937297123787 52.807113398224161 91.046344811713183 12.742217349818475 87.213008525586801 19.959230519515447 67.139400813930791 85.853737762836715 50.747131521961052 90.476805156687405 86.771312866501887 95.791666203712580 8.017330117836019 52.456146972614995 42.869613958007399 98.567399618753981 19.496931113291950 1.254781924118165 47.258327691410976 47.318203954471649 16.023394539840108 28.732636531459754 17.181406342507621 94.682137452802863 68.250931841513079 11.063216139829567 95.338211997323924 72.138486668289573 36.615661545193788 79.465908718714758 65.508216416547683 79.740137212152717 53.791902888223753 61.627808600719447 13.152094726449459 65.358523789252729 48.604823220190418 3.816752367879528 92.324945080698612 55.050977475843354 70.312163911578850 9.467989376865017 80.873957622930291 38.330372776935221 95.693219869307001 67.537158741672116 80.800120283749237 65.359986843402154 95.327480837547625 90.192800428687150 35.500984436847482 38.607891046370710 44.671601254097958 27.318840576523407 72.967987547030944 22.522763441025305 51.997138223065498 70.800874565718146 48.451988883100952 66.118253415467350 46.819742516948523 50.556186318993767 3.997077203818633 96.155613251629774 58.358140956752955 32.835294814617313 51.715386781705988 94.596558854638502 86.366372923156419 81.796553141367752 13.930368122451853 73.182734840467788 73.790998211003100 27.828714974089998 76.598593037463417 34.313561758781077 85.432808309113540 49.502884360669498 8.457509207792802 63.502544533366553 80.593517181988446 34.585487869124130 36.302997588867839 93.104242457833791 93.376697593208846 37.640807183356614 79.066979630090955 1.928641071277837 84.752984693032232 83.929344400219733 53.177672569881949 80.629681642987109 12.239536442300579 16.311655375088719 24.947688277241575 60.266250115836165 75.071407862271627 64.597274647127719
39.113495092617043 67.398323909792964 91.194706659943265 51.149534323090215 7.266170629316959 84.429607196682994 68.814686206668952 58.227752898922034 61.569944117547571 42.501177523967037 1.816998699476569 82.199100961536004 77.386361367114972 63.039107487750037 15.914016342746107 70.903263695679570 61.043403769549641 91.348056838523746 78.503891228599770 18.962148748226515 69.041919827700340 29.766154245639420 52.835211685101392 77.461151245719591 5.295604169809886 12.905066790856024 2.340906469030046 44.195383987256456 44.470515041646209 52.792831671504899 64.236302874041158 18.608209808538454 92.353000866973673 5.688619496087499 27.158941422416749 64.137550900572379 24.801673545048619 59.385741997850516 77.441155293664494 66.064389803961973 86.126957387593933 22.918971767744665 61.387238013454507 89.929717751401554 31.814013941088682 40.508884626238881 25.882596319601149 0.696923937561122 98.756713967478049 84.341871901653448 4.601128352869976 23.263963885491979 82.396418188214710 72.268381168872921 31.993656459492225 2.642059806146091 77.262185342921555 33.422560318058167 44.094695369320021 7.646570818053244 74.973107293266310 74.625350896918192 0.696849156561707 41.412775806585159 8.793775262731241 53.023344997835409 24.161011804107513 27.763280503288247 87.328355578883517 26.139002821510037 82.153082214330595 21.003897173502196 25.942820508763653 27.132522075340493 55.750939905688156 11.559844578415746 59.940001828002124 94.216979663838913 81.151516846780609 83.187126904774402 99.106182568453846 87.608744745969574 97.378071505562716 15.591062065062932 92.590846646753263 12.588700620376770 75.069152332382089 12.332230556103330 74.319890268689207 3.805085854962476 68.228324470384976 44.085838996761836 96.127177894603491 1.728524409405929 34.027846240672503 29.231389860501800 97.352452900818093 74.418521911281104 65.748914089463639 28.828142257022758 48.119953119544270 11.047947609163678 57.886967953247733 13.959882184589977 65.364801382969375 25.655863619273976 63.479829275275264 60.373928259408181 33.252470997912297 98.757026955489607 13.732484211740925 90.272758662972024 27.236483446039848 74.472082368139553 13.033498049778814 77.724257759502635 69.004319892824981 86.868061282309995 34.117433377020568 58.184548854091332 83.090218666335630 30.250744796780861 65.607502777964157 34.899608328790166 68.516257840165622 79.541904489248637 67.216817920561141 40.303198367213120 77.359563985635873 66.650351069366039 45.892854290719583 19.018789142175251 65.180008254473037 65.803056561353316 77.854335796434498 37.102318294726089 90.469044292208224 9.762886793720982 28.081674350753751 92.195717974336432 33.064653002755250 33.633176018904209 15.472278535955752 92.317955475012354 36.008080586807921 4.749645736692942 27.316262118235301 60.271175932959572 2.241898253762931 60.029272197348661 98.325851969016071 77.666657571814710 54.987494843538421 18.215839330057072 98.955064722751473 11.400331863011681 13.423856090006103 88.419909157970238 72.254008942714549 97.571174370658881 17.382935067275650 52.985670925282676 40.256424851298014 92.414874843966132 24.362938594454718 26.655932418418494 43.769882911189960 50.153175148905191 12.983742962587264 84.122699583471544 38.613540176508366 14.820452067630585 64.289762930307319 89.850627182433158 64.416651296036434 53.964716175895710 20.658209146156370 18.834649495793411 60.472983652402860 39.269068418722384 43.578502553112664 33.400008148104433 1.084949373999733 54.106265646150511 41.891867765013913 49.432218539483628 78.978900233623378 28.215367742381314 20.580688955291183 33.904720974405819 91.007988908492919 98.041890276383000 17.573609823467251 93.315151730887891 49.918007450791833 49.102617793707907 47.746742482148676 44.734328385488908 40.042910944633277 25.118368545974956
90.487002608596441 21.170700381731010 12.815080031045801 84.578050119154852 54.356364250110047 4.118316594284465 75.356109986692687 38.681058494247559 42.089001741519418 81.584195679311904 6.024569398116197 90.730426496139472 77.768985156211386 8.287400105383069 34.436764163739056 1.625740241777263 16.489731726099677 5.510189304765789 21.781898043539229 96.013141125884843 92.031760923746418 75.081392221934109 9.234679599995044 83.473085001385599 88.911336229752180 40.985959601194722 69.206644042108366 15.131579566401054 46.621922026425409 8.370824460665760 83.816323896277339 1.782366174191596 2.094914985266561 2.504075148266149 50.624798086783620 44.306148661792491 74.774520944540114 89.963657155805407 35.535893707621739 80.235840773359058 84.778426764206344 78.815270315180570 43.972540636120939 3.560741019203628 46.362844222166075 28.267903498218782 46.808211829806844 66.928652467615706 99.075783308263127 98.105786983192772 55.686916250336679 24.537526139981956 22.239859271080100 77.008616742835798 59.575516879852188 2.770900398010578 81.403614239631722 62.232144318176751 39.324656120580691 13.552059703384522 34.865877717426763 59.292280778673870 88.201644657701664 7.043085784055148 28.792234310112576 81.766455780538209 19.786275173477495 48.420707599834586 94.388210834585649 25.738453693375252 27.176003005133808 19.342580565899002 46.032939685033512 17.115562948579431 79.674734163487742 35.098639683182910 85.194746637999785 15.295385643699500 9.910313777785129 43.256630739398062 44.534678442385299 68.435274263962270 69.447082442875512 5.600660647833666 38.155983180244505 38.558913812441453 43.088398842639840 97.033425475518115 46.892313232892924 61.411168128373127 38.594721329688440 87.467643596183237 96.258440582352591 92.794538631751195 83.300443733435529 15.843727558533550 18.445256819843291 26.438660798001735 85.717414086232154 40.283402869736896 34.569995810884691 75.481806813368152 58.291717918578556 59.035460706442755 12.781187524927340 58.159350553205556 55.082595611350726 45.426759649665371 85.864943505639772 8.467018677290671 47.738334915973027 18.095825205357976 7.036833846759116 58.534066757991063 75.949810589459972 49.727487468828102 92.670320166083258 54.002907555206050 77.197920639638795 36.835673769807954 1.186286544024973 82.581260949542425 2.571999325586927 65.345049331694895 37.832117276924237 59.755561823860916 48.955383534459365 83.924784396468027 10.653411672653624 56.872717260171690 67.237076132038339 66.581508534815583 85.309759214109945 14.170538477633322 77.685950353082262 83.592084282639917 34.442695436735271 77.617806814225574 30.900878785985107 39.492865409679034 32.489662243009832 24.015812944007365 26.060125259240063 88.988447441005064 74.057517939170580 68.907485938560299 20.761687864854061 43.575345134713686 32.972071954556249 8.466008469576691 9.457844526015402 93.106413563158043 36.589269687886230 21.328954250753895 76.090845941740696 60.878501144848208 86.250378400243207 72.951887139789761 68.842808545415608 23.428182162033238 11.316543005745439 4.256615088171200 0.022371630455809 57.700199825697531 92.064366120651172 27.489927416664294 42.290288709788129 36.612136292829966 3.622697864206192 49.486818747751386 35.652479694330999 52.973098758117217 16.002042172151366 37.776559273745050 69.663288088180622 50.940341997674231 6.688303063111023 59.277255032696040 24.014659686487949 46.290371068783266 48.099294241820921 72.781161868217893 27.440559177181491 12.146272324054531 14.879258270858998 65.426509177555189 58.206416197517427 53.924897455247930 6.846658560255081 59.497753125747352 6.209808482636959 92.240837211561612 24.567303172719569 87.183684101570762 51.486183760585533 40.487960184610813 51.558202534651898 77.939087199713313 27.919382896430346 4.334320501849653
70.333452036712927 59.756000085677542 31.371651625291207 91.715831787565932 70.334202342959912 46.094286186637213 80.059809204592682 44.840227291213985 51.783943865738223 16.794340816759380 68.159386683929796 70.659740971094109 84.241565215980799 20.281638984559258 84.885406054325159 40.723258939240047 67.295680649555408 48.897318743127435 7.107152973187903 94.952230358531793 88.135937187546659 17.540701389119796 23.317168200254791 16.315884729510188 82.389299977890559 2.460664655106648 7.349114903903131 37.393641608759133 1.246039223197326 81.761506999526006 1.173152385686638 37.784278299423754 43.087014245565832 52.887815450415118 18.759509967857714 37.896182466678020 53.752885800746050 61.365888152530815 45.865374925293402 79.748275701708849 89.792888959093858 94.080961503074633 27.009285546902717 91.424024842293676 2.313332855761341 5.298894976889290 3.738197238908680 25.507819622437189 61.987287608359807 66.761326724073584 55.515110805965939 46.216827074010212 63.243712644302931 5.153422377601158 9.932348759031962 60.152204315928095 91.569089399534974 23.039832746501531 58.349094866895321 70.013478147156206 92.046524094088284 12.894593228303863 53.496907512324022 16.907097457546140 10.517497203302018 26.966240553221756 56.590500788741537 38.830243040668535 56.682956868063883 80.422321769105906 6.134747041565203 26.731914117942569 28.717871734012089 27.232422282634573 54.315557101162938 4.430611321863775 40.512164547806826 89.188783262142167 10.258276401542810 75.013402393466038 39.708167305652296 56.819891231685105 38.193380720870508 32.157505232988711 50.731337314131906 57.575915589739068 58.352872801215270 21.585040695795200 77.131823690597173 31.466928234911371 60.104930902652974 67.992351310951165 15.912332711182176 47.207406157272494 17.053983313226297 32.932678388578573 44.759168799171064 42.363559197780077 29.718869527390435 68.214436511988495 68.999980172961145 48.654646661884250 38.309842371040546 70.964206677814673 59.180727086144593 26.417127033104315 95.149281202577029 43.060284720928301 92.726838682109587 3.004709097399283 48.937576833309912 9.282090569123724 8.063542964966064 48.202618234765559 91.545161474281088 55.988631525743251 5.608763620577761 74.054537539418874 79.036705649873738 54.990358977382115 11.028108068593113 83.169984250850248 68.843991067411352 40.492135846257838 11.226108702252402 69.715981068828427 99.403749321044316 64.882516213834890 99.314316214525263 7.907182818938308 74.339258972907274 37.570279574115020 49.168643507403054 28.011948030699330 34.929714716582197 34.400340757268133 58.774595268007786 32.043195566659676 89.524854571684912 33.724575878289244 55.153086353810735 63.913100576281202 14.583950962137370 66.654961564568893 27.333329045618605 42.739617440747182 2.823509229527721 77.478035394719839 53.868877320194542 20.221572716255352 9.664453891684389 51.381551035660266 68.701223644697222 74.350137528540785 89.201511459250199 94.301602573974350 59.391203942634505 11.789459105428101 80.008367186436288 80.068251284090891 30.086324934299334 43.661174746711183 15.567560743710008 83.596393252029372 21.883594993048526 97.533633452475229 0.681202087697219 37.232292784811115 9.532697245636623 47.739296755955763 66.477048067832072 23.180376047645325 78.920307875015467 76.053878128095761 57.814581664998023 83.313011497189464 4.053969130699430 13.756174747597461 18.257357997507029 31.802670832813394 20.725799538767809 37.338931579059839 92.452319328413040 50.747387696411792 63.436453563527309 58.109099664207328 18.195450798492420 48.425093338022464 55.311231654978734 15.488584805298554 27.977236900330126 58.878040287214340 17.477024809446206 39.682529362261619 75.149943908807927 25.058182469918901 97.501807361743403 88.881193703454102 14.626175828056409 93.821740457510742
47.232986298021260 83.831902493384689 31.484100186170849 46.610808568118621 55.855859311885666 41.054615190652612 64.604262981228374 68.069629143184130 76.649007917276961 37.665385982111069 70.401485742267795 8.931379303177300 87.783114786424747 73.620224235121370 77.466263169246147 7.820087828424693 22.439377008461115 81.829466529271727 22.635010441616863 13.191657492879871 91.970292464890392 77.734871297692337 42.003546279628210 55.462262326934784 42.631681246848395 14.503023643683132 75.016764023996089 69.454250264593966 72.011247052590491 81.024573113371844 0.085084290063553 72.258326727228678 30.924807042019054 98.093542924010791 56.903497655034343 5.914627414437613 49.718859969622855 25.626387485067394 37.874456100283219 94.208610613587453 55.531047271341691 72.765625651929412 27.651566074062650 17.946365314690340 6.172877676781285 12.731459420912950 80.783474947537229 1.863200180657332 28.255837301296015 72.535382418444627 93.254128735391646 69.527330118288390 43.920657980037625 64.318161671081370 49.573654707348823 2.102778740150180 87.391902552778504 22.347518962277757 94.213703564686156 94.729231476140470 13.151868137681033 84.153713347554501 5.190709805077698 52.754107899965710 23.159979958134137 54.423284448064322 22.633358750583366 3.720336114855649 77.543014497673852 12.140006784828138 9.688145765163391 98.243926837508326 74.158667102877047 80.502597865295328 13.944425513704118 54.271659902192781 4.132411660278845 95.857056007420312 86.495155277829767 44.403308684263543 40.340777804950910 91.238176774395484 49.995286360365078 98.181039084401291 5.289433126861242 26.597525001617186 91.355229900749364 19.415860623519233 49.929597479772994 39.874833814410273 46.656977060165495 59.832640045990814 80.017810672106677 57.839235599853069 15.874160627941890 47.659965986567357 30.483743421477506 43.354442557595753 81.464137131680587 50.808234625023140 99.353718239011044 84.587761495525584 89.963385607006956 75.741122864957561 70.478497779265652 70.219062743468015 9.775286155970264 79.060820826350380 81.809497381662936 8.790935308715863 82.369034630371928 53.885690448016376 0.884209310728867 2.419388627198593 8.243420779267584 16.250784989883659 61.566471016417026 2.442382728509096 47.854773436798695 68.082505312097211 93.132918082903871 51.878524419310814 67.758965618636026 54.568539599127973 91.293461963550655 70.121062578982205 29.133767006481349 90.641069274785252 66.895702649724925 42.756526091569292 77.210480326421575 85.779514204557103 17.013059417548014 44.398604152067300 66.517812460118535 91.027545963774614 72.798169080943637 83.113029768794448 3.847282605084312 86.780167897322329 32.154732751557994 40.598249169467273 23.333237331328881 15.916858900665465 48.613011109146676 5.623109266867010 55.245293540864402 73.008997081196512 13.200938347295255 98.376083680088541 31.335380253188603 97.778377656932108 63.638648490633074 44.961177844220323 44.932258604429634 11.187398489651379 42.516978227951000 43.610987983247476 17.136130744586385 40.827349444149696 82.210314907804701 34.161376687040189 87.028787304656788 1.505982795345795 99.261621607098590 20.644401512504508 74.443177651616168 39.524613234267512 52.032769929833378 33.641570216815154 39.013479693548781 23.794795264280022 47.033527911000952 62.950453439617334 57.105117261434089 35.706473020487820 21.416642548042187 56.007392588024686 5.608431661844393 81.237189184460490 39.201810961800021 75.694295048755080 89.723146010604736 22.695851201602657 89.003121716265767 0.922345194840402 14.382413648575564 65.013386959380355 76.100766030460164 90.185869938236820 46.155703808165363 26.674194153490149 74.435483718415313 19.388732204823278 90.424887921224268 49.198361700719772 78.861203062665055 85.036660727546803 38.402749987131045 63.097563154529901
6.808863811148791 72.592477109861747 90.989804261143377 56.260034003190917 95.750819006252300 85.815574215521551 35.426177057513151 79.006168541781264 13.317666625459179 67.148482429913557 50.598322843131207 57.650806198068061 30.836049895158226 21.572722717451654 76.881972840908347 3.490292330441347 17.050713763738546 14.797055342425425 72.900343030394154 59.620475511690948 53.641785175353249 48.841554338164428 27.308049268306021 62.837135803969034 31.527858162976376 34.289004515989028 7.533157310251559 79.304293726829712 45.446563193600674 29.850728664581805 43.001737589738433 76.351126951472025 95.667890576229283 49.200802422372632 97.750946323148895 40.842694330220553 59.899941829078330 34.768668708561869 86.883795231948596 96.305024508116261 14.128779886174458 1.916939541462004 37.967110878905800 38.419595023290313 90.874878765361032 79.534753866712762 99.948997607745241 18.564167087750938 73.753275080188260 34.702925722361087 1.545601770940797 45.474038789988455 40.433578905483444 57.589785405157023 27.500825708866351 79.866757893711039 89.251093755175205 68.573379499967999 21.220404197473020 48.868056010061792 95.097960785211598 28.043039985030337 0.534381197484535 33.390994592474520 4.167211619057742 74.450255137303927 33.407754576056824 67.084308567382365 98.453941979149391 81.815047272836878 7.072125329936596 18.645756076955490 62.998144590436745 8.053218755528624 75.723273314746635 8.087112286482123 76.585896663799218 16.201772121822302 77.732187212761076 48.814317684420580 50.158426103662556 32.485111064845974 21.708073410389726 80.021847380562036 57.388634263235517 14.544931260948646 16.240590975456680 93.296084075107103 12.667972928881532 88.382624060441856 54.797904538895011 53.360951682125361 93.546236075111466 27.800963006782265 11.065882306606255 15.933187587908215 25.570522821129327 82.368820010124168 99.872832658231331 92.321129493713755 80.342522809727669 57.513466346720087 33.218668121446917 43.187705782721117 32.174636803240389 28.303424176001624 96.348322639114414 72.030097893366147 26.835656988545686 5.039836549982246 78.676622603037004 99.693439769178411 54.500733087573792 76.214283702431175 77.467549416327358 73.749238938942369 30.370610351566352 56.154299986713561 60.042445292253731 6.532455260349812 99.042396586642440 91.218623718865317 61.016978383149137 45.689389768337399 30.845477825171752 17.556643616795952 69.806190094403036 6.438078408550297 91.217384819051347 75.742889170281387 66.020656865634024 52.101278000138095 77.344718538621350 74.692562809588296 30.508027969687213 85.920763266831827 64.669270039776379 75.583824839041299 72.854360834477419 45.060264774721681 70.496634730251458 86.182479931173290 33.598652714555058 9.251413237320016 12.556784992873492 86.440410275646812 48.924667329630687 52.652623491523130 51.582077376716981 71.374952576856685 5.108656525722477 11.366748923658532 33.937326405044587 10.260474054916212 58.715298808139657 37.784235169194048 94.031512683770856 4.925196651577668 61.022234415954443 44.998527419522951 83.464845179713819 21.336996384323768 4.866602007133736 93.454478303207097 46.237997263334819 31.197349073521796 79.813910178990312 72.062483491359600 75.530746634947448 28.147321925342727 46.422076863984984 9.608314704576914 47.416995542704719 34.435199571383336 3.510378538431547 2.254245983809788 79.413318758420004 22.372446116784030 21.108238247960564 35.047246751731585 49.640143055628769 2.027833153857950 65.332590933089151 92.911665823786478 18.975583562716825 70.467850406879435 63.412088147321633 92.477903962156972 54.691163664356203 16.386817758389771 99.081526640675264 7.089982471619837 41.141065559103176 41.578131684503575 0.361787250413059 14.712561401110747 46.010711886805424 50.834280320203661 42.743298323119681 55.874326744948235
31.565388301282471 3.690853077708633 48.755194053231456 37.341311373433761 89.671631991777971 23.675572109025357 45.238476108940908 86.070246916469642 65.465027543065162 66.616362318144397 14.963764137533165 35.459477679870432 15.566114329004833 89.737554110372230 2.682308928940358 83.059667572918755 46.831774615997787 66.209492445056128 40.363150034743036 76.101074539257723 27.890476573154842 4.265831202256165 24.597971308028367 68.866351286489305 12.897842753032506 4.875356073981296 93.943332237780865 63.907474161907807 14.430774734068297 30.912949451486337 25.514580454041781 94.655763367801299 17.107690757522743 6.958826198489310 5.982052205272259 85.561115225098405 90.208144224219737 40.449427830182408 55.506696682416468 54.208730025531359 56.400861582268888 62.132246412266525 51.328914775912239 37.346989793728326 53.277251110051097 78.538323054162532 80.660963460247899 83.272341263873045 71.608825303802362 60.199705540873836 73.495054249641413 78.003839496324218 22.062181702524807 18.486533120989623 2.559553687233129 87.484457392802483 14.002637858727374 75.368769999451374 21.013633584535640 74.017667342814661 64.272244492642898 68.368255855077251 50.664359761475097 83.669140353802590 70.675111214877816 30.723768139108653 81.383911884313207 48.418672310426501 1.907312373057968 82.909592019361241 3.281521716670033 48.636052499624924 88.370172855861213 99.145969639560079 73.465575089451818 66.009885145839149 37.105847379934445 82.946888665179841 0.985780847104900 31.422617989539635 52.977831833464116 16.551010102959285 93.895250236695404 55.309132832137209 55.604607202616705 59.778231899594324 90.728121729780369 10.356509580750695 96.699695894636676 53.148287412846351 74.551953876563886 39.011649692417436 13.627822690501134 76.817151304408242 33.404032229111955 22.806600861678049 9.669774734052694 36.089359254105325 33.364950209000568 78.004696849973982 44.047031852389807 13.605248549323790 73.607142992029836 20.506883926351783 49.588390523777178 49.395964756384345 63.187222335207203 50.300248140741047 0.500139102818054 69.920178979700580 34.066439909305842 54.085427962264966 46.268454178448138 31.893820004237895 87.474510957743817 21.974195304375467 29.801379324971077 50.840930934254615 51.098411692693702 15.841369266460914 24.674563387792869 86.959050582040319 99.888792147922871 31.557639316312102 27.444108972011495 3.514710390717457 0.076147989628494 93.569007176477626 16.422281054061205 3.826342723291398 58.607836529672340 93.091692339035674 81.757875601679359 83.728754033713713 65.521485473298767 54.648229209532374 88.987846836800230 37.483596785199403 97.101201932055801 31.438939110841211 57.140856135787075 51.651697488598444 36.339473658584524 98.224761211589765 95.340007495809658 29.945212367473996 49.697061270600010 4.304261015747568 43.540425545715635 8.972906052145891 75.060359339964634 29.066091077427771 68.439196762547795 86.501837359597715 37.281049948628066 87.649814402401702 38.201550453001246 64.389037087017797 81.448191160916906 30.115795330990981 82.717035257372430 97.426337438315656 12.237340019904885 81.146161774916550 62.571745893732256 32.872161237654915 22.340533043704824 83.878669349651105 54.713035545540066 65.907012555745908 37.345225527389204 91.157114512814758 67.381764887890299 48.901605768322284 1.133526850431354 84.389663963063043 64.120234355188572 43.933251238329198 5.667611186093224 82.479015412950105 70.843810604958151 36.123724504169985 36.381756776406270 4.563199043382527 2.075412140742250 73.744599754295947 48.357961491142689 43.572622258799832 92.377288081526714 83.847174439587150 50.055138631951642 94.671882286615073 28.722327310022187 33.933571042877766 19.995832359911493 94.669744540145842 10.940970576513676 57.760731553608494 53.704587535210344 77.237523835130176
5.560175019714175 42.778565896232365 4.480082983454814 86.551948769321257 29.213389190531824 21.809805148965310 63.827897531538582 56.298404036638949 27.617220433668866 71.805558692201714 28.110890940020905 53.383032348360757 55.670854627992881 92.491731037902312 49.884361056816715 79.081798977771683 81.826977880619339 62.885438460065444 30.448010917319557 26.070912585614060 69.907083306573739 86.293371956279600 51.151170172479667 53.069790500169624 46.539648283445132 35.598307049743980 17.165014065029837 64.762404566228710 31.966383877277316 85.549556918961329 70.050770807821323 58.171479108037438 49.091013506239470 15.023386831711260 44.678543867302544 31.097291491997847 71.050282871946578 98.075115958598204 93.573637926143277 74.363136342960004 81.155493635430730 61.909493476838037 94.806994169820086 78.284719691332043 91.492561051633416 98.770922647416384 61.590796196511420 25.967795599517917 35.441393212595720 95.217308011075588 53.726943160682481 87.828501887405579 55.054040637763549 18.795627523104162 82.977926787706409 60.016803309525521 21.295039754535637 13.455833877003798 16.617131837010536 2.935944229053633 52.488821265785901 27.730936912236672 42.211926107001183 68.485145914032103 97.083585268416215 59.606162323264876 42.996689917435283 13.640101255446190 30.702496833632466 55.661585957295287 88.383599934846501 41.183185099033601 73.827924851747596 71.430846041044248 27.826932886271869 81.452865785190767 81.277173747776331 39.852425788584675 77.880518978458795 1.818805748515939 42.003136513182667 97.481034075528029 17.338966278067293 30.645869892253728 29.027810461211811 66.206584891026537 22.442625900114276 59.020459864832596 90.185387000578658 93.766593011699896 34.207665430671867 5.301492017729482 84.685605693874706 14.192950146426064 24.726743660559279 78.586950526220178 45.350344118458295 95.529729428399264 8.777736935237012 34.543516365301230 52.831901944089566 99.161785830305888 18.828325206419716 92.307486463982400 31.901598530408894 37.922872825861887 69.400354629631025 51.544214304005884 1.383787401580605 97.844008359614136 12.025455349421099 34.718478063415745 42.871056050433111 49.453226598427911 97.611126436788126 13.680220726054060 98.159312852806920 49.287717850249102 64.751587161634490 67.675656508144684 69.577065589672003 41.779969278594933 80.621737448710704 32.775328443651297 18.842728039189936 64.110939930264692 38.750800195001112 59.373693815618608 3.364098016640305 28.422978497059461 4.062157718889480 21.153701975750707 78.158703627214834 56.103043502338821 14.083656800461464 65.352105556140899 23.650353722901286 69.850918390798810 11.092144743348776 42.041234739456144 7.278836754244900 18.308840070443321 77.220159720876239 89.112746806914188 33.323967966334898 59.722721269887792 94.659642362059586 15.296108355552562 37.784438944740764 22.495608092470686 97.532357232842884 93.825982422568202 95.486444656376719 91.995132702718777 13.768776443571918 66.447095936466766 14.906680894308998 71.871097468179883 24.609870562637649 99.081941535805896 19.576564971779231 92.440007170418681 62.689671504636976 42.458464320626888 39.841296970772952 35.304139665292325 79.490900351674810 69.381464997345262 22.483095265487663 3.575695312405791 5.667111477739450 73.514947802157465 95.429876979919669 88.967116170228906 79.223927697905964 68.567339563651572 32.724496629363585 37.276140319274617 97.484000441400340 85.699352419029708 15.511720616244206 50.275350594605747 78.627891160222703 8.899832682626297 95.874819142760330 87.802122017892600 78.298012849993142 76.639126670144819 80.065397278403040 40.927138829952781 81.208043459792293 44.735285712966864 40.867287039149161 52.230860163095130 43.013100666489215 52.771923774320854 25.869710792351754 86.709942283677847 20.672043791584315 45.014735235683226
24.539472304442299 41.632823234398664 67.144005476969483 94.024665634408478 53.378596242237364 85.340279871499490 48.252093826826567 65.391146696161655 72.103093757485397 77.656045452754313 41.007263553184700 25.176567330771061 12.248215958566034 81.891654068051167 91.264722338390840 57.208526104017452 20.646320433496811 9.373703204459904 59.901537924654811 36.197232471987881 13.459902834610782 87.433831891516803 24.597203312725370 5.132778926984383 56.097858793293476 65.676278923941396 37.307340838526414 52.467358084253831 48.059654175073454 44.982408851912872 78.259170678404189 72.732625007185831 6.942173673491459 81.697890329627654 44.165833219691997 78.920609881968446 68.441480288656194 45.407575888064933 20.406919580408623 17.378751270934789 45.612898350856057 60.450560261667839 43.451007243689958 90.884868628736186 19.449642377541963 75.104820033591409 47.932626755360317 72.465215548823636 59.427451808529582 41.133700225417705 86.781616015426380 14.155757210452524 54.315506385424804 26.937751011567357 76.191684451219572 40.000589270417088 15.533001114783785 57.786925687572158 74.808883070612580 14.878994568900994 79.794661578478980 96.390431826335373 9.913218087623477 67.988260263067360 51.138779481689454 79.244962154665785 81.730733229650028 47.646105909712645 5.109448165127494 79.280912628880216 44.495927146859337 85.063862432986184 91.091125766885611 53.481413194731608 58.221534445215809 78.281072684039813 64.325032473184876 68.617033622148355 57.455555177350604 57.409826842036168 91.502520632279953 75.572018691881169 39.762433793730153 58.640825722703504 26.353054137364083 22.717959326647986 60.966331147339524 47.037438652318087 67.961768371712040 65.850319356870386 4.357911934675085 68.003104972210394 17.619345692757026 82.044407348811177 1.847094759232137 72.034588494429855 51.761686296727028 88.435474253866730 1.884834191895424 53.658742105327143 14.955392887404040 34.116424762525419 92.335915864669587 74.193118458366271 8.255985568631996 56.756911773695030 84.507796219310009 95.978564574910322 18.241254871511170 73.141389011237351 97.764696435257250 72.876416333109063 32.110979878219851 8.174743868688960 5.292392802979606 93.003747094544735 18.598611040732926 51.414789773129414 60.742393021035291 56.915940700642494 58.043325085896193 18.803154754256614 71.586023014948225 21.020582699101166 64.663830614779869 31.678778194490697 40.344857062491634 49.711191880987130 38.786930287654144 29.277651515449321 29.038483780626301 99.005752391756886 35.847217679069146 32.346162658319813 23.083699797324829 32.882834139191296 61.474089508354915 86.540160644299320 29.281794386571868 14.815706734730371 15.599747772963223 86.773491095952124 4.440500270266401 55.021905130387573 28.456416857405319 8.512700745301272 41.071207493867689 19.915012140454092 12.832776371104748 71.801103427408748 2.399694433259381 84.453843325865677 24.039419926261594 46.405332370270990 3.341453623807555 43.596270267720314 77.256542789302188 81.573341500248361 96.743343670366883 0.222421282306873 51.482135209869952 3.237372248412629 93.261821926911679 83.852231723690679 72.044813033042416 97.185440198207928 24.239596421527555 29.835645333783944 66.936862016378981 65.218753062344675 49.901294482788003 48.853483903096873 59.504976884886553 88.365381722533712 15.996875168035384 40.164863725718966 27.499722771241885 31.814606799087919 67.276421739934165 74.209847609411440 17.236685373502848 61.231289993203916 22.618031097599300 44.697600999941479 69.740519042783518 21.880521605036620 38.204102210294010 39.222725575643679 32.857971429054444 63.568457397514912 31.111472453170464 76.023045903273598 79.108714681009360 79.206754294304488 32.790538229618193 58.612673404407921 73.550639482564279 13.032152780925443 96.751138804031527 22.391606429996024
28.026603040250432 3.773986643794813 98.298634107767469 66.133397910598006 87.525949065187461 98.825609036003968 71.446778541572570 64.816790305975033 70.466395506700437 10.397491822775395 53.482742646157533 18.174956943935459 30.419949736029185 31.470635374048761 80.477514844615314 46.808790691815616 7.149738306919950 94.379981251493021 37.356799697583313 99.909991103394844 19.811816263952398 22.266841701626472 9.218705566152796 83.587089542380411 49.655028177881199 12.526633085799366 33.375932338452628 44.627732620673569 72.728021413996998 79.674911404809023 22.088783961760370 62.342354404174962 6.735306624097248 97.055393213935105 74.751452561761312 25.567302167827542 53.777587684043695 57.767649411819491 38.373723257776739 68.877688377864402 8.671456032222713 54.236179714459368 35.987740288050773 89.436697978074960 42.883399164674948 15.888246914493143 70.430839666194657 94.986427666359390 59.054877912116680 64.498542294986876 70.185021510450696 67.441313675822940 88.322928693179676 74.366909946046505 18.356032052938943 81.641545470283532 91.052579144584612 25.700890196948023 58.270058225296907 3.519053360922142 17.632101536742606 38.995274760959077 48.105703031364889 29.819531735784032 6.007996068360388 91.181791600197343 5.692637830794856 37.605615954218493 48.696457446561737 12.902275248764672 87.162854570799894 53.928918060777079 27.102454154566601 18.071544955450591 39.089613469751342 54.325700136418533 9.202039642481575 81.155333903338970 2.320037186445156 96.456622612608257 6.583086867089172 83.098931175976702 43.660485076426390 85.275056871698979 82.125270437438630 61.101754080947977 21.281462213168645 47.649315744287676 10.237212893772430 75.045631695365429 59.450891277938155 27.741389477893307 53.846111426992550 83.975141772927870 1.839117932854373 28.820216107545960 96.023266550100800 71.512873952816733 15.398438094060808 70.024602795769113 29.555444713895717 75.250275818305610 7.705173945111776 55.934026384330856 51.567338372849079 71.743475828500806 64.793890460586709 31.810756581985643 79.983411690493995 3.928183279817055 83.395795918917031 23.027725412759615 66.908807050426717 20.391521717720941 20.853068375186311 37.410826477856588 47.207934157745449 48.992905790599963 49.082644571981135 64.318688912908300 69.156997598709566 55.718909828379147 99.080348642721020 45.147794514841067 14.636558864023231 84.594765880530446 13.269746257500181 19.174456505916424 23.664164279893342 58.165841644730932 73.343698832012620 27.413317117557114 95.941227701412529 98.668953901466580 88.264970590605401 51.855456938134040 26.668022390737455 79.107422517636564 73.834716540733041 21.023452189810897 54.236767315992964 85.697046280895123 33.878306500577104 74.719711335173159 13.454918929506920 42.032700608233441 97.480905661092237 30.583632166242879 10.935696618046576 47.502653331636346 98.576576147319599 8.233009425238691 52.628511497482080 3.944229804777577 97.655342360988911 97.742054664828530 83.310007392289108 11.378085108937642 62.604387395903963 38.984734766697017 24.655442868147691 70.095444614795923 3.702076835050672 47.798369648734031 34.675289098336101 57.832666980426517 46.873404513537572 87.869391510468475 95.679214119133988 2.321526961701059 76.029968871461151 49.282644223433458 55.841984700317447 60.375840760447176 15.073762530117962 80.454516964645705 79.385257487902265 42.520525940052565 0.338750468042792 48.428072830491942 51.316733972948029 83.534396555304227 72.749118990836109 13.442805304409845 4.929159480663159 2.069772952909299 61.788592901057356 40.466302128473131 84.536086635753861 96.788903418313566 62.853255672967890 48.929019391853544 46.451781692870675 97.315480560753088 95.268334198146917 10.170074926106576 58.406581494757440 85.545038509275287 39.476392500595345 29.654938285366327
42.136092312550844 5.353781939368096 69.671323935042935 38.112075803191402 71.126115616835492 53.743113528308726 19.293593829447886 30.231710494676513 7.637646831260991 97.703465205900102 64.047301546690164 63.754556390563607 1.207471488498635 5.017336981125597 62.532385254282943 14.402941985121975 46.381683725408351 70.962227993111242 91.433423489375116 90.330705645150417 43.832131022958777 9.826996372894314 76.769481004343817 74.092903683810732 12.755230760953539 34.800199190342781 15.809931038056412 68.267395936849240 2.658473865035582 16.395985621391429 82.406746465721241 33.877779749805427 91.864501743880936 39.990295904767592 64.704981854139419 63.887086935072055 77.976490258071578 55.410344678659165 89.345619253759196 10.465714381838199 80.509296836263090 76.797040123159206 14.011306957194680 28.372818456022543 73.257149788826098 30.335099331411620 34.776428860180161 61.562642209750571 39.786518329249176 26.575631203165372 29.726758206765989 73.044342746222028 4.942412076298597 29.371705168421038 78.388612408730765 93.208878268043719 87.459190626954737 40.866380431116497 33.124487116674416 20.524542694990178 51.312300587735336 26.463138107388261 34.100678595138348 51.929384233686150 21.298949129823420 79.615431415885524 3.468964457005319 23.136222644233996 1.996192106198003 33.813788069354963 1.302072531295839 38.069486733258842 0.165927871514060 40.668455880448285 99.614745827790728 18.439129471731896 4.272890797929241 39.226305906857853 0.862950320952671 12.134259116694368 45.465387018080825 40.224254315476990 39.710160767502678 8.953649730937707 44.795097534068383 84.382299420592105 48.631588062302200 49.304509059852187 14.539685133785852 52.407687630862611 62.984407577737564 28.383176052279858 80.524752143778926 49.078957714579175 64.696718592629651 67.750770568367429 54.414960566707627 19.761736639433614 31.682266931035517 29.383049414468530 48.568592473218530 60.358075318839013 82.228975611264715 27.922738483048903 15.045196744933275 83.018920582360238 69.241832178532619 21.277505292319610 41.104653726361938 86.550243863672534 94.119535491239546 78.750551681377459 82.394425412707761 19.186903357402475 69.150186618737948 41.147842220244144 45.564656728646078 90.613715250724837 25.206334048039047 9.783274566790013 74.508924528341510 50.617222199386106 20.154349878266942 99.867084178441473 37.299596743217279 50.519910612027715 62.353759651640971 95.694794834321584 99.957847030569440 10.397665280642265 34.611622704999753 78.081968879508608 27.910069985714479 4.414579246582429 1.820745371853594 10.098841248125101 97.195826122593090 19.447550526948664 89.202956921314055 11.564748190305242 74.698836264248271 9.824189327978850 47.012295387151880 80.293283920936460 40.482826372960524 43.268283925516826 79.779120063255860 48.112071998233361 32.429789959565937 20.476534572934966 84.971232174645891 38.894694888416979 40.859462341406228 95.992077857477170 27.316265302925778 12.949558272063067 87.099696078651405 83.507393558389836 97.337291748164290 57.081697821879104 67.441524201421515 8.034386282209137 44.408812551434920 26.467468311441856 41.593978544560848 85.160886719080537 42.817818584045774 47.246750727345841 59.008956899317766 0.753286166543066 2.102949477621030 0.001932755030398 79.656275687296585 36.550989903656863 73.716471732304683 85.126558384207243 66.621137303683369 74.914298031328102 5.214556468204457 91.396500675564553 82.023404716112339 47.812750348373932 18.513258274697307 79.320878197299692 50.364493232661800 86.791513662180023 16.999262666939487 7.166580765148067 67.195485078042111 51.429514609594420 16.757617462774157 72.294628599451201 83.839332426503205 69.185072283756597 68.494709511819181 94.894301899562350 46.971859482407865 28.752020996891080 6.459472015841794 64.747332210144492
31.974111131999472 99.098215792959195 48.332156611203722 30.721581552016286 24.489604704915312 39.429069306058473 31.905990725714627 75.732869986200740 59.556935212753757 70.850781493480397 84.791987917534058 96.453962675801961 9.826892752300454 70.984481210317725 7.924696624375560 43.251978972519908 18.913955096328728 34.166581392589045 16.707826340836373 69.598369546623800 76.893190073314514 7.125641782884440 5.445058888828591 61.189288034721102 78.782416712894559 44.820717731872065 43.583506215559453 13.938984265014165 72.053876363329579 93.591382459149699 43.057310904740454 71.450247805596391 91.198653443990210 79.150686162818729 42.649572506499233 66.795542958058732 67.702288400363116 68.110843764069557 48.601537413945948 71.112864060113139 54.091657560905425 16.164136902499049 93.879598809864049 66.876677933101476 88.672930261334685 12.596760011243180 31.298404045330020 18.040143849697444 82.249808598156591 39.563674813326614 41.367661034833858 29.069659980280683 98.341713144246185 85.819192132428739 19.729706105242105 12.431303572465680 33.020291648663033 55.059420358127412 98.899997815052259 84.848328702568125 47.377400722056286 84.594578568844241 10.405220522368230 97.096295918404124 61.987821775215266 93.152016228570062 84.521453940224418 51.265155993465370 43.882946829688485 2.559988577825190 76.564398300694876 60.419167553556854 90.288712712093556 2.876048072838067 98.116962759084174 57.112146202096639 23.717005134971203 81.233586085776480 71.378916866899203 26.724529271754559 70.371230885048959 22.603319746525997 55.437487581199562 2.577406503635993 47.370722439438161 16.833908184867774 71.925562117736078 36.199022084703017 84.358929623535062 76.277206476659799 87.348512423989092 88.979238106973852 86.505483627087088 51.574905104858502 3.543590914713690 6.246558204137054 65.328473014098478 39.097276652695378 92.342874555247107 95.387373921364386 88.905319865958219 61.572324679395685 66.983643474812709 38.461836402676710 2.891474723715681 70.189408527646179 16.152950762480501 0.489872141716274 28.982969288932548 58.451068162337741 92.192660758300036 98.205191072853225 44.141775367373562 33.993733157591564 49.185642338495391 52.123710760510235 2.009786692817517 73.782524065826422 59.050227120428630 51.489328368300590 90.671249245010699 40.264139285513579 60.204870109235742 97.985029184265699 10.406826347264154 21.592033139996424 81.884401061293502 18.949556624774132 68.272519134736172 19.688750862870595 88.623764746023255 35.158535164438895 58.924747204487836 31.534520508956419 89.306760607483071 33.649071011869417 30.694776164914384 28.867031525669397 47.656986221143264 42.347824711832459 93.774746320559302 41.597658121887839 97.984759931830268 5.220145703846302 47.058520766102575 66.478157169937163 53.367044379507000 60.472810824551445 11.104464977733731 88.380725541100674 0.147886120250540 4.897196805749315 96.708192025562468 54.543089701081627 51.534365363534853 52.619779458172708 9.841756828768711 51.445590299946630 15.533006164005114 2.575777478895802 94.027972681029297 2.555380422642728 25.918999147027066 50.467446720608720 44.292926245037066 73.399901402083657 15.757557787177934 35.881476392878838 61.968113085785369 92.645768018576661 91.827648947130214 39.935841264963898 92.870850551422137 13.589985750182997 72.461136899312734 96.516924360122545 99.222896311424506 71.181536904020007 92.268989866301411 58.415918776121067 30.052632252298316 53.013955030302093 22.508841389431932 35.592020329216858 65.544195178616334 67.898167811661963 20.710611092361720 79.810282574888646 61.304183410871417 84.965650591135216 37.008213501343810 7.853611670451432 42.137213719322986 85.521893179857898 28.289937207996630 44.712289909167978 27.329202171715060 61.978428249390049 27.477389665438089 53.428820278265917
57.297868601320005 92.831071248000853 26.330531321938764 84.100068987979711 13.311517197477496 44.569468218601614 37.541792817934358 77.494929848760762 47.930865205701231 27.357118404559934 89.607053182882282 98.029644130476740 47.595368982231093 90.122677394644413 16.513274430666090 44.217903148770468 56.264773480894583 41.023949202601450 53.261981850592377 75.872999611553610 23.475873561432802 96.466616137211489 48.448793068561358 33.405066419265793 61.070654352276556 86.340400198076765 46.658532961558585 44.583618140927939 93.019964753748738 16.179949411947437 35.094291279369514 56.780404810457810 37.313054051094177 50.359526967696652 61.974476396451060 44.098396255644658 84.414544845437916 49.156349564348723 48.301504943622419 11.632675602325692 14.758219619278300 88.736999803068159 12.120837370656446 2.716563549976803 32.688604645869404 58.278931317645274 91.978472018133289 98.186540590457696 15.483096455089063 40.048880616899261 62.616017265918522 35.238212796530441 14.389557827258848 38.709117521887229 32.871241595246957 92.514240448359800 80.378824477526166 24.290191926375083 12.814572136717073 81.033478177186907 36.970486451905906 18.146334181603439 81.065840754043165 83.408289608189207 94.255978636492827 96.927741518972340 22.808760109427617 32.890256977776986 14.276851475994711 66.697119344708000 85.619432689522753 2.159902055403684 42.807514232073352 7.184477126576983 55.412522765188399 19.959364944124992 80.964748758595718 38.248860772788454 56.424514979956932 27.110291475236469 18.498768898270733 68.633783340783467 82.145358409346855 53.228003410908933 13.512690252280812 1.426082679341467 94.148299162491057 82.850502054247301 75.697327728789915 76.024108963956209 84.740622690122805 80.189420431246560 73.019395325749187 84.099524000111785 69.672039197017398 90.030479515456292 24.085937107221000 21.613632679072680 90.359849278922127 76.874076947664378 0.976018606450890 57.555005883603570 34.553702499677350 69.403948751955781 76.470674293237877 93.903942333673101 25.793135188744067 36.861683935905830 63.740222450078413 87.496321358978264 16.639236147330394 74.414859046965177 41.539710550022704 3.814573163702417 92.935483555671610 10.264078468752114 55.367898828494290 68.154739288674051 62.663071381826938 65.832227723486710 3.861902844804010 81.176464372224117 66.553233188713747 12.168179472402230 4.255013981329481 50.044957585101201 86.643077935515279 18.415159275655590 81.744725038984015 85.611986119351272 20.402158975860917 31.755907674656424 72.928709291383598 29.422189789594523 53.879115054382297 78.962983975603080 63.955847867350016 99.102729428310582 7.698508647259894 24.269625219308832 40.163959924472557 51.319674303795829 95.294489546889181 83.194259964679034 22.712005744742125 29.937141328582971 28.988569859627013 5.871540372238115 4.320998927779129 19.429698332913890 3.673564562621723 64.082230884188405 50.789021943866118 78.493462718045791 34.953617607111475 27.301998853239873 52.663300260278689 42.646810720391180 96.675441406701907 34.375933106645164 10.165962220098478 97.070330667694009 63.853171013565927 46.403132226660126 78.630772440348878 79.834882765960174 27.553339925245556 22.200382280519005 41.213248789230271 33.196560372212801 68.698406117037365 3.211101128063176 4.518893529060874 9.670025810878791 97.872576362628422 3.483254274982417 22.444015041926278 63.862003180146878 75.348842738433490 13.476255347401766 80.639561504599428 4.896033876559480 50.248619557064920 0.568723313449571 53.001924479848817 74.596198627463778 85.058556869508948 43.025433807253044 23.627739228029753 21.681148099656390 85.385703636992233 38.622341078418387 71.372321426815176 12.085459604362125 57.897634780904106 18.825909996971536 71.319887556760079 87.638640789229484 8.298427114458629 22.978222854739027
58.871396150126863 68.325272825737926 6.229019776327538 27.488940914621352 32.372174191704225 55.577559680639574 20.211708630095661 56.378412616375314 50.385910371532347 93.642300176400781 20.938775119499965 91.923360063557553 68.034891456402846 33.431364644197778 35.159401941753508 29.902027672598173 46.597817581815391 17.789728049521592 56.674606027764263 31.226900826222568 41.179116103846980 86.227617970020447 16.864459003455423 26.077922909197639 82.108391767434384 4.474503723865619 4.781571285268404 60.470493763558231 47.030152026076486 25.224883986665724 22.003202798451881 32.495166596056734 47.061442464809609 75.060023860120808 61.692233242062244 32.874296521365622 52.210127782444992 0.708110128295525 66.622460311893192 54.152773162165516 62.150835249123126 3.076695209204006 45.570276706082801 58.054024183345923 30.721521884972280 93.696856965214195 97.642691907910546 41.029563053119411 89.302028280296597 36.063727337754905 30.866060857682719 50.405193527814106 81.851978952162739 3.859645278570445 92.315107103284546 75.117111808310156 10.496791295392971 84.675343784521814 46.833655780234629 93.665930712304103 3.806461962364349 84.252150469548681 45.434080684754306 67.324859553237033 92.080341022725520 57.813079250842407 29.507997050255007 74.042470419312878 50.315722342746398 23.015008644769797 15.377656156475306 89.789786495176500 58.228441323255431 99.590188070865096 8.932309484294709 93.808312976170001 60.870817610093098 64.617749531235305 88.857035907576190 98.788750762589601 2.454950704871695 48.171052905139931 51.107518500374326 67.579348617084307 61.398735480241399 79.763949514098158 67.624750909343305 71.241949018190297 57.617482338989632 57.739734098366810 51.933827275300850 19.927439804819059 90.619463476242842 12.021843417958578 3.034464994996944 90.043553652393143 10.847761282590973 52.707632639743430 38.859745448383698 34.696294305433447 7.166100097297257 34.557715933013569 51.008927942761986 70.950776092236907 72.708863886423970 86.513607974672439 25.551153276473549 64.199136105006474 62.195496797042082 25.534367417637316 55.516987889715651 94.647951693885673 61.521296771452057 98.352493347504875 64.096689220705699 65.347644906869135 18.951088448975682 28.083802745991104 57.284840306143693 41.128557437234207 79.397565193614682 85.616869928357218 74.077817843755923 20.577356855120744 25.575172125174859 29.993722744672201 26.220805605230790 21.684902203282729 47.663268162373321 75.221477075876990 97.763070398710681 42.544024560468699 1.827934393441499 74.133983571098369 29.226835956687157 66.483497228270750 91.655134839757508 48.749038237140965 0.560449603360913 50.579542072151483 16.536398087214089 15.428963845198751 65.126687132262461 51.063786098381314 10.239287297243649 37.466713613732914 30.899429623198948 48.397133059304664 86.150637297115111 70.059743775298500 47.100669831186984 57.669270628276671 16.457781164908159 55.587261766639230 78.112516708058521 25.745199848425106 57.175442158888856 93.929144054049374 34.293900147449072 71.939499561843490 36.095390067721986 84.755916878202370 52.425598600451984 30.365119920089590 68.640723530664502 57.627977803549648 6.375191963354099 7.625850535978429 46.861621804022846 40.373632462840902 96.539803492228828 50.388326266938634 70.222162181971044 4.956437106936251 25.164690580674343 70.027243191164317 70.562782389294597 95.212237078303119 57.058021531792413 75.840968736126911 40.819968396914788 66.820508429235062 70.381687921645863 28.885399771595388 43.371742796181600 83.105506708906034 84.374016325387075 0.646706419912313 76.695773254595736 88.630692182508213 41.071694332942734 15.967302402013740 89.581943722573115 62.441209803521360 84.794316901613811 30.637973436026012 34.170350114421133 82.853714392367422 26.660949414628533 21.184003600969838
22.734767114038977 65.791493465663905 38.525667185953473 37.655372235155468 28.310396749194254 47.677038708310128 24.174761142653768 85.656072166900159 8.529322429044283 9.313547992796078 74.432652463848029 26.708809596808980 88.240398373950427 47.713857427490090 86.844037496523427 71.683761429752153 3.812753689380743 88.998736350108018 51.824618326567574 41.825473167100910 63.287747836242261 11.295133859409379 74.198517505808297 79.560881965825686 77.119846258157224 12.102522664152470 29.293257610644432 36.747354773550015 60.137380382853088 82.275452703903085 60.648425963995443 14.921469347959782 76.178359777375292 79.364066939966946 29.523232353279148 66.081843881785787 90.119114824181409 21.629339492695689 20.018636517606801 24.831353774275954 13.854342132372654 80.947211529644832 54.296153786590494 20.967010889609604 42.781493832678684 16.067454654827650 11.032488263152107 35.278041579465757 15.212559878206678 85.962328779272937 9.477562375271031 30.162640117641548 63.208399793602233 20.048477325800608 1.384616545830564 17.462970859604365 58.668982385772829 93.605436626964561 98.822733717529417 47.176657864490380 92.628913682763496 76.426967775021708 76.501685247344696 6.181634010447201 47.594196975782289 13.449010300873699 84.958008523645447 6.291799976133950 45.880616537152598 27.151673797839415 93.142681853343404 63.804689196367605 0.714655239323869 5.227845542591670 47.085482908301692 71.641428206740869 74.656716780323563 70.370204100537052 74.054326169685240 26.378097404698654 53.682242011842021 76.497478973659440 12.443496159908850 0.709008351828244 25.280495099106105 94.598171572652333 78.808141783670919 17.570962444273775 71.765470411706872 83.254174076220721 10.546786897883621 83.131453266290720 75.492485754161549 31.862731799816480 26.408412066669150 41.846414497665165 8.385812199986308 92.430088692652305 54.018654101613194 71.535258702765788 80.556442276076581 80.597560762400832 13.940091497428163 78.871939136682087 67.930852677549495 71.869579251832320 72.087320818139361 47.917248954288247 43.989176297696595 1.926710905734286 73.000082093037150 30.041068255408533 61.890925303375134 59.196410056431745 70.256904594422664 51.426206348501623 8.875986767436217 53.020486014152866 92.169183465252175 56.467267466485417 21.203725409613394 32.697796400043622 18.709733303663533 56.842247348027165 88.679498135275750 48.610478295399950 91.124556347601924 37.017188191719207 39.575511800033588 11.718578522429446 6.906120404535121 42.447795682467827 49.587611323326463 55.388682915639144 60.545933394223781 60.658449696052166 44.953514366532247 40.626776818126089 14.997809147139252 83.650723229863914 3.155343407249001 64.938607886169805 3.749626637453085 13.848161189185893 83.876888908687476 27.012134595197935 59.693092744516221 17.730045584752652 91.248924318704510 21.926737685325971 60.024369242948502 29.520408253049524 87.048403028884294 31.870757974174168 22.259005982640158 30.085229712925965 58.049998731323925 78.042629281454566 17.007342881327691 43.642377030957590 42.738750491847256 99.464752929682930 46.719970171960668 46.699000106299096 20.131568404181920 89.829157498029645 57.056210376068876 59.387951714013589 35.868926865941916 97.329455861217212 41.665380213154954 60.623965096600642 46.845091599321641 77.508322089533550 57.401265103277851 1.732182455230724 83.325991977010517 14.273459169502456 29.768968853860599 33.718698533263556 30.034316196238496 73.520208057240836 32.779325288578008 74.194643140072742 69.330238553002630 99.734797508053958 3.517870909134091 87.491195186443548 25.812536447528313 91.834734487262523 12.757265805924067 86.949119366987489 45.995629857360079 55.649168250259926 53.906764554419375 94.387766205447193 91.630492561180304 88.817740541375215 29.481261191471852 76.353802472956744
31.878200928992872 54.123858433654057 35.827831398259882 37.443086471904572 60.805140901710431 96.968878237635820 46.067626837229568 56.278861571885919 74.448429199674308 72.915992407400154 93.898652296635433 57.709102607739581 52.258373870041332 78.063089608268172 78.318079983439830 86.557092261429631 9.546433001656752 56.958895037960431 78.158706383101631 17.973509748893168 39.945703377681454 2.005081331934888 9.981002260691618 68.722490734028298 30.701975137033855 99.939912008761539 13.755200512749532 92.977869571767187 75.882502771028001 88.222954231530522 48.575780410218769 67.015925054849617 81.520223339570379 74.880520908672139 46.843720007068221 66.047149957553586 56.561133555562151 7.629021379978241 38.234823924693927 75.791973810342228 53.655848078008226 99.701986945900771 77.647387324336009 68.003554299663620 8.305465941672963 99.172761129577921 39.621177931280336 24.204121221804577 93.525050854843059 49.966574082913276 77.595615270058545 82.401157549612407 15.162176179495335 40.709649660695732 41.684826791750808 64.217961847972219 19.786631376758656 77.675451919996647 46.343480100248946 45.963574695033650 69.636677694484277 27.141489270233986 84.534511282572325 28.901184133185897 71.349138792901854 21.467232912788880 87.558141880418745 48.733108828501962 8.888295526450495 25.081194643729056 64.205368021275149 61.995579980822903 67.799051003685463 49.029606247855604 23.585775438879363 6.317454330801509 6.029078597103044 96.230700534026084 38.279653709924979 6.062894563354327 46.148027264026922 92.735355204804591 6.411075532210142 38.912621071748944 6.349818125853401 30.212460072057411 64.576863813307284 36.645635440921886 35.598693763035527 81.358747261668881 20.137520671041621 44.373762164213090 99.272792316103875 64.020757561515822 55.730327903470290 63.482100669434352 68.736904312678675 66.445818627499392 42.317991754780437 33.192907292068909 14.525435173641210 52.182046823761588 0.755045955089884 61.623836701425105 87.547637993274847 13.438661273737329 57.084586628524789 49.897363914390795 50.973266514005545 60.313876755732132 79.028133713679509 45.201909408928472 6.560497562114376 63.821962535573299 59.051945946443617 14.184414697708537 77.989522085767490 76.441634631849439 99.602274394319238 39.976595741771582 75.890383950128140 24.200831231377997 56.828346538904071 4.073798496782477 46.484909075071435 85.065336373238338 11.882441753176131 64.766821697373871 98.357073732276248 80.747701975800766 36.526600110960395 6.468421155612458 62.169331820356547 56.545793991219995 81.662440741473404 49.643185195107961 87.654111045842356 52.108537220195359 7.420035771289912 82.627752520943488 34.961286385893928 58.510499390845816 14.929503775228037 39.207126421740433 78.387768427549560 77.905882108693945 13.885003649700023 39.019330474187278 96.931018041159689 16.473958926583499 88.326832156032637 45.428991257505515 20.918271705495918 61.014325987225845 47.328500155023292 55.692207405460579 15.861082234608247 92.701771485622118 46.319335195335945 75.281950345245932 69.994237584646413 43.547076234203338 3.095582089950610 89.950401056233687 79.556956478266144 4.984283210510720 89.168552917108755 60.889416492321921 3.870748339376417 42.359886003654523 65.523290005173124 48.753070420570232 62.124805237545786 98.240028813736402 74.362286179550040 76.136283078169711 32.745309464360027 2.424119931809754 21.694318969992345 10.735541436161089 13.547200540032890 55.861705100977652 78.070300373961160 80.668622674992633 0.974589393822778 56.273629033433501 62.161870209200920 64.195926784211949 83.977249316897300 49.823701109846020 51.400525496354810 4.206150776756501 23.491649887546306 38.485320794898357 82.694832904219055 10.532601253597951 55.180046386163106 75.211761684634695 87.617792247869417 20.701748529257880
46.926264226870565 91.699288781955261 62.726209704220793 7.160354076035381 17.919143586484598 77.551233104953226 94.187910070017281 16.749723983942467 63.262461630925870 25.496102832909884 61.346639777532886 1.335955249474885 14.448827461767966 65.562613387580910 97.268432993947243 23.716234997569174 59.326218800145583 71.405066528398606 72.271440625552714 29.342604784289470 78.722853627209929 4.935748461137890 19.565266403651194 60.246384659063487 91.597249469256397 5.753847022836500 8.884183245032229 31.276148721741226 9.067467207627178 13.763555756359091 55.801883003022489 74.710405933718022 27.242116767351355 52.682525437076755 8.221816709409712 10.796337029352010 38.668634618945454 59.746767794602782 42.636827763960873 88.080633312331514 4.930398625427146 26.723859822060327 81.252663781548549 11.739052521609139 38.418776986946909 38.664946663787205 24.773974780550823 46.443891357062114 8.448481029839250 30.586717812601229 26.055482543997467 3.187013640344871 58.905169194818200 18.633812674861083 45.541545932126368 68.118358332651454 82.988908378804481 78.890667305878964 21.820361758138539 57.303403919524968 56.000080644496329 94.360920050602559 97.936752786843840 4.050526346498485 31.894797314608581 93.888539343953681 68.441122921366443 40.289616395439474 65.326264695083239 90.984599565901931 68.555926995344194 87.632037588564174 31.733893984663620 67.667551955743477 29.921131327210972 94.085641965350035 8.487359450803478 72.722560330076675 87.924304016257864 36.544356063351735 36.456703914769264 60.765187329784396 34.166629411889268 34.282115632054236 80.633411453890872 22.913820809711027 93.470498989836443 0.139285082576679 50.281639306184665 84.155292390566515 53.534108201467831 31.034565029218708 8.261226762272965 64.873755348341049 86.747691688899792 60.717844529796615 70.823089030465283 74.527772424771939 42.837321180770552 44.112634525681926 83.892626351258940 16.882582356417451 36.684331432163852 5.527635733633973 71.214381852905177 6.070398028109214 18.439291638185029 85.394228183892253 59.319361163295227 8.102019793070280 24.096739741827832 72.603652285316599 52.457634653983853 67.973054433925597 79.648340451170242 4.091196182229329 6.053559041367118 18.773157472241898 76.667877493679910 28.385226436551235 78.541553897292545 62.960657109188269 62.844206883359874 19.539041676040313 93.010784915384761 32.493713130790248 18.820283993946042 30.282548312198664 33.243750624231296 38.922211964114680 90.010043644636184 79.303239879372370 61.762777125258928 80.224232649375892 40.629952166980722 9.976264536404189 33.421908130500974 65.860228110081891 7.672657266540406 21.613758635877023 44.845465396258568 63.149763589579209 49.919832012759748 55.902641360951620 61.284855320551422 14.870853587048083 34.699920300978782 54.190794885444028 95.660123029542149 71.884247376282701 86.220061821884300 89.597344893749749 52.928500387815880 95.968485014383347 91.850534055357386 22.221109262721949 99.471839956876408 17.294014904367483 38.708274408443565 62.053426851925956 8.641718254237563 89.127399693200985 66.432861761372124 21.933513514068380 22.237402977117338 86.715610246873212 30.660437516216266 27.279652198012418 59.190967927643399 79.251523151691501 73.664990333669223 0.855226467308456 52.253644189338722 55.623218978648360 61.864147557588169 77.121911267455772 37.370233944044060 10.948347169796946 39.463820389514318 47.056462095988913 50.228525531211417 63.063308248773239 57.009404014725071 50.071900502336774 48.417079112616904 60.168855464621330 67.547262855176214 29.797061481422716 28.313160300830475 19.260735001004480 48.387454901417193 21.633640926961007 12.845165298387206 16.418837121869391 89.435097364925269 89.021193530882599 55.164057051313605 31.076159729241638 91.188389972642369 17.428109783519741
81.330635112558056 9.845791052210339 31.419518810921478 28.638139179422172 54.180582914185763 59.019437864108561 8.309907440441322 96.238184796539343 45.012944102781219 97.240757258874339 87.275020194026027 33.299835141434222 5.878462037081434 86.648596869328713 99.647019845765499 71.018369263121343 95.109958134220918 52.183030558664257 44.074548612843699 73.048217334162914 7.396908009332392 89.777407238634709 96.871958144727273 85.878068343805978 18.115524717509967 39.772066161745357 26.766479137120236 4.600094082611161 54.479956959125410 26.875077376409894 91.916688569427649 60.788320467893556 56.804679372372860 62.302375265623667 9.444677885285413 62.301192026314325 68.624760152692104 10.520965697832207 61.534645706309142 94.864919520456652 7.570121948426323 30.288091966787047 24.468697590646027 59.079916816108849 19.775633599633270 93.638479242622282 29.572877832477896 4.221241637286810 38.991730006405980 28.732243250227519 42.811252714694234 77.739511735669822 23.678977226642772 16.672133531059373 13.533579656964445 59.157274454257468 41.709554946290972 22.015958880980712 57.200819695657110 24.933930929059620 91.353637158498813 41.913176551177465 22.212058803960254 66.940137502921274 94.993985578835535 40.417669840967342 29.142946589068064 56.532383452325810 73.886351362107760 24.538958312480752 78.879653791182363 51.128578803277669 22.924787132248024 36.920963777472416 13.448930519545288 97.902157256597505 80.697291593967662 50.319097887582217 6.495295963351921 30.710159875126330 40.175261992004138 45.421716004664091 2.256859363943409 53.882614012448414 8.009306029502161 65.065948764133978 58.967664573517453 24.326820228836045 68.736995449055897 43.901322857801560 25.651957987572736 55.274782109815050 34.176139028899534 62.832525655750459 10.175247503971596 21.610688121651243 24.481986945551593 1.760131601908721 98.484778922497668 53.562505682857186 45.640677460197622 51.738645931964825 61.047946029359338 1.025178087017253 83.785953774371009 19.417586015486300 81.965894830275744 36.855174124470913 13.728502847607382 21.887999526483149 71.718706175635916 95.866735168752143 42.251011979569228 37.728512855271660 16.569649141579934 77.622529117122255 46.082434902952407 26.020676637608020 53.677953144147850 22.548636470000659 42.328876643354185 41.399350465748739 11.498072152126969 90.450373709845294 92.385536841597656 86.114273948729831 16.098520043251263 34.065553338227673 15.643147260806799 39.319531275670307 21.645801631816685 2.866532918515341 34.267297028983613 14.499298156417472 51.367596596976050 65.876291076518683 45.437356700516098 39.501181997647571 17.326375950723794 67.711712282936602 50.770044850357998 87.504400553089638 69.359239604681136 0.179351632486169 94.846226964491933 22.661303470868756 54.074808291018591 87.819718411049834 21.726028120545603 55.584820535995505 30.056762211601516 76.152056024962747 10.778270196142614 22.203707639338223 15.004120962247125 94.501280810271268 29.126316044143763 67.319419143297395 40.504474320423590 2.865621492160286 19.966379401276889 5.262144476132901 38.423306051203696 70.075162232338897 30.132707164012029 68.397113864539108 41.452653308778956 95.576673724749469 68.959802703234544 42.793957709328659 28.488666006775574 95.657405164687560 50.948762327943086 49.733492242653888 66.878808325638857 65.763204332281006 71.850818640058350 51.931430224507046 6.623607793281483 7.740327387655177 64.411450655715726 85.629714369758503 19.436757995401010 74.118199895797119 49.393990074941208 79.488186255444731 87.035627269967705 5.658587558271977 29.556553571620103 72.143816721572236 5.286488994967731 55.340486689312193 75.917571063285010 18.623184197882946 76.847777530157273 54.354326167046686 90.639464902943388 83.077712661110482 11.530906994868484 90.342744437328946
19.547299667538109 62.199103700141798 12.811402858940236 47.761527563499975 75.164652752969928 12.490637010637828 99.666256024989067 14.718061316932696 20.030760610843235 47.919949378997529 48.713115167212159 86.375484245305159 11.113806436415885 74.362870226484674 73.797231073311764 59.535601540224491 19.440762389966281 56.352365783766025 23.060436926877149 59.207758735205275 0.449932766078198 9.110147932412904 5.554363665419082 42.221542226082995 94.565756502361737 17.270083069036033 40.291977548686589 7.469477278777803 91.753518301683471 75.471652059644768 10.880163271060873 74.125643114540068 40.106658485345292 51.153979190917831 37.926966622993319 47.856517018986153 85.416694826169220 63.360815864233913 37.966729212187545 22.710959639833771 48.235718921377170 13.592664401780274 45.974558022088829 63.490135807545279 52.472524973952460 34.833519169065163 58.861988176166506 84.329042450942353 50.065501518880154 98.663548667154316 90.735540580060828 67.091423356812740 95.616640217428255 91.020037412353446 37.763778837385800 6.141051047398538 99.142505045337330 47.388888525095126 15.930130192934566 14.368994683315005 11.326803233386107 25.049391391538812 17.863087285841150 91.904951441032182 94.788167165693039 63.076628919800946 76.416408346848911 66.188452147054974 68.903018694203325 45.140192768840791 33.470123164208601 57.995852485451913 95.537508173169030 19.401788277144082 20.148420591054727 80.445670461253272 59.342695832247337 42.437268359115379 99.030631258208075 54.511965731604974 15.372062233428462 48.401878341560810 64.506519523974035 2.100161229483155 42.331286304721338 24.834363951170769 26.086574298695599 76.561531426924034 29.325993230880599 59.321690234461123 35.604288192842461 37.156924029469081 56.471113510271522 51.493852276005271 88.505227388105993 66.793591885344057 41.173281706279141 87.006168268811095 66.743468074760926 41.943989796245404 62.107110733128224 93.674821642997728 96.940110624819511 75.034242420997003 31.193352470427214 66.593700350216011 77.867068494240968 63.651138398149875 89.263837247011722 30.922032110129706 49.946462726975071 36.559720428192897 96.857194086666127 95.022207232687393 89.037510977174179 13.229502278073523 31.166180572480894 39.169807110477315 15.500236802400680 7.639598544237447 1.280563500434262 38.394978926258780 93.326063072104233 37.101142101748742 19.497752726259321 84.341887117751710 19.701655421258547 93.092998756131408 22.404560544661944 88.163098075051096 54.625844202568238 80.474096656031733 72.467744504129243 47.957131654265751 8.492080661389013 42.412757352198774 15.004461034668036 48.507213040806285 67.683542828934023 10.945137581022768 98.052987706455511 62.153055802462816 58.164171846239817 82.554798901302718 12.384687468896526 88.459274459074322 16.306471146663380 55.682903413477405 42.852356893224730 76.448855830247723 81.372411349358615 70.766531113577443 20.861590871533053 3.595044781349177 71.034713613604822 63.453472870287563 7.932763443857782 48.804578138757869 47.151720927102204 93.191861334785187 4.272282966778828 44.395561418125226 88.609494483568014 36.968731799023637 14.580345808100049 55.683371910853076 72.678210578037039 67.776007987998682 11.516366474217532 14.841128675508653 82.687533056815013 96.892630287262620 10.767921541633763 86.033023447371733 13.434477945783051 67.365750882832415 29.611579796601816 12.079573202722893 53.538613233793861 42.740642032405148 23.486691278900484 90.885563544482622 33.702582091088992 58.229545141892544 69.267164470821413 53.378319203360782 95.916794112890145 46.876446045040609 10.296270277118024 60.870791323007090 9.230848721077178 60.226612166787284 46.989266433852805 43.671629977438897 45.891143017661285 2.790236629817133 74.100765335622327 25.115987436405174 80.214131402868375 24.950445727804670
21.792564985056060 46.565586634524955 69.004799448737074 7.092074767916579 9.585624211307209 93.235215837941539 95.206734886678603 39.768050835393822 49.292269825558165 73.025469736293758 47.900989100922523 64.719290926975702 39.773295767005656 1.789444893812020 65.392626601962277 15.485759268815736 26.248096178399692 85.205553923377494 34.637345458277814 83.098528097017180 86.006484805923975 55.845118560972260 51.483053928665825 31.792279016828438 77.719156266655830 76.682292366874862 31.406142257110215 48.443393460849414 58.402174179705227 35.356353122698934 81.761994119571142 35.607843660139224 85.093241178349174 71.419533904640602 4.519058179672387 90.265134359734148 26.727020518965016 60.959901484154031 13.951923845498836 73.191829872173386 90.792290079015629 63.056806830984470 41.625322343453298 71.496514661280216 28.898391268596558 3.256824681413606 62.124940535442022 35.121658272698362 13.171409795350064 3.549708932398676 29.681120284219709 87.174793626445251 61.885715205205592 72.604205273854078 82.785907315477701 44.119965885330878 92.841861174690735 78.500912069718169 41.651600358286721 51.167482084391914 29.644903102638075 2.995416092073622 36.517355226952589 11.237873595592941 72.186461591395300 84.027453229092799 10.842593573628035 16.911779641762958 54.153744519593019 69.143591178478786 15.233257041033566 55.765626442215421 61.588426816660643 12.500885978558552 72.884921785334782 94.111860243278883 46.933998896993444 80.798550165448674 79.288946964781815 6.368389459287494 21.365321978702113 35.324888513849359 4.772212917922070 92.449999099298992 1.300516364993043 55.710972436041551 53.791945411930875 65.001249539556554 71.727547248743178 3.011956811607519 92.265437743997737 28.470132011316696 73.374343403597905 21.182298939772647 3.922442460694964 35.187017582732061 33.347519397852075 94.887718447731473 53.842994719820283 60.418549247008627 88.957622894351886 3.751731667371150 57.641191168685921 38.782349368677835 48.305487491666163 79.160136632606040 82.665202147405182 5.182044722910661 20.216810265700293 84.587996779520807 79.245748879636622 24.744041718669273 32.731550985857680 17.914667779894767 59.217044312619919 72.068225779296739 95.527130678139770 35.708732908575357 84.988868355979548 49.018849251994048 17.621757065364317 67.027274537769316 71.988142182493732 13.762171513374222 67.049902924003561 3.791185827092880 31.981430698416503 43.225406972635902 51.413706538167425 93.436707889085426 53.073545392903974 9.330103343857953 15.805937646388713 8.073898683363234 13.157164931513732 17.711601176386527 3.261939628833144 59.698604437628418 20.314856290101126 43.182720595216452 8.328470271542498 37.562539699595987 12.171546636850838 6.680111081259943 69.962715120464438 13.502559937511771 77.922098433823479 90.920600953810862 24.786930109084281 99.647406419064964 30.660885057440701 10.476289570226783 18.468753373325864 60.699407389956129 32.135060930747564 22.264400436950339 6.824986269874644 73.781687188464744 42.599729513657373 91.667475308830632 93.206141996188236 4.953894762558830 4.542868168474856 82.212942728258071 93.630811290837059 16.388291644057318 92.943020483578920 5.004527080210053 30.243524154671032 73.323472210445885 86.197468610035671 45.831316020502591 40.440117692497488 1.086062894935647 26.225385301310368 40.712994793496428 20.515212099096470 39.949849136136265 23.545213063768077 88.851667846358424 41.758185305453864 24.264948849699287 83.739884489746132 96.156990070628410 35.255645545152539 69.119110146802015 66.126923047212316 15.541248834864108 92.565952911984368 42.974505827720421 93.409018392409322 37.118341727300006 88.619927544198276 52.112112302379373 84.009878672632297 19.641774896344756 4.564853918555157 24.837455328900681 88.317811855287133 1.466684892350256
78.788882218517415 18.787614071309001 15.823869546198699 66.368335438028353 3.319909275474320 68.315705637848183 88.210941859986235 59.559941870634482 31.720176140827817 10.599414538683561 37.575995978123700 28.195579147798032 19.843816205843169 60.912717182816053 98.773041026732329 89.496835318565260 37.370879278517101 91.620122593472786 25.457812754507913 13.554609411888773 19.028740726877245 80.562975045948093 61.234471125912918 12.345737519328804 67.565313816085066 47.586565943474426 63.429531808221881 29.376771973009262 29.411069631151332 96.248417692440057 8.638665671896174 32.471779332680107 12.999642640621866 40.773003621249671 53.544303429076209 29.321425147443158 40.105448337015318 79.823132480495005 87.828179183204639 71.007806833720693 95.554984701950673 7.985941802944008 64.100923266961075 46.811432090789495 61.762091756770367 75.314808050785700 60.860787449342354 66.921470657270163 7.603246028748345 85.100327642070425 44.485582630473310 82.554186993421141 93.149465582866455 45.603937779495929 40.124228967563070 91.991473680423979 93.722684391829773 26.514845034864710 86.430589774981840 79.121167030492742 44.423218202362413 96.443419561613879 13.835769661691410 34.564393956184283 69.799831707668758 29.538663486061434 12.505665806306220 19.392431961894850 50.817881394042921 83.340593424499815 17.961556219344523 39.443803642456508 80.266400334785388 92.263930879395090 29.896992529326781 34.847000811465442 47.533480327690455 38.462575476374504 29.352846561150781 50.588791887603804 54.059205209945780 50.903109902057743 11.223001377905318 55.012333880605212 57.702678283787776 62.000353522646336 56.187374778559537 37.897611583178062 41.951940622905951 85.636030966678646 41.896878091428647 31.257128164015946 6.989155984999195 38.522610851263920 8.231301493562315 59.419696566887268 51.529476122000148 13.051897875613639 57.771323936432417 63.941068900041500 84.450442425850440 22.601097990635289 6.547668761334702 60.103706908263241 29.260849039732740 98.777138900962868 43.748038560738280 31.331319822055161 50.693702230717733 91.831915887950970 8.842864793730831 31.747436763335536 38.562876498128851 16.198986386730631 41.296599245822421 90.985851311814741 32.277444807845313 92.233060907916595 47.986669841248876 66.861995257158085 46.287125726285261 9.199451048509044 48.369393606781607 69.598786790482364 83.994751844035108 19.149609254179389 29.646221642242764 68.134232187116169 11.691421960606707 55.023008008016504 36.565212641046898 94.832037121898907 77.553648507099595 12.516768708070114 15.202357166846948 41.997441287436658 22.594537580167518 15.610577917198897 1.669644099460976 94.663560345499334 63.588810934294415 13.756245169971637 68.461130035055007 79.150426625962709 77.018694457014959 15.338393295792695 41.806037427146784 44.911453489510365 55.843045957106355 39.514572514682236 25.878050909494821 86.061801420392285 9.673023597944619 68.498621566182564 82.713647980201515 61.585473721886828 22.385472915356520 57.510920994408721 35.275549866464829 93.561310584933111 53.671100922534265 65.693410369046958 96.128767469272162 63.534111092990464 93.509995985064592 84.690778025857810 30.726269008923111 86.517728916938282 62.983770363817825 19.854681995706901 99.995742929697201 60.036125222437541 89.191762576187855 46.576808395701754 15.272551004998236 58.416431585009263 82.788466428290661 58.495841196033304 62.011893209252833 68.382816191431118 57.001383890826197 93.131158530391119 5.219190519584382 14.373397880701122 13.256935841150453 84.957941374694627 21.290314860726532 66.009460983996789 33.021910551678680 45.819294232721440 34.610560449133963 26.058240181115288 87.064775114154742 8.863535297473879 33.804038088361679 48.167214662100236 11.300194905121707 78.363020945521868 91.000469743676646 61.231907775458936
72.543856588191474 12.892520830972764 12.232219713842763 75.275575964828491 50.212447218446641 50.254434044787658 54.489526104008860 34.150336178119531 61.463856845812280 10.602745995310414 15.765871995952619 9.816737315263547 68.947594759374994 22.470436888037415 63.584929184539554 57.444391319532727 62.567228420429977 29.656401163261549 42.893720956180751 68.497045858396149 6.003773907023680 56.780267031486986 18.889129406746129 28.607521209736532 16.683761188486724 62.003988925992445 97.874676143453101 39.795781197199211 30.930729537939595 38.145529947418723 22.250277454433288 61.536544798924410 82.429900671831035 64.363973898784039 85.728686373328713 29.950515965264323 69.695776245568254 13.189225994721587 21.991448785012203 76.649955194444459 53.865096011706427 23.100178958493167 17.741489923253095 6.770000976287172 83.690186727793716 89.376441538031287 89.652724865283972 9.810021598220898 59.817915126407364 66.384103911363397 16.697219208025405 93.506969904236584 44.252114973890059 7.672504909804879 45.143414668055307 32.717560431426826 76.123982209097647 83.986639272316381 25.660524724641565 91.929863951027954 36.564249741715471 36.573154783087233 56.476300292137047 88.997774788201340 52.374236369603757 48.573715062482655 39.526675610242435 18.991499021767677 16.902378940748399 33.132853345088876 95.889741502143238 89.368097612725379 31.528718736671379 30.659539544181047 23.342555651193297 72.061357284136463 9.210765256926445 60.162821331147086 61.777894071688223 47.629583604958249 6.198285749957233 64.661832116941540 18.311814297740902 38.516158201502513 74.787386259604688 32.734874701837725 62.186767977596936 42.769889471541568 61.873328554307449 3.247362166709900 49.285271924959275 28.889782157498367 80.431760999166585 94.730654864388313 14.455500549456858 34.644168608677028 70.609850353110360 25.292598146511146 68.164419826715275 24.003411457124855 38.713644875048622 79.431590949172843 92.407767095480125 1.514455995000097 35.378222090052603 48.530363449525481 7.872282552493082 23.143921948571023 19.218792157725296 68.391249194049095 55.028854418940064 24.619995376259020 99.063262539589061 51.973747050997929 72.146879948091552 85.353992228908112 75.005681831273023 16.154315905645721 20.013955492391190 50.819946730031859 34.122813712167641 51.572257285440458 75.129012367162673 46.789673885691805 60.416639488609128 87.870988953624348 89.052197246346083 13.383470672736198 17.878554645779765 9.803262930113554 7.022427261917485 45.912234205165333 20.181263968229647 75.385546851097970 39.624705423885906 71.606887024771424 81.120686333360055 79.853154820273502 65.280746268203416 25.529101817440814 14.044079397899878 82.254104112470571 52.387619592255632 0.684867753838003 21.268879885999937 54.319373460610322 84.969122607269028 65.057075553639805 7.924611276651494 19.571910108168900 4.171959050110963 30.484630286635095 60.750404292430680 83.678647843272870 23.147486492861745 76.481572844632637 47.812754673485323 5.449986858976830 24.133069398132012 95.259604761396290 36.581965729592568 29.259147350518266 21.866522364039486 16.081344231250881 18.794608698991301 50.506984047734683 8.622803831394531 57.676362063081278 18.966919114139824 37.910724822162337 78.626643179993209 59.306833349142543 51.661610855554663 25.339617046731920 51.273720763416641 16.817141848093144 75.210125237603847 66.441519952594732 65.611737024987349 59.838510151882197 22.811933910927507 11.901224393083732 93.810501198862752 62.974319241093568 56.230589443066556 95.822610283531802 76.400342289883881 12.650685453068377 16.864850072177994 8.221218101549599 94.768604818690932 33.540114590053847 99.750389626443805 35.018184409359989 16.758826089661628 52.520199411155048 97.321666744209551 51.249574166501098 51.608891846839434 56.980415243715591
7.988106276954399 7.357475975224681 85.272208494687334 86.760552208198732 37.397154268194321 3.628141161011700 68.126751603104253 50.335783872667776 39.159806927900298 83.916127810141873 40.134349418682817 54.840140108292537 82.042737818419923 25.592005725156998 79.565624842416625 64.380515175406444 73.510604900472714 60.407652257846323 91.573820918986655 32.682224778721562 62.623134226628686 87.759340027366690 97.645241558505745 84.848012725289749 50.047170882073445 0.764493664522448 3.235981730172355 13.979641649177132 99.473853816666988 71.024033902774292 96.644628358371648 42.453092081269581 97.674706065330213 3.810497427789306 31.962232873655939 46.898147654936551 13.413865272489122 62.922805159374754 88.397175887939014 77.358409880544983 62.582158484321141 41.629198545904202 90.151358689713419 1.771461267837304 88.272484844485462 88.466753189570170 14.901907368197298 30.600613160511404 32.015245130053117 83.630871056150269 50.428706144860236 22.537016407671562 71.349173277143265 42.452213546504467 98.912448247747392 26.995784790883391 45.485638717497032 43.245067869254640 28.267166931715227 40.703635023455675 52.405137573056670 59.930177922212749 35.329643440165981 52.564505364371186 25.908753269391294 93.483377937467409 92.467777873839736 92.774137919505463 37.406103006658462 11.253482095227952 89.243577658810054 8.013688824881527 24.737227245074301 69.893629361643178 83.899410804774078 43.323778377057508 28.343472259079260 2.004797841098449 69.296213993106875 59.580404509503317 22.650171382522586 45.118002175806296 20.230132804835101 6.810259328792057 82.914608562794740 66.913322572801121 43.299702672208355 3.121027912570573 51.251430388057564 40.261614605064587 54.676172334280224 69.321346946527001 77.677974307864091 83.015208166019846 27.128832973599625 55.181854076694492 37.707664837600184 13.592219113003345 85.468456322881707 35.839491555714467 56.800403331208152 55.431128510181715 22.897630023793759 64.711473579505210 6.106186854856710 0.530679284271307 61.568810197764698 70.238411734078610 97.349433394369925 67.504815230025287 72.778340260726551 87.223647832112633 74.403700179862454 42.980278277160920 89.309446884763830 94.987683505005137 14.390499035352079 17.692859185952901 41.388190500576549 15.019729766557056 27.094487087777107 20.326438997420848 85.531183437206053 62.460804932680105 87.965945999351973 33.777440999507924 82.224388026669075 9.796910401424707 94.287559833367382 49.313252332529899 5.599331299934807 74.857828569449907 52.850859933742441 6.143138628858368 7.299805534006431 55.527086312555497 8.967139461707763 70.190314822037664 29.973016450756784 89.234900328200979 88.330223502844845 25.800086479986582 45.775708551686932 3.522432501650774 24.526757035170156 29.142060442360830 16.821911488289231 12.605686922960512 57.930399903588679 7.656775627413692 86.198361517155348 32.311342239696550 8.066004869990174 53.929000429337471 29.375858222011786 97.448216545115599 83.906355981500937 26.915799306287813 88.993812167473877 76.420527480401361 12.422330668895764 89.896003302924029 50.743223210006441 85.762419767044776 0.596623925944417 47.806832953023168 35.169819121833598 90.756455159583311 77.841222636504952 30.433504451648254 58.472847939284975 61.718692675443151 46.311074113954668 38.021560442600290 99.599026354008330 55.432485007957489 95.048804764756440 80.039985815247121 3.202791747911859 46.712067589711559 67.036623278578872 40.200622132809670 50.475298838109680 39.942782119020293 0.831667633688782 41.911706437879360 57.077478666567607 3.249180100714277 69.007307132666028 94.400430694100521 16.068933444415691 79.264865848332121 89.743436020517379 69.460877336758386 99.030075174638171 67.391813422616352 80.607947780700457 4.754126402223424 19.294136368764836 55.289242614402227
61.649706589488893 94.130878819229693 12.060081001209500 84.011486784877135 46.217173262987664 24.581671755378576 12.399631963976709 56.573828746028063 65.520654261875933 20.825851796462779 64.128145371891762 85.010260061131447 37.416508860390415 86.464755403519518 64.407029667410413 73.616179886827524 30.904957458858263 63.267473087003303 65.803128261451690 37.815768068587239 25.153539154054240 94.545374152509297 26.787301060540901 69.263794315918489 5.642250178424002 7.722185768195211 79.078867871549605 92.290140809145541 66.150997971236905 4.960482115527998 67.614667510526502 96.449522932644300 18.135762968866985 76.776710072539217 86.681907802469311 43.110642763388441 95.404328697366097 59.752203243713517 77.833014213566443 98.861789705959254 26.685583368385281 39.134372352216886 17.274940329767261 14.517457311270121 15.134922323484712 2.281983221377970 62.287232859138712 97.242040591299642 42.748434766939440 92.258161471945215 26.956285357568397 91.671917641047614 48.326619819081742 81.156594411089543 85.105427768708040 37.862943543011795 87.944311534865705 44.544024596505885 36.486825361476875 22.206262960190017 77.336714303977715 63.397074541579649 86.717951411384561 40.810523442263587 24.187210754277054 50.814763733285574 65.643360322876433 85.161351689208203 77.986800294049957 40.598350048295771 74.718344351709547 71.882576178868106 32.665866324673189 98.601756925513001 58.846961759710979 91.206334996925207 55.454615319438240 19.351799539349990 67.006722551399207 2.774551486482668 68.622118034561581 25.161340527402597 6.818904561614437 80.708810936904612 76.942772204027378 41.326333142740999 36.796632708936642 38.951920793251695 48.118802887403511 31.866219707924483 99.737092030491354 58.277046129073810 31.559195958027875 38.961469431114374 19.484207508456851 86.527714490415434 38.888632502784034 36.691324728294262 78.796745678276949 67.678902114235427 92.941686497310542 13.443081605791319 40.362625833385465 83.739973194562694 13.548875730829291 48.187718618698518 99.619113869414377 95.759499538006310 61.942300461577119 53.210127874422085 13.308021471065580 34.925688918559175 8.492646912590441 48.893162022437799 86.986779841462763 61.341013843252810 61.561071497939281 28.460920483379315 52.817411465363172 70.586438518105041 33.285595132319614 80.141197692102438 55.709320188908428 50.647605381165370 84.373484656037235 94.035105275384467 37.193545513637602 80.494923742433087 56.712241812685882 24.958813358375064 98.856753080042253 77.075683302832232 30.306489390224190 9.653936501302951 4.034199492864133 27.088435348032025 37.656160715989429 66.954914557126997 79.178811764274755 25.410598867554413 30.858213968622806 96.854973936937398 20.653074553548645 66.484670468937892 80.042581685025795 1.255690104090890 6.856234449061970 44.516121450980862 22.071619758164850 24.732401679254846 79.041855775684297 14.536133081176972 22.425106191974066 44.214508815011641 55.440408319771365 83.762697726429536 20.067231748075532 59.983782809681244 90.657607433491819 77.424987342069656 93.182194361822326 57.757115689413155 60.043378531119629 13.050853924903926 34.575307349096761 25.087606198808288 56.910157504389161 10.204446699730607 20.927579356665106 58.833965270812818 72.943622463542155 62.365970257735071 17.536993482649876 8.221669207278504 20.126358302125723 4.685096884709283 28.508619994689177 2.674115156686496 40.163355880572105 42.685766593763134 95.890687804573304 84.092326182223204 22.672290588052423 47.979030999922159 56.161159029523859 47.354384467177390 20.065588505834253 11.956731641011286 41.500670095099622 77.836868527585807 20.000685044974642 38.082293021439064 26.330615549449575 60.732356102901662 40.156986817590990 51.104689579227788 98.615630204204720 66.453655281877857 72.989749981424538 80.169076028640532
43.777676517316387 53.883721359636915 83.644774881046331 0.478435260923937 51.613331399943654 15.346102401278571 24.018953870906891 30.968741387874253 94.054980327193903 95.858502810553986 0.385081272252963 73.565867656884890 96.200047778730038 78.665678995747541 88.299407811422853 10.048261425892701 6.695322423375416 1.838376250958473 61.327698758246562 38.264858274650891 6.820271902307318 58.860433158231210 2.533686623527176 32.851535853021232 25.256612872751973 3.464394333437903 2.680307830281203 12.518946111086471 90.459686355208603 31.612682240904643 35.852909483603867 63.035477855190827 22.268278268305288 39.774298753132520 9.766496395681411 83.598038823215134 91.291572195198597 42.149614445678253 13.959274768545537 52.455794231148303 81.740948748336180 38.958409334826328 66.952596221765177 30.553378519003349 99.236704937038112 58.089780357585965 92.805120324136126 42.781794968696396 88.238735197271339 37.517649208867198 81.604162588205739 74.693640484276060 36.204618894843520 89.297492886352302 95.794262178998295 44.447360895641772 95.991036959952737 44.351721465606808 3.698762271673472 2.068842889798994 45.251035043899712 67.312810302046103 49.296465167766947 78.631199295793778 9.774612124580152 83.045815222620291 99.647105332784179 75.122498754114901 96.561542186873197 93.480819894473839 45.118990380180101 46.775484549255886 40.142240813324015 57.761586354802354 34.775301232495615 81.460489595418579 86.008899456338980 73.453426515096936 47.139401776752941 84.709560206529630 14.334422945730829 96.154571208115158 60.499521171411921 17.079502413983572 26.860671471639140 52.778134793005790 83.333388685997974 22.235103862873284 57.695316519344473 79.550499806495907 47.907041892679089 87.990548636980549 42.845092690752885 11.765646405036090 47.194241245350831 51.919271627580507 16.341082251758699 38.445101739549600 99.930832760788320 89.199095249882603 57.351672091759418 94.390545318994427 0.618664760507015 81.860247466094535 11.244655186594398 38.637635120646785 49.892645835925343 33.954513200329906 55.350876981802422 40.412346974148718 9.323550083318766 7.909144145031688 67.255062817101447 35.802831586727066 98.294364402752123 30.979563338316218 67.899107084049334 37.630659518235923 52.569188867075468 56.482249560934747 67.202456677593787 79.154262434682749 48.621935638972971 32.357066993680583 69.129905762931799 40.116667386427643 80.574637226398167 67.602259785568506 34.921200725103738 41.856049081075319 52.006791490182394 80.437145803481130 22.559317815176716 12.585056297392150 42.005067311279788 10.364072463580843 56.849896788442003 27.897702366390419 37.305162843326755 87.530472324752182 83.805468877626865 93.239853856563030 66.022758242167228 20.851887933124168 8.956808491123669 10.227520502281518 73.190375471555626 22.968612701819758 33.842752733184867 79.248698340069140 74.862029397005230 27.902707456268917 46.773934503503455 98.631377690918640 87.879932637910485 58.099465056071587 35.473501927924289 47.962766918492996 62.899206307985388 25.148217766032321 0.888636987915703 2.087463357297092 34.492161618152750 42.580759676759442 71.127012796034023 64.358905649697334 45.909013563979364 1.211654373254345 62.417326007918085 63.604094741932649 60.715541879516167 64.302371508469548 21.441300365735305 90.339095751088678 12.354340998758140 71.090934332040064 68.446294878818065 32.109142452120118 34.495995008666071 50.801530997048431 15.925700303707945 33.470111351549534 85.520435873872998 93.329166376785906 52.278135193590423 25.761412015185691 93.095375173416073 52.120160947868598 59.736209711214769 13.642378983196457 69.151722658610069 69.652526613636539 73.723620780846474 88.615072947575030 52.208647270086772 22.188894548523173 15.925571382741898 47.540790557762634 50.989014433326737 28.244699123000260
39.284446877760239 18.659704495431495 52.447702772235161 28.179020608834826 34.974127589447747 6.302039071866650 55.747681305222962 64.160011052318282 82.176562169986539 64.679362830058423 39.057387207898266 28.078996947577075 62.602869829216893 77.656087304462488 22.784817519428714 75.865582897546176 17.168382750163126 42.418936605066683 70.146241813955484 7.454971628394835 77.933496347903784 74.490549637727639 89.979306120047141 2.260317594676320 93.753700308487936 68.677006991766760 33.304086984145542 71.178282520641361 49.022268733277365 52.631921052051908 55.732579503810811 45.827193353829664 91.747824742293460 31.735380942627078 85.126882012124995 45.228984441609178 49.738703261696784 85.315527542531555 98.160372190916547 43.621366653553451 63.906414939669340 69.233051702493484 81.754229032334152 22.327234728289035 64.895642504608048 96.943460112238171 85.912041456045174 1.789641057821023 11.856327140721524 64.480200534384082 17.023766700333343 27.767087776549026 32.807365710626591 19.049865429609603 91.373163509847473 79.278020331108948 60.773947116320201 46.762439176525397 11.367561588547993 58.996141253277699 85.047203164996461 14.371390193463029 30.253355194438758 66.417965685785333 75.938963655732934 6.753797779202153 20.326536399609417 88.455908073923055 69.537358248002874 18.391343925529114 13.970872268027335 42.645829567108350 34.383123101635562 59.038448979739790 9.412436318722349 21.324264035666417 21.878107226251654 82.515775070891635 36.082796146083318 34.895335026706910 69.162074223029038 33.520918957173727 70.643685307999434 89.937172070003996 73.322768330516297 0.493499489047344 78.319231109980635 77.196101380255058 49.813657683183330 48.198436157695156 31.505004607269569 13.853358525001447 67.839677499224010 5.630394749267875 45.142039115427934 13.156891472291054 84.568941303465849 17.804993939076564 62.649965816399856 73.579025205872625 0.855924236977279 95.622693066663103 98.769783715525861 67.716348878619826 24.509250771836655 68.242107888872511 3.836038279356524 92.109902704548489 68.709199069499576 26.971357586100964 66.679890109676393 38.007252876410405 6.894129988551767 78.579981441452375 62.144251447270257 11.583121624621384 34.635906642896245 13.467165604799380 27.654473647204036 50.587169185371451 7.890491796383792 30.297891033245794 93.242520248903688 68.394249383487775 21.399292152331164 34.972769353656773 69.297897724986711 21.230575980386178 35.286782931533864 94.133615749161351 9.263253703229745 72.143604284461318 52.927098769750245 27.433741143688373 40.550779720709620 49.429602541053477 58.018700813006831 30.398433403626701 92.720677267947877 43.586789375345980 40.589048835105245 10.874974384638891 88.334207611548038 49.313755766317371 69.389381132396920 97.176439778512645 70.297961901469691 2.155975913489272 55.085406201308551 92.039592558415038 69.022104613857977 11.706667647816049 85.873509786999293 44.622688312382543 76.339283637702252 49.281585025647914 45.830081404145339 74.587628528429207 40.600813076300682 70.554179646316854 67.324768747888811 22.575674225494168 82.881420996186677 88.125901766617460 27.057790057695218 69.546217941639298 14.007321292183427 77.928139743609634 57.492883428719225 15.912341377214867 60.163931627943349 20.851771576685429 80.430068299834389 82.382135757833382 9.439251438128526 36.364660147208596 61.644083166686514 51.247305474460362 0.191039318510777 26.985537539963154 42.905175433692143 85.393528578000968 25.725316281287537 57.315546495997118 41.205122664582341 52.880993960966592 54.624694469688663 74.358460583317907 45.227254620613408 25.757200041300145 55.802647717570530 30.032596410405688 22.350823943415733 47.111135978554806 62.726222491297598 84.512760617069745 41.545908680042452 61.844742616520890 28.418739364535440 36.152291233757659
55.206233329766071 35.321806367726580 72.405217511802761 54.214004335474456 82.001153074724954 47.089395132663455 67.393025201603677 30.379200326658896 80.039019470092441 4.788983297659922 87.673936877230361 35.769119893575130 57.520296622646313 20.045457632146601 37.712223577205116 22.584174971395974 66.569081160164274 65.941753991122440 80.032474260507399 73.239981389473598 14.139218191188906 88.359251731032927 72.630101252865543 55.817630293409628 73.901136437865304 58.508802742408328 12.817395285529031 53.593280774410722 70.514447176410428 35.818628340156344 48.849312596935135 66.138288531165557 73.641193856449917 36.155921615582919 18.653675030753057 53.378630913348424 8.525116671858978 80.456893379227694 45.485426322684951 19.602837038785324 20.149942544932987 65.313119698353489 59.645063226456038 27.070364698756720 22.856445479428611 31.766710782042662 0.023385019149658 9.945933801234796 72.449523877063044 66.315164231759283 47.119709095841309 24.139608282931501 46.632745826525642 68.137262747442477 63.499667656117985 2.920875859141914 41.037324881089063 66.272428551737192 68.807405285155681 25.038421860292324 28.240587255749659 12.121595451508115 75.077379795448493 49.112640533488559 92.220118953644786 59.851693968433139 26.276654024424907 65.537392895003507 25.027098028623275 95.188705558946310 65.387719033499764 52.092620581419560 59.850005803706829 10.660762824269954 89.718851162798998 6.689394351190914 67.384052120799709 77.392878122307792 91.538906976346865 48.083053190069066 6.293130996266094 60.609501714504702 80.394264063964613 23.909328600918656 81.553970763629053 99.539944478559406 66.504434130879744 7.176100282068676 79.762964341747917 34.535677139815689 42.846488318182772 88.297069343224507 80.519032766856171 20.993700617196922 20.223447757001278 27.263282191477799 72.900997565071862 77.798679628526685 5.904211641006474 5.177881477629387 87.869076891879985 9.319889762190869 41.133181244315900 7.785204572550208 62.918341378051004 86.266287785711711 77.902130481184386 52.306059203756369 40.591044152573929 66.568785477721093 21.548680690117152 13.658435944029378 2.166058028082496 60.229417895454397 44.524450254475887 35.113242646651834 58.063172006411115 63.512036638977207 3.110640982605262 20.677239562707118 13.567301198695002 83.865175149007612 43.040626013554743 60.570282828603681 7.421771782580155 48.884526758506354 20.852907412096265 82.085981346796416 8.034503024777129 47.119878545833856 29.219916463960473 36.912224026164765 38.188519442749680 63.651541629503761 12.162260810662884 37.967087288017943 57.942885132262830 38.882159557291864 71.792344860626571 10.052260502374921 62.217913610363418 43.586561729687389 94.588166805877123 48.312638058028234 98.736920166290361 32.278860596223126 6.142686684867005 22.717055335838577 35.650461414986786 67.659722442543242 84.138887386725827 92.269780494518244 42.507955662620176 75.710593152997888 64.238053446825958 55.641244116843524 28.187118574381987 52.428517582101072 7.631804756919990 48.671673288285454 54.539401740421923 89.378077931359641 14.293171156999673 29.423969969201536 40.363056218203340 22.184148149726436 65.615328509103094 73.026958495609207 38.880801517991735 76.436544188942023 63.122059152682411 7.902223834450306 43.734493840738828 76.800636490699063 1.601646693480441 42.332894264032618 71.859071922390598 96.040134864902811 61.949552229283590 47.192297738397393 23.894234907275557 15.740984812650948 0.243302780260157 94.945901512782626 50.988913368230662 15.618504982759418 4.812707867395294 96.833353671430842 28.274519656079043 44.633689643294503 9.431699251833992 26.734728849528633 9.187890132100717 84.614002562249922 4.656620434890879 48.214562852190454 69.679203651958233 86.613540984175046 32.177961056849647 67.338393421721406
64.371988053419486 30.997586745091610 89.248981473277667 55.258846169564634 47.570780173185156 89.858489564033150 37.237656527792652 17.608184555234953 96.772794053037558 37.438585504781798 23.986883208078659 72.577496660538657 12.646802118236078 34.489556475049064 80.588908305913151 61.022283723817196 90.376918945672031 96.531686152994752 31.479382673866219 90.612162991768244 57.074553169199795 84.238653590271454 36.166534639829948 25.774388230880398 13.584110964980145 42.546866993252600 19.315224868391979 98.961968886750824 31.994851960383329 18.421604101264187 55.913279741749292 30.727137244262959 83.651155168272012 83.336919561524596 91.981394138803196 79.923969652264731 24.907045731378464 72.701321029101265 85.083182968349647 18.253488314095989 51.983841255392448 11.699949101997021 98.503802030729148 45.060542601432509 68.366598744016201 25.372161567057429 2.884372403166779 36.782616825083828 82.216744254790314 50.369990302604840 20.900903519779579 57.277579083556219 95.318557740419394 54.955470407301320 74.290621882610594 12.266576118933592 42.923440332531406 58.142343547860996 28.153446039708985 1.623401318325546 42.116537223467176 39.419955113984251 50.668630962691687 2.335704240430003 86.776782402941237 50.946000369307789 1.781375568436128 76.974810311122582 3.193023723722777 24.533444084017475 85.764984317456978 54.047160577213070 57.445759037883903 1.725541311050949 1.113116109682455 39.076196408493701 11.128188821306184 28.097828047477403 0.218492722913588 75.434061836190665 86.375356963818547 72.833840420988423 55.733389612976069 58.509641015253862 36.897527479811473 22.859333373196844 58.584494570492993 26.018873716886038 98.344429708077371 20.317706273967218 74.687578215853804 3.879775334660496 33.829873852869817 14.883028375417185 85.502168078132172 7.590688323750950 69.438067773140460 37.336384527694520 29.153678204152389 1.379528074666114 60.589380854624089 99.577224909566127 88.223356832795091 65.698758922786752 94.903213626397303 98.777401442438503 48.102524285527778 62.163817580938115 15.789830303712971 42.984178432686527 20.345877178734217 33.804376772891828 99.445983491626706 95.325656646426040 76.334063534482880 64.395916994888807 65.840946885889167 7.933478144049988 24.547669306431420 65.951830414328441 81.592622359812523 76.454124864658525 37.309124740047871 23.149333656758774 2.760182891312146 81.240477896178291 81.962399253641706 94.177074223236488 96.486509351789380 25.450404518104474 50.885391040260785 71.040468967509085 68.877047930529500 2.199657753171713 8.790048085430946 5.044167110829667 81.426151314733588 55.294133511699386 79.216253352517057 15.281046763317285 45.178895564929654 8.199268651525216 98.305107919955276 18.791963043481086 10.512470805948626 0.903317031374629 84.082169174558118 38.340040565945642 19.551458313799753 0.613863014569327 63.096224915028287 17.738501270115179 1.124226722549082 23.869967150484140 80.790765740599880 30.167346648329087 13.536602593159097 88.243316987305334 7.539383133831956 32.529032556606865 35.274258516140918 2.962771611488746 58.213456758762661 93.568450449068791 13.079767427211820 98.064346552800657 32.705315092010977 63.176509641887627 50.251719923016992 6.534488710524822 28.213951687675021 73.458330537348161 24.263807138604154 77.967265167468895 83.394478431125734 77.599189452059932 60.998728558899614 97.725627369605732 3.047580234082448 25.390826044842530 70.616176701648740 98.430070587814242 0.106720719176634 39.549098315748410 38.800253912994030 51.289097962137618 77.963169294233609 72.712758797509082 95.250481107315878 16.306367231548236 65.235478442925739 19.758091194704775 32.571341280899027 7.746475707877087 79.803009404822333 5.626467919259104 81.426255293624294 12.586800545391741 20.365191885489807 34.534653495833403
12.320676565862154 84.484217450764902 42.858229654284862 70.613931091679078 49.073591240698114 17.954322478785645 12.960729386676284 37.888711915691054 43.075426469654857 77.952574411524338 8.759415403437732 39.798762982421067 73.034589845565961 38.745882211256088 78.824207660457063 48.024070189248746 45.145147969230173 1.597031148551020 29.382997646815557 5.245603593230586 77.271976099954429 84.625069474665153 86.871734225102244 37.885686990364235 20.778029955766343 76.075746582721678 44.371837662362303 14.457804116634543 86.598179059549963 71.084749498989027 87.635536919131084 75.620293794684486 3.729685429507734 22.761787710827619 29.485072115172983 99.304275148875163 76.000022280350080 45.469721794038534 41.908377642196314 93.261861023974618 38.352051316473876 6.232507851333413 43.579123477785096 93.234986865915090 30.454085588894230 27.736591554787083 81.572885186866500 52.562243659666485 64.917575227291579 64.862670628404871 15.951948651391790 49.465033969655536 10.032157335852565 14.496324420291295 70.581655556979541 37.532871698876455 46.806766506012679 23.802710554922658 86.180735610632993 84.218506702316532 99.044253230341255 3.771373671069944 39.039574551107123 30.017028514813472 53.670793977403484 74.004868991175400 50.088752108481970 19.407681331602344 45.778678547416177 92.305961827090243 23.739415564421517 88.955644340470201 2.999605942417172 76.542352072043457 79.011778681275914 5.141546876294633 67.016774770546235 34.571137603718846 30.892027232387132 90.539638323278766 29.293818250987368 12.113359220333209 19.612762328669643 20.645079926113475 35.573269629559377 61.260574890563603 5.480682929130964 63.968036794312532 35.140778784531655 54.199080740025849 46.489219570943462 45.228121935528812 57.744377908723322 13.610141902370765 64.873734040758919 84.129623824113935 84.687849748566222 65.036145688244147 95.554365668517761 5.338289816777486 82.243125555088980 90.411898660026765 12.713886666205521 98.746205745347325 68.911515532177020 86.721885101914751 48.317121403062387 40.834254161967529 84.989440535834831 26.793813260841539 29.517459731025564 68.983744023794671 2.645675759682486 73.453123382896905 10.724279129062065 23.175755840429790 53.086844633355547 3.428859469152790 12.951031419946279 5.248526705078294 39.421145140083539 85.773377638530292 70.494816269789155 70.656378834541542 67.694015113290988 19.630220444316894 0.861694533146984 61.045155716103537 73.525496564064625 95.114854004924382 20.100673595745842 58.317986773466792 89.562215368577526 62.493177934071355 98.608772474647964 40.734136064024831 69.658857982021814 78.487802172143191 39.713829297207283 77.221471238458491 12.458859112820519 81.198355004064439 8.778001530249790 17.211091430053159 71.105499707298733 14.437982790066995 87.593635823985622 32.220705725480592 25.279566456456493 22.401689087507627 3.498846107788800 10.801413072111421 92.599911246980682 16.464183611058569 19.686198982214599 34.564674330580289 26.762024074127467 65.422051244100942 71.454388714727699 73.741693109930551 50.294198233733113 7.710505824265490 48.136067206651269 71.442251715501939 47.663323408316728 47.262447151126899 8.951310581310601 29.398231003980825 3.805716309425045 94.970934132796359 57.074753313053627 24.808589694131456 70.102469897445388 31.480277903140774 47.167696838411700 65.995437681270431 32.835268346463799 42.563892057966235 78.302979322254600 53.106515078997255 47.031439961917918 67.097917644771101 8.670260029819177 63.129580653589457 58.479289173761209 36.027542519570041 83.394775548512399 1.806592057542877 52.979937657961408 69.571639426173533 84.641614602646513 28.665336467234258 10.866709632539962 33.182251401575101 11.181569488442268 96.012891151343155 3.286405011456506 32.540560613465175 82.901044600279235 27.787403419723777
38.704770363824906 8.384033637739673 98.866101451541184 44.096863373051796 68.172210443466028 6.742188994774700 8.224086319770930 75.187367769168361 49.116154815054422 16.351486790624246 56.646654343612269 6.557074619159364 97.501792387797479 60.455867060602017 27.865868924798498 30.951327015988472 14.539716995197816 98.207055298346162 3.965573549025259 66.039994488658465 92.482595721881296 28.071536696702527 19.314955059667717 96.667023068214931 79.205335705574569 40.877219293951839 5.192744904037339 49.425731415228228 62.187947845805191 14.972523086479672 93.147748273003160 30.045728296265185 61.716130966145769 63.131977765403015 70.931604845363026 63.121257833990285 98.109202513600692 44.479941074529684 27.909343185404911 83.728046877436839 4.865208376769459 73.703355669659601 64.490918070561349 50.882580328511096 85.350217052928272 25.708483972832642 24.519293930443396 98.030496382173752 80.915727733624294 78.803442522543307 94.410445265902382 20.025802691473203 97.061306395899962 72.161148267587720 27.771510782085919 46.864501245356102 17.492668190334793 91.885218778516702 44.622309782728728 65.842374289897165 31.105695546859678 46.625548261950009 58.543970263735886 74.728119222308791 11.341351168304481 39.203932327388301 56.714949581060402 13.035170899941184 88.731882221216281 39.524610945198667 29.554530400194277 92.787369889012055 82.011881252515607 6.615012753714278 24.908068388138638 6.703288654013151 0.193048529702933 74.096633729553702 56.533533700328029 19.202776367840624 74.305646982033224 99.160394515934740 32.165622838219122 71.991477962815239 47.023056612421612 75.107359096502606 94.940146840226035 59.403483787884667 29.658644363524765 7.074791568304606 45.206070847168689 56.631549855372441 51.804926034658791 44.344351737279830 14.518914957898355 10.957343768708860 6.338701890194621 68.387140900502203 58.524475152391290 60.749972139172691 18.119679633411366 25.937464980315504 17.031471081159321 16.009081039209594 1.022473567069226 76.671242711056777 46.977496121078957 85.622035885296100 70.118311938765345 33.301858751416979 89.683468146183657 71.150583553664802 17.810953708998156 47.586059331895690 96.713031153747934 26.530372327921260 37.771657836010043 1.164391147077048 57.785444227176477 73.777778426326989 13.956921901390185 98.104010185565599 17.628938278273111 27.358387799063944 66.957286488767622 31.266234950340376 7.907651813918637 13.756803438006438 31.127817367820754 52.594347479641755 77.516666098764460 78.734921042723471 57.375292932931998 77.424472762324740 52.892807936230867 16.098704084992434 48.745310001241329 66.164897147692471 63.327954112511108 85.917195161113170 96.208111623317421 98.030535564548885 6.171379152159917 60.307559627790098 99.682534303289145 20.500986596489547 41.281876227425570 66.742106679180864 92.247809495583027 96.061538846992036 48.914422161049465 42.825053069187454 47.854246855653557 27.808183400624252 19.329125782103930 47.089064582292295 83.469449505607344 82.029187131758945 4.022039646883724 42.851299633341412 70.049247738263858 8.737834152845924 97.609075571696451 65.473033765435318 31.137606456672795 62.473568074140637 64.306298392312840 4.784853606883155 88.585486518317424 96.725152920477697 66.684676900131322 61.260778298823560 36.896271274556447 58.960791865121074 5.608084509566902 94.748757762931518 11.846695483502078 57.056748777805176 46.672216794380482 54.891539285809102 13.468266016270757 85.393594675606082 98.886093433080418 47.504007910404489 30.261527471649920 47.328158149800650 87.933359162895286 75.341570911414564 6.935963602098949 70.897122081380232 65.734482009661562 18.047020921346267 67.996239381963449 1.358649490543762 98.552247049233372 52.242801960586561 19.588914775336086 65.978089455359594 66.592779421465806 6.314633388514357
25.697340359629361 7.813751960169046 14.882447410484490 76.783122963941409 24.814561072629495 31.035644896190529 4.374651708261523 64.532696952800535 83.321589941018416 30.578154359564735 60.572246979088348 6.212055449001075 17.355024539524056 99.570859309406927 20.938660769814653 4.138693541480976 64.331941509880110 6.167198508517158 82.681304789186058 93.887337788996376 45.311518721405143 44.784830251772192 16.524164583162982 16.237167466570835 11.565339116646356 82.337607160042054 73.853890454033390 24.021482785554539 80.113648876214640 13.334277713976361 32.207072297383334 19.004797955135654 29.176668886214085 32.257732102405242 49.104502199466417 33.726224411575558 27.555495027830045 45.068662497411374 83.118249644816274 60.419194147849019 96.682379126335633 75.320471279770516 63.111594941725414 24.513876502276620 11.822867607005117 36.106451811236951 2.032054449220821 94.691384470191139 47.160758700535631 76.575978112160399 42.905620661830682 67.447818504713169 95.910701989339799 79.210914648177550 2.138006838547912 20.513843246187278 17.894889384167577 34.217974053215187 77.715081716352643 86.917302333192495 21.602180237389391 19.564443136737285 99.506397699580816 84.930147393143514 58.049082997012214 53.939240809552189 56.447493310509159 21.373547428863503 35.988879144650710 12.934051065516982 46.494165491681116 42.134936584838968 85.706322080441751 12.496968992247904 55.157497573193467 71.303710716255580 11.514008250002449 25.989801301527560 39.990785819809780 45.831505512351832 25.211274590298661 27.469978294515528 95.340067402014910 86.993548646521702 6.075722031556429 99.040700173031709 91.169401892991942 62.774666208742268 19.124539700589771 36.886228615871360 13.278011996903006 68.607682176255096 76.220783733051917 59.969439703914716 59.308038614681344 30.989459303825452 6.468074807294144 12.536030172386980 7.771929938511546 39.935784763287863 55.712211193046102 13.406038939743393 92.328893705807843 54.215246902097810 77.352107432595446 20.440510488918139 74.399552876201170 88.935398171640273 79.760156575828972 2.876494037654720 44.524398513517127 34.813827743191986 57.461712366407227 52.871301454885952 58.902887052923589 93.884388169035390 95.132934616283450 18.835757372490480 39.546368952175740 94.924184843215770 60.672390958714452 71.259636592440884 12.777016050732081 26.057614338747815 36.736579199051242 35.973270772132949 25.463479832060610 87.844454692835143 64.434672809447250 74.046347990497566 72.990722894916885 63.496308352483958 24.037467615877627 55.933968439192540 82.776827713422890 2.816239722129033 61.186927150639036 77.976932973011543 74.955766795957246 97.767751964075416 15.818214756145865 21.497775090507744 97.226045167888586 13.406962149076273 75.178305620190386 61.504712907426374 19.330066522182541 18.268556026524973 60.254028680818315 49.339574474161665 23.731992250838008 93.958551160037018 4.425693968764877 80.003227077758382 71.344846854145331 88.396948957942413 15.539829979004537 56.109530847408628 98.404061820958006 2.887890069170107 44.514077366956329 65.152432579033075 43.846222284154678 8.165704323354872 28.570001655586484 51.865497791041903 75.682145763446329 2.800779575171330 10.883092237925018 26.740159170183919 18.200512576761383 2.056630409271165 20.292802557640499 73.950893916781652 58.142963677293750 81.959745529710347 93.932172369810502 75.981728683352799 35.258591172036070 14.323549486760623 48.124021235148241 2.612369521178004 59.125782401446749 33.567365575146347 11.094576110297504 25.719630004515835 31.443521984908362 30.468321975865820 8.166357004683377 44.661717516044739 28.548573890803141 83.857768499316037 98.442757589288561 40.649384664415244 31.568854991140526 53.474125997335463 65.116449169024534 88.592009078949886 88.643035885476550 17.509516132451630
59.519215676305372 64.123373354179165 1.571600476885582 25.569250518886211 52.463817302714666 2.469592566463363 95.480868628633260 49.012818078474808 49.202443511255922 15.509759371014930 34.314923497244578 8.383817935523707 29.045496903631786 4.572013900884420 50.204408363534881 6.655384817623022 49.381856961721383 75.859407381361194 79.002297887915674 16.341909390586139 33.214673281858317 21.008638767245323 35.372254488453315 93.538617692696363 60.892112371747352 39.530535086257444 63.511372729322460 94.072020075740525 56.915773549235269 88.332431897292963 9.746963439055811 93.899105726617066 49.886902820150979 33.157010959357990 75.539169587078518 18.512189751437948 15.701034599556641 94.601006377567785 35.441080262508073 47.584303938644126 42.248997235172467 63.262135063883065 38.095087952094588 68.973825262406180 96.093645505742970 91.887818469197541 87.156286319881289 47.779961448203466 41.141003286939906 26.917997646122473 35.764155236803560 24.835216118889424 71.119860801395902 71.076292359198121 68.492422248736872 41.697157277980388 90.977685562867961 27.667129198892503 26.347170500922491 74.976758095879674 76.325304122142626 82.468893344768261 31.133703492195231 78.731059247577321 65.997572238805120 49.094087918351626 2.839955794463123 42.814580680131421 43.621636740810423 56.883590298084449 48.498828430541273 32.835386238632744 67.865462223722787 10.147418312360813 86.008290330892706 53.213669369481977 15.467055131748019 6.918157878895959 29.525025962141925 33.246585049955144 96.784192851297718 68.615876810062090 15.494390106254595 97.246741217543800 28.584240322657884 35.431773755744942 33.331785012063662 10.962059062033235 35.441963854308668 85.099911322321390 9.102907758038237 17.662146900326182 66.819982183117872 96.414964467350956 84.231574316853141 87.726510252625857 41.564961679486800 46.696291347717043 30.022241789751703 89.701705567818209 41.053729912898810 87.746445794598387 23.458674904212952 72.446969395203155 44.788460238102182 93.785047559468808 60.686332967534128 52.397577427636598 7.066440980333510 99.277478527726345 87.879577372493628 17.443447124374867 63.505375401093765 0.157454450813366 77.258545844247536 94.905869945640035 77.645928693582306 76.430467787585897 27.284015211984858 2.739934385132292 8.257155161752516 1.025930491030236 99.109019187023165 62.498317851563854 17.515672450019970 31.107989935238102 94.486522189005200 73.696055804418918 91.615121757038352 83.394085865068504 93.052310051082713 21.800963079236489 45.740515412117148 87.510310259178098 49.423611908057183 6.530421272621689 57.767562338923938 14.581720551776856 26.494383720993586 95.637333223111767 54.936921085108381 0.966042496805941 7.710417891110000 67.992178644296459 95.402216806678453 17.165800457728864 26.214514618753938 78.667655726203606 41.469508703549543 14.094787951135125 20.743475066984907 22.411504071092260 4.169726634868665 48.002598352711011 81.454007507516906 74.460129690757427 75.915337411520881 15.873727896202173 59.389643171022968 92.822193017226297 31.146588578512524 7.545501122711073 67.793235351740876 77.473783603372880 64.885252619695507 63.802927456681580 47.302176070355920 90.119525811993867 44.565310696365245 82.035474354858053 61.735619483845227 28.530356122337952 14.141653407087807 12.821156467231710 10.207509460604724 99.940917583490531 94.490300091991799 14.073182690362163 3.800765412151896 63.773256278662608 95.961027028240082 46.079912429396543 66.610403693216625 83.511187316426344 55.623508283590020 20.274208005529047 38.519343049420840 24.608618144595674 52.334154752540542 97.183054349932320 68.691744097410904 33.884750154057841 13.310490693121590 21.561200790648950 15.281117096274121 15.412955878103041 84.303987336435185 55.237901560872004 92.049560714976366 26.737786866328584
11.582816489338887 99.283940123876746 79.507536640546633 80.257966675710264 31.926754476265685 89.285170212776777 31.861038850653056 27.264296786619180 57.958064178563703 33.574226816573017 64.808861792439785 54.752564866121567 88.735160733404001 81.275206091735456 23.580460933170322 60.832484333501000 6.571313849748561 9.703681277939202 60.945586951226957 92.435525384641039 71.564749147009806 22.326163064970839 22.333982385399807 67.514904018552357 40.495532042010993 29.006376075864104 3.636650721533075 78.636579936520363 87.946012930734128 40.961459428612955 77.282492888273893 12.474821324336061 53.887998601418772 9.909837183407033 17.421784611496339 98.395169461379666 39.240577468641945 14.342760256539044 81.865383953981095 52.673388751807124 2.673276158542415 5.108998408589905 73.450828089249526 11.997447497728208 36.834578813846043 54.361922123975702 47.334984684805313 40.721543174089547 30.673086308585152 87.376237536697303 58.277540484310578 72.432385124031356 42.899635235317369 40.597753448128330 21.812523159056283 91.992334222506827 26.355625471622190 20.941915100024101 32.691613261481109 33.197886615603579 54.199945796963853 12.914420349839729 26.351403976496702 1.534362922411969 82.203231528138431 2.765773551168282 84.942594326292976 22.134467692610293 3.733118541589731 84.126560842889461 15.397425711244118 66.424268054647058 97.105364604424977 74.827295133293745 42.254057389085261 55.182289222816181 8.227583843187269 83.483629547311693 67.237697881644522 45.080595457820557 58.792487988079323 74.138029895204411 77.135236016337785 18.673064829480911 95.863560613663125 79.893220265030436 32.061887463106189 69.895879258117901 76.578748244697195 85.924174798629622 78.169371744217315 26.746433520283773 5.945150665866217 8.647973543571208 88.893231969065241 85.794877982014583 22.916907824537681 61.275747597134448 51.728577523827589 70.032796161512223 74.093467600962938 31.818325598760012 85.169132212784206 81.949194434795174 94.601347970282035 11.697441912408092 66.482689921936611 1.005651748310998 66.816730213287869 76.698120938945323 24.657461580270180 21.888567955634109 43.060606649711822 84.132237331337706 96.652144827929931 55.107329196858835 72.075602815314511 53.861400522079471 33.213575238091138 79.070114430051348 13.542095595719260 56.363670724980651 62.025664386397963 9.908293831096348 55.710606552070651 73.343132438083359 50.143839903269473 85.242955167171303 67.019799366687394 82.233949522944854 14.959216171207535 1.790978780742569 0.073518907531889 26.834302478729899 75.927067698765498 20.561887394687172 67.667187226876152 15.091800862262872 75.623161706350032 88.251428750136114 17.420106337798767 40.252423566559955 49.105828062372623 92.796949920116063 32.647727970016483 95.911265222252837 84.839474511453190 66.232783721902493 50.017563297992993 67.847846581447143 87.682020419293920 57.638951164605686 71.434541374782739 37.961610941867988 16.272318071758718 17.933336334120419 51.656064086190455 0.848427153119502 25.774315366660929 68.965605207443886 70.345680805643127 94.339131242970140 16.420961313166980 27.379286364997281 37.336832905151986 40.467089238577380 70.506665748119403 12.994196526587388 29.761745395126649 25.121012860992774 88.445836438944042 70.516170082790708 44.755403565550282 24.496529017224510 64.665633482853451 3.076261486643861 63.702034522140139 16.200032635096441 90.981175628331485 71.774993192899046 88.613822938955352 47.000010552993828 78.227216232995445 95.313988720055917 6.876905469711680 8.407590439141178 54.444324249831524 15.246125212234695 43.460786702855955 98.428857102445178 91.038596315168391 83.504383729380564 38.636223092011392 45.003074970461299 41.716753335502275 63.948344727113401 94.157404673405992 30.638051749916549 97.876644525138872 72.470947184758103
47.422202851439174 90.284705539395603 5.173675974234360 20.651152729249024 37.514346678723022 22.267088044803007 68.275262664454701 98.043227045298067 56.457854068505355 71.213236595624323 31.599712593541717 12.275230819734285 56.961528263737726 30.505301317162782 46.510717058541360 80.256534767118310 61.692744613121121 51.153649983140937 9.627304465191244 25.069937119243558 55.361018034100816 93.344584119401432 0.710701557696569 62.971327235304919 78.577095873867350 1.339534206194315 65.421589171102141 59.284303337945190 75.036265988607113 22.826136444179777 33.287329091973696 15.070585861420849 77.536101721646418 62.640646871067432 10.724122792556191 8.123752803325623 26.865786593263131 56.920895992141709 67.257647819518326 31.440318977875094 97.324682514359409 1.621498814638933 1.057123332476984 6.092259158313307 25.092915633985356 72.991273713416575 86.023380330205299 5.960880615293373 32.415039845661632 52.686097986607940 5.094599739121620 14.369198569677600 21.436563610381398 22.955775901914286 1.672842019703780 0.203166022070445 57.680099824502548 59.449406528361571 8.283699559926006 30.215587126634791 90.772150486674107 8.113592986414286 46.138633359092488 9.803463970336445 43.943785293704416 8.650974026645564 67.377245082694287 43.577464229563709 27.848438758679006 14.144488772445341 57.119685724288658 33.858323690053574 31.536076336789897 54.043454581698690 67.350854621991090 54.678092860970274 78.232360807812810 56.822355613897578 97.158667340018852 12.770221141583715 41.062141635358564 91.606847664638238 4.953637660723354 85.446191201998531 6.034492475411168 77.881379990994077 1.754669453398194 4.906903352599324 69.099530328506177 43.830435629678902 24.919151615614275 26.348038174664211 16.980480538268729 81.332002758419861 43.551188092332268 28.866623643497846 84.438666096389809 97.977285915026528 77.544753326036727 69.298976879848283 69.773863354169023 92.852728063207280 63.392055103982891 32.801842016965644 85.745093688890520 33.702157070561100 17.310800037349427 77.408359492697755 73.661513772322124 32.445168468912314 62.184135053618483 84.302445252067656 77.286817628362442 65.234786980142104 69.027381621010093 14.764087069274169 97.104611846897399 33.797682244678718 7.120303849257381 40.354677504817701 10.645635151561539 48.451439356560236 79.524652988024940 51.149443434220828 26.148856772003281 32.219412122815726 37.652537921187388 29.314075877206481 73.083389768173532 37.134204332937117 88.518525233987404 9.469572044794972 46.301427213836035 18.777088420345290 40.970844589453094 63.648753785899416 0.855907747870088 36.695455991761897 89.855339024796464 80.031713098459718 39.642128422050249 74.381520125065762 80.882320398872537 63.866661949920875 56.889677757855651 21.937874292791946 62.265982036986621 92.417788545487753 39.749544727819305 81.123398985739925 45.506333727534908 15.084964939455181 5.072933348518283 15.708399104010496 41.075556160629510 34.770062838661218 82.542030495086962 97.153454402748579 13.425624532878999 6.436834572881168 68.368065673153694 11.997187563341649 64.010414551825548 77.763197811211285 98.926186113072134 89.560253770827643 86.234948393775440 57.918078684138585 36.020947149632462 43.987470926149008 16.343754800713928 40.602200614806790 34.071488322845269 20.103410524731025 72.798769192165054 74.546830490994182 13.786393359155602 75.170062455866102 7.888173800219123 55.413849253795142 93.913274993183109 46.919928705044065 67.987069202762967 77.162545636954363 4.015778462591335 56.799037578892865 52.266876516663864 87.584803150510012 23.123974195417752 48.442310829432031 48.733065855332228 71.207028843426130 57.810917486693313 19.066615615659778 11.128389944655147 75.916743986174197 76.999243211547508 19.397384643844916 97.554748204022417 32.836495493905161
39.378386765619986 33.227423264460576 88.800348954276714 58.552788605971315 6.750631456190792 93.034484729854029 6.529961857508127 75.757988008354559 89.171818075093682 99.386223489913050 9.418033538687066 2.476032329055189 78.870742587308712 32.797572389207232 67.219649390530506 50.399190052632129 51.854994233834859 99.325438373717816 84.746705614834966 86.727501964984739 38.487700069471089 87.900309423610040 4.864990272805548 76.028907092235826 6.744940158475099 28.835233176339592 48.941724214723159 99.269928964158609 86.127021139494502 58.232078114061260 94.441630522757407 8.285000340605242 27.559562681883065 35.762245820215121 18.193405680084073 11.306518675980881 2.392906303837861 56.846130637367089 81.685233349446648 1.332609946650765 51.046854442863257 64.429140329876731 36.141947168348466 50.858112831648540 29.670628355376582 97.872962291290008 81.575970040897559 93.441228577152231 86.833409253646181 22.347496403013555 15.541215250179430 36.791483086083822 70.502372803496556 87.078124932457612 70.995953115332611 95.321976006932147 11.689365812481356 6.542439185945137 1.272815911811342 60.689054234365017 93.016103306548587 93.730371941528077 29.644502178903199 57.405047140298194 42.331420751969048 24.314355965520207 14.911314405891851 60.284185596519080 72.236523963659863 25.516396918687366 11.104722928903122 61.220351689740284 52.070902352108284 79.567834236265313 67.945817727292905 16.305678218429343 13.213902783579956 42.281078533431348 95.848083330821126 97.568920336890884 47.577642320325978 10.776424969740251 70.777773249782413 76.089494904639338 9.052053680985717 6.475029605658067 53.759649443983385 66.251975944319653 97.772067501633899 12.584143030950390 98.654647274062938 82.786846574752246 21.102158381999025 55.387251054173127 61.486278876735398 1.834274053230356 61.446923714054648 90.227809444700540 66.151588287793487 27.655602592424422 30.361519346898536 14.543646823162582 15.012647105874510 76.565681667862876 67.119750074070268 33.783489070211203 21.652916556273549 20.230168819996099 2.530989246548565 48.308793016295603 7.910770462826033 6.194400938264522 80.318509398371603 74.225583485351024 85.097851670324687 75.381483159286020 44.971613723621303 46.267107745215000 70.181759144426010 63.267796431197830 34.184213382027430 66.294235769906152 96.601978897129086 61.418263231842239 58.234065741776597 12.426204857094014 59.128944568606599 6.789984305987318 26.444508090253503 44.934044382249091 60.111617339134895 21.031581033461844 1.935317241174839 17.396523932252695 93.120574454921737 11.776478644275413 50.004509285980006 17.960134230674495 88.143596443701043 88.275077064336500 84.907328732102712 47.713158158709781 11.913496138569911 37.855701167672976 77.996586319555163 58.057214954751601 81.710988782048290 86.905754991309507 1.932980899125736 10.122461440272968 19.738970598509297 36.560206391901282 99.680630324673302 39.201083578247008 6.894068437883726 6.677446501738538 66.701676940264491 92.997754582883431 96.585333496947086 87.091609668559258 81.513572049560850 83.926554504498498 72.307062477342726 86.135611070353164 58.063651254002423 29.912449974030686 53.362791068329408 13.842699569319961 36.472991352769824 97.630916432369133 38.063303472252699 34.174837376191626 29.864776604592258 13.824106459718655 73.800451827076373 56.039547907704531 55.006341204886823 55.376069759840043 4.530481171608391 30.755832924995385 41.766944980043249 78.587036700960326 71.782245471115573 44.440521008615754 18.200027148156128 26.767980631808143 65.783373490728806 79.520008673797378 80.334321275678974 43.636442555020963 63.684205219272073 43.407760594421148 61.954125993066754 52.563765392329564 77.942345034340093 95.783056943394712 82.138185925750818 93.250681756155288 74.168640221986522 7.963258648379846
5.563674718987299 69.737691013494768 61.722355934435825 53.732148773125822 47.330792381391895 52.464355173895960 88.251735624983880 98.856144461028009 34.015414634248401 63.394281135565137 90.675448337238990 4.153760315329491 8.583559240049244 59.391392765003616 21.317745543502209 39.829021529278400 10.642928101457693 87.303839053960687 24.434716235133656 76.752344644927604 98.031107772828534 41.182524701102061 48.781757241661907 46.422480698028487 80.000444076937598 15.499515216855531 78.252644032028826 0.113185893944179 65.037897700588474 70.946497526392079 48.383217022910195 65.712274288722156 36.670543250653040 15.100437877550343 59.965329496901475 96.176891066452725 81.325000098685692 20.487289732083049 79.407275476546161 97.903930536324168 91.129803680338611 58.985936288919682 29.845952651943207 79.324745224728872 95.278310051459414 24.180259408205153 72.838269693346305 24.871571268578130 52.553522271134987 79.141556779706875 44.405599392535123 51.843640374338406 79.069354796963495 62.625806392394544 12.632710819120030 23.917036016812364 35.813757856521619 34.018344895391728 35.337820152883346 6.815439283975322 38.774614703624835 67.314180270898703 61.958927289551248 87.607821342008336 23.614237343348133 86.950706934534836 49.195757183075983 35.969559847270560 31.336738952237798 29.573261414357745 5.982495064650461 52.357013119491810 43.798555128147001 74.610684958025729 45.457077907750254 61.989245451025823 34.062029267356252 21.237363612602000 41.580793725377021 61.429146081912542 58.315014729799209 15.076417873032256 56.943136932380789 21.873303898156681 7.376182863575109 11.367871978257437 92.125771000386550 46.013771248959110 0.840242469197505 43.625938342702518 39.035532446293040 49.843531738878724 8.457017775805188 25.567241434129762 10.550783828860377 79.924018253252797 14.264868796956630 63.347408719058862 63.236413127626804 70.621433744805302 14.753071840180365 50.089389475148707 61.237187724442336 39.480643528615424 87.593336054078208 54.201333374042626 63.382603993286111 95.703302230788836 61.402053895705102 94.285145161518656 76.455636021467825 48.760133601230308 6.439953544710386 61.222662762422665 64.361268945048934 19.416886747995179 52.813164737326638 21.953012642086644 7.884881754496820 75.141961990136323 23.442082212707682 10.257650735521439 96.197245308984989 21.454403127357423 69.754668009690789 64.959824333346631 61.749388727708485 95.018629723686018 21.973179585656176 38.941096153130573 75.692790314319168 14.934539706213823 64.010412738445353 92.106071340918390 92.491557679740211 79.380919859336245 14.744299571553942 76.101962978279929 47.499096481859617 94.369680735143092 28.733699299981840 38.401716534372589 6.732487828139810 38.225880659132415 78.441102393069457 84.082453056531321 80.479275803816975 34.419299019895142 69.025828788740213 13.875459956536618 65.112227515023136 20.086232978933815 33.633491828934545 37.893277546217860 9.595644891332100 37.167679752221460 79.926461631484031 62.461558178927376 63.538260272465308 15.201270805237954 59.569054652959153 97.384576297843978 30.347610275070803 14.286043187730446 61.200360328494561 72.714112405069656 53.837089610720056 82.812953804717310 22.641917857163207 32.576732031500164 56.225561839571149 99.938114497008243 5.539240676692736 25.563342541729583 92.654874493263591 62.549862331488839 49.443744135787306 42.090877285372663 98.753098722141516 88.571771198042313 41.034434687235411 41.352191173920424 62.565696891689335 29.913730415073669 12.113896054307816 23.108148485072977 81.246737084679992 14.904156182265304 77.979978186551477 4.946258917744395 71.199761139710731 10.577394938708762 39.906145298662935 93.326919120427505 29.208357330643185 65.474565916895699 88.104067279582594 38.633943894171750 34.725759903463839 0.962105363166266
46.760393217098695 87.134234373587233 68.274461747682608 45.113966283554817 35.145681552815667 33.399040085432375 81.470856503758299 85.061090989479410 2.322020662617552 84.647073900889907 38.270781072157355 0.374997087231954 8.045042505922751 6.991185533236122 48.085949957657562 52.953051442803059 3.816029922016972 55.665264957151230 61.936616359602212 90.558175853091811 58.130787319262055 13.467235981004944 93.486531308972516 87.630661969722837 35.614405479136138 81.517534055650700 23.944737259964064 61.873768760741065 38.762037587638595 27.300269052328275 15.853866062826327 55.041633951936078 67.342848108405221 70.138123417354876 90.402871761251902 12.126270155064722 39.120613028418092 50.100452785143659 41.217506223494894 1.735199024903178 94.367029056418275 38.990026951319869 59.912250186991180 38.917921147655235 29.444949694060540 29.896907438388197 97.252440380424204 1.191886919923657 55.583522709444090 59.860372412268447 74.906443396273076 81.765197158493990 58.964109157149394 11.797894171411071 10.796511387437258 81.866021375142296 49.549191419951178 94.405847000354072 91.160226624472983 86.881929597074659 27.453363497286574 24.393303482209060 34.532146825758993 63.061227196157375 16.943623968269218 22.325971799950885 96.326773234430931 47.471382931386266 47.469495057215873 78.567794388628144 18.736009622421392 43.114106249839715 63.996029172632142 63.349841475690958 36.747276213959424 94.624846803442679 53.978926779639572 8.609768822960451 30.078552097050437 98.021220830119788 35.796178502775163 22.625118160682099 20.428514275473042 4.485573188057934 55.728484455571092 13.325042823335542 50.187707688787185 47.381898333116290 46.208989053125158 5.377264044628172 90.730049770856951 77.051309802012796 0.132000569159196 67.961856566936547 37.994059235466672 91.848698291937964 69.300039462027428 65.078010159165061 12.150862040535449 4.302725022415821 64.252529282291874 77.982413165357599 13.475238047133010 17.020382186030748 86.027044927535641 17.812638563961649 20.450261530471934 17.851770753645681 70.050095814230033 55.201608430389889 40.464463041060561 28.323767425642778 39.403437877467617 98.838133509507188 57.330655657118157 17.259168873625196 20.800425082475162 42.649350667187534 59.244192182696608 85.984773840343024 2.009773781063517 47.999890383357922 94.956036371927581 99.873012669018408 78.123720413761788 38.652179926822193 70.853267596705422 88.966844316402714 52.615909084653524 61.064224360616201 93.985296704159168 7.721678153694489 66.568987984057415 52.805055712037316 53.756885201208185 46.143970484929930 42.131982240780687 51.586562668012583 25.528857957097951 65.340939032810681 29.000024191434093 27.648369558274368 63.590376723307344 1.742121325099710 63.176894813631655 5.901306453992150 60.713376206328249 29.025239298064765 28.618115485309282 44.069460350799595 56.130929813339414 77.740275329354446 46.341189325252394 80.345853313700943 66.755075329018496 91.204038687764566 19.155939397112821 88.903243505038233 99.837707936476818 46.521943572439717 63.083722648861674 27.550231769333642 7.933925444483359 68.804229096335177 30.409939773355209 56.565823717167063 91.147879287765079 26.449030395588935 86.970175715829839 91.120506550886063 28.464562271547621 5.562596703886946 93.502918068806338 92.027512771234925 20.547268733069924 77.228927333832559 75.288320346000191 20.441827551909920 27.552956110275339 87.824731771234582 62.534750038224686 1.051151607915857 91.163425540204059 68.571690782087785 57.064887125064764 79.067265514063237 74.689535353995936 59.969705606240531 19.637400816201978 35.581854143118406 95.057272996860618 90.843882602742823 6.034314688262709 9.110686873449225 86.283288656045826 34.663481812256677 10.458924772281030 43.726784820812590 64.734624965441270 17.072497829301124
72.656348579193590 65.993053052844630 2.464460740694507 77.631108883184595 80.907241303637363 37.798204165035152 89.744823980766725 73.696661967276029 37.241697225864236 94.483073986625840 62.314027804427653 62.143207852102869 89.648612987978680 44.369529534101538 19.183892665897872 0.404646480617976 4.978285474556932 68.435105136470114 22.265126395151746 6.600526847681232 2.366318142896362 6.322038447793732 19.481137150395078 39.775119500862047 25.606722128543346 86.113979307167455 45.197460893868545 38.225431363351113 36.281922145599076 64.579955906416018 11.094702658765442 12.546843668615693 14.381470518137196 59.058322939071637 81.526947395217476 96.281851877059609 97.002811089273351 36.842295743521689 72.230690700882747 11.596038926561148 88.071398910092967 50.113685066121185 89.913897243504081 87.291638375573157 62.619491074674947 74.416502373086118 71.411877561479031 21.857828623874941 25.681190624073082 38.281146541184818 96.484428605619186 3.327565847463421 92.066843520854022 72.055869053233678 36.055516864157042 45.340730181251324 62.509745290994623 48.049023159304902 39.450609511758429 75.682603605792991 84.196627433091948 6.954691085308862 9.361297424479098 70.025841187547130 97.432509183424557 25.859827063066220 47.913692041205024 16.961119209689336 1.679307681579467 41.717651893549679 49.473369570332594 25.679865961911130 42.903689103019275 73.165899967455971 95.718458831931613 3.638117685087650 43.400741346604498 87.659122948871428 72.789281747281422 55.289880773581302 53.450502716609890 8.006474453200585 42.687385188094154 67.492877481943083 64.643242489809126 48.131610706111992 20.694950254966471 13.069634394583151 49.628625336375087 49.106443332494230 31.897093320507640 69.346445730764970 42.403900357874292 45.010607655159355 70.925800903278869 74.190778425706654 0.172711982565299 29.836544956907407 62.012681124393630 30.544527017981704 33.637419463000818 80.723452116157119 44.683491952915908 45.468949386413449 94.500050998114688 25.098998585579825 55.089050267706973 79.160364687816795 67.845052684869245 63.830745467260755 42.252100619626297 19.973270649968910 48.317677539574625 43.805191583599502 76.493887444522173 63.171186884959496 76.792146880944273 12.469888618162084 51.129668492831229 98.399370790953824 75.915540766429672 9.175947471838331 86.915196715750156 21.357198227265272 92.223122790035191 19.949435086827805 65.725141471776865 22.111143336414486 67.609441832190498 21.450623709136487 34.864350004823365 10.102456530359728 95.060213328228457 26.552589580165598 9.814440928954738 20.350437288894817 50.334874689481978 26.594108018024688 34.495589933356932 59.239177085691900 31.894373213158310 53.370491179507937 19.594562880258280 16.221962050881022 45.328326925501287 96.140744553016106 12.353252111734703 64.572945506004359 96.881717570642508 38.553557758104184 15.266475132196145 63.612797265899026 23.172970123519974 47.053760050817793 71.939197600406459 46.661954888995751 22.039553596947915 84.806268977014753 40.994749965381885 34.116693925122888 45.549716773793911 90.784428204898020 0.173610552260317 13.044551134115313 18.129170368166093 40.930105626927990 93.886308622448979 35.633519134271985 22.540102209915812 11.071393056436040 79.408644021427889 51.693217352119348 33.371133437511290 69.697739981255197 69.614965623908404 67.365100625519574 97.211860767809114 33.947550826778219 40.004221639362655 76.264953384544754 16.157303959371205 11.180711151482580 33.594292884030175 14.260034914554186 52.194082359959346 84.073122261388050 4.801134211693614 4.456137180485875 3.318851796036260 11.021739666091202 19.029359991501636 61.271483925452372 91.818097456549992 84.025517063688298 54.071694138508406 92.351599039834582 69.302893549900830 93.375189934326443 77.465273020408603 85.230946505259482
17.606482385326515 10.415041988114970 41.462788433050044 71.899606489310912 0.030752323499639 58.390405981089962 20.800941489895187 66.288727640722172 12.114773097997277 17.411439339727774 64.831404412219868 2.633740754843894 81.901820837074538 78.141527357512103 69.348552403214271 65.056171149655427 79.341290003007899 53.340827082771028 96.948569538120495 96.291038624651321 92.331432902067561 6.084041373215443 48.229030076681255 37.830496705087043 67.106061578982391 30.183847713378555 61.747283510704357 62.863527643368712 1.425554466903611 71.321554342119413 38.333093943671329 48.516429806186032 59.884674261842164 23.714492716813893 66.084330496524174 80.804127365505266 50.940064584834509 82.738370175644789 73.118942042613838 78.355322059970959 3.233467044250493 78.220798594981062 11.261256753550807 2.526679209981664 41.078652433531147 67.740090535899355 90.834930727821572 30.157139777507126 20.795899557902153 41.029132208191456 61.049141281788721 3.238846697685471 98.545427651857864 71.454886330704582 21.593786273382044 48.642541273161285 4.038560085093057 96.181231176708749 8.467450137216236 37.062169875538807 85.149570555924853 60.960034634859227 55.299142352856478 75.716981865080001 62.560029745524574 2.179055377889572 38.950510021026318 11.959431351662076 80.395444115894463 58.766914275307499 15.076780191211746 18.642371956453463 29.360951015377179 0.111694426142561 3.768044097902290 64.889879618328337 4.002581598667176 83.201214290143611 98.480927470847320 30.356561590926766 1.285048497276786 10.078802994455216 14.970311634596156 6.424503865325826 14.621175326138458 90.127934095835727 79.372714132931378 79.150642634808761 44.012497370803203 91.059161783984521 0.247237721487503 12.355929922737118 53.295599445893224 13.031160017529720 53.619584965138010 46.089491880184710 19.255062604220896 53.452055230949405 81.480280100700568 42.848155514731900 99.494939086724713 19.079544562555771 64.715184982129031 58.405218272649009 67.189125351871994 29.918852608427791 65.194647801214842 63.739469516700979 38.225942852653972 17.233253910336899 54.373971638009976 28.710991967062071 51.802617325062364 85.574353817812479 97.390360479422341 14.104887609336892 88.839980318983351 92.561099085808124 44.404254516021524 41.333275882957544 94.246042031256891 20.029397779222634 10.099501844272652 22.537767168222334 44.270478838346641 12.307528148906721 82.261451393238858 77.600401140036837 56.491020970459573 12.983079740846215 26.978840666934957 55.610345756894965 52.472223193966187 89.939504424099994 3.460624030221815 80.819963099940878 94.838166107529830 69.825876962594506 74.145198683322420 13.289273474778685 11.339529632826384 45.743090977382352 93.826788803041538 78.552374279427355 99.093062414164393 1.547753079181247 6.419183128101480 35.437727912693795 93.486018734865667 90.458131573802262 28.523920130525362 96.874303719845727 92.226641575847111 17.824644887404929 53.475407086182813 7.790880621907115 35.420328278041154 81.699900534247433 60.483701175195307 61.792048124311961 71.280218008495822 31.060374611621366 31.994649439179192 76.933370888702740 89.422974532207931 60.694317500486861 4.699963436999688 67.167153696421025 87.262189671572671 31.143954890279769 65.330176511750238 76.648885919444439 51.721366967338071 61.721068729643392 43.993417206229410 56.007228736201441 87.239702171181705 73.787111653988177 43.022134089760755 58.125579487479314 2.743695343790942 22.150251041939029 62.815531934830560 73.977563520153382 69.851400020622478 21.110028032329264 21.166233719035297 60.422222795185498 86.718475807312458 98.161006298107921 98.134660529686002 77.154463708930450 67.091086052890631 88.134306342786729 92.874489790160098 48.609835147731616 32.342751953689508 77.933475479415122 10.780158803559981 15.456123094418084
22.615917899437843 34.894210041734539 87.836728514635766 0.758323968904373 9.968915447838423 31.974372566690125 2.809913135451680 33.420116487070558 76.115424729517301 24.539382735591186 60.467791494439062 22.283053682768838 71.668022979010402 79.809995084750256 50.910417768633764 90.324800403221147 10.648801690426801 46.851563497603813 79.351788785488310 29.684399211110811 99.606947608781567 91.374758251611027 77.282995588239217 82.549882679534321 69.333665979262278 70.484775777071931 19.804205106396509 90.664910975327771 62.819664879450144 52.131403478009211 68.727268770732437 87.918676691087228 6.678793587248988 82.860779060797739 97.637629302365909 39.990016712637214 25.152109492836395 15.189731511664961 96.812744861949724 47.204207817630994 44.139993373839928 66.245585436495972 83.491045963984007 57.770480660980461 88.881414049221235 89.194354165711459 89.536213731899124 31.703175037969832 74.055266755576980 82.459665662978381 85.262307286563015 18.542230932960990 81.374419813477516 0.817777091583605 15.699939838590604 43.263568946663952 32.426198424617958 64.204525018231351 55.807257167031047 16.141367256781990 66.446422858723622 0.943582139954258 81.744050055484749 32.072280845282108 84.829844319178221 92.545280313459287 41.616228154858462 53.324881045207249 54.812269730819494 62.410899424206626 35.814955642571775 61.000030395813944 29.108474820584263 91.826519507493259 49.263731010058095 50.487206956916395 87.318561327126474 20.000436483671969 93.721046710786197 13.351286500365234 34.573946263487642 95.294394330730100 86.056843068832819 37.444790826735961 12.506040525298035 71.730282644394720 58.220746314479442 4.855286402169822 16.921723977556791 9.398337346890228 12.094341693837141 89.003217049897316 48.395288670351299 7.483594687262107 75.429238441495698 66.248266944795816 51.906608810990242 23.489518498040241 19.083651294072457 11.726410106860207 12.150949478948526 28.195934542506183 93.393921709919994 36.894205428802820 62.348293171342320 8.092258037423882 40.051736930115887 44.599136337533331 64.414455821745548 54.742540279293571 55.209962559933444 47.911633751112362 9.523542559011677 80.088158114843566 28.919715857112514 70.531629816449254 52.666204271105308 4.218655116894321 71.017155904457297 98.951768788374920 92.418365901700625 93.023640030132512 37.129325743139496 55.569413763891440 72.002685188500905 9.999118935171570 48.508001548722554 50.733073804043563 23.029722494178817 35.666009808146462 23.605809128152799 35.293955721061756 96.006412869632072 86.878647030053131 34.959260717126071 44.013723115311308 51.060684304830183 34.799923577854244 49.056574215177697 91.631644959761445 15.315814024017216 6.093287479951382 25.584726202031739 15.852148846653225 17.244916492269436 65.941162537417739 12.867866500823578 17.422409322853159 0.331710031092358 43.990370385769197 54.788848230913743 71.529699486359036 7.854091612241742 50.784348988909322 85.384628149708504 88.433951107356705 35.125436797145952 26.512675524360784 13.768418396247561 72.004799615723101 96.802118900176112 52.116212417023391 38.920964971475435 0.891682908111135 62.093274883715253 22.019345167404637 77.644491816336398 42.518039099569307 38.280401986859822 69.967358038579093 10.237132366529234 58.773367062701062 34.007814476970331 38.784441042049700 1.961139687602831 5.882361720434670 88.112199755992236 54.820858153943504 80.884672117166176 44.326417161329488 94.046457299330044 69.503861218892368 16.003621110907762 92.947900325291556 19.245016703075180 81.596709866982025 15.326055494684375 36.773810364137340 97.142733410059734 38.512644619179845 32.713363189456899 58.071962247031450 15.577670559121026 0.568517033720273 43.542060285664199 50.505713254572292 72.037387447830000 26.960170894238434 62.164983236855306 41.391906822177937
87.990437941030606 48.056097306404887 43.140270685755588 86.920582416848376 68.883764340112435 51.910008858891118 87.983159800635065 9.567002051651519 47.551783929826442 32.174417573889343 5.632393892882980 49.644890387911730 7.233217810866089 51.109315617673090 20.461597053271262 61.567184718122725 64.207711687970559 32.047006155007054 46.000675621490991 26.152300748625191 84.499466075392220 14.601565480924638 52.034990241469771 64.980337530846015 21.939974553730181 54.822995687960109 45.386164533778917 10.988637380153421 74.032410680026345 82.619836888595387 64.716547653848750 91.425293580287217 37.621131885510309 71.887408339012367 92.661833482273266 79.428974267038555 53.766350727880365 12.795695203036550 11.682368781414819 85.322934472133284 2.905669326262539 65.482126204190791 22.470992627320218 59.225883849496832 28.538432516093760 75.891840245924726 51.979980828083960 24.946173778410575 32.985050839130338 95.660472140905910 74.413620949003459 26.692582464166026 55.809393585248266 46.659696604256062 60.027707813758738 27.902643640980795 86.727268913555022 47.583169263990946 82.978041823475820 85.481413227802278 61.053912761109551 61.253452396977515 79.167579364953710 14.696362159378962 66.970347444168667 80.806423785718223 56.647615997777002 87.239762068664518 5.976026481476704 67.618112510261085 59.394979884204645 67.809341792120478 35.246864627031428 67.611215963984748 75.395959386740813 59.578535045237899 67.169829878723434 66.181644973542930 68.363232000515112 91.936112059215688 56.739161221664503 84.531017965894591 18.234111945900157 18.155676054421232 19.429018303188883 21.949281200066551 71.139306068614744 79.359470724998260 20.122496940901925 14.207504550738870 19.303200345901338 14.141907943530363 69.064285494872877 20.168250540012046 40.679439220984172 20.780916600557543 25.215134795530581 62.435622433506275 11.294238612902729 32.816836588106568 63.181970183201429 84.629623779143415 77.034317665043474 61.395023731543787 6.432604711224488 18.150348930860673 63.360662725423097 87.108506802560697 84.007733330157180 90.137205221210536 31.633417241309957 44.458519139962149 32.839980231341983 91.687804020098611 69.929884926313804 77.522792659982500 63.432619742515662 94.667395842603440 12.448772958310073 43.783353790958479 96.046436911492520 77.780847031680935 25.266093965876358 28.222070503125508 56.073460611760304 51.865692281848737 19.794382741939675 16.023751849799638 95.985729225923009 41.489492764269066 6.267316233767151 8.335272953064809 51.518110660842822 80.330227510255384 8.133841191963587 29.563933236707140 53.640154791905879 73.614755150295210 19.485778283704025 23.060059913713804 33.438038051571397 21.858715836241981 9.355014445624100 81.673870166857100 74.234234155647528 37.041974664432075 34.430725007584726 57.413125255666401 18.490784373172040 77.023453951346539 52.411327899666851 66.897274379582214 45.352779164952693 59.731536588350423 99.639186766811676 77.323926548544534 73.703456427303180 17.972912938302944 51.313309149848486 52.545596432079492 86.936503103644213 73.365036716635515 14.308864264993737 25.531821554659718 19.890711649731450 36.588495569186662 92.727618589553160 86.960083459253283 61.007813843366023 88.212121361372894 52.274346424676246 9.862067016772947 58.701178581657864 66.679653622003272 30.289292499892163 78.457082545873561 46.582830456257554 20.655101036824952 16.828554357147251 62.447490492397883 32.834262682981851 40.219208549251320 74.634751695390861 88.645765849677048 82.339307638939019 17.693990203406962 61.966990775103703 80.154250067983440 53.422688760522497 15.319787785794514 29.001443956434326 58.042716882001940 54.770422158570753 29.909472665919367 93.354456236576794 15.618073489282436 38.003509845364860 34.487414970502314 61.307390251732720 62.782003141001852
50.488428323972116 10.409201221790099 47.034440921416461 41.333348324946314 96.545741472452718 7.719723675835222 93.799043737072068 14.658894811215550 69.049114272391193 64.606590217017128 19.733366985391076 45.997822197134610 66.874925734722709 83.222139486106158 17.246575419178146 82.341439967302321 13.989314460885648 26.071972005662868 80.135705017941945 73.691313167807834 53.649713540308440 49.785780527588884 55.658777106833604 32.373656537690422 79.582997375620110 79.198786106525915 99.338443883745867 7.338369873079564 47.080929905305105 82.064822708112601 36.501502771653463 59.674930531615331 56.491583197149566 38.005655822787375 58.809182483719447 9.192658393093900 23.703631142619376 33.908009000795978 74.761883107753491 55.074679645452193 90.870368533915837 60.647679330575187 19.320719788780462 86.510037867420579 30.256355154649096 77.191424056240109 94.438392401240762 75.487341887867316 74.254563158149750 15.554264396690776 95.331991923776911 98.066540976994034 85.897217948744668 91.296553002180488 23.190202994519737 38.664032929592082 53.780027320562681 72.620220615654674 76.343631523592833 71.354815891774152 32.222901554695071 47.172819083632021 48.522567757336354 77.175210238937993 87.338055833160084 77.241226792990005 23.682774903000237 52.784317342331867 64.842777400542190 44.338197141820011 22.121184175154895 56.985683966994202 32.256654317840791 12.422557388275290 35.493957514108118 28.654472742812665 37.839243804807140 7.202838135983325 52.021992246856783 27.499588335875590 36.130855533263109 76.015945288001006 43.246464733279609 42.734181377417791 92.602970452365128 3.264900963500239 88.687025557736959 23.043346533038967 21.581115974196674 15.653624928776487 75.659778780393808 29.296799624039494 9.839953192428064 87.528107180364316 95.642392339522175 51.700889483080751 92.119198114795751 21.879958930079603 66.519563524655382 42.130648792940697 67.960514709142998 91.505735097602255 18.778668430430734 62.845122653090094 35.518625209356337 2.833201116856110 69.639337338568680 74.228090855106998 33.268789265025880 25.317568097127975 62.301850585255551 12.807996513141484 31.980147576628447 49.714914339469850 61.783035145695806 29.534598320011128 51.612851372019030 71.953432062472217 20.417475551098097 31.633357670101546 65.048292292133908 82.564485490072101 85.774115449197595 38.366965839264324 11.480011816371249 1.760358218948466 82.733821466686436 55.160886683652691 41.669265536489888 43.591302105526374 50.944698874682693 16.249493214154597 96.936209109627157 42.782773240181058 3.393728770358917 26.669246587852989 60.642005426730350 62.041239586823494 81.145929909531560 88.303229572560468 42.398501339666460 82.357900343174151 58.451089364874107 3.533587732549415 55.742219095455859 90.099300816650853 80.598770362880131 73.194014585655538 41.702107744225060 4.634960020693368 24.117660755777990 50.676559595769810 8.481066166698314 39.169442792647892 69.085020289592464 73.545025352468016 66.663050728156875 73.924756744350006 74.777157188637759 67.689803378304106 67.068418975684622 74.071164091113957 30.793500469874711 83.205196654147301 78.107825677706373 38.112119857595360 96.573059690858415 29.087134370913049 2.427462634688793 81.127034246565188 22.623300626178043 40.958732877959648 98.881163436034839 3.859098960047136 69.936634880079538 60.223085996251491 58.095496896129895 50.557969820764114 60.513281634903194 67.578918568255858 31.056842908134254 6.650212969278957 17.452542521019186 98.470760822316308 26.698018955301283 12.307473344405951 1.861034234021386 9.140436189270007 39.572266949267657 77.357657979329232 46.830660800495515 55.954296265364157 21.992150261559551 47.495197857853299 36.324653021843332 56.010503831955859 38.028270324911730 80.201946455860067 73.520624526829977 88.778624094995223
72.531732442630414 14.708808458584965 75.249295850501824 42.477487675389234 76.557100259509980 47.720271813673662 62.919158372895787 39.333710536811104 83.891774439949558 58.720836837407276 5.985000848909028 72.402319017039659 86.506097061036286 47.450531768801362 34.997826007752096 73.675399980381698 43.920210384628199 86.934376803874486 93.094906366838998 23.511466311996887 44.540657211386403 70.856706593799473 95.668927465448434 40.783364577151573 29.904153974413195 16.271157244128055 53.126005529799627 65.671608321383687 77.470533613594455 97.335347449283134 80.071404449095169 1.622569239352578 18.231150120330920 87.848228389557804 82.016633183732253 86.919034545585632 84.845465822020273 96.154263855389644 13.216384226721656 40.057997925806724 98.062996744016147 45.241600247439415 39.524530699295255 78.662017469691094 8.802069398658318 22.612431409324053 50.771922641086285 17.303400162004056 28.491053225218288 65.640988320333292 33.683352340291670 8.286477792698532 87.713635615445455 53.270615236158456 21.678301167147275 90.407619959598662 61.241033516511045 4.172098221842435 80.253972887045293 27.124897246511846 34.391023284195533 90.571051984282164 39.579727778852401 41.970617232208461 21.864402301375129 66.029096278774645 98.678518955792086 23.413414972868850 96.642783786257510 10.043008267917308 76.331130402126504 30.485913190439984 4.447159683723079 99.055663894250984 41.187263527297304 79.374104683574117 90.015403341774714 18.522472423306169 77.024297253710841 96.975655414020807 2.480981097846868 7.959069238858884 71.913902896643421 56.081854704729707 7.940741551378593 70.299042519219498 14.328515712253898 24.666004150956454 17.331926545345276 18.515338080903408 75.966253610960237 47.733438536381499 77.679398233584678 39.891580499694435 59.296601461001998 47.237548842900011 75.975881347471855 93.434037042829303 81.907260050612251 19.166805602415504 97.116472231967890 74.530655904895781 63.608455991425650 10.613693728511908 64.032505922726656 43.638623400223928 21.747282306092742 67.002842683518068 72.592331749352297 93.148860981400304 35.855811813617279 94.381145235604691 47.830160067337069 72.832025306257037 90.931718319483238 40.194604251324897 30.402401152915203 7.217532889949996 22.817043023354920 88.739718762335386 94.261537276449332 84.807250220333046 6.575177620180439 23.512001943535310 88.894758649200099 24.019323054703513 19.735775282455549 42.723497665150425 41.621882519432518 75.348257472868980 10.704927442342827 6.195548336744094 54.669549640590418 86.557102496543948 97.213545731233140 45.661928063617744 72.275711039330233 99.884426412493099 76.739259240716976 37.078644933893592 41.565841593879568 41.155869635087768 42.596068817160706 68.069067628313675 51.755283271863348 95.318916424090730 72.869361346600485 59.370249377491660 0.233153401626540 6.828449923980262 92.141905684883753 31.242563378315179 32.910846559112315 76.248490788756357 42.310405065847945 38.236895148847651 65.391384322849817 85.972547665293021 25.288721478492814 42.285425313947336 9.486931982567892 54.025036970738086 97.288861863512537 98.802265972292730 20.084573730462594 9.404302466877423 37.975675359363969 94.352065518471619 18.539408822197533 49.335093060229404 49.593990704044074 91.196652254792582 7.417560371360777 77.103023873828121 2.607635730394320 75.236922323987926 24.991730306498138 68.745132562644912 91.433311342325467 81.671794703281350 68.296758296925148 9.610576455309062 79.038860610909936 9.603847199636817 33.810915330070181 38.204613472594048 45.354913668827493 73.907725908966640 34.681321760274422 35.918581982129574 36.736809527308843 97.501632071987700 27.008135916029431 15.526074992412708 13.244183736748239 6.631643778031981 71.306765084094138 87.881172425053350 35.250310463869404 67.469422830006991
80.199401146532054 43.402721492999198 5.849188728777333 11.747004674282113 65.406274119142267 81.552453329394297 84.471672573758198 96.067161795705331 97.346736823895668 91.985345542508313 56.986774733172986 20.809986620263309 8.508910803643255 28.251265341277577 26.813202544169577 90.632745634551824 16.014114030791017 80.049108814640547 94.111200011104359 12.042036865871353 67.762983640163455 48.321367765531164 22.654838187357118 58.662147729724168 95.829976207377427 8.579389418914952 87.794400679790670 82.618757203380810 9.557157700474173 48.696115968467382 98.772975145947925 26.142360486404350 75.563294492547257 74.484076695979667 85.885671788848313 9.419585080333693 39.247356747025222 82.026311393047351 31.452685532342393 43.311785889977230 91.442945426459588 86.866564935387871 97.265067665110976 62.245280514392384 43.534022062339226 98.429523388072184 79.054192746229162 87.160731684464281 2.398277622630185 21.679164832705609 99.577089131660045 36.620371888216077 95.590027084349899 72.655671394985816 3.716120962937164 2.105228620444943 70.999079929998317 96.618092514875087 90.903943194760814 41.421029153361189 5.621244676728510 60.519329544632427 86.092910546579077 41.600751381276815 18.312981488890145 73.871903442644978 78.157959603832978 51.120197546506731 37.177000012907733 38.235726351850289 11.782059838952463 46.298704043680452 21.307434510504365 44.259235655118601 9.446538582314378 99.675767016368638 44.971772978475791 95.442107654462887 26.167570726964140 45.475923371092442 13.862669924110982 79.357864957552920 96.807136350621505 70.891046891602002 10.163351165603185 23.287770207098390 79.373088843453559 74.013535577225909 46.564274319067579 77.440567049682272 35.486223342031607 78.439215908113113 72.254696584520403 25.310668190351283 0.756864547640490 75.984209242658380 30.196750547822091 24.251082104912669 10.644841721634323 77.546723396105676 65.872789979457508 48.209861548142072 58.870403729509732 63.711547857023511 10.315153774896169 59.224765227618512 90.307279862233571 98.870184706779270 58.916533246430170 94.516404800893511 78.609134625902129 17.407756403703289 63.589082473020753 95.208822184526724 27.260599649792937 28.581722918753506 41.062485969235375 47.156882989435154 72.854359182658811 31.381534970920157 36.624098122410778 89.179477507704590 67.155895034929458 33.362362579141760 54.000870897586829 31.753608679961552 31.276331489424635 72.981233050909410 46.537168772444318 29.676567022145694 20.795208226416239 2.500726981535062 58.480311129303651 82.830012102356392 16.628837026479339 85.350039552612685 4.804300812973727 84.705005399084499 96.119264009625226 45.991004647677038 29.398736568664617 56.438854238638449 58.592036390985626 28.194700496881040 31.124679402322919 81.769997371143404 0.510219940605428 23.565827391404127 92.025572102403927 0.557339615841557 2.670021608135131 30.416071517640997 75.136304911820645 90.587903995671539 94.346303437902364 47.038196065071567 18.638999497596931 76.978110481844070 67.604432732004256 99.548034186842443 69.711493052919820 73.652268979226051 49.047697557721193 84.634311504580012 45.054595462828637 74.335360099258409 50.467824046917045 50.547304537279771 5.314798528920928 99.916236327103974 21.881651729694607 5.739974708507656 75.120848063313730 47.870654085080112 34.003062292066453 42.430685503074073 94.717494390435846 2.601722108086701 54.437701493069845 87.027423031989272 25.752084511815532 7.250544514788160 53.466168488650311 13.195416088023260 73.637884534515436 74.146740796813901 33.492349593961571 16.300884886861024 75.369620688876694 98.663513030874867 81.970217581600622 16.337068019744795 31.287057541877004 10.711342091357945 31.994565187393441 59.950392097654138 78.393978552274888 46.398512498507429 6.447433214756537 16.928890988429835
72.092972334741688 72.911337128031718 6.028456401044857 68.584053373518842 39.097930002519334 15.973476383131279 45.467997941065342 57.868729139148499 5.178132604184549 40.846592755476827 45.414446862814152 69.504767077940471 39.151285432788477 37.021691758312457 17.625273151338394 92.487576020946420 64.894338553733576 60.915005350966148 70.939160319099628 5.237568653629521 21.705376429719347 1.042005883524533 73.339188761087698 29.878462468735613 70.598973491269774 5.916444036601398 77.676565516462119 81.183139105462857 16.152770740788991 16.328164553434721 73.997627548007088 76.285826578809917 35.325941491928226 42.046727050289675 27.759540366197722 92.985880104033981 93.597167415913802 45.339587874306190 75.558729066959629 15.935505481201229 24.208121757869517 83.763556111492477 93.807628696883768 30.508034342083590 53.253232840361711 87.758033180276996 52.298663191058623 37.386675564675443 21.491755598639429 63.314435124051059 36.618275734651192 37.427063351287856 51.410525538965260 11.845225838074580 37.431492389911170 22.650119701884599 52.301452005205498 78.268187828322468 48.227354854580121 62.040939024656417 72.573224001280323 52.919622479823801 76.141974360388389 74.554726195463914 5.290921747731392 2.183279353090428 89.840130344397011 70.122847289323360 54.354865904751485 53.324462301343168 44.732572712442796 39.284409630969698 95.058789878765964 96.745478879632330 33.991480276425769 17.919343803832298 72.362278883062629 51.423519346911462 2.516906903600169 32.755397418060895 1.997650223635694 71.867590789018521 36.145686018633491 31.449471122763907 67.262615036098978 69.222536061523570 93.971852003451772 59.725761981802293 92.921501445456229 26.228440410990629 93.693449582606533 12.908219659141329 51.949527393799308 48.006415008385460 69.264576967827040 92.445876176399537 30.009673022294336 86.007406446992093 78.847998672822911 67.598327445364347 56.269172758583565 16.358849768107930 20.584345788603230 17.229086583205387 99.240619711176635 23.129208899824437 58.194166556477725 33.115187237587747 84.919380607506952 56.697697462880889 13.681689354602700 33.899265289016412 65.161567495906297 12.097718823967440 96.953113846651632 13.800407254727176 25.149343175207271 60.912694276489731 52.339305427056594 53.069820499962375 8.971938035867510 27.988519050889572 13.420219718367289 60.138687939380262 3.486250403276370 47.455392986652242 95.974394494515138 66.474142336705341 35.222920297615609 31.446536195644349 24.353778772544299 42.738612427695010 79.854233420076582 78.651590789874504 41.360474746116502 96.120042016347071 32.081800105977251 61.323981835093043 2.301644301488515 62.344391950232946 92.670564274272323 76.104769747846717 29.112251395742216 0.468042130746738 58.008592771108503 79.661159625593157 56.607838164569245 90.676085450987657 14.362622001112912 32.457689514065244 91.534795401393623 35.275570042270743 59.426889512861003 82.008244204613291 95.586339818298072 39.926685826705821 67.095774666292030 69.280470812447447 41.487274617594004 47.562911942455223 64.995086292644189 73.077426260862737 80.148868435039361 28.850334911479813 55.224364338418795 37.743727852007666 50.584718971860610 33.244028536948143 35.444507718000487 5.390573940722964 85.780500194541929 50.882898455526401 22.825244064258811 63.655751505486855 7.578282134901338 14.359820573951598 73.347045201811795 55.655364717407053 77.962949939964687 7.196379743562076 10.166222472042907 5.929566410498078 48.820325589710286 79.936221384358447 38.330278788582227 34.347900329331125 13.538945177828110 40.273700775060398 14.271152628590922 16.188321090946399 92.308581831868352 56.346824682479877 50.957469737655991 32.241019829057151 61.839756221951838 67.745370687212457 29.454257406769912 67.902024335942741 73.434442350059527 9.180942377000944
1.929020106860724 28.349425031867614 21.808067974067590 54.309862513069952 45.432779456450355 2.534220926922581 86.260418506589687 49.496869454529168 76.480314778300681 94.693276694179090 76.190332742684348 55.803791851149974 22.986082086005766 29.820196100536968 77.068470612682418 99.542762471136442 21.335429512587588 82.168568954523749 43.822295160686977 15.961556586310843 56.528300839438614 81.285622203896750 34.222195440042782 86.631579239458333 72.278044599587005 63.485044795025061 41.614199935218551 50.723319208686611 40.760392555072414 74.244807825486845 65.571997016757550 83.482439131168746 13.405579387760270 40.956454792892892 71.027599982586068 47.621829457365763 76.155924479736456 38.578464734039329 11.876597231855101 21.738540795953810 62.182168688188966 21.365790996262955 39.372002930612112 17.251378370291505 45.192343215439877 75.830568564373010 99.304128050594244 9.626613700276643 66.032535161188648 12.442899596576751 3.534872633122199 25.521130987795548 41.681357293589869 79.640893331366712 51.081008559872984 56.916426019103639 84.401606574712801 58.378769912418235 48.512831214026043 50.534131019296623 34.203807835832500 52.113461369901856 5.368904990918367 13.013928422256649 90.492407227198740 62.305489602886034 80.089456845810503 47.682501837796487 85.226144044125789 5.651204906354379 85.205718941313293 57.913199117010485 66.914027470157038 92.216628589938367 96.901291512020748 24.722309297993871 16.415162488749900 19.802682035356035 36.239287238392095 21.975301562022775 39.961472909605163 67.363604858261581 43.446087937811271 34.856036234503264 67.251966306574687 46.522392414802994 23.640313488760924 57.779502767131461 89.906066410436708 81.530942802721270 69.865245411573625 25.881252955083735 31.343370006053782 2.377774530081811 49.602655917075943 42.114179630787618 90.535582253447870 98.783921838302646 49.821975125601945 95.531388325864114 84.214982010379984 68.862110826825571 39.647602629360058 2.751546351978640 60.478869049985931 63.629717296020630 67.736579582368307 94.513119432759325 21.631337259897197 5.656636031039075 6.980087924839406 26.601275287028159 5.858749658764440 36.634843597388198 51.239887004777650 70.749253843278453 66.124928280904868 28.506445367021847 4.213274837262205 75.433098298178990 19.491677820667462 84.819186074672231 96.911699887131149 24.431497209808704 49.214005619610688 57.315545403408365 94.613423958271497 58.576332556845742 63.868881091540750 36.067923941507999 57.500459562823366 31.706834187454035 96.030460355588389 37.540533199783418 77.880660558295887 62.103639192512475 88.907866334411679 82.064500452887032 98.688324007029522 38.763837132743760 3.689993524889335 52.041215273676436 20.139191783053423 95.051172959266523 91.366069477450182 15.069552271204078 62.857658372554404 19.598855836836147 68.076548196149375 79.227306608677850 3.766380468756125 14.518605871483359 90.799292157125890 44.072471851250484 40.211652092295047 45.586685945890004 75.344439107041154 89.931737723834203 22.301847136520959 80.300756213038355 13.265590572831377 97.476648029013049 33.576400211433153 67.441402485957099 41.378470420055265 99.762988658876552 84.775469035636917 6.368993242752907 4.636266144448165 41.398157705868321 99.476924342644708 87.549553288697297 53.064958480000747 92.885985727915894 0.968183737877237 58.503377008420230 31.775484760046169 0.630461041316888 93.048299365644269 44.585223881607931 39.629603938779255 46.880394383734966 79.334552426724585 58.530782519340498 78.874274139520267 80.970619371698163 92.425023343895759 12.888246230705015 12.054411152160682 15.715566968260353 7.794829692114369 29.760000251138475 27.113284991797148 13.235837240560233 52.199346338594289 66.383911902214095 65.987290142074087 68.092316348660205 79.763856735646016 82.923243217764053
80.800722577595110 95.148238326497093 61.311281911897112 6.759951088127492 56.856327933845762 15.560930969804810 9.040095549848381 38.564855884443105 92.457724215606476 86.920907789762737 97.647603300971085 27.947295959772024 28.095790483534643 37.438348620957264 8.324291420152608 16.829965008334156 60.847201260559437 65.440232220621013 73.157710734037892 19.687508364323548 2.125234051602110 75.321935827943406 26.185353279398992 46.856965390621333 40.919018161523724 56.804607813351296 50.451670514575987 57.374136649156725 58.546020065616425 95.581239595085762 10.331042074099472 34.114940475098408 6.898822282632356 18.756084146125840 30.927380832361628 56.797989261956708 2.943007627382666 87.496293948231511 78.577160308897760 86.622268804546721 24.510354436608985 88.266974646975768 60.007067525138602 39.851328015489493 59.905275371128731 80.980872247210428 29.148689078865907 29.730780947394621 22.385516912532367 11.701866777910986 52.084898995740922 3.107076313264923 56.021940254770051 64.080178208360223 93.381410641140647 90.542779180904702 19.762874265712160 79.160048673592271 81.972906375623936 2.645419394320359 27.462098847867111 16.317624073659729 80.507910005014807 7.152816832980680 14.559767831733039 56.744343282473352 44.691210844102955 13.008641397140174 95.221124186835965 16.787619063161195 15.791586964810945 14.390892956945912 57.108261460377932 25.366558907831550 56.665247164782016 94.603236003260136 29.807637187953905 9.388060372922613 50.074035644790960 94.968953399898709 81.946654187819391 92.433177820022678 70.331311808902996 87.345998103383025 75.422959798516757 73.267108598233619 37.396891249417820 30.089897979090750 86.742726158811223 29.624785163890046 6.071884360333191 95.531982334868843 48.282116463309045 68.669038785093065 78.816259055791065 72.886350561130257 3.620847592343501 92.874942514984042 32.946721899156273 0.605834948662975 21.374607722826354 26.270685788810365 40.590042911273294 87.571933801833879 40.422123172389469 57.053767217181417 56.565140604033992 42.575146743632452 67.060204538612240 68.052760215938562 95.402147747845305 88.679487411775696 55.234189769382937 24.141152831728185 75.069806285908996 70.691971545143403 24.074343994448920 27.238260700420881 77.446968215416561 81.297613449696968 17.817098252391595 61.128501068590666 36.041869666872032 9.674176932194067 10.346685513493147 51.205433594159665 67.498744824532196 69.622654545452818 21.907033835251134 1.580936307883263 62.592026286402771 9.191002924073754 19.227830616846543 61.279775238079552 6.649637834886224 71.931982490696555 41.857720937466524 22.713626388709084 86.689098630444605 74.910466183077588 39.409482875858636 79.014071538285449 15.985124832342379 61.481491164315351 38.270315742121618 53.510375685350212 69.478759007689021 6.255789419690394 24.084068808927395 33.857984002975748 97.003922489769565 90.412461291915847 39.382267810867624 40.144944994769929 55.929020700750833 95.329204058392378 13.684284633919951 31.612458254461416 99.736162316413186 2.766945518787811 69.527256738979375 59.469850341806371 41.807374845251523 98.686748701484007 21.383850902131918 41.568318139412597 39.043415431084604 55.841907767583088 85.649990059112952 30.102881094466838 35.591228261033969 42.720776905323156 68.136267940821099 22.584506172120555 33.255389019343895 91.868565740142358 64.058788799346061 0.150164396644759 49.515196370025059 97.482623579501933 56.480218164959261 97.637107493713330 54.330679944729901 20.161869439016499 75.893524528531387 80.380540239064757 41.889942459906123 2.702806368324340 12.757683937217601 61.915184020865141 16.816956737853594 13.408774361228005 80.108516930144305 41.943094200303477 93.447730848500967 62.804469881018811 6.827350468594673 88.366305386812655 12.827696131390820 17.028166688894299
17.779808744563486 43.722922515283614 69.392187799413421 35.701059441963913 31.827671792164512 20.558052856622112 53.008395834157298 2.738080363643580 24.742823501453202 95.998538331404376 56.908827290671447 65.425176785357380 89.214186168463357 9.564665652363368 31.179883322210422 11.406219309344490 96.541619849172875 2.339333498728835 7.554711194224783 31.400945351801766 60.517827612446894 28.407551638696670 40.319205120302726 24.882055082202005 5.924777086109523 89.408337559629132 52.916857199358383 12.415167854330200 92.277569211881399 42.203030767437298 94.746595811897507 13.042617215539810 87.756611998142887 37.690314429694084 29.191857034387393 25.083792123633096 44.578548374648911 6.715863134469702 64.785887767161228 61.004088731644515 82.814342526709822 8.149874378853461 56.505388828832196 30.854441323757232 69.986803778743933 77.203549000681491 37.348420063329748 85.393293090997162 9.365937210020769 52.112465190207281 16.818844764924300 33.812433846036903 47.026714981399756 18.234229752545627 79.276081004581570 76.617353440574490 15.586863623348856 79.524558701877396 66.406133574866459 27.423604563009896 78.102389640602937 88.957430441527379 63.714082053665123 20.981798291010477 41.046042861556920 48.136215601074859 92.598535935164207 83.216454913604849 25.007813387195533 17.281744238306686 0.550896508562959 98.941709511075132 89.420957609963793 93.054608829964963 58.653961041385827 4.125333990237500 91.160492499748116 6.674388762854210 87.492098652255478 12.273309073143924 25.119471608071564 27.994993850249696 63.688034887917269 0.944725968221971 67.682433194934404 80.142262724645690 25.680107620682925 41.435333846058434 80.686939363629804 75.483777678787405 31.170662327041356 24.788170981287404 80.400490890250325 1.257613763474286 39.334572544461786 68.327689760037174 9.447085285495127 83.034127504865339 76.859903601853006 0.900434622172253 87.543302636061895 95.825495892496377 48.581645162553045 10.902771112895405 38.240476601878370 81.826418591274290 35.807442592137448 67.693848990841417 90.943838511137400 84.019618944148704 94.342284912713197 73.709772411010007 47.300962571931016 78.338949347122593 70.222844125384768 37.131465621606793 47.629849945751182 68.402848829660883 58.235693398741063 87.669829300278039 88.794024612381023 48.153867321585778 31.481031923768942 16.576189683779617 5.361994213402966 86.904565977529785 8.929543202598234 24.243969194760506 40.604303727918825 51.387747069241165 22.537242108501733 43.182198423739223 47.201912952193780 78.055744133993059 83.127521283447663 55.370340853570475 70.476207700425817 60.979845369085425 92.731733783814846 51.407216092472588 51.883282371899696 95.677482233449368 35.949905594341580 85.714054631373742 71.377299469084818 15.079972544253028 33.381798580053399 86.757741504931701 66.468789153009340 9.859872730737118 24.297457380360242 25.244824035460979 28.053620273356927 81.550047212850131 12.563072168867805 27.655641551779318 7.724844819038845 65.110495865787200 88.063933369436810 24.907661979857277 26.121010294604030 75.489606815709180 35.759712646089348 85.434336165631137 64.683410035225123 51.496523779576151 32.603896991706726 14.859497278608281 43.323848288075538 30.765909355664036 80.708345107022183 93.800537024094453 60.633535703548269 67.466770666259293 68.773646051114625 60.947101443001273 32.734358401277788 32.992280928184336 0.492284852212199 0.203275049389862 19.461874498185949 59.702957607463304 86.007492130559157 50.629609598952172 71.332051109705489 41.485581260506365 39.492984086909622 91.869536667586786 78.907853056426490 71.943726613991430 18.083725387181026 45.011057509124278 4.199324937868520 95.152380125299246 76.029074019928728 51.623805280601395 24.775198420152446 51.532172429692345 9.668478567116722 73.324820822472589
86.945473628554012 65.663272436972335 18.942005321512411 82.809652170167354 24.932326824820063 18.012562784964537 3.053085761566232 51.293403693412834 88.874719907921801 6.781334945097706 98.614577779088989 22.956492922915807 43.501310180013206 15.633674071752834 50.148217843164389 58.306575326707623 18.220199901219825 57.447548045217232 80.991422979818964 12.431014739365276 99.233940900207045 17.726419931624481 58.402920389215708 64.969242528037825 23.830057441955134 47.013151383668706 40.304391864570213 49.294323014735021 29.153690243050001 93.299456307577657 34.418209999450632 42.732809576961039 18.083161099089018 53.482506865720381 99.509427837687355 95.946135612149931 64.565549416928803 54.537567568984514 88.060879969222057 59.265078088484103 99.505415521446352 38.756565935396281 58.084393688428840 32.919542681149672 71.628079457183247 64.537113055484809 4.470977062303938 53.887050250303069 13.367573472976213 61.857448291187680 42.913691419759495 24.934732777698088 53.628454731100049 94.102955311699404 65.076563719963303 80.242949040667682 49.940816530182666 1.553220072786710 92.593959309727452 19.396545105539211 88.826579037483185 22.204159359148356 7.591381712420397 41.994534199955311 62.346505420212893 21.955116030197718 0.941720094819687 97.559968284639254 21.559178110323572 77.142290519403517 93.814576670936901 71.656939788956521 6.693732576343292 86.474171715581519 72.934206430358898 50.845317121219495 45.430086159455662 80.914787972305618 3.741277690984401 20.534801500677901 6.488645635238344 27.870873628611481 17.019801033283411 53.040481981329890 93.352049949568411 70.824178080705650 36.260190967595086 85.437737949893148 94.328371731280953 69.277392450607024 52.201652027525888 88.491680209530713 40.714223057555543 4.206593113592394 6.613368415271004 29.856361594841541 80.285122090817737 6.476685224836753 42.524739523953578 72.375515879150370 23.096639379917704 15.653167812569391 50.258648661468861 44.822049188728265 43.397332182808412 43.171006122488087 8.130167275698263 59.633551468904699 70.352636174380791 73.934053894354975 93.404185356368714 6.147915380413616 56.159326782143005 39.317863180618737 7.328361475374345 6.875389900586216 1.658456548008402 58.162708454208058 53.525374094857426 81.974494905949882 96.683580491378507 71.451488144118684 13.446518951014930 94.852218753054387 51.778409141222070 0.182467044035362 21.827120815245294 30.915592139631954 26.125799993919163 11.929421730879742 23.971160776580756 15.559904353185573 1.596683426875578 60.355728708087334 51.651903557068302 80.301053903543774 85.665613443616138 75.592860402265188 17.390451634117220 19.373059655636204 71.670939770288356 62.255361311587123 14.826995477605820 0.648034303101630 36.161521923581461 59.760789000701010 82.614290334849557 72.242986945360826 32.210721398034401 25.591826119187321 94.914315071619242 1.549640756074144 83.354678422860886 29.835411520059207 70.665627375380126 49.047882308014700 17.481915408269089 52.647477675651274 32.064728882099082 9.740207608985706 24.871112338792400 49.233365070198396 79.702433752591844 22.454797477543163 8.319528084876705 14.553978283026447 98.038549916329146 85.190253011878823 92.453551999703677 90.055143467923429 87.282946981125477 12.844983594649772 2.779452099997792 64.184942820296371 56.734728464960597 91.534690460715169 52.823878798867476 65.074526837130620 22.566722394102932 58.423445966358656 25.322610198379635 32.062387994103922 46.547359415200106 23.893283031661138 91.908360872525236 60.466614656947726 46.490784163249366 72.843869611217656 2.276255130074945 45.891045513445391 75.457485936362872 4.261854140169374 46.649677372049695 99.401369779791224 88.367370907262995 70.650447226943641 94.743930166483096 61.653053937146375 66.449203095638723 90.547348849839679
22.213363248403905 71.087218513907828 72.165363442980933 61.885985756997087 17.023007612607099 26.139794595530631 73.972627931990374 18.891573633464564 17.907542535545971 41.385402306157580 64.131347991459847 81.728927076892148 4.414676320398292 34.380131693013169 74.219486766579976 57.407189190921912 26.078731591772897 64.187922218004317 36.463796701011418 47.549104144224231 53.855062715048710 54.518448308722014 1.633304279331926 9.669923570064521 80.732361925555608 12.925235140925672 43.349104929813798 23.728554191553254 19.911498806389293 1.548314429739506 6.641601217684157 89.966966078529893 94.301292240478247 46.458837626940699 31.550185267627086 57.298662969626236 90.210707814858310 12.512940947618356 5.316875419767864 78.649190994509070 42.379458376908630 94.022466034608925 61.868305535155457 43.882689679083455 54.166275291577435 55.266937485645173 99.912509716942651 40.666021865522772 25.954381598139875 3.655288864378436 81.525155453987452 14.090950044042994 79.891412068616489 25.838587805063906 26.535635147156157 48.210396845976668 87.228119341151000 7.238586357069821 4.206906381424991 64.397626492427975 7.119059439691188 18.099252086184858 56.591284324014445 70.408941702352536 41.859387775522450 39.661661408765369 53.415483861281551 3.314771858574761 28.137779490991665 12.015509173208683 76.663705653739427 83.806644075188345 5.001995882340626 45.656973483116367 52.445796869531534 84.734371796723778 93.077929677447614 34.493593649614972 72.860773626485980 81.564340538628201 25.600353568203715 99.276239947990490 87.125219891122939 46.408531954256517 46.060318697407951 7.508367094061342 77.588230594303099 49.224083269946085 54.621470559346378 29.898815908318909 58.953827076590557 6.296314271635916 14.295956461565495 57.446395282299932 68.440475390958937 52.485943124547404 79.447796197592169 37.564300950294360 44.945872012092991 95.180680336531267 0.201302835178740 74.060081466736094 35.355749891409346 51.049520389170681 69.679769373290497 31.572650737855877 89.528352780438340 80.963582829664077 22.550537512005263 90.147673622494622 22.932900297544435 76.082747043421037 1.665680867287522 99.070489514734561 65.509201522364791 88.918772798045410 71.910477384206558 18.257868671490694 34.384846286961292 11.206563676438963 91.870257707924182 38.297829359354772 61.687276139885014 57.883005305874121 29.853321580028268 23.096612098617296 25.591501104330760 73.467069649776619 71.249760751066191 8.154773008108629 86.706056532490052 77.380295460727680 71.299271044763884 93.448920399938103 44.728750921505643 64.479092194305437 29.144844969383676 71.587610810657182 66.427014505901994 57.669580181856048 87.491410426920524 69.678831408441937 26.198717436900932 71.593474495162496 39.558251845442008 76.493785568718067 17.388361026511390 64.130004284528653 78.404250338642541 17.101554700990462 18.631473940960184 97.325171448283186 62.868850041633820 20.096273772805407 64.876502886514814 1.783506613049468 7.844999453105517 71.150510267003114 90.804265010274264 11.221383694939746 34.093684274116896 0.272473148024366 18.018716549938361 83.509849938573680 17.218180225819722 83.707653011127221 55.078296586698194 86.110971872597034 86.264422715138664 17.281941002878789 35.838336562063780 61.535273340673356 30.988141468747855 62.858363336496140 47.817947663121849 16.647276184198677 59.838394022453990 29.319056931361200 50.589893602928804 83.920757339113123 45.982393938648848 32.253314009186255 22.007122515339240 50.253723489910207 42.519723876089678 30.447076986929378 18.454905193971015 79.045081555030848 53.501102240290308 99.056309066452911 52.454238886249094 45.654628928395546 4.391234476666805 96.747653263849969 69.123247447874306 29.372102241110710 42.538616146689613 87.436431194733615 50.426631034084544 96.905910223757601
34.392946649942324 12.197140715571852 2.127977432135686 48.195908237092176 73.724582416040150 91.169588136174681 24.054038159874690 8.829291059379262 27.195239784557902 46.572489090718328 35.356833591050361 74.068374355181348 85.667063455171728 74.908243999042710 95.877858203536789 40.423038274441417 64.570196166396599 7.510163364897693 79.713445300888836 28.209066070753330 51.843746953864446 14.656738943223102 68.634926525613963 54.609501856764538 9.276992325173062 57.551707778715652 32.636471590987057 34.987308290007945 75.501677650501293 28.299793681132389 60.370780692680647 76.891342224134306 76.020730398844066 19.452534421644106 74.247324184448132 49.662287819787018 54.729696557890826 4.580918701936154 86.968627528090451 52.251293254793616 73.992817061871079 64.005577398355413 51.796473069268998 34.335440528714933 24.678544362739007 8.390171482813235 32.220790606238893 79.424719111023236 33.623107643363412 70.072163820161819 65.032496436300562 78.167888470880811 65.947843687358059 49.660659936196417 78.824833848898805 64.308727870990623 31.742154660179079 95.474719433805831 73.733426041368062 48.896957711881640 1.135263649229246 67.689322520449338 20.271328860902848 21.869378118959524 68.054755804273100 66.210564741314087 42.456518951997509 84.027651173269135 64.743128542198193 22.174567689431633 33.622618623338440 30.485993578440262 96.918793850220879 63.243704721834796 85.349376799457943 55.250713529475426 39.547289356606328 88.215057038241213 99.141136125190656 39.952636945009587 63.483353092876484 2.586936436805198 50.029929892393440 0.288211420992468 19.088649609058294 53.344774506967809 65.241360162382648 70.811563188825502 48.698777962125504 50.394331400760805 27.084601140059117 82.514211932628584 56.535184151853542 33.168282337392995 31.341291679496553 65.293474020368990 3.643300606705746 60.774404013182412 86.230054487453131 50.733290312163625 75.739592709984649 88.339007890545844 20.241387402287035 69.913611583573882 77.907780072450976 50.592654384820946 90.009408393496344 3.686392907803537 71.029187598396376 52.713839688314835 91.228475448007700 98.323850746306448 62.782812002653145 74.508936182780545 54.620810488170292 34.335439862787119 41.555979961607790 17.344299238486517 72.692010198474421 14.301143907655012 90.887527538284658 38.293806606515609 10.747590198991997 26.488214571637613 61.581538818925338 45.695003514650502 33.419001810726876 30.627800375812996 60.195430247412816 36.439181514025933 58.397975408658077 90.421154624589789 34.364138078080643 76.630947775397857 35.733390742584724 44.614658285495260 95.166397000829662 77.617958317342911 41.236493805115138 85.598374670238911 4.069828466671499 66.856903708433109 73.295000045461904 53.128134848659570 95.489576547013172 82.646639191597785 88.947277024017282 52.265702380702848 51.964267636233309 91.267876133128240 12.788735779275029 17.117931725019275 5.323116518453819 37.584234278564587 67.339025613492680 85.519728452271167 64.752605047730256 76.480758813244492 79.265988725591555 27.135468285161135 66.431608097562929 29.452192512110862 52.719601184605345 10.333263771133250 50.566345482113206 21.893218946791947 16.773792420020840 31.298610269817495 84.816048024574300 58.627254767493717 44.649082053746014 53.685231770192111 84.080141797348674 37.862096851599446 28.893687678160205 62.853793530058496 56.156731699440655 10.457726091656927 0.096729958284003 59.686745945270928 33.211339854973851 10.866916043450814 80.545774230275683 35.081856752835549 88.158106359366144 38.480153000049974 62.477863961142290 76.501418073236579 29.711480227479271 76.447472346747546 23.706002703381991 64.400279484290053 77.204955790735383 60.811778857811483 42.352024025375016 94.092857313874305 88.469761339649963 88.415356487083812 10.950029676149642 60.680730385437009
24.978335442336441 89.404185897677252 98.611213845299744 55.201726985298002 52.526920189864647 60.786302817627536 27.667668908939589 3.314297950349543 70.658141347810272 96.995077541286165 57.995450906475810 99.446165591463043 90.564968003089035 53.618082380860180 88.376433475726984 61.356290816742678 1.798491392682577 82.193680412268748 43.347002929743930 69.909846356774096 50.609707850670979 9.167304848103209 50.958622423100373 2.779374447474425 63.558754749344061 38.480886169560591 77.051958679726624 38.246004356786436 91.120154219613099 50.768804396721343 26.741899942916948 43.170414730880310 17.780007129277998 58.243095831690624 77.356851282651576 60.887593110256176 11.162700713348283 23.355051580210439 69.201377699806528 7.680569083014699 94.189323708703569 34.435316998328616 82.316555467425133 0.177278667259240 52.846373037032023 0.795462530383206 67.824786674896515 97.945583352868653 97.612965897743337 91.216970735697743 20.673362636198224 89.352346338394739 81.265891900666148 34.052960015155278 47.608609395039494 86.286025169173897 45.996607095589603 44.552097510614189 89.717110384427329 24.934324935116880 49.265779368457174 62.167886882445330 39.529835376638857 82.646210947826376 87.069292936562391 76.057949406236290 74.365084090868578 87.991279597408607 66.781181003604715 54.297045080937338 1.220829782401223 0.112384654827691 16.134550070440355 35.534019492800262 0.340102033751211 82.942444379044275 55.149069966770057 45.124804605042868 18.389836431316063 59.766458187799230 3.390698565223571 79.001925439434331 30.296055478569816 24.079692064039826 82.665247093224181 80.687168566553055 46.646706544816020 15.768936359622277 85.591007335473137 96.749352941499083 92.603024467328481 74.812408825250287 1.716304655414180 95.743053462100960 83.503779225638283 46.856343558849268 3.285059343876529 96.246876501608995 25.175744310010394 64.441513766767926 84.419191059313874 86.765965975957656 28.669419456582201 83.640673301300566 56.157108106870190 87.188690550204967 83.955028998711427 5.571892693078572 89.857310286142251 31.621462524486745 5.922553140875064 31.803401582962966 26.509640290722558 31.494932859792979 35.894506088629704 8.467688511957959 65.914331922494711 45.160264391026772 8.983708808554248 3.663884939755147 40.287061641509133 43.813467861663803 67.343052648117691 58.089027175815680 56.813174686690459 78.033230573951286 53.390117140612901 31.588987367307798 20.258748854659824 61.972146436414945 59.973578007744408 49.794035015891517 56.006190180501001 87.071399052240054 19.175293905452484 24.974808290409335 46.749114687572614 22.187267942882283 17.801324313834211 45.651701037493297 82.682989832792629 58.569124664165450 4.868509258637399 61.815138337080590 21.352802045511432 80.664793169240824 41.301926313002404 6.117194461199061 91.891357979138093 69.775423957049753 75.006491403982835 20.790240090373679 32.563737124210704 22.768794325264608 94.642756635793305 40.532868477331483 36.768226990437036 1.493648022113925 34.580376474962485 26.656905780449826 98.227193030071831 34.024727799296691 69.682325132279800 46.332274315166529 47.619896084905953 10.222581509644780 27.131692709594912 61.040736326974709 54.121595090673168 31.293009833639374 61.793314090652963 42.447314716270625 0.090196261522579 80.603290309840943 56.599370878473955 42.426966884000436 50.807461228882048 66.158740823457151 61.347281394140808 90.809039757456773 18.844843821980628 56.675987088510496 88.705782673422178 42.846303722221890 95.454794911857334 78.329837369278721 42.478875748489443 13.542494641290670 25.020378929023700 94.503728664373313 16.775622484067434 22.887462035010053 36.893572706910994 90.996964985335126 19.847922333916845 47.802738808373732 88.154102830197232 52.846050820491477 22.210820206728677 24.031602288554755
23.308748163364680 21.878576949478713 39.373268973597185 4.068048350048981 24.270301212015433 71.005817278318162 68.963606231163467 91.945303837365586 27.009795162966611 25.465438833773348 81.460098338723199 99.247339028739972 38.407292068972808 20.422566498263951 44.276184332356294 41.741149598742602 21.214469209613629 73.671399990319060 34.450342734142950 61.540283317435119 0.813392758134523 96.631051286598563 20.193891954347443 10.251243967704692 7.924463734419406 46.260654254303986 13.050432422075131 1.059859768997773 69.617933243201648 72.768981998252031 74.280779086682216 85.139765814591328 38.173774456211348 96.485377596802451 99.103591805982362 19.206617118607660 99.176342546260400 25.406710920446507 21.546548623584549 73.990309443032316 74.650132626424437 38.669190499513263 61.382693731873971 73.803063619491283 80.066279509503531 54.832568422729835 16.423791120086040 77.838873670191305 61.900324143427454 44.799125363858074 82.052831230397643 78.653017724196204 99.348562213022134 90.768794977784665 13.269460244097164 30.203950303288963 87.794119046359469 18.622861286472748 46.184440124365658 85.058148405113371 8.703627802672653 75.548353970960619 74.649741755437248 51.314977574237716 64.128832095435087 65.649529792060520 83.633552548059072 25.096669191398270 2.076669594814917 12.330591193137963 95.270895699337856 64.896205652242259 64.035056225250727 26.880711130273347 14.204932787986458 57.260302573191844 28.069938048685827 9.841079581731648 73.044910225674556 63.142941856317250 95.709551803325240 92.394971634263484 46.909266428245488 41.192623899743843 5.296333389329765 6.938281611721742 25.090723464420549 89.151089399654310 37.718624322636451 25.088607940018282 74.424809451370677 58.964738764610381 28.108815825687216 59.892487354225601 6.840737121060203 76.439900072488797 14.117132144221788 16.438949525633404 28.800340706863427 38.820722234341090 0.800679862329823 51.487408499771718 89.188244309070171 85.208734935183543 41.964394143132786 37.509398539609784 48.559951691785884 29.919345868577054 65.580870139685615 48.146931746608757 82.093800633392959 44.667307330464908 95.682776869524062 81.100424367332508 67.022138056494555 69.414568339344243 97.898475352708360 38.513408214125235 92.341269325430858 73.465491779015807 33.364558369952924 55.582008302218178 27.758741468022819 76.366255443450783 13.323059275782068 17.290552986140430 71.513489533839063 87.066485946012051 96.293919224379891 8.900842757934724 12.538343343239422 9.512863944812400 73.119960740365784 86.137167324623320 46.473635308100391 51.423296201063614 49.218369517081605 17.236297327959083 95.053034971686074 95.570729268234501 55.578573557764877 6.161944818249809 62.509313881328175 39.684146153720725 70.765207640189573 85.158083290691863 55.816273973026618 24.102240502801742 95.698599839703064 90.921092326049418 11.900899061174307 17.575689262359585 5.460250112388987 87.635041699942263 11.818029489268467 16.685867083315664 14.412761360122051 5.259235388245354 53.684522209775153 87.112285556150198 30.250629402949670 14.714602134714916 88.562086265567871 96.062960808656655 37.859810666081742 46.688371508479420 5.707602251218047 83.777050545483576 74.307093331304301 22.999365659346751 59.012543401491726 84.005230803763084 83.644632224943734 12.924951295183995 81.565553179456458 85.225040799401924 17.894272037521365 73.879413006462158 54.061206851382295 92.944142460219751 23.968617271479776 85.644981916369517 2.068018557715423 62.823346975465647 43.480364636863413 71.252897814456944 73.167999766342433 15.690665436473195 60.853428103421393 33.949628447126571 45.152945359173046 57.495288558418387 98.091333974666924 52.970737617200406 59.061495225735115 12.034766912668115 62.102389929030601 70.791175602625927 90.347760428324392 50.079467530106861
11.317433571363400 20.268094047910189 5.059288186776190 49.838266219723536 69.927086992337834 40.817722204187348 0.555022021452356 33.740325600487289 12.644139599519766 15.650148946743347 7.713661365470559 36.676644653389921 96.093859807890041 33.069909489254137 81.970736515408021 19.343052246958969 97.130729052728455 39.575473533075176 80.261441842341284 67.977858164989328 45.674855994511709 92.371083861089801 24.992495168606730 6.897215133866109 36.169352839358702 36.216202377797877 30.953513234147778 53.841775004331460 15.951147511557462 66.558540041870955 30.908219395536239 11.194491556150489 45.195420762878612 63.092748698151048 91.145885241725495 15.236850183317562 39.021979208444392 32.211144957698814 2.076225961490807 94.727476198276364 66.873841745395367 76.264529495979062 47.602325765609102 48.327681215686070 52.577725358185020 18.608663517683365 63.173104789512379 41.308941057895275 94.451792388393045 87.414996517581002 12.245252011789788 62.058184924555114 86.466566486145126 58.218269525974009 2.178930275550006 65.838200712404600 71.194811021696296 88.783340198017385 49.909482172849806 43.787699462988847 76.342661608945178 54.865902692536665 97.551757351327041 44.793931349118800 82.560402596202920 68.113045933126457 86.343864705765682 97.723381259585622 40.525130921270680 67.628547539447098 79.398955999031458 33.948199830696225 97.824620258496751 87.603626529764824 40.247728643104573 2.034950482372910 98.301087813156570 50.452946297874689 51.636911738106008 80.852845539380908 17.064452299528277 46.700515457612354 97.126512698313945 96.352443412601900 5.904902007806667 61.700069401790437 37.536250891829290 28.723694694599910 72.867895551154433 0.709919796353708 73.050417227257668 9.692101273277132 5.911959192503424 61.690719718089881 28.058753338435672 50.897946312748523 1.204185390312718 61.512781185437447 26.435179506540273 13.459953015232728 77.297718949285809 87.145185661417571 72.928410774636205 76.177012465959919 29.619859955478223 72.148667055328886 62.660913757827075 94.319317377804808 13.669744374629310 37.415742304789454 4.461663903690926 76.242644483550919 96.148202818546196 30.777708913740309 17.790646283208901 26.633756628231154 14.925433080412898 84.691973476650162 38.484781034659932 99.973636561683747 92.997350519618749 68.194031798231308 78.150601443538065 30.118064225426711 29.160015036316857 85.952748101545524 70.489245272059335 64.855771991961916 39.711701462309243 19.398065180777312 24.419331259029033 88.393547379791954 22.736062679082803 80.143053440343820 68.932682909960747 13.085095088838994 58.402860166789175 3.661133958621754 6.919468636700254 34.944686513292567 23.102387733797269 84.355493054900720 97.102863583789798 9.787852001228591 75.316339606491937 61.186489040226377 18.543829224604046 70.623279719322881 35.969513452313741 28.607119449301919 86.837735331914274 56.977070159929390 19.996603779590338 15.326088405038297 21.057236259512091 78.739195463519820 99.743654288275295 33.191576988679515 1.106903579308149 13.693402900967444 60.160360875062324 94.945745292043100 28.367669394611696 89.909605018785271 89.381431518539202 33.156130192792141 31.184175918451118 22.749032955359638 54.448520208589237 43.466773675049062 25.565069117231875 30.603587704985223 61.570714492823029 19.682593142881856 88.162348104950723 55.762761375914771 57.379303419781799 70.788128149473792 8.860255201113510 17.484898680755776 25.631547418175494 34.322979217859206 16.782842970723355 31.325508434175564 71.302716232065833 0.025719808380953 2.370865427068625 9.095003883077279 8.684474927529450 73.422125849831815 36.562764693245242 43.553552874120903 7.200299760473539 97.708111012701877 42.386386644220153 31.802194066686674 11.565540213304581 43.180830021730820 0.384410241868405 76.718807054204277
90.875242035901422 0.537438293099457 60.501596662937033 45.158270965111669 76.982769282880994 20.945576763903873 7.991007741670842 53.566571679629106 64.356681119790949 27.170314421799514 3.194410919003654 79.894754527309715 68.686187468444118 44.195498368471952 65.965624704385348 55.917262257377608 29.962225445594758 41.251146290473336 97.734307228780722 36.140801809121960 52.398861273353390 99.775430241694679 23.309603787418766 5.036064865519075 27.650675130499668 57.802110587717891 45.983701830264870 51.130353399252670 42.034678850034325 53.784977763411078 52.295599127317672 79.653196083730307 42.532176149145670 43.384251175285492 48.800320409565934 42.182695083093776 65.760511045823293 43.389348172789624 61.587914730074736 69.885490094152530 66.596710138218640 36.256908606098037 7.078070819859395 78.070387164120433 68.128951320704417 29.536226511188946 44.775197188581572 55.628031996063719 65.974724778309096 87.185781476197789 94.854317406049731 82.889817721629228 70.431833934208626 18.161947571732618 39.877798186308553 59.395339059516083 12.320202547589155 92.293303737530721 22.128144584312214 22.075888770829366 27.323750748878027 10.075031893365061 67.429455327282895 42.585793291763672 3.614116232417430 39.449032948648053 23.632011846046531 0.306358518371086 4.211596977700971 69.528091831066547 70.388095508210441 54.098499924630552 79.082883249581940 33.987140628976967 77.937277863256440 39.378153285752113 5.817832618031171 65.018248337772434 57.734605223201704 41.030546282790581 55.289505346778689 16.396934804177199 83.763207732383748 65.131464102215247 95.675413687391995 92.276804141386265 70.888320900490939 45.656798928608879 2.541029050048926 86.588653028873395 76.358379376013559 16.063725090752591 17.949511357885285 87.787774947150595 3.142393413172928 54.179042242002161 69.606991596455288 73.442086143635819 53.800414645807763 1.802421275158517 7.416729705568848 20.693053942665308 3.970452591355145 87.622575229665159 95.384121188999544 54.556980808268641 16.358065925829777 66.810957337635955 35.888135708778378 52.845768568024340 97.753941791934153 22.585257389264580 98.156269876446970 72.597767295375107 12.504734963095299 15.888152779278553 63.783213042266226 67.442823459049109 18.052200867352663 42.387510275266827 4.137850788322961 4.785984890349903 22.610516049896113 38.711576442012110 40.543392568462686 92.471795580353358 47.271298688412500 46.252767366048118 18.809867798191892 32.195433133548470 38.141300424797429 19.426806820640074 48.674998390357672 23.866080418400227 95.199548646775185 15.618560390841175 13.313903022763418 6.829883589612695 2.903855989822568 48.797489960914874 52.836747472237313 89.333374832366914 55.251098811487410 40.106950123657704 94.356225736652419 30.824715519771374 75.376797382892278 30.649326725696280 71.745682418354377 49.596100858053106 44.109317689088812 51.615275777756032 24.763989236657714 56.621998288301732 11.585267403020849 40.536752911951893 68.306132145567346 89.316855040540773 6.573833619511604 53.472400511412154 17.756340906596215 41.544457817310153 91.356816835485290 99.249228845142937 11.268613546894201 15.071578358399407 20.334630581533641 3.456605490539044 99.338738812912382 66.770905977318023 58.590703520288088 65.466178627578770 56.994481841439374 56.552163767039666 35.646114635171813 32.629394657173769 33.232584038173975 23.229325889633422 45.755225315811558 16.658285021241916 53.878883892686332 36.074808667818090 3.249467676726647 0.959214520558593 76.787591496994096 5.749333101843024 19.670487722030160 44.156432825975280 43.489938825130615 41.779134004291038 58.655554919007727 7.365797571440858 26.725708232188193 99.558350395779385 23.794953281532194 16.125955692250127 8.243497309735147 87.067503259689403 63.168797657651979 81.004977659607945
32.956473884419054 0.438020352059332 38.744205124310461 26.061159274494162 73.005570311611962 32.416036613050068 45.609714578302921 40.904838283125045 55.909013812613352 18.838356779868370 34.896385694580886 57.333620020430295 73.827543759253217 37.962804128640258 12.160066360648326 22.085246619961787 39.483175003822424 59.924791874025516 77.815589086947199 56.343471155779511 8.137587193881101 4.974846181610982 40.330462621849442 8.039851394317775 74.847475177532559 89.278380566014150 46.455528033220993 11.458960208534052 45.350973901406078 9.843502670663174 78.363083034742928 98.490426902014974 75.520378452755310 30.386072675772770 84.999594748491347 6.917619841554357 95.404344627579661 85.287830006651589 5.365951191395279 28.070515354110228 98.260900658074561 90.533033112435405 55.425636563328062 45.960709676621192 12.320028087519363 98.061197986373031 37.540408023945901 50.349912966800190 93.489905499861308 75.352401777516519 5.638239039918869 87.231375666439035 36.374910774143522 50.741106665410584 91.437971802069342 77.373545139297050 90.468862553936873 6.571548482079537 39.804028402966786 6.945291822302790 46.949967073551178 44.831697572237260 2.612438532863237 5.908662243410245 65.128041210109345 6.518689678113954 66.767650833352533 49.949643041008059 60.446367797993602 97.495764634848101 24.338683887107205 74.681556252419838 11.873189848433086 59.642300121692180 10.173522490563835 20.040620456009815 40.115727254315502 64.267960047741568 10.372634495620336 57.740101591965065 89.693869765298643 56.231897821628309 27.771454000395689 6.478716694345266 36.037783169897764 9.100626544961454 96.980858846450815 33.174065510096241 74.350624091014936 74.653420963582278 64.629282997873162 32.078405502186392 35.663160338373878 47.033359325187121 15.119235886071181 94.396437630575988 57.419587430579597 2.932230009839842 78.099327685163431 69.542632377216691 76.028710847070229 93.777638751664739 13.261522719005846 22.358738559533087 93.396324401389819 63.612220169531888 77.507557666786226 38.077464863493447 95.619273195543471 3.545966769669995 12.037252965622901 96.467663158948966 11.318530828108509 36.212882562835269 18.093773834097902 64.859695385500714 55.233246132561639 84.385508223110961 24.248762590769324 38.865330591099998 10.246960588688259 59.207485663081229 65.265528606272639 71.125493561761104 64.739838722429980 53.972909471483575 61.091772697684924 15.851988846120946 85.630839829301024 42.667906721679017 91.654015257706888 48.508117338085079 33.989280363069454 76.601779599750273 75.931132620737827 50.955540208458530 12.149185111018102 8.854708964917767 7.074508214418773 72.635016153459574 73.929537644501096 90.842589750950793 83.453458479200933 60.879970333142865 90.170067235440882 5.162949916435355 51.494551001211860 46.277766735249735 23.093412289945459 48.910224950170957 76.594550723980177 13.171044025820432 43.548902531845471 64.428507822991008 84.499923231815728 99.280907381840095 61.309543683077507 81.913434433822104 44.908830746725137 72.275518820045093 86.182422240374052 66.927013255048976 90.354424438807285 43.879118595229947 39.107965142750942 36.097516095393942 18.897903151305727 45.058493964731042 86.040542745445762 46.637347573030951 59.255521074352743 81.731950236717992 29.958903218340883 32.517334223386641 64.785593856845637 22.451726528081917 76.163635941291560 22.012161124645814 7.113945865051374 55.612366288868955 82.463801785685149 9.576315632675358 34.843879991366713 84.090581398249483 87.018562835960481 14.751747424477657 79.911452432850666 90.066161692357582 2.570682591700757 27.552450282309980 7.816485534533069 60.901221809936544 88.626516970089980 66.197962694842587 13.045882938241993 13.264869483434094 28.356217081840263 77.619148602167726 30.197288440769888 74.475071249430925
96.119980545859519 14.004373946028071 33.983933403400165 95.034689697608684 94.095065377617587 54.473533726537745 98.042655014168048 19.149240608753495 40.840828447989750 80.247105452618399 87.246709522985242 34.271302118995585 37.567889379182752 35.531726635957526 71.452665399178528 96.283260660291532 11.947085019829018 43.064655883969692 97.419753362182306 52.263780986219864 5.911790583841103 14.960192029641739 21.085791801366682 78.733057587141502 21.052317967654588 38.110442821897216 98.744456655819207 91.679291203358972 52.260801619666076 19.493915727442069 16.031843721980888 82.869214082494167 93.738202314132650 19.781254215285472 30.498812266869979 30.600277442364664 45.357923229204488 45.861318629148165 77.389646364500095 76.364011234599332 78.960724837654169 99.033037379392198 22.897331532360411 0.640364093924239 63.676534617522996 61.126553607343894 82.271284124490577 79.055530696686006 80.056470426807437 22.327478821469860 8.521428173693090 48.166797025667549 86.837511809156993 56.267021167111139 89.066782380897365 47.208678908805823 17.647998069294644 3.011292238177188 3.314101562232963 31.991144853536259 37.211095396188554 87.051622752305704 6.888773170249040 26.178390174188582 13.777448950027093 9.309815301806157 46.645888357536101 61.439300786115581 85.958298457876651 96.596494907856084 55.432821664368305 62.194591126460722 85.849975306297125 41.428258045233214 13.533607719748119 87.056711910275069 91.008432757434647 87.690094912852899 63.042539981214617 41.856670021207300 70.349045290836216 11.293941792897211 77.009534690710524 78.185839955923015 54.689674493342665 71.470465573035469 76.057098157307436 6.897043294576011 45.013475837309954 28.633292407359079 50.256378645745080 7.278533210561589 2.296200049564900 30.085467637939534 11.070853110304402 50.821933237478554 0.572595537380061 16.577780095351724 38.563564341969048 6.132204993683221 18.796893478075326 22.384605113501099 51.762107709215080 92.034950369101082 47.803362642566640 83.593811715070160 69.290779345685422 21.119044476185156 42.075158674081436 83.221996908083909 4.941777273506121 51.664951876742492 13.244500940013172 35.815883828863747 80.173779316967583 98.225722201945388 29.536190160299402 50.372455650777390 80.196388848039334 11.489384505415213 85.555111646794728 43.572078069889820 43.466742311791947 4.075790896799392 29.375371803514629 47.079953422450060 80.171582406425486 4.436035108544312 68.206572041753759 16.354795272377277 71.577356315080095 7.109044369427043 9.524912383238071 59.942485907402279 45.159853570294338 63.962412536886880 78.154550719042717 98.053389133335983 83.444550607180872 12.731310753015057 3.264395462632708 59.740168498921186 51.990670509523717 88.437456512061942 83.895570982998066 79.233098029899182 4.308888807898148 88.443511917991472 50.076440063002181 42.717960355878148 35.395472870107412 35.253281077267275 46.253957647111356 36.033837565872297 24.827772773106538 12.074122381185548 18.160877923724726 17.722977853205180 32.528786940118515 86.160573692576776 17.595338968833619 76.709823739678043 65.087098671606597 29.941713946371618 6.746084785677553 93.906305404699779 2.217976827143342 98.607096312697863 89.495927750685468 88.460855216542839 18.529142946185939 76.755132847468673 15.767890338992208 81.438103268119406 7.741930070887260 71.980625066604276 23.489129919683883 37.807350258707238 47.037742718531781 88.607179235379249 71.391084251853087 30.222223107137513 28.100283092529278 38.102527176730426 2.414832094909347 90.523600493186834 69.400252706586798 96.212946010814321 18.198587188146497 33.404766427128010 24.690173898920865 60.716236798427147 72.986577594730022 36.365380606938892 66.076244614494058 92.056513915924512 7.896470837754899 62.667410352130581 81.013858825640085 62.705525269690256
9.049939161342113 84.690225935639191 89.091007184661521 29.456815297554595 77.217815420632391 48.730158825646463 50.979681412087942 94.255173887120293 98.392314227746212 36.308985666949347 44.777789238608648 43.833217199198515 88.083153100715435 80.365663252267908 46.600206592998020 32.898016504908455 58.824622762992682 17.834595867271517 12.545762017421225 6.885592021175668 98.157222197356930 0.406795675192639 8.089596177225722 55.527532962519842 87.876450071113538 52.819725717331423 62.959454319424758 73.351622185494335 81.566516445730869 19.530937869593668 64.326383883131271 4.646203768179391 12.059652999757041 53.895933502861340 82.923414679462979 77.011882162964156 74.549574756323210 62.642794016600810 98.244124699124399 60.881522296577060 33.327192857735575 62.841364505837291 23.357953320049042 51.429449937259022 49.969776750003433 88.298128349133435 88.104026776087053 66.992796945276325 77.791954935375045 59.190161140521568 95.395003723490063 41.035310435505046 59.871445412174587 19.759386147152014 20.325395153005132 3.482743230932928 9.108900507918005 88.090815479206512 93.126679821860733 94.864088924109396 81.812029934400783 99.165142684979628 81.960307313665623 41.646100224720072 33.220568883805235 58.724059563341299 73.205153399893845 6.147979202084075 90.835038777390594 55.527445118281463 27.746492862894833 32.893644350899919 0.928912654352998 5.838467025295602 0.768670140802430 79.461704275979542 12.510600566954855 4.825234104979459 2.725619910603594 26.357962455311558 49.770921076116323 88.797709716506063 20.843658199115989 41.853929854972435 69.318243011000803 99.221662138457404 9.022113382689890 98.341310812685961 28.073923981222404 21.943183652477160 91.824766398130407 40.586392527405792 56.044183721179351 30.777658613144599 96.717810790698849 48.996675387908397 44.739082517066244 81.668586372750141 23.647048964788052 66.281252669658713 53.411981575834155 40.953883140068783 35.910637308416838 24.002609753637415 3.987267056775590 88.154721199622117 73.816989892516389 24.113339028336821 53.698037878134066 85.547586126957668 68.593440896947513 88.363146093389261 74.339042070775093 68.843231324096408 30.832920370738726 20.033656115301611 87.894170038219769 61.603670941811153 19.688271708233561 22.029380114923036 36.031081511831545 25.441408981930337 11.773822720632332 6.814385316314365 30.032636246009702 76.269386907515582 79.213956665009334 20.275674672510025 66.610453278849661 21.756600875208399 64.581346757574977 8.477073295282189 19.357964665463044 71.728377759428014 17.524745598616175 28.955254758994840 7.983523764329337 23.417105633518965 76.410922461232857 46.757533031455786 93.607624455749033 99.561880297373591 85.473128090620278 22.244206778779763 13.225653466227971 80.849224740027481 11.606201674153272 14.217674239198995 97.682733530428862 48.715456919139008 96.046284524590448 90.015870599899401 32.370650526591128 0.143592658461522 44.188428912267000 76.887092702981903 27.516390109328615 13.637090197071156 41.877002513275087 77.213074651147011 4.907611762397313 1.003167543419003 64.762636949980902 44.586429973837426 24.351589515344163 7.264722442857940 84.141011329277177 22.287088438455569 24.438409879281075 87.260804370869565 37.795454778137398 46.189859021870305 62.831038321190825 53.735603854978578 22.594603892257592 65.204036141347871 16.590248899507298 11.022119716491352 91.850987833589798 68.975522584993769 21.233059189833526 39.591795138705500 95.786284795598590 91.016232046979383 21.038556038055546 72.126081944454882 31.723614926316522 94.569088751521107 3.422748637061845 22.346371311899293 81.825508689397196 2.668990227699364 83.443243255107802 48.482568692376660 58.544937926345227 38.621250067343695 90.983881362167978 89.488505247527883 42.481716607344389 54.080585436456531
71.604060519955084 79.922797713486133 5.853683121543051 83.392998441950255 93.910461577866883 50.679631059864093 89.249706478629776 68.054010367676369 29.099294131425424 78.481526610118806 63.611470235324873 20.003480223615689 96.149617212918585 67.577797628272535 76.233345500566045 82.826522447079228 44.707228788614671 30.538037469345692 77.414214758363727 88.823682878644433 55.648336669949330 68.743727656533181 79.074809293630608 57.503391312804411 99.248858696560532 78.793224697917253 38.674328468934782 13.708685031273449 38.028298954645201 22.843383826653220 65.753751583213017 68.306008021682644 0.078181059048243 45.608248843761480 8.265594312612922 30.940202373925906 88.807683048810972 37.659616328069731 97.194762497749821 86.600538124448036 74.250348006557033 44.633333035505075 66.617139898188611 66.862239967649259 63.083841492346515 75.345490276044018 46.505633949711864 66.001898397526574 30.685563905623837 45.078349184896602 31.766236575925234 11.453323173476148 61.974202913122845 11.032459993908738 22.099666551557405 75.365313626456199 30.909583983587464 39.898041976245700 96.228012434082487 72.372581622831618 20.135913084398226 41.835753099838868 74.829593194834104 60.273440010031145 2.054248056979036 34.271806722315333 79.164414000604282 51.345414645221595 60.924038665009441 8.313882182107935 13.397949788058206 94.787829226862627 96.050191746974349 7.000670348801796 15.429272808671989 47.099212015199967 68.552723045753510 70.915832999568977 35.888838953180723 14.802584772226869 7.957816300871656 84.107425240206595 92.244153892197602 73.268879269705550 41.621212254949938 52.193110217266977 40.364477131441902 17.466936345072305 65.398484484233691 29.810080467578171 99.807677004926774 19.483850153769154 86.852736247762991 82.724062743958953 38.994872675948002 92.680358720727469 98.399963946873044 17.184367332011618 92.616218868064223 81.965072492025598 91.122214107543343 88.020893383640356 81.018422963937368 44.511488983868588 72.830394454521269 98.116914891542919 37.177461688057676 92.547325910336454 83.333061694278356 52.735491539934955 80.576972985817392 87.855875838810206 63.793196395854793 24.939255585164620 72.673922946801156 10.803296458108180 61.997482363368370 56.440172469895721 35.423048446192048 42.614063523193124 73.401862031207358 91.425167776029397 0.021206723339029 56.558789021501866 76.663695174770538 31.601741194764777 63.876873602546411 13.658031350834998 11.839145465888235 22.822806279998787 2.719967636578990 74.973879536663119 86.659460920824785 91.545671999639481 2.564485773230762 30.801410028373589 40.675094105185636 25.133388665574905 15.252427875829344 1.833882941857834 74.870946366635465 49.606075655349521 50.878281717735895 62.664202376817137 16.535553379508094 65.831874210550779 40.403761879532141 29.119688564866909 26.188963870825177 80.386286062488949 52.746413729617771 35.060084012969725 8.950764631288822 21.828211539942920 62.265729553677353 81.023954269559027 1.839118017468122 4.124779889402596 23.634455484163873 0.996697388633017 59.398218631831575 99.391410671975493 27.789033918035255 84.560011711520715 72.527183467972563 89.489707637055076 65.460084446670834 19.843552896445470 70.493546812174330 78.190423203882958 8.578969103183965 99.105800403723535 20.249246264055287 56.318464184825181 76.054351880541262 9.540788357179164 83.335345413932899 43.959795187066341 93.598532187277598 97.626770186131765 29.064839989473469 84.461897036622247 30.065694963254263 30.959887521399665 67.578891350202696 85.455001861593260 30.819488460789369 70.350388360454843 72.608488812745563 66.611827918870475 18.185901118261427 61.503661562413939 82.197804848187261 38.148430251759748 49.174059350685781 22.026874384544147 75.285765367222439 46.889131913341245 17.136514490135990 94.509908699857831
14.794505045283868 42.322300801312885 35.443064465565364 42.085800338739588 81.896897362296656 17.990945951410144 10.667569142516708 39.436826684702631 38.919218423783676 47.521031410504619 55.792016509410900 84.774499873294204 94.266432351212870 98.879181172357590 50.952309417956108 24.978476346180223 57.603462626209364 26.327845104365664 28.785928072879418 40.512851999408603 22.102911963849781 49.595090545937168 21.111899471620067 85.054636755463122 33.203784559063223 67.635372886785149 5.341362246059644 32.257904444797269 34.939826652714835 77.479829218051734 90.241265393293673 74.821447767426434 49.328962277802248 45.110825706958124 20.761492649553247 31.159355464580795 62.132106056142568 8.511053875024011 67.186459408849544 6.187881992694666 27.381263418001435 18.833357115560357 14.962338958750976 28.911986498375096 29.227661044571818 88.616710078720018 83.364700172065653 16.265061133128324 95.649978044771217 93.534411330544287 45.776245164585539 49.743244419477740 57.364404160877534 21.337762627095223 92.697739844904987 79.280098755163294 65.563871489757219 92.266243366923177 2.393572452997139 82.245090626470315 73.063807143681842 98.233178393055880 13.841248181495347 36.396168256054040 96.808596602813637 93.418463102217387 29.961122414527143 27.923349182200141 23.711508368927014 44.131255235241305 52.776193757379872 25.337066592702094 8.188551155077839 40.818545024266918 12.827039503880645 5.571233199809256 45.861965478350399 80.249470234263399 46.727316572901564 63.301611090099605 1.081045849602658 14.029015617730378 34.335588552990636 13.222553293614370 23.027073734389525 55.420862679254014 69.023212764956156 73.303083526188999 41.451257675351229 78.719236545321053 20.629897795587780 59.902624425372977 71.440837893198292 25.758788669334244 97.228707977597011 44.156143192284460 48.553880421130245 26.843574019479423 42.123146663998135 76.978909348722425 89.355406308593331 48.473040995242101 96.282242075137191 30.588041922312026 50.599066833366592 33.726442656014640 91.288910445579546 31.121264650161852 59.296142284514971 93.653524244569013 80.356489361127686 76.174697744203527 95.591871837062342 26.111225184624420 24.353661771376387 64.134481420703963 99.071666701365146 21.085836833342842 16.351881789973611 55.021732869143833 26.246204714099932 97.984458324660622 50.621870983449668 56.180589692171999 89.679943151638170 94.353577412526874 58.553304867667947 23.971932273983597 71.861001846603642 28.215833465755612 66.980550636010832 10.889515951133355 10.364181842007248 87.409737531353016 24.089276545796789 88.285093789773200 95.819842679821150 89.534106924737671 2.080693624649466 72.898762890024543 36.317814349260125 95.936885737345733 63.471395454339330 63.641959805267156 12.392985203667484 49.457641706964239 43.648972197484696 76.753172513534267 18.481928299665341 28.076758417002722 37.286652069324155 78.618525922228116 92.008152599771890 84.477564121995428 11.782170748544329 27.182230034727471 9.476141658166860 29.523335394336826 96.403054392216333 56.510875256655147 83.381012237215614 7.850918664986761 86.301043342833879 96.618580811713912 31.769923914652608 43.694299757790603 69.971281503056929 68.618901883538129 51.280133015837428 74.432199760176033 8.975455060338833 10.831745453997977 53.048920151119837 45.085786074638989 15.683486660976920 35.596173933213784 39.187353418049767 7.993819739237395 33.864214688223285 14.932765235592182 41.130350274421943 65.422021342470643 88.866487752725618 88.038564485118727 49.515716700419212 54.290679068199552 75.350923258394360 26.610602010144891 67.940766542722571 25.649606334991670 47.076834041672235 35.969655555337624 75.928212854273198 51.435458749025486 88.350743589867605 95.871920134128345 92.486005893037586 96.576081025356785 96.288154949891222 89.902522409306656
13.810539481967076 11.608843017339066 99.258746531376630 59.193208432993103 75.198059255025029 75.003929968508174 28.938660823186048 25.708035196367995 26.209070890754759 67.982803535293669 11.802837993664006 11.712822751897834 46.623930720236515 57.476547170673776 90.614209936851552 13.679202105877708 58.428808412739194 81.759732151112942 89.433856891879131 90.160737753375159 36.488753085442951 23.048013638612773 99.927242679160770 45.745559472123368 60.112034682567973 63.604903549948332 32.947232269602843 41.088691176987027 76.601521980088776 3.410698736322082 72.919831885224610 17.144176847215022 99.317151142739903 18.997954473127031 32.776468103921552 48.438652476912047 38.030136738126920 10.960847250462569 18.085352123730647 62.596374810455856 74.853088486181520 36.760120503563613 19.798086914366696 11.129591052574083 60.671988661796071 93.060938220395286 46.869870384611879 92.649113788558481 36.946198602490355 52.583342975262617 20.093102260137730 6.985007931092014 41.286520782520810 57.001212529847010 7.420620656937027 61.463948837648950 93.875751433454099 89.803615405569516 17.775947727858089 45.127249417288276 42.917997028584423 97.370486662097832 89.351473358432429 49.336665197412465 63.942382736361466 50.376394544425708 48.385126583588601 32.424306690112935 22.017610520044162 80.144466279760010 88.399456579622239 7.534926124568686 31.725110804250711 98.995141301504759 79.480737375047212 36.138599718904985 62.257938194005604 14.976390644120896 79.085190287186592 71.705577865035693 49.454463452922880 57.230884998422681 91.996770773649843 81.333442124936624 59.228425501682125 23.072545044535865 65.687161707382785 19.723879206890537 8.648910621318361 16.564046940477606 17.888785664329010 73.370141950109996 51.951925282787094 37.140623003073614 34.582998330565381 31.495477738963029 94.312951731504896 48.439010335311337 20.652735440935675 59.232299238895060 45.265703657260218 9.010032122826583 83.837767233533583 78.122757625997124 6.718270445824870 36.210065616184551 43.617836233258892 95.698298019249734 98.653534649762705 46.111688034811458 75.264485641527671 95.328190692059621 38.379749124390372 82.822485156222015 97.832978072490008 97.150054129517031 60.413194694565476 32.384786445154191 63.125719854202636 50.473403916135972 13.459565526693940 42.526506826474787 49.185099211733650 41.524654040005807 99.299542542815828 38.527318441697531 91.012024294518298 34.074880634186876 84.271988570251494 60.232737382696754 89.272554972040652 64.602476505312040 65.263871795667427 32.011646559198347 16.630666387622295 10.568774707879392 36.272654299201065 30.073830914563114 79.808606520962584 22.749582548227799 76.884625355561710 98.010835357529359 93.467641196826648 65.236346395118389 24.818900488832409 70.621731956580362 19.845232552286429 21.879538950453316 66.403031140165695 85.848222588286959 27.237422847075145 25.648736286493179 56.173423164513238 26.305393626315919 49.051684322268429 8.791686508267594 20.292575183270444 41.477906321458121 60.994650502165740 81.026035510101451 57.430991784440543 49.673194739905782 56.427938196982574 65.609037709264229 80.152405353608003 38.942555106550699 67.925803073196960 2.277004342401645 16.519235015382549 26.838902218042048 14.205920173861287 24.827315703932218 19.569081567673120 77.630747892174952 81.946184094955470 83.399879477959317 24.263310573336948 62.119819377685992 1.745098225178221 19.563062394669807 87.283272602015288 58.564920581585667 18.134930349943602 54.075163750249502 19.785662528680625 7.368719020342651 63.519496243727666 1.679947793403314 42.972109130854953 65.310182934812261 57.836809852321188 33.208546821913828 20.325390302394897 16.312007260203377 90.397933277712397 31.010788104535091 83.285411605560299 86.421197044051453 45.898296501858518 65.213486418538764
20.617163348955859 70.286908047876508 18.858289425874176 39.463565348080230 68.695484271476502 12.957072947530769 25.692912162379521 84.509850912166939 37.864652227560669 74.467555676095060 88.608664898406076 39.053388280314259 89.291950454709806 2.101917780902585 48.604717986674352 80.630749211373427 42.395919631239806 39.931147980277416 30.911490622091943 26.789731589249566 46.023202546194256 68.933813953937232 2.692300724832264 96.632356636555045 86.338218413519641 63.617141403476893 38.385750435647722 39.715014545354599 23.272901466906170 71.629404014742931 83.770985233730585 8.019670414517567 80.649123582728606 84.106622800611092 66.382502291743634 74.455538871325942 20.662148852279117 94.991519610029613 66.979445468870907 46.729206784649733 20.377936023880892 31.917627322219786 58.048865772139933 28.768871908767267 56.970113130246283 6.979204689887464 94.942316328501221 26.519667284927241 30.000469408569607 36.590323524151650 43.818071756282997 19.897440141293810 13.445040213581450 86.665723793182210 41.341275250006937 18.421394485532993 29.800210158370565 96.676321857471962 36.882625622915157 80.025718296882857 62.224027649050548 29.759644149098275 4.955211279264193 8.274169410593867 9.696499905325418 17.919060729160840 28.840469512040421 45.053459246158809 31.596786649429596 8.051515125817621 40.022625133517622 83.561218651846119 40.327357766570273 42.686728839777402 61.289617492319834 82.282934914422896 41.664379187802282 97.108505812137551 8.656173624972451 6.094685660797861 5.292977238663966 36.568924322316875 76.736969206195397 24.010958785414882 38.568531181377729 71.449375650784219 55.938778537782561 5.417193029658696 80.280165999647210 65.165576072087106 39.882966496995529 93.038259880105457 56.125445364948476 24.286622929890299 60.401732759734415 55.084328892682521 34.442095623894595 28.437730892947645 14.056589144972243 36.011711253940838 33.504959279417847 32.328869516007877 24.643733213091721 62.981600092218770 56.153386380749339 34.225703666726289 51.126028026835954 12.890351516604282 38.431021862313926 48.919593012303565 39.721355003422417 70.754666297122810 45.518909122146468 58.901761612913681 93.648441684100803 66.197939133661478 22.531014706240605 78.446743041414919 91.717017165915706 6.510644529132970 4.800075704356055 8.113780326471343 76.872907167275400 47.986545914272284 99.847456349618838 68.562125336188288 38.550317005301672 46.237264793758371 11.212768257438288 84.720707831878130 55.219916949178646 97.026549344416864 35.576690306625792 6.866894693358128 80.801901301179072 39.315945325896173 17.826587966362894 86.438675366204976 83.203578632146161 90.149811772666709 28.593989117419806 68.851731551912508 68.270708405264486 84.707779917661796 23.550401674297738 67.248837246203593 77.422709476173495 90.928986169067244 79.051083043743347 52.798872991692626 31.001660948302035 82.181684800817109 94.427769957222566 83.807500637108006 69.390497407247807 47.614845412641458 46.221320455359262 58.215443435793091 25.550502000754584 34.085174538866383 27.908545316641309 22.573782053135972 1.951087977120947 36.839951143429914 14.792290523651385 53.067227582682762 23.455539291454862 74.351342844526030 28.542519113680996 38.623097148031682 17.525573217034975 9.208413209689892 94.982204277171860 74.211904477730073 35.023198944077059 78.201702560101992 28.849800771304235 80.729524356557576 43.536839325191593 74.377988689364742 66.325274502188407 44.423345507357972 83.403511201104607 12.419819562950130 62.486406116559344 12.925261793124553 70.635860017851414 57.267759375398796 73.671071667493919 39.509615475212946 15.850146447836622 26.464781433218111 52.177717275104975 77.370917783474297 21.846261609890625 26.388397315253876 95.407813810588820 21.805670764692120 32.059004237569766 0.078019212151237
95.268014270123473 5.085830290878168 27.374911072871853 68.678861139345912 92.596635763317437 64.257689811203676 19.518535490507627 23.844380845662627 27.356785701441954 33.826946382869934 33.708835414530029 88.062548568277180 29.179851031959004 61.704616966204384 52.997394349566193 91.673752879115028 78.199392639892622 34.060942201488352 98.795802286742529 34.519159409260027 23.091077770002244 45.780941918621885 19.150468076998418 51.417630880645369 60.564350820011768 98.736479189603955 74.699414502233921 5.802302068020271 40.638669041285404 64.032072166354553 55.579371835301203 97.865413827707812 91.801788940752544 49.997927798423504 3.885618332814156 98.344927868932956 46.451768755054246 6.380800759724692 5.302341885264850 92.481239713528467 72.740435497066059 67.795826194599215 37.006753639670606 35.577396728711093 72.945052511236625 74.211448753682873 86.930551362369641 77.966654297049374 80.215549016763617 46.249578615056762 96.145357696361373 27.287228614282842 36.831376026657772 92.399591504401727 95.358114707008440 85.116303195772275 8.318385686565632 31.034539858105216 46.680440917322251 13.830824112343542 90.688977049586867 74.423048513446972 12.514239270932492 80.120036963384223 2.769698419643973 24.569636637621773 52.705700340677922 63.332360363152240 13.305606503265444 83.391971944623961 44.586793362583919 28.304015041087659 42.283011215070701 57.456369270368377 2.433087506521403 27.928345445889846 51.418692302997982 91.362200020318411 99.062853382054143 88.800455602843513 5.188184036251031 42.959599724341466 44.122274756905156 13.721519082709611 11.328019412899559 21.395480615149999 59.563995800524538 5.850613377031233 33.170647738744123 90.614446306789461 93.393095528349576 66.021928186769046 85.157593296236001 28.612506997966470 70.053077228474322 80.319511946491872 0.160333205177665 43.958532463277763 85.926425218898075 53.365479246240469 94.605645113215346 73.919752713007966 90.922107761327538 66.611269079360014 73.115544320693672 37.329417954186184 30.295599975091303 8.748795764759942 36.812407128316906 20.909812750353009 33.627151869893900 76.127562588980339 31.691327162392991 88.063931072428915 2.544408661704278 9.763454027779606 81.156404441201005 19.402697671571289 19.058817322790709 65.400820026649299 28.224112046236684 71.157845955040742 38.415706358194022 93.967338121028547 96.779044355349782 60.493027295704970 52.797858426790320 27.686615770883471 27.163182180525101 58.443705059401687 42.252859936809543 29.848619665342589 10.004853569329908 94.094374848381904 20.789617878524425 55.579377346092919 41.402705411493201 2.668556019413704 94.577563920144840 62.123507414121484 51.708097136786790 15.740220983450481 53.605477331558347 57.463406927228874 12.971804127362773 0.225422995652358 54.877649002182814 64.706605929177186 97.329943243018064 32.635231102181706 88.757499640935748 96.022610271897179 13.085304035408562 92.365877018519811 46.225704882556542 69.922296408322936 35.802902030539016 12.873470715005485 70.561109724515092 38.757418327595005 69.533794181284023 2.264032125557613 78.326815608012481 80.964187489347893 5.888557058953059 52.048684601034843 80.770188108946385 83.936490448765838 10.596753488050902 56.615499965924975 38.256107672644958 44.389163910388163 13.808829159910651 23.447565232644308 68.234869718243033 3.431801258523670 69.777862013983864 35.537068340897513 81.995033621202083 71.478168200470222 36.220011529355354 7.030158950059995 73.352555844169473 85.860951832719252 49.558989094888950 12.255235461196401 18.923402519295163 35.508911479697993 93.490308440427967 94.482605463057439 16.192229092492060 64.879635260165230 77.508283865673675 93.076256565922392 38.526382038497800 94.047302096600490 73.499622562661173 23.556957081586717 14.094612459731016 28.765242855933614
29.860347932057696 34.873286472163677 87.583684625631847 73.787682489664533 61.601682226992402 44.950791913870347 25.444801635765014 16.876539774997834 33.389217450828156 15.190574144411151 42.202447688823987 23.645442722009790 66.214582974628073 39.212212218341200 48.050722593769656 95.033355634406860 46.779935367250950 36.641692345707398 99.048979506698885 31.643564616123101 77.642933215358610 24.420809096203556 3.763275532987931 56.253579759070384 68.226300635657338 53.156722268315491 72.168605981807445 20.383459681060312 9.428615295668830 98.543332545866605 57.769004243208990 82.561034166445637 16.675309462928055 91.575757150781158 71.177431062650115 93.512618643235641 19.311716412850810 99.432353227890815 48.290111438185477 44.977027515566256 57.141108722899091 50.271649217749513 99.984234502060488 18.602685639222294 5.556257194961778 16.693411514873713 29.937548101632959 0.940555642795915 6.806416605469656 60.350894447255939 19.577097618387974 1.801286718031792 58.739377317033551 36.966758748593655 90.569737324349433 81.371719721980568 46.937861531826975 26.071273313410050 41.981581474506427 97.165884023176872 25.889854538388878 48.404149504779667 89.316991884607461 50.920459364448170 8.137473017159669 29.055189747959421 59.528960831211478 2.643506775069593 35.818974340851625 22.760188945125016 76.211734643891191 37.714738749286795 61.374245248160399 72.786070242879845 28.575721026605294 51.203803634560373 9.465912436063228 86.029877384755437 79.953946124621808 16.675678378333146 72.834963493087372 89.672651801209625 42.415793492404838 86.983153249546348 51.601811970439805 45.544675037109542 35.711217901988910 27.892347968250320 64.061841450717495 30.180702076712485 97.018964363028715 10.138575570137764 34.768141889962948 51.248011424407856 56.843907400196954 68.104615340085701 75.020368751647041 5.837122267957118 97.154262374168582 71.146317550981450 30.061794406996377 9.781032479718988 42.954975455812537 71.281940603653979 93.219444151076743 95.306021617532110 93.775927094124285 22.920372704501979 79.493063555445303 49.885585926235677 70.690123166767435 48.369467715663930 87.425279835932074 4.314590029241328 7.800120051974591 17.473812414686542 22.529167147200656 19.890457179778199 52.526867157809534 98.139260136135135 86.300985486898867 37.234763500875175 32.592093106099838 35.797892849659505 67.413170097380458 87.431751397045858 78.502579187938593 8.728482735653309 31.856159408461426 3.405804994304451 20.169910777350697 36.557105479810957 78.536463484960194 65.123295188300830 87.820696205632657 15.230962757281997 31.511088139172692 39.261399477401646 79.218916030190499 5.659341677400298 30.083183047842098 53.004028007524809 88.971572538520519 58.020458559925636 48.800700101061523 3.141170867971954 60.176351556261167 56.086320648829059 24.087107759953806 58.356594109572214 89.173397208516150 18.253973117024323 44.694278699106505 87.784114410925142 78.433159001832536 50.415907400833838 55.767412747059574 41.744420638694294 36.300374346272932 15.910332080365997 6.130719693501552 37.356078111023706 97.200543420602799 31.267769048093964 45.658581992078595 92.802380768185401 84.990478842208375 4.390514060831530 31.986457793320167 77.477386030002421 68.967199498692452 88.528822041503247 25.711391813110239 83.175021967924465 63.972133959682033 15.127110890591178 52.457129655614608 24.257738097230654 71.579034228977036 72.935188549391157 30.341688934633815 74.724629686654737 78.089659224604333 39.641420389795726 90.352268012486974 76.859735525120826 74.307667502564811 65.043749180987078 58.572329256564672 29.821495743366810 49.076169763019060 26.442866911468109 98.152452308450250 43.247696902869926 77.136875890021116 73.658621690419068 8.129017945983186 96.407577381723343 92.945362516644863 28.792731795308946
7.072770783759497 8.960282668904496 44.066950456214911 20.169580565022361 61.411247344814704 98.071215363772794 54.159220078615732 84.077435137348445 37.263928501140967 61.599010470704194 67.582274918560145 76.588989469692279 48.781154819713912 89.885979421598051 53.372978503167388 26.943103737421904 6.522587802667845 46.771996787635096 91.278105448037095 74.642038714115102 78.565379264973089 91.947055151663591 4.453947295218940 46.639447578028651 10.248620181254575 82.430309107271384 80.164000341017214 47.075007167188929 0.703629361266278 1.412411776781153 87.217313457811770 94.903824591195914 40.011472387181371 93.408972754374048 93.673032322541587 50.201109211575620 74.458788815786306 28.802754943261156 79.996408376062305 19.786682602688966 31.172712764843691 69.676491888461868 85.443775678647356 29.311020155315582 9.296010768979347 92.897372707523431 71.976708000143503 99.654978771085865 31.701907709504784 41.678776701931710 98.168517005579687 34.000385514056575 58.277235856640687 56.288446301264436 43.447038926912619 62.790004488188835 52.908085582924393 39.697074146861098 48.324367387893709 64.831788450383073 43.851110322582358 6.053929506766931 24.153275940131714 40.350105260404042 49.043469203225243 81.548951971659221 63.639680930069353 79.181045553964694 83.190526252345308 38.123080229339990 40.402756396067176 28.548164782256158 33.211934623346892 7.715840866088508 11.583391435591894 19.669286464748314 89.756194466786653 52.458401652390506 21.699307774193500 4.309328677224089 43.806679203092649 52.582932200815193 75.698312511335416 65.745258693734101 22.225198694464922 70.217810030624577 66.207253523014074 90.258713926092952 36.159860175324333 75.151044045650394 86.212523044524048 96.871969302242576 23.600269836609165 96.694067833549568 20.871093288961440 81.325994994670197 19.258983198953750 49.764056100254706 97.833069259360272 91.327648597185799 30.631108951792196 7.209797760587044 86.195346794782324 79.341190510870646 95.071625112320007 5.328962714819186 5.832951099001493 11.780095130023238 71.280774554577221 45.264224086673764 46.172927696823884 87.178197945705918 25.749591841855214 61.615305441962363 3.390698688215477 22.577161940524981 83.497363069364212 72.635978875895375 25.845958661740156 42.504299014086165 87.792623773883420 54.548577309486589 44.885367186995225 77.640874353652549 68.209626494684301 15.515696134100798 24.081417361260861 8.947342202264764 49.143367952084873 80.220018576362733 95.370407289132316 18.392126790365559 7.579185657442844 48.176952348129618 9.709143771653384 8.174124588940234 91.386471809665210 8.069247725395511 19.271048993457164 77.006861025179077 81.735785923993191 92.770346779939544 49.446240474878941 71.882933617213936 75.244176989993392 72.482809451187606 9.209696116814692 84.552970502244349 31.474754416508155 7.315972826495221 71.403039618521220 69.650158559381666 48.083554585577879 65.993519724447182 52.708048023626532 51.095377185204384 98.512627200334563 74.640977360788995 31.821541356724858 36.214730368561568 64.013183599517191 74.471976031829442 51.482542071006975 18.729786072333209 29.848784843443465 17.077579760565531 32.723821347311279 67.323457981235777 43.097788774383694 46.307960689763142 96.629064805195071 18.927597316150525 40.273422085020769 71.896561344514183 15.063064378619950 87.440145128789325 61.506289459796392 68.132881936878192 82.314633322616828 11.779367994352940 78.024649181509531 71.518382868445656 18.796506135256021 37.129687377816147 7.740265217315690 73.741611497563312 21.020003223525507 52.128448949533244 46.284739464155500 19.673727510457894 59.356568959438974 6.398603993478480 63.112975249375502 97.467369196211479 12.894642514811904 41.036794805004583 93.203296036671674 87.338204417791417 75.169752745661228 15.455480032020940
4.732667818932590 58.914750395366966 25.654136530394190 33.961663683855647 38.323755661700140 8.731276665012755 51.778068879020509 98.780225408802110 18.348058082931175 2.528547361394484 16.217130020075000 65.327252723283138 81.819585117665696 51.101553479474859 99.606181792383083 20.256197189084947 70.657775441944182 81.258282292900091 49.959823183138816 10.299386141498722 7.958875471400551 49.972605432856845 41.788185058694168 97.667896133537752 33.794157842085980 50.016239018188436 71.274152170664522 61.954145609489707 85.291487834961458 75.047538496229777 30.043243872695413 70.703601595802709 20.213927932620312 83.228000865722905 28.416664403415247 85.359027090959231 44.583984814609757 17.138769538374909 39.229560926299499 78.871524035019220 8.284418310820129 50.203586474502146 36.869807630393822 1.282170364834068 80.851342677085867 91.930860076134309 83.567742100171074 49.567615186912619 95.120326654122366 72.699831191254546 56.798415085234829 23.411108153845539 87.276584701283156 83.258826453573377 90.597129016452442 94.668237874553469 46.054259101634401 55.471304777706720 94.151557192398812 96.611984863315286 90.132731174268727 16.713112537701559 41.260219313520672 22.484922522694539 84.255839856862536 15.744611156679490 15.142048773961713 43.726031468005374 61.423777103417407 31.195791991886558 45.292088224996519 13.542368214695610 38.404559396230631 16.399965266131534 0.020194904522886 35.328326344464280 79.504534060947506 20.082782805864362 21.556583938389107 62.682951949595441 11.401365419401731 25.094925453111671 13.478777247068251 91.591161527694382 81.642673165743133 0.145756854608836 73.457713641065567 41.787098875787756 88.074534278595522 42.667946869855186 68.875828392926039 21.357124840180262 49.931552779138975 75.634659854878478 79.197739839778691 58.602294097573996 83.298117640381577 30.400386058634076 72.102693814309248 19.923277575251841 28.290107571124334 15.589817772785031 58.789949316952864 9.002208915236842 1.845619862942827 45.885011368709861 83.948360910694504 28.166314298136186 25.832788765530623 27.549300782124686 78.575140165236419 23.008955883015425 73.502925449612732 38.322658761557449 98.940937936307719 75.792994681808977 69.151267788362830 1.441788687209811 26.301504665074148 76.980670536880098 57.256093914196207 84.704339863706025 83.884323060676721 64.891155754202529 17.024241483986348 67.350471322887827 76.720788588944956 74.358020254485155 38.270727675047780 76.930704985294540 18.291603264176469 43.433402248541718 74.604586749162934 71.808483107020692 20.058947430350106 73.654638952661060 7.120855672723680 65.218236812579661 82.987090644270893 28.740999068549389 66.569313309314566 41.531698076857715 65.956886095951759 13.105034957468343 70.738821089942036 64.038132670362174 16.629880906105821 78.701044761201416 20.310207042542451 71.202987718472613 46.736507582639284 92.772186467011252 90.623102885974276 75.020594373820941 26.330961202315951 98.056580284762703 29.027421992763912 31.540904976244210 46.146948512738348 44.608248097743143 36.420839053610877 81.014321107859004 14.120698894791106 90.444343332020665 41.410062631801416 9.178624143777082 92.655068194128560 72.398020144110959 42.665064691663702 66.793583450572342 62.940936432451423 21.525425155494393 4.312547869583727 5.517448357032640 3.054832017061726 35.488022937686239 79.430154726772358 11.685944079043542 49.811591347310525 50.117511722141742 17.794608224843511 27.532422023644941 30.296236994834413 1.648682800648704 62.749949862387652 52.369898126272915 88.881121320098458 11.097065231890834 0.826528579154095 40.755973694370141 43.870831040904257 28.429520909145690 6.233336813845536 47.872286591874847 96.431574186112186 49.680194936416321 56.824872657602711 50.112562600014456 51.493939342044101 43.900971534604849
24.430404202059741 42.815993427923630 78.669269713527740 45.967428030464355 73.948841072239560 86.766041214692322 23.540565000520342 63.482683968004608 36.090863657271157 47.411046603004706 29.125398020876847 10.984825043952684 29.143844695094479 18.515852654514497 81.507564501290233 46.991913679561513 58.252935853121372 60.978035731694803 66.523708928428363 45.461645041997386 16.289694221085639 77.579901396429591 78.823875206862510 29.727585752198681 84.750051679134074 80.190761195268692 94.681662515028762 39.910631963187868 76.862962594862267 31.404988912695721 16.545948198404069 15.869825095379920 83.465652931875994 26.012183111260036 14.551087347854619 44.568423129224946 26.825505556361694 53.154468336094141 94.497795911314668 70.578217409612293 2.093988124065638 23.647201213487591 65.367911294837526 3.252384640946648 28.910880468838897 85.908295597881846 32.292339916409787 37.910109699755736 45.742034215307058 17.112118835285408 23.611049825193742 88.238391571475788 99.276547401715533 58.537551975591875 99.156373373600445 84.540005047260152 95.238849939051718 51.967446014138105 51.691975319854755 55.737807516082071 51.808152275632033 82.742029200956381 24.929104589507890 65.899820828213819 8.918150582430084 26.754066649722329 60.395261980671798 1.356669838457170 57.419459931083459 32.463853005307122 91.334001419424354 86.423295029362421 2.645670210820172 92.160999798228701 49.611925058715400 14.163101865359629 27.900478694585750 76.697282097287186 36.293457679348997 1.818002370727345 13.875800874810473 46.372646972358375 66.743367938866811 70.140393207086291 33.993308286082765 79.658641916810296 49.573197088300724 59.155351454839376 6.108471395124083 57.255704101912407 94.417644850170817 84.065442082389225 51.175776697351118 45.284222729116017 90.330131704386559 81.239959766775215 3.023749325541925 10.614143594769132 43.545284096647705 27.130823718541841 24.067747316087239 28.080549799260023 33.864553372798170 66.403288169412647 60.312995901034569 79.300069492257236 63.857626725806227 80.868444647182315 80.461207981629855 22.783759786395528 94.358206513576263 40.033478309534424 16.378499680632764 22.047089002432173 48.130526786586913 22.025412706891721 78.993642613590538 41.656220082857921 19.371603696059204 48.027256344034676 33.879497877178032 63.601365911811882 78.864793254686390 8.780166652047527 51.084542430841054 30.295780750055091 9.588089415697320 4.489710216226861 78.539976624703840 76.795827532207369 99.472048858119962 84.311798134619437 79.820029716387381 59.382441898494967 10.802204736830944 81.994558455487876 78.097755185612598 88.417299266709705 83.802299919054690 13.890765716937148 84.349898783976116 7.701531790876404 87.875770070651654 9.951569972949603 81.734573648774926 98.340203482703885 65.021005549987322 12.104141342504271 6.797987423905738 5.967015432270861 42.096698152988488 99.063808402097791 57.111862508988764 5.929909410852363 47.391331061656395 59.675717823244497 2.009844910041425 20.490737703093252 7.709457419081001 93.356052418379548 65.899919597943949 54.936692388167387 12.408885299653905 88.364814471125513 85.011796876058369 32.861372981196510 81.301207481855073 68.962141101613682 94.892711711997435 34.956989478415480 17.461207369074859 21.046441234392333 82.557562582316351 33.087505208325027 85.030339077719248 90.489007950458571 9.824349736782899 72.736986409817803 9.751043695574923 88.159401595276393 35.410956298903464 4.911238729453792 38.058588259044654 8.679631589185544 26.351258619622186 61.689285521296398 23.693254736335401 79.557828968811336 72.751975632778780 11.862167737322981 19.291949787970019 38.418685095901985 24.678765066823260 4.502660040439388 61.930622171259330 64.369672824472275 29.817252073088639 65.613311485362274 39.278825279440113 26.245633763273990
88.022982405470557 87.036763630516219 85.460558830227313 1.730113386645427 64.704994749189922 69.967738140223219 55.862994323850160 46.052291228647633 71.272258184462402 39.268308303398925 76.811778820194505 37.665205764847066 28.322928890258538 10.075575019260729 8.098070459160024 55.590822850641317 68.080328340167796 12.858797253944010 68.012318457896185 79.634843725674287 65.541500193998445 95.232783510544053 52.575201539985116 14.150339328606542 22.785548410488687 84.608667353637529 89.158032779437406 17.190086510138556 84.019842192188989 42.732514348260509 76.074457214583546 98.441455187363019 2.166304443276745 70.036445025921196 37.961103041744735 42.511430496793579 40.515068720036162 5.776905406003863 68.104048180619031 25.594358312331146 41.494847987955822 53.233724578098517 94.691294682391856 90.537375508933380 97.365256743704649 59.690918552140438 72.868997343406221 74.635405198066351 12.832663409442201 34.542288910638376 62.866832842657040 45.705670896630792 20.258138161052251 54.129220032306570 29.559779912886640 46.185202051633880 3.723761820546534 54.702110740645196 35.211945046939640 5.000271665522549 13.800556590706725 26.581472962817688 84.665876941557570 51.522060344371369 87.067433664700317 55.554706337566031 98.030309191188479 97.080193948507159 62.755655702950833 7.389997678622551 46.864360769214230 97.225942403841685 79.087661972081364 52.417007278285091 32.774382682687396 80.962362336849864 57.319097079253808 27.225693108935278 92.529945111846288 12.985911539521888 38.477181606322986 99.133249855417105 8.013576423957359 28.143001877787921 53.173446962343704 91.990340160910307 57.511349726579667 32.761810235106559 59.259737830333201 47.952185429874262 79.338868872124863 46.937769733543924 33.656101707371796 8.082000628059227 36.589871738426652 77.482330346948061 90.505020262404003 97.460405086235141 37.324863837593504 7.989109056123556 30.665653404543292 44.831114790768908 85.673533964365589 68.359697658802759 39.547778406147302 8.538740135958244 53.777656770893842 64.871461460261401 61.452274106067584 11.351361514961599 91.026489509772873 92.134268778828570 66.415261035761944 10.797932273358867 43.341740388368656 67.424388769358941 16.691019832326738 10.887376497103352 4.847207248867558 90.265183246460751 96.186131811128021 24.892430002764542 64.590272409807810 20.642744657895516 17.633204069107535 31.136535359328597 17.108471173284133 59.721591424495443 2.414480595000901 53.828030877967159 42.310565485687427 5.309168408453591 70.559778167322946 90.903183626769717 40.879887163495340 83.855879358049350 42.707573534617104 81.745649845355345 2.065833549058116 90.980675174489662 96.809175638431512 52.453862754590638 26.671572025602131 6.491612201133190 32.163225933611130 90.846498423514916 19.350058540056260 25.994106280414808 2.702151328274049 49.163497721356549 31.374374406825556 32.652318298292762 28.520329095464025 54.620340836828632 28.579669302297361 42.288977304665707 90.845368717779152 29.949378899565748 64.931381104635648 41.603393053542788 29.849661088039568 85.243507556644076 10.288345885960348 49.263800775412790 61.411777118251777 68.566371243379038 2.966176942391541 19.980435355043536 68.442356923078776 71.571946351380959 29.674104998991425 43.575910853531539 65.460210604892580 39.413330746519613 24.230101253626479 89.981545765099042 10.496133062370861 4.174060622570764 37.767303322566669 0.559835232969419 21.293310558604983 37.660652419654760 48.056551921310430 29.020718533285805 24.070642033386147 59.392373089060676 62.770298856581185 76.376874523177435 42.953944066119952 45.500383876993688 66.840918184440994 4.633023432344974 96.723920323096706 14.988007398815451 58.571264672049253 68.040992181975625 36.625279461590502 69.220650262860289 68.651123473800467 70.396816610640371
96.591030626619968 38.266336239887643 32.194459663788663 50.764223788503983 8.245869212502688 71.180000920413633 40.879999576391960 53.575427015842735 61.774492095775734 36.879549485824114 86.190515765119400 89.654827150287218 18.053118461116778 33.775280415360356 39.624236929007687 43.130834920763974 73.300695608919213 65.938914017742917 17.117916019172164 74.893767441212916 55.386899759673227 87.405847166004264 90.310885637676435 83.360339654364481 30.341635592595040 65.660281327493266 34.064906234254430 17.560492972665831 27.896947290821227 60.664749137301754 47.775151782485480 80.238287663785798 75.970465280933169 99.100515798938446 5.141020577141864 25.612815368735188 52.842954407191336 42.725898362648948 10.029318576612633 54.470120576016114 70.837955127795269 93.003741093746811 98.316460848719416 52.917454768996322 34.772748535321540 86.449497227955476 81.522407209995848 15.943483165358629 88.595048128552961 40.056016667513738 89.452326753655655 79.682774341043284 28.151835556634353 25.862098018927291 57.236966963193716 72.800689160091352 60.175061532601873 94.926377867343462 1.109728165897217 6.719329306687305 41.316200986210106 98.398356674365289 10.233056524453122 35.071850186236340 39.091010292482473 33.810384162217431 89.662926253353177 58.206944618237507 91.054149316931827 95.082588167917308 18.221828447976861 78.953204458972664 81.249812973970151 23.311783975232970 44.126989137312670 77.630719894455453 40.409213152519705 53.603140252915956 8.963485251442094 45.471203494146039 57.685143047636302 78.601679941164221 97.212086240586160 92.855257609157462 62.817049348512754 70.656913427594660 36.706234389968209 17.836213006077951 96.222687877442411 44.459674974594506 57.128044146432742 98.552938851360921 68.438143058150473 95.399522175012478 5.076349987947038 65.694342423279991 7.016267176538793 80.097125978969046 75.665463072714246 31.949374290508146 46.506856455964140 82.891313690225985 89.949847311990965 17.837789840775041 19.512514004177326 0.251495654456824 16.245155883286987 56.906200963019003 89.588960350782344 73.101293966900442 21.344593504083555 48.647355295451234 55.930903931835452 99.158040606634287 20.720943829220563 70.867537285049181 20.312284357060406 60.637839054511780 64.532683732998606 77.253709976384357 94.770390350068539 21.750274926094150 25.883590680655033 86.483530409955577 53.956657291101365 16.607720389981161 84.591649392815299 99.272983854364369 26.692724965052726 57.719969799366922 68.927753975872420 50.284379769501641 36.828640413346434 32.368099367787529 36.277565479337980 12.826232843579866 47.796143850804775 82.242806334013082 26.537077853112134 66.882806040626306 41.765044214981998 90.903334632034046 11.748694346637700 9.804779046189950 28.076650531879544 65.988563958176243 0.542857852744671 39.162398269625612 49.044676665068920 77.970583015539404 95.723908449167325 36.549810573562802 40.346726436295896 43.680195181236691 20.804887783196236 92.355416048344281 86.262013864220904 39.240692553456071 89.198331700408900 49.945931454786638 63.472887573399461 94.855691383564263 66.247437947044702 14.974404135379926 64.135889303298725 29.113262318340372 64.505689861301462 39.180249114700473 98.208927125478368 29.346222435965519 48.637346368114429 38.537411348953690 28.972966333031312 42.939932869305032 98.836138870909423 81.969327445986067 61.226619854308304 36.829763067285384 12.435693306736828 81.108400546462050 87.765609083030967 7.228205780255181 25.459089418384007 6.406234385098275 61.670358423835090 47.835598604163323 13.977535209697411 13.738431038495069 93.495019606125254 14.840110591199585 41.853537155896404 14.732925866876091 89.131282489641308 94.830147752213321 13.268070238253094 71.048240032370316 14.200152139723066 29.003464483754716 31.591309255538093 24.828938826716861
12.598550279005227 34.990786773273996 35.271320664952974 85.127847942010177 85.358126927647973 91.109421685977836 72.344221118075481 7.703994131085635 53.152831130838493 13.534197808514858 53.678995624981852 35.091884312629453 35.913366118836990 16.444161483041185 73.923101837976304 95.040130475422956 66.493162804417665 25.026994427890703 6.670126308536394 68.463143281203287 32.313820221884882 94.849522248114184 88.690827139611386 41.245764624386418 10.185500685839365 33.008858174529323 0.442502224327201 41.331944523843731 1.347140369241417 89.452554677208312 88.059268694535206 92.149130069505190 35.785602505111754 37.230925866168093 10.312422115013064 14.190423220555582 52.849408167820542 28.230351839130840 79.152299446485046 88.302015670697443 49.562898623808223 10.294073423610117 12.140775918095660 22.242084164044751 86.929332384504292 60.144976520696900 20.902786816054551 74.524925714926638 54.067154898023695 37.198599260420451 45.157417428553515 41.764473863544872 8.643754191112251 12.701734882110705 10.512135416784773 88.189520679639685 91.800144444633176 60.772106732961149 20.132831777995463 26.491089533511449 64.472711086427566 90.053221922134398 18.540299662321079 57.000698869553887 23.674781609207209 55.662196086635632 89.275759288655607 34.735054876804448 27.686181451526103 29.669727214551887 59.554845628551419 18.695001952032754 61.071259397674780 23.909859628698150 13.175277340137336 73.681808863969380 79.227654254370634 52.694925515798410 22.981312114356168 96.820591490504071 39.290880880877289 23.667711189839814 3.785064538085170 78.485684503273845 83.848265936179232 72.389783856926186 75.796720357722563 20.989769966755954 85.077600759658949 93.679535613683001 67.983300695586053 87.768994300562568 81.371907993358363 88.765413922585950 75.940103348843863 35.233927287640384 21.558432092567660 99.460731601092817 80.879193797796148 63.544513873406380 34.769622149776410 28.733871302821989 38.896775364493394 65.768212226970263 99.326615842274748 54.390879491237797 78.915397734976139 13.877940988129501 41.837483446578460 63.810600129563653 5.899371937672804 37.047169664426185 49.246663607732685 22.132010452244209 70.736784340552845 34.439161694245698 74.264055568214502 43.451282127536771 82.025741671027191 11.206456756930427 76.347471460534493 95.632944924068880 91.719790845581571 64.701848424824405 55.137317509241115 5.716656579489154 92.097689063247060 49.213211235344815 80.085748204631528 22.871874219288035 95.784602805635089 73.017647869838115 68.425095615912795 41.809617397252254 42.141165498545959 22.534992439332925 57.383793637024226 21.128167434932344 22.838116378579400 90.989565414523284 81.528099505667257 82.074518736355117 6.688312280004959 50.681268044108194 72.031296896046754 92.542689764507628 18.597506609682046 44.858508844839662 51.080033570042481 13.096440151804156 60.992165227380802 4.268719895373807 91.907142826847647 28.933447182973449 39.989150286848215 81.064296913503625 42.456874813903511 13.034212508147947 47.621651830603994 37.631229986282477 0.840545944109639 53.097925980380168 82.276129452117331 33.906656352271582 35.767750822922828 2.771125379486150 67.964049564972555 30.568023203802632 48.551708870315423 9.204583521368869 4.282939162545263 25.165269153391446 62.534596277627983 55.335110203749281 57.214745114861799 54.171278202312642 39.154736404463051 2.572555905059126 34.898856175950662 44.976358790718429 24.178309999757342 6.098894278685951 44.701915373572490 61.537923993800980 62.012821399428297 71.324301961595481 74.959251186207894 15.685542994778135 45.494530300419200 74.197923788016340 30.493790159250779 8.951327628561035 81.430238706329220 3.529364347694763 78.016588526858598 3.922600018328681 21.991883815802836 50.874837971704792 63.568722233333709 15.879047965448546
29.925011172316108 13.518892475894550 8.463769994586713 43.290290115065147 10.375044182624904 84.128493523744368 11.583415646975260 62.570491186625908 88.044848919581028 3.136424069025934 20.031334510119102 3.319232900963742 11.699124297153496 15.183663106744971 26.598780439116943 87.644028545305503 51.594623352976498 80.617339664705383 68.950247337052971 87.336108019573715 81.062933060380843 11.424110838079427 27.893838520505142 64.704325277149636 38.436047192862603 61.784471712333819 89.203938057181787 75.074586804319409 55.037287688014857 31.381172649017806 34.765153423422248 63.744658921177830 42.259450562889931 92.321852216074234 93.401451714911275 42.913022074548238 96.011174576894192 88.510907796266594 71.302691805854778 14.880997526172358 37.020965127952991 38.274590964412944 6.356968839186572 78.635372297033584 0.447636351715641 75.721863901220814 9.281340099649638 26.439312127277347 49.761447343905274 99.285566345357381 51.894446626476423 43.054545648102547 66.019870333962345 72.700500673045866 19.145433659130827 83.584328414440762 80.699396716094199 88.847132675772741 79.909578809040653 4.201987031775500 43.381975341657110 86.116979571886489 52.829120582218977 57.461011273075691 83.199511593629865 78.317992416495500 72.803714193528052 77.365811721081045 62.198204612160360 15.561719328199020 97.225095930998307 8.169032806278409 17.222282667837586 51.102445161538647 3.455974608481138 83.941869763002245 22.498632833807608 59.376024595980716 8.892007063552555 38.297346707339941 16.197671633203960 16.855264268306293 75.246583642830061 93.440482601922056 41.647293950083622 53.647414458035669 24.088944878598650 21.737465971644919 83.548512288840811 33.585157803387943 47.035257028233580 55.044591126105971 24.099555451332989 70.883736552255300 6.933753589427816 77.053693890526091 38.499533722916787 92.032302937356718 71.342928853535199 74.881386163930998 6.601686690677178 37.612186079572155 46.590296461074452 57.219998507966096 43.880749125169707 75.489160294200119 18.562864950869194 43.317828403158231 6.589753330453096 15.600436267162321 14.987124850656919 90.452341028991455 25.038275015350809 75.017330031910774 74.694393824636975 19.713831085348922 18.159532754023765 8.045978685879241 69.372041413194765 8.541118957418215 31.234889127445708 66.395249735781690 91.626193785650074 13.271049859445217 42.016293649118438 63.805645694463600 45.827835020841221 17.526693456397858 98.402910577618044 13.946573228838432 69.514566235539746 8.142875354532331 23.903630526264696 60.107001998810127 38.210450613029600 51.831910996210695 28.776092333016024 61.036709376784849 51.361567520820451 99.520638001073593 1.599037237890810 35.708408691347316 91.140699308138110 86.239660906908938 32.740913214085076 16.599606989382952 61.545844576915201 17.125687354693820 74.285796430137594 98.044563724646025 74.932665810855866 51.160539804206010 43.179735762627544 28.742101604458448 94.212706377268361 50.198198965973695 51.284787675719912 82.184853911775306 9.219820589663685 38.626598706615120 90.457938900965246 57.791808955322686 37.928928704842590 69.368573390978142 74.610418791741381 15.527993344734092 78.075690558714001 25.631570913586256 55.542424910442278 23.965842730333385 97.325741207449880 95.351829509434722 32.275888962109057 21.644932389336311 37.637149098097211 75.152624406403618 96.826437292636285 94.820276146085760 92.318401887359173 23.136867624694059 4.474902510075651 93.503837840381493 34.798397077516562 48.863302768228280 55.040259237069577 15.771675953524788 57.870108374712117 2.351966152310303 58.241509354438961 81.266562486066789 72.676759409160525 8.337489505649165 20.525426538511372 23.141956694025311 23.386213036114299 53.307538876941983 16.834070523903421 23.455932480586650 20.780967113086856 82.174028519485390
96.611905301294314 49.830135148691014 72.873477290785146 73.709439242209044 27.705663412145075 30.146517542770045 59.239613194189481 50.939012908626047 87.151056734519642 39.295999356066794 75.672410892780036 32.678029094591885 53.495565953629828 12.057291963385586 99.184514980701280 26.025664599664466 7.316268097025469 40.333072412473200 11.963069572851847 14.534927975675483 63.883572982938077 71.342712597811982 59.092372304527807 59.692932492817739 21.912636576545452 63.511691906642895 59.122413195663292 69.346316502845980 57.240996519991825 11.146957593610640 22.497430407899209 41.366288456434930 21.571743083026373 33.326980933961657 73.638426576184912 9.642006462318120 59.626672649055038 46.220349100026766 71.655921263644188 6.978085658059962 75.492270233836038 36.945819185512249 81.145763246819712 71.531334104900537 26.791563753871994 15.969168241968756 3.264573937786042 5.781091248711768 72.715884452874363 54.486899284321119 9.396079773860610 25.798075822966059 74.480106789496077 91.636798316394902 66.023057361497678 20.407602143778792 24.845977843497714 70.431206984033736 75.218269839807988 93.070286735525656 26.648713472544173 16.049662530915388 60.497249170298396 31.778871804364929 89.356568178929578 16.371363779080728 63.313961321865349 17.684400566119862 90.831198233350676 72.643732204628492 22.997501530442179 82.855349252704087 20.657597280389727 0.612358815497249 3.044463171526324 64.692565204701424 93.116590913170796 3.971243538977487 86.869756768929960 71.939268604688721 18.719605146462072 21.649117255904361 27.868765303943555 34.917398045225681 62.345942945038779 88.285972575514904 94.314981335195043 62.668276739277871 12.813570483683822 3.161918389966401 48.118905435244571 27.589513966639036 10.666056588836348 95.617055986971863 44.943613460248486 28.890954811785186 48.229941234614515 87.709384106093324 20.026645921321652 12.740924741579306 43.088545201839509 12.893278646317619 55.247458209891718 99.389846352863742 95.878454645270921 63.230856222578048 89.444415039214306 66.038225183797067 82.675207471734907 8.849459971780959 9.588292782905272 54.593872341845199 92.302003515030123 36.331421221320085 17.007701189079217 35.412359745274415 26.434031820719749 12.528980239288579 10.195436512059363 11.696513949790422 79.113833076900193 33.709491974173069 29.587312891628216 80.866712617405511 16.675682637568901 66.806790342228823 27.729226072772061 39.695387125653404 53.038592957386314 36.675148010382394 46.987666601612766 48.865424175895470 16.608871670755811 89.965366790552523 15.390615040501100 3.726310480375894 37.364152954332610 82.233772708506777 26.789625354247150 69.701177187140544 16.245734044087556 76.550656858468457 71.889399678745619 17.190081619242580 52.545374898351092 48.897955916840750 78.108343054637913 66.109765153231891 19.464303551021089 89.267047290033304 60.335272776216364 64.090996658718709 80.328576699297628 45.284599626248593 44.201738472967158 5.867357894989955 7.797495268620747 1.740025119835120 60.571396453632467 46.078279517308118 33.217137397726994 96.283925188538561 54.713886239176936 50.198891293648614 85.088131824883234 71.816206048353465 61.246721545089443 45.549390477485055 56.956367997730709 31.313959119848413 34.944390998021532 46.587317301522965 18.896988638058133 55.028556765724900 69.698411651565976 16.149032681255392 30.772192042510117 3.819003417637201 71.966671071567504 13.857513054778092 51.366731869046070 37.177061557385890 25.339821659048177 55.031635966876834 92.921217238043781 39.015772195046480 90.696484416111872 43.693364311136648 39.294396023953382 55.988649967804292 61.961230967826928 64.866093254910169 46.391531375556241 73.233076042591733 90.054563752609198 54.186958698201138 87.071041499715847 24.403834082313647 5.963067279183331 42.266117254272892
92.367761990939741 51.900374722259372 98.770562457804374 61.498505365248533 19.954473627044202 40.755242686552940 4.133491906991161 6.901049173663010 51.736625908258993 56.208540552352638 57.169896488753359 62.662610501239804 81.598546569800277 74.041098774223471 62.725096055502185 72.944568167444729 87.628747058980480 62.331366029243831 13.930975571328364 59.825866269953046 45.432117702030652 14.113716858562686 21.434352912509770 98.652627600182782 43.324207623029231 49.715937158294018 69.033092870556274 7.790364710549335 86.631923864776908 97.357846259104093 94.503081583166221 46.214509875487799 94.310134025084153 57.723270303601339 6.354362048336082 41.451556016777261 93.389168510240751 38.527744017739337 82.068567157807593 38.177572609458963 68.257985265210394 8.249203476733136 66.134669070886844 94.868336522116365 57.202477366165439 5.273065864134418 78.455445275447644 98.425630549288016 72.592650950637690 39.125504144963571 76.497678613961469 35.006448082653499 1.860914909621803 79.038364711450370 51.253472875545327 11.026017678342503 22.282742251101450 83.112385590863525 78.900712799233972 40.939062675581496 13.021305793044846 67.884269269772631 74.645155545745752 62.392924903372737 37.694048630869212 50.286150295676080 35.101725431627138 15.404761802129585 26.709667205860910 54.509031052812276 6.899737565172948 67.488704100455976 80.736497932132309 64.336481255149351 46.553930968734136 98.980912755242073 24.128953279280463 92.635285085467729 53.764415056250449 74.596563255317122 49.899093123243418 53.934929016137886 46.934533684607182 92.353159796883048 72.229844255979884 67.502094015099061 84.579685156551363 33.758457079506456 49.399134096782724 99.288742994542361 74.387504897267291 29.275915919925922 32.760970411371041 91.958280399550134 88.787298306006008 81.588482939652735 50.968882990506614 51.024472900177884 35.937327542640986 69.928706466390764 68.333717533692848 13.023212498557680 13.478141496928020 34.554866140735975 13.774337107016432 99.828483309032237 10.358258585105972 69.217461695902543 96.871971519581649 68.571030267267986 71.799681990821739 11.164678224010515 70.599948810639503 86.468034539435138 19.823752568747832 72.898669767777463 95.743207373485163 22.864413780782201 29.672143849516896 6.556136207543850 78.588090996748690 1.222408913651396 28.761727594087038 56.508843090871750 99.639324143979835 57.896074748599588 52.170868751726488 34.908989455699945 46.537079450926143 83.039155544077616 29.269105268915308 22.307856303761387 25.692585955484670 59.689116423827080 62.425037126040685 23.947376679857701 23.899106121095048 83.700470330072505 8.002998895587766 40.295569241422470 83.655257757131537 36.532036434904278 83.037166463824661 46.003408672845950 56.463740650177662 39.286377796047375 61.095998542203191 87.419081113734237 39.123968808427065 72.853292266610836 44.647122531836182 6.793153808041552 87.098914145697947 93.755868977869227 51.047537983560950 83.430902260953459 55.272326687713566 51.238800694609552 44.469140323454482 3.922751158689441 62.738187845843171 68.132518164264383 63.484666468597808 28.616669906580970 97.297212458397070 16.612685302973784 97.048723002610188 17.988009505461498 84.095060789500735 49.755594376308629 56.983668173275682 64.404708591336473 80.753490237068135 20.795524357617602 44.058087107218959 54.926488639188065 89.315010742189443 30.575158703052452 64.089419297747085 59.455943092390051 58.684185395328036 24.090586829207396 6.946921156841956 4.268413565240692 21.936572494146155 44.206189750088932 66.070854522662870 99.304812666356000 41.570420825376765 96.705869843333573 71.264366856856100 1.608706657061820 32.887342260784770 52.128295514042009 66.652748859999875 5.714714124667664 60.426386031253443 30.542955193937292 77.450044790024251 57.256923870814134
76.187781811000761 33.550523759416720 12.420678673785901 3.079025642486899 39.985103517246010 90.036737750883177 52.048568890718137 36.000266879687160 88.637091646678414 48.083325085483821 63.639701627734958 92.225037614750093 63.070702075773887 31.812148831812060 21.598406553465331 45.785715218952959 9.509847589267761 53.413960932969971 67.950494067610506 52.717082808849206 14.212791654219160 46.531355365385110 93.970802863144058 11.485529047973952 12.637902224298402 82.558375206079319 20.750011156587298 54.099243784869856 19.962034940046703 96.842325660044992 95.711019392505833 48.472666035686970 84.798284920078956 3.236852662164580 4.187302012908900 22.173510383905072 32.578077909345517 65.940317307853064 82.956398196114989 28.403179551830181 70.938177113145358 35.435746865060779 76.234986743561606 6.071560715985081 47.212114629018707 5.701413007211354 98.075960164545776 76.601856025968374 0.111162830873823 43.048554908204693 26.114645500868871 29.788205218630658 13.229324974707858 27.041344661048161 42.469502942487303 86.571266310418508 68.315724766508922 83.296124946111078 40.026821562086447 31.763906770582452 60.604461610074608 96.326030661139157 32.366474946343160 57.787763651755185 77.661518947842609 14.242573380110201 36.969864821723299 63.742465713811804 90.625492252874423 63.621831878437071 33.932618084904398 91.727179117356044 73.550827698903177 15.298498621746138 27.294588973904855 72.416912910392227 39.305507269644210 9.954723816194678 86.163138076666911 97.260924217759765 92.112601580814371 43.978870565622863 97.931002798191884 42.720797970120870 54.100242992980071 30.553361229053277 92.099484534183702 9.322828191317790 72.531775915307378 74.779301688346379 22.016755641384034 71.228152019152930 92.083987724445421 10.861631281403117 97.849559573892051 6.437811545241479 75.184005922014634 38.537824418169464 54.447780178021986 22.066731214393421 93.889888558326660 13.875626074576630 69.107567860967450 36.083538078915431 45.662822224329148 12.821281950371667 59.687444415630864 58.097909365459245 18.288783214255332 27.588945438251635 62.334373360382344 62.017543296427981 42.237093541493962 34.709262447679464 14.226911717911161 52.486705831890589 94.401932971546927 18.976075216029010 60.875847692360850 80.495471552421705 31.616176294370980 96.769918189884024 58.790685138965415 42.003303336027201 50.005845324136111 13.072145123730461 8.793219309441390 9.332118440719695 59.488255274024958 11.590265554168244 94.072600494835200 1.336339366049144 93.643406343805580 58.019234148762337 50.839584003601580 30.959892879186434 30.476118636543880 16.462152623476978 40.622084271827752 9.005382196854239 31.601134158777278 82.730856792356448 59.790751568136514 5.332777384196296 60.786293202259280 58.380235423034108 79.003909603305871 37.136393790921574 93.121024048970369 44.678397377376776 76.983492993075799 88.566510712821213 82.870261271082214 63.163333032033663 72.781301487129525 82.452751841401479 12.971614576864987 39.606072321225561 96.249707090777676 76.470067848728235 4.611157570689029 16.070452960374759 94.638764473605690 11.049870717219834 13.975053234606527 7.737566577429722 26.135700412851349 67.953932528853230 76.034912211687171 92.830305767652106 81.674040566671394 50.372593366822052 94.785070880366320 5.947983543035162 51.409621343501556 55.979375223700977 23.114961217298614 73.060227234807968 70.772445867324279 19.783265517988589 93.435993708813996 35.132977803843936 72.699891472559898 34.259071919318437 52.708479779725415 31.263433406151364 75.157076604401013 21.649583564589435 19.387396534886470 43.341956228238622 23.065723062937938 59.138329688674155 30.544819872737470 52.129400102021265 20.727008891780731 10.053479738965077 33.622432689717151 93.562561728653222 86.502205430610886 12.589567388750321
86.762974019335317 11.590668568372752 34.689084918409307 68.958438147216526 12.695394242427138 44.520241284021559 30.131363721871196 44.809972611802493 51.909562109621135 60.294226401474894 80.084588322943517 33.631153027146532 65.442594779454879 97.492826873296977 59.103263485905025 10.964422523464435 92.819481003598241 60.844583393015206 28.967185600581015 16.444431688667262 26.718470668924233 5.273015290100136 44.605320379225397 37.915827079094335 50.182247521403291 88.753771027379884 38.877525685258220 49.635450055371699 53.049356344763808 56.423106636397065 72.500546079632855 24.524637253539151 43.752440871539243 94.461795942012046 61.057099188765982 13.638517646487013 92.273692006774738 85.324962871986557 72.394185524711347 55.781898836729752 85.870659069252568 40.390251492687000 64.122611848022345 79.885958249250592 61.933207727245822 12.615696684299005 60.171809187525795 35.130761287966770 22.065843685883411 20.992305705435619 60.475535298638036 37.875582579271160 0.756895560857695 3.076189883111846 74.954679124844162 48.859476097055300 75.294998214484750 41.085650838523627 98.023735791341011 27.748790662168954 45.867756400652290 88.610539464698306 44.279381855250634 31.592531700857553 84.679922463621139 99.235087020399931 81.640414835203458 82.939182988138867 13.083732240265732 77.414467275438483 34.543886795609033 94.523694126104544 57.378287607448385 98.366490510091680 42.114133972093967 26.007131651402162 46.814740392914331 79.286461743478057 3.086293335463763 5.741114662581859 47.440324391154974 55.562084823524103 58.669277253370133 72.075697076710014 70.966309207471525 21.668970854061619 38.863211793448272 0.404668444153156 7.971631660967704 33.208450524504286 44.166188122593319 17.802036652885555 85.037801065539639 39.711195719067824 92.659015622742345 66.725573244830670 78.027289848350861 7.410865993543048 76.700896743959206 37.134617149797414 84.805725616103175 89.341004870346680 42.718228545680837 22.248265667643640 36.966034094963732 9.044538743614828 67.410919921240804 35.173880536275028 14.604386362696165 79.885515761956299 58.716107351255800 68.413614414133988 67.659813092788184 20.712982083750930 94.516572962153674 54.498139011901500 64.754703480537884 22.088190943619679 84.270032230006137 7.652226983650189 2.216037328888276 60.863285689356061 75.745472806954339 64.368046075521320 80.580476905367831 30.920722431171054 49.233625522036164 55.022546711447809 18.217083426074044 45.984530849466573 35.418397038938167 25.891894855552433 82.418967191846576 53.393514495216131 29.208400884585252 24.225829193419390 44.402232890117077 60.271755013280945 27.274461683838524 86.684952051346059 73.686641291014340 72.347117189236769 62.826087613419759 53.559139127294507 74.430359792269783 61.466770567117635 14.419349491990952 52.291415673014498 71.148923269132652 66.438133678109807 53.741103517428321 83.457991772963197 90.780395312468315 8.340938564588585 47.461188571663904 37.552084745239924 72.583409489374091 76.779794202473283 64.804676076783124 45.128577869400196 70.627726938220789 20.475380114798845 15.761106840697591 74.250945546650541 26.007021113297014 18.816473716669613 78.871336276281227 65.704321551054790 20.686247870256370 14.558070555573476 83.020698524000650 80.227614015845518 98.967404022709587 99.807086708454960 73.740317970016847 80.520733062425393 74.420874445030606 15.672696996154855 96.461817301800352 31.263574246438054 49.092174517824418 71.643642767490547 6.942977546831863 78.719698159677989 22.870710263702588 80.947312249883041 78.157795933676212 48.358781966911287 11.326951479225301 39.160454716008630 39.117036663957663 86.129632524594172 60.279293362491849 73.718150656946236 53.489449954749006 68.839851654170445 28.526492352290589 59.759568780660665 51.568935915652581 49.541281241934563
64.425790920278999 42.800082575806186 36.032076182013448 81.523149727775106 16.081889135105133 23.971852004418103 41.096960144408499 64.981894329995129 18.659499759880273 85.164193005602115 98.032107706527341 83.178955369853711 15.598122269217329 1.964109534733971 47.814068361947157 52.669660087726754 83.642494092650765 34.938481432791612 93.860045082526241 85.815612273363527 98.130072164602197 89.769318970568165 73.987497436803110 11.853049075318800 96.995156688330226 0.385272167426243 72.727085482105224 82.157096585405768 51.531101667173786 52.564752474816380 78.589185085017562 20.713153650968675 25.923358097381687 70.457009489744877 62.250136431930706 66.350436355843755 57.946027232057240 69.501142708920341 58.262694397861239 81.010757433454430 53.707831999412235 93.315547972274118 17.620755539820099 25.127799139018069 98.338309105627005 59.546413254570155 64.154132033418108 57.072418954001350 40.726654004616655 90.907087778658280 44.915422809691897 17.532911266751228 35.621776602377651 71.274593210416612 67.549714914554954 77.089665800981422 84.066041333463104 85.674628213018849 91.693022148611703 17.783174369135978 78.701835754446876 31.915363901683957 33.046546757440446 85.172784985518177 1.641755441576509 61.719135577046060 42.752742024625675 71.493742762154099 7.084772546603057 87.801764360396319 28.265705717151000 92.654047177605321 46.851152808897488 38.210128168730272 48.697521587400693 78.095798506872740 22.660018156860882 45.218302474217467 24.042810547893424 42.852468649208866 29.433284666725068 23.801241779146331 97.228373319653073 89.490846284373788 12.556077042211433 1.068112986680181 38.930686880814534 60.799138836372357 11.727606123413558 48.849308294909221 76.159861588144068 28.053517204481270 77.439720956760425 42.241821511218802 91.887667600261807 46.236849935109383 14.920843993279808 58.496474353229509 56.696347880108036 15.556504611728638 40.637356112340548 26.305770457345623 84.278251877844994 38.101919536413000 20.955132213583781 75.808349476614126 94.855339114807975 84.016410116853734 82.511759532228595 43.221720328626944 1.400924464317976 67.394151762295834 42.808623198894111 40.942835216262331 13.740375542081363 39.552744180488794 6.866498815779021 5.788372335192826 55.367109540488777 34.288841081674484 62.955605771029610 84.284810718157829 6.812199614147840 52.660626612669667 49.586085959309223 85.034845465483670 72.931749400737601 31.330758559489379 22.583094338896647 99.151946635298529 46.974987592969562 73.672458061393286 77.440182343508184 71.321107335748152 4.065295851368933 92.739199389914035 27.571968234232713 42.623491743747877 87.039853604168712 93.365502638439864 11.536661485907274 90.311568686449547 65.637306511056423 54.280707678077491 83.541593933113944 99.725322837549484 22.813842399318020 40.232701480082490 14.104903139373338 76.712326672800543 1.966024325592264 87.444310207434910 67.301908477663929 75.904726402119465 73.357968440714828 39.385016521291526 21.938411416979832 88.453789310952033 76.740190208385144 45.713914256474389 56.578188847134058 75.278969118947487 78.503469232352245 44.790612078285378 7.938239511900125 14.778153175635344 82.481581921878288 6.589853150148606 92.932142042904502 7.218395369900144 8.552736760996504 2.215963083043238 7.859294881414636 9.106807420905083 63.413286895282482 66.841377081511496 44.285043497800224 88.293656247786885 80.598620378447762 91.168351353788410 92.648801047946364 36.709038812999282 11.811877849852115 40.776001499750791 40.177605742143982 46.854816304882455 39.356206176202505 90.936636353606104 63.748600506461791 91.813931299712479 67.632105955127486 81.068774085970091 4.362304009198370 54.213692614662214 59.525246372248752 28.139158885559080 31.056060409128616 25.573273788008887 50.032069648051333 11.789291619423848
44.963527955079542 59.085255847606867 3.774622643985182 21.712646401774172 75.758258263522890 34.532775708054466 8.254123980914807 20.072624467623758 71.974658209964488 48.510244685537785 24.593372070842179 12.436969517576490 18.521610802766730 45.005626549548218 71.670337204782129 13.003531162571235 23.479943358405976 87.967647269768563 33.253204498926422 19.896713452353666 75.930071773353745 78.337749856906655 88.308377808348709 74.182397040666672 53.595620915439426 27.511771839583577 89.905239313668289 70.939923926086351 49.231163098095109 54.814830171773501 72.767351983123618 85.301757153720018 20.260774550605898 25.431003743571189 15.099112291462369 70.811487683157097 69.608283450390687 23.441707480263961 1.858926606641476 54.921391270477407 82.379622640577850 67.076548989755636 38.475435164165994 31.857690063468247 45.114069870811846 61.575607186899909 89.258977713535586 36.527522242539121 87.560651225141342 8.998817369180278 8.890292670527966 61.063742802775153 53.400362757672895 3.415033793341615 96.904334645505088 27.649801903755023 68.380885821784801 50.989898770834820 45.895368296195784 41.368807164775568 64.960598899459768 94.241913241056267 75.001117891808065 4.626778250812668 99.938281895997562 17.608250318515172 45.242403666748110 27.533665463221624 1.255238416247306 50.424328028579332 64.103415958925638 38.694709027568919 17.828265831848167 48.648004111159395 54.609364265078639 68.150775726665657 71.842538888485649 39.659113963423124 97.331859146528927 23.445686177057603 32.210559993643848 94.584350737105694 39.394250743690321 2.675010482013818 46.286579592432453 15.816404760457148 79.262854272149170 92.318065525674371 40.848617843796433 39.820880417811708 80.989953682800902 78.899853054370737 24.842414822275327 46.107015755729599 92.831011582582207 68.781246723520866 81.225388196843923 65.437912345007646 19.961816854591941 81.462056912706686 48.098107315714586 61.816623396328538 15.427878953951646 35.635393908458347 19.771545154625304 0.744877832078883 43.987198973608521 11.265563607763607 10.856086939742738 27.398128904068820 27.418863915103454 41.130189218422352 81.259227528644672 25.073962252908455 59.091627395027935 34.711151807091312 2.098815228113926 67.232203150861963 92.987242153125024 23.899707995564633 3.709921812008943 97.839709356448637 33.943096010810173 6.234356691502074 78.579777681725886 47.577620021250908 20.846551214715504 67.316538356288447 99.830615281397357 67.463899787084614 89.550808259470188 12.211745144144926 13.942786748191550 14.451713276388134 29.006487997939644 34.142878595410522 35.401320175984551 10.868718509153474 81.714778692170611 64.108094437991724 85.128601762374885 36.276409283369262 65.896356990843515 69.610373307297152 50.855667811738357 14.660690826298339 86.532592707338225 98.620822603878437 60.459697999016612 3.008010932014504 43.099087485051733 61.850488895186295 84.291105206962953 82.457101092230829 92.775264014360886 85.449438959172085 26.530217379610164 86.334870874997577 95.814523959974380 1.217123686721766 46.750764626489349 11.271135992426229 87.083287146528633 47.071934825224126 62.572250251123386 90.004988105367417 52.319941997095739 57.358445775085251 23.654442444949751 84.176403498088675 48.519881044748260 39.314011072624133 90.850700487355567 75.573423946939798 1.323338787750661 26.001352623196517 75.962525254250608 63.700721447530498 50.360202139451225 26.879614765517900 40.448875396896632 86.376459781152747 89.093652264353636 26.539176381222507 19.000662479588382 85.880950229632361 96.153663101943636 93.692277161338538 11.872967084898455 12.751751346914819 83.966891986264145 5.189714744816632 3.205510881255824 68.205437523716228 50.905645633717178 66.203426436040402 66.996478461320351 56.702854228036401 16.433209156632234 68.054536764860458
74.656248887373394 2.006891943061484 53.966380603319109 6.993461533569134 74.198259509110244 9.672220782537321 46.773471144101975 54.655594733518640 98.180247312269955 73.477964877756705 87.141838824822841 87.845726088411269 63.379784490197153 63.602627248315194 2.673572639336730 85.519244735644236 62.320411563984543 19.213431814527894 82.949228317130448 68.166222485505614 59.152520987123502 21.231243262228418 60.196478915349736 46.080907606750664 35.701251676137758 78.575000269236483 53.650503996649348 59.237936748906215 20.438785990725638 51.457405467085316 27.839641131887316 72.282784502805725 81.876834650940822 21.248619433223638 61.116819809540615 71.586750185598859 62.058206218525292 10.580255197352084 66.239370081799663 10.474793644014325 43.418359463021908 58.825157585410224 2.386307220228334 17.321964454214033 2.420621392192490 12.873454810641805 49.073341302996724 82.183966374585864 41.347827615745544 71.841285047801364 91.585440415668259 86.716371638421379 15.659828579298264 38.214948488116761 43.349990430632992 19.287297269320181 57.651373646701401 53.921152439897313 11.724321952112792 58.608970728384826 32.261662016343436 95.788780180436206 93.242725783840001 79.407461984525725 8.860083530813323 3.370035391577464 98.925485670526243 17.964333817938758 91.185588916561471 59.212429529549205 40.385976850925644 8.798847235798613 73.872838122299683 88.135572986672713 48.095245329813586 73.283630018157169 97.003942030292393 11.589177715340071 26.360912718526443 52.158305408584994 88.423297048148825 78.067558394611197 39.996491379923896 9.138985864076854 47.722497541001793 29.469821650313420 18.136473510924343 1.871654203666628 56.421748659651307 91.098048096494949 86.703581430591086 58.918194958771593 64.212078381590800 45.339412980381752 37.859642701476503 73.828184851730541 10.432702766536227 78.995075576288713 76.671241884098251 48.617990600772607 94.081218492311251 62.818894010057072 16.192201988121358 89.254733880838188 81.090167329008395 70.157516906702227 39.991196992201040 59.297939187310476 26.538186504287076 96.790382296237837 73.556849170387167 94.858119281904251 38.388720402681919 9.281895394439344 17.109446167397525 69.008597281848765 94.540240267113433 28.324032959478409 7.165847212981680 84.520962347444652 25.842826397679385 48.843677715577151 86.737109473132691 13.361949501757586 9.394049560091522 41.238448145845872 41.377882859930423 6.910062048744137 89.380546815582761 32.772490034170012 41.193630820885744 69.994459685220320 87.351560971152367 97.044768781887086 97.364253480932064 85.790634127519368 2.764063773957348 26.133305652539253 52.368339850095424 25.767958939354273 32.672169971174640 9.659121982718876 85.784974293630597 6.832402355520129 45.225718668052131 6.288307171673235 77.448839363898898 40.382861005425376 19.015669194124573 13.600640012762245 69.309113919574074 18.761522221768001 15.109505306333981 84.395815525871086 11.701748132217581 75.950144360514855 62.397800683911640 54.437651657543874 0.062006307446794 38.492365274240484 61.966707201963089 70.994081764167206 64.818026325701609 86.266148717792049 46.622455579994238 42.904068870875335 45.829383415343081 18.640897940875924 65.583895511503442 91.125748511647615 20.401177535950954 14.456516347458015 39.252700392220142 57.514195209317087 43.650205717862811 45.230540175909027 9.066880892489337 99.430552998036887 23.503480702567991 20.003500318587829 10.510177051027103 32.047054814319800 5.109583840513043 91.363560903090502 8.511256326157913 73.738140473576038 5.983276291567618 58.654805381740125 76.895035389142592 29.167732354850784 50.937403857126654 71.433983658764674 43.938747113799216 67.835840171385385 69.947062429112066 96.148819305455490 38.393464411182890 99.730413861677221 25.645447302671677 71.879949078875200
44.652010372525396 45.068093975299917 80.374807636736406 75.945327683177041 94.688234618601356 34.955858744970655 53.980650448293289 87.077013876069159 31.662276106242672 33.479441649843103 88.879868736677764 78.898188100978928 38.128443625469600 96.221404176152404 32.324908115954919 87.927393383362855 80.043729065772169 29.405620666392331 52.008805161937630 93.966213635156521 79.531947696668027 81.881345543099201 9.156770552415171 44.397694810849309 71.223918538006302 70.864691459398500 62.008168365283552 37.216268447865239 75.584411689247545 20.912340879597892 46.514224558689435 69.187069942067950 43.603652717641630 99.303179896544691 76.986316574083787 0.292596466393436 89.556685058214399 97.611296744035741 0.541754031555874 25.120163147482611 37.219500855516316 2.056455737782914 2.229827678170360 75.686472219360766 21.531112857465086 65.111659828867332 0.816741100438201 98.736680338182396 17.156298289267546 36.629856774550959 48.197342477633207 33.388005326176298 42.395309718814765 67.713486837985030 65.740691711025505 64.678555916008932 30.068852270062465 66.535955628823217 84.146078183588742 89.588540488138506 55.925091258880009 40.898043510971362 28.349591113887929 66.787430222901563 83.541959404198508 37.123049084402822 27.268811583959639 33.993678573414485 47.859960518270171 46.684478733621283 88.694009658772629 67.267103713368172 76.141663259910189 75.005311298468513 69.187557031029073 19.407470861112152 86.136377273853441 80.925564388820874 29.672027534598421 0.944083132053020 83.287973746176348 25.616350104868413 36.644037707996866 15.565901273643201 18.788413961787455 14.528976883446976 22.246097781078824 77.369395025518344 90.473162591454027 71.271929804962170 40.060911378728058 88.385643889142713 24.851151505181491 41.256300404575896 40.725646972959105 34.506288358535919 28.345918014702832 64.919110347812193 24.244087648671197 99.529283596459081 79.791021499324671 75.142970902851175 9.876841635951239 8.545289595049976 46.909730299537856 56.258239506093474 79.898119479413978 74.357906808857152 6.329077182877318 23.537416782011366 35.250535367790349 15.870807586323732 92.690297987579498 21.871033632409642 61.718726198155451 25.031287296782267 4.213888778177988 52.582741449665470 33.702396394743396 60.027158365183020 22.872499369005915 38.491958386994149 33.599361293032068 3.925685313623362 69.043128237006243 26.961194134014519 62.829201980800022 62.135059712855877 26.307118969555809 71.607695388854324 59.261779475099097 2.306162828875902 50.201937273971730 11.461230810048416 36.007106243617812 68.593532294883701 43.281148101067245 83.996211009821209 52.997582752374342 35.338483927479757 16.978373606563501 5.422679410546561 77.984710916819878 42.728392383985415 23.005427976248672 32.217672471682022 60.002294607762508 23.889116301514669 26.798881673547736 95.771626831278354 4.349282570636026 88.043639680532209 36.090206005929396 37.106330704243319 26.174135408469425 22.575078164455121 43.367894909142578 64.656837403437706 48.829729083487670 72.298587624462456 18.140127965318442 21.335728503054341 51.502088129744713 26.156249467577197 39.870153194878711 60.788750480826636 92.782505388535981 0.446546471204867 30.927412397611786 21.283607809529904 41.744324934536692 35.063700522297445 54.560334544308596 78.165139691211451 8.519225514247275 22.676743061097461 14.877954873721544 21.137065791667208 15.639188476617738 92.971308461701454 79.971541129673739 48.517644770546440 93.188081714173279 32.491967457054407 79.763702379158005 76.664909661176537 19.526872470463463 63.845078958484734 12.569840596868998 59.328036638792746 33.169000142420600 12.803105444944663 73.854908521509770 32.504642963510136 13.691652554195421 16.111166871887228 96.859552026842408 41.593379837435208 99.818443005406351 91.351295839237466
82.541415974470539 2.541828394407064 70.440537253142452 19.635846012365811 86.819369413974940 76.799557412071337 57.732348576248249 58.654278699244536 25.680407278962058 99.277006407524183 83.858921070585382 9.317721928669599 84.093631385139275 89.969347892034548 9.655195058771305 81.679320614717938 51.343434048918013 47.252489858520178 58.004740196975256 98.006340307562951 5.079514678357844 45.630476334717450 62.550491963392510 32.859487675630859 61.436907758236345 80.850306091469392 92.865012197424690 47.894078989696887 33.618984148504829 11.448301624728263 51.455676008526730 21.812475948819198 56.541252621434502 9.887367628149768 74.921025706312946 35.122217898297592 24.057236424589668 48.450929228960149 30.474069421312777 10.594780870765375 17.378371991840535 88.057152932825886 50.411046862981877 54.852788035276966 4.557936743015823 17.928291076806204 14.497103826625079 97.829164077588828 75.082185977953031 70.034482618181798 87.268157029368794 13.870484864527333 57.298151277940235 46.880611948568017 8.099863302870258 50.832120749175068 72.053008563494245 64.753151439992180 62.807458778784799 71.164913042120276 3.423692205221118 41.136890210992860 99.325487224770583 96.010617080515914 18.335971476730585 71.715832221754425 31.940186843556095 72.116400091922387 5.838250746737128 84.896645296908304 92.708646832545298 2.540301903761455 56.849049735804115 1.609574596582619 8.347071886671486 64.532417192116199 93.077098344325208 0.537248206130159 26.064065454433059 82.143068723538676 68.956517815029500 79.665279490017141 86.511544360072051 2.682678887444823 80.822083734443055 54.087586197870486 1.108581681704346 28.901064413918931 49.388210349797625 60.852069291578438 39.505366838503086 68.225684480212180 84.539042223395768 34.872559602403484 77.179072195387917 15.751599278647909 56.730864149762269 82.688355228359967 11.039006010322316 98.653499680285236 76.202486733899278 29.093412474346014 74.235291719899919 95.648840955657846 72.293935188905493 45.690290952526226 24.459707522049612 33.367518406577510 51.730361658741622 7.860069581694273 77.441494682300302 10.622917657423425 52.503368899580686 97.308991549209836 84.204428910060003 6.143054322961772 10.247842439284227 40.421660920783388 40.891298870205361 5.548573762924547 18.795003763878693 75.064484980606991 10.105005221285779 37.591380802739806 91.716234911802076 73.995670660793721 30.375134762984146 44.594495102727748 73.053648159070050 73.480022841145882 81.565016029552851 95.560482572948203 72.194834017151848 52.969462890161068 85.612095372485911 74.516271933531257 98.748040824196011 82.781523691446182 42.685814319955682 50.182411232352528 3.495388445625269 89.252321075512626 16.045705634696095 24.773212647848631 68.690788598753656 26.668703241399371 13.698435741471670 73.937307891222829 49.286442101221205 36.235905940264622 10.475283954555771 66.329889060675825 67.936248199089349 34.106068699346615 24.694393789718070 31.837270267172034 12.095939181844596 23.061006909759151 91.689384640889074 84.810949371015838 52.416899092913127 3.469030178232568 81.202754284649600 35.171603762826273 32.666974670206827 5.776550283975257 52.075412897315729 99.888155437964798 0.884411761350712 77.985257189609385 46.166176639628112 47.266356151110337 77.473518414805980 64.302165503599667 91.282332697688872 88.915654311762253 58.851946121379818 78.993839944643270 4.635962948323447 83.054124139380718 37.303181193485656 97.960296733870891 92.290921622180448 26.537561120340637 33.107122328064122 18.607232432967823 28.370925560149619 50.564108734071631 60.690327069552822 19.412751477873911 83.576487856488740 97.830474285423634 72.194915878855554 47.986802462891255 60.550287314425610 46.546440560614656 83.055749193802896 87.251567915052092 84.824363108483652 72.957735545272158
2.718055628954463 18.190739033569180 23.996465335552131 71.438873773654947 5.293702932526079 65.197706471701736 29.395122916464388 18.613838280794724 99.636079084784427 41.192387183049675 67.933819364299723 46.015639017711919 39.533676144999717 35.552687648395761 51.832361613933664 24.396890611626777 18.180488277790928 1.243623243887337 14.056239392676028 14.932684801608275 88.814454193684327 35.213490105095623 66.860148488577963 67.408788467376056 32.195093429585185 43.235220938237639 20.335044592991448 78.071587142445992 15.392524872385637 61.168612632418672 56.349477093158896 76.232342519730196 64.175341551690707 59.331889742544455 92.255086078265464 21.441393672771980 81.300849752465496 64.267912279898638 49.515628417997291 35.144759686699786 82.136092961554724 96.695999281471543 70.035636704070853 4.885271822110459 74.621259191721421 28.231551874228742 28.306024010140717 0.236006771592112 94.285932525891454 75.057402571882974 56.479611417955368 94.353421628604750 70.414024780341236 94.060126883491463 61.201671160604477 91.605839782474220 91.012156517875923 63.551124063866901 94.596063024680063 62.821168865255217 77.225921895930398 66.356017904661087 93.782681945478643 7.217571642654185 89.446664711870142 88.961766990973985 74.561797148500219 64.120696524644998 53.426908622616921 7.895470397852067 0.634358140562519 35.473933574456716 55.210861110206679 33.710554902473390 20.413588253734005 92.326938728739592 39.284554110777670 93.541244365556437 25.530969926790203 9.410483930602709 89.878721797589051 21.718095772988722 96.197507104951853 0.001236575208852 76.315906813548750 97.576938928980013 30.548878959583515 12.209200427029854 92.093119211106696 11.112551430936357 49.432696375488874 30.389767010474788 80.050099558574175 80.588063468392207 16.052357779864558 81.203597181976747 83.047021073526494 77.387231781336695 25.234285751601536 75.906348144029081 67.579098095537177 47.183463297529990 1.451907745058523 78.499379615966077 74.246946503554227 82.280729704856228 57.629513977582562 46.977551693649531 15.239355039707803 48.635009988704681 95.543356853868758 47.070796871673082 32.647253379197082 68.659172670079300 16.010227465330939 75.556937989598012 4.672044213479354 93.332502615071405 70.821266452910976 45.743388047790425 89.089548147122215 19.467030503001915 13.514659415138929 38.444231820443989 44.954217851365819 2.057581382806783 12.944579898310982 28.183582952034826 48.901266755963910 62.715392263322656 51.839047342621448 66.197757830192288 26.568539726633578 99.028963781998925 77.371218442507441 44.230469691616079 73.946201008035388 39.677484826281670 7.551971810295033 9.874136314212134 1.906365199917348 30.087696893119144 89.850947596764215 83.410504359548071 98.676733770516563 77.475189298067761 54.790945418026574 83.045701382605429 91.905980720077736 30.436984493064223 90.607810245663757 42.603744944468758 77.960511541432354 41.111139544057437 99.677646048630834 53.378407670114200 19.120736745332344 98.829366411809730 19.341020213222681 6.793031531200566 1.248190444301223 31.108489545881703 31.670507937636184 76.412978619352927 62.519336638743184 35.259814088136906 30.101419234746363 96.124279281735738 56.470355270403971 46.843844699311852 20.531633301003318 93.843730508293064 78.524756205427110 74.793045328496859 70.522194635410742 49.941717077669310 75.729539571838643 39.751340855166958 16.572795552003370 36.621268763327620 28.154041672544572 90.046238730415411 99.914464943389063 37.990368519884420 62.253745902748868 71.074051024320738 86.801843405826503 3.183471181045849 15.651491233973946 93.252017276808260 27.498000180713376 27.677850835531203 37.940435606942117 84.987455533773428 45.933217359592668 32.851375154926480 16.740368934377813 73.848629876781430 76.670858930008961 99.122008517665932
6.416414730720765 6.759165920912391 64.425356398893811 87.059093315977194 44.449308235530580 7.678246278566458 79.666579188349701 49.510483133234473 42.473928685414052 3.819536400088563 21.005996687439389 89.423900289043402 56.813872336422492 7.517948356808358 72.099105612530352 79.507735297286672 73.233585995035185 26.579992022066946 95.935304068453050 91.669545075146459 36.426467785441950 52.240677184063543 11.584345553220111 40.998139266856327 26.940911422209592 21.232714337360282 88.657711583399092 28.397215981851286 12.709205298294346 39.785988175440821 74.216191029103470 27.375861119048828 68.965144560259688 45.043859524179453 77.578754397248190 33.189159765550734 23.019256146698719 43.564214838211143 51.363195900778294 82.889005892918988 79.901342082576051 41.318791613646496 31.687599380702004 5.522565994764561 8.410105891847209 55.574016889670254 14.421870688856330 83.205644272521710 63.246698328918292 90.881014336683805 58.660256737244211 69.925704453856483 44.049405560907140 12.163407253915759 7.183564226710448 87.532942072525501 32.952669550572324 43.540830252271391 65.450077840013506 81.434706047041743 25.080473838719396 80.830122135583423 10.197753855036973 15.863356687721330 82.690241285185039 32.753786326005986 32.424561188618092 77.098240676374758 99.968378540307171 14.863141165996030 47.899677438856926 73.142602338987558 15.322339526646257 65.419737621409155 7.209610215764650 36.703239632716510 52.475590024884468 76.869236937244779 25.319912219682561 77.849051971241906 18.555149011106330 65.307718477349468 45.962975746980916 61.268596757379711 70.755321397645659 57.083376151821909 98.677906826892126 92.541643357843711 79.975701733701314 20.245240727486625 67.433123437374050 87.193580770181157 94.490669591380211 60.005766943183936 53.668072860414583 76.400177105215377 4.012256393635627 78.088291486507273 34.380512722949611 12.093884041665737 33.015221077415916 37.892306174874044 94.047996221700117 96.894100077554086 65.490008915672931 93.889656564611016 99.721451872082909 51.906555272822040 25.199514310185801 35.156643735764227 21.734222745195495 82.423395621322584 95.752641400397493 47.372113854051193 34.500085475102225 60.918650911665054 19.960525809151108 37.108281144256004 38.602675941960015 51.989936574010642 69.682190124300575 61.924121050884850 42.704123997483421 41.618188353460638 74.760959884625422 91.723254471084402 21.764812414544132 55.221726861879553 0.916512029944827 55.928797664929419 24.029497384115150 87.199026600663089 41.419767786864824 87.558994209619044 50.396751937375761 53.662133588809823 10.338507891991577 44.900192824769846 93.325141465842435 99.523867234757958 8.530357318365734 81.510323693430777 92.666923806174566 35.227878472906262 61.809899355263774 24.161118343265329 71.974424787869367 47.211144276824292 70.158487531135435 78.650545238076290 87.036178991820094 93.285654386306831 92.503964513542584 94.596161391111309 24.122942592129892 46.946249585684527 7.578840332274672 79.217242167681562 35.951512861256433 57.794431234378827 60.082828996607397 47.286111853921497 27.710939135607592 24.980848710644963 80.423774346963185 49.387880840602030 78.803480592341216 7.014315253318282 57.056040498072122 63.193500290216534 53.436796263924649 62.335103705990036 4.774388438250233 55.925797958487664 38.442156241480653 48.754341680030841 33.873565594564283 30.980045286468339 3.344658268418321 25.071627963231613 60.657129242321282 39.650516391393055 33.510270888399496 5.307673289449366 35.428807593872989 80.806182094964782 22.192864172610662 47.396153515175456 12.116472953520374 6.855203335253179 91.064726122263195 5.355371604408843 34.051235235848807 59.093257379437482 95.597517975243093 20.552395316628058 63.689278325642348 66.453540836263244 40.855069261596597 5.417809005221297
52.714343486532321 89.440137922641654 47.513071777965742 53.968854847346236 36.332337685752023 91.875274160170676 69.575202953737161 43.498451705056318 72.981573343945783 18.734136406919578 41.324204322820414 42.791413662142972 51.003318063291012 25.313435687937012 99.402301240592408 28.110852034268163 20.904558480386758 66.371566037430242 93.581584230541765 20.924097288249634 25.172297864720463 35.637022977609490 48.337262783625889 15.146570765959034 39.788303478840149 71.430139958572539 62.485011291942293 44.825963809913674 51.863129986560395 88.632005090046462 97.451318093345748 92.866142159186737 44.807114668567195 72.148735516108644 72.195857900216993 89.998113445573765 85.934973636097141 99.066012546450708 94.638481387749067 1.705469564161088 29.967357821177711 23.222451435203794 31.953205854846534 58.986870997000487 79.453724594550266 96.788323533867242 17.886460735929944 18.704116987542573 8.004524569181514 9.716640477169269 5.087481855762432 22.287816950653294 88.452532819065141 91.850741880578155 15.263363623639902 52.545330544402013 54.464659477905350 95.304145009488963 86.685361156914269 56.442116316931113 34.573834666799321 41.272233577617889 46.522561913066376 85.190358246830101 33.754286587416630 61.687051604153297 61.546282500826877 62.626545181306071 81.415606673954926 12.087517592704843 84.294007072731006 25.101503723247131 7.591824217329634 44.547677102135886 54.564981784191083 12.523716047567923 87.570880328107208 91.002303394454316 54.959525594489499 21.709166683212889 45.572310156534044 5.274720742636763 69.338423384031501 48.097587868350665 20.551529315937312 12.033541263908031 84.460801049818784 50.445159739493107 38.484281339472524 92.212024572221068 79.123724630723757 41.987780661263272 14.878284182837298 24.219396727523701 51.659731320893876 72.281975819753370 34.452099846148677 37.433006695768967 85.174225817169386 16.437133695783945 73.410991813333865 33.187296438279368 16.150807618431273 2.638632066555402 50.598186382114996 0.415993210733834 53.696304773810056 33.285755262957849 24.192849774356119 86.361011837550137 25.214672814865235 78.280993800149716 58.411753301111737 59.620855773455958 44.342701274230436 35.882877119479261 37.467563029625907 78.072610716023576 46.625865452395786 18.356059095275000 36.402774071107387 12.012798007241166 50.299810853038075 41.225363310354737 94.438736878632596 43.744605536723022 64.492007151380562 6.445134205061221 4.104965682702644 99.087389988431241 65.830189227997920 28.840145153010035 55.765632778182592 15.675521714325679 25.115816605165119 34.741512920116527 60.489270863588715 77.065436627486676 39.554210843658154 7.003082422109097 96.552810901595876 76.795842110266975 98.971930357789873 86.158998127768754 24.157355275088356 94.760898319114986 2.052815268858099 54.068326178047975 28.254320159084511 99.605341789449923 59.002079382747041 74.160155409971267 36.375072298384751 40.937576967092006 34.032170908105961 28.746915963458640 33.525130768251501 29.855402565393639 74.033633266979720 66.397505221564643 73.041268091082685 63.797637767811743 93.236853045142738 2.110040866619789 38.437027998043895 50.346241193980369 83.309085084741426 87.959408778940912 44.349391782037138 18.652876120538920 63.101804457092911 18.980057116473471 83.939171882800338 74.174780818617165 67.595851937714173 18.046979734262571 41.550273922450700 76.101233684211380 40.216675758947595 43.673502647857653 88.564400888539353 82.478601290179824 86.489699710176041 0.488854739083444 98.585174065317489 88.027730089377485 29.402998433076366 9.167451305911445 56.338004845851408 6.735088664194944 77.763640674940660 23.346433716533365 7.663886018989974 51.355944252450605 11.065209959092448 46.814378274640866 73.255853281469797 32.640503281982681 22.417793506232663 37.378578371721908
35.020752547267250 93.014565571403466 5.331362018755160 22.320854865483607 55.322233611903215 93.818873128919790 80.447223712346755 8.777589539475805 11.827486294192779 47.402211116829676 80.562791817754416 81.952115148917287 0.709179075604971 18.062120662316616 59.477123341503344 71.791722413833597 41.709554654746071 34.775232676727910 91.569772308262515 10.336067684636220 91.158022472102445 80.485619820479201 32.423416950449344 24.589963061849051 78.148542826157012 95.006511308274952 86.871552553861122 51.304266780691641 36.717604379101523 24.856183280880039 74.246878606141181 57.381172778573976 53.177434065426397 66.061812200981677 37.256810285357844 22.707698390790497 43.387134731199261 92.007439826090277 18.691898101580939 32.584922645908854 97.148313185847584 7.762698820443125 21.998535964768507 60.018054725527122 19.765649529376496 31.868132746334730 73.624378042489326 31.116840295617088 40.133100979163316 91.321270878509296 8.610327915973137 59.504915190994282 42.746753309591988 51.080636588749925 20.038672581497963 34.541368203790121 65.547477902949197 23.699248519816209 84.774733920090171 96.463314857767273 37.417964361573674 80.860370452883345 95.510313007291643 86.461911645135572 92.991001689039180 93.847482380010987 87.121931819387640 59.264754336781145 54.632330265916771 6.143072066134836 25.298302165213858 31.149524150541541 10.833565245036446 86.821578103206889 94.633532247014685 24.936241693146354 6.674790907266159 78.009138701945218 21.751288034517003 19.945620295114807 9.799315240860862 70.667437341308698 61.733794629418135 58.230290443350476 13.926683871853385 57.631694204966557 92.154915067458475 24.408978646320676 27.610075730524407 33.257214056305138 37.414125641271866 26.764765046684001 93.555821351521146 88.319510628524327 14.491822680194289 32.621883061985166 27.508206993007878 26.738449604385629 72.128575115306205 60.075991620692761 92.580725847908724 59.570417508334337 93.679807115998727 98.547451035211083 21.187551300169694 65.828305300562164 21.517150507520356 43.301865576295427 67.769224755044021 84.515949364824209 8.194190450161232 90.106283945501531 85.318474749194067 58.248416434961250 78.303818382579792 34.145279848180664 99.498446978551385 21.016559560880953 50.264113777099951 77.000242995076619 75.287409322890994 0.380959647506940 51.209321080290550 1.001223777174465 72.961003378854869 29.904716590032198 61.408646232724230 49.050636417614136 85.847509100266095 70.605703297044485 64.635431625738818 58.877975868474984 3.753992027647146 34.582974862932303 68.452897393746682 13.461180666442619 68.361470467287987 79.258119296358402 67.442803095911231 63.679247637980694 89.273843528809607 45.004943169082892 74.868171976929119 13.589613927102850 14.996318582310719 9.149654355404490 24.712945253427709 83.388192433175945 58.571809328889756 34.023794773397910 57.076003355546149 89.589175194202568 52.177822578373046 6.822248987018553 2.359666712177388 29.362598346435153 47.161796250619915 51.513143001433747 3.614131864877401 0.199863263575484 13.965237591922641 92.120780715665489 60.041155968894110 15.496252287509316 52.106957433534554 44.757541932627753 28.991933847028008 92.438458280125289 60.752858113719569 86.618208440731152 82.345300411449202 48.343112341748494 64.148482069243002 19.286241836701567 82.145449962383253 77.893651233119741 87.682206306356107 1.316884850875077 47.550870443411789 6.722093565518428 54.927187007238679 2.647898062530929 66.061905024597579 34.883558141007818 59.163970679805622 72.232056186766641 1.324434471217650 90.365981842437904 43.178534795741754 15.780373659820746 64.641037202691408 12.621003757245774 88.904380404948668 21.859327485864732 20.846896000116178 79.485829654037261 99.354413655277767 88.120255449576518 2.252184102838128 61.224940272462248
3.599944974217706 37.008589248946997 75.595072743833896 73.279638413810503 64.210659491594797 19.494258284210563 24.408120198882386 80.293232794214802 35.264279648266815 27.816173186923855 26.732944746923870 29.186554215388938 24.791129411411994 74.143067648633419 59.728440802147531 31.364311191628026 1.404893338788105 86.414890782443010 34.381982855126502 15.443288744004423 38.687144836832232 90.652992461326193 88.193623652397790 70.547699368958291 78.303176477972528 72.293826038390279 83.413456906156995 96.961723605284106 80.907512199349583 46.622293862847975 39.455305944808430 33.868714261374485 17.856319949449862 34.738188067868755 12.345659005006915 51.854412260602388 47.165203964561833 16.848368019982829 77.260460966573717 2.299892251364211 52.453380412579108 53.454034369537240 64.877436484844083 68.413369918269098 31.964992455816898 54.069939295861936 56.618228490786429 58.271985302646613 19.111525451726010 30.778791550059548 52.024044626294760 52.942930908579335 29.324345558692212 80.107033421098663 63.426601140492146 51.695488320904573 19.197959935520860 18.676819141566060 65.656936130679568 61.467630802172820 11.837968109830577 77.426385559434181 39.647518386130145 18.822065085034378 56.937912724347740 87.201187121966143 24.342517889550098 7.924412126279224 97.289336412095921 17.589248048383133 48.009722996720264 82.191040953338486 68.738959149940399 65.860866257209366 60.681133510163257 63.148572015805961 65.082350275715157 0.838738497942615 89.352452118195643 64.401337632927209 57.839366782683790 24.822323573051928 20.493885808996815 31.451014209492090 97.805787874410157 1.803207817140329 78.895025422395179 84.786965322091305 70.212984268218165 68.144732257616766 32.476229773358170 40.003193432684412 36.752944449869993 28.949698550227009 64.852982659829479 68.627056241180071 89.047365593678748 54.589789648549704 47.784828408222637 34.567475065252459 89.728432694384665 91.108674475745843 65.234466707522259 97.162030413356334 27.410043529199303 19.713787493153355 59.716455089486765 18.127168275980100 92.372989946347673 95.617660282770004 3.346904373004567 63.304053213394610 89.774688617773833 24.158857489207630 26.132451631619670 76.598603965268069 93.584207251433853 54.848085748855254 55.206692098928464 11.774125791013656 82.554903093646743 16.615915216589151 92.808321310279879 58.170076171202737 63.920549201977337 42.862115271344912 82.250741411637733 35.096614850230765 75.509881869203781 44.223839862629163 75.859080092673963 41.653840448576375 55.338562975202855 83.665408893554968 84.333516587573783 31.114968020811030 2.677322262173343 27.187450371005241 10.772045562337452 16.450403244000245 38.016311127224803 57.367000278421543 86.266367833958796 37.064817023156962 69.784386633199929 12.838788191934192 89.950688145808002 23.617493731990379 96.311102634211281 20.128638125815577 86.964152593129512 88.798580324476418 88.715743914040601 19.421179738273121 44.394632450479989 74.792451969452799 98.406258921384008 1.064433457139702 38.762132368653745 43.856375567251426 15.391527907736958 79.708060313251465 57.474862142424719 27.033440148053099 16.858346825822245 24.161052455106248 72.115612686494117 67.427006306671473 97.597934524465288 44.451003440772872 36.783626523725367 64.888569499696843 7.183632334654034 5.046395709915763 48.959020083914304 12.510159993608683 17.520050098247275 43.691503786016447 80.411554414816635 16.946132535517545 87.867044061878701 55.359424388627652 80.628575639579054 80.605561807199777 90.761390046532981 56.928696838236093 89.826753069786392 53.885830584960615 61.722168203646930 66.157116124323778 25.364142884791153 64.315520815559353 13.730714803408194 36.169808167387217 23.994684238174415 41.808685793081821 18.112266741724483 17.207156505120892 46.731605861447193 57.018073023867998
