200
19.419425136981573 34.169844580620854 18.184952896581798 13.035339598171070 88.883827282526326 79.477423720823879 47.091116165329581 15.957173016125758 38.920627700652801 75.130053861447138 12.774609768163970 28.843735889674193 74.965558048255886 52.879225297492404 42.569121951319431 0.348828341723073 9.962068181778127 13.010881923471784 56.323176695272522 88.897367116409782 92.714025112181517 73.971623150951743 66.839184669162137 76.810118414797628 58.483186163700751 34.290436329104615 42.126542870707716 13.087073919511894 57.878213906119235 11.961684485094503 49.830200972257487 7.985292900793062 72.428635255167791 76.570956142144510 5.557089932140647 34.618488296642283 68.915345532147015 80.247994831101792 58.984942241750915 10.447825322050353 19.251276528007331 96.906305972337620 28.109649841152763 48.214223054875539 17.126702481290856 82.241867662353499 73.963172602184741 31.591048594102222 31.093302534873068 82.987458405447910 86.612805123861520 52.144859801567122 12.941669442162452 36.986759891061574 6.048012929943436 18.211613108519831 22.447412425052260 13.952748327244869 36.230567296065033 49.040251061003701 81.906431905936500 7.701211758495885 38.396726307256692 5.758108299812081 54.916719556655067 25.637993383951439 77.231052727144998 98.353083602947493 81.976970938512522 42.381222539599364 32.636589777030089 41.468174000203675 99.522213566071869 74.010243672605085 13.555551774810670 56.672220071241576 31.603003560623666 63.035730312609630 15.220467306321083 28.768161379743894 80.486569837056436 96.891181185969657 76.703207489052730 41.750466729508254 62.276838160725092 87.004693928221315 48.818933105580129 15.784721774534216 46.980102253014067 70.092202348602100 0.668648804552929 23.840921601688226 46.482596849645063 91.158654267297166 61.457787309929316 89.520838230272702 9.177702951239308 91.310828433640879 26.750480598995708 54.672597904185935 47.346595016610301 18.717343044595580 74.299515200680460 30.624484235357841 79.965432782723653 76.581727074381718 0.545041940104618 1.439578023323762 14.137609020532304 11.061874575696805 87.565673508145650 91.789768072485742 88.883965911767675 60.980413600995888 25.014915060411692 21.948064526812804 28.471998868768466 52.303055349333718 60.693346671044580 56.246842538611389 18.265391030437673 97.325273531558679 66.041338835573200 11.322136978310137 40.626896160710857 19.477060528396361 30.210652419564344 66.132430714173623 16.714413376006721 15.072803021815906 31.245501222407334 27.425881224457406 81.318520100344060 48.158887526536240 21.010148986095899 9.945025052883484 69.882835263096979 28.240506061036118 17.451659070847146 93.512902290005570 24.201244239020848 56.348256757517454 59.844714852823245 94.074740452777078 5.699971459389874 32.582837160444292 9.850716252951264 13.863147133782983 1.935662714570485 7.075929191513797 63.029030883696223 64.118520445196310 0.532610445056458 79.909068312307539 18.015189323733793 0.329796564984353 45.076766205794087 35.387708194544821 45.355003292797690 44.653304879910806 81.098224993158681 53.505192658867507 9.195675548507875 84.204293674996222 8.252763934556439 83.683689928153939 74.354088148550218 41.814291459579643 35.618845949750380 35.316024205322670 63.638320715374839 33.020833027155682 90.995513377849520 4.073966269003604 69.177636411535417 23.395342149027197 11.150916536988065 76.929680096045033 71.969727340081420 70.173919452547224 52.655736849042547 44.234351480888456 52.796390768641530 60.763882328313791 20.478119468434329 67.546419075343834 73.337955000273439 78.980748234616357 65.507524164723236 78.042096381788454 68.760818744836243 94.901108139719142 61.540804291154515 3.654571309402466 97.940791743628793 89.721971253603002 29.340749587100145 63.872615823986678 5.949565037159187 2.890603554656290
99.767841521782870 47.483764798070581 79.785335406373292 72.142304350711413 98.326511732536659 97.682133651752622 40.453122514439244 88.904989547063479 25.421331845181918 42.916056020930306 16.540337385422490 57.745387960500729 82.653421209099903 47.379552732589346 79.564024028288500 58.333768060783306 63.700918750889969 0.502965086262430 63.029461291345278 59.840068245872004 71.168975557701202 85.786697456079196 54.393206168134171 83.521786582257064 60.028067558154994 23.456159813878273 74.291166518041280 14.516030714756500 79.433727745900768 40.397886700578802 39.414703731297330 22.801180893914509 62.346763372701666 54.676373612825699 34.794466463540097 46.825932879286704 41.230845258945251 40.242463359701105 78.587104921674722 9.151999564777336 85.303494571177325 44.787720616153592 14.592086598860476 64.513397733876985 44.847848364971540 33.515863919393027 17.027438615194168 81.964280651546446 99.003658696958269 35.411694542988805 18.615700201766149 43.418501509526187 19.137747283108951 35.748074934948136 4.576565250492193 50.224246817244492 27.598142168300598 24.289321870696966 54.075293948549294 96.400949538905280 89.967553487398987 53.722477622588713 18.417716282465214 31.802723889428176 84.516988938100297 2.426506951681573 83.525891661308890 86.958543640806269 26.410453246850086 33.237995215005014 90.340993151155189 90.900705659866873 50.541590104249089 2.111986772166452 46.511860301007516 68.351138789970335 66.409978155103190 25.001116914107623 27.071873427522284 29.441846389371761 79.301521554811757 39.541641309178431 19.454467683816944 42.054843170769921 57.485876041091629 57.034671735942666 95.561030893988729 50.921783623039730 17.496697984586451 67.633622036643700 38.546165773744470 65.777314451013353 97.656742415574598 73.465605620342942 52.027295866843524 86.065678702638053 35.886350098842442 26.572556834657878 43.274132844560455 33.675416561124862 83.287319240415286 61.595434409807105 4.047398735603036 93.350159399220317 39.158604024920265 91.726015163009563 12.754664745632926 12.200515778272203 57.896329030557816 70.863130567255098 38.968151626054762 67.903064284735422 0.235322937327564 13.774068698533249 28.449740999218630 54.936983250020468 0.554390677133343 60.241394963324389 85.398323362984257 47.409647618526421 28.905778685525853 4.398887156316844 26.759387641145437 53.941071998067457 83.082873624327419 23.123037120333734 85.233151584483693 69.486149130165245 3.704262197988295 99.090960224972406 21.070440302328752 93.330079564115266 15.660801129728963 18.035021198889623 62.603833870864769 95.961977619285150 34.029755423090549 6.527992227920542 27.049624907971381 53.892285936062315 69.762154179179106 80.688910037236454 1.227944042953966 22.019455415076006 17.019973728429505 55.778862544393569 86.746183819578633 19.498297844915925 85.418654722653613 69.778634023183841 30.655206312658557 93.730898730947814 58.243416064363515 96.450517974867878 66.164402410908068 50.849172897210707 15.596931481262754 94.037303364929485 40.568518364693816 65.704402597733065 39.960090169126438 19.885491758124108 47.303084181845009 87.586936199663697 72.089776183506189 16.235326869138035 30.817633079285134 4.088287929177692 84.563869776311705 66.620682916079161 11.036341813264594 62.366428335379695 98.690540594686794 35.957009217448352 50.068568762212905 61.301244125440199 39.833440832473421 93.582348693396838 1.457939559545973 82.764226329644245 23.428229245737995 78.537277269433162 79.545877528160844 73.921261388350246 79.823352868070486 73.863290963709574 54.399799140124095 47.365094759554985 8.787101183926794 55.862107640098259 95.703115240740772 47.391760104309235 21.306345748435575 37.850527805411183 43.153177969710477 55.854143984074987 2.622750759779680 53.823643497052643 89.327141014275895 34.376594383400239
60.150563190286356 61.544537758153375 54.136439960390149 64.405988154364692 74.578496356587081 76.434389835025144 67.122987269541653 74.227504566377704 0.911807611176141 37.990803312304891 63.686316728271585 93.898052424287854 84.239679180166689 99.488814996798041 32.644506297261401 99.909456548525426 15.829481955396362 81.040166216565780 59.680163509232422 51.877846707110322 2.121847595070603 87.609632151343291 76.873686940614633 52.458622622545484 10.447192063314759 10.025205858950702 64.700424955928710 85.628076401029659 40.825356967195049 84.988052223408303 41.311862240397502 53.951960794313223 76.526100264945342 95.951678537981337 87.500610919347451 91.837789237195679 33.536563528950325 19.241847290310645 12.804402168665174 76.746429513107216 98.443087715126225 68.193849094375011 0.529496852203004 72.802601700657490 64.669028851080157 77.270343622058661 2.032834034934594 48.120292422589159 32.667901590145100 21.897214066446104 60.877677612795580 69.414357269714458 15.194830607189891 52.422398484142775 50.427943868403759 77.473427269002201 30.896994381565822 94.453236620455584 84.808265213824328 99.032873002880962 11.281471009149580 47.971027332662949 16.013685113967114 30.863508077246927 33.364075539438801 54.488178989441963 94.979952565557667 98.567924438584228 11.408137950876240 84.458346776539159 72.073006922344945 65.088482707446289 28.063145914009556 57.955157296045847 47.484354470717186 5.669807406981874 35.435900095054272 44.015135580521061 66.107563273117080 86.269122300933844 55.468739380710431 70.532536526411334 79.613055203618174 85.422455895877150 94.157268738503348 86.774065543845865 54.062437630352775 99.384545453639944 14.196592258690810 14.321972869223265 60.283439166377626 70.841619632222049 63.339343023387976 52.954010701934386 47.768993205959291 12.376453439541068 86.928021207462820 22.054440622442250 63.620432060045530 75.591063860742651 33.020214816885726 79.818188344814132 91.932320515882395 28.827888846958615 86.964309757879320 98.008678726772416 68.222882446560206 84.299230945842027 43.103998942913279 87.841722773064163 7.456094854916396 24.451556466689961 97.646544242304842 87.436020728229366 90.506828984286997 27.483173506229875 68.177458646838502 17.969811328571218 62.689791874003674 65.779519256982383 27.425290417330594 54.652272083281083 39.298101752265261 91.266878755946706 14.300261052660080 2.130995513320877 93.445398725029037 71.964487583563994 32.678748369773736 64.573430923444889 57.023293771583127 58.419721227017874 25.224606763393986 30.671576108066557 80.558860658923820 69.377242808685551 61.835001147811795 5.332996519260702 15.701873304470537 96.536664899404371 84.607493319921474 37.659976204084778 96.804360887534045 71.485622362041994 21.729461611292745 76.261307370914011 69.794107365368177 96.697714640590618 85.098012766450040 21.151109897584909 25.464624907762712 81.054137144931815 55.375399206116484 1.554990943940915 76.578895536568282 68.557648171187395 77.775935085389293 35.856186675958021 65.769579519215853 66.150306579281803 11.041112034348766 58.001758201003540 97.127939186899454 50.730187224025592 14.827757166651679 92.080850122385243 0.633463731274897 53.196674547780695 64.532021924733087 1.337215971060268 56.793002393358151 85.236870747687192 37.920036206009925 34.302167897604050 68.472558149559063 15.817059973353730 14.629955960117247 93.021559331385035 68.732990967323204 33.032339892242156 47.332773042687684 63.502869362351532 48.717116859641685 67.806888334566750 5.940992787476684 62.308941980560625 21.107182528059944 68.373182243203232 67.764785489720168 32.829722815402093 85.535190632490981 79.279215374662954 41.927615252247264 20.487740305993597 74.870754207984575 72.315209327284776 18.595339539016276 87.011739250951791 85.822124498178425 94.082346299844161
70.590063639184081 73.307378100712540 64.117637092091513 50.608286227170808 84.328056161150911 74.194656226518489 9.021999448298034 87.440549135009078 85.298629758141615 82.146315240244490 35.521939214519335 19.935272704915352 21.385026378731176 50.141003581875424 69.243835763594447 36.072451765664368 0.791826642089999 53.998950950570602 27.193464255035170 73.596648787977713 71.580565035497173 86.715523715050409 59.278937493098148 25.742699156411518 4.951616532383529 13.069518717859674 35.874024759273546 70.495197160098144 86.635998845304371 5.577851532046374 29.316865479066646 60.974269786071602 91.257257597439335 47.371930336289516 6.327095140039618 5.887277767486898 73.415334756514014 16.856898677297217 74.356078106990353 42.556874803005506 5.100864962922635 32.545579405169164 10.132111327937899 9.343784726455095 16.263615568480581 32.534245200407540 73.385940312157089 21.152758698952667 16.259451021827999 26.363915796497650 74.140009747352138 15.539838294114695 53.729511748868710 73.302334585641319 1.524364905976905 94.646212165759309 0.067933614950222 69.721453721560394 83.900474033317749 84.741077320035814 83.071480677037798 32.738879293734826 53.158734981718482 23.372890854646755 84.624625858378835 56.102689040939183 8.559972265669968 88.587103948549000 39.614802369192205 55.609695782834933 75.735140737433582 93.899897580214287 6.858254302658484 16.424625768074751 16.255065303972515 84.634530675303239 37.684461446839912 49.783333705549204 21.165237085730325 32.936235730369233 40.246407495579653 67.582569655573408 54.095074922390062 77.951217276065748 40.088877680623725 42.788610471241604 37.784392155051535 95.534968225514930 48.975031126921920 7.678133377197105 62.485362399197108 45.617935869443428 33.102835954370427 60.381929386080145 54.009051311406530 98.341335550221302 65.638768025369345 25.353275232007800 11.366197445192316 66.622333456204686 39.714973554833513 41.933660360431205 44.271825213120728 22.056015580414233 21.510126577455978 58.166901034322073 24.816639684423691 59.293160711727175 39.936612318577716 28.899577391676523 62.914040242465695 76.464237188525942 50.851325398084803 94.218945056166831 40.800493712703513 94.798882511638610 85.270351243164939 8.072664719681022 88.875286901651450 81.191498845679050 34.066554265685014 94.951658274189455 80.141347311824461 6.510934685751979 17.885856150760070 11.522690323275853 27.120147102815807 94.057604775310097 64.417737904942911 31.989984114008664 52.279774517680053 44.398213147427455 37.724302961892576 28.882923928576155 85.081173592798152 46.142270053331600 71.234508341342860 8.783888355663716 47.667246818437789 89.613624109215124 73.379216766740214 81.591007984710785 83.667058991129267 37.004744525207435 12.434979318210083 90.587398050541196 66.418980859210748 34.450384718143269 18.113396451440600 22.026068620393357 17.870936329798337 50.590954156312925 93.193768012746503 91.688004599853144 17.756633799159040 7.977984032192420 84.365981092241810 79.671662971749839 78.350993645517875 36.562340826568374 67.602006298123513 78.490926097549945 5.019392268573275 60.426423446350562 19.568783463563634 54.712946165459122 27.029860701609664 42.753329748992726 34.597037633980875 0.570612086735767 9.424097511164975 78.742367937726812 44.075367746904782 5.331128721223244 69.817583809323509 50.949252218288663 93.538243372720729 61.856635089031798 2.461332308322339 98.034664170547387 99.710246086449388 82.508202832412309 15.754696478827345 66.625268115207533 62.740746029364225 77.199728755588595 46.602928716536930 11.238662224374362 61.742979289449075 65.663029811990654 4.474536877593183 53.434323609051084 5.700099103832013 58.064325650186355 44.621606280869685 15.672247862863141 19.358713304588470 56.027755293477952 46.038351551512200 13.367425317515613
93.701944616646955 20.862635097842219 75.862414065187522 9.317335710294717 59.554312416168528 16.734476387591556 29.689437990741709 75.880974232038810 78.318219319751918 42.501975836582929 4.811468032249000 89.576806307276939 70.888390456592447 18.940445391012638 61.074569704805107 69.943771638785719 46.392197738423533 60.908962451455416 77.921256403649892 55.908024577931272 3.086348134813655 90.726540963257619 26.649103908254069 41.899647542544280 77.797993588067342 94.254504401093001 43.145281786968994 39.525364218014360 83.711312475211656 16.235019298751585 8.930432033075252 59.463828477583711 9.573543896557467 91.942531188154845 16.095330363482717 30.543315209356447 71.772071157591228 56.884061921078747 52.411709801205184 15.111759484713804 99.630011306550387 19.034529977374515 6.657804666398714 59.632559377221270 50.214488751179886 58.277029091736324 49.581574695248385 90.612776579496895 83.520863868047030 68.619183022051573 99.807798387565470 8.912491819924650 27.260899234181668 24.143234009174119 88.823492947505244 8.397295017026273 10.309553596949694 15.555572058222412 57.860560669897311 98.160189711340422 8.650497030931326 79.888578827808232 72.639254567687544 57.926004398030450 15.254726378040562 81.330682420005445 64.137324906099522 23.431009904024023 92.340517134078155 65.820865222595629 61.614964291622151 43.498317230857268 50.797797604796472 8.642474222043074 27.684537878733405 66.766669153200965 10.370113596098863 64.723831331076383 74.737066240525735 49.125113972519017 18.106555539245818 39.852032688040282 28.858849988679736 88.809416155487853 18.874282854916146 64.296390122166599 90.210916162223640 94.290906817646857 8.805577959490895 41.101089906542285 55.788574426494428 48.195993039631624 0.928786524984060 41.895946050175667 84.737917922092848 76.963706047084841 0.542343103086751 17.544374184346324 82.078688345668226 72.467138294430271 25.281810325071341 77.506142230724194 82.546654649441606 72.084562386803185 22.467167095524744 40.979312604336329 53.986195916057241 61.511456662520835 14.396759172349471 54.170297348653222 72.062394955232776 88.521392714564669 10.185873422086045 87.744858889881016 10.086829350793259 88.346440890341214 35.172907967707005 62.757928692059252 81.890195824976942 83.150078760214384 62.448158600124351 75.939643142734738 8.099964543525328 99.617861508741683 66.052540857052506 74.634444816199192 35.475637244857715 72.626514620683878 8.277532193243642 73.192441996994688 47.209202399690334 55.832946940216800 32.986188934070768 39.355860659469386 37.987526453247213 27.926363285960655 60.619198390205220 76.085270196351715 5.637437712043947 39.746184071557359 60.450970549196072 52.149239508601710 95.598122805548456 68.468385290428799 70.857288503867281 90.716356147586680 92.470666687676442 56.441376909443044 27.172117878459478 53.860395223912974 81.438302531475571 54.561196918126321 72.224244000001605 1.068220799602970 68.565972140388496 21.330075915641711 34.588069906638317 37.510502213372789 71.994811619350386 77.433003984573020 45.918267402483913 11.492735339799353 81.125296120948960 45.914909945592385 11.199676782105762 70.395113955531826 32.316811818411182 82.447578972400990 9.303793268997939 51.549799300067214 67.650393300196427 48.317369190678903 21.812709405081186 55.867469531646684 4.549359969255773 24.990200219393387 80.455022280293704 67.784090586266913 50.489381459013480 76.737307511646776 61.544786790915893 27.225219134812960 73.214143911620368 3.739165481333540 58.534712660805866 71.717014465420874 77.765183886226225 96.214352374319432 0.072209661249700 85.003373960260504 91.142789884058828 79.207386171269775 7.307387766624895 76.057453578445731 23.869876147323332 15.462725470634064 23.988880081881270 29.204364000503659 98.511181143296454 51.181545571289433
16.686753144921717 29.207348459993565 17.946230838244137 56.684222877936463 10.734862726673144 81.241109119797116 2.046619262565019 54.981780914356449 66.042439214067670 71.451315121037041 65.058590033398247 45.782540069174303 57.910911147247468 32.898009721886993 51.956272089304122 72.298301353175788 8.091661453123356 32.958247124006313 36.139568851382073 73.725306012632757 91.302870902436680 27.099962736868875 81.512470500685808 55.494007049231875 25.829328813849550 42.192147228859767 97.889862137029397 61.746092164828205 94.440023617512821 59.422777121389913 84.420601506560729 58.812296517387018 72.820332443343915 0.169757518224423 27.809039728130081 2.741044875585186 49.120602142739109 15.489258328616328 35.576049858561476 68.357017445914920 66.263932013637856 44.001083745419166 83.413252803837665 40.768402655352496 43.865586795961335 48.585381188426801 27.169971023516283 44.688221036637820 72.661595350464239 69.546110966863594 65.623002938103582 67.357615401545118 33.156534995500252 21.118907741389915 95.329698485273013 65.187902288686715 75.696600912010013 29.281214961757172 84.872858439659851 56.479022534335577 31.384819816502251 0.908116303893325 66.530778676165014 77.754435666635715 46.019127086625446 60.391014988891236 77.759878498325847 49.951035228322041 49.132335454044416 16.454852621406914 22.351408776043925 28.794023950027249 86.600926432864625 80.872411203465575 5.510494216475581 23.433783364466333 5.574143611457116 3.630791803811351 2.331271855628614 29.863007893568760 44.199666550752660 64.416755228684792 11.851158750605240 65.515143965035463 25.011687877189924 11.275731949640278 4.366827462239353 41.971478349918897 47.624109558355023 55.632889466088876 17.390106419151273 8.167721292009366 10.264092053995654 94.347624543218160 83.189933510041698 53.293266698820560 44.029109954182232 35.560627859622095 8.849223247758431 53.647998987348210 94.453379914902740 13.825319096301492 74.463954033015327 35.031292029627956 6.849360998844977 13.436555734281496 29.464571233016212 39.926822295364673 84.045083898503975 96.238113453476060 73.423171898823114 25.690461848176206 19.826094838333862 43.120984475631673 18.625558877624826 28.875000677452544 39.856150281942796 5.972389966088620 42.111065032933439 0.023164101642470 95.412023245360785 33.705077064605682 24.742310182454595 48.628974268657480 82.757852864387885 50.929626845451196 29.897062102808324 80.862257821575568 88.020787714452126 76.726832144512301 78.578998338225077 56.756323972492886 72.534530445158978 43.099704992688515 33.935152810587034 94.648844658121106 97.915063534262643 75.268805139439920 43.838622974580055 45.437356845171919 63.374504477177361 96.932579678755175 35.654608219927894 93.178234096845557 64.308833198768028 52.148121616147989 14.616647063552680 52.915531058812704 68.015273654274267 16.823063913905056 13.037961680954947 13.109741474163329 36.036283201069466 88.098190965678384 76.755054849258613 39.729705588053811 9.452306601057558 80.662015820166815 84.332231909367579 14.387926637355219 11.113037381237200 77.356554336481238 80.941706824574126 11.489933414977093 37.363676675435308 7.083742858256159 56.921910422210850 65.300128203866791 58.079000826980341 25.312576827310597 70.530325153800248 39.964403125276185 13.364062854509251 79.618473784276858 36.145774824481379 74.547996173220938 77.049544951269539 40.735483488372722 94.154092849563654 62.033756749650735 78.577862409645576 0.219167300646439 79.194674652657426 36.251577901310540 10.545677399271181 63.828889286816469 74.129201260059190 16.909509043222826 53.544357752651941 0.234596267326981 21.067242123989882 98.380414069450111 91.164011191705583 73.931836915802194 38.325251450148087 17.852856564267082 61.573397154792154 72.690735734220539 20.406611092380246 39.073347560967520
62.499127618694040 65.917146677302696 86.506177121545562 56.811693422757223 89.941735320147714 11.936201140707048 53.092779968819592 20.987006347935644 72.608732468926334 2.893847745627032 72.727604096185928 12.285453140210123 57.999402219970875 36.975604836352503 86.272433920862596 48.408022745164835 39.345179939368137 5.524007713070345 33.846883952563203 15.146661053032339 64.494464511433108 60.735970280983551 95.462348031458021 65.958794501532964 60.040408087024353 26.605458987130469 28.799874102749357 47.982035971379808 28.458180526335731 36.121030949013047 9.876609446602803 89.809457319770985 82.733520072485078 16.165473731285662 86.994070229721132 49.613751630876720 59.453665198707142 44.027470871993621 17.483310188355805 80.414304048166613 60.515340064298009 22.101263714294905 97.220182132478612 97.459920812352635 28.922230907299674 71.580608940221467 86.851854356185640 25.404157827722994 7.413677898746673 65.595700430415832 36.136667202943649 1.929736252173020 8.348657802255810 24.151859659411588 9.746660610860902 69.756555835882722 18.608986976040963 8.367531761668412 39.459228799116040 30.222649098773768 85.947739506390761 58.802312416767130 14.144278160421042 43.246557545020259 91.887600855572941 84.704177582405990 45.222294214217207 62.797672777617855 90.050984465287243 93.232649920992017 32.803774496455638 42.734081320941897 19.376018526302797 27.188120260329406 0.027865855447662 33.920984029816715 71.021975048551113 58.435686006185406 50.248606764745851 68.907498150215503 85.864564084585353 65.586958259775031 75.649255167358334 22.061942154480331 14.761142796634442 64.090801292414255 39.998710496115351 22.531725670616254 39.089584121488620 99.000085343358307 34.077900882276545 32.519365102869536 52.416619628959893 39.105167100878738 97.182266046075355 52.928334385311246 89.674257242453052 85.465562806659420 4.291823759488000 81.674771104608183 20.128546359744391 69.606562195195693 10.784236261844004 17.949160938020757 86.987521832493570 9.155494919121921 68.385282103811264 19.968184369278120 57.119930539207033 10.507329163615964 6.789887467903322 18.378047052728984 23.367047000601914 18.657834797016182 88.800050161056646 58.437442469696144 95.643908834153848 39.534408566137223 17.007361542679689 83.802040842359702 94.397817004391911 35.653738549011813 15.008934906876481 42.123941788948201 50.167544488609735 30.283890529060987 28.579875176187521 80.193402365235400 36.514470292658231 34.799796141118442 12.784976437120743 35.304591950306865 40.857252249733818 9.802592484214944 26.108737065515975 3.099200776899225 7.912059243532743 2.768635900246430 56.570391346368176 22.802406909667649 36.723627043962736 34.985725258178931 88.305693064104133 92.426554285502732 73.429915419130339 99.368041007914698 20.073256414749739 94.228779509494402 29.812265298836969 20.422414804370259 4.075281549365717 94.994528041661169 46.100191240404065 31.771137575425414 91.147354549856757 84.646919407258153 45.824367919062745 53.573484989090289 47.386229319563391 92.689733854536954 6.705010624855056 54.919964351962989 36.431044114408905 44.291736057465691 7.127509429868750 19.274944362212278 96.039851434543493 82.070555640232286 83.121801014695109 14.071660080574844 83.437808105340366 79.300746773494495 53.262353056078638 60.365216269033020 5.829013207739086 13.462589506438515 78.470041583410378 3.470431243701211 14.370759312516901 39.041351473563203 61.218126144321452 29.004795108936964 61.385703209437651 37.084341923768861 79.093965625546971 68.902669267184976 85.709990924244323 64.480722635187320 83.662940937305180 78.540238762981005 58.805173887039949 19.664129762437476 85.932392214628436 26.543714954141450 88.490240699623982 80.636793273019265 75.063119184050564 24.921057031004658 63.482556111862152 13.047464740215354
69.358563997781417 61.442306761483593 20.263002287912347 86.911764142882831 94.957720288968147 70.651848945839006 7.377528384802856 51.182134737076268 56.238408729452097 70.157867516087464 63.113314509149468 10.789987510237953 1.982040073633318 19.382341078573518 72.620831521389036 3.739268224724379 16.858600969768801 46.753286260009560 41.460174763518488 6.130479233757025 82.420988481252195 34.954322802393392 34.058138639904691 33.173260835744600 82.893255960705915 23.216519766040232 60.349150239215419 49.298094194778528 47.802801893170745 5.493649115729571 7.311113938177616 38.732392227632651 33.898202201495565 48.329640406134111 66.189521466171996 57.823645950947977 98.119362966329874 69.578015992999738 26.410194504305274 30.013201035691139 82.652487034409859 71.011147347399387 57.558054938097023 14.834808056308146 68.727470365843175 88.444391724507682 36.425882871054959 15.892916790774969 13.600771136671252 97.039837130899869 9.771575845915315 74.543809415322301 20.517532275109584 99.209610779224974 40.717398935681196 37.564106263476802 53.921017924103623 70.509111446277316 13.247341524481303 19.265697804480165 59.365322937477984 56.553794140037496 28.027921009442281 55.872336823929416 41.689810959828058 41.113320446479584 12.998225800417950 54.348363850902125 76.814907449566277 44.349951729162441 71.989777735327394 67.202144510678835 36.325361793793654 95.537422686262985 53.649540937932457 97.337960389998841 86.582491329741828 6.314213552207359 50.667241210982404 92.255109772469780 56.484340531839827 10.195966659025380 90.384223531422450 99.335414402845487 97.486819328288107 21.178425803933955 13.927710567599661 41.248031922236308 31.351347783680762 65.333847832255245 59.218987133671050 40.784553901893517 7.014485137557758 99.901855455492878 22.865114051015134 60.869516989909101 21.607888309416758 71.676154957858202 21.311415895640508 43.214577689237302 97.095031340971701 1.173683343132093 66.486610235173288 20.466415557493743 58.905745242545571 76.134887384877118 78.873258495601178 94.912203687353994 4.900569590793546 17.981305776038813 15.329525548064804 81.515959264439246 31.793096857010784 82.872935067731873 16.977364537981256 78.069576113132300 84.447145876025587 56.726617368916166 45.107803045643792 93.769187802083394 19.060985238465754 6.920213689922095 34.407654648422167 83.199739163298887 42.777252641496467 87.155813286153162 36.700924276550225 2.730879592455404 42.520132108582011 89.702487367143462 58.955881879663288 17.687618051887842 20.391829414626617 23.689947748966599 14.796129862820283 98.460119186884995 36.848577332515006 15.813062445832538 61.803362698162914 2.981467824489403 77.885307667612949 90.407847057896987 68.312093379439034 56.520429716344744 88.951967205567669 12.727232444318537 9.481078840210888 83.640801187575633 5.983872230714271 48.580615665298041 24.024048235065010 54.778156397032063 39.514169125414590 45.911142768059086 37.262829067462718 65.156613503464200 6.571914962475245 10.283965026161923 28.532954241603836 48.092098985970622 38.387203380242028 83.228071202947817 72.382228443422974 87.951789104247595 89.821886497991372 8.753629719107225 55.227916161520241 56.954371229901845 38.024573057360769 64.607541105658029 89.602599271492849 8.703283447959942 27.615890161421085 56.310342137946201 80.324563945833219 38.208650648759026 21.591276702949457 71.969192710042208 92.874873527774312 92.170940910242962 37.442738935809636 5.833844205377037 17.862836831081307 93.415289969583128 7.414131152705372 10.013967253614997 98.571090564827799 12.385983328407624 19.609402650263196 11.331380644961230 97.885573856739569 12.462751436847984 72.477030039422658 61.211248124715524 26.380033198681787 44.280249581099426 0.702706147969123 3.726074232794307 18.862944854976394 47.113311889018746
4.028582787886337 39.233707576755464 10.613836075705763 1.071395824695254 26.551405790366932 93.782856130589906 8.196206215504819 22.295511973086089 42.603749556140471 48.168223189046621 70.707295774910349 99.101368165457345 9.600978534312999 97.260637492518882 76.102590188854435 48.513920373831887 54.810252942983730 63.669663888860086 29.862802479175500 28.633571380996347 8.003121646292911 82.454909362468200 75.821534886369207 42.937871636607596 52.138121725663844 64.830663667509668 25.745640249387669 97.751641466307248 78.341330529276533 36.591763263006897 14.746710857164025 34.606120000397723 70.166300441034238 75.921210430795711 70.894876437073563 12.853382744934116 69.475485559710748 41.134330665542308 92.189705059653846 29.299205139511418 93.842993158491865 71.313981441109803 70.198090495786786 75.413547038556800 68.706162337659578 47.868765748315610 57.281340675181568 78.026223423721731 33.488294732415859 66.454142177507535 71.254977642496371 73.969592445593179 14.053636161481553 71.654216991384672 28.555875032039367 0.657509997719952 7.869836862833335 23.255977766574642 18.497797504530457 48.494614417135175 1.931021930320365 90.395616202866222 61.195396055429264 47.995447301946939 72.635791617407435 97.907978023812845 39.156726421124311 54.829860928151788 86.541303955012054 8.342430278634916 52.397848681963097 8.522749617698821 36.086202982720529 18.748379606709342 16.057288389676760 56.619056781342948 88.986382926201074 10.245018423462071 90.826687666062924 44.787924102978096 23.084002734955476 27.019958617229001 94.201648105374119 64.300042405475494 1.667317661403123 15.016775026057761 12.458320326451455 73.771236047756076 8.990533090128039 82.867657395880244 78.266570158021452 1.357001835529981 61.514369183597260 79.740389760880618 17.873019306442515 39.573893974994704 24.853238485183926 40.177288910434996 99.780494727319976 18.641149140213152 52.725960949524818 77.024000644912917 48.310162176666537 53.643493925702124 5.966374592843082 45.144390185445523 87.395954834701328 59.872659190897025 48.433950178147597 13.499295272316536 51.959184693801284 42.602124036359669 41.556275053643589 2.284733578058229 31.566926768734550 66.482398360762346 32.551436314450655 14.675795995004016 65.263948271236444 73.534174239515806 95.708371658217359 97.043637177166900 28.948197386125464 87.666288087310789 5.165748051076912 64.444347812917101 56.167505058864677 77.660387880439245 52.521748144480540 12.428546785548322 14.925021034619412 99.981096028284199 34.670349317546510 48.332097339705115 43.656015745488894 52.933282098990510 76.378836569233670 87.505608115799276 26.570279074528447 93.794320069411199 29.146540745309945 93.521606766037877 27.807664180995605 44.885903780913083 15.028927300441740 48.518439925163314 4.458574148204231 68.868613661400175 15.892703512507044 78.098781205038421 57.642574296088590 48.908363589226298 47.197266107345470 39.424504269607965 82.993945731750486 96.875802219556405 43.577112757312698 94.895505758688032 76.953802633653950 77.255247336397815 37.473607255638960 37.777039617531429 41.042003449525744 60.355361333334258 35.112845070312915 66.747379585585108 82.367766286066484 21.333881744333361 36.089148364538183 62.287181478401813 89.592873582834571 75.791618668311997 72.551530786485401 87.614600216694484 13.433532033929630 24.553135046642240 4.888296474138587 11.380963813378909 48.355505451831881 33.860254836477900 40.815270935062067 32.068826975829822 98.899584857563397 42.649058637981376 84.095464871554853 90.121537164394340 34.297785908977474 13.053655565229205 82.008130403030023 59.374460095104929 78.587024426802984 60.164653089800936 55.055278232662495 74.199477455320690 77.488890468614784 89.469851276042803 94.075422553176764 34.110743782132062 28.100788077074036 98.610954577902532
5.288958396374022 41.013557856795437 89.997587905142211 88.609282288111103 97.550701496004351 73.431857365325740 11.751048272249987 82.019388396877758 61.216863147298199 8.235729677237902 15.978940328285985 62.067709622697542 80.724356806003001 68.594546704918884 36.649385262830251 52.960118945590317 66.352399840691916 57.507544060420010 69.472520156122940 38.518565203617868 24.941043032706510 76.181333768225187 70.428567252260123 16.395018046106568 60.430152736875733 78.528273841787765 12.933440800188800 31.930293100450569 36.210129432951852 60.092405103061367 0.436530481509068 96.493474657581942 64.018621693270788 22.844365704995596 44.226216055462118 82.959068141830244 81.729841491237408 14.397189336111961 66.989107974430212 11.633782945819760 20.504004565278720 35.432547211716169 30.026034781998568 99.322052282942352 34.491193400470941 40.942862739613638 40.876482225062652 67.613265975375739 36.631744561991518 4.605478223847193 43.671342466039789 8.536326748587353 88.141239607934253 51.079353546091752 48.858499288407586 70.083851978254202 45.177863227772029 0.130281249318553 3.102587309802729 69.665964811904587 92.868809789826727 10.681868468649036 59.725356744686287 35.151771489839568 23.358762520074094 19.322567191954999 19.184063115454776 75.583857327658066 72.343899437616386 70.186900356884621 87.366906402549901 87.366906406910232 3.416963613213109 60.478727607849713 56.465578546259920 79.453484821426571 88.297932335382527 90.606695601980789 68.413933093767952 55.372959440950623 79.733813824179975 74.213792319633797 80.328953352796447 72.660216978637209 71.413990806472867 31.358877613471027 49.930507491176279 37.611161529121020 95.018139030592792 43.662330916798211 76.883938924686674 91.538618454005331 35.289880287593654 69.397160682240141 59.092265016954457 59.267489763961947 85.573278361578915 11.948977917726921 45.815874901863410 61.748305898976156 51.452686870067531 61.969646478561117 98.785039334333774 58.276645524273803 29.843968636237239 8.059110844206952 18.197471950753641 60.328710182375644 1.288684960714359 83.441589086488293 68.023600404128430 43.842872373654394 78.687976105764236 44.816950280574630 87.695886278339103 74.484535120040078 11.446943452693203 8.702458865426321 63.822732959710251 18.735388936546681 94.904507570448231 45.116716716778939 76.598278383893444 19.363153149395284 5.600845281975609 18.960503511592474 80.235959951064856 21.916183750367125 5.317963561898242 54.648917015260324 32.025054798942257 58.327203936466901 27.745108451417778 19.764436590007339 69.057904834165996 36.090890740032478 70.402108900076115 37.373582752872359 3.063369721649289 85.813229622475390 53.197873931419416 70.900721709851496 43.432984496729276 92.069110347416782 47.579207307170854 69.988583272676181 32.224528214603140 60.806666070016071 38.006950913891977 76.257166330311861 70.774669675076538 31.566665096363554 79.840052801717988 52.514290074901581 23.400994377401208 44.655689591114786 13.352840246037424 7.127176666449664 37.047046014203367 74.387881042787271 56.128454559877220 67.793923036158276 88.487000308597757 15.222013423704706 70.909934890071256 63.336605455503950 33.293375100787927 57.271560170928602 71.020509040747598 96.126198541577196 72.709658563036399 32.960600604090608 83.786383404527712 63.860339715514201 9.784748800262577 41.261802415542427 45.106867352460725 74.463012473206447 7.394757594960555 42.226614097172508 34.337760188576951 55.748372427970750 49.230885794552826 3.828907483095501 34.061811851595259 32.203212490878762 68.168544142366088 27.828817708004870 83.362501239017064 40.715400910877705 19.304887309957032 10.557565532217517 84.189790028465396 51.626294340832743 5.671228066014489 24.501921794031002 82.552659196067225 91.915502841211278 85.326435418147085 67.166020354488595
68.795522858567381 85.434509851335235 18.983051598553359 75.403407684724172 97.855849400633033 94.768067269672258 53.042405400754468 75.901325372460263 70.015677348634782 79.876430682522098 8.578921384665882 54.061122769984074 60.921771009229055 7.231137962605338 58.904708237545421 39.868554181855210 76.713611962871397 55.117718022675390 0.488424315312264 63.507050103651473 39.529414341627898 59.055513331362718 66.544934281647741 17.964810241812657 20.369136824003732 45.380791628042786 56.737985992929943 19.890379630669941 57.692528075134909 55.576917595710782 68.140319945774110 95.664849749030694 93.973610170934236 12.317875711785774 99.744112307706658 68.742143644288419 49.002191828314800 7.414931578532236 80.612838142972791 35.808675828970912 80.602525387091234 32.667488910687140 89.442892085608548 14.867969749536025 64.167360942946033 50.332461070826454 23.739354878303974 73.886779621034634 64.752488074275831 47.034495546557352 36.165947417737819 39.679707107241505 78.265096303778463 29.920765803973470 71.051441813068337 45.362233060535630 59.558596200274195 27.067726671656644 94.193638870241770 51.219125392883448 25.745162794016029 97.675833627764945 25.664458950275339 40.251008024951538 78.460597633955359 28.250781419052686 55.708461937754691 53.629120098488634 19.882193822839444 28.569033656271291 18.872792812404860 72.082951620233047 78.289480472869627 85.578478544600173 31.115464054261523 89.644921424609137 90.596865983162914 5.448148841231959 26.820707127318531 16.051413890286405 90.451294261332777 88.723650155202293 69.922038391799134 6.070880079402274 92.184616293783350 92.872753105764190 22.103852774929379 41.207833826606667 16.168321200507062 81.164640554136852 21.255723913440484 96.118677037810116 15.526460004509335 22.626325003639934 54.276964600893628 15.052197305445636 6.062190452250682 26.125996285815734 15.604373840274322 97.696416379719196 40.727695839893116 36.350741466994450 1.244322378850049 95.368956194955445 64.840282784370061 9.996803126392317 67.620316901800265 73.321057574130066 36.333656849455167 48.632022045045709 64.084448842045092 20.373789796322349 13.857059785994796 67.405311056372199 38.098697261850468 17.993548427767593 16.552948113551270 31.117786045642283 69.717299641845415 1.539732673554250 6.327414379085838 12.041238472811798 65.791503683020665 25.237060461142470 29.752734859833662 21.901859000484091 75.671107568915403 49.776183870283411 0.914711784030520 56.693078513706830 15.513117744309390 3.843239948461008 9.914644823799579 8.193860339815828 90.311518794675067 66.718336076490843 22.743086398786339 21.981015801999259 78.475676419326888 22.547644872893503 42.409128913303505 50.192513405669779 64.724324929527143 73.823895572811566 65.176152107326530 34.678940777792114 13.728599895251648 11.076007713622261 46.540558299468138 45.680503677404630 69.252532218582402 88.526104667109834 4.672081133671169 17.046444659961825 91.357951216535156 42.313305868441589 93.490700964689751 19.923786822798071 58.739167930209547 73.623483741208020 82.157705923081906 46.482764131048604 69.014580175920372 43.630466397839342 95.933632699893693 50.808749463269990 20.209875848797509 42.198883518336103 41.741277381915168 24.960496847253054 1.560939803428874 59.737291464736408 47.393322569798137 48.734477438839633 9.846944804807888 15.365449406712495 64.054067830217363 52.153721136571164 35.251844650100075 0.584353968513784 61.909549495065498 15.963933542746499 50.439971095796651 34.145576910369968 80.569127371611231 3.606200935334003 38.190550037538607 75.715434814475188 53.787591347498761 15.901932545269371 83.893305718446754 56.687746552789456 91.214138894525959 2.827211416330877 4.177505559578620 70.368767910691162 53.333220696504860 35.840967544775047 82.904461903888432 45.247911838712071
52.604658686360708 77.046422452410425 77.326010205395718 68.290331986060266 86.420991434867361 27.946251946802370 26.083603958905488 25.528263162403341 3.890604920850904 88.680878791710199 1.480712141703988 17.885442916921001 69.342774455507268 52.647136914805060 0.409044836820249 88.182600209820393 52.670057455221134 58.935966923212980 64.654315134674917 50.950514766375356 13.905961205044882 87.578264970220388 50.468163766706553 9.932215762614138 31.298619160067908 36.776001660747291 13.050005870378778 75.918754476083549 96.570518138132257 99.584657144738102 34.732835109656968 62.880673959150279 3.710058648096348 18.207740591894851 31.140824633057573 33.064792158113121 43.297129225387955 40.502555582602426 51.508813665358822 31.910136194218786 68.976196418223736 76.644231890457974 28.040946840967575 83.719040857970839 69.408493965457566 3.783012078471204 5.458590446594025 10.097492565205467 77.116886047062067 58.474629671583045 4.413111754508147 1.182447628518601 68.701045453666879 6.119242657012625 14.343266619905926 48.804417029270589 55.997254126950800 86.190008325803745 60.757671532760718 67.773832745205524 2.819846399255410 61.656180170941376 62.979902491137217 61.771494276962628 38.546973600220078 71.699943554681965 50.063783927296534 81.839204762879362 0.826919008216087 97.457701074135386 86.155376337417138 53.144571271928299 59.962821968421608 45.537507615797288 60.311049932838600 26.531330464260527 1.560939803428874 59.737291464736408 47.393322569798137 48.734477438839633 9.846944804807888 15.365449406712495 64.054067830217363 52.153721136571164 35.251844650100075 0.584353968513784 61.909549495065498 15.963933542746499 50.439971095796651 34.145576910369968 80.569127371611231 3.606200935334003 38.190550037538607 75.715434814475188 53.787591347498761 15.901932545269371 83.893305718446754 56.687746552789456 91.214138894525959 2.827211416330877 4.177505559578620 70.368767910691162 53.333220696504860 35.840967544775047 82.904461903888432 45.247911838712071 52.604658686360708 77.046422452410425 77.326010205395718 68.290331986060266 86.420991434867361 27.946251946802370 26.083603958905488 25.528263162403341 3.890604920850904 88.680878791710199 1.480712141703988 17.885442916921001 69.342774455507268 52.647136914805060 0.409044836820249 88.182600209820393 52.670057455221134 58.935966923212980 64.654315134674917 50.950514766375356 13.905961205044882 87.578264970220388 50.468163766706553 9.932215762614138 31.298619160067908 36.776001660747291 13.050005870378778 75.918754476083549 96.570518138132257 99.584657144738102 34.732835109656968 62.880673959150279 3.710058648096348 18.207740591894851 31.140824633057573 33.064792158113121 43.297129225387955 40.502555582602426 51.508813665358822 31.910136194218786 68.976196418223736 76.644231890457974 28.040946840967575 83.719040857970839 69.408493965457566 3.783012078471204 5.458590446594025 10.097492565205467 77.116886047062067 58.474629671583045 4.413111754508147 1.182447628518601 68.701045453666879 6.119242657012625 14.343266619905926 48.804417029270589 55.997254126950800 86.190008325803745 60.757671532760718 67.773832745205524 2.819846399255410 61.656180170941376 62.979902491137217 61.771494276962628 38.546973600220078 71.699943554681965 50.063783927296534 81.839204762879362 0.826919008216087 97.457701074135386 86.155376337417138 53.144571271928299 59.962821968421608 45.537507615797288 60.311049932838600 26.531330464260527 32.661165643994316 5.065848701009146 99.059522101225369 34.635910176434649 65.895536934687556 60.223108916636370 66.646047030652994 79.114698639710767 15.936380036173436 48.048206806288817 98.242360665286569 91.562393040855667 56.096248036230847 61.089610897888051 4.416951625998966 92.017495148330070 39.195777885319281 15.240392912191691
20.639486167228259 76.487718263840677 25.522768961607454 0.038747201313805 37.318939145117149 76.722028312139230 72.169764893497074 75.936128674050153 2.557664694657247 51.787359464332383 60.206218210869707 1.236637272998675 14.073170321399086 79.461020076903395 40.902671359106932 13.981139787400487 23.367588900553070 65.111055914639323 54.689791688597843 89.628189845202229 43.977460449117679 14.793000948093004 6.615503253095289 42.394994540646358 20.728945038052636 43.332742726349537 81.498583394219111 89.075558903986902 35.601337409554603 26.764601285076182 58.588096932876610 18.301316743772745 83.584484126001328 67.438880214847813 56.242150049296015 99.247406848752036 48.880515989681264 70.343403101843407 67.606751917937714 64.134656251521093 64.660132745019041 75.510949913633070 6.686460069171996 81.982505333496519 1.738374831907019 98.770034559503941 20.387674551105604 97.259930585879800 79.509012551858675 61.937807516322877 53.594060268134847 35.452009515108671 91.834613538001136 97.511007562301458 34.733354922503544 45.656887485751220 27.604383200462035 28.874879964074964 70.050926814414581 31.566988562597075 93.989362667696810 73.496065442362891 81.424062185554604 67.869622042439374 0.870770054723047 98.196249577911658 78.455311187686419 52.314748199630088 6.447782015952974 88.890588646169462 33.669835371373992 81.674877946581987 85.847558164602290 78.731922699073252 78.455311183940026 52.314748199630088 6.447782015952974 88.890588646169462 33.669835371373992 81.674877946581987 85.847558164602290 78.731922699073252 20.884362359653565 84.619985800256472 20.972762774037502 68.828570155708661 69.103341438476036 69.782641615586741 31.053044390373742 65.364221585377607 60.757820093390016 63.953562228788883 12.966162163883588 72.769131652776821 93.397469546853230 37.377217126015239 89.016304135156176 40.557014329910437 63.953562228788883 12.966162163883588 72.769131652776821 93.397469546853230 37.377217126015239 89.016304135156176 40.557014329910437 10.583726545431372 96.457147249567882 69.728598196880228 10.534288099031674 30.792141741529189 76.377936858028136 20.974643560557148 28.069634182472424 43.141230688661182 22.228270883821889 20.455292910273570 87.859089188085008 90.327595653941387 72.077237692741136 66.837570974798624 41.041425000823970 14.554010766865167 76.669372508844972 28.442603475573002 32.672209025649920 52.407255112213178 20.517656698891372 38.769946270463699 37.393164955836312 46.575028716205821 76.757411528389667 23.210156582460208 79.235003896005736 89.392687598142331 54.144167850438272 8.974380944375437 86.604928913098817 39.714696424658271 51.735278465408683 64.495894340642991 75.382159993081402 79.830156384641356 6.301424284885515 42.863404860755729 34.614410396280348 2.860641035490930 11.951859393926135 19.599268712585715 76.015065915850087 20.794446680579291 9.517520522779899 79.902875548666700 1.904440285399056 30.712611753449039 90.356449637723287 82.801432219562258 56.365916059035825 92.763059402808608 64.960127734607369 58.352473016779925 69.903093574338939 27.866994657798895 2.667305031186873 82.315962179216626 45.536368683739894 29.743792298335194 91.320397929504324 39.227697608217191 68.450879155743138 43.035036119422521 59.408375311866614 43.106299913451686 36.989297053271095 58.065104007774337 16.727170555112259 71.809384710686530 41.000378880113594 79.053416519409964 47.194163831804673 22.406740616852240 7.967351877199524 18.175968021835530 62.877975942173222 62.166074474495645 21.958493586770079 69.638302964069823 31.513233730521662 10.053576217731031 86.867905190488429 0.580087560228126 38.917404140935886 47.898396680980547 60.092420985467584 75.283366454248096 61.291608151707322 13.418949253332602 24.078281164230475 63.949335335402580 48.047172302178673 50.445000878903713
71.383833224486565 63.849484341327333 1.851669653774979 31.535787766925573 47.379893480027214 86.100084371873592 71.909343978096416 37.802623473881738 13.396603002544294 19.074930351410067 44.447397081717440 80.686705551585689 66.041081109245141 10.684784806749292 28.516679285377677 79.756383763420772 21.470393776853502 81.266876992888314 48.395353544244955 25.239439188090572 28.395531136218910 87.499631433526076 73.340759388960976 34.814276784990419 87.775476216006439 99.069233082669484 55.542873670874052 84.307408829810186 11.494660170300241 10.090145147251350 27.572608703747971 68.263063550937630 30.135740282106216 89.063850543078331 76.610992809338569 63.250682282306350 27.413389275163336 76.594973835033628 48.281959177183474 66.439898921567334 3.362695267749449 17.375765021186130 62.420808476447242 12.390861491974848 79.712290162597483 38.701302941030256 1.495654845840866 52.645444593721535 40.205435713178240 51.805025878103727 56.835851641396630 33.851404812147322 52.569811349513671 49.546583836579082 85.203013540146912 29.471053496071566 37.712362263311825 10.983538933429216 13.996059540302719 83.636584571626429 10.420495663045038 58.049813926351803 72.921956622836348 39.958727830830107 36.136342575195570 15.312164240552384 46.364574522211257 92.411079097542299 82.746574127970803 59.565009858888729 23.521092074453087 10.510889870759666 71.406873227717185 16.575875895249446 53.269085434238129 58.850588219900501 79.047865720695583 34.371124571905789 86.224252495610472 30.069692695118544 76.906448225844457 26.030208771802144 39.240969323969786 60.584387312982834 61.878708352187196 47.190529466836452 20.679009841979479 31.176341201498893 70.416808086055838 64.912611033734024 82.938174759971503 45.516136478817913 62.622683537114121 70.557586287840849 93.908667315982896 83.400424785177677 96.625745098849208 69.530127720976878 78.178845419900014 18.695365431902310 69.980748826477722 90.619289545187982 93.836984670373212 46.978835269899264 59.516855827583228 50.167247632685239 87.175065052000420 29.510971721001631 62.300630773047097 5.041626217037265 84.957770095883077 15.139390096451578 91.785090932389750 44.054189043314153 23.444162873769557 80.850914147372578 10.280050489219249 83.794827336015558 86.948718894881281 28.351802868278831 90.601279482350279 71.984914009976748 92.373818063345894 43.621602607008015 91.973082586245397 28.023440222184114 97.112075554135700 95.467367551244223 23.753999256568857 95.310584890251789 90.903127617035594 90.095870377109577 81.673345371087720 2.440315239080082 61.532558514413495 33.348729613826897 45.733700949728728 9.375997988798801 31.817846298197583 27.495574297649249 86.990150674674808 10.828510419528891 63.177691628236467 88.674492325828723 67.044700290783396 3.165499956488471 4.136240070101305 97.950209837652849 94.162224915949508 74.117839602778730 70.560473361048636 8.031590628250330 65.742762234821882 91.130478493098323 33.800564018327492 67.819493074480221 48.953147210322435 18.868677372391186 82.982566669843720 66.263764166608411 46.189369631068274 83.434883348058861 41.385575566408782 59.642052168743334 0.080830784518160 25.944687189081208 59.328730999068533 48.452496827359582 29.520234090351206 49.125308467821569 1.412602953845199 65.924883999973630 45.685665332605865 62.631947763223828 78.570726956946743 50.922161487455483 25.974481417611106 82.018314428565319 91.590427982894141 25.763087232858872 80.761313310835988 72.336376387613626 3.401882923902966 53.382999688244560 26.881489339467947 67.085506969914448 86.931247759575911 7.572894116919637 88.558019504575583 14.521547011926760 39.249063692984556 31.874668321182796 87.146326610706140 17.690021974422677 62.588005595731275 78.362484855136714 46.151866598351766 94.102176250821614 70.593283322587581 50.056189214889770
40.946555948059938 12.663915063182118 18.577010975817032 20.774790691146428 57.129898844294210 31.840258514331843 3.265135163609423 40.789087127437050 18.665938790882354 76.623501352556730 97.859160363624781 7.850671523814556 96.378417014039584 38.611867961253921 34.252428219688980 82.568509836160615 76.946240050515740 48.916234984689325 4.684131829596394 38.833622773131815 48.212136154771848 64.663472260878109 9.135555002896378 1.514921934349112 65.431569248876812 36.338649362712204 30.781259894659343 26.989047908782837 78.728145750076138 73.072064751573436 89.356038708658744 76.242010726276732 62.200185956742452 9.462747637189150 37.642647986116550 15.887422287829056 40.110078805320285 16.193897153718552 94.476582461679612 74.015117478665687 41.860491553941692 63.801487139858835 14.558017828616677 58.557820890497567 51.555781609462429 15.079175188614558 89.627453109692951 90.550600663765550 7.393434418033118 4.063630528785723 81.327012804288870 78.229857165922084 88.247997826157132 55.983975371981920 68.112700115929570 33.550810030596224 18.849611543706423 20.436680570269072 43.669303578516285 30.114070443805641 23.333299756313519 32.207753388413174 48.184783438305921 89.208439484065252 42.917260010950876 52.932740927201536 41.721574262102088 11.013221722640454 93.680258585744653 34.709674948121595 15.977258071366885 55.561307479302812 37.620439527548868 79.280123236927309 79.560376215008233 76.115784565967488 59.130436243557071 84.410573858669821 57.220824372739983 5.909768902400769 43.347286080301586 62.343137068374787 22.342966493144310 24.153159070757034 29.081136793263074 15.672296113795525 61.046279622511335 27.876294813876722 96.248570579438422 21.977436093828771 79.862482265701402 74.283799354425042 82.967893204915981 87.300999435868448 65.162909095148251 45.146787474119023 0.851630672948134 74.469388955210221 15.139076041433441 76.498180746760752 75.914482954103462 26.144013145865664 79.671248010803026 61.205086450210707 26.704578042201245 47.666394771211984 74.851728029818048 38.750837396669212 80.842698554871902 54.439584939113082 84.317903436457399 82.947838942506891 33.627923578254624 31.804827653030099 98.653935829143080 93.764692560769902 17.622543882019858 91.694544576193564 18.157043221572287 8.847976714995953 91.916510970331998 60.448106853072481 15.116900269699073 80.766206593080994 29.833142443614268 76.353160248405530 82.675706604865667 7.716923193666680 94.662116542312432 19.036270052304040 97.798171843477647 53.213066169890958 90.365790738715930 39.335418288656811 89.826950016489121 3.725263010437563 21.217041144423675 77.512432954528620 31.182059257886607 43.644534389897274 66.763087764799224 51.930029435161437 42.373639915331296 22.891351014372642 55.123256035716338 31.924665880676528 71.691762235573862 99.863746117336234 78.650546753549207 45.081461767102560 65.205792487012900 57.465360529986690 72.206671257804800 2.945957238782215 44.975506205769221 8.233658748872596 68.736795295747129 74.407500376433475 98.605496479549288 37.302361166326236 13.240120643385156 31.279002996255802 12.661819075317782 10.578663276737476 30.700236838080798 54.304628792137102 13.832682797581297 86.260453462533121 75.066121956419380 44.566861570158288 75.993897869132269 90.207222003343915 12.883646370703161 21.200290659619391 28.624296952199423 73.083639793162291 58.542808217703843 3.294173128890954 32.968992074127236 10.808794365173924 88.966239645623219 15.891860791992984 81.978311463989925 56.863316553036249 42.999968502492202 52.797540126618649 19.895719627754538 53.865139893952218 89.680503159239521 74.514011680425881 38.391399992717481 19.862889778185433 53.849254369329437 76.407227170716880 10.131960587817479 9.032563627347246 20.896343977678256 47.696615711499021 89.406132862727048 65.411547319167852
33.308794638334227 42.768089362592178 53.201433897538323 5.783779024899660 32.740647596565097 5.087890175785348 46.645035550215916 43.788126033518559 39.383147937347914 28.561856763269088 71.963276050369345 95.343380170311477 10.792414035180053 13.001484307230593 48.226726532082665 12.267605000509818 52.779499216397809 69.017165839131735 37.659894732661336 77.328652976041639 8.542054835449065 66.874669695853967 48.079201852723621 22.601399266037781 72.843723432991908 45.852671828420789 72.136581066675504 17.532671320243697 40.378152368416465 96.318421380494158 65.611120307573557 46.211878534073115 70.419822602613692 21.617618424601847 35.024991073011961 98.252225109328521 26.751146171891261 3.219977997139734 19.975011096895980 89.781989229142710 4.419617095700024 73.674300352697841 33.507452767822308 0.449842969615699 52.475843352239750 37.837007672209090 12.009079174617421 47.308829784019515 87.037445848506010 5.740267180627113 26.381325370798404 16.845965493032633 79.674375852097739 44.513785689701088 98.501831509772060 61.877672879737332 8.590058724926275 78.029574473795421 59.687138370613233 92.243963424435080 96.077277580931607 61.933062349479407 77.832681450626467 91.959859606234858 71.467329072048457 93.824690620990253 80.989095506211768 2.257198644692759 20.958507184415932 46.296275624367269 49.424471021103308 80.247481570282687 39.012482291988313 92.202161302128303 76.339266542827573 85.990409805289076 84.282115210188309 13.838849664785723 36.080352624997147 73.388295666690865 78.163834950586889 52.066675694232565 6.583595413119159 26.146011339966378 33.597947625857039 98.564615011383580 91.988545699049752 98.440451420298388 97.631384379360995 48.379859316400911 74.823872205937491 52.832124951522673 27.080567625405649 93.889509320430648 85.507321281919133 72.951631224389530 58.433739453857378 20.404703731937357 36.358844542708013 8.983664543522007 99.011471776892108 83.648859833064535 31.553470914788683 59.709780526774161 40.368838418801410 29.189087561114246 43.487178847325694 67.373721179550955 15.399188522763364 48.759569649790322 80.689010611083418 84.276279301527950 11.038088489576159 55.948658417571053 40.459717904053193 7.611122874768672 26.050419758727948 74.194541012161935 19.138635116604121 37.386149093969323 47.234122002698321 53.074825658230097 31.591044611483234 38.989722710078510 57.758451498547828 61.191197319347523 16.376253677186092 1.359150684064114 30.255053313417090 76.271634375175751 69.037052075473397 78.495569296677587 90.094671237522860 10.768091241106470 7.243571278568495 16.582410593844511 40.825659005300032 24.738918555273859 90.232939399492011 59.234832425881500 77.108128928994702 10.637761543677337 8.934766032054986 67.088438814190454 4.439195651511685 11.277165878420492 49.356416503098288 21.582730596876530 25.989760364252923 99.012632135020667 48.430540764937511 77.435758302041023 33.686228565002693 41.679219797435096 47.583139168335386 75.831933677582981 58.892438299331964 74.495098136491606 75.230551386921348 91.470712853614046 63.569114828156629 37.287844548198322 26.624088069855389 31.963842076281214 95.253675155698474 31.569583350880571 74.949892306774473 90.568447780239183 68.347414942973259 51.072015722845634 1.278313533779607 3.796033499535401 38.788595981488982 91.554763826250834 98.405360221681164 8.992218719789523 86.874132810575418 70.518525877133854 10.061520192230656 42.834969384946731 27.888771263055922 30.639147305040581 10.056534697729392 34.394590023907142 46.704336848880359 11.095584530159231 92.714234093609321 62.119702325756961 13.971915868307915 58.419018792843993 30.573362331957032 71.058026444749402 94.277834604000120 85.747786101091194 93.610611203599149 61.368857244888119 98.815270488207219 32.143012759293718 90.426518270264623 53.530195746066198
96.918185216365345 74.471136851112192 31.800136574037531 59.530961183130060 30.047481251474739 33.259413070268572 57.738461658893215 30.726886808272557 79.868957744968924 13.157878615663499 2.071425642865277 83.354324492704876 65.462947633580853 24.515270135431109 52.510518700312545 97.615773425456211 42.712459613892321 18.167002400887156 89.442401065506658 26.000757540246376 65.776867635116446 16.723201524838327 84.020156995059125 53.658328971822868 72.560765687013145 49.022849625356343 84.584921632981818 8.783183171391130 99.814346842576995 68.137091866439917 35.470935591361211 51.931877996781260 45.635829717442320 59.055235176501483 31.110778435375330 22.510939656296578 51.102436181645075 21.032110448930887 79.670108844521195 77.732215813426166 37.465205236166632 93.517826202740224 75.316505395988600 80.558275375677439 63.615028622343360 5.684778904086906 4.131134828125338 97.310166187666240 95.682834126956934 29.007510407076065 11.853310332325018 71.144137003514516 59.154441357020637 11.848263419373117 95.310844490152562 21.985074232065273 71.550891208598401 17.829108183431874 55.733480160695990 14.890403570335609 36.281964079829287 22.911933570662558 23.742777806565329 33.245850863389137 14.828846455349186 69.660879852609952 48.565246317393274 67.716866887643278 48.524731732837544 67.985107579192771 80.754899544009447 1.920752946278559 14.393069274799819 41.523035047091064 87.402436655177624 65.038470939840082 90.897537646002121 9.653674363460329 69.080948305264485 47.543408503067205 41.606275081221924 45.535421983425486 25.843684383022424 62.579702558312853 55.224321959073684 48.352808920883781 58.603312680263272 38.082936552491454 19.777597840439643 99.860178585286874 67.105790743560064 13.526454364717077 95.348315388826720 79.667309746904579 89.531937674935875 1.517388810579645 30.853152660188698 30.603191691500154 20.774683321431976 25.487255552863331 78.905050714011168 30.669748660778794 26.081650085740804 19.655648118577538 40.354210836008207 68.017344354918109 11.004284034720635 86.658896275827530 91.506340770236775 98.572136662126141 27.118754382298739 44.882510404059936 71.265183921080393 33.695448150176020 34.957440222458878 12.490540815591689 35.381718478746073 5.138408517761461 76.740089834967236 93.130930235794125 54.316194961041433 15.844386739846939 38.889481645396692 47.226622179672930 75.887160101159566 89.344798225047711 55.500196335517579 95.102608217876607 21.634827779214806 57.157949077542249 37.616474939504585 43.066732624033179 92.058383296620903 82.124801160840164 19.804617831243597 68.964654782963606 95.832050152560072 74.219895087069418 20.213605408902424 99.635909233466052 7.887036201197295 55.829020631043328 42.556724374999078 71.910984474069124 75.981282779973938 16.467404565197906 44.691849527887662 48.412817546260314 85.533084935883409 6.312774231480500 66.869189034827443 20.796381531542330 86.433481239923040 59.614896806153119 42.669472121031681 83.541344094921854 41.262826531084663 80.441637580603228 32.755955666284230 80.961220884013699 60.620392871076177 74.706353815875644 86.586634571479195 38.954099885092518 62.414162268117146 39.170371562395388 10.854699904735366 65.509669206168525 35.074330261982759 30.588947560013146 37.576394664456622 10.780342919888408 29.729005941759478 54.276364653617748 16.378974197687533 2.735868986139467 2.095984870147605 76.048604121415636 85.323362444606815 82.507512814321686 34.870710818763705 86.136204041960283 11.183397821150221 82.979403670870795 42.529408225970691 77.027332910398883 91.141836641449586 66.326270401177055 94.511046677080500 95.742440047304882 2.811611651659363 37.583936170360964 95.422848303841462 23.373147256787806 0.725071567016167 39.758352588056056 52.431038020092700 88.206643137874238 84.978722707265860 44.203931950204577
66.050733205913247 19.470903482124235 30.807607796483229 75.289092340001801 71.890848768503318 54.895557881178902 96.128426541400700 52.746635269663422 6.256312429775857 69.639186516209364 98.262447083865268 79.517394818446377 85.979174791046603 20.349688207989647 94.269787480130660 55.592520660848542 93.060869533921604 5.245058906511401 1.368527975285505 42.081938241187245 86.674913565306312 0.919531050183042 91.562863898632671 21.719237371658838 9.609602601895784 13.134098515684078 70.492528907176734 56.988393131077544 94.314513924364960 60.740659681663608 21.687631268565475 93.060869533921604 5.245058906511401 1.368527975285505 42.081938241187245 86.674913565306312 0.919531050183042 91.562863898632671 21.719237371658838 9.609602601895784 13.134098515684078 70.492528907176734 56.988393131077544 94.314513924364960 60.740659681663608 21.687631268565475 58.971410840092787 60.325423365923669 73.711915546552916 10.562495848876075 97.400344320249388 38.003631204168720 79.140313102450619 80.540653404535092 75.449946634458314 70.631268343349177 54.174605796168393 21.989924638110246 7.813988260471227 63.431111875392432 16.668857471585973 49.475740847797965 91.784646932399383 27.798072560816721 41.537146541092852 46.929409743234231 16.338861786513569 28.145330572545014 43.601966456676863 43.222320988811028 82.589110654517270 75.795842745143176 92.549438912726586 96.155801499030630 47.351297158934244 64.506286179084654 25.282639097970062 99.127866220513354 91.628361644292838 14.213851131772570 42.335550775895960 10.205657695371295 95.728354102430188 92.642671312680221 92.795020975969379 12.931324391519993 63.584520141180448 35.204690105753834 23.959612439466483 45.262781585187064 83.624140386742425 95.031977829579901 81.429426757399384 79.621780870059780 58.790882682815926 1.047796723952477 26.022411464039962 27.536837828782211 79.868383357580441 26.892326851355406 48.644679458712211 36.371519839150935 45.395651649750015 26.599651661110681 45.658257911077236 20.242813823631643 27.782667200547774 60.264143387017143 80.698159350764925 88.864123515889574 14.752490854059719 82.735952111115679 62.836114788570505 20.747608259050164 73.376092791166613 92.716256169726890 35.097039074205348 61.211253262831256 11.207886929960853 26.192332505523343 24.478062305863645 93.733636344794718 17.803544475981059 70.157960620780344 23.446417150014277 44.750210034992598 50.384994347390254 39.435030431785059 80.827590504636774 59.189137491828788 56.753895655514519 84.112127549786976 19.859751217826162 7.972280422992672 3.231487400192468 69.904734212118044 37.754720096588414 54.242909759303082 46.365078675125204 84.425792607994509 77.465519916035561 0.222635596862786 21.265222253383342 2.622486848429961 7.422408999504237 44.591752441409668 32.032025241586005 24.624798503343015 46.457198644589937 98.623531343601655 30.111415700751731 31.588518841556102 32.868422153704060 81.887597209348144 30.271731801341872 81.163380323044137 76.992900205961007 17.115981486116915 40.207738744340780 11.934267591171499 63.547408030851216 70.889042932888984 68.348539762467539 22.607734943365543 38.747000319220724 80.658509625854009 90.040102960204564 40.333445124666113 93.261471900212968 93.076987720544082 99.396979116910558 24.346629896869942 94.906088616500725 45.410871121330722 21.432343449674342 67.319730317665673 68.214814926426868 70.306877518699991 22.469647740924948 6.400807748318571 50.386394668935338 21.190898062555895 21.906614446823248 19.811329123077936 53.912398299635235 46.323352797797668 50.334853738874038 43.648191532935101 25.788712927874137 66.632855306012289 62.309740431294379 66.170695229775461 56.598710431469634 24.858295375850847 93.551680526194900 88.905454078247288 80.897117565063724 74.650979127852452 37.596962659216103 91.315159259080346
84.965320180587057 29.879256467715077 28.595217605286237 11.015836589416960 20.105944441597178 22.046703962588509 73.894727911183409 69.801248465785420 56.097587607070508 25.069166596032677 41.503219107024073 85.811917381030170 28.091599749379892 9.427158078826015 92.814978701773015 99.999216135081781 60.921676690667439 93.977351983160290 88.781126973128863 38.606255860887593 18.726878086085275 11.311442025827990 24.862132763255996 76.363621175630385 3.545520624080423 45.509353689118427 18.995226238524875 87.227415984102393 99.617931129125353 19.917984987061963 28.061635789390827 67.689161701247784 70.000063307928286 22.784790019661227 32.705753009946811 34.770776841034511 73.200185799351374 82.956852403287058 37.001851076492301 66.816987676961773 17.043162659654897 29.177768171737650 96.975007121255061 7.681603440551532 21.928831245832004 75.865767391821990 0.051840773201484 98.202659057204656 63.287721318776299 92.241300283076498 20.903337448869607 32.032025241586005 24.624798503343015 46.457198644589937 98.623531343601655 30.111415700751731 31.588518841556102 32.868422153704060 81.887597209348144 30.271731801341872 81.163380323044137 76.992900205961007 17.115981486116915 40.207738744340780 11.934267591171499 63.547408030851216 70.889042932888984 68.348539762467539 22.607734943365543 38.747000319220724 80.658509625854009 90.040102960204564 8.794184164414965 21.813653660237996 53.055802946238771 5.794305154170775 38.073754662632531 41.498147780901604 9.153729763554640 18.391465108922802 89.154589647103037 87.144202491908089 42.551469449107181 45.451624107090772 88.237697733643799 69.930425308007145 28.325800293375959 74.872274417289759 99.148523952892660 48.986338264054162 92.991158865720692 89.913762156253753 11.696064324891131 26.694113520955387 99.912961169683115 47.011672664077395 66.426068429462788 51.547362690415788 15.187010080830865 73.912118450251086 45.859360047572132 7.611112169435330 57.407362839747996 63.500384183212844 31.151835653848980 78.422891913398331 74.658316901566650 65.468836497121885 98.936165232716760 73.587450863932872 45.847185543938139 2.101961917605166 82.615862365091559 68.504931517154233 50.266377831495120 46.781707424110955 69.790238093425316 57.632762236745393 36.707853928645896 89.626065368902687 31.852867852667298 3.911298261980045 25.351170711695836 80.518552957543804 56.862746707583135 67.936013186373174 43.390724674116157 58.578554480686599 15.908461130646035 42.779959837927386 3.051708338183146 25.811787390339880 3.902187314815631 32.354256734466567 51.611969409039546 43.520570054832177 35.915333320993511 71.531212124677111 26.994621360514181 53.465649351678344 27.718945144760333 56.860635034634143 74.585476481707147 66.307455538538093 94.773760248727029 21.650130464606431 87.696773749757085 0.514957105755254 25.481569247247915 80.672203882131726 68.775154748648575 88.757431887254526 69.337828302469745 51.216954917926380 64.996858356277656 89.785836063558662 43.626189992487653 67.882927837093163 15.157631395658889 58.009950420114912 40.351437336691085 33.818687689939694 25.499731739020383 30.932231852796821 2.506252959883459 56.329148743135782 20.147062114496084 71.397036249028361 12.231772312953005 8.899681576284490 96.405570964633611 85.568194399566238 65.744635115931416 62.552851692653796 77.766193571371488 38.340940926347223 97.866501134416282 35.755133619172831 54.540628839374108 92.673433163135286 30.421080803119903 14.959858190855957 66.578688348513722 58.150306196445399 96.525517243189668 77.273567241685157 53.575189652297773 88.916833537941272 24.185629054181135 83.693367121454656 86.674827117891695 64.949389700364407 10.435525446752724 21.971462856638425 19.467246627888603 29.474535317686300 28.365506802654629 41.373669293190027 65.612468175000771 11.291527782589117
47.659377290110370 32.365560979359543 4.479260835547871 30.377856644878808 14.278172500784802 78.182812587137335 9.119362675271459 62.250097513871253 14.242752016608007 28.247960760437742 17.394233338113828 14.339405935751049 38.701885218535011 91.698614505849662 10.768290156575999 73.814124759530472 96.816480734281043 94.477332185089992 90.420315182616918 49.401441128449250 24.759706042510665 71.739208357554801 33.225094242430330 76.967721414360852 69.625967977736110 16.857828532559594 36.152387816479646 99.543012065930640 61.196884091433169 76.878627575244352 36.775764252301812 60.261895076117270 54.747277144665830 12.496522935982945 19.244842001902107 34.036817196143453 43.424578286197757 13.339149265008487 98.144541718553285 40.870301350562521 37.404119001317824 11.071575880254159 63.636197029138472 44.428144176668262 49.828402845289062 10.760143432499781 88.801052756408879 11.206311946863490 56.368671614562885 93.251772943741500 74.573447190367304 75.966651077562133 71.288908063032991 64.728029628574461 87.537192314548378 61.002640967870768 50.969398313587014 76.814752874149150 97.270308890536697 70.057011806580576 75.205222548389784 70.583651283901389 1.385412097107064 37.275295851746506 37.492345919747073 74.789005246258412 31.718884617379207 81.565541265139188 71.995101590764094 57.019126635082188 82.250961071374803 45.162533242854686 13.878593798588101 16.100793973582118 97.043046966960233 73.615960504223708 29.619115558031606 78.496942861398978 89.117236743599705 91.836811298646523 24.511384534328140 40.096102801996217 4.802150861813281 23.136319043095000 10.549678799589991 35.029178272822556 43.447948740122790 49.993143305403585 99.743342185134338 34.954868124891277 28.069682774272721 41.403232472253528 90.680546601725524 68.289704508967858 29.034627633284103 99.656834847437906 52.964846853172965 33.193775326116047 97.790250931801111 64.553882232502517 97.994040704252555 81.954589896811029 62.170724277305467 83.262586460473031 37.558648870118027 80.129349482012870 80.132669549092725 89.026693703662247 16.979377888980075 85.713508748570163 75.662757941277476 92.762638599949881 97.950934487049039 24.808397718283850 75.207272531016315 81.637659664432576 71.597268524160341 11.867918877563600 66.525518870344484 71.277811742775597 62.606452627984424 83.243798964131884 86.514502890483584 52.458093568073373 43.724725523588106 79.212060372006192 57.371324678525561 28.468004893044462 58.928428921048670 28.104982601645389 42.268942011697149 97.502938638247642 11.079685691764196 45.108160970161691 55.383132581680869 0.425193333151008 62.845900246378129 73.184469072377837 2.692350309644398 39.254300791427902 37.994026424608244 27.618163213380942 74.116958469659409 31.405247945419578 22.427771063144096 92.007032538815025 96.013574989249491 52.990963041183583 44.988286500972677 97.384144885733633 66.515700662113304 54.244468905629859 10.233508850840934 8.826275540364792 82.953391263727923 88.740640701050026 29.244935361830894 80.142864435099952 28.892026104400159 95.633432002623991 34.032801769135347 67.797955524593618 57.910884038396325 37.156414293132976 58.249231059756731 0.554950123999332 16.268030683632816 25.648776740106172 32.906066883150878 17.955852484460866 35.811063505217788 35.282508038722796 8.211176201379978 38.654810221362531 20.641495923525266 66.118796689368082 41.359295315497370 23.585426604604855 10.023752848365653 84.359930011397935 9.899719747214085 31.316767113452737 21.078045172127592 82.866589171992771 43.821151331477878 48.731256984735957 49.769095013821854 79.508655501254779 35.507104421536383 67.919583168749298 60.996038301660462 9.600147037750705 82.051530883921387 64.486570329749327 46.999279834657592 36.653346736657674 6.287840656491239 57.390478226727595 59.872646505808582 31.646671169145169
85.974032508167895 40.496537299767034 88.639551047503147 96.793820942678224 21.617672103422269 76.131510366654325 47.478149046045857 49.505942047697438 29.171083733981472 28.357851800894164 72.499129565538425 56.600907192846471 2.909231467795281 78.935115084995687 49.996262857424810 8.787759923910365 43.622160508816229 26.796860548291633 13.551758501833945 3.232373125427623 9.732970445488453 30.298978215426111 38.055318137377860 53.281588510191277 84.693609734983369 12.088125298773322 67.146138157962724 66.103978507056894 65.568944989902462 81.223331712177639 13.435171883005292 25.204325036917474 11.063897491381935 25.966190745908669 7.679523148193801 1.241503227126839 55.250164995994503 51.008284346113399 34.949336116195774 25.800710277372129 15.257306514664604 26.961103865512605 54.917275000078426 20.685738160548773 93.953078230408579 60.308339577034801 43.622490434546265 91.935821562540369 8.910735303712237 55.784465590459952 8.827754708926605 24.870347698386741 16.069803897357847 41.374749928200416 92.648175204788814 34.392323518651558 95.219671808520715 2.914015931631175 7.828737760151439 53.172515015285882 50.095005478031716 24.066889383648395 16.428183574378785 94.014251939826693 2.430105959797801 22.509263406822289 94.871621325389810 69.856377202937139 19.600702106318913 48.319844572743975 41.998709874370540 83.701783736182648 79.633235110230942 92.174648512109101 27.660812831538095 96.718636317931114 0.858027524512694 65.877108533759426 96.591717080055020 2.536266283241750 82.931854239730825 96.886523121619589 22.519651757612891 43.213242930082288 94.936976217032907 57.310528887184866 10.209078346157929 89.504760737578493 73.170166939280875 81.313697954622029 5.162480972693717 59.707282689778673 69.598055058766931 51.412841787491359 3.623129160636940 60.323687461423468 41.494060533056874 30.073404192481046 64.905587297933465 91.715309275748197 24.058349401545399 37.530161098938578 76.079691324687715 63.601146093238668 30.039694038981899 44.334808139272155 91.765171140433850 56.303474035610357 5.997389380616980 12.858425913420813 51.110397603387661 37.014121315021278 50.676624202767108 29.417068976858239 36.765181458531337 5.182285210734694 91.391141856697274 83.961711449739838 16.193475800144842 46.087957499204315 85.364777207010405 15.975401018520463 24.639357574195852 32.101269106916462 92.960522461918842 34.930982888408991 98.885400100049651 65.650549328273186 25.686335060322218 62.767181484627258 58.818911708341346 44.876445885394389 22.416550410286472 3.466638778815334 6.986574473401785 85.783783693995602 83.296198927920855 77.826731278319187 37.592544092042260 44.195657640587449 54.963396664831286 68.605271266732146 15.384928953105225 91.813171034136516 53.390455047864208 5.885203495166802 91.749803475922107 46.401007099834281 53.961516264557538 45.964292884690337 90.546587445737487 27.227890147301835 31.099625475633530 99.771311116082515 91.902690145424643 59.177310977533423 16.417884325851549 50.815750308157035 3.333512318412057 25.138336913032045 15.065373455656516 20.822364182496411 25.260192124043801 3.549929917792594 34.951967511353857 25.842199354586491 18.139494933316413 77.185897050333267 17.323367481547592 56.648119990966094 78.366157189118951 13.036846750401788 9.161128767041660 73.799244044690425 23.873357512763182 1.444107131606009 93.695965740661720 5.613942368418079 96.344075631667053 18.542978390534849 51.024960506728142 24.772140812237410 16.655627379295922 57.347490085322960 42.803915562295280 37.140590974100093 61.717967137958894 62.277013671537148 7.592757393990213 72.459787405531102 5.764585525650712 70.457704431223007 6.852222760203008 70.189428089324764 27.013715311415474 79.564896218737445 61.453418873208420 32.006627913220917 69.324986459192289 50.947509179525952
75.263265986746646 80.847716625705445 76.681396430669565 83.228853537061326 80.706856812026814 59.921781042635658 27.464533793550018 49.981277824104232 66.917018882440544 46.891118777493226 72.908713512958599 24.556771249404509 44.557978205815097 80.635202532616887 16.329514026275525 97.065666987712646 83.498366245767627 90.975995540078173 37.179065834490430 78.334999611754483 39.911633813149152 10.681583835438435 38.978644019910980 74.753897242421303 62.373049424316420 2.409955492228122 75.648697776921978 82.501072649791823 43.338942845452543 64.354352509850813 45.313100617136939 49.565262622783003 73.024159151880895 60.944929163007068 98.616111206439754 42.079026980290912 47.961830019412574 16.968229316340800 1.886689980987222 85.022277933376628 80.511418670521778 36.358736431684491 50.379217187085978 9.339810182461372 95.612525864429657 20.437856036063828 63.025627825571704 12.847016543811229 87.561204814459444 85.212611906573017 11.197146495582688 62.512240766168780 35.012933717640657 25.245176132167678 9.164320289478834 2.976729026206881 50.120011511303716 28.484903272568040 87.989957041089184 46.676375033214569 81.471299714962683 40.645342686374953 98.742158586252131 50.185047747424626 87.215055061690705 2.026289421563554 44.983438785319066 27.162658162362575 95.407503527366600 34.484245457180883 51.362218669872860 86.741701283404467 3.629285204895494 74.755456217182470 14.613035241324079 1.894096540835211 23.283015434463593 53.144490398398801 55.931441666400318 85.378957669732188 22.931340977659033 5.731605692888342 93.504699075482293 36.688624978335618 65.620623926271364 56.076115118185257 74.682323541113618 67.347200283489300 85.017704053002490 80.715979513866159 6.679040949288439 72.193677496452779 59.563004377079011 80.718619646847273 79.263484252737612 25.741248291470775 27.124527029684742 1.950683891086136 76.453996410971811 61.754854278707072 66.996639269874777 50.893495825482063 6.978805447093595 91.338132634954022 86.832921988669483 82.629489664523120 41.123391859860448 77.874959647299875 79.000512748401093 45.947272568954524 74.191052056324054 71.948877629463155 91.591398825673210 56.937559502150478 89.808402928225235 45.641251092291370 57.951109683579872 14.010021633026980 38.012236212124371 94.150207890547193 17.709255030236516 13.529264280143959 35.234960057641175 53.936921700972441 30.915182065635815 18.075651083187672 81.253182993659223 63.304474982877665 93.659506540992595 30.543837789742444 10.965826580181815 72.594279098585559 32.942932884121930 51.865427119364206 96.430774626707588 3.364583246293318 31.177091378027445 58.942963488460535 84.256232692882662 62.066664408244719 56.332197684925248 54.805959961541362 58.106628046981513 16.026689111398795 57.882025642711540 91.946256207732674 95.661596246469074 10.780380953537861 24.211070577162108 92.341489559057052 94.900960073408996 17.013078705172180 98.027145451159654 10.315248904578855 34.519387176439068 96.692863641158596 26.990143419362223 63.508616499966678 69.956783178175854 98.554635729327714 52.150504131662444 77.560669634777597 91.499726119370891 65.551294923047564 94.450406788233494 65.910610059644142 34.271454850038438 49.726193172430619 79.120531739376517 72.192701753214834 32.172468513080489 84.466758609498271 65.087293477185639 38.641125827953601 60.963901169389125 13.575496067032045 51.943337135371323 35.256328955604822 59.422401009922311 49.952429714666081 32.605364094555313 44.444297153711574 90.725997037593885 78.337993865757525 21.811055618277852 90.882658114763160 60.797323762308217 76.675610090023795 64.201710136227618 63.528433899829814 26.827139315190440 9.168256280543652 13.249975784698364 27.546275127838229 69.734549558919127 80.173666570658895 12.931610180533614 85.365986297293048 44.676395319268636 91.422733615627905
93.500138842877348 46.486283169482064 52.854284845538977 38.602668625403759 50.119486815741823 80.096350412163602 87.153565667634197 45.536808417269803 12.569185300442086 84.555589162738414 60.881211421578996 87.849510671896923 57.074129963083223 44.983406884004964 66.647749092299065 61.472139358418751 32.519056666809746 70.082882554098830 11.964031896959348 17.049022304621641 33.625356271385833 96.292548877292774 6.021507215163401 49.557972505455048 60.413658607493495 44.837867377088124 57.454759462582437 94.296860249441323 38.693266008661467 62.472705878578914 21.613810765062212 24.057596218539512 37.745340109324843 2.450265263717399 51.159256666886819 75.790366528460609 82.718005789662143 89.915743956763379 57.884492828892832 30.103415008157274 78.901103910526729 1.501332651360943 91.389338624232948 22.159314252834118 23.435147133080580 52.589336045839573 21.791591996778013 56.198070647873720 53.669758634193713 41.909771175415521 53.061295362027472 1.272733857310260 35.488442618060809 5.121334109214559 71.626668649863973 70.740758775021632 49.655714596590350 7.499322946283671 53.031473863721956 12.260100927943608 0.097047411590567 5.218281802780977 68.560865791995695 60.705591192546336 42.621974124295157 96.617130669324339 61.679505164741229 1.848809946766594 61.741047490375635 33.866446697074359 30.059099269746881 20.075550145518740 74.293460462321875 42.988562023942578 32.965945107166903 95.266023720155275 0.767579979802302 95.363694716831532 0.510396202256169 81.562867324564166 83.628225434457093 26.655670551107448 15.403104177339610 37.230084708926846 75.654988404726765 4.940173842827722 49.359227173391560 65.580185035814154 67.255697158610118 30.168033678613469 62.752181535988619 39.939604438636565 95.270490081094366 26.921523043925976 69.666450304087888 26.921523051589556 69.666450304087888 11.681659860789606 59.102481845449915 34.879290536270446 41.522215240070473 41.340547951856465 87.413723635314099 80.229450519993534 60.287728940591315 68.897128019622841 73.458653535797325 87.677224187815099 71.740483860098280 76.456789910283646 43.437507094555215 37.499844343587128 82.369358319946471 65.866835849406584 3.978777109535503 86.281626864063341 68.071452996034225 0.683434799604576 56.848900329215979 21.388439221711486 10.012557376216547 37.657799807594060 99.426301681754637 90.041714521282429 1.617480160534079 25.520729318610424 65.058347151262282 84.434417577659303 65.914334179508188 49.198782735066359 72.277281265728249 16.391339476023226 2.762704423055240 47.973572209609941 96.543462524319906 5.400322880801090 39.096156877430502 29.462619674642131 3.438197063511095 4.630593505373160 21.429560691863301 75.974850535313763 78.240636515108150 50.542825877030765 3.780524844233002 75.800136150175490 60.064387670275678 22.490702844258202 40.544107369356695 49.686689051415570 37.741718246228061 36.691039845322685 35.468046343198282 54.638426534441656 60.501988954144650 2.363975257991335 65.510456776289999 37.741459484748610 86.945421512778523 16.803135944266646 46.728051550529003 35.439503748155445 5.593420444384400 4.171213805355922 47.746852379176651 45.791896386875841 89.153064530005338 94.818434000042600 89.457206687823017 63.217272904776820 62.759381997137268 23.674026492977784 77.899994171343252 2.397318401403903 22.255327232244049 48.145755955856615 8.841446566371436 86.193991871612212 97.059542822538305 89.456008192724184 26.569729510585592 84.379376182159078 80.410742886996474 23.314872153323464 39.265116592513095 33.949054688440938 96.926743236680920 63.324026400248400 62.718334801901719 45.941030647939030 48.766071650635155 27.432508984821602 10.624454939236639 7.255730104852631 11.067294629166902 75.729275469715702 38.961784192192297 46.249239141521116 52.293303922174118 25.405360327620684
51.083336075233078 28.002615638304395 37.854636122817517 1.922396227417511 82.487516230485568 47.325802501358005 3.255026703628139 85.407311011920200 16.951149857704184 67.642073913307883 25.894300034610772 98.715114416767634 38.413317626582774 9.204988289153293 5.537959210312781 71.944250518085596 80.657051362187531 28.665600971684711 35.823043834068713 33.110720246111526 27.929533630809068 10.924524471869724 3.062270639015308 44.940281351022058 17.390001352679885 11.680782989966964 77.872676937097026 14.482737092258757 71.619841513569000 31.225164513689350 44.572016228673384 79.043025538501098 42.688959665111391 5.156046274491100 57.987039075347411 1.691764938743912 21.804064208298112 28.331636230820255 60.700537449143908 97.476806667312545 6.568125947653702 0.784759792889722 80.675584839536640 46.015317967665183 59.494846638933687 73.784925168904593 70.059031138002737 79.176526917369088 78.909480320269608 90.875235049764910 8.774331613943520 9.881855880423963 75.440923253791098 89.035421177888665 30.548555601946592 14.832087369292701 13.742357947064242 28.540867337422725 32.492431558788468 82.476221597811119 98.616199980395507 0.973902895551104 2.798823996345601 35.429907144924343 52.473905146353175 1.078615043242881 42.632967709278205 49.227598670437253 24.294128173712092 48.173123429394771 40.088863089382500 51.591623294363686 43.179080507734170 10.309083527961738 56.245670514686367 41.892430362255581 62.974626108248913 27.107585448375936 18.403666784120976 54.181968548758164 63.037331927905271 57.449781289851046 2.262959201596049 26.452963779374006 83.336976414911121 50.281626344621614 87.576269328027493 31.757493144506554 18.958963369568306 40.326545284771029 0.260345821034136 44.882009530359213 25.209123472578899 67.898191733214773 62.645579220497403 20.685277897645282 6.887054418053773 65.467421319882916 79.941946988697566 30.590984932073340 0.262985268626514 17.067194837883925 44.358089543463898 60.716553737339176 65.270347651764951 77.206275744035722 26.370496803059673 16.790850123989454 93.605281257564727 25.863271436399682 27.618139983630563 66.463755687785365 56.621429587056205 33.963666547952364 18.762292202469155 45.567982172726708 58.823431746720033 19.250799245851969 60.575509392623040 68.832543015287641 46.055459783100275 73.778990886288696 87.264795842239977 42.126259556851700 36.485910753391558 88.414124299589403 55.362991283368800 8.353120723036689 60.385209736520842 88.688248110192959 15.788774046736142 73.116502067297077 98.526502842328995 23.238325923900828 98.523763626400481 51.217354234556147 57.590049943993407 16.810758128999726 25.925486529060660 20.877622262275676 75.378455259182317 26.283018791954916 68.406915947374287 1.577386986444806 2.380458400921071 39.750321012084754 23.525676006595774 32.681976341838634 81.165168419312906 45.856393159268869 3.151210416925265 45.378544879940272 65.555448022718721 73.682032567868376 93.381401127064549 97.832077234598643 7.649234856127707 64.632891032953225 0.714806166564952 77.650596813544979 4.107262420274626 61.630281051779022 98.036208939571850 78.195343582107839 9.152336643856406 11.327995757722265 25.984994936409102 79.577569771308561 20.778452539081872 99.532473315753080 7.025011179891782 22.688840372114694 76.946137427169461 62.980935860992069 7.891830757857576 48.612117841609425 37.556411417648540 46.338533808220326 83.379113802614640 49.263842514673648 46.650405255825177 22.738605990734250 20.830767972296329 17.679905826993615 30.525613163571109 78.408799871472041 66.065557649792311 40.259123437757317 47.014382756288242 66.581420975715915 97.860661097431731 30.794797992814694 79.884365024105435 11.908304515996571 1.674384515014071 42.985211917511513 56.112908498461941 53.496638631743863 96.284964462883622 39.164118531842426
51.438134764290652 81.611907797726190 5.161586195011115 95.022092234042304 78.272057071826723 11.975034163523512 23.151528066453629 85.108343104760607 65.457172484816212 22.062520938032215 46.785012520507898 65.761507905034307 37.734821921033237 30.376199244212032 47.467543315278803 85.033925731133891 8.455629195150049 48.304091948106588 50.293898212398766 28.419167066719787 9.735045687569045 22.180748175590757 87.029311147795454 17.254590494522461 82.690274761548437 29.049418505479320 39.765946105483394 32.992421125943238 62.214531841947604 58.397229408595251 97.120936751851630 91.542530352904933 28.945172333803814 83.310656454558369 97.564723276738533 58.048728403252646 66.393647662726380 43.580162329991282 24.443862585671617 31.355194073829860 80.459869221009711 24.621477853546260 68.044816547832468 28.982722628438850 36.282218124812594 96.105333351714634 72.463624631224661 54.337100995754184 41.550994784366956 5.599331225941029 83.660151731380410 86.114235502857184 72.837901885785428 83.185682392558178 97.877327711132267 71.366098986401127 98.073339449798226 1.310675572700037 76.250468696595320 48.101680681161326 88.800075595226559 42.725593549258235 18.643407279341595 34.889474981214107 67.629836195324032 92.223905533783011 77.586066651358877 35.876985243046811 9.057189383632869 15.242819752931581 23.481219826234188 10.571290142174849 73.490150340432663 98.367869446180904 64.961094657532641 30.651032253588461 53.622272572954586 96.640896848230824 24.639543373420647 17.988150285878412 86.847697235786981 51.425725630367580 43.335254995554266 51.481499124404436 49.410998557784815 8.113633873196036 21.409546290885274 22.532786934640491 0.561034234905167 42.365430714801242 17.000133573244181 75.577229990806231 12.575211772799733 55.025530559579380 39.758270374385141 62.910422327564021 7.486924613892088 71.392930688904642 94.175525961462554 31.592077486463822 45.335389804084045 98.801134934312202 88.914065210118380 88.467131264847183 0.362019067088215 19.479276302269522 5.202767753210724 49.715585050437369 57.170997071373719 93.190810954767429 51.312258223973814 89.771237023558584 33.377506559685976 18.575973903036079 2.256252799316794 85.884910118297100 38.112367409040928 36.175428338696626 53.153498094611685 82.406367012297835 63.033681695057666 15.066755258277166 95.196793199034389 64.827757901221005 79.347640743009237 54.255754122607293 46.748105125502747 64.072777303252593 43.183944180985613 24.980498849286370 47.666487103299268 94.592764209758897 89.202492055993446 99.716078799665823 20.410356179836054 32.164363744528416 25.638334194761736 42.386575215280267 47.892549158275784 82.252176104590276 91.575376650193220 41.302950523342631 18.146857181917429 83.790837148798204 80.443300150690206 20.061197140244790 49.626945495586071 75.855349924865834 61.896712685797283 44.534207944539929 57.184921901341077 27.518119479962888 82.365304884365202 21.615456343263684 88.244418194412276 36.262471289324964 54.203868223630067 81.360934844998980 41.582601301088395 88.033368864731756 86.356813833015678 13.793091522947032 88.463496808455659 41.275935774102578 46.469235666208483 11.350660980358974 68.732830599267004 41.428255835364745 30.110265163735562 41.428255835364745 30.110265163735562 97.031486741135637 3.464070427693289 7.435408156192591 45.995049742048678 79.080780874996634 63.772100713738908 3.959034353208279 65.698855897174184 37.771431474222297 18.542400000173707 74.975064427637406 25.594151305160494 76.696575774192070 53.177817409027860 59.185977142824797 7.560735110621730 42.913754285947881 40.348666943773118 54.820979053438457 10.777608889273615 91.592225195297232 40.445929669901318 89.013460608538551 83.979463580049668 99.612012186264863 22.341391680922417 23.605274195828695 89.972820676365430 17.021580364287914
91.907144828034532 7.991437161314597 59.490051141896707 92.353010007846379 76.603920452203567 89.369952042168833 9.271938211664288 85.016530539379715 78.936101265533324 61.354636042476216 0.895289225865148 63.653615035684865 90.872667511885666 94.949115472146957 17.148973782129563 68.057637048913179 68.531866569638723 83.397272141314588 4.911169179323971 21.885234044968836 68.587873866729637 80.203579081347357 8.903891108682361 34.550813038787645 24.271081167992993 8.873924184777449 26.053553967083698 94.859549418744734 96.073787584658831 96.223845949538358 63.022253339946232 37.724863233454833 5.373968205923630 42.960805974429263 69.719325842483869 47.983486131256861 94.298127395452880 59.501844003077231 7.025161319858986 69.138605775869451 14.729297771818317 24.837385323215411 70.149529830175638 7.262988016866945 66.048369748049865 68.376113729111651 79.129427986037427 97.887145330223163 84.012464830363371 25.945294795405804 78.250931309070978 42.733645321403202 6.701553557682849 21.229823552479555 60.016706398800025 57.658680201027614 37.863295590178893 45.525395118231472 81.937567792397445 89.582455258712457 94.097765928512160 81.888580498473715 7.639339001699119 37.192622192007576 19.882500134079685 77.019248460652292 32.138405268501401 59.308875578140444 57.638525854523301 77.299368266795767 78.327679957312995 13.647896187714380 24.745049642977957 37.314516089198179 66.629339952394147 37.890871514640146 80.013629744911952 24.102901470607197 27.425570458776217 86.505474463907788 65.170730643518183 54.589646694765250 5.304412530629399 38.840813872012603 33.585500061201145 57.671629404161905 50.978734009819583 36.437537230339082 12.817178209797753 55.402517046718849 23.483300300022904 1.361937517882250 64.634691449748928 8.175871542839108 64.080995039102305 39.442193521885393 40.304741584834133 30.891623893174458 90.938563941599867 33.602388694273714 27.417880478617452 85.740668420672634 50.442494059500994 83.649139388049960 20.451412504490520 65.500059907348245 20.530499544980195 89.231746375947836 34.955742925686963 24.274556252132150 26.350881108856516 57.726441457177692 59.950398520361745 36.513501978499882 20.037858734854762 82.389565569183475 50.992178856448170 28.878274655585955 29.405896651108709 86.198180472291980 4.374185389198216 11.021465779385608 11.992378110729407 16.832421544103269 88.231301921275616 80.890457482845719 97.012140845006755 97.115520272521465 74.972628461215947 62.798726284384664 51.237809398356006 92.071506445146042 96.315070936277408 79.476869344603500 90.742996805248396 6.957300712468861 71.813457961951855 48.531771987298633 66.260982632565074 74.862707336562138 62.555562395022868 50.367700772748321 64.598379012396308 52.574260402735582 61.367501151853034 69.316188568713599 55.514180452379250 69.651798714092450 13.438592672520089 65.576906125433595 91.055273899907633 18.081536293363797 9.081445537503363 61.813589350675493 12.262547552992176 7.025161319858986 69.138605775869451 14.729297771818317 24.837385323215411 70.149529830175638 7.262988016866945 66.048369748049865 68.376113729111651 79.129427986037427 97.887145330223163 84.012464830363371 25.945294795405804 78.250931309070978 42.733645321403202 6.701553557682849 21.229823552479555 60.016706398800025 57.658680201027614 37.863295590178893 45.525395118231472 81.937567792397445 89.582455258712457 89.622870713840811 56.808029626053234 75.355030359208712 67.156364304860887 38.587895673046027 0.999929504441677 73.807661509378633 70.646309906649023 34.828084092426316 7.348022390538478 88.213993044872623 85.436358972994526 54.486803969752017 69.172004499646150 49.599097491548051 72.317445852474620 88.649658634767604 54.968254519629667 94.587580562593160 47.447141266294182 70.335642594496122 54.211271685820705 43.545880553915538
30.317293760670438 82.664948454788131 97.907364609089086 63.658047527464014 51.088804763504001 38.085183463161229 31.739959007319328 90.745375970239394 98.499726346573624 63.722504582573173 92.791066752894466 88.082658873911910 59.000839820150510 80.593826002311459 41.516511291336435 74.376307178961952 9.385743246166623 81.298825920932543 3.968995955637156 14.231100977803735 10.220093524652174 63.792244271293541 88.101563444466194 16.232835097587671 49.662493732881373 73.208890247445495 27.819948814566185 83.322957350005055 73.036805150646458 27.120536555938056 60.088347936968866 48.069150242142719 51.290701706902553 40.227587074597729 10.647386696886308 26.067839173804565 3.199888865790768 93.247374958870495 76.444341522728593 86.849096326860931 44.409382113253784 35.380773599453363 47.300841540152035 44.249829063399325 4.504680725981514 36.081325983888355 21.887772268376448 84.620493013132062 75.355526281343259 83.231590197438251 23.537044202982226 19.574361732107782 28.491264509675784 59.254063783902048 2.376597158567384 7.691013172392680 0.553680180167071 69.510682666409451 93.667997690512692 32.854978379413410 41.137138769169887 84.451115958526330 85.993976486233876 7.211383820817840 84.601931007465851 32.739059596707065 81.599415515884417 28.425692386361046 41.434592169489534 83.982119992860021 9.525152740320520 5.746239670974562 63.602193354690108 33.383585647333305 80.665757069227681 79.007085404247817 22.291461683531178 35.578699102965004 35.932944822011869 98.511008833595454 7.971237242646190 28.742217481215970 64.600388687771940 88.912553868758394 9.078756172875790 12.370770653916473 3.332023270328266 82.771833544187075 39.671294204184257 55.902611877466477 91.523461881754656 1.676361070288646 4.460110729842937 67.491208306740560 67.511287022812454 37.977561352690870 42.694956262499019 71.146502308060349 49.789716438140253 82.698827466073084 34.600384951927445 79.014768693560995 24.422158048216382 11.276029514248664 57.900416666941446 92.985141589746860 52.925599926015842 47.484750283557595 31.362281720051811 97.429615709023324 95.970912886060233 74.614193906911325 40.699307750197768 65.583784704464250 38.870548658639237 44.534981200928584 65.642139832602680 70.707944189058040 13.396015884787872 57.590580139289180 7.289703077142329 40.876618043974219 46.186529898737902 35.075470702352348 50.227845664629612 78.270051208936565 79.846172470692906 92.881024963854415 67.415344910158069 25.518994835718456 73.565040971447971 50.613992270924435 83.988981344838720 19.423531534853200 93.113306590448289 99.415634791195401 94.931429539270724 24.178612857367941 1.325916052978338 13.062426225455791 80.342798439855770 66.007961093159963 74.330653759745047 74.820239559682250 58.797327619035002 23.823506563710961 73.578945319880660 16.631625859314912 46.515194890074731 45.857852040110082 79.371619808205779 56.156267392847560 67.502183595253484 42.380584501588523 33.642474120756837 45.857852040110082 79.371619808205779 56.156267392847560 67.502183595253484 42.380584501588523 33.642474120756837 60.787946526911817 77.132691639528190 69.347597984822585 98.089206649642009 66.539379952592697 49.188800401766741 16.189319565311656 91.026385427540546 8.946901568606647 4.867497767835960 52.546171165883237 18.020665943182646 88.361338780858830 60.058585665806788 10.724739671936135 26.635502172335190 15.307247902471410 54.473145140139600 19.313728238635331 59.105366725233154 65.090881247833494 24.309740317482653 94.603262492931918 71.553269644520384 42.189609835199860 62.369846477081424 14.692712977047396 46.804278404143830 69.554745671331375 70.369207211001708 97.294025975961844 33.752373537439283 22.064795621137289 34.424335847082652 19.720334460614485 74.656365461232838 39.919603084240208 98.982994546553755 70.793658580455030
18.532202644792896 87.938198356490744 60.815678650124852 87.805523816539647 20.875001584737618 8.151721770763176 39.629108834357062 43.085771956967299 8.550266991686339 47.862933116719233 75.123035185413926 13.562979254345519 37.841610721361306 25.867190126703964 1.969826941600727 33.418181198976527 70.198797219442540 6.064669840017379 77.158630981783588 81.034051782019418 74.483050311436969 88.044642271704873 71.537897824830125 54.908946361814593 46.888701651956076 77.350544424393789 25.767157211797851 33.576738007667608 82.284154958542501 11.572030399611766 6.091404218855534 39.611675443687680 50.401233147986602 59.798982039642368 98.022928974226488 76.070659837739584 25.290644791538298 23.381139710204746 61.843448884798889 3.842353440313950 2.869116860155541 79.635331340187548 49.451025740624878 11.588323864186012 36.175001186019692 2.552492448991828 0.816768888757602 58.434644348296402 5.428821580698628 56.023814870498668 74.715815654481759 42.036755415592452 87.532692432930830 89.427272478840010 82.211668752748352 83.574800300728867 38.537509369879608 39.713836098079902 12.231452897935213 7.179310052554211 88.783671458426298 51.770487749775654 56.354702002981604 18.564004841109394 79.695634174791437 44.915152287772585 40.785231143776521 33.754248293402668 91.444285167261768 73.899616024408459 48.236745581076732 74.823527939849740 6.179840870267439 29.272981054248071 58.192231557246252 66.407925316060215 7.448941970734557 49.755097730038770 76.274611943822109 13.823423480524411 41.369745664877513 14.723256528786477 31.433543764963780 17.595013392809644 90.211240310559887 64.280743917559263 18.650184772792411 67.907695943507605 55.287302826867013 33.794048884267667 7.670677016426353 25.280014801869989 31.535721259917025 89.085684964956599 26.115575301461678 48.515151045468308 68.223642253573686 31.337641673001738 19.134026387936586 77.236473022702540 64.541929151149191 6.383804722459685 97.182201379867365 55.647199158570892 12.290699845750630 13.087663331814559 12.707083156995635 52.701873716885437 22.465746338611524 5.358760484807934 42.197019107503465 26.337889049215512 95.990425220816007 99.974106921214315 7.047281762723800 69.076617280403639 36.082561236174485 41.370918218003219 62.265883879676842 80.270702824692748 0.241749130350799 73.231359756077069 11.462316130162220 15.460014383595277 36.141067140610495 9.530867768070184 36.150389657833458 20.506739491378980 27.297862602805889 30.393102674035500 62.761133865234463 64.417775067104287 35.165084785036804 64.595363822484302 76.701575929634814 78.447408660315858 80.568743097556222 6.755484783839682 43.949318347166688 19.289986568157236 88.637016735885766 29.030583150625468 34.052687501635724 34.244564890060047 80.781020734697663 0.590853387207801 88.066958055094318 53.192248433200959 43.489479697528289 44.515402692940818 90.112378208192794 12.135680141123917 54.147106328069974 41.337339305484377 38.069889031962404 21.311543629308851 50.977428014347801 4.489620736671219 19.894467852464004 52.857431250730393 91.950422591331844 50.897614853773135 90.410921176946161 87.189499838737888 73.448430789082579 33.228650632535704 59.180712155349433 19.269599661830227 50.428687990811170 55.030245461999471 37.619723229056348 81.526329158078326 40.139827795203807 10.946217795040781 6.236483001786453 34.227277710451276 63.263887687164889 13.961286956917130 70.297445195298565 86.087917113442941 48.345940483115768 77.557200271022069 78.700423168965784 61.624274047029800 17.004224183768500 91.674405876265908 59.895372767655097 43.028600504348603 19.884097986608641 4.806044321439861 11.593275596936614 26.431270524594130 4.248255914256838 99.991490975163060 7.069767678669148 87.739023816274639 20.813949386755294 40.657392958168629 33.838364811651175 3.266867597691248
63.406628296281944 82.907291578831092 1.271920399659743 31.164612499074419 79.340217179242188 96.883111498071443 26.618892777364035 80.109395937733368 7.109747657390953 45.206367283452941 91.973580409050427 97.526668794530607 85.648660842045544 30.735534708237111 60.627310446921015 28.404091741949465 74.893471925018417 8.426014425456652 20.669859742022890 22.835600157549575 92.085812824631745 48.770826155895818 28.317556032532075 8.426579242959754 61.184945811878066 33.527740570180931 3.828099353833647 65.430442484780116 31.881146116848637 68.310927264557122 96.023814666561890 27.461388635192140 50.538822651376961 65.467317496822091 98.373172377536790 45.562420006040504 57.290070621310363 47.362841903276987 24.211200361556486 67.229745778723711 25.779431011148290 23.624122693244011 96.005707323073906 90.520313952672552 28.582495828568188 11.747551125343225 58.602824254898458 83.950295383863676 94.328232513967137 79.217099018845047 91.595340944155851 42.503504640026179 23.869452268437453 59.861142147992716 38.690846259506742 36.581839794270955 44.756684881435660 76.364298592618169 12.893405170224225 14.501518254212209 26.703272813153923 34.643008095567396 89.233309445235449 69.754145065027942 18.816927224709502 31.718100914273894 55.373582871903636 83.194003371082587 6.677863796108053 56.470986172865224 94.950272276408114 43.853125398053528 78.262946602401541 81.608643934234451 41.159116485160240 2.212972819813408 92.206481553091749 24.290705200511187 84.285235471499703 20.531570390709042 34.669865350452589 75.000890264526689 15.929713777554156 8.976427255897379 68.445390721504666 2.386960944008043 2.769299177650375 53.173485506246955 32.479092582476568 83.326620025942091 67.724986623108720 62.952118678876964 50.160763690678323 38.081344018388918 81.019846508162857 37.605122509462404 35.406904166746877 68.826309215196716 11.698068949550954 76.202166902364937 15.408128369473872 13.632798921449830 12.855655210875083 60.009864915603607 40.621678536907467 44.608565583947488 14.322240289970489 87.006382387646170 73.901505854646317 44.919323936426601 24.901940885086226 99.287197790443585 58.249105055487050 20.360939926777800 71.886163136615949 57.444725155937334 30.342144992506192 69.881473128538090 66.715946069880161 40.477863032348893 42.602686549915262 86.453374873247185 91.971502193748506 48.220018601135891 13.712353204814342 36.632210420847898 41.471346965739620 59.446694509451738 24.560679646509730 56.400435282590301 1.359332949157832 78.083273208406823 48.134125521282570 84.423113857592995 88.652778072730371 87.351315218803322 50.221215387974460 46.419840082052957 31.152621639845044 90.122241179090594 30.511042173871918 62.882651975372397 53.806106665816522 7.245850451953572 51.143402076433055 64.633270369546295 12.140297001842237 72.857288240412601 87.010571030047117 63.969232458878778 52.580665584510811 59.423844632643430 97.228155052815964 8.057463908953434 95.298183323000586 96.407161327903935 2.608472762074054 74.388273281064158 99.655037374133315 25.765100698416465 91.140670352250524 74.411423654046260 36.829554176639981 53.672373783949489 45.278506498249527 31.871986831328336 43.266613342986446 51.626806655751814 73.859656364302268 78.644786559364377 9.264357213192998 10.435349762481605 79.598380682160325 56.198901658778553 20.530444493200449 21.634622806331095 35.825692077563353 44.224088376833549 99.427873574665313 80.418345631350093 88.096946882086030 14.611661631821127 8.481062834710350 29.158152825709983 55.572707740000652 16.124018909981274 61.258892209220321 51.525309511546325 50.377611156940937 39.768818533080243 56.881235480297576 41.041223259574075 61.014766343607093 18.989291380826391 89.517933247129235 11.707754031610119 26.033022680711092 23.364167171940274 26.459612038890533 93.996237126649433
44.270427414912753 64.431255679674308 52.643130845184380 65.355587335650029 35.538313263097542 62.512506515587631 45.868239212845673 88.210162461816068 2.443052777833687 67.089531532019862 70.703712503386399 35.964682490348409 58.667688959927411 46.151185194709676 85.100980101914075 79.822531452001087 79.309333961686377 1.785995483958702 4.216878728020312 19.526302844250054 23.431326594611779 81.891849597373138 88.423791703237072 83.910089671810766 69.416741796248743 13.156889398463335 49.181651591700337 19.088735991125571 87.644159360018222 6.987481496285008 17.165808547787087 59.596383284457467 59.790068094975410 23.161241086140684 27.950607540116156 94.019966262262827 23.276134359095767 27.860372914494093 81.719547276409457 52.236046814952829 49.412815555665610 34.360089337137566 28.608191171481266 48.550243577368235 64.059682633747002 75.961882883280197 18.032160409678333 56.725736956167196 71.218715660129760 43.653785216282579 32.110925118619079 10.093568962221489 86.017173398950035 10.030396135280562 64.390470197865852 30.813976904801020 18.309126371844098 3.051848405698976 24.840314742008818 2.603641808720147 58.457109653258101 6.783705367292658 11.334729380468501 45.171010220788489 96.294425026280237 99.569808837581675 25.186418914059526 82.366294061894962 51.884935764217467 67.789889168871852 60.862623080431923 20.655027326880791 43.073005879952497 63.884302929798622 12.354733276382868 0.178880961233319 40.643547448915520 82.450314370690023 53.672373797074791 45.278506498249527 31.871986831328336 43.266613342986446 51.626806655751814 73.859656364302268 78.644786559364377 9.264357213192998 10.435349762481605 79.598380682160325 56.198901658778553 20.530444493200449 21.634622806331095 35.825692077563353 44.224088376833549 99.427873574665313 80.418345631350093 88.096946882086030 14.611661631821127 8.481062834710350 29.158152825709983 55.572707740000652 16.124018909981274 61.258892209220321 51.525309511546325 50.377611156940937 39.768818533080243 56.881235480297576 41.041223259574075 61.014766343607093 18.989291380826391 89.517933247129235 11.707754031610119 26.033022680711092 23.364167171940274 26.459612038890533 93.996237126649433 44.270427414912753 64.431255679674308 52.643130845184380 65.355587335650029 35.538313263097542 62.512506515587631 45.868239212845673 88.210162461816068 2.443052777833687 67.089531532019862 70.703712503386399 35.964682490348409 58.667688959927411 46.151185194709676 85.100980101914075 79.822531452001087 79.309333961686377 1.785995483958702 4.216878728020312 19.526302844250054 23.431326594611779 81.891849597373138 88.423791703237072 83.910089671810766 69.416741796248743 13.156889398463335 49.181651591700337 19.088735991125571 87.644159360018222 6.987481496285008 17.165808547787087 59.596383284457467 59.790068094975410 23.161241086140684 27.950607540116156 94.019966262262827 23.276134359095767 27.860372914494093 81.719547276409457 52.236046814952829 49.412815555665610 34.360089337137566 28.608191171481266 48.550243577368235 64.059682633747002 75.961882883280197 18.032160409678333 56.725736956167196 28.608191171481266 48.550243577368235 64.059682633747002 75.961882883280197 35.794407766264491 68.236719029497380 23.380420835857674 50.541995854866386 28.773890236312006 92.661995820726943 42.851580216105454 66.954834360167652 73.896526617470755 65.819720543080578 85.401561374499906 94.826843733505612 39.274557471054564 18.951326265195455 79.429464112642137 98.221675203753890 98.122588057719099 25.568301698969375 74.997592658077124 26.385080138289929 39.241515728544861 88.557881588392519 62.374791428997710 79.769276560257396 79.229916554826758 66.939332187376593 94.811723688769860 11.242084750689795 72.867360306876776 78.374163460069042 86.516390624497745 67.032504533567348 57.123585111100759
17.356126716199494 42.198050970985221 35.222592805010052 80.964694486477157 86.433235686312287 15.514815588046782 34.952498630061349 64.811139421162352 94.323101670121261 77.977937345255725 32.336261221047316 8.146127409217529 42.880515840595187 75.038039985666956 12.841777732621685 40.710162093940305 5.605702491337539 56.786895115421054 5.999464444470104 14.179157492329663 14.206358539578279 19.602672939393774 47.749786492256298 20.690820285266021 55.733155391148095 31.655015101752237 96.300065426809653 40.631594248973713 64.683808847643860 96.379975317844583 40.114428885674634 79.429697074155271 61.690322402021835 34.138195947770591 66.001710945414743 56.576525215783327 70.530968176523885 9.357092625953500 80.393319693653339 33.717569035900439 48.286083284538428 70.791220457114065 60.503767674210486 55.458647870442121 23.576541002859464 78.413316062603514 14.148756217545666 17.196372807414541 2.069927018031159 58.575054856763018 7.420236466834274 56.506399627957151 96.648890763006349 60.521658257622548 26.043014686099941 34.318476990899036 98.296001787362826 80.338704308026152 54.745740972278867 64.498876120775819 46.323873211460850 32.274615850495394 55.050698293049919 19.243323749570408 95.840048493710810 37.863461540060726 79.103433147570684 47.919492841268237 88.916073259736677 59.896131840255237 70.498395601561285 86.169256828823038 89.571274406830824 51.063048395740260 74.843358007913537 2.578847320537003 94.351672298924470 49.749567451620692 80.905392612600934 56.116245022019427 88.461111277667754 31.498986620428028 14.826037532946945 0.953409577630360 67.122102053164255 32.012408000730922 66.688577357368473 7.683122919561347 22.891758768921090 65.489674709341159 17.011080765268527 18.005521788642799 68.730862057651777 4.519305328136836 26.178649501475380 15.848422087358482 84.180958542142037 81.238519446603334 69.827872564283183 64.146808116679537 32.530069423042981 48.151481192393263 40.043453130029086 26.198059590933632 78.904721344006376 61.664645744758715 14.026245126570835 66.810430086020645 74.019003504986941 58.320619823613860 86.443308313544037 73.864206219532463 99.038430910090270 86.850588731341233 67.313580401108723 24.199719100433636 74.907762356611684 71.906966816529533 6.823880424199125 75.224237738033949 75.715836314737999 0.149120461715513 39.480095613770303 97.277143289165451 79.878856889272825 65.439422056459222 30.267633220699295 26.710834245169856 15.350311086273871 49.798602551533122 75.359461434112902 44.120693947709043 2.746140160216648 37.622325611214414 66.469030809949558 1.641117582676888 55.591111646174539 74.609272322623028 90.497536774436668 80.960437402021711 11.874950865829593 99.806860082887283 91.452597456423007 69.393796504217292 48.974170485421240 62.792930169970383 74.642708306614310 83.521589023208847 67.658645938264499 87.905323289465613 6.295245230236047 15.299575161516598 65.728206757889112 90.299458259649697 6.118078818039818 3.604036323640325 75.401974674553969 98.293112694024202 35.074452728137310 97.130868996370452 90.092811863394815 96.623999485484433 15.688937451022156 16.781819016425516 75.790632201743449 57.988946961784585 95.798739741875949 31.510087442377365 83.916865925332246 47.440992151931582 38.476185616827109 36.954182894362695 67.666952509544075 20.258526840791603 79.425505207819768 10.085324744487300 4.119400324764921 93.785033633893576 48.476947293838990 46.338133902211418 35.863615111508061 47.112516937643633 73.997150852830458 11.832985399318719 3.868837583294371 3.717322943513823 96.331605513547274 93.949270341992715 49.314938542999478 13.459053366901896 26.100685419298276 11.684769994762611 68.989314950105523 14.475167890063211 20.351571644975884 16.304322226424915 80.342371318235180 47.913694917113233 99.463288587259896 32.574173644870754
31.258619980996482 64.213109192220642 72.027555313847671 3.506374988882877 89.203785460370170 30.816627780430551 70.695587360744867 27.346908882466657 1.313469910215792 36.461220502186656 61.771166336644811 36.495613629210524 86.731083385959607 42.971484227625155 93.213667773962584 58.353984355998165 85.602687403332766 70.388236773553317 49.181304178162797 22.543154174760350 45.860988379840087 99.182154940357151 51.685851191098173 80.315184802529132 64.405255860972929 86.085439441243821 84.846294600001926 5.253808978049735 6.544621126454375 43.605301869105226 21.203772990102422 47.429965463990968 54.714193611010067 15.179529977569416 64.813093789846661 72.106892432037242 40.625740813852254 23.374378589612487 65.745042457917421 33.110253909388540 5.672738986367998 40.825855555339452 15.210551867746991 48.298530157100558 16.610053705457883 6.089321406551907 44.260563805428255 16.793779561544774 62.524668187978897 42.414564727484773 61.116900467490687 92.221919258263043 29.757702118641440 3.374450470519597 9.535935402699403 73.043645424383513 2.779545431263630 82.486550224336739 57.561157805347406 74.432986888919800 99.310894402163356 65.637225715443677 33.585287559395958 65.071621149854025 19.511206240197176 9.214604720181674 31.271828820756209 67.187273393774447 36.747772505383978 47.287458556431204 85.496188287990222 2.340341628203457 48.766110854774766 10.570264107113669 88.577750758158118 93.479916304105970 56.322163254778076 69.598084691134005 24.959046468519553 16.295928686348493 39.128150470188203 76.387464447282809 39.370880952333252 7.965920275466798 88.931668483737667 62.064572299091111 49.959089341212362 52.520772867397689 88.536541244372486 70.555995967943545 21.155002593309270 14.845523993620224 18.750477651332176 99.283362519925433 10.991123131499469 44.582221568831002 96.850612669914383 59.991886540956443 96.099357097242816 3.868477747540711 41.007464483156411 28.090266633882301 65.208777020692992 72.927787410052829 40.985668606372919 7.718847444161958 89.438752522013345 78.608448926779374 75.645900737006315 35.687078566349086 57.231948260296242 82.016079718631431 86.840939982505290 94.854641634541082 25.462153739432825 55.759067812946917 83.948319079709904 86.969702292651391 7.382291770504102 21.981729306765232 36.743338306221105 11.928705920439464 91.711348891101196 8.440904693815831 4.644978163461799 24.508824700260678 45.080675179424546 28.581639192685927 81.680457150772085 28.422269144409718 36.914808312507773 48.791633521990555 90.357169682451413 6.570114456129894 17.132426712071659 94.666358746117879 35.134776117248300 14.310560925990378 23.264863390565438 47.379890315394810 84.716030462930206 35.292223536939851 17.079804079417428 50.534179604850870 30.353078342694740 91.500501296061302 43.535045344051795 66.020471277887268 93.584695761929098 73.293928328840309 85.938572441870136 3.179003311561446 57.913556655324342 57.368838305373885 58.757670316657205 26.112080978070118 85.860554523421811 55.775182639794963 78.262642256263987 26.258944525127781 98.849290179355037 92.400323008059189 29.383252799835844 98.618860549294951 86.264878356079194 42.980686972635262 0.672099979544305 30.458016835944690 52.408529081390554 25.357111986875434 13.525795832448061 30.563821514229616 78.018776179878273 98.880672802395736 28.497535909287809 4.236599191544377 93.850236821873096 83.882556591969703 3.702426955180427 95.286818247334466 2.160789549752118 87.073865352496881 96.016172862760868 15.914033748771750 22.288425815063363 82.395873140151068 38.932694604353280 73.974475259075433 49.335252089421587 69.038822296260420 42.638990449939861 61.081046935088864 15.793531045617648 29.018773377032346 97.108766076202926 42.130436521634230 64.962853900344314 84.866418782208214 48.453462831785565 84.645197778003549
6.159007478702449 38.320734748153015 43.003985644515851 77.798212352091639 1.142457845606470 66.852921348031131 90.803495103400465 20.782521835628344 36.342044970693898 87.219619184525229 48.755056089134342 47.189807583526786 65.618824642923258 70.436830454406888 44.985230860930194 93.237849685087554 60.528685916498489 54.774693529914565 89.341585027524445 54.530684568846830 62.660007394863868 96.430996763525272 80.922715608522921 8.526275717193998 33.398058031784771 35.024061704314782 36.470896696950206 21.958757972551457 81.342577578353428 88.569292350477440 53.515151760267813 22.928082330182797 66.132244584012241 33.284966121745043 11.769576613083011 33.882574750121663 6.865334975785442 75.988225117227060 53.515151760002333 22.928082330182797 66.132244584012241 33.284966121745043 11.769576613083011 11.769576613083011 33.882574750121663 6.865334975785442 12.362648179014435 41.444400325076543 26.464813353553129 97.040941352163699 12.877768974106473 71.420480206115172 19.188466799933035 76.444660675114605 77.467681732832560 57.117374029475378 23.952750584708404 29.678367504200864 15.265975595694158 19.877652549489000 28.673700187479056 42.168592929026303 32.498190149149288 1.365548198261934 37.607392353207523 81.113372054564437 27.852460643417466 65.239074618706709 90.179408017114099 73.971287938460478 28.488118327277846 67.859860382780241 11.609182383452932 11.733675494620865 16.039149856521316 8.006830207339721 83.429320851542116 63.015713179721153 46.677689805274255 37.053487420700961 22.379048748545806 95.538544812211967 7.630096158110011 5.528929450110686 82.547385670297004 23.393852431977425 5.517554789446000 24.523420734036083 38.008583286053231 1.023666064528483 18.212710059161285 44.546051101964444 62.068321978161137 44.037883890492104 7.630096151205290 5.528929450110686 82.547385670297004 23.393852431977425 5.517554789446000 24.523420734036083 38.008583286053231 1.023666064528483 50.596301859629790 47.920023870936070 79.920125720317927 17.788923726505089 45.518320268789772 26.916960923943158 73.672242585539777 80.386170473919165 84.205260731671785 6.220547852299796 18.465011027580115 59.579750341920359 57.773532420721693 78.870869031851370 62.736522493679750 42.098783094208336 60.288900065450768 82.219063591236619 94.273692819035318 14.715953841058981 92.263823237761557 7.219400034973211 55.943707763984726 15.174033682872768 61.811014387216723 37.072030506019992 60.614840106998692 47.567052931104534 14.543679130686172 32.123080526830641 79.670206323622935 67.685705161224575 34.417867049884187 20.493901371830180 10.028017603263839 40.617899710181923 65.801745277551490 18.564609161240885 98.935301752212439 38.589824347389836 60.084742662725297 0.847415581133060 40.514150469475929 88.165071622766149 37.842143712571307 67.157584934381887 90.741381837193387 83.480081064133998 45.505711078075272 15.569301794288338 79.067786922303952 49.626758812577677 6.174431843113637 26.858064453989570 60.077714891854583 44.814694567243073 32.621025481251067 33.618692867935792 20.079052599732506 74.092023535349156 42.131734728382519 12.302302036690993 93.738783301456891 15.805242042838719 34.250059610472093 62.226360227959866 65.237087196853707 55.167295856467703 60.518919946676718 77.134032574711014 56.200448903054969 19.790570553750964 24.216905171052648 51.366639064086939 78.426549157500972 29.539970580468776 90.040772708770078 48.897713040553050 14.450087558646540 52.025769896225206 41.800419784435370 86.302702053539903 9.369995465889314 35.922998478377686 37.968299873586211 1.628578917925538 12.818963090407021 62.320840047483969 0.750360186820609 49.169028919139343 96.059376653871624 58.023342950722878 69.124249541934049 72.332574841209095 57.157347957963744 67.837392896558725 60.756211297020315 57.895662628740737
21.641410980302346 63.427142794929978 77.624066421932653 61.729667126601704 73.457960629864175 28.848748007500291 74.428806370844200 52.151911250052208 18.783003031737731 17.133945776637816 44.633156882073713 27.317843315014777 7.505585879937304 91.650129941231711 71.740587429959689 13.058040725672281 69.950944711537488 76.652040220009923 94.864724649805027 13.612006737180826 15.613520373739309 43.326626058976636 59.818686134442586 92.351281282705770 81.724971594431281 75.423099813680565 15.406084933733155 91.807627796851705 76.072569030021270 56.846159760665152 13.915597124276758 73.007343372275528 63.657096531047387 13.078472890733661 36.830169678425882 54.722929840473668 92.687412330471702 32.362841052164214 66.413934936073417 67.777176241697518 98.531909619309985 63.065177231203876 82.805345989013844 40.261274553867047 90.439563378955540 22.799962778517248 64.445794021956743 52.145447543654733 74.939621488376048 41.018724970697626 84.721852872714706 50.565939821016038 34.559796938165263 74.276409025151324 76.194351688815431 74.939621494233251 41.018724970697626 6.280129878975760 22.512658557986718 69.458960617388655 70.304807496181482 71.576965145612931 0.997521520196565 69.266751383835739 0.313976734150034 29.849416044149947 73.869796628076486 19.962317239107552 3.015791896225606 12.052754924185239 67.314296817917977 67.163431635932184 61.994035276087253 34.808675196775560 10.517730907505952 84.810844396398849 9.303119239191215 62.669949519273473 58.884953844535247 99.795243497374159 23.534324068776115 16.576630191540488 50.054610394555297 87.196678204964584 14.047833548600174 90.232195833849687 37.347025027908707 94.996439504255491 47.573377904124250 83.427659890444630 70.837612484559870 81.987635005749766 65.251149301867628 19.900787937640906 12.142552422762664 39.609364327620099 42.499606891022793 36.604969443058962 6.180247287609719 79.764647337906453 71.665064519190182 95.179676268500145 73.378406480353760 69.978557078241266 71.312271279164563 10.932282827242146 90.169944526179606 91.884479677474317 89.501590307951631 74.471564314430580 56.461707709386154 26.703523175086595 10.500625704170318 16.373378347548883 91.754353187153114 84.039424886272769 32.023258680253406 3.689661392250365 84.869607387237394 22.243894475939708 18.751309680443494 90.598203476658824 78.675718804491737 82.202330236559362 81.462256077472290 84.533302128024872 65.089964687016405 10.284078220826320 90.564211035241584 23.075186058831065 96.301641004330378 37.927499887901064 57.039506961208545 2.698909366567182 85.039906994169172 1.959502733000962 4.295335307720127 26.855062929969563 82.121736796180599 26.283787697691686 31.269993523719297 91.331154600419325 17.220373903700647 22.596861559203585 73.961995562561128 46.409143071247136 66.372461151997612 61.548784090840904 68.857092488745224 8.180470801017226 45.767390842880154 24.180170869955610 77.338112687510645 48.565128930536538 78.339451968093456 97.736144076884528 84.842896486654269 27.238066937744154 70.028732613844809 86.776446728005823 27.068322484938523 61.700368813909755 85.585496942446809 20.446098489311971 12.535991683395997 56.789717593529588 46.411757929879748 41.785030778491780 55.380068078027080 84.407623618611964 92.529822594341709 30.908720298797967 79.719170600078129 93.976933843683057 97.181162608158743 19.055756198151151 59.333878903560866 43.311912961168197 49.403215064159255 30.786919273585067 33.709716033747647 77.571175946160025 36.981467021969920 9.933469641689429 97.162913449743655 9.786768091493093 88.388657889170659 86.499208018123838 71.320435523471502 67.742896729239405 0.898387754099117 89.553673545629096 93.685985299714119 3.802530642279800 47.412821970060762 52.682543889261687 9.986356061909941 42.746144553625733 80.170431167509278 67.247124550733545
48.355505451831881 77.488890468614784 89.469851276042803 10.636449206894572 62.604446681912492 94.075422553176764 34.110743782132062 28.100788077074036 98.610954577902532 5.288958396374022 41.013557856795437 11.751048283528288 82.019388396877758 61.216863147298199 8.235729677237902 15.978940328285985 62.067709622697542 80.724356806003001 68.594546704918884 36.649385262830251 52.960118945590317 66.352399840691916 57.507544060420010 69.472520156122940 38.518565203617868 24.941043032706510 76.181333768225187 70.428567252260123 16.395018046106568 60.430152736875733 78.528273841787765 12.933440800188800 31.930293100450569 36.210129432951852 60.092405103061367 0.436530481509068 96.493474657581942 64.018621693270788 22.844365704995596 44.226216055462118 82.959068141830244 81.729841491237408 14.397189336111961 66.989107974430212 11.633782945819760 14.238950074445999 7.991107939749353 99.708812938441085 44.906816592447939 88.296951730852953 17.242374023290473 26.839581278624479 55.033775511971214 71.257578123940888 32.169418651830142 39.988351669366573 89.179425562641867 53.863880884980716 64.056874230644993 13.152718065230019 44.977488161189548 81.285729559171287 75.349901023106497 24.306683719358048 66.441873989553144 5.105239675654527 28.587357909448976 11.417049286678093 65.750449842229941 33.021238677405940 60.360633910326719 45.326143447245784 98.748784380767447 64.209297910183366 85.278173517278049 1.291472466693477 51.476739747346237 65.509993195100577 83.183377675969354 54.758003613595193 14.704507686971958 13.214708416213107 83.799592060947546 17.430940246411197 12.783418938355718 42.273453069310754 64.170554546752030 16.901668014113536 50.432173277910216 55.074423538818117 12.334204088533941 67.326483530677066 23.825201770320682 0.193116014489214 1.446234280807535 80.200237803849348 27.821383187357341 49.675194657310804 40.430165075777069 51.644894799726750 70.372305900642388 79.406868085129403 5.905627939030222 61.259554479379574 84.888855339832020 68.413933093767952 55.372959440950623 79.733813824179975 74.213792319633797 80.328953352796447 72.660216978637209 71.413990806472867 31.358877613471027 49.930507491176279 37.611161529121020 95.018139030592792 43.662330916798211 76.883938924686674 91.538618454005331 35.289880287593654 69.397160682240141 59.092265016954457 59.267489763961947 85.573278361578915 11.948977917726921 45.815874901863410 61.748305898976156 51.452686870067531 61.969646478561117 98.785039334333774 58.276645524273803 29.843968636237239 8.059110844206952 18.197471950753641 60.328710182375644 1.288684960714359 83.441589086488293 68.023600404128430 43.842872373654394 78.687976105764236 44.816950280574630 87.695886278339103 74.484535120040078 11.446943452693203 8.702458865426321 63.822732959710251 18.735388936546681 94.904507570448231 45.116716716778939 76.598278383893444 19.363153149395284 5.600845281975609 18.960503511592474 80.235959951064856 21.916183750367125 5.317963561898242 54.648917015260324 32.025054798942257 58.327203936466901 27.745108451417778 19.764436590007339 69.057904834165996 36.090890740032478 70.402108900076115 37.373582752872359 3.063369721649289 85.813229622475390 53.197873931419416 70.900721709851496 43.432984496729276 92.069110347416782 47.579207307170854 69.988583272676181 32.224528214603140 60.806666070016071 38.006950913891977 76.257166330311861 70.774669675076538 31.566665096363554 79.840052801717988 52.514290074901581 23.400994377401208 44.655689591114786 13.352840246037424 7.127176666449664 37.047046014203367 74.387881042787271 56.128454559877220 67.793923036158276 88.487000308597757 15.222013423704706 70.909934890071256 63.336605455503950 33.293375100787927 57.271560170928602 71.020509040747598 96.126198541577196 72.709658563036399 32.960600604090608 83.786383404527712
63.860339715514201 9.784748800262577 41.261802415542427 45.106867352460725 74.463012473206447 7.394757594960555 42.226614097172508 34.337760188576951 55.748372427970750 49.230885794552826 86.251076198952475 29.365786819382933 7.546526515900565 71.689589473331878 94.512804435955175 44.942409667303295 98.397500739095875 5.197815082947599 24.998878567788385 88.767340422413781 61.274694713949110 94.067210630847725 12.845375812375693 98.020084755356280 28.370369923733129 97.414214023102090 97.771847516540987 19.674443843751522 2.643437630034906 82.095017838263047 82.122544760019267 99.039705715622077 62.254008432133531 60.679409491650546 49.872189331544725 38.567034373960581 37.540601793842768 60.837389029357048 60.616494435930726 27.325248500217459 6.694898507448233 54.146295683238534 67.431245480325288 6.845336551304159 9.034381066534925 80.540185595252737 18.751971041024184 6.266272026088638 86.064780586793205 6.076309004700020 48.840696846167631 71.215542637665024 38.312643113074266 30.151196851469074 9.153046249352414 34.930527994581993 31.873648275854570 61.809505756808193 98.495807983123882 12.566622448109243 13.843934675818891 67.345963984883255 32.174577375278545 20.580927798260916 26.392764403523728 30.453657021357785 79.103054228178067 13.644702190972581 56.321501723665854 88.039601558594597 40.461039598138512 43.019040496945301 99.341203243999061 20.775471890792417 68.530522443133265 75.847569328118624 31.832245378652257 38.922811655110614 92.157595696438477 30.494843435291919 40.787543897923349 60.967095405253538 98.200454824991624 62.453288431337796 81.275758002526260 33.117236715799834 36.265020248412263 41.828675580590293 32.008551438311613 13.462762913799153 8.051192019803633 51.805671274681330 90.495461080756385 12.916847245203900 71.186015366370654 17.779593609656420 96.831562507570908 67.427211768331034 13.340270711765779 33.296728277590915 98.339201065351091 62.433745895680879 98.970663121417630 76.108232165237624 78.739657810000836 83.920541241036901 24.278188967635817 87.401307430399527 71.613084877880368 61.032011169280068 12.180632031815053 42.019639791948407 19.300619493128369 86.987858829699988 59.828367795394023 34.540157675522423 22.996091052438640 18.536163686338337 87.292677214277063 73.776231496058500 86.092280280014421 22.841923017136455 10.990242916449045 22.261240960883189 92.405560767473716 38.388187673407792 89.021732441061246 12.496366904424750 21.822387640442152 58.768788037968797 70.783006228526219 99.564452474092548 63.825842066169024 59.852514757636300 36.254064468224222 0.087617854120570 89.958767992573073 27.158632066826748 77.498166721714028 26.413823804245261 44.063690376078569 73.237308490099679 27.781604036174588 89.544745517251329 28.682429420238531 60.589737263950951 42.549945548100190 97.676940972399009 25.931159476962563 70.806156903666690 89.320787511652583 69.674895076044649 87.500439609846708 75.218764345206750 92.065133990326771 92.889753069430185 2.446042472203980 52.487384509756460 30.899695930647585 34.486606978473169 81.393293836714946 27.996624226261048 48.544839924370009 80.088905029423501 0.537933354539821 69.974857413833718 0.251388227038218 33.797067080409263 59.260623773220125 43.997765622492992 87.509711987630581 73.376321347552832 27.609918570302440 4.581909397860617 90.601507805138354 23.458162868002731 16.393477118921162 54.502051398140324 86.076168031138167 54.022301145275932 70.535647119897803 2.747953298148409 87.946933849950909 32.519625882532090 95.402167154460599 26.805555902144107 38.967000115711670 48.590155235072331 50.863000597278884 6.751719518788269 92.662858032053549 86.061681657968379 87.466084432646937 2.166993508286419 90.172798025851819 6.549308638871976 46.277140608069963 95.852395019529780 84.054545693856625 91.399632487582110
81.613667416830907 67.631959360084466 64.054067830217363 52.153721136571164 91.399632487582110 81.613667416830907 67.631959360084466 33.091757039176287 28.328658345654965 80.064193806743518 27.479903424066997 30.590801299128334 68.119779852152661 25.130028406574290 14.058599648043025 28.167439574350905 84.790648975569695 72.018974528464980 57.248365577037255 36.232825742144485 81.838750343389989 61.806283810486363 69.678733319938402 59.559621285392069 75.161560472391514 6.902910129307916 62.336877495294061 13.111581298831377 0.651420203105157 57.292509099100940 65.315202350715694 6.203918374628659 96.711334475671933 90.935326531503947 23.408760104486916 2.650548867294722 0.307985073394468 77.122076407387567 96.740661946275992 77.421359019449227 48.615785918241038 93.337535591020725 48.706627161925638 35.947234361584833 95.112515741714859 87.519006643888062 67.176838518953474 77.243451902286182 2.450676986466205 10.551355344080038 25.884880553180345 27.832502036599905 61.052854586373719 20.022894813811988 93.337276112191532 4.989336578811709 59.815790239460917 76.240110072239773 69.453487991869380 68.133120269314574 33.727109020823789 31.699674656451005 48.474053745275029 65.075604489890111 18.743315323235031 96.557281205657901 30.830261734464258 37.472558563584677 46.253633425505605 57.406846845850460 50.379383797706801 39.160638140854090 41.490322982449420 85.160444764680435 59.205677373910923 93.720158423393286 24.508752371459831 88.157368397503404 50.304438943536766 41.062673207918010 41.054762934521861 1.294815599917720 14.317474813710430 65.231701419865161 64.545376684464003 30.476913462118205 4.703313359444994 44.605674958550345 72.720654718990318 92.405075542290447 81.749072268535357 87.214295484606126 96.728851641956524 56.755577726482151 43.778934561986873 72.873203755858214 30.241195031708234 51.200304310760181 48.964814619519160 63.367473254984020 90.194413095370706 97.318371509355757 82.152203681195573 74.980437708799613 86.843120314794561 60.399203041078408 4.332541269302159 90.453472562750335 71.992250131237014 64.455115589298401 39.242604246374256 53.973137517050453 43.915704589235219 31.794363203480891 81.679592016406716 21.916380618795973 58.726398714822125 36.053551370090752 94.489784379312852 88.857636000178630 93.467930116804240 62.454350810852546 49.692362197683828 83.424119613440453 77.578911645506039 39.893271441610935 17.686706286840170 45.503666997551370 31.525065156581654 44.543973230804824 81.446923991021848 37.099491645133384 6.400172570594820 47.689514733129798 14.248067958741705 61.403318499999017 27.580392305997904 84.822924005493945 90.093917769759003 81.756454902695836 18.625908022465410 66.174668447723491 19.017583421057783 55.653167474253316 48.499746467762797 65.545362765318387 67.898399077606271 9.881825008336765 61.582989345017026 88.241172758533637 74.206915944419165 1.632831451386318 18.451192525084792 28.196421395112324 87.286132946435217 11.762383056078217 76.327783444510629 40.485074759369425 94.875504626923856 68.948093048450559 23.103635473062965 51.513156971588373 51.230152785308306 57.859187480466986 38.490065303344743 77.583840959795666 47.486509824465003 68.549740635675604 11.492161117945276 44.872616267202893 86.513763557991936 80.093478106855088 72.513352566750484 88.453161538283652 72.236265741674430 21.627629112360147 22.400137090327888 9.560505526617845 29.641127151336278 59.624417194628464 94.427340937195353 64.157867683429288 7.371631932414513 26.984410500356638 48.616099287335814 15.886132577074530 90.255010466164606 57.486804878909084 81.755320189728067 85.361298554034391 58.424641257541921 43.719717554246898 32.525460440370239 0.085934070144855 21.257323395605187 49.210313246811907 22.576170593693046 67.433660051110976 97.891521190708190 37.694132405112732
77.361784168836706 35.349152204757040 48.512642240140949 6.994907514417115 32.890570110820491 71.726570905511593 71.285359314032178 70.368698166919941 82.434844374786366 2.350379203116448 51.525140063943596 71.983057765692607 53.664374936030782 41.183868453556705 37.849955231970625 24.402782884653341 16.991361935639194 92.644035919369486 79.725683811639499 19.172315164575181 59.989985099029511 76.341689096374338 80.838963126781678 59.775742578049552 69.317811946627089 30.330650372094002 40.681992721899732 53.242458223468290 80.084444473654074 12.293781934400839 99.318763804742517 79.250286901083285 46.364893959228212 40.046994771476605 56.705727865164491 31.777209398152806 35.566103057757715 86.767011156629920 57.938140922725232 54.164265307824678 14.475425143401344 72.153308919235457 22.346512471061054 34.614410399136688 2.860641035490930 11.951859393926135 19.599268712585715 76.015065915850087 20.794446680579291 9.517520522779899 79.902875548666700 1.904440285399056 30.712611753449039 90.356449637723287 82.801432219562258 56.365916059035825 92.763059402808608 64.960127734607369 58.352473016779925 69.903093574338939 27.866994657798895 2.667305031186873 82.315962179216626 45.536368683739894 29.743792298335194 91.320397929504324 39.227697608217191 68.450879155743138 43.035036119422521 59.408375311866614 43.106299913451686 36.989297053271095 58.065104007774337 16.727170555112259 71.809384710686530 41.000378880113594 79.053416519409964 47.194163831804673 22.406740616852240 7.967351877199524 18.175968021835530 62.877975942173222 66.491291794012824 3.134480063791689 38.324527849454235 55.542873670874052 84.307408829810186 43.234423390009077 11.494660170300241 10.090145147251350 27.572608703747971 68.263063550937630 30.135740282106216 89.063850543078331 76.610992809338569 63.250682282306350 27.413389275163336 76.594973835033628 48.281959177183474 66.439898921567334 3.362695267749449 17.375765021186130 62.420808476447242 12.390861491974848 79.712290162597483 38.701302941030256 1.495654845840866 52.645444593721535 40.205435713178240 51.805025878103727 56.835851641396630 33.851404812147322 52.569811349513671 49.546583836579082 85.203013540146912 29.471053496071566 37.712362263311825 10.983538933429216 13.996059540302719 83.636584571626429 10.420495663045038 58.049813926351803 72.921956622836348 39.958727830830107 36.136342575195570 15.312164240552384 46.364574522211257 92.411079097542299 82.746574127970803 59.565009858888729 23.521092074453087 10.510889870759666 71.406873227717185 16.575875895249446 53.269085434238129 58.850588219900501 79.047865720695583 34.371124571905789 86.224252495610472 30.069692695118544 76.906448225844457 26.030208771802144 39.240969323969786 60.584387312982834 61.878708352187196 47.190529466836452 20.679009841979479 31.176341201498893 70.416808086055838 64.912611033734024 82.938174759971503 45.516136478817913 62.622683537114121 70.557586287840849 93.908667315982896 83.400424785177677 96.625745098849208 69.530127720976878 78.178845419900014 18.695365431902310 69.980748826477722 93.908667315982896 83.400424785177677 96.625745098849208 69.530127720976878 78.178845419900014 18.695365431902310 69.980748826477722 90.619289545187982 93.836984670373212 46.978835269899264 59.516855827583228 50.167247632685239 87.175065052000420 29.510971721001631 62.300630773047097 5.041626217037265 84.957770095883077 15.139390096451578 91.785090932389750 44.054189043314153 23.444162873769557 80.850914147372578 10.280050489219249 83.794827336015558 86.948718894881281 28.351802868278831 90.601279482350279 71.984914009976748 92.373818063345894 43.621602607008015 91.973082586245397 28.023440222184114 97.112075554135700 95.467367551244223 23.753999256568857 95.310584890251789 90.903127617035594 90.095870377109577 81.673345371087720
2.440315239080082 61.532558514413495 33.348729613826897 45.733700949728728 9.375997988798801 31.817846298197583 27.495574297649249 86.990150674674808 10.828510419528891 63.177691628236467 88.674492325828723 67.044700290783396 3.165499956488471 4.136240070101305 97.950209837652849 94.162224915949508 74.117839602778730 70.560473361048636 8.031590628250330 65.742762234821882 91.130478493098323 33.800564018327492 67.819493074480221 48.953147210322435 18.868677372391186 82.982566669843720 66.263764166608411 46.189369631068274 83.434883348058861 41.385575566408782 59.642052168743334 0.080830784518160 25.944687189081208 59.328730999068533 48.452496827359582 29.520234090351206 49.125308467821569 1.412602953845199 65.924883999973630 45.685665332605865 62.631947763223828 78.570726956946743 50.922161487455483 25.974481417611106 82.018314428565319 91.590427982894141 25.763087232858872 80.761313310835988 72.336376387613626 3.401882923902966 53.382999688244560 26.881489339467947 67.085506969914448 86.931247759575911 7.572894116919637 88.558019504575583 14.521547011926760 39.249063692984556 31.874668321182796 87.146326610706140 17.690021974422677 62.588005595731275 50.056189214889770 40.946555948059938 12.663915063182118 18.577010975817032 20.774790691146428 57.129898844294210 31.840258514331843 3.265135163609423 40.789087127437050 18.665938790882354 76.623501352556730 97.859160363624781 7.850671523814556 96.378417014039584 38.611867961253921 34.252428219688980 82.568509836160615 93.660169668828956 77.238284432408079 18.399514614320644 71.298452216896465 59.202301171312129 53.799418656405074 50.639790457057764 89.327332721148139 32.028700751764738 35.210863945414950 43.967327810275044 8.833380070488762 70.008695786844484 10.761126693383293 80.467161045986359 18.663802806757179 1.858306173668356 68.493561671069230 49.712677559479602 32.359407483264292 85.754190630176055 29.904757792847036 84.028933753638384 30.573081665334890 24.161893503599195 75.793975313208904 98.386654812220257 0.824020471943043 22.731808360723772 40.172920226115728 35.719584363538928 22.523201334651276 88.104300694272297 8.823209679787203 5.585444705483800 52.932740927201536 41.721574262102088 11.013221722640454 93.680258585744653 34.709674948121595 15.977258071366885 55.561307479302812 37.620439527548868 79.280123236927309 79.560376215008233 76.115784565967488 59.130436243557071 84.410573858669821 57.220824372739983 5.909768902400769 43.347286080301586 62.343137068374787 22.342966493144310 24.153159070757034 29.081136793263074 15.672296113795525 61.046279622511335 27.876294813876722 96.248570579438422 21.977436093828771 79.862482265701402 74.283799354425042 82.967893204915981 87.300999435868448 65.162909095148251 45.146787474119023 0.851630672948134 74.469388955210221 15.139076041433441 76.498180746760752 75.914482954103462 26.144013145865664 79.671248010803026 61.205086450210707 26.704578042201245 47.666394771211984 74.851728029818048 38.750837396669212 80.842698554871902 54.439584939113082 84.317903436457399 82.947838942506891 33.627923578254624 31.804827653030099 98.653935829143080 93.764692560769902 17.622543882019858 91.694544576193564 18.157043221572287 8.847976714995953 91.916510970331998 60.448106853072481 15.116900269699073 80.766206593080994 29.833142443614268 76.353160248405530 82.675706604865667 7.716923193666680 94.662116542312432 19.036270052304040 97.798171843477647 53.213066169890958 90.365790738715930 39.335418288656811 89.826950016489121 3.725263010437563 21.217041144423675 77.512432954528620 31.182059257886607 43.644534389897274 66.763087764799224 51.930029435161437 42.373639915331296 22.891351014372642 55.123256035716338 31.924665880676528 71.691762235573862 99.863746117336234 78.650546753549207 45.081461767102560 65.205792487012900
57.465360529986690 72.206671257804800 2.945957238782215 44.975506205769221 8.233658748872596 68.736795295747129 74.407500376433475 98.605496479549288 37.302361166326236 13.240120643385156 31.279002996255802 12.661819075317782 10.578663276737476 30.700236838080798 54.304628792137102 13.832682797581297 86.260453462533121 75.066121956419380 44.566861570158288 75.993897869132269 90.207222003343915 12.883646370703161 21.200290659619391 28.624296952199423 73.083639793162291 58.542808217703843 3.294173128890954 32.968992074127236 10.808794365173924 88.966239645623219 15.891860791992984 81.978311463989925 56.863316553036249 42.999968502492202 52.797540126618649 19.895719627754538 53.865139893952218 89.680503159239521 74.514011680425881 38.391399992717481 19.862889778185433 53.849254369329437 76.407227170716880 10.131960587817479 9.032563627347246 20.896343977678256 47.696615711499021 89.406132862727048 65.411547319167852 33.308794638334227 42.768089362592178 53.201433897538323 5.783779024899660 32.740647596565097 5.087890175785348 46.645035550215916 43.788126033518559 39.383147937347914 28.561856763269088 71.963276050369345 95.343380170311477 10.792414035180053 13.001484307230593 48.226726532082665 12.267605000509818 52.779499216397809 69.017165839131735 37.659894732661336 77.328652976041639 8.542054835449065 66.874669695853967 48.079201852723621 22.601399266037781 72.843723432991908 45.852671828420789 72.136581066675504 17.532671320243697 40.378152368416465 96.318421380494158 65.611120307573557 46.211878534073115 70.419822602613692 21.617618424601847 35.024991073011961 98.252225109328521 26.751146171891261 3.219977997139734 19.975011096895980 89.781989229142710 4.419617095700024 73.674300352697841 33.507452767822308 0.449842969615699 52.475843352239750 37.837007672209090 12.009079174617421 47.308829784019515 87.037445848506010 5.740267180627113 26.381325370798404 16.845965493032633 79.674375852097739 44.513785689701088 98.501831509772060 61.877672879737332 92.714234093609321 62.119702325756961 13.971915868307915 58.419018792843993 30.573362331957032 71.058026444749402 94.277834604000120 85.747786101091194 93.610611203599149 61.368857244888119 98.815270488207219 32.143012759293718 90.426518270264623 53.530195746066198 96.918185216365345 74.471136851112192 31.800136574037531 59.530961183130060 30.047481251474739 33.259413070268572 57.738461658893215 30.726886808272557 79.868957744968924 13.157878615663499 2.071425642865277 83.354324492704876 65.462947633580853 24.515270135431109 52.510518700312545 97.615773425456211 42.712459613892321 18.167002400887156 89.442401065506658 26.000757540246376 65.776867635116446 16.723201524838327 84.020156995059125 53.658328971822868 72.560765687013145 49.022849625356343 84.584921632981818 8.783183171391130 99.814346842576995 68.137091866439917 35.470935591361211 51.931877996781260 45.635829717442320 59.055235176501483 31.110778435375330 22.510939656296578 51.102436181645075 21.032110448930887 79.670108844521195 77.732215813426166 37.465205236166632 93.517826202740224 75.316505395988600 80.558275375677439 63.615028622343360 5.684778904086906 4.131134828125338 97.310166187666240 95.682834126956934 29.007510407076065 11.853310332325018 71.144137003514516 59.154441357020637 11.848263419373117 95.310844490152562 21.985074232065273 33.245850863389137 14.828846455349186 69.660879852609952 48.565246317393274 67.716866887643278 48.524731732837544 67.985107579192771 80.754899544009447 1.920752946278559 14.393069274799819 41.523035047091064 87.402436655177624 65.038470939840082 90.897537646002121 9.653674363460329 69.080948305264485 47.543408503067205 41.606275081221924 45.535421983425486 25.843684383022424 62.579702558312853 55.224321959073684 48.352808920883781 58.603312680263272 38.082936552491454
19.777597840439643 99.860178585286874 67.105790743560064 13.526454364717077 95.348315388826720 79.667309746904579 89.531937674935875 1.517388810579645 30.603191691500154 20.774683321431976 25.487255552863331 78.905050714011168 30.669748660778794 26.081650085740804 19.655648118577538 40.354210836008207 68.017344354918109 11.004284034720635 86.658896275827530 91.506340770236775 98.572136662126141 27.118754382298739 44.882510404059936 71.265183921080393 33.695448150176020 34.957440222458878 12.490540815591689 35.381718478746073 5.138408517761461 76.740089834967236 93.130930235794125 54.316194961041433 15.844386739846939 38.889481645396692 47.226622179672930 75.887160101159566 89.344798225047711 55.500196335517579 95.102608217876607 21.634827779214806 57.157949077542249 37.616474939504585 43.066732624033179 92.058383296620903 82.124801160840164 19.804617831243597 68.964654782963606 95.832050152560072 74.219895087069418 20.213605408902424 99.635909233466052 7.887036201197295 55.829020631043328 42.556724374999078 71.910984474069124 75.981282779973938 16.467404565197906 44.691849527887662 48.412817546260314 85.533084935883409 6.312774231480500 66.869189034827443 20.796381531542330 86.433481239923040 59.614896806153119 42.669472121031681 83.541344094921854 41.262826531084663 80.441637580603228 51.391816192862471 43.401811438212832 36.272611353716869 85.789693185693579 20.256371874308819 36.943040214708311 64.802877713463062 80.465711671508117 6.402338905320337 60.498996526453176 49.345976660794456 64.987236523759307 40.518854512199262 22.012540990880936 89.024161976483597 77.317449714908236 33.866083913369181 89.905317974210774 76.725658911967798 31.291116228437822 86.497507966279414 61.632105104988767 82.009876695613073 3.043129967921954 18.019401943329282 55.704162000141146 94.430936192269897 17.279859068358650 30.819760724361668 35.968627851414844 72.489836959835898 82.539292887798396 99.438310581620058 0.685515861131492 71.170927117186238 30.619300744564104 23.685304531222407 34.179171217842885 44.101357954025822 39.338162242656608 46.463901212671963 11.753517265544067 76.401495524714207 92.650992943785596 64.755250873861186 88.795797110439239 49.956482985330339 17.277446092277117 94.892811387958091 12.527300449443468 73.299547402424977 47.709854646776172 52.130480105937934 5.576243173891848 4.830107500199132 3.422337123907737 18.294356218779495 70.189809704730663 37.851648347552015 78.476929328484218 45.281797089421971 65.248578840441425 67.720295401405465 11.016438085023116 86.661672647815919 2.395941249916433 32.569974562570494 79.830589663645256 56.855721561075690 30.262679169777929 18.705160590271895 6.498339282171806 4.382236026138308 74.876206907489433 85.173338533559772 11.492021375633744 67.246866037487436 50.930022817680850 15.709474525203426 58.272208496233532 11.222200240995917 22.342667787935589 66.242972961018893 5.636320263104333 10.717732230304101 2.040276286708320 85.782077019967701 97.665371327498889 4.879565814187226 89.275929095385251 58.120693675817591 92.505965983669043 2.706921346225477 91.931214319850753 42.721891368669993 28.251117794782331 69.470406038985942 4.812305829749874 67.200284089588664 77.903062261726873 89.267849506776571 47.129206476268749 65.942336180279881 84.965805987591096 78.573828858776821 84.397475764230222 18.183226791374697 42.638466503386240 40.199874820588796 18.963980742425779 9.115484699579657 48.748542518307346 92.806448424932626 2.322178796641761 55.863897438612057 49.890330959132889 54.804603087219029 63.414742779182177 20.947964089579440 55.359476053349887 19.390225365626335 69.953346954988703 39.033528961096017 67.510958967551048 68.343061108976869 79.865184739621867 65.374434524478900 22.074937516269966 27.374044751100257 72.859708024220325 28.891714280851243
17.141583979144226 15.149409837926942 38.502424251520651 78.737988904899822 74.411712337923760 51.452060685490650 4.008515223792664 98.369053456236429 48.888029212953739 25.075607467848027 12.055364504607457 65.328244125216145 23.416844893698251 48.428354891927938 81.013624329500999 52.932057460435189 36.179893792549578 2.825828377163719 62.285660998176759 47.761425245661030 99.459427619990208 86.013797215437179 77.113987827120454 17.842917975726238 52.476169313285126 11.879868483882827 93.826339925160667 12.341762619436325 70.981893252760287 53.720252886079237 49.652304702889808 78.019871103553882 30.246424575132181 20.513346441493031 22.605381478382103 90.835291597136958 97.820921664346798 40.109620734184617 28.449892838910561 57.696199842566521 85.848073765300995 69.625938907982544 2.791091856172156 52.954579133556180 90.836034299426842 47.204020193941801 56.742166341405266 62.699543065855636 24.711692278164577 6.698270575861065 63.268036001870733 93.482622475925879 0.892219355964496 24.796455564199103 69.671544742104857 51.927048141225249 6.060861443840937 0.408623190446378 31.029778658074914 11.003106286087617 81.255470973608197 66.987706601198042 27.430024214723836 21.536373215284932 73.641201977831443 15.241207981049865 43.177517724273592 22.460837657521658 63.225788885184556 30.015745054074571 30.351943926918036 57.699410712179230 74.219401049690035 26.758843427498704 7.898235945031096 23.164292716743017 86.576293919979918 88.477073366672442 17.742449819024031 68.577315098616651 14.685573901575989 60.151757772409177 87.965121541886987 48.167389935211638 35.525914449670381 56.000309654675718 76.694389455518518 92.252647477873651 82.237654212464903 69.063221853069322 50.715581917470232 5.008352349692236 40.724444166717596 95.922983204005931 95.527397835048973 39.038392750430958 58.476171830268029 45.906373859255957 2.374336468814842 33.927123064891816 61.725909711141213 78.750088886564967 81.704769625022521 37.597097022069818 31.967532234006622 64.771493802285605 75.889670081410699 2.843757348028919 89.159775011143083 21.089907739621516 13.783291467091752 49.152669779222521 99.964707857374719 43.453445507805291 36.631622878833880 38.406188516434725 58.739777442152231 34.900996651020975 81.575473559677818 78.242759180704269 17.829094421200242 65.715324131169126 67.386422336105298 66.820575713882306 71.960945004224158 84.061296048797843 57.952347549105909 18.761170453828647 9.316919803577782 64.053240190466425 39.713321104626985 22.231188746332563 44.397033743373960 70.484186816226313 23.680365948354098 13.073863691164789 24.833588788498982 84.493461132370413 42.795917567184524 88.763412494205127 72.005266122231077 70.426281402454336 39.496991023035868 98.151847072922067 15.275477469893062 34.308734693056842 69.071609078562517 99.094391574809947 77.922591646585886 58.900933333136905 12.843407298819344 96.783747691601320 69.636964711457537 5.277987245480819 53.419806434964499 7.483543705912677 11.579551793628429 89.707732753638510 17.528681886832608 14.988782041982551 30.143796906308406 37.971274823858401 71.472480412063604 22.758577678503368 14.026139366468094 90.071623790277215 57.007129232942830 57.479485792993771 72.401845734543215 96.218587004856943 62.849713407678024 48.856106132283330 43.538867082694551 31.375542786427257 83.485345867822218 30.027008769384778 32.801596346520235 80.089253054039077 15.694497234693971 8.330152358807341 98.644410927163420 33.755967838107296 25.340539093523383 80.383923245300892 2.752642136247430 58.095327028786073 29.047420755948082 7.857806985463411 42.457595730417921 61.870590860153683 79.236262278624466 96.600266173696454 54.623633383284307 97.243727139246445 78.572649832843226 21.831703884608878 85.420650804213821 5.531707912060413 57.618790814564392 39.323949260479942
26.807433656873847 53.591429261830193 55.810919602820505 11.535299462484417 41.690566152856498 7.428411665598212 81.080967064721719 82.653332672707407 3.252891819573500 64.356125829477108 92.567460362523107 18.247898421082589 27.845187650994063 89.431572770365193 67.755478088399428 85.893840612500753 42.946078269921287 49.239014302844119 74.859568093703345 72.105957075493379 54.588546308920670 8.551854267599113 41.396985385186660 43.262460301228657 81.951336801325368 6.391665574387040 59.328901990559167 8.159588609138213 68.664190440854938 94.835945660370029 97.383008165657415 8.162409590622488 68.284589927883019 95.201662964855828 93.049883496372047 53.165688382385902 30.529093411676833 15.091562324774777 73.659323928756564 96.719369170882061 63.582381538683109 33.566393901314662 68.993834219592458 33.910165868024656 90.919773843977723 71.974794604979039 0.202163123331989 58.699613220419856 68.433663551477366 15.279146077957096 33.104388447214696 14.369156281866291 24.998730245820788 48.000448721016738 34.280148436047618 52.385461594054725 8.515900730412051 10.194288319744050 76.974611111286237 48.862810126622236 66.309161874333768 78.444199676137472 21.473851357642449 71.337611968198971 28.228582223207287 7.740380744496811 71.064310866076170 89.830717746159920 15.873828215408626 26.750404722327481 74.926669971465202 84.907337882964242 57.635651368649413 86.763279186207726 71.162016667448157 29.167830946810312 92.341960415218253 95.540097903101113 23.261884148710877 24.793406130080708 49.424565093591035 39.432555694129135 27.753300915448509 45.265399440028190 24.582930208980478 10.846775503718364 87.329772962257167 92.751925592103106 60.846601612900706 76.639061636339960 32.363809941506716 98.980063237773678 56.380110496173671 97.543325083614235 95.118997095427517 3.760704557209371 31.986923489746232 27.116486845028330 1.210073673860368 51.689091578341262 51.874022981677449 56.941372592437453 94.317568036869204 60.710837516328375 79.492820203774968 61.947696073545359 18.984064480062713 96.453007231853931 0.633568955036345 90.295275700036413 80.500712464271032 69.541619031407748 20.107776701235714 15.857259081935982 28.419679459035684 65.995777132164946 65.477482056487119 26.921697482113206 45.914450386376956 47.366254754675609 54.289698403480060 48.244721423504245 79.223423667334174 68.508013363150837 80.479636114532795 62.110711882951911 77.831882461727005 28.088585406936140 87.949189126652143 4.202816992321545 56.121804332357058 31.173762959761810 28.782655902175179 75.562995866372447 26.333525810407465 37.878829539086844 20.176360362895029 48.315770363014366 81.991215308441980 20.723311014257696 94.368942747462626 65.309635012917695 88.657479048355469 12.486047219945906 91.014232363505045 21.881994531539274 40.755448183607882 62.604181532227379 81.282820603385801 27.270451070902133 99.664482058492354 80.913408110767435 45.061336145451072 47.936077946532365 84.578902673097588 83.479070801818395 2.360719321940630 0.523227808208493 57.720376482273750 12.031065671637197 71.782093530847007 85.552113138159314 20.830372152803012 31.048610496728536 58.403868066894901 82.179561474140698 42.385962756328645 75.330699106704188 92.737845140810947 76.490273260634794 11.760852789717690 33.502932962781465 23.860616019101300 41.552268717582010 40.165084560706752 43.307307174479305 49.062899176262405 48.340763594787553 66.542271200140959 15.686777724502843 14.903840792900436 59.649274270948482 84.397244614174994 98.913247828124184 98.732796843545216 54.390494995509265 5.506467678389038 25.127098907150081 38.264840568757833 93.432427186500902 59.604706931412842 53.792297387358133 40.567717663771404 84.672196292764511 68.306729928826215 95.587740801926373 23.085822477613771 80.127856452335919 78.786498754276622 26.480176234350584
12.145848400656600 28.981204831908190 57.282057515581329 84.952017708617475 20.855947525933558 40.474515912020301 95.208182725501487 98.634961122425125 37.336316723056008 72.959764001993136 94.410931099603658 21.879451116989447 86.785429870525576 96.383404912289052 75.736851672983533 8.331395308928446 25.971576512025685 91.234971283610349 88.446813276951517 81.477562765007832 32.420341874320322 40.032799539250483 3.771885264311159 74.215396409252151 94.064591944359023 99.047902487997192 8.589648349830215 0.920059930480999 93.018324258531862 5.250908792646635 6.467992907089259 67.629236033002002 87.430357627832734 72.017972809447159 70.616943053213689 1.852641942360012 93.150145058240824 66.565446600799874 80.098396449897791 18.222389787596960 68.672690209486149 55.797895021267486 11.215755953585516 31.529060228474705 96.658318426485266 83.034357595155967 84.594240673701222 23.631561203546948 28.114851939017527 47.160568620065604 7.308331869574880 4.238018560312362 98.541543990178866 9.077075013147763 45.772864088325974 40.762394890325638 55.254118682023957 8.022295015451043 30.218735089525239 23.414255350000879 97.334047929504720 12.254992529974274 10.607286207070455 11.480810851823719 51.710547425282314 66.434841432105358 84.418564968694469 23.474977874869808 61.645612891666786 31.430321334083121 48.809021612894696 80.961549427891171 78.133562658594329 28.081793549199652 52.453060139993234 35.535234557322482 47.163547538477559 84.424231796241827 71.170349945613509 64.636202417653507 46.655086318670513 29.649307659693790 82.595359570732825 79.215727018012686 95.602821978741559 61.289167289377588 45.367035164196579 6.225950316957340 5.027125949765598 63.543976892583430 23.640907995742744 49.355528572283170 29.897978483275189 65.316836861261365 30.341947207479247 0.630998055226306 67.020142670132614 43.033216022831766 46.092513906485578 21.013892034064462 38.870524113711980 85.436034457563480 7.539224468164174 75.929990759854576 36.797891067036744 36.371176774413371 64.824773500713363 6.330599335930575 75.681513395008338 41.085780486944486 9.141999121563815 73.607941895954482 79.937664161460305 98.185223205682945 16.344701229480208 52.326122181696114 8.461926867636539 11.188790719207709 96.701902373247634 58.853393308263449 7.336444096183047 69.880506991455675 42.800064060204477 62.908547672678495 73.554339634126492 64.344021204492691 9.619047427226556 78.799824390188149 33.966323652845574 33.962113923337064 37.997106116464465 87.995241583994741 27.222246031633478 78.972998884458605 35.347538125598113 18.539817598568366 89.042097589196374 86.482180188733480 13.411150937659688 14.566758924503819 42.682780162786791 44.794718383709601 64.206737770773842 97.884925600670641 69.196760376887511 10.089823167110934 46.936316151074855 44.778537594099532 4.000417588658545 58.811937872323696 84.840979548431321 94.669135276772337 18.763564658939412 86.611507581397035 29.937683157058803 13.965473942667817 21.897384731519342 92.777245377476532 83.930513356263788 30.529269813905024 95.930231380700079 83.468975439052315 6.757215288808160 20.218601969186210 78.212733990458858 70.789244460662303 23.817727255302547 60.564390720674098 58.459747238790086 75.123609499699810 82.351301812611752 24.109243120381340 74.467650103470206 78.070093090280508 37.870043433817088 17.974588334583984 40.439607099085805 94.419498709025049 64.981773902815192 79.577915760853230 86.081187077262484 98.421656846425847 30.243415750390323 63.080220985433442 89.237251474053210 54.657285618904709 35.087414725839849 43.696774656594094 69.639540219342166 32.844248772864184 22.371345945753372 93.504577520229816 11.200553292129023 77.069603738564140 40.096276403171480 36.494191498637832 47.093981677728891 68.744793037471823 32.709651927091763 62.542759176588149
79.311026222632151 74.637164231793079 62.486141325188612 22.766330080433818 20.266987171343565 47.637404386750617 92.054181874915315 50.432271973086927 98.224025574308996 33.740828539863109 27.337098019124205 66.418958492595706 11.822667325009018 84.637788827596907 85.005479216857154 60.199694068061675 18.447611835463796 27.414673157540015 48.699957590277243 60.233115259790303 32.842271594902208 29.076511124340556 80.329461173293112 47.385688922563361 31.141940678073212 17.895245279812599 9.239403283347192 75.329315920318194 30.982438697162440 39.278377565872468 76.121762317880183 87.677104456483065 69.804219929113259 95.535328969358915 66.050733205913247 19.470903482124235 30.807607796483229 19.470903482124235 30.807607796483229 75.289092340001801 79.445620240271936 7.163415315155008 50.131924746008394 8.347041299162061 64.612793172597264 37.112389734475670 28.031461108557330 40.548802678070437 85.516054126339142 69.060039215968189 97.512375634453491 98.191016656665255 46.617388991192435 88.192702896584493 72.726408811500178 5.335714479806564 2.698917994675976 87.305291395077845 68.658717841174010 49.569125024250823 43.284172484881331 70.210992217602779 26.195724881426575 57.178415107002387 73.996443035772870 97.958788825274766 35.058536909919205 74.610501111150356 51.149769708840253 70.225748335477803 70.949313505352535 79.943778640716474 9.684833110182067 68.235321778485385 62.188163249328397 30.051887156905121 53.727742589035529 2.147009727412619 86.663580945848679 49.562113184825449 40.542835507491745 63.153316319873099 67.774794912323628 26.939920579765321 44.189800488841449 72.716164246235351 4.157744963560706 66.876870939327006 63.148830524317248 93.310513621148615 59.004354824439950 20.800311420149121 25.585418647935441 82.352355230717507 39.368017675653711 48.298541246710315 61.175792755472557 40.620591052391994 35.790476329237109 69.845115628607019 2.038995361823670 23.422509243861455 55.545490279978836 38.223350982398564 70.027504200950389 52.343333124929259 34.369489463036786 17.171548713292641 52.242752859281403 55.057676112053912 86.185205304396661 25.667156367474643 62.231871080303300 1.107128453684914 9.875293268361684 5.198698450703365 39.914172906397930 99.571948202068981 14.968469051794298 16.284765870396868 69.462454958212476 20.410046406695535 51.514652056074297 22.004582784195147 68.693306396664738 58.931972426423826 88.450277429236607 52.725624593175965 20.664029758133108 24.612296717878412 42.839961513605914 46.321981405082056 56.535261234588944 10.146094298156960 11.033565815327929 21.447746446638195 17.180530263857886 73.134732112798915 36.050318280346239 77.220137928084839 20.307473865757586 67.684858518223734 89.424267114011201 31.186014168139121 21.281587414067459 31.895081382113275 5.852147140732866 61.031379308362752 23.315685488459160 87.259574952561437 91.294581564110644 1.262726077803467 76.619360503561680 84.481192536164244 56.085998760013531 86.129806226641620 90.214996143794863 7.009457071410907 7.451132377019498 20.452894666284006 48.196809231598216 10.406821431271373 7.182728477619216 37.258391372065923 42.448019267067316 42.289335216541026 36.800067463530503 70.989627879723798 53.563290585324033 21.280854947769200 62.171220670656389 80.046549016117950 20.284484077773925 8.794184164414965 21.813653660237996 53.055802946238771 5.794305154170775 38.073754662632531 68.348539762467539 22.607734943365543 38.747000319220724 80.658509625854009 90.040102960204564 40.333445124666113 93.261471900212968 93.076987720544082 99.396979116910558 24.346629896869942 94.906088616500725 45.410871121330722 21.432343449674342 67.319730317665673 68.214814926426868 70.306877518699991 22.469647740924948 6.400807748318571 50.386394668935338 21.190898062555895 21.906614446823248 19.811329123077936
53.912398299635235 46.323352797797668 50.334853738874038 43.648191532935101 25.788712927874137 66.632855306012289 62.309740431294379 66.170695229775461 56.598710431469634 24.858295375850847 93.551680526194900 88.905454078247288 80.897117565063724 74.650979127852452 37.596962659216103 91.315159259080346 84.965320180587057 29.879256467715077 28.595217605286237 11.015836589416960 20.105944441597178 22.046703962588509 73.894727911183409 69.801248465785420 56.097587607070508 25.069166596032677 41.503219107024073 85.811917381030170 28.091599749379892 9.427158078826015 92.814978701773015 99.999216135081781 60.921676690667439 93.977351983160290 88.781126973128863 38.606255860887593 18.726878086085275 11.311442025827990 24.862132763255996 76.363621175630385 3.545520624080423 45.509353689118427 18.995226238524875 87.227415984102393 99.617931129125353 19.917984987061963 28.061635789390827 67.689161701247784 70.000063307928286 22.784790019661227 32.705753009946811 34.770776841034511 73.200185799351374 82.956852403287058 37.001851076492301 66.816987676961773 17.043162659654897 29.177768171737650 96.975007121255061 7.681603440551532 21.928831245832004 75.865767391821990 0.051840773201484 98.202659057204656 63.287721318776299 92.241300283076498 20.903337448869607 56.251443077669720 14.955619702169610 45.308565350458871 23.907400084753881 10.378645240694329 91.486353768441958 23.446010137571214 76.529296342694707 46.264868052290034 58.457450475046990 68.386235608662275 43.707938365298460 58.373444735229342 82.524108125460586 67.442719013187997 66.119168853987631 88.983706421719461 48.294727852690379 33.616567793598762 9.333783796423855 20.895416682799539 78.769426146565380 57.798773628588151 58.224403971497615 10.378746773337333 14.540772352003373 9.947863785077683 54.259658609392872 51.867157041438503 29.770645715381360 21.469121994770511 48.095666446167151 8.749191256075051 23.042995586911996 98.931749917651885 12.330803299434301 37.517282792920668 71.052031268896101 50.654026395218168 94.887936420067987 16.369461375812556 44.771396115944427 26.191813691576925 38.119074473482137 7.153731564604538 91.135530974413697 56.332683142204445 25.047258080627831 67.551141784948783 48.289745207134736 3.351972227561595 21.958905595918253 11.156930669537147 36.627724376683979 77.756207383177056 22.318713654117907 16.719840647878058 28.919162198348424 44.088952014422468 68.505525015330022 89.808171242369099 97.038280861730883 49.042219500261965 46.907095293695043 81.388018317581583 23.760677840268997 14.856721556861075 17.366592287841442 81.811097085950152 49.673912707582247 62.094050695500137 78.330676280461375 46.352281640486396 20.874040559261132 81.962155134200941 60.763028278862166 32.429912580276863 42.855784611270856 39.146839247727797 74.573447190367304 75.966651077562133 71.288908063032991 64.728029628574461 87.537192314548378 61.002640967870768 50.969398313587014 76.814752874149150 97.270308890536697 70.057011806580576 75.205222548389784 70.583651283901389 1.385412097107064 37.275295851746506 37.492345919747073 74.789005246258412 31.718884617379207 81.565541265139188 71.995101590764094 57.019126635082188 82.250961071374803 45.162533242854686 13.878593798588101 16.100793973582118 97.043046966960233 73.615960504223708 29.619115558031606 78.496942861398978 89.117236743599705 91.836811298646523 24.511384534328140 40.096102801996217 4.802150861813281 23.136319043095000 10.549678799589991 35.029178272822556 43.447948740122790 49.993143305403585 99.743342185134338 34.954868124891277 28.069682774272721 41.403232472253528 90.680546601725524 68.289704508967858 29.034627633284103 99.656834847437906 52.964846853172965 33.193775326116047 97.790250931801111 64.553882232502517 97.994040704252555 81.954589896811029 62.170724277305467 83.262586460473031
37.558648870118027 80.129349482012870 80.132669549092725 89.026693703662247 16.979377888980075 85.713508748570163 75.662757941277476 92.762638599949881 97.950934487049039 24.808397718283850 75.207272531016315 81.637659664432576 71.597268524160341 11.867918877563600 66.525518870344484 71.277811742775597 62.606452627984424 83.243798964131884 86.514502890483584 52.458093568073373 43.724725523588106 79.212060372006192 57.371324678525561 28.468004893044462 58.928428921048670 28.104982601645389 42.268942011697149 97.502938638247642 11.079685691764196 45.108160970161691 55.383132581680869 0.425193333151008 62.845900246378129 73.184469072377837 2.692350309644398 39.254300791427902 37.994026424608244 27.618163213380942 74.116958469659409 31.405247945419578 22.427771063144096 92.007032538815025 96.013574989249491 52.990963041183583 44.988286500972677 97.384144885733633 66.515700662113304 54.244468905629859 10.233508850840934 8.826275540364792 82.953391263727923 88.740640701050026 29.244935361830894 80.142864435099952 28.892026104400159 95.633432002623991 34.032801769135347 67.797955524593618 57.910884038396325 37.156414293132976 58.249231059756731 0.554950123999332 16.268030683632816 25.648776740106172 32.906066883150878 17.955852484460866 35.811063505217788 35.282508038722796 7.306570361047172 64.854139291239889 51.314553325449467 91.781879734528331 55.375614043107227 70.367376349392856 58.388257517404739 56.400393205983910 91.625823722046363 35.972532478861574 54.884427072235688 5.532245600084007 66.435841218395453 10.775247618314133 93.176185026512769 58.134414865794994 59.426969963580611 86.449055131596580 42.002516389736542 12.756685282088764 35.862867186989334 71.949803865464517 4.719970377354821 92.285303171926714 21.799179403127589 38.646048317052127 46.060085388051384 53.449650722181495 26.378911336702217 48.810764076866676 36.721840246540658 21.087115316924752 19.219485821690174 84.641294210233468 39.460186361434900 23.146284393503848 89.351298940002479 11.045417776915533 3.654967386944130 25.278077104561113 87.738495860155837 84.613782784044702 63.769183247815505 73.120918749762183 79.803670123134083 92.233314083929784 99.232019117954380 56.849868501703860 7.539246371215680 23.320920734172013 40.470820105772397 56.282901508392825 30.503940787848983 16.256326156874767 38.806649791663425 33.286172254759173 86.922275390228478 19.050119737468307 4.204472412869576 47.071808038629761 31.923721165668717 43.941808138348549 85.626359424824471 42.611333928002807 71.697582320682258 54.119589540970701 20.939065889367626 67.723617926315328 86.095424867582977 72.297250556310956 81.863977146545778 75.378693428755568 33.552629436379846 29.308697031235820 58.578296954762109 79.273424056265767 32.608554984917795 60.006439859125479 34.131637260263126 51.127642243239904 76.181349974590674 92.106815686649270 38.192922168204177 22.566814799097855 99.782363826100848 95.897683973754070 98.650008867672909 18.611570402323796 92.821364242441746 70.189548489628748 98.520510577641758 92.960522450992826 34.930982888408991 17.037142287071660 98.885400100049651 65.650549328273186 25.686335060322218 62.767181484627258 58.818911708341346 44.876445885394389 22.416550410286472 3.466638778815334 6.986574473401785 85.783783693995602 83.296198927920855 77.826731278319187 37.592544092042260 44.195657640587449 54.963396664831286 68.605271266732146 15.384928953105225 91.813171034136516 53.390455047864208 5.885203495166802 91.749803475922107 46.401007099834281 53.961516264557538 45.964292884690337 90.546587445737487 27.227890147301835 31.099625475633530 35.694491846307152 22.615696939430109 89.020380447565415 13.727870907611839 49.043425605440817 95.236404593199921 88.392964087150929 17.302267091193578 94.071254209880323 89.223868799178234 63.444941588868929
0.011171476277561 92.119346629723424 84.661313829699509 4.551727912817660 43.604310000813442 89.836808195613756 41.083210966857933 40.461193201283017 35.939556262075470 48.888753520566233 41.468169262903068 63.033814349630667 2.168225572415006 23.278540792279902 73.984434524014574 1.360518277067202 57.781917857086299 56.089001525785534 40.466577548306645 88.438221282505452 24.146384260769839 80.803708233252976 87.872698959615988 33.136193020534833 11.796955150020761 93.650195855246153 81.868785505088212 7.664823106597119 83.337142692358370 59.978806779360795 68.593633688719052 5.983949026602642 69.111415819966624 87.819383917275090 42.524607540446659 37.873706066051170 38.723782349686367 3.226037661299919 63.680394034661184 81.336935814667427 25.252368831234374 70.610008315003668 96.192968050182529 43.184164622780344 66.817739798562727 45.896619919217486 22.184907404453725 31.590495106505955 11.545440827707921 69.856627104933551 83.925953238401092 2.426684829554326 76.652668280603706 95.002289022567126 65.677649151417043 54.967380336247373 64.658235161839755 57.403412968463961 42.690351731123307 7.943664121134574 64.431868256652038 85.064792317184370 30.960603958078270 82.504209141552693 75.227574130884662 12.152024911023707 90.357843102175949 27.851134747875872 89.688079045638219 84.712209680108771 66.030997763613286 55.275072181105301 44.454863826982269 97.968671978570370 16.615397235462137 84.519431262831006 75.679539448893578 75.250345397650378 20.698093464699994 6.840199223492672 76.461048729914936 45.471343371914976 7.048698604389225 90.372899060881963 54.282345171671409 69.419985738353091 33.380857837676338 16.612526566992582 16.193034151330753 85.403127607451751 67.922993034237265 63.487520322201298 38.378866982338103 72.693215748637741 64.398537073434639 23.387241991875264 8.800870354796064 97.846262782629353 44.563361141371139 79.774757159171500 43.044204410901912 65.828475913826253 37.104574831781036 11.623403791189702 62.882826264654682 50.358624058689280 56.782402464830184 98.353995782000254 43.284388073229721 23.708873317410006 75.321145461207365 58.068122681214341 52.470250075072734 4.522884665739568 51.517877985195156 17.160197322607196 6.450611710708731 19.336846788791149 98.373893987405140 94.748543103850054 88.652356589992337 76.661188268339657 45.838683163913885 25.235883054947251 51.059222471014053 61.472139358418751 32.519056666809746 70.082882554098830 11.964031896959348 17.049022304621641 33.625356271385833 96.292548877292774 6.021507215163401 49.557972505455048 60.413658607493495 44.837867377088124 57.454759462582437 94.296860249441323 38.693266008661467 62.472705878578914 21.613810765062212 24.057596218539512 37.745340109324843 2.450265263717399 51.159256666886819 75.790366528460609 82.718005789662143 89.915743956763379 57.884492828892832 30.103415008157274 78.901103910526729 1.501332651360943 91.389338624232948 22.159314252834118 23.435147133080580 52.589336045839573 21.791591996778013 56.198070647873720 53.669758634193713 41.909771175415521 53.061295362027472 1.272733857310260 35.488442618060809 5.121334109214559 71.626668649863973 70.740758775021632 49.655714596590350 7.499322946283671 53.031473863721956 12.260100927943608 0.097047411590567 5.218281802780977 68.560865791995695 60.705591192546336 42.621974124295157 96.617130669324339 61.679505164741229 1.848809946766594 61.741047490375635 33.866446697074359 30.059099269746881 20.075550145518740 74.293460462321875 42.988562023942578 32.965945107166903 95.266023720155275 0.767579979802302 95.363694716831532 0.510396202256169 81.562867324564166 83.628225434457093 26.655670551107448 15.403104177339610 37.230084708926846 75.654988404726765 4.940173842827722 49.359227173391560 65.580185035814154 67.255697158610118 30.168033678613469
62.752181535988619 39.939604438636565 95.270490081094366 26.921523043925976 69.666450304087888 11.681659860789606 59.102481845449915 34.879290536270446 41.522215240070473 41.340547951856465 87.413723635314099 80.229450519993534 60.287728940591315 68.897128019622841 73.458653535797325 87.677224187815099 71.740483860098280 76.456789910283646 43.437507094555215 37.499844343587128 82.369358319946471 65.866835849406584 3.978777109535503 86.281626864063341 68.071452996034225 0.683434799604576 56.848900329215979 21.388439221711486 10.012557376216547 37.657799807594060 99.426301681754637 90.041714521282429 1.617480160534079 25.520729318610424 65.058347151262282 84.434417577659303 65.914334179508188 49.198782735066359 72.277281265728249 16.391339476023226 2.762704423055240 47.973572209609941 96.543462524319906 5.400322880801090 39.096156877430502 29.462619674642131 3.438197063511095 4.630593505373160 21.429560691863301 75.974850535313763 78.240636515108150 50.542825877030765 3.780524844233002 75.800136150175490 60.064387670275678 22.490702844258202 40.544107369356695 49.686689051415570 37.741718246228061 36.691039845322685 35.468046343198282 54.638426534441656 60.501988954144650 2.363975257991335 65.510456776289999 37.741459484748610 86.945421512778523 16.803135944266646 46.728051550529003 35.439503748155445 5.593420444384400 4.171213805355922 47.746852379176651 45.791896386875841 89.153064530005338 94.818434000042600 89.457206687823017 63.217272904776820 62.759381997137268 23.674026492977784 77.899994171343252 2.397318401403903 22.255327232244049 48.145755955856615 8.841446566371436 86.193991871612212 97.059542822538305 89.456008192724184 26.569729510585592 84.379376182159078 80.410742886996474 23.314872153323464 39.265116592513095 33.949054688440938 96.926743236680920 63.324026400248400 62.718334801901719 45.941030647939030 48.766071650635155 27.432508984821602 10.624454939236639 7.255730104852631 11.067294629166902 75.729275469715702 38.961784192192297 46.249239141521116 52.293303922174118 25.405360327620684 51.083336075233078 28.002615638304395 37.854636122817517 1.922396227417511 82.487516230485568 47.325802501358005 3.255026703628139 85.407311011920200 16.951149857704184 67.642073913307883 25.894300034610772 98.715114416767634 38.413317626582774 9.204988289153293 5.537959210312781 71.944250518085596 80.657051362187531 28.665600971684711 35.823043834068713 33.110720246111526 27.929533630809068 10.924524471869724 3.062270639015308 44.940281351022058 17.390001352679885 11.680782989966964 77.872676937097026 14.482737092258757 71.619841513569000 31.225164513689350 44.572016228673384 79.043025538501098 42.688959665111391 5.156046274491100 57.987039075347411 1.691764938743912 21.804064208298112 28.331636230820255 60.700537449143908 97.476806667312545 6.568125947653702 0.784759792889722 80.675584839536640 46.015317967665183 59.494846638933687 73.784925168904593 70.059031138002737 79.176526917369088 78.909480320269608 90.875235049764910 8.774331613943520 9.881855880423963 75.440923253791098 89.035421177888665 30.548555601946592 14.832087369292701 13.742357947064242 28.540867337422725 32.492431558788468 82.476221597811119 98.616199980395507 0.973902895551104 2.798823996345601 35.429907144924343 52.473905146353175 1.078615043242881 42.632967709278205 49.227598670437253 24.294128173712092 48.173123429394771 40.088863089382500 51.591623294363686 43.179080507734170 10.309083527961738 56.245670514686367 41.892430362255581 62.974626108248913 27.107585448375936 18.403666784120976 54.181968548758164 63.037331927905271 83.336976414911121 50.281626344621614 87.576269328027493 31.757493144506554 18.958963369568306 40.326545284771029 0.260345821034136 44.882009530359213 25.209123472578899 67.898191733214773 62.645579220497403
20.685277897645282 6.887054418053773 65.467421319882916 79.941946988697566 30.590984932073340 0.262985268626514 17.067194837883925 44.358089543463898 60.716553737339176 65.270347651764951 77.206275744035722 26.370496803059673 16.790850123989454 93.605281257564727 25.863271436399682 27.618139983630563 66.463755687785365 56.621429587056205 33.963666547952364 18.762292202469155 51.173659940384212 70.658929545626165 46.650405255825177 22.738605990734250 20.830767972296329 17.679905826993615 30.525613163571109 78.408799871472041 66.065557649792311 40.259123437757317 47.014382756288242 32.914301010758685 97.341430001350673 84.334543566914562 69.270122972343316 64.607423370121182 70.930793950400542 79.869066793276957 55.401375086847246 3.057842511127673 42.707340024682125 14.141298806067104 0.816237618744386 97.844471529120341 51.693961728166670 10.916689081375564 96.163635343652487 18.531946400660672 87.767869617507088 71.221643189378426 30.670599322238658 60.585896072531163 65.713004010605516 60.272295490147989 80.094744010934519 10.605592082325387 31.121735728879894 53.174886370175322 14.973989038200820 73.189734486439434 79.846456806880724 98.104799053923813 48.850889430076407 17.549773358984243 51.785723175798992 97.115654343038898 86.926033734859558 6.087249880283419 58.814029115513179 50.771392507372084 80.619522190872857 16.881963304083481 66.356423240519291 73.556698546290562 61.683716244621579 93.377630539140696 6.832269002786795 44.673703152536227 60.169467302146330 35.260073520387856 38.184030300016701 72.408557457146856 16.792429037457847 40.730030996749477 36.213268868733110 15.122677002646279 94.888332379411665 64.676681371778088 4.813750643203996 8.705163836971440 71.480448281587542 39.187627747465314 89.691625837673740 46.390028640480260 20.412758807203101 56.548681576110106 8.222945983579955 63.825804285728758 96.252688646502804 50.780504975171191 18.924821498487930 92.753834238948642 76.991469242523848 92.862610167875857 97.960671218481394 96.381604912662169 37.663956454269865 23.862693625325992 37.168201437099178 90.281568656342870 48.544692614462726 66.463015041865376 17.803657628819593 38.037762472091941 19.260867325035449 77.215196284614706 93.380837357751915 60.614708186590136 55.497779880382048 69.726199389301641 88.369744839923285 68.388968089474716 37.094794155427010 41.550381204139818 72.017031866453934 90.854093088426808 1.025291648824000 24.715417936063698 32.783161713043249 4.449057829467861 98.442054100468567 3.509900685172884 74.435691614579000 64.283951502970979 74.440234924547127 88.080648884967189 17.059994184918580 59.952845594750727 50.554071400625489 31.869793729577466 53.457781320650611 53.672316714298709 67.995437351139728 48.723475220491942 93.135037809890392 1.261942146745409 38.444633306276742 55.874606802405502 37.648498511713058 95.876744619983072 4.889455608412973 84.574100845161809 77.985571604747378 94.967040439575186 33.493625404805030 84.355514900799704 99.992426404066720 26.746533923411352 91.136459648384175 73.927933283864220 58.749849534406508 5.981873433298368 76.415533288230094 64.004302829097895 50.604603357321601 94.024165619386906 16.760376821476896 80.118488788805834 81.360982354690492 69.622747289033782 95.450617522742576 23.876184463729267 33.985757699158611 59.421580857552811 19.153752662690181 2.191665534533738 29.923646126222437 92.107379226879232 79.397639194598966 90.420193768144657 39.072928816461541 56.866874788512135 94.047969846961209 31.461933902989180 26.062686157313951 21.518132519280286 58.550200080067583 29.526353856499966 35.960109480759897 3.916724449969167 53.934824361844669 15.407673566568480 75.062377392755991 90.574118062978187 13.861149073854296 3.417629033214897 82.433280181690421 99.548109230030192 59.789679126870908 37.184809343019140
31.257461187011526 70.781752602514089 30.727570443782625 99.562787983574282 1.792375111569833 82.117503954515115 61.567040530141313 56.482262430078336 98.625091381014613 85.359888596309034 43.212785680948940 52.132350798097491 35.435153201713753 62.726923934901315 70.770094605109662 4.889836782985091 90.096504645834543 32.195630464363468 24.540076329134187 40.348666943773118 54.820979053438457 10.777608889273615 91.592225195297232 40.445929669901318 89.013460608538551 83.979463580049668 99.612012186264863 22.341391680922417 23.605274195828695 89.972820676365430 17.021580364287914 91.907144828034532 7.991437161314597 59.490051141896707 92.353010007846379 76.603920452203567 89.369952042168833 9.271938211664288 85.016530539379715 78.936101265533324 61.354636042476216 0.895289225865148 50.434045602580909 22.558050385800154 10.319632800155610 88.446980436544663 59.776919945582094 76.536621146040929 18.935950980569128 51.803307377012416 55.091403572482712 60.802614042598535 33.195548762770812 66.804481653043425 78.960556209753150 48.609340911748298 15.295848389208277 33.761325260396632 94.185793152480585 69.975123485870185 92.635871107448082 81.817790928697050 37.511785665523135 44.910460103838268 17.918562227744104 98.396048323955654 23.005351137634968 81.360600170383520 50.380812218607716 3.683424408116731 21.989960411391905 94.111190448992033 51.217926751909800 92.107613729110312 2.760841790094770 31.346965624022406 54.002338863430843 94.290193374792779 62.640323825816999 57.750235243398116 96.480051363173359 93.936316170733576 78.599370656921224 70.282257729643788 82.129979679716143 31.553226076517614 89.622870713840811 56.808029626053234 75.355030359208712 67.156364304860887 38.587895673046027 0.999929504441677 73.807661509378633 70.646309906649023 34.828084092426316 7.348022390538478 88.213993044872623 85.436358972994526 54.486803969752017 69.172004499646150 49.599097491548051 72.317445852474620 88.649658634767604 54.968254519629667 94.587580562593160 47.447141266294182 70.335642594496122 54.211271685820705 43.545880553915538 30.317293760670438 82.664948454788131 97.907364609089086 63.658047527464014 51.088804763504001 38.085183463161229 31.739959007319328 90.745375970239394 98.499726346573624 63.722504582573173 92.791066752894466 88.082658873911910 59.000839820150510 80.593826002311459 41.516511291336435 74.376307178961952 9.385743246166623 81.298825920932543 3.968995955637156 14.231100977803735 10.220093524652174 63.792244271293541 88.101563444466194 16.232835097587671 49.662493732881373 73.208890247445495 27.819948814566185 83.322957350005055 73.036805150646458 27.120536555938056 60.088347936968866 48.069150242142719 51.290701706902553 40.227587074597729 10.647386696886308 26.067839173804565 3.199888865790768 93.247374958870495 76.444341522728593 86.849096326860931 44.409382113253784 35.380773599453363 47.300841540152035 44.249829063399325 4.504680725981514 36.081325983888355 21.887772268376448 84.620493013132062 75.355526281343259 83.231590197438251 23.537044202982226 19.574361732107782 28.491264509675784 59.254063783902048 2.376597158567384 7.691013172392680 0.553680180167071 69.510682666409451 93.667997690512692 32.854978379413410 41.137138769169887 84.451115958526330 85.993976486233876 7.211383820817840 84.601931007465851 32.739059596707065 81.599415515884417 28.425692386361046 41.434592169489534 83.982119992860021 9.525152740320520 5.746239670974562 63.602193354690108 33.383585647333305 80.665757069227681 79.007085404247817 22.291461683531178 35.578699102965004 35.932944822011869 98.511008833595454 7.971237242646190 28.742217481215970 64.600388687771940 88.912553868758394 9.078756172875790 12.370770653916473 3.332023270328266 82.771833544187075 39.671294204184257 55.902611877466477 91.523461881754656
82.129979679716143 31.553226076517614 89.622870713840811 56.808029626053234 75.355030359208712 67.156364304860887 38.587895673046027 0.999929504441677 73.807661509378633 70.646309906649023 34.828084092426316 7.348022390538478 88.213993044872623 85.436358972994526 54.486803969752017 69.172004499646150 49.599097491548051 72.317445852474620 88.649658634767604 54.968254519629667 94.587580562593160 47.447141266294182 70.335642594496122 54.211271685820705 43.545880553915538 30.317293760670438 82.664948454788131 97.907364609089086 63.658047527464014 51.088804763504001 38.085183463161229 31.739959007319328 90.745375970239394 98.499726346573624 63.722504582573173 92.791066752894466 88.082658873911910 59.000839820150510 80.593826002311459 41.516511291336435 74.376307178961952 9.385743246166623 81.298825920932543 3.968995955637156 14.231100977803735 10.220093524652174 63.792244271293541 88.101563444466194 81.298825920932543 3.968995955637156 14.231100977803735 89.231746376129436 34.955742925686963 24.274556252132150 26.350881108856516 57.726441457177692 59.950398520361745 36.513501978499882 20.037858734854762 82.389565569183475 50.992178856448170 28.878274655585955 29.405896651108709 86.198180472291980 4.374185389198216 11.021465779385608 11.992378110729407 16.832421544103269 88.231301921275616 80.890457482845719 97.012140845006755 97.115520272521465 74.972628461215947 62.798726284384664 51.237809398356006 92.071506445146042 96.315070936277408 79.476869344603500 90.742996805248396 6.957300712468861 71.813457961951855 48.531771987298633 66.260982632565074 74.862707336562138 62.555562395022868 50.367700772748321 64.598379012396308 52.574260402735582 61.367501151853034 69.316188568713599 55.514180452379250 69.651798714092450 13.438592672520089 65.576906125433595 91.055273899907633 18.081536293363797 9.081445537503363 61.813589350675493 12.262547552992176 78.511552364472806 19.413721708902987 63.523342525741491 10.803543282441574 81.459254194584545 59.513547419472289 36.259625115416227 65.822604950170728 96.342091660008577 22.868838959546334 70.155613046279257 50.859648592051244 84.887795804319609 75.570896852847824 2.239277331002987 96.965785995771142 74.699699329135768 98.838890985563069 73.177298808359410 21.214123047347254 44.974238333399427 73.848687547140571 91.640809147504925 51.583705106279240 37.907786560872324 78.926028514082191 84.330469777292976 97.538929987395846 39.849136544996952 14.832579688870984 92.428807500848109 9.286841077561492 13.396015884787872 57.590580139289180 7.289703077142329 40.876618043974219 46.186529898737902 35.075470702352348 50.227845664629612 78.270051208936565 79.846172470692906 92.881024963854415 67.415344910158069 25.518994835718456 73.565040971447971 50.613992270924435 83.988981344838720 19.423531534853200 93.113306590448289 99.415634791195401 94.931429539270724 24.178612857367941 1.325916052978338 13.062426225455791 80.342798439855770 66.007961093159963 74.330653759745047 74.820239559682250 58.797327619035002 23.823506563710961 73.578945319880660 16.631625859314912 46.515194890074731 45.857852040110082 79.371619808205779 56.156267392847560 67.502183595253484 42.380584501588523 33.642474120756837 60.787946526911817 77.132691639528190 69.347597984822585 98.089206649642009 66.539379952592697 49.188800401766741 16.189319565311656 91.026385427540546 8.946901568606647 4.867497767835960 52.546171165883237 18.020665943182646 88.361338780858830 60.058585665806788 10.724739671936135 26.635502172335190 15.307247902471410 54.473145140139600 19.313728238635331 59.105366725233154 65.090881247833494 24.309740317482653 94.603262492931918 71.553269644520384 42.189609835199860 62.369846477081424 14.692712977047396 46.804278404143830 69.554745671331375 70.369207211001708 97.294025975961844 33.752373537439283
22.064795621137289 34.424335847082652 19.720334460614485 74.656365461232838 39.919603084240208 98.982994546553755 70.793658580455030 18.532202644792896 87.938198356490744 35.080321047462490 34.216688301927121 35.074360680813157 4.678025950178377 38.455059102882636 21.834564053509631 94.910253768183779 60.815678650124852 87.805523816539647 20.875001584737618 8.151721770763176 39.629108834357062 43.085771956967299 8.550266991686339 47.862933116719233 75.123035185413926 13.562979254345519 37.841610721361306 25.867190126703964 1.969826941600727 33.418181198976527 70.198797219442540 6.064669840017379 77.158630981783588 81.034051782019418 74.483050311436969 88.044642271704873 71.537897824830125 54.908946361814593 46.888701651956076 77.350544424393789 25.767157211797851 33.576738007667608 82.284154958542501 11.572030399611766 6.091404218855534 39.611675443687680 50.401233147986602 59.798982039642368 98.022928974226488 76.070659837739584 25.290644791538298 23.381139710204746 61.843448884798889 3.842353440313950 2.869116860155541 79.635331340187548 49.451025740624878 11.588323864186012 36.175001186019692 2.552492448991828 0.816768888757602 58.434644348296402 5.428821580698628 56.023814870498668 74.715815654481759 42.036755415592452 87.532692432930830 89.427272478840010 82.211668752748352 83.574800300728867 38.537509369879608 39.713836098079902 12.231452897935213 7.179310052554211 88.783671458426298 58.990209918295747 8.693139622982283 93.961599981468567 15.460014383595277 36.141067140610495 9.530867768070184 36.150389657833458 20.506739491378980 27.297862602805889 30.393102674035500 62.761133865234463 64.417775067104287 35.165084785036804 64.595363822484302 76.701575929634814 78.447408660315858 80.568743097556222 6.755484783839682 43.949318347166688 19.289986568157236 88.637016735885766 29.030583150625468 34.052687501635724 34.244564890060047 80.781020734697663 72.744486726659346 42.704224519519173 40.778518132826221 33.614280892528136 97.579788208417554 2.885762040817752 58.860362572265942 74.788350832171091 4.833848751287640 21.305376102232120 20.940013521628508 34.451164455034174 68.971136781507028 20.843915639005683 52.095212231421762 20.710801532060628 54.627614314979247 15.158689054211106 55.818072827838250 35.446317179821762 97.656251747275149 72.455429127415286 83.149834525039751 41.359441259864347 56.217594479885321 61.976567257757040 81.629208984596062 56.950579251499946 61.215538585844598 54.573492463487362 0.721939075568123 50.140154187201681 53.368527012651370 96.877660541240985 47.472190270555750 44.593408154356254 34.732739490211515 97.498015595189401 34.190288194042459 90.030475627459552 6.159651748361361 82.996141274994571 69.344697796294440 33.362153556278415 92.068754201186167 71.734572383272550 63.138015023810844 18.792308568256956 18.807664162403526 58.826356022594354 62.943578055833605 83.710730452994824 42.357652169839952 94.860582778135608 53.788399120427485 5.216959634229424 70.870243921333554 12.035710618322359 40.696965453106124 4.248255914256838 99.991490975163060 7.069767678669148 87.739023816274639 20.813949386755294 40.657392958168629 33.838364811651175 3.266867597691248 63.406628296281944 82.907291578831092 1.271920399659743 31.164612499074419 79.340217179242188 96.883111498071443 26.618892777364035 80.109395937733368 7.109747657390953 45.206367283452941 83.274840203322910 42.726194266958906 84.061128621525356 60.332775090814927 62.781457276438978 96.951296363409753 13.964893396649391 4.256640365493314 1.848315081653196 92.960591305720953 4.895351060765329 61.207881504825743 7.370799156566054 38.473987298106259 62.372799904265165 65.664600540957778 69.548484545300383 57.699536429994026 30.554277993163026 34.939601715614110 30.862316644152255 60.707592622349303 30.048502392207944
90.896332426002203 66.008045670450983 5.699445644984669 65.291081547147428 52.560136001178329 4.058455011239836 20.193061595151672 49.788516701050753 38.012445746970172 2.370141788206459 64.174463210110417 81.950165267014896 50.381097429433296 21.756803661240333 91.437175667049004 28.024461705178851 63.234314126568570 36.972714886989046 69.933176667971580 21.119125741351642 94.296726722176032 66.371887396672619 26.835961994684631 39.145415639472461 43.905126521990354 43.143811853737986 37.273885832344334 40.190406929786384 44.188462107650331 28.662020530202771 5.525225453708149 81.134219359290555 14.734820902634716 41.339386783017339 18.034079582154959 97.171898961932882 2.113514965254248 11.426538853718426 85.324342154589900 32.972683313350771 85.750371246666347 63.617318725279816 36.917484928977572 57.026924340676011 9.235736535629457 99.002290846763572 10.804376241047031 91.343876991524681 0.848080497790815 63.660713122871073 45.493060688761403 97.639966484270772 68.289432484499784 39.687332759547267 93.847668721096611 46.705631667319857 79.499253476523165 40.214538313685878 48.783994195425208 83.653347109306338 64.674465048319263 29.991008926112684 39.460091822827735 20.571125861119498 99.360506914936181 49.895308681962923 24.642749051565737 4.525645482498608 50.876809783421585 98.210690057445831 70.858456377639982 65.382266317936939 8.370679045310080 21.438687905879206 34.585172543136210 1.331311850400896 6.686288053253875 72.459381882074794 33.304280591533683 83.373948054002156 91.835058403639465 35.905910904220285 53.625152991264557 9.424846978532775 86.142069214594869 4.390363300212541 90.122241179090594 12.592241541402560 10.026058526536152 71.095873391155564 56.075151926416424 19.974270842622733 54.769585575648264 22.847426276143189 24.458485354493796 70.727200375670421 86.639277535638129 67.817543915505581 80.337399028441240 61.106024330251508 87.386696684167077 99.788713048347418 2.261740448750515 77.655324874731747 40.500140192000536 3.543330960743629 5.614863428382000 48.081180756587635 3.560318954845021 77.845499059105066 98.432858201154758 42.929535124250840 14.928914903293222 0.750841837569494 21.705204260924916 99.097884643189261 16.804053944505746 83.369195005685697 78.476550977590207 73.370363440797576 49.125629355815413 52.179881164167149 44.436785790704967 95.574087458569181 70.639274678239332 14.487795326982255 29.700899385296410 73.913834834430759 14.010168808564561 85.073117655568723 36.008717464380503 48.889752102107018 10.402046450090507 98.194383924938975 93.468868483127594 98.455157376726319 27.790471752203072 68.369203354525126 69.666060747468222 0.138337502809616 43.952946327572874 87.705195196178082 18.873986425120659 54.864061125790407 1.931171356465033 75.377650323677329 29.680407701923450 1.760311523925751 71.882738550976882 6.020316348052490 26.992119009139991 84.415413705695059 39.115768453206691 17.488704610765705 20.006990983466522 75.435822022971294 44.276984050523602 48.346874710607388 83.197661533069365 33.986107609803561 7.830885999624037 7.070265843231160 14.788492404847563 82.917488566289578 95.267743604758564 70.276100231590902 32.985149458940718 94.406329509641353 28.045341512604150 27.845790377868539 25.752686993108664 29.668419184962126 53.719399888508910 44.854607826197466 9.764664988943860 83.489173806602295 49.619313216106228 3.862495941385069 36.690523526419113 7.949273797600565 22.142832052658189 66.625923085297885 93.532464690412482 99.745763014021804 88.129919889187718 67.442222202185206 49.618257767059823 22.116341377439930 96.104482474704355 42.547396799018500 14.863873983788311 90.644180995741110 79.228003726890321 77.630648279704189 4.082514706195850 26.270673718317326 35.794407775616712 68.236719029497380 23.380420835857674 50.541995854866386
28.773890236312006 92.661995820726943 81.891849592815518 88.423791703237072 83.910089671810766 69.416741796248743 13.156889398463335 49.181651591700337 19.088735991125571 87.644159360018222 6.987481496285008 17.165808547787087 59.596383284457467 59.790068094975410 23.161241086140684 27.950607540116156 94.019966262262827 23.276134359095767 27.860372914494093 81.719547276409457 52.236046814952829 49.412815555665610 34.360089337137566 28.608191171481266 48.550243577368235 64.059682633747002 75.961882883280197 18.032160409678333 56.725736956167196 71.218715660129760 43.653785216282579 32.110925118619079 10.093568962221489 86.017173398950035 10.030396135280562 64.390470197865852 30.813976904801020 18.309126371844098 3.051848405698976 24.840314742008818 2.603641808720147 58.457109653258101 6.783705367292658 11.334729380468501 45.171010220788489 96.294425026280237 99.569808837581675 25.186418914059526 82.366294061894962 51.884935764217467 67.789889168871852 60.862623080431923 20.655027326880791 43.073005879952497 63.884302929798622 12.354733276382868 0.178880961233319 40.643547448915520 82.450314370690023 31.308700716384585 75.322614311556350 77.843111879704068 50.050891035986730 60.171373137497497 54.131962332509744 29.598294085710030 30.388717687444878 30.453841938826052 7.410413444583086 19.311262568919428 11.638529210429693 70.966293920796858 94.379927716888602 84.111191605925100 8.332494113790279 71.400476303116918 62.115582894907732 82.513910126124244 14.389286377932741 22.739054498770074 88.880490375265083 75.223387037311369 52.630968565994351 7.867181794878741 16.412009567891506 10.807796668180957 83.683780370350007 81.345844743920395 79.429697074155271 61.690322402021835 34.138195947770591 66.001710945414743 56.576525215783327 70.530968176523885 9.357092625953500 80.393319693653339 33.717569035900439 48.286083284538428 70.791220457114065 60.503767674210486 55.458647870442121 23.576541002859464 78.413316062603514 14.148756217545666 17.196372807414541 2.069927018031159 58.575054856763018 7.420236466834274 56.506399627957151 96.648890763006349 60.521658257622548 26.043014686099941 34.318476990899036 98.296001787362826 80.338704308026152 54.745740972278867 64.498876120775819 46.323873211460850 32.274615850495394 55.050698293049919 19.243323749570408 95.840048493710810 37.863461540060726 79.103433147570684 47.919492841268237 88.916073259736677 59.896131840255237 70.498395601561285 86.169256828823038 89.571274406830824 51.063048395740260 74.843358007913537 2.578847320537003 94.351672298924470 49.749567451620692 80.905392612600934 56.116245022019427 88.461111277667754 31.498986620428028 14.826037532946945 0.953409577630360 67.122102053164255 32.012408000730922 66.688577357368473 7.683122919561347 22.891758768921090 65.489674709341159 17.011080765268527 18.005521788642799 68.730862057651777 4.519305328136836 26.178649501475380 15.848422087358482 12.851962372949000 3.925998012960852 8.579222081263271 75.288192190353314 12.383783759584521 61.719105588282332 72.500570683320532 93.164263171820124 4.301154115624872 51.153136839630598 36.428306383735134 24.870839476124150 64.716602526214118 57.891783091808499 5.993227584721561 39.456727891005208 99.428515528992406 8.749027216647187 38.187119766184985 31.551592278971274 53.749891038031073 51.384863468544530 61.088926525605892 6.232579675436911 4.096508119290021 75.271521122073764 81.291140033229510 1.633467078180717 10.226669503711028 31.881382113850588 98.972551554141290 45.336949363199594 3.688197617837830 82.235507894158232 78.362750737955949 99.629143067343648 25.549747757060061 46.487821467795641 68.604404176967478 4.023882410393820 14.762847748261231 11.538502082810155 10.345016555152931 72.448742136330097 9.589590015776183 30.892388287804216 83.612685038101347
0.034535780775857 61.776009496020365 64.634595572632435 96.489320994243386 72.561960357161851 84.163850263670398 61.407716503901220 49.859947155997986 71.712541036710192 37.831388225382987 43.631288014845474 81.029530010093936 42.876409547264217 92.447741585386240 71.471429484680854 57.961569865497488 98.876495470780128 61.129770846251397 42.938516222799407 49.652611328470940 30.343366781200885 89.372710058928689 59.111104182852138 32.118755283651424 82.338819090257601 99.098021245431383 81.690446110087493 48.476947293838990 46.338133902211418 35.863615111508061 47.112516937643633 73.997150852830458 11.832985399318719 3.868837583294371 3.717322943513823 96.331605513547274 93.949270341992715 49.314938542999478 13.459053366901896 26.100685419298276 11.684769994762611 68.989314950105523 14.475167890063211 20.351571644975884 16.304322226424915 80.342371318235180 47.913694917113233 99.463288587259896 93.789716041401263 40.154806940082054 2.832229157270350 60.014671857129919 44.298067675811538 18.250675504376122 86.300388455258201 22.312306928148995 79.972147432896193 11.789866575229235 71.267868944468646 6.708247759525133 30.886836611520117 3.079966494288533 25.194741979499867 41.402892792986869 26.085047526477332 69.616659920478824 49.745260190288185 95.973191530585765 46.835700982736725 93.068029858232606 60.620970096623935 78.622277188702640 40.759623153697355 88.592385608031620 3.674929331108434 12.853505329638182 91.362563661153999 78.347261461786914 25.023517076169057 73.387785070291613 93.862288441156622 31.507387747420257 93.801113444946921 48.000852996322998 94.361324600325247 36.324938254799989 7.157993587914757 18.747542709929675 71.258173838540586 33.672191582450594 11.472210815918460 10.827401824469618 29.576242330318181 54.601257523870139 74.368256633714850 50.135885399944634 59.528380029501918 58.952367815323583 19.244794289926038 12.658798987120889 21.635800499841118 65.815049532092885 22.425365451792235 25.442400397529852 4.980667162776797 65.673251016850315 16.367237783960508 64.823896691420032 58.449281161200382 26.117244304613930 45.534987224387180 19.025433712763828 85.058523381724015 44.582221568831002 96.850612669914383 59.991886540956443 96.099357097242816 3.868477747540711 41.007464483156411 28.090266633882301 65.208777020692992 72.927787410052829 40.985668606372919 7.718847444161958 89.438752522013345 78.608448926779374 75.645900737006315 35.687078566349086 57.231948260296242 82.016079718631431 86.840939982505290 94.854641634541082 25.462153739432825 55.759067812946917 83.948319079709904 86.969702292651391 7.382291770504102 21.981729306765232 36.743338306221105 11.928705920439464 91.711348891101196 8.440904693815831 4.644978163461799 24.508824700260678 45.080675179424546 28.581639192685927 81.680457150772085 28.422269144409718 36.914808312507773 48.791633521990555 90.357169682451413 6.570114456129894 17.132426712071659 94.666358746117879 35.134776117248300 14.310560925990378 23.264863390565438 47.379890315394810 84.716030462930206 35.292223536939851 17.079804079417428 50.534179604850870 14.799818980672786 34.188913863700130 82.579552915762292 5.033205855529532 3.595312257767758 67.737063647616807 2.759104797917866 57.032125113983298 29.661192512879843 31.092898561133431 99.192696543729113 31.314861322463873 94.521603599682464 66.346327933916015 89.201450686849455 62.902077724752623 53.143868787740104 59.450541855499438 25.395395767968221 28.006433585980727 32.778415968320061 7.081728308988932 31.785069369473650 11.399844149284078 36.037377182035236 4.639607633559151 52.737523109036758 44.397406120208501 66.521069437862323 75.769670069687706 87.038481085723660 98.880672802395736 28.497535909287809 4.236599191544377 93.850236821873096 83.882556591969703 3.702426955180427 95.286818247334466
2.160789549752118 87.073865352496881 96.016172862760868 15.914033748771750 22.288425815063363 82.395873140151068 38.932694604353280 73.974475259075433 38.648837960570312 10.994615962888565 81.595180164434240 90.642506765599990 28.040843762504519 68.210226494808452 49.335252089421587 69.038822296260420 42.638990449939861 61.081046935088864 15.793531045617648 29.018773377032346 97.108766076202926 42.130436521634230 64.962853900344314 84.866418782208214 17.380068092328560 87.450929313737504 49.833304026886850 9.770016533402860 27.958216054435869 35.156435228743241 9.542425815307121 50.318371506968361 58.730974603904109 75.661358459722791 61.471070934622787 59.074786415195078 60.168039754417016 6.413575180872099 42.782631690517682 76.685178771292499 17.410117027413275 45.765845904739940 73.017272734997277 48.453462831785565 84.645197778003549 73.764330921126472 34.069548061078017 46.425809409330263 96.846454574500072 2.008021205235033 40.849089491721415 39.496865063673802 83.938427706667724 31.853951560599370 31.601167136536191 12.429631988239354 18.891620501126749 67.110066799526564 17.477672823523072 75.780358712364688 43.314281116982400 35.574391592670885 50.705129227237030 46.814979180923011 81.216850991649054 59.405871983740631 66.020806123217255 51.689051927379694 28.058501462110009 20.022922955141397 42.114719980496673 62.027199585205572 96.425731202710011 93.118046813969983 69.195595741044741 52.887781578225756 71.370850136028309 75.163628785252229 50.827086551247461 30.240138004031280 58.340605037775397 29.479286350117672 88.630862932190922 54.903804218007657 97.461768348425537 65.603045969222023 30.797194874474599 29.265643712182133 14.753986628527759 91.131947284488803 59.576014618667905 49.686900637109808 68.130608218143493 99.405725212518135 30.240138004031280 58.340605037775397 29.479286350117672 88.630862932190922 54.903804218007657 97.461768348425537 65.603045969222023 30.797194874474599 29.265643712182133 14.753986628527759 91.131947284488803 59.576014618667905 49.686900637109808 68.130608218143493 99.405725212518135 41.362933573809499 40.958020913713831 56.047918394154294 97.083448067745792 20.820961312126673 98.535574859092620 48.254783065394591 80.597148399442617 89.230779557731225 49.880038437637907 26.464813353553129 97.040941352163699 12.877768974106473 71.420480206115172 19.188466799933035 76.444660675114605 77.467681732832560 57.117374029475378 39.197773906775815 26.169452965097882 32.402664505640210 11.460297954183108 33.009992750912595 97.570087443736256 23.952750584708404 29.678367504200864 15.265975595694158 40.147280384421748 6.200111221131543 91.085554860067674 63.837967657398131 77.301541506508201 85.398575812393986 19.877652549489000 28.673700187479056 42.168592929026303 32.498190149149288 1.365548198261934 37.607392353207523 81.113372054564437 27.852460643417466 65.239074618706709 90.179408017114099 73.971287938460478 28.488118327277846 67.859860382780241 11.609182383452932 11.733675494620865 16.039149856521316 8.006830207339721 83.429320851542116 13.326990941621109 63.015713179721153 46.677689805274255 37.053487420700961 22.379048748545806 95.538544812211967 33.730749591350964 86.578377044123371 87.527882050808827 73.470553499184916 23.389083855121552 68.500604479607532 97.505346260485098 15.680835572953134 9.092433183446724 65.639651832424732 92.425846549638308 75.627959273152726 48.882102854133748 13.800111074127731 94.708840819557267 34.762196718723949 70.116668079893586 24.224671280367517 22.793138838034910 74.558745376624586 38.733324409815836 80.890851846086647 69.174902336208277 85.653944337047548 49.209764332183703 60.973946202527728 36.377832940761024 23.306026802814770 76.045810581538433 27.871833724648909 36.163685324991171 93.683377695359795 88.830699162605512 83.735965799125964
22.392780664019519 21.395436758077636 98.900854368175729 75.122885727060691 91.022521365139752 92.923341887560383 32.105598729171057 30.906770816589479 76.793938547902201 10.110737899019362 46.951202813597348 63.295739681278206 16.340987583609223 25.681328963296025 19.670200804670102 11.828555780712513 6.194950374917784 29.814863053049667 9.512074807319715 25.532920689350703 74.157995446508323 77.328625290581414 59.460182426128959 49.730531666542845 87.439283032442432 86.806118567618057 10.551607507700499 45.643937522211253 30.423913942402059 24.981132833890108 7.087327088249085 91.622172575641287 69.278289154291656 56.025813214519303 71.512515758593125 0.535466630746972 85.019752732266156 65.761525142773763 9.958492621269810 25.576886216231554 35.020209518131409 52.426115231888261 73.779594187351961 57.258162530965663 22.683499020092100 53.542415195922111 77.699607542756226 51.100041499743540 78.195274786796134 58.491306688448056 62.360090416163040 78.369909524568953 14.274006003641325 30.816563237432113 98.400629471225557 90.791759142730584 8.655336397931546 69.438548957050415 32.522635178909596 10.963920569929419 79.317106880538958 23.573373168781032 35.379477181369460 63.392367396312046 50.325262816344896 55.293680778956769 93.890283002187246 13.922824997249627 46.169011614769175 50.850545830639774 36.183050947975289 5.243130348185899 84.594010925514624 37.884390608114501 61.558214571205916 28.022545842804401 98.391984127361624 6.500955899028982 37.554095673753586 63.745352883398162 78.927620716127109 28.181070592272484 73.744223901560161 46.537902791201368 3.956014929528973 2.052730259630131 50.514902461697041 78.786963578331992 82.150373811389315 13.102036514815808 46.588273814949730 79.356572123649244 13.028155690013710 28.202763394045181 96.786990380432997 12.285093885203135 60.218606273449794 16.982480175913985 59.140167217034382 97.541021522181211 20.004441756706349 85.689453856138726 69.603060384133514 67.915582419006739 90.736822092332872 58.368075077897110 88.723403552756110 53.508601690281665 33.221307595266438 76.385964043857626 89.662903357833315 38.889978199584874 41.773735693637967 91.445298268918009 59.233344107676466 25.186873365299466 37.062293539787582 19.531892399957261 88.737945324051324 41.001778771892930 19.340153501709956 26.352791288678823 15.002468281773195 57.006412547815188 19.083861881687902 72.322291828703982 18.453011873570812 56.923276188766991 86.629559480383577 1.628578909549283 12.818963090407021 62.320840047483969 0.750360186820609 49.169028919139343 96.059376653871624 58.023342950722878 69.124249541934049 72.332574841209095 57.157347957963744 67.837392896558725 60.756211297020315 27.778713654421939 85.874560061045372 99.198650408882699 70.715946518081381 66.390652317254620 81.596548561117572 54.914492216851777 56.504359361696558 14.853630708584987 57.895662633122747 21.641410980302346 63.427142794929978 77.624066421932653 61.729667126601704 73.457960629864175 28.848748007500291 74.428806370844200 52.151911250052208 18.783003031737731 17.133945776637816 44.633156882073713 71.748414387749676 83.647048318798980 27.317843320260348 7.505585879937304 66.598577837399347 60.357701525338456 16.619276690751061 14.957673050615005 69.123342096541236 80.640075475352816 69.326029791406711 37.119592759601453 52.918214993509153 64.611354212358421 62.701717946148690 49.782234284892468 10.756140718098283 87.174773861623422 68.240688304521740 64.553083134158172 19.253633734569288 67.557350898638859 71.748916163708984 87.406231417991108 96.454906242090729 53.515876805424000 91.807627796851705 76.072569030021270 56.846159760665152 13.915597124276758 73.007343372275528 63.657096531047387 13.078472890733661 36.830169678425882 54.722929840473668 92.687412330471702 32.362841052164214 66.413934936073417
67.777176241697518 98.531909619309985 63.065177231203876 82.805345989013844 40.261274553867047 90.439563378955540 22.799962778517248 64.445794021956743 52.145447543654733 81.163879359884646 3.826273245022005 35.989667460232198 86.177787578874103 80.256396586699083 41.833140075521982 15.121659178550805 23.974801915311250 84.721852883046694 50.565939821016038 34.559796938165263 74.276409025151324 76.194351688815431 74.939621494233251 41.018724970697626 6.280129878975760 22.512658557986718 69.458960617388655 70.304807496181482 71.576965145612931 0.997521520196565 69.266751383835739 0.313976734150034 29.849416044149947 73.869796628076486 19.962317239107552 3.015791896225606 12.052754924185239 67.314296817917977 67.163431635932184 61.994035276087253 34.808675196775560 10.517730907505952 84.810844396398849 9.303119239191215 62.669949519273473 58.884953844535247 99.795243497374159 23.534324068776115 16.576630191540488 50.054610394555297 87.196678204964584 14.047833548600174 90.232195833849687 37.347025027908707 94.996439504255491 47.573377904124250 83.427659890444630 70.837612484559870 81.987635005749766 65.251149301867628 19.900787937640906 12.142552422762664 39.609364327620099 42.499606891022793 30.258839421211182 11.007082618965381 25.197144639353684 41.967757870111697 69.797202497899221 87.768672293301705 23.122190131013941 20.610894342809960 77.513007239814371 42.800163881848441 11.581932978496145 81.476464433736382 93.281664165244493 75.651835575644995 17.075486684140063 65.713895390550519 72.315586165845943 47.491923642805432 13.627450161453392 22.075613800187654 24.728825080713701 12.642829467515570 12.440046130097837 88.124642049537854 24.975046784724498 86.948520766269297 27.756995011703257 4.456019545060896 37.374692454876921 2.072975239535391 45.164707771455085 17.867543734819179 78.493090966360768 62.088578358605361 96.053647110328498 97.793138595251008 64.463498678314366 82.408881390666480 84.039424886272769 32.023258680253406 3.689661392250365 84.869607387237394 22.243894475939708 18.751309680443494 90.598203476658824 78.675718804491737 82.202330236559362 81.462256077472290 84.533302128024872 65.089964687016405 10.284078220826320 90.564211035241584 23.075186058831065 96.301641004330378 37.927499887901064 57.039506961208545 2.698909366567182 85.039906994169172 1.959502733000962 4.295335307720127 26.855062929969563 82.121736796180599 26.283787697691686 31.269993523719297 91.331154600419325 17.220373903700647 22.596861559203585 73.961995562561128 46.409143071247136 66.372461151997612 61.548784090840904 68.857092488745224 8.180470801017226 45.767390842880154 24.180170869955610 77.338112687510645 48.565128930536538 78.339451968093456 97.736144076884528 84.842896486654269 27.238066937744154 70.028732613844809 86.776446728005823 27.068322484938523 61.700368813909755 85.585496942446809 20.446098489311971 12.535991683395997 56.789717593529588 46.411757929879748 0.393780013772738 41.785030778491780 55.380068078027080 84.407623618611964 92.529822594341709 30.908720298797967 79.719170600078129 93.976933843683057 91.038277649623311 99.545124130983226 40.519923663097835 19.331852185773236 4.850553512810862 10.641889481672251 76.010907363845135 6.965410602989985 40.077996613190692 1.954493907913268 2.580800291443797 97.181162592854676 19.055756198151151 59.333878903560866 12.535991683395997 56.789717593529588 46.411757929879748 0.393780013772738 41.785030778491780 55.380068078027080 84.407623618611964 92.529822594341709 30.908720298797967 79.719170600078129 93.976933843683057 91.038277649623311 99.545124130983226 40.519923663097835 19.331852185773236 4.850553512810862 10.641889481672251 76.010907363845135 6.965410602989985 40.077996613190692 1.954493907913268 2.580800291443797 97.181162592854676 19.055756198151151
59.333878903560866 43.311912961168197 49.403215064159255 30.786919273585067 33.709716033747647 77.571175946160025 36.981467021969920 9.933469641689429 97.162913449743655 9.786768091493093 88.388657889170659 22.982644701316691 15.137369116046084 55.808926743816968 50.629655270298471 72.481297353236585 74.463639815201233 92.114551028395667 87.911060710900074 70.671488191640492 95.439256303983370 81.881223075847871 51.302158366120466 73.983660916967523 10.461414135032133 87.107974489494183 34.342568999440871 88.735471555667800 32.782341164815612 44.743359776341848 32.093877767093126 98.376084558659571 83.472697290695450 71.527364500877923 39.444570454934869 74.100230213599545 20.820466010569326 65.030792617659969 13.679185950285611 3.663415843524398 14.055027457014567 97.042159689515202 56.351633402688428 82.808099375654947 22.528383259769026 95.528259971498485 73.875639777760014 43.367683333153060 17.397178448421879 28.581257625450760 71.651895061820042 14.834867303357591 78.914064255402238 22.732860100162831 59.487097554529591 37.866060286532068 31.591367461213149 8.077670402076087 66.986861780583865 60.145485666164191 76.758427654408791 5.317628431558463 47.408239584815981 35.578225408286869 45.783237473936587 49.361422929637669 51.637870385149697 96.223790005136607 34.639210327576400 51.195964735953780 21.982615350473957 41.580186947156847 26.186291304346209 90.392009108118955 94.223385326790051 90.104431049683882 8.356048205123933 34.156251862980291 56.578146928533180 71.387157966814769 91.245373278246277 81.713931385315263 48.870903196843287 86.585181815783045 90.614106154824995 62.929787553150106 79.065809603510715 9.832062588613500 29.478946130114437 44.285557721860691 7.488602378773113 48.092124316977092 92.881527064689863 89.992505724422927 12.332992528067788 68.428739337671516 59.810918105453126 58.533007726474182 39.671195449615006 62.232166541904000 32.919133914778300 27.335320179878263 16.784586636009035 62.779244241250396 86.401820773534880 38.923085724267757 64.973899989606508 16.654183931118570 95.560583529902772 0.560689585302787 39.235799117663852 62.545871317895916 7.648355871913259 38.638840422840346 68.896584003990185 42.387889452141337 18.524650642477603 37.750040078942817 63.793790382376379 90.024822402463784 8.045242418226707 17.409189430366379 32.563154697260664 2.461779402643549 84.806357040732877 67.591343695173379 13.287858423913779 82.733328455783166 32.332846131857487 20.928838543066796 91.410441461474562 0.846341756922486 22.714682424981735 26.753583837712323 32.133682954056319 37.092687513213008 19.942162625010074 71.706888021267488 34.959880746958603 60.904203026290759 13.368460988232190 7.237412442449632 37.877933741193601 56.221808987253951 77.837682596017913 61.114767211019739 35.398681845578508 67.656850194138258 50.403643803350121 54.206948504641197 93.128122367634930 48.730441277937842 84.447006249175914 36.707012048856413 23.951815168586609 18.369076248116968 85.323090395794480 16.020186493948430 84.809900438502140 96.991171584728932 63.964445295401326 9.220385032367995 77.860431046036709 11.516445309877820 91.711776007767227 36.425412766870124 9.735228124133066 66.907242005972222 98.487236099088221 1.929688568322940 29.667619839056481 5.970120609432716 26.576172757599046 60.915095510766214 74.936749018669687 30.336403542078692 61.736361811531538 74.814792067008312 53.043523257997563 59.568677698082496 49.931724246273909 14.586841961007336 35.543861479437410 27.433698676634023 36.588388991533215 19.803441539134582 3.670261221347915 93.660421457759981 31.983431383430659 20.070472852803732 47.217252406182652 51.261022004843269 58.095625173712904 24.829637564560279 39.932787950484283 86.691310098154432 64.892764580228331 45.908593738492783 32.984727624452816 64.892764580228331
45.908593738492783 32.984727624452816 20.347558664511713 68.157186946670848 88.690307302782017 86.622216082429972 87.799212886247346 81.033764896504522 45.997747146648159 9.139139066781132 27.109117985767416 56.164710407908998 2.057059517055992 0.959149646790847 50.097375745489003 6.651797424077921 21.676650166173484 48.534454657984419 89.359466531039530 42.474345503048603 59.999299047538003 67.485929193722839 27.992925355193933 21.541155415516812 78.419577634858101 37.835492822508613 52.556058844997885 18.666439961572134 40.217059183812097 1.540362160720998 9.857829353807112 95.902620704068639 40.380711804396149 37.722886129422207 12.507352847430187 24.999353830685777 44.101580896102710 5.445376185537610 10.237637577550807 72.880130675978322 5.733786736239965 4.428614389903018 99.254001680977424 76.333008747471027 15.628791738976155 49.673608709630827 51.223582836960254 94.372141175280348 9.155565907160380 80.929352376848172 1.585466102774302 7.765823665367888 60.781107300159135 65.570313173175549 76.882531914577797 35.074608764584212 43.537995226489613 5.440259541814152 16.224127525469502 59.340915486348280 33.676967320749583 7.532146545528251 10.163334478170615 42.582734300127733 41.145949306965704 19.446847093707298 53.187759286306559 39.425562451534510 30.758857093535706 56.370095894741347 71.880726695501068 52.757333397768903 60.754152900036743 38.759694858375951 53.006180593771937 74.605134482418450 65.376048646190384 82.512147701630312 26.155817551106196 95.589306566764762 10.586919779001358 14.303564497715692 16.050385401427313 20.711265208559904 60.871469278356692 72.936875225994683 89.741328492155930 88.894418030012872 92.210031285879325 48.550702165368456 20.776542804266828 10.903347614879500 43.348618173012895 22.072504669178883 7.820101949533676 15.207004607558329 17.840660987106759 47.629452710990407 99.172835075223205 87.920118613265700 80.526809634798951 41.825827892460786 58.505351748503841 43.649545764435828 54.025668558170914 44.038842608148599 73.198202141931688 10.243795745109562 51.702451431911534 40.976298036513526 88.477484475219399 0.289253364638054 0.103958386181469 25.879514804169979 56.741535131327339 52.417924807341954 28.605468953976398 17.732835558719895 84.266395788244282 88.533036310997801 38.428988918125725 73.074842062814426 85.813391741656048 29.248657336728289 94.123593747621385 97.246864260610565 89.707275645326305 76.107430484587695 7.186259309103038 28.373618808459543 51.844564402995772 31.140974581472982 71.304361618326766 10.776111140045863 86.570084454102400 5.819604092627073 34.922074199642751 51.184337622613910 8.263872174222298 7.421613358992218 27.638886515171279 69.077485100114629 80.486614342182804 0.685987827456569 81.015672624866170 33.424445046320763 25.760726594150462 23.096499978245966 7.093196329572460 97.943009761386293 61.633899842229226 90.950521882687781 96.332878107540083 72.374694663224702 21.128030860092871 71.440635373539521 89.407929498103286 28.052219322738370 34.141207167679191 95.177728577361137 31.677081826535904 27.178671164912227 72.394063077724610 10.294844106817980 54.508662189274936 70.943386476978390 75.497823603979171 86.326380140108100 29.792385694769543 12.689044155591834 86.724161943597039 71.440635373539521 89.407929498103286 28.052219322738370 34.141207167679191 95.177728577361137 31.677081826535904 27.178671164912227 72.394063077724610 10.294844106817980 54.508662189274936 70.943386476978390 75.497823603979171 86.326380140108100 29.792385694769543 12.689044155591834 86.724161943597039 14.950158387531875 85.469660560241110 61.973565120922558 39.332870009341228 22.866669516322336 3.366718216632025 4.694027543534551 17.177303775402642 9.928371305532814 5.459421856288060 23.508218223136947 45.148816754640123 24.302289176679594
37.080685469820082 1.689783179735382 17.858902860693892 82.677171019428755 32.843083647120210 46.257354201845004 69.664020925410398 24.814012044531530 85.157223826922859 40.407833558865214 3.581612073582352 67.239695899706163 32.409290971763923 74.546004447201952 94.369099699542247 78.701919762492025 12.585063534485318 9.024867659811708 68.857417814546125 46.481311476324372 23.626745814037243 36.091608863631805 78.084579641930318 59.919858032717499 4.699934679388740 16.329027102881721 32.387060180919335 63.568264153689761 56.490576928123382 31.063165043825634 37.903579561480541 98.116184997429869 27.213703449642868 64.755707896120512 14.724519410534864 97.596647481265833 29.994905602488320 30.684909539632066 23.998800189292744 68.476469644475685 57.655275645688498 61.382190582953967 60.935553709686808 69.556082401938951 9.837234315775090 67.961521168438210 75.820910719710582 49.070333208622884 47.212125902453614 55.801459106954532 32.664477763672352 75.308566149180294 5.387969776581158 74.829733824195742 48.752224584083891 42.652393160557956 52.887856364446563 48.469318072798252 45.903438681906060 23.135196070970331 2.008782288001343 39.089778698388400 79.437079307247956 68.887692480337620 91.557773069722003 76.488449448181470 69.645664551169446 26.139891178352357 84.323089675436719 54.752182273998486 92.679965611843386 0.580075460621310 22.505442286886613 37.553328786968912 38.475063773977205 7.567638683365074 69.995074500557365 36.098971336506935 93.328968309948038 57.588812521486396 55.938273023133320 49.915168584978076 81.283910182770924 42.515206706846733 53.991400060953445 99.382492861253255 26.155294899484339 86.400332030789087 37.777070342350548 55.891055960331805 32.885182639494481 64.023801210024814 90.604369934905392 33.840630010955621 54.408557217083306 54.496649480532675 13.089307026475339 14.144029727028240 62.890135123883915 3.124303780480941 34.140972306054927 91.512696371739949 11.825266770692233 23.683440707381266 59.747374598298897 2.339297250924965 48.402388507422842 87.926088097414990 11.435400420831410 5.119468884243461 98.795642660891062 26.678531415668559 64.752425762914342 47.498065806055067 41.092442665282483 68.228414107961228 11.656268843131823 58.385671757738656 61.919818127715672 54.228647081933865 11.848594125880663 89.395313322790926 12.773150212988760 32.429307940476434 48.076509866027095 86.112087890507667 60.499051388726762 35.287362522155327 98.300535619712605 57.482653977118211 60.086448857981402 9.335966257026019 80.191052328117834 60.642510611883459 9.795764378474869 2.539183566814263 74.539511124884442 27.011347489797966 66.952608634165529 43.566244058639590 58.212940843616337 50.940013097352733 7.086154925941745 85.031627231195728 82.682211925463051 73.503726403364183 92.013777042393016 29.917180264718645 5.934712076613002 34.570720205941406 63.140940580728056 27.506679120985787 63.234533434193651 50.274532793427340 62.940058132073176 81.324403444064743 59.088227175826823 5.464550563428395 95.130564001119993 41.468120200772532 93.497316550916594 18.060066211707593 10.508405985868674 12.619585186208615 36.528648900401464 0.700902835827577 8.140266289915720 98.530353435747301 10.294221658495973 1.415080643961253 70.214752699917511 92.534293427184949 2.642706688579777 60.888959738444846 20.996814381848552 28.882814044194305 50.958448943695714 12.091223831239006 53.966332413417028 72.661417755668907 91.143002681390101 27.232384237863283 69.582489278259857 63.688298241018323 56.643511199389060 43.625225841713679 20.058335141205429 95.902344098051188 72.199901357215808 14.848107220804351 15.458052241559606 73.433434732112218 95.505820768599804 75.642226493891300 13.238082370584859 69.343990149216154 78.111610102080704 81.334659078150608 45.107589923005499 95.300486254637676
36.274530866668663 95.393009934212188 46.223054225860480 48.290851471351750 12.528670390604024 34.282728929523707 60.314529526016436 3.602573434625600 42.967210682660514 51.967551307115713 34.885641399036807 38.159406828169260 71.696909586638824 58.252405834674740 4.809532616424717 62.723976540994961 53.319757029647732 0.333919499320401 39.751516436229529 90.142868703135605 59.041163760603965 87.416987086550307 75.681121247958700 50.109195803909088 43.703135245650294 83.867431701866650 59.699007138674709 72.509220204343180 25.007340958926292 45.554855845964262 51.226267947746926 54.582113843147184 31.340724035056621 62.783481503835290 27.448456831842606 38.717389092229062 91.483137703028817 62.386153629340846 69.091534733932477 78.370221021269359 52.358200635344723 60.308409019296036 8.877272663748537 82.580057648923585 12.711640355984555 55.208006078873105 44.251923770994672 61.150550324136233 13.330795607647051 16.096897183970750 24.323241551494501 48.430553024567359 20.910199533042771 22.499705866009577 12.748323673540064 21.616349228780653 50.761531510967785 79.885893173595093 33.175112099843851 80.816983018026676 41.054001216241062 23.588388743240664 4.081844879261986 35.699470458120508 86.077195413430005 91.822422230290485 7.892319927775270 72.743294723581698 3.883771672606751 15.087332870377102 36.788979520489065 64.696324715481794 38.107039045786195 6.944390436023218 54.304761334742878 77.464491585760527 67.487065476966208 21.716253978517496 13.850733081531420 70.678248313386888 80.981542694345805 84.391819825454377 33.097498278210701 93.406948600444267 2.227598481525950 69.554548537121590 17.126974795717619 1.348158208078387 84.331278150061095 58.061092727141798 26.773221742689358 17.126974795717619 1.348158208078387 46.769368769882860 93.437939844326650 47.719936037910728 8.850769181411088 46.507524941222556 76.685110742548417 82.307117097475071 6.075778538529875 30.115936860015569 13.081485042327811 61.779608804991192 26.202911784180614 55.575167930654800 96.570417334880048 92.957560793243360 85.703221117539599 53.397031038886013 69.575559355667508 74.392776281553182 42.759894719436112 42.022522281856567 59.564734248471240 59.343234608552422 56.914916192884377 87.217873258326037 28.883129174557464 47.498027818606971 97.998440577813980 13.580739441930511 51.570554055943106 2.672800794952956 46.135253063063743 95.451359849826616 96.590060894787911 78.845045770917295 58.111929392791517 1.182085577499903 77.909234430469084 85.073063001614116 99.920920014044526 43.414191624812425 36.005666572281015 62.120997803387482 31.427038788426188 81.196856734012599 49.916653190513905 31.254419902332810 37.053086254428969 62.466248643628653 59.203832707697345 46.444785706960445 22.903028847073504 6.018832291622910 61.695318447871387 85.439110156397632 31.054703556778264 53.547626358530962 41.146798715344076 55.518675765929274 64.877495047065949 42.570194306673550 79.357920012165621 30.975404520020120 43.299630146030267 82.279072843125277 52.964091477079847 53.663829353023530 28.559179560095615 99.205116437962843 34.653656970262738 9.032464296013698 49.600682738935220 20.570727942680598 54.599265246519209 62.713939154846500 10.442414376585884 29.328901453076483 42.915929758462056 94.787256364943687 74.698484312812340 41.249751620820305 84.351869643357858 74.565669211000881 27.708172155234244 73.534543112233976 33.692779806521465 58.159152082314726 98.710852660755194 17.969631858663291 89.857892806061244 98.273012945638470 39.208426314452041 10.605518429429617 72.427845218115834 94.392037925638789 85.193691390732212 23.322095758112283 50.856208999050537 94.631593174482958 51.233466967570919 22.284457932804045 31.746838020744615 3.156307707478057 42.674321692359250 88.247791672764507 62.041930397372155 3.399553365538388
96.713162949367714 74.547390840488347 39.921422487723547 26.240651554201754 4.909775958185636 52.299668323261152 30.986156312733403 80.335013450493705 90.146778287780165 90.301285612051515 39.234373347737680 60.364264137279442 77.956765801989775 43.687165995998434 11.149783728697294 13.230620575041897 38.604997735171708 55.985206220646219 29.850431775662599 24.431905773020013 28.709908354904933 4.373330488870386 49.072393789573056 19.195884459615154 94.246601060901696 13.244789953477786 95.180097471442480 41.219933905608521 45.132202776494367 57.702883108391653 60.520037313038031 25.213706656009926 36.477227466953963 45.317204115128895 50.951554339246130 84.889879371376352 8.117268874419715 34.177627107150478 11.906229354102715 23.056621599039516 32.955411830391078 75.113718855622054 70.513401736274574 30.224631399167890 22.909058840928743 66.360312170392305 27.605707333552189 30.139475155677598 90.458533824157101 99.555108947049604 78.311083310056247 63.228582855015048 45.393330736331308 77.573362854464051 0.070340735923735 46.247314142577004 87.885156641129157 25.911544824873179 1.889200705062954 78.158545417976157 26.980088951443125 99.602479326365298 53.997185955434979 25.827314339772688 73.678346269576039 1.853656925275604 31.257960209030465 66.846565625613465 47.828590460454755 13.095838242848822 50.087350110542715 55.351578801392897 81.755905732593817 33.573889884192830 23.802420869778697 98.822740623129889 87.282832343399249 0.305402721111203 21.256244204919007 86.774468278003354 13.255996521731861 87.200465113185132 22.364662654747502 31.757877379392852 81.924624224500917 71.837472252272192 0.989453042277655 12.726356394919701 96.180059089739231 60.455837413439930 1.285897104974976 64.398832514532899 29.108843488655843 49.716696924843653 2.996050870353373 28.669993273750237 76.817419643332613 50.510429690515238 74.020017487002775 73.826110749298863 76.098282808461775 55.305837792730870 30.102508866145193 91.569050836385230 32.338530408447077 37.143798148475604 55.080970360365733 22.076510307149142 83.588935111284329 80.547364205141150 26.474639515506215 82.153088391144991 88.039312538313482 99.039131739676364 41.082997631755823 76.287660053198877 14.558277669165665 83.899874902285191 31.980622942584745 22.188224249415043 88.657597990621113 66.516104618241329 64.065455976491876 32.573853768689489 21.104975703805597 84.881881383719630 34.971431798147947 98.484943482949603 50.104739174226140 51.753707543130659 62.289410062837256 47.176762431793129 59.513472712603068 52.486338690519709 96.739321835061574 76.176507179388054 9.483298010161612 21.255076517690974 51.635839506693394 24.501145540658765 51.329492593756598 41.628984657377607 98.629200265241195 56.404138896846220 97.155114706682312 72.921433412317711 92.076695493847225 87.076735119501379 64.062118941355621 97.855845201547012 50.786194306084866 77.598636976102881 89.002978721229567 15.055158517517365 43.391638685123453 4.001536248186532 0.024197128831283 45.973330258810861 36.882263857168716 14.476872848563371 99.595036127844864 17.433053986425804 19.752654711461936 11.896943770790159 88.442615042078387 14.497637172810208 80.115830702791783 64.110564033582236 80.429264230631475 6.439177158407450 42.328537940943278 17.224078021874401 43.458987246784730 31.400656961180207 78.987797948935821 90.520839438213812 78.605890368573384 35.000162823013689 25.132091525059884 96.136469095126571 90.869118438648798 88.052897920188514 59.202041909282840 23.946299653799496 85.080498897892411 0.313106671614627 14.774086820210453 87.149585327351915 68.427863449515755 46.479739781209105 25.635234954546316 62.727694775266841 98.766565131700034 64.307629020317876 17.793361648565707 43.238164303608329 49.065625138067837 71.368927021264255 98.638389364769409 71.416375156982397
32.772093062107658 50.174058467559099 72.330454652331028 16.433264672878611 56.493355734023751 20.370595678954761 85.018263460465221 28.099847133950494 11.436702684236543 66.525758449868036 91.820680429209503 28.483458476347533 98.506584545925165 8.510863234689525 93.899873908733227 81.260281564077900 58.628401192288891 49.019125244474751 91.574013353239550 85.983292877593925 56.831985435737508 6.442358593655384 34.855730710451127 22.986994527499714 29.753020591009459 49.288861720618350 68.513127353414816 45.211989541979413 61.434345659892074 91.376598653825511 3.620315898770921 80.121568655578955 67.840198567957160 82.465535888099879 12.409896298524458 30.136551522410016 16.830104892472043 98.680251128501936 58.322048944048341 41.095354052196541 12.136669493257612 18.414563446333588 93.034252565519211 8.230064121549185 84.476820569173512 52.630177868162740 25.297897124489765 68.920284262948542 49.543316672517093 94.246190500690190 72.139451292305196 44.776841555617168 84.112842518104571 30.146757877951160 77.455447192256514 67.912495864511101 98.265954795633476 69.106415464298237 60.219996090154297 92.680328685647794 6.036760637878835 9.188492214438970 89.147121141662794 60.965293413627904 77.698285263603267 33.798129077946029 94.351899997561389 50.149382460550243 19.488433937893568 71.242586832115620 53.440021108697245 72.961442713901690 80.256930396888848 41.461408199618177 70.871334321907682 89.495637088476371 63.297289837421019 11.591137556815356 76.087743501364656 27.598450349151761 12.347913250270748 98.794536972005162 58.327472380583870 66.089149003327776 16.939553563751208 98.794536972005162 58.327472380583870 66.089149003327776 16.939553563751208 80.132197143639956 99.662504028048801 1.986832265318339 6.539563465198873 99.381715995266035 47.226914197073015 84.535572345092987 27.328907564193550 48.093547076717037 39.487701091309113 30.433688910941548 61.510972470936679 78.986270437630907 54.105905006157229 65.379039219936985 58.836310575762397 51.731332845019530 36.212489055888398 30.087430805691206 19.056677659235532 66.388180221562550 11.168570833634606 26.128311613355859 52.135500094603159 52.716423992745298 18.327072247872454 79.905094628636661 80.595661814373614 95.593963638987219 24.124753529824694 77.429124849403564 77.589770880397865 66.423549045081558 58.054468149953721 52.859713467829408 27.775409956159713 46.039793306277701 40.913667258787555 52.086199122510955 84.951364786001776 97.934265161855137 77.342610579781081 92.767174011235028 97.133985564857454 43.425256897370069 84.115499793733832 60.069133092841696 98.740610972922838 80.581468626081772 9.066857949221452 67.368228746873271 95.384613376076715 48.546135895048167 6.532620457618932 14.729757343755988 49.882808793644720 43.070850202305252 8.950766930640274 50.995592832231885 67.959668587631427 94.320278447143878 59.302967344699852 42.823809068575628 14.273491709715092 74.952359708767986 3.594373993393796 78.226442531540940 5.792245977863808 64.062497951698106 54.215552732766035 4.755516213255262 13.653001315586389 41.478151618935996 57.476731968680795 96.162969006064387 35.121324642510345 40.724443381006580 60.193536311265291 82.343125050634413 48.228046343228357 79.085780379678951 13.426666434883995 7.143244961566153 7.564158514758768 93.296201653242576 40.821796078395856 64.495645362986579 32.371131571482216 57.551758551001150 36.625473641464353 68.602239995430381 68.841260919774399 71.954395098393846 92.018252410594258 86.845712629472757 71.485772529797487 59.223555735142867 51.769351792309550 85.100259085451214 15.057632433352863 28.849554200669157 81.508553116951376 3.137413227130370 11.433724823050085 45.086596456791050 16.408774064749508 38.238682601413409 32.418654261626102 42.661931018074107 63.990452699848312 53.939563455078684
57.796570585305439 57.102156839336551 50.528035786358963 63.216645819665750 14.511906788283879 63.701795313709873 29.975059469969136 40.302637474747605 28.660954611946977 80.938496808390155 26.830754244878463 92.202067458216661 97.970913532469325 30.477601046602754 56.434334786130279 74.151111033567361 96.492654952285079 64.747370299812999 1.798447064242203 11.988043537729986 51.590538247068707 96.671003155267172 61.859654564035203 7.350667560270141 73.286668769670612 3.833480453277882 61.899909225586292 18.709963672664532 22.537073041783529 38.042282787658209 13.157716340786118 49.198368740014544 19.592410871473611 39.446860617361502 93.036962709623850 23.896573537967580 7.978702618063793 30.084173305110596 25.419896457294143 10.463885633393055 36.432781200249323 95.884900251736155 14.764844486722650 49.053408342514047 51.103545442283227 28.592215320138902 24.008138135348766 51.959693307889943 39.622617272058946 23.839592804459841 62.472586390372719 50.304371714191745 1.892385474880398 43.206431387345333 95.194058239290442 25.463548042092675 35.249708654789167 68.514394963516779 18.218509176930965 76.361362690218044 81.955977735422351 64.143460509838050 12.721120901576032 41.653757373142419 77.702866020440169 7.557983014152891 9.194230527656256 94.954966625069645 82.986585405277751 5.363362093036383 61.476575071974324 70.568012829019750 7.300939030405706 61.717081141185517 71.909653391060800 58.722364171192652 55.651007015600605 34.930319425646381 10.435315719485816 27.365670878441119 27.750910365246462 67.093727099346879 38.249000086997334 67.884716512114153 31.237764129388168 74.431962965232955 41.418599305349069 91.779365745444380 12.440384763481848 27.947236159381561 74.533045559979271 48.280433142920607 85.365467588575299 10.529538845315189 15.751475733878618 80.860484944474280 31.788467387639287 6.493694232362857 84.902080142400237 48.877074480940799 8.529565520026672 35.504378871371344 61.882446821121547 94.659752495694093 49.067949115964403 46.686731553051722 42.706608104419111 64.337520019669100 81.202554333122123 86.936397529089234 52.314115354649836 93.658965956168416 57.239028630486189 73.616614704800924 3.925863477628722 10.149651515321100 82.209594611472369 91.879892772172681 58.886895412311802 12.981396104544240 12.977015859979701 63.054291135419383 33.766507606403984 67.134986081606442 74.933393359811546 50.448604297346535 10.973456403063153 77.273096242167867 14.078890579152780 2.564641715116833 86.775650537724573 14.122634129873902 31.063813044127187 85.640779903667251 47.852324608853372 66.991994637949219 46.237498170873970 9.762685479181709 28.695229385079092 29.331571608848972 79.088807161886905 44.984844925500902 49.353844043075135 48.176309921505236 48.697687089809286 55.121395310398789 18.626822070151626 86.358890958082711 0.062542594726234 22.642998710718597 20.714347886516915 96.908753945026390 9.231981480052854 2.644371507283827 39.498315379881099 19.056106823658393 88.255930490046055 59.578302018358201 2.369054321364328 6.849056901636774 25.425683750067286 62.364648732003701 1.683204239771963 83.836670129517572 80.916840051857235 60.401237810894195 72.881632613412734 41.949160866316426 65.716516795939853 95.780710997845446 24.920320103221940 95.705220969175969 30.463940476076989 10.018512197417884 73.770090016904177 8.598519172581632 92.649107063761349 29.799727047723646 64.983912147471528 68.814925680660622 56.973561085555858 0.939182332945132 55.356303980563204 51.630722143923037 53.751706267678713 65.353157938145330 16.517021037365442 97.654253313276229 9.239766091318524 58.634924334366254 16.698727907394616 4.288195139895990 74.914448824793212 55.318629942307410 12.517054700029250 46.142411508848213 73.079466094920349 63.280633500159752 14.600726421066213 94.977864865814084
73.691900796058178 65.017643133944333 79.817705733281187 17.237257270454755 34.062034669498019 43.992563602981747 67.244849760221143 71.695506540099359 0.746416604260491 22.002962895733880 94.213068976949472 51.188322118746363 11.850450637342803 30.230133001536529 99.007043590154026 30.750667721359527 3.471974774758591 53.449123583729786 45.217106359232119 67.764723579838360 82.060782629715106 29.880906172285616 82.301243366634125 41.634969372761709 91.652543495994081 39.452997832374905 86.830440204678240 23.220719867208018 73.452668365899981 9.796083663437871 10.653704069806469 41.790880044110381 88.720632775412938 49.927425232743637 6.131648852559235 81.026416432206091 28.190423898450646 51.948604660060781 6.761789284478558 1.322534599198044 82.472616833792074 9.521822422104254 11.064826619511258 43.603442708165232 40.212646599237885 66.230538326836793 85.847793594710495 98.719388860854480 83.747707253300561 94.872158866227636 2.050427816708278 68.195235905579366 82.797056274653542 48.581853714952473 68.419445895228819 17.320193904174896 27.902280994368802 87.935817372784726 20.303049046767228 54.977596657475459 49.016742239849876 47.115116448177929 42.558505588767190 60.261005300975334 13.947745982958148 64.271439078237435 54.767794568041417 95.371841591194084 5.564055592157469 97.348333968859748 74.485900645544874 54.193609843100162 8.786784112253621 7.339329146950336 23.485393052242198 12.526224366921879 80.437587222402769 20.224565745506474 18.414431706778657 41.578134137062975 10.875779601792768 52.733552443274824 87.319761368315923 73.283456558771178 47.248040220856524 11.745853686730090 74.028237117919673 58.780744018981402 3.584062526093612 28.833702290553020 74.771485372087227 91.236934522324361 79.222018513210017 77.497249607474544 22.953379940264984 15.540977839224846 61.772362362679758 84.529366744661488 61.316206313996943 13.476331177653355 11.412687987979409 72.738070107364493 96.810355976655131 28.887377307616745 20.963077105126558 82.060333574817278 15.250565111719705 59.186752788697383 32.235963332375874 84.239270436051967 44.112032004384872 45.863924057215634 33.143997176216502 45.994377210182371 20.502134413033414 20.594491569188744 43.729995943718357 77.486639227813356 49.111434770944285 8.154367554623487 67.462253721672454 44.352403796190920 50.059954316168763 24.245343680998666 58.260832556690055 50.905751762420515 92.571147266119937 10.030927984906645 71.681849934650742 20.006409018009187 75.492279503726920 17.330517395353663 45.273153669155811 97.126040182529749 80.577925626678578 64.212530047472114 90.479614873747494 97.387911562265046 9.571327516857696 68.559526134145486 99.252756630615096 82.703149059257683 75.221432491285199 64.955563893853423 68.537700696221265 19.096463205899738 3.392976367620648 35.367244486763560 63.810320959440759 79.146911490952249 55.138099182635258 73.599260383229321 88.275698031533196 16.730683667897274 60.518455182300698 22.048147482110071 65.142362946071543 51.476478716109575 83.774077963033946 73.942794697813454 62.230286624734077 41.957350223126134 47.306952706248474 46.256933070565388 98.426650580796434 67.616775669381539 92.898534786103369 1.074005856377835 31.199235075836185 65.681541023109418 10.760690461935207 50.476410754275150 87.740734061672342 8.344276581689725 18.932076452884061 85.077762550568110 52.817185090795263 42.971660499850408 10.530727852241139 53.803330655602466 32.688767169600652 82.404190909462457 75.323672611231814 11.861955632906085 48.077841124662548 81.137265169885652 82.965719743543659 55.846645943691961 76.499693709629000 56.096716156509530 38.574539473991685 3.400732458499833 73.502765653147634 65.055330466189346 45.527881432973551 87.692309458569170 82.643592945700021 99.321427714613890 99.069717740983407 20.817839145028604
75.691817765684732 17.135472837919352 28.985678069725552 47.759612116230855 12.593237369061939 0.651179572195137 23.167756548412655 39.386118156201235 45.029873053375525 71.094754138246557 60.135851132865483 53.339129690482743 48.273578179502493 7.008916064488546 77.145591857650359 33.482118581495548 45.877758798882439 73.612385506369733 55.002501528262158 45.581350871168866 73.318588110166473 21.203704406882572 83.693194575829807 30.428170022187061 99.854713569360243 95.948300187654340 72.283058858619583 68.927243677126555 1.518537479528215 88.015609317323694 0.689752615594941 67.054194837349741 26.741197922922531 32.382335069758518 68.764489078000111 87.437233431821213 73.885265434924349 42.057538607917586 14.827724643852280 8.119350984453511 44.638205653513531 50.277783085334505 8.634024596354672 50.383345729741194 40.187943479828355 7.304691634519278 7.427968509339877 55.484877091475639 94.594913416539569 10.463411909860653 0.870888712651430 22.849571433108451 49.627246317754356 9.904854897951054 60.129533721860163 13.056704143503339 97.385988790519235 43.252858864555812 16.068078316883838 16.770900181905944 76.885426435335773 54.350413964150569 9.334984866872576 99.062664347197639 83.038803044345926 46.188046035680998 22.911484264574355 96.635770670423312 4.962647161283307 86.679263416169718 74.813692157024221 14.448773081336341 61.555969222832239 77.242756655927565 48.952207613615492 46.244824845974634 51.961497440221052 90.974601881286929 95.680398676730988 65.912850816068243 12.254675363198697 69.819624679422361 43.800066427100091 62.811598176023487 61.645709509162330 62.940886803412099 89.644437560745246 86.851624836307721 14.920972021125834 20.696194386047740 90.766738888460623 32.462326535878674 54.693250584349606 71.481148201032312 29.107027032023915 8.688508598711397 9.755208118086067 89.311612257675876 2.797219536075046 79.691859459136211 10.478418868667816 53.300938784475136 74.029633890784794 52.059930496990034 69.282145154919462 74.638069949073966 70.858598647690044 65.065314992197244 94.974208759889009 31.411937684718438 23.786848719220611 12.202786582565750 85.647769185645998 70.549351572568867 27.839814626545344 82.710928747295924 88.626744470762347 71.918224091790037 7.181930966295824 25.912116617156332 68.719249230713800 72.604969128325081 99.407176885857396 94.050830535319434 43.435770592441891 7.223833619033293 21.285790243521387 38.523661192155814 76.454914812109720 54.044161284413519 67.516519914058009 63.142661076178420 6.321948014417700 69.421681253629188 30.808873714074103 43.176499963950100 15.613723790617017 85.213534350423146 19.558406376061932 22.118072402498644 45.658766504632432 24.387350311630264 53.544807428762830 37.578603905456255 88.099508155620939 72.107720544963158 16.559099185238189 38.412967466678992 72.486933864595102 65.522518070208676 6.138061752438828 65.880966511734499 96.640385031357837 37.216986986573922 90.179630586588672 1.162958433862715 45.106893957737547 53.638810629812326 91.491143648746856 28.761640416955835 7.781261223577829 41.241383735039491 85.491275776504565 45.181160038126059 52.596581551201638 28.123251185143118 87.050001529926519 60.867136433013535 26.535592029479517 84.612053453660820 48.996949186613506 45.713260293864998 2.366459245730623 13.710713245690210 86.872927935232894 49.825588502286344 99.111109890922961 25.428317360014386 45.018634071522747 44.138169206330623 80.359188605342169 54.306833238682984 23.924838703547813 8.155375486838000 89.138872917354107 45.844333717691953 21.323653919594644 39.200264179526499 90.423253725726610 18.480536801155147 45.341504364622466 40.127264899454154 36.776097753625237 16.470978944414462 58.504402035049083 47.569374434033115 19.377030914653659 68.504204963448785 21.540303934757720 44.134228683243258
14.799818980672786 34.188913863700130 82.579552915762292 5.033205855529532 3.595312257767758 58.757670316657205 26.112080978070118 62.902077724752623 53.143868787740104 59.450541855499438 25.395395767968221 28.006433585980727 32.778415968320061 7.081728308988932 42.980686972635262 0.672099979544305 30.458016835944690 52.408529081390554 25.357111986875434 13.525795832448061 30.563821514229616 78.018776179878273 56.697744172012818 92.766390016078589 46.976804081089952 73.943182716261944 71.799986833761579 67.379114565870310 88.328816621536973 12.197592575965077 49.723948700187449 25.281641353424821 32.640675219491555 98.414975287396501 55.019314032027964 62.313692276898870 70.853023110515394 76.490119644192205 69.052865000901392 92.685959636850470 17.472961873513317 85.710704299061362 12.202534775864915 47.955050139697462 63.981406243566937 16.948042732905321 91.647753152679414 29.288496766491100 24.389427484896387 52.205818409337368 26.623028609228495 56.804888006795764 52.272775693956099 34.633619272478413 39.925806630813945 40.470567618733568 19.977135222510768 31.027440900547841 6.159007478702449 38.320734748153015 43.003985644515851 77.798212352091639 31.853951560599370 31.601167136536191 12.429631988239354 18.891620501126749 67.110066799526564 17.477672823523072 75.780358712364688 43.314281116982400 35.574391592670885 50.705129227237030 46.814979180923011 81.216850991649054 59.405871983740631 66.020806123217255 51.689051927379694 28.058501462110009 20.022922955141397 42.114719980496673 62.027199585205572 96.425731202710011 93.118046813969983 69.195595741044741 52.887781578225756 71.370850136028309 14.753986628527759 91.131947284488803 59.576014618667905 49.686900637109808 68.130608218143493 99.405725212518135 41.362933573809499 40.210338200162433 55.148070475381253 7.675456142694214 13.196567839740759 75.988225117227060 53.515151760002333 22.928082330182797 66.132244584012241 33.284966121745043 11.769576613083011 80.597148399442617 89.230779557731225 49.880038437637907 66.094168781167937 53.434537914392642 39.452460938236825 89.996488782918931 5.604271627291424 39.305674643068976 54.984720197080037 15.632194218319528 6.366686479062833 38.707494301025278 10.567501931816825 29.211865440931341 25.040552352945866 74.433733503163310 26.322611104731276 62.004528056411090 37.607392353207523 81.113372054564437 27.852460643417466 65.239074618706709 90.179408017114099 73.971287938460478 28.488118327277846 67.859860382780241 11.609182383452932 11.733675494620865 16.039149856521316 8.006830207339721 83.429320851542116 13.326990941621109 63.015713179721153 46.677689805274255 37.053487420700961 75.880899448501651 64.417788175758560 45.267081152119381 96.369356100116477 98.017620106117761 41.148665960289200 96.145476383014824 73.939443977666215 59.787162299618437 63.968868510723297 41.090749578804811 35.810986083382659 41.410885493370195 18.212710059161285 44.546051101964444 62.068321978161137 44.037883890492104 7.630096151205290 5.528929450110686 82.547385670297004 23.393852431977425 5.517554789446000 24.523420734036083 38.008583286053231 1.023666064528483 50.596301859629790 47.920023870936070 14.543679137940968 32.123080526830641 79.670206323622935 67.685705161224575 34.417867049884187 20.493901371830180 10.028017603263839 40.617899710181923 65.801745277551490 18.564609161240885 98.935301752212439 38.589824347389836 60.084742662725297 0.847415581133060 40.514150469475929 88.165071622766149 37.842143712571307 67.157584934381887 99.089768412647643 23.295103592104216 25.811191244460996 32.227730217845753 90.791759142730584 8.655336397931546 69.438548957050415 32.522635178909596 10.963920569929419 79.317106880538958 23.573373168781032 35.379477181369460 63.392367396312046 50.325262816344896 55.293680778956769 0.535466616642410
85.019752732266156 65.761525142773763 9.958492621269810 25.576886216231554 35.020209518131409 52.426115231888261 73.779594187351961 57.258162530965663 22.683499020092100 53.542415195922111 77.699607542756226 2.052730259630131 50.514902461697041 78.786963578331992 82.150373811389315 13.102036514815808 13.028155690013710 28.202763394045181 96.786990380432997 12.285093885203135 60.218606273449794 16.982480175913985 59.140167217034382 97.541021522181211 20.004441756706349 85.689453856138726 69.603060384133514 67.915582419006739 90.736822092332872 58.368075077897110 88.723403552756110 53.508601690281665 33.221307595266438 76.385964043857626 89.662903357833315 38.889978199584874 41.773735693637967 91.445298268918009 59.233344107676466 25.186873365299466 37.062293539787582 19.531892399957261 88.737945324051324 41.001778771892930 19.340153501709956 26.352791288678823 15.002468281773195 57.006412547815188 19.083861881687902 72.322291828703982 18.453011873570812 56.923276188766991 57.157347957963744 67.837392896558725 60.756211297020315 27.778713654421939 85.874560061045372 99.198650408882699 70.715946518081381 66.390652317254620 81.596548561117572 22.758920787241767 43.092304474871781 42.868713027431816 41.982432071154903 62.096760053835574 25.743932374085745 35.240740223003819 36.173417598881855 57.770284494302935 91.650129930888724 71.740587429959689 62.701717942626814 49.782234284892468 10.756140718098283 87.174773861623422 68.240688304521740 64.553083134158172 19.253633734569288 67.557350898638859 71.748916163708984 87.406231417991108 96.454906242090729 53.515876805424000 91.807627796851705 76.072569030021270 56.846159760665152 13.915597124276758 73.007343372275528 63.657096531047387 32.362841052164214 66.413934936073417 67.777176241697518 98.531909619309985 63.065177231203876 82.805345989013844 40.261274553867047 90.439563378955540 22.799962778517248 64.445794021956743 52.145447543654733 81.163879359884646 3.826273245022005 35.989667460232198 86.177787578874103 80.256396586699083 41.833140075521982 15.121659178550805 23.974801915311250 84.721852883046694 50.565939821016038 34.559796938165263 74.276409025151324 76.194351688815431 74.939621494233251 41.018724970697626 6.280129878975760 22.512658557986718 69.458960617388655 70.304807496181482 71.576965145612931 23.534324068180389 16.576630191540488 50.054610394555297 87.196678204964584 90.232195838095947 37.347025027908707 94.996439504255491 47.573377904124250 83.427659890444630 70.837612484559870 81.987635005749766 65.251149301867628 19.900787937640906 12.142552422762664 39.609364327620099 42.499606891022793 36.604969443058962 6.180247287609719 79.764647337906453 71.665064519190182 95.179676268500145 73.378406480353760 69.978557078241266 71.312271279164563 10.932282827242146 90.169944526179606 91.884479677474317 89.501590307951631 74.471564314430580 56.461707709386154 2.072975239535391 45.164707771455085 17.867543734819179 78.493090966360768 62.088578358605361 13.029155794536518 52.544667013848581 9.836124927939283 34.673049585484875 78.675718804491737 82.202330236559362 62.754071452995355 28.530362896745388 27.954959023066316 84.404935899722403 71.794595148080077 64.731580257200434 37.578772845748254 78.355028372706727 64.274140437375635 94.838303584302523 54.661796611044537 72.012052266383421 16.241254681790085 30.315511936055273 45.767390840249533 24.180170869955610 77.338112687510645 48.565128930536538 78.339451968093456 97.736144076884528 84.842896486654269 27.238066937744154 70.028732613844809 86.776446728005823 27.068322484938523 61.700368813909755 85.585496942446809 20.446098489311971 12.535991683395997 56.789717593529588 89.299886221695274 18.833414952046766 69.421735918043439 9.002180104264967 5.020578279935717 91.428724910330615 67.000472664516849 43.053635879422281
42.852799339910362 80.972338618340842 55.975646153184066 45.379890883757035 75.015636895638906 47.379522929994302 44.548639304127967 91.580251285552208 36.974314548941138 89.299886229908310 18.833414952046766 49.258410488710382 23.569406569604944 71.608502812958591 35.618299506384822 95.415927716375762 17.818570636052613 24.639976245677843 22.392988631219346 1.019215754631364 17.463337950774271 46.864955950756894 50.727529127600931 86.499208024973711 71.320435523471502 67.742896729239405 0.898387754099117 89.553673545629096 93.685985299714119 3.802530642279800 47.412821970060762 52.682543889261687 9.986356061909941 42.746144553625733 80.170431167509278 72.444791881920793 0.342059806797812 8.713123475091377 93.481121500824699 2.874890476022895 25.807855911743928 92.379384177045608 39.585544684361473 72.259646701548107 99.677351399803300 40.728041715231292 62.356022781774314 32.461864124706032 21.371929655440237 16.556014445500502 19.176682800491250 78.648003293985425 79.861677837883391 86.940979754687575 8.420576102019261 71.395221099917507 74.742666557178367 30.666167853105076 59.019641848161598 81.829052008191596 4.783979158753371 9.280048405769669 38.211981036464415 68.067783550393173 5.823407991965857 77.717258386620685 78.308358240734833 55.559315261332834 66.818316966710427 39.304903976004901 69.233417010781778 16.206115529924581 28.090803007278396 10.833225364609611 99.604790546461601 55.696199145535971 39.105079073036620 96.969598180240013 83.079195230785601 64.806808296149683 5.439453620546509 26.332863148803874 21.855334764481082 41.380097617252531 27.517080072137844 56.423771121006908 17.002152290397998 91.245661137296153 85.007605909047200 78.841262022715469 70.320084383493707 49.387274661527961 0.511956221768384 9.578346843897723 36.582965684935587 45.381845801158825 71.489244977217510 69.863535694310556 61.807887352149230 6.655463173153975 21.721967044242398 49.320470089682608 56.703121783135266 76.617267625926104 98.265994464261254 78.537495673479356 83.766806129548826 37.185750171257936 45.134499852173448 48.934707613411142 25.723026079352451 0.560689585302787 39.235799117663852 62.545871317895916 7.648355871913259 38.638840422840346 68.896584003990185 42.387889452141337 18.524650642477603 37.750040078942817 63.793790382376379 90.024822402463784 8.045242418226707 17.409189430366379 32.563154697260664 2.461779402643549 84.806357040732877 67.591343695173379 13.287858423913779 82.733328455783166 32.332846131857487 20.928838543066796 91.410441461474562 0.846341756922486 22.714682424981735 26.753583837712323 32.133682954056319 37.092687513213008 19.942162625010074 71.706888021267488 34.959880746958603 60.904203026290759 13.368460988232190 34.959880746958603 60.904203026290759 13.368460988232190 7.237412442449632 37.877933741193601 56.221808987253951 77.837682596017913 61.114767211019739 35.398681845578508 67.656850194138258 50.403643803350121 54.206948504641197 93.128122367634930 48.730441277937842 84.447006249175914 36.707012048856413 23.951815168586609 18.369076248116968 85.323090395794480 16.020186493948430 84.809900438502140 96.991171584728932 63.964445295401326 9.220385032367995 77.860431046036709 11.516445309877820 91.711776007767227 36.425412766870124 9.735228124133066 66.907242005972222 98.487236099088221 1.929688568322940 29.667619839056481 5.970120609432716 26.576172757599046 60.915095510766214 74.936749018669687 30.336403542078692 61.736361811531538 74.814792067008312 53.043523257997563 59.568677698082496 49.931724246273909 14.586841961007336 35.543861479437410 27.433698676634023 36.588388991533215 19.803441539134582 3.670261221347915 93.660421457759981 25.579326421888872 27.433698676634023 36.588388991533215 19.803441539134582 3.670261221347915 93.660421457759981 25.579326421888872
31.983431383430659 20.070472852803732 47.217252406182652 51.261022004843269 58.095625173712904 24.829637564560279 39.932787950484283 86.691310098154432 64.892764580228331 45.908593738492783 32.984727624452816 20.347558664511713 68.157186946670848 88.690307302782017 86.622216082429972 87.799212886247346 81.033764896504522 45.997747146648159 9.139139066781132 27.109117985767416 56.164710407908998 2.057059517055992 0.959149646790847 50.097375745489003 6.651797424077921 21.676650166173484 48.534454657984419 89.359466531039530 42.474345503048603 59.999299047538003 67.485929193722839 27.992925355193933 21.541155415516812 78.419577634858101 37.835492822508613 52.556058844997885 18.666439961572134 40.217059183812097 1.540362160720998 9.857829353807112 95.902620704068639 40.380711804396149 37.722886129422207 12.507352847430187 24.999353830685777 44.101580896102710 5.445376185537610 10.237637577550807 72.880130675978322 5.733786736239965 4.428614389903018 99.254001680977424 76.333008747471027 15.628791738976155 49.673608709630827 51.223582836960254 94.372141175280348 9.155565907160380 80.929352376848172 1.585466102774302 7.765823665367888 60.781107300159135 65.570313173175549 76.882531914577797 35.074608764584212 70.726885468490707 65.234399815279005 14.912265725510343 82.142579019841193 23.254885137798233 40.301692823812985 43.537995226489613 5.440259541814152 16.224127525469502 59.340915486348280 33.676967320749583 7.532146545528251 10.163334478170615 42.582734300127733 41.145949306965704 19.446847093707298 53.187759286306559 39.425562451534510 30.758857093535706 56.370095894741347 71.880726695501068 52.757333397768903 60.754152900036743 38.759694858375951 53.006180593771937 74.605134482418450 65.376048646190384 82.512147701630312 26.155817551106196 95.589306566764762 10.586919779001358 14.303564497715692 16.050385401427313 20.711265208559904 60.871469278356692 72.936875225994683 89.741328492155930 88.894418030012872 92.210031285879325 48.550702165368456 20.776542804266828 10.903347614879500 43.348618173012895 22.072504669178883 7.820101949533676 15.207004607558329 17.840660987106759 47.629452710990407 99.172835075223205 87.920118613265700 80.526809634798951 41.825827892460786 58.505351748503841 43.649545764435828 54.025668558170914 44.038842608148599 73.198202141931688 10.243795745109562 51.702451431911534 40.976298036513526 88.477484475219399 0.289253364638054 0.103958386181469 25.879514804169979 56.741535131327339 52.417924807341954 28.605468953976398 17.732835558719895 84.266395788244282 88.533036310997801 38.428988918125725 73.074842062814426 85.813391741656048 29.248657336728289 94.123593747621385 97.246864260610565 89.707275645326305 76.107430484587695 7.186259309103038 28.373618808459543 51.844564402995772 31.140974581472982 71.304361618326766 10.776111140045863 86.570084454102400 5.819604092627073 34.922074199642751 51.184337622613910 8.263872174222298 7.421613358992218 27.638886515171279 69.077485100114629 80.486614342182804 0.685987827456569 81.015672624866170 33.424445046320763 25.760726594150462 23.096499978245966 7.093196329572460 97.943009761386293 61.633899842229226 90.950521882687781 96.332878107540083 72.374694663224702 21.128030860092871 71.440635373539521 89.407929498103286 28.052219322738370 34.141207167679191 95.177728577361137 31.677081826535904 27.178671164912227 72.394063077724610 10.294844106817980 54.508662189274936 70.943386476978390 75.497823603979171 86.326380140108100 29.792385694769543 12.689044155591834 86.724161943597039 14.950158387531875 85.469660560241110 61.973565120922558 39.332870009341228 22.866669516322336 3.366718216632025 4.694027543534551 17.177303775402642 9.928371305532814 5.459421856288060 23.508218223136947 45.148816754640123 24.302289176679594 37.080685469820082
1.689783179735382 17.858902860693892 82.497357843969326 13.813046545177698 54.785650857913772 37.537415857696253 22.994984858764290 82.223305409676755 10.274146885434089 48.202951772233774 62.497393478300886 12.319354478821410 98.696641944977898 49.619346440905943 0.483435487613282 66.002674835933689 82.194885529224123 29.322370752605309 83.998111504151382 31.484573655315806 41.310896272752395 82.374630217603382 90.632408185938601 3.586637864910769 38.462113208036932 73.481533642972479 17.892968429034372 72.247163331579316 19.258527736672239 43.166546436774937 17.564476086934022 31.277514252514692 9.294529002531583 53.438155499751417 56.250986207901711 68.559859069995298 40.097415835707551 10.626485910652029 46.756327515789806 54.208950759129493 69.342952121411457 4.853837799708637 94.092815641304824 34.858042159076049 25.672769697632248 33.451123895871483 35.891975684976543 19.382015576740830 82.252527558083770 43.305745326305725 95.887519995409463 20.730536046613057 40.843478087953379 79.902783747037830 88.865235701045179 30.816753062309520 36.202849289281133 65.212395931538737 2.257720432914567 82.090241862420754 12.727925262523188 11.365288762818881 31.749857571705988 17.455639667345391 14.388326634440984 99.955271645318035 29.045573940707293 1.688674788819100 55.459291645439443 32.022317259024277 53.675952233872351 51.454409627319095 97.271967412613364 32.580703821191548 4.193465109118277 95.966825732613316 20.746462940600075 52.997525627369768 60.977438815768714 9.538726268800691 60.647241360530948 95.259393703501900 29.076674105038116 46.807455680318697 26.002526993377863 88.586589363702544 27.047470384863015 34.036254010626898 10.520882089478533 35.780427564437332 59.087144952826279 88.530987579789254 59.615762405072118 62.661808969659070 45.104326671926252 73.090526575828989 69.917629038412272 60.463278893010816 6.014591258600499 11.238142106004357 98.102359570130702 59.934848142529397 8.147662226838126 85.400928471735909 46.598683621620921 94.957647289108777 21.554918336608310 88.345455555186462 87.667417293959133 43.612271442171732 24.135549852607319 30.715282566713952 15.829543304890271 35.605078492964523 88.384965371032834 60.262416038837372 60.143363184178725 51.638487782583667 74.634974512324760 54.478398224258854 32.806818643208977 23.231832138709674 53.604861555181458 94.753238898818154 65.948754720223917 19.007085752277753 77.806705878461386 50.486287511905289 50.486287511905289 81.090791642045588 25.372414309575930 44.871332068145854 78.007905024521932 41.206854023630534 89.573970058592849 65.628168412254041 41.411363931128889 27.314850325595174 10.941654340879269 61.309135810225271 83.648683970581303 80.804995839724228 36.580868107891220 78.513664792641919 25.503218940462389 80.229110347553416 83.684734372872555 32.906292456800742 46.199995619976178 77.680314012688271 69.449967440039501 85.593168286204929 58.967841850346893 98.794656521949079 57.263372479725675 34.845334036616727 88.914997106215580 49.946336760527480 42.878757136291192 42.396605950328535 63.852073208081627 94.290673921960305 57.553129977669713 95.919305109582112 69.855904348227256 61.015115305439181 87.016222139423292 42.873386596658982 28.227103797303222 0.370604519856688 64.081370109376195 90.221998156255339 36.264084982917829 68.058832881246417 23.787388100977623 0.690894506892936 41.591653170521916 75.810848379661650 93.728703165227316 24.396793876595879 83.068064406882613 31.985760844240030 70.774336544946649 43.684905731031954 10.868454473106725 3.667926368280849 20.856144459033356 37.358028072595616 7.372478352733425 78.773740719406263 87.887924000505777 43.416130048139536 65.029564130408232 26.339894246622908 71.966385230913659 20.687807509986367 56.566352547404250 50.084495310508757 34.444482376862908 21.305402739763490
65.449265541095059 90.007864066467349 69.937465552363705 87.866998355435840 83.155349376684640 82.368774573226119 17.264066762981745 8.846803720101605 61.746111310758998 98.882664120327533 73.247576079260767 96.589470528590581 18.644610001894069 73.003130374179221 29.077834834651959 60.012304107736306 47.589351618604617 69.574409115627134 51.587954200580974 84.593318586101987 6.649987440482041 12.732947722568454 59.030888914992829 64.278425505353937 36.116450340416975 78.509732864915676 32.410926494050607 31.706128466305049 2.866066189302652 63.529361354788314 87.993521599876857 18.431782853506384 37.630961120000208 69.973350721112766 61.250660124114511 12.688071714338411 66.643627865494111 6.212040194862101 11.667920032599522 68.474773773995324 3.921479733865063 7.467493690219717 86.129201928319318 81.507113216260436 74.567327891535101 64.504558025195848 72.228887959693282 96.377205852441691 67.710721242316822 47.253200236808169 64.130510650787073 56.677190522313978 96.527734774339081 34.480116730932217 92.340568581307664 9.963268223192046 23.811978575115809 93.699621986787989 17.553196507751466 63.775309413575656 2.145763929952360 32.083106351946356 18.601038536540504 79.363917673896623 41.072769674447429 18.977226450281048 62.135493337149668 93.714331280227597 24.390811504979837 49.046801162114441 13.374924808299870 49.805996778175320 62.108681642987008 26.580570237120725 29.362569904766755 10.802760492478548 44.563871625310433 51.843000662205327 0.251032011811980 84.331278150061095 58.061092727141798 26.773221742689358 54.981870181445871 27.023462222319683 13.530680308380848 21.210654732153778 36.998367297176586 50.038407299071061 78.605323598654920 40.455205577623744 29.383782517748770 61.697883106927641 20.724509093516296 2.167798324040082 39.911167330601231 77.110850464804443 73.028788567003701 31.870377605362531 14.381275804614447 22.912074322013744 61.689186047985579 15.512331664958779 33.498784539615031 87.915457987593385 0.381200871056120 96.005283329347108 92.115118620456784 82.588022472235551 3.019263516027293 71.183322220322424 10.867800677013085 5.415192742106301 40.710444526629985 58.588874479289728 6.875835245843209 3.045777196895916 98.542611837078070 13.732857035038815 61.762605094223133 37.712870770271408 49.500708812578821 96.435356735743554 35.261918301969317 62.480231509057162 99.920920014044526 43.414191624812425 36.005666572281015 62.120997803387482 31.427038788426188 81.196856734012599 49.916653190513905 31.254419902332810 37.053086254428969 62.466248643628653 59.203832707697345 46.444785706960445 22.903028847073504 6.018832291622910 61.695318447871387 85.439110156397632 31.054703556778264 53.547626358530962 41.146798715344076 55.518675765929274 64.877495047065949 42.570194306673550 79.357920012165621 30.975404520020120 43.299630146030267 82.279072843125277 52.964091477079847 53.663829353023530 28.559179560095615 99.205116437962843 34.653656970262738 9.032464296013698 49.600682738935220 20.570727942680598 54.599265246519209 62.713939154846500 10.442414376585884 29.328901453076483 42.915929758462056 94.787256364943687 74.698484312812340 41.249751620820305 84.351869643357858 74.565669211000881 59.119685160971493 29.309006464120323 12.062662762598197 27.708172155234244 73.534543112233976 33.692779806521465 58.159152082314726 98.710852660755194 17.969631858663291 89.857892806061244 98.273012945638470 39.208426314452041 10.605518429429617 72.427845218115834 94.392037925638789 85.193691390732212 23.322095758112283 50.856208999050537 94.631593174482958 51.233466967570919 22.284457932804045 31.746838020744615 3.156307707478057 42.674321692359250 88.247791672764507 62.041930397372155 3.399553365538388 96.713162949367714 74.547390840488347 39.921422487723547 26.240651554201754 4.909775958185636
52.299668323261152 30.986156312733403 80.335013450493705 90.146778287780165 90.301285612051515 39.234373347737680 60.364264137279442 77.956765801989775 43.687165995998434 11.149783728697294 13.230620575041897 38.604997735171708 55.985206220646219 29.850431775662599 24.431905773020013 28.709908354904933 4.373330488870386 49.072393789573056 19.195884459615154 94.246601060901696 13.244789953477786 95.180097471442480 41.219933905608521 45.132202776494367 57.702883108391653 60.520037313038031 25.213706656009926 36.477227466953963 45.317204115128895 50.951554339246130 84.889879371376352 8.117268874419715 34.177627107150478 11.906229354102715 23.056621599039516 32.955411830391078 75.113718855622054 70.513401736274574 30.224631399167890 22.909058840928743 66.360312170392305 27.605707333552189 30.139475155677598 90.458533824157101 99.555108947049604 78.311083310056247 63.228582855015048 45.393330736331308 77.573362854464051 0.070340735923735 46.247314142577004 87.885156641129157 25.911544824873179 1.889200705062954 78.158545417976157 26.980088951443125 99.602479326365298 53.997185955434979 25.827314339772688 73.678346269576039 1.853656925275604 31.257960209030465 66.846565625613465 47.828590460454755 13.095838242848822 50.087350110542715 55.351578801392897 81.755905732593817 33.573889884192830 23.802420869778697 98.822740623129889 87.282832343399249 0.305402721111203 21.256244204919007 86.774468278003354 13.255996521731861 87.200465113185132 22.364662654747502 31.757877379392852 81.924624224500917 71.837472252272192 0.989453042277655 12.726356394919701 96.180059089739231 60.455837413439930 1.285897104974976 64.398832514532899 29.108843488655843 49.716696924843653 2.996050870353373 28.669993273750237 76.817419643332613 50.510429690515238 74.020017487002775 73.826110749298863 76.098282808461775 55.305837792730870 30.102508866145193 91.569050836385230 32.338530408447077 37.143798148475604 55.080970360365733 22.076510307149142 83.588935111284329 80.547364205141150 26.474639515506215 82.153088391144991 88.039312538313482 99.039131739676364 41.082997631755823 76.287660053198877 14.558277669165665 83.899874902285191 31.980622942584745 22.188224249415043 88.657597990621113 66.516104618241329 64.065455976491876 32.573853768689489 21.104975703805597 84.881881383719630 34.971431798147947 98.484943482949603 50.104739174226140 51.753707543130659 62.289410062837256 47.176762431793129 59.513472712603068 52.486338690519709 96.739321835061574 76.176507179388054 9.483298010161612 21.255076517690974 51.635839506693394 24.501145540658765 51.329492593756598 41.628984657377607 98.629200265241195 56.404138896846220 97.155114706682312 72.921433412317711 92.076695493847225 87.076735119501379 64.062118941355621 97.855845201547012 50.786194306084866 77.598636976102881 89.002978721229567 15.055158517517365 43.391638685123453 4.001536248186532 0.024197128831283 45.973330258810861 36.882263857168716 14.476872848563371 99.595036127844864 17.433053986425804 19.752654711461936 11.896943770790159 88.442615042078387 14.497637172810208 80.115830702791783 64.110564033582236 80.429264230631475 6.439177158407450 42.328537940943278 17.224078021874401 43.458987246784730 31.400656961180207 78.987797948935821 90.520839438213812 78.605890368573384 35.000162823013689 25.132091525059884 96.136469095126571 90.869118438648798 88.052897920188514 59.202041909282840 23.946299653799496 85.080498897892411 0.313106671614627 14.774086820210453 87.149585327351915 68.427863449515755 46.479739781209105 25.635234954546316 62.727694775266841 98.766565131700034 64.307629020317876 17.793361648565707 43.238164303608329 49.065625138067837 71.368927021264255 98.638389364769409 71.416375156982397 32.772093062107658 50.174058467559099 72.330454652331028 16.433264672878611 56.493355734023751
20.370595678954761 85.018263460465221 28.099847133950494 11.436702684236543 66.525758449868036 91.820680429209503 28.483458476347533 98.506584545925165 8.510863234689525 93.899873908733227 81.260281564077900 58.628401192288891 49.019125244474751 91.574013353239550 85.983292877593925 56.831985435737508 6.442358593655384 34.855730710451127 22.986994527499714 29.753020591009459 49.288861720618350 68.513127353414816 45.211989541979413 61.434345659892074 91.376598653825511 3.620315898770921 80.121568655578955 67.840198567957160 82.465535888099879 12.409896298524458 30.136551522410016 16.830104892472043 98.680251128501936 58.322048944048341 41.095354052196541 12.136669493257612 18.414563446333588 93.034252565519211 8.230064121549185 84.476820569173512 52.630177868162740 25.297897124489765 68.920284262948542 49.543316672517093 94.246190500690190 72.139451292305196 44.776841555617168 84.112842518104571 30.146757877951160 77.455447192256514 67.912495864511101 98.265954795633476 69.106415464298237 60.219996090154297 92.680328685647794 6.036760637878835 9.188492214438970 89.147121141662794 60.965293413627904 77.698285263603267 33.798129077946029 94.351899997561389 50.149382460550243 19.488433937893568 71.242586832115620 53.440021108697245 72.961442713901690 80.256930396888848 41.461408199618177 70.871334321907682 89.495637088476371 63.297289837421019 11.591137556815356 76.087743501364656 27.598450349151761 12.347913250270748 98.794536972005162 58.327472380583870 66.089149003327776 16.939553563751208 80.132197143639956 99.662504028048801 1.986832265318339 6.539563465198873 99.381715995266035 47.226914197073015 84.535572345092987 27.328907564193550 48.093547076717037 39.487701091309113 30.433688910941548 61.510972470936679 78.986270437630907 54.105905006157229 65.379039219936985 58.836310575762397 51.731332845019530 36.212489055888398 30.087430805691206 19.056677659235532 66.388180221562550 11.168570833634606 26.128311613355859 52.135500094603159 52.716423992745298 18.327072247872454 79.905094628636661 80.595661814373614 95.593963638987219 24.124753529824694 77.429124849403564 77.589770880397865 66.423549045081558 58.054468149953721 52.859713467829408 27.775409956159713 46.039793306277701 40.913667258787555 52.086199122510955 84.951364786001776 97.934265161855137 77.342610579781081 92.767174011235028 97.133985564857454 43.425256897370069 84.115499793733832 60.069133092841696 98.740610972922838 80.581468626081772 9.066857949221452 67.368228746873271 95.384613376076715 48.546135895048167 6.532620457618932 14.729757343755988 49.882808793644720 43.070850202305252 8.950766930640274 50.995592832231885 67.959668587631427 94.320278447143878 32.471918159289906 77.587053746738050 59.302967344699852 42.823809068575628 14.273491709715092 74.952359708767986 3.594373993393796 78.226442531540940 5.792245977863808 64.062497951698106 54.215552732766035 4.755516213255262 13.653001315586389 41.478151618935996 57.476731968680795 96.162969006064387 35.121324642510345 40.724443381006580 60.193536311265291 82.343125050634413 48.228046343228357 79.085780379678951 13.426666434883995 7.143244961566153 7.564158514758768 93.296201653242576 40.821796078395856 64.495645362986579 32.371131571482216 57.551758551001150 36.625473641464353 68.602239995430381 68.841260919774399 71.954395098393846 92.018252410594258 86.845712629472757 71.485772529797487 59.223555735142867 51.769351792309550 85.100259085451214 15.057632433352863 28.849554200669157 81.508553116951376 3.137413227130370 11.433724823050085 45.086596456791050 16.408774064749508 38.238682601413409 32.418654261626102 42.661931018074107 63.990452699848312 53.939563455078684 57.796570585305439 57.102156839336551 50.528035786358963 63.216645819665750 14.511906788283879 63.701795313709873 29.975059469969136
40.302637474747605 28.660954611946977 80.938496808390155 26.830754244878463 92.202067458216661 97.970913532469325 30.477601046602754 56.434334786130279 74.151111033567361 96.492654952285079 64.747370299812999 1.798447064242203 11.988043537729986 51.590538247068707 96.671003155267172 61.859654564035203 7.350667560270141 73.286668769670612 3.833480453277882 61.899909225586292 18.709963672664532 22.537073041783529 38.042282787658209 13.157716340786118 49.198368740014544 19.592410871473611 39.446860617361502 93.036962709623850 23.896573537967580 7.978702618063793 30.084173305110596 25.419896457294143 10.463885633393055 36.432781200249323 95.884900251736155 14.764844486722650 49.053408342514047 51.103545442283227 28.592215320138902 24.008138135348766 51.959693307889943 39.622617272058946 23.839592804459841 62.472586390372719 50.304371714191745 1.892385474880398 43.206431387345333 95.194058239290442 25.463548042092675 35.249708654789167 68.514394963516779 18.218509176930965 76.361362690218044 81.955977735422351 64.143460509838050 12.721120901576032 41.653757373142419 77.702866020440169 7.557983014152891 9.194230527656256 94.954966625069645 82.986585405277751 5.363362093036383 61.476575071974324 70.568012829019750 7.300939030405706 61.717081141185517 71.909653391060800 58.722364171192652 55.651007015600605 34.930319425646381 10.435315719485816 27.365670878441119 27.750910365246462 67.093727099346879 38.249000086997334 67.884716512114153 31.237764129388168 74.431962965232955 41.418599305349069 91.779365745444380 12.440384763481848 27.947236159381561 74.533045559979271 48.280433142920607 85.365467588575299 10.529538845315189 15.751475733878618 80.860484944474280 31.788467387639287 6.493694232362857 84.902080142400237 48.877074480940799 8.529565520026672 35.504378871371344 61.882446821121547 94.659752495694093 49.067949115964403 46.686731553051722 42.706608104419111 64.337520019669100 81.202554333122123 86.936397529089234 52.314115354649836 93.658965956168416 57.239028630486189 73.616614704800924 91.902344560393914 91.418164466648051 47.806142089155379 25.064448773015425 46.636349852137990 55.947961300440497 24.492953632260484 0.221042770471147 88.863200975639529 94.773170197837914 11.464564622500683 85.517409051769476 78.978554736638557 72.142630588765087 42.515329368623448 38.157553261629658 30.997964776032472 91.705146290785777 38.693804953174251 2.166870329431392 2.964382197558502 19.991300096563968 1.493022633147656 73.834380313533472 3.925863477628722 10.149651515321100 82.209594611472369 91.879892772172681 58.886895412311802 12.981396104544240 12.977015859979701 63.054291135419383 33.766507606403984 67.134986081606442 74.933393359811546 50.448604297346535 10.973456403063153 77.273096242167867 14.078890579152780 2.564641715116833 86.775650537724573 14.122634129873902 31.063813044127187 85.640779903667251 47.852324608853372 66.991994637949219 46.237498170873970 9.762685479181709 28.695229385079092 29.331571608848972 79.088807161886905 44.984844925500902 49.353844043075135 48.176309921505236 48.697687089809286 55.121395310398789 18.626822070151626 86.358890958082711 0.062542594726234 22.642998710718597 20.714347886516915 96.908753945026390 9.231981480052854 2.644371507283827 39.498315379881099 19.056106823658393 88.255930490046055 59.578302018358201 2.369054321364328 6.849056901636774 25.425683750067286 62.364648732003701 1.683204239771963 83.836670129517572 80.916840051857235 60.401237810894195 72.881632613412734 41.949160866316426 65.716516795939853 95.780710997845446 24.920320103221940 95.705220969175969 30.463940476076989 10.018512197417884 73.770090016904177 8.598519172581632 92.649107063761349 29.799727047723646 64.983912147471528 68.814925680660622 56.973561085555858 0.939182332945132 55.356303980563204
51.630722143923037 53.751706267678713 65.353157938145330 16.517021037365442 97.654253313276229 9.239766091318524 58.634924334366254 16.698727907394616 4.288195139895990 74.914448824793212 55.318629942307410 12.517054700029250 46.142411508848213 73.079466094920349 63.280633500159752 14.600726421066213 94.977864865814084 73.691900796058178 65.017643133944333 79.817705733281187 17.237257270454755 34.062034669498019 43.992563602981747 67.244849760221143 71.695506540099359 0.746416604260491 22.002962895733880 94.213068976949472 51.188322118746363 11.850450637342803 30.230133001536529 99.007043590154026 30.750667721359527 3.471974774758591 53.449123583729786 45.217106359232119 67.764723579838360 82.060782629715106 29.880906172285616 82.301243366634125 41.634969372761709 91.652543495994081 39.452997832374905 86.830440204678240 23.220719867208018 73.452668365899981 9.796083663437871 10.653704069806469 41.790880044110381 88.720632775412938 49.927425232743637 6.131648852559235 81.026416432206091 28.190423898450646 51.948604660060781 6.761789284478558 1.322534599198044 82.472616833792074 9.521822422104254 11.064826619511258 43.603442708165232 40.212646599237885 66.230538326836793 85.847793594710495 98.719388860854480 83.747707253300561 94.872158866227636 2.050427816708278 68.195235905579366 82.797056274653542 48.581853714952473 68.419445895228819 17.320193904174896 27.902280994368802 87.935817372784726 20.303049046767228 54.977596657475459 49.016742239849876 47.115116448177929 42.558505588767190 60.261005300975334 13.947745982958148 64.271439078237435 54.767794568041417 95.371841591194084 5.564055592157469 97.348333968859748 74.485900645544874 54.193609843100162 8.786784112253621 7.339329146950336 23.485393052242198 12.526224366921879 80.437587222402769 20.224565745506474 18.414431706778657 41.578134137062975 10.875779601792768 52.733552443274824 87.319761368315923 73.283456558771178 47.248040220856524 11.745853686730090 74.028237117919673 58.780744018981402 3.584062526093612 28.833702290553020 74.771485372087227 91.236934522324361 79.222018513210017 77.497249607474544 22.953379940264984 15.540977839224846 61.772362362679758 84.529366744661488 61.316206313996943 13.476331177653355 11.412687987979409 72.738070107364493 96.810355976655131 28.887377307616745 20.963077105126558 82.060333574817278 15.250565111719705 59.186752788697383 32.235963332375874 84.239270436051967 44.112032004384872 45.863924057215634 33.143997176216502 45.994377210182371 20.502134413033414 20.594491569188744 43.729995943718357 77.486639227813356 49.111434770944285 8.154367554623487 67.462253721672454 44.352403796190920 50.059954316168763 24.245343680998666 58.260832556690055 50.905751762420515 92.571147266119937 10.030927984906645 71.681849934650742 20.006409018009187 75.492279503726920 17.330517395353663 45.273153669155811 97.126040182529749 80.577925626678578 64.212530047472114 90.479614873747494 97.387911562265046 9.571327516857696 68.559526134145486 99.252756630615096 82.703149059257683 75.221432491285199 64.955563893853423 68.537700696221265 19.096463205899738 3.392976367620648 35.367244486763560 63.810320959440759 79.146911490952249 55.138099182635258 73.599260383229321 88.275698031533196 16.730683667897274 60.518455182300698 22.048147482110071 65.142362946071543 51.476478716109575 83.774077963033946 73.942794697813454 62.230286624734077 41.957350223126134 47.306952706248474 46.256933070565388 98.426650580796434 67.616775669381539 92.898534786103369 1.074005856377835 31.199235075836185 65.681541023109418 10.760690461935207 50.476410754275150 87.740734061672342 8.344276581689725 18.932076452884061 85.077762550568110 52.817185090795263 42.971660499850408 10.530727852241139 53.803330655602466 32.688767169600652 82.404190909462457 75.323672611231814
11.861955632906085 48.077841124662548 81.137265169885652 82.965719743543659 55.846645943691961 76.499693709629000 56.096716156509530 38.574539473991685 3.400732458499833 73.502765653147634 65.055330466189346 45.527881432973551 87.692309458569170 82.643592945700021 99.321427714613890 99.069717740983407 20.817839145028604 75.691817765684732 17.135472837919352 28.985678069725552 47.759612116230855 12.593237369061939 0.651179572195137 23.167756548412655 39.386118156201235 45.029873053375525 71.094754138246557 60.135851132865483 53.339129690482743 48.273578179502493 7.008916064488546 77.145591857650359 33.482118581495548 45.877758798882439 73.612385506369733 55.002501528262158 45.581350871168866 73.318588110166473 21.203704406882572 83.693194575829807 30.428170022187061 99.854713569360243 95.948300187654340 72.283058858619583 68.927243677126555 1.518537479528215 88.015609317323694 0.689752615594941 67.054194837349741 26.741197922922531 32.382335069758518 68.764489078000111 87.437233431821213 73.885265434924349 42.057538607917586 14.827724643852280 8.119350984453511 44.638205653513531 50.277783085334505 8.634024596354672 50.383345729741194 40.187943479828355 7.304691634519278 7.427968509339877 49.627246318959507 13.056704143503339 97.385988790519235 43.252858864555812 16.068078316883838 16.770900181905944 76.885426435335773 54.350413964150569 9.334984866872576 99.062664347197639 83.038803044345926 46.188046035680998 22.911484264574355 96.635770670423312 4.962647161283307 86.679263416169718 74.813692157024221 14.448773081336341 61.555969222832239 77.242756655927565 48.952207613615492 46.244824845974634 51.961497440221052 90.974601881286929 95.680398676730988 65.912850816068243 12.254675363198697 69.819624679422361 43.800066427100091 62.811598176023487 61.645709509162330 62.940886803412099 89.644437560745246 86.851624836307721 14.920972021125834 20.696194386047740 90.766738888460623 32.462326535878674 54.693250584349606 71.481148201032312 29.107027032023915 8.688508598711397 9.755208118086067 89.311612257675876 2.797219536075046 79.691859459136211 10.478418868667816 53.300938784475136 74.029633890784794 52.059930496990034 69.282145154919462 74.638069949073966 70.858598647690044 65.065314992197244 94.974208759889009 31.411937684718438 23.786848719220611 12.202786582565750 85.647769185645998 70.549351572568867 27.839814626545344 82.710928747295924 88.626744470762347 71.918224091790037 7.181930966295824 25.912116617156332 68.719249230713800 72.604969128325081 99.407176885857396 94.050830535319434 43.435770592441891 7.223833619033293 21.285790243521387 38.523661192155814 76.454914812109720 54.044161284413519 67.516519914058009 63.142661076178420 6.321948014417700 69.421681253629188 30.808873714074103 43.176499963950100 15.613723790617017 85.213534350423146 19.558406376061932 22.118072402498644 45.658766504632432 24.387350311630264 53.544807428762830 37.578603905456255 88.099508155620939 72.107720544963158 16.559099185238189 38.412967466678992 72.486933864595102 65.522518070208676 6.138061752438828 65.880966511734499 96.640385031357837 37.216986986573922 90.179630586588672 1.162958433862715 45.106893957737547 53.638810629812326 91.491143648746856 28.761640416955835 7.781261223577829 41.241383735039491 85.491275776504565 45.181160038126059 52.596581551201638 28.123251185143118 87.050001529926519 60.867136433013535 26.535592029479517 84.612053453660820 48.996949186613506 45.713260293864998 2.366459245730623 13.710713245690210 86.872927935232894 49.825588502286344 99.111109890922961 25.428317360014386 45.018634071522747 44.138169206330623 80.359188605342169 54.306833238682984 23.924838703547813 8.155375486838000 89.138872917354107 45.844333717691953 21.323653919594644 39.200264179526499 90.423253725726610 18.480536801155147
45.341504364622466 40.127264899454154 36.776097753625237 16.470978944414462 58.504402035049083 47.569374434033115 19.377030914653659 68.504204963448785 21.540303934757720 44.134228683243258 29.855115501773565 81.359990555747501 37.648473939882656 59.177252142166495 4.259284292239219 36.698351138075772 71.911136298973872 60.906037808679322 96.971833040185714 67.274661787413976 90.145792058955294 78.434118500176936 87.877797302801994 88.341789815253307 80.263782115611733 94.696687407675512 40.004230894336132 21.710860439011036 38.320131766666385 18.810163512834745 54.992326259564315 90.488901205433933 75.447688955064336 72.146741831858705 10.798622275774704 61.440737698658218 8.050318982757220 30.739774272260501 28.511304849127271 58.671699536223109 57.924130839939977 54.985441183499660 83.247497604738868 91.323359199126273 44.970989064498482 83.254931317855394 68.752957128681530 69.943654645965651 17.731119640089855 23.302598547479349 99.034752804122760 9.729333206279145 5.675580944038572 70.532192174541478 4.993416358489178 35.967225131628133 32.021605329765379 69.540301297822808 10.355913334352284 96.862407202492264 88.347659799038453 92.365900641079008 33.785794694570605 19.780971343459363 34.238652193362121 91.558181641168787 42.978570494912880 73.139535805838491 66.499313514390153 82.619095804680782 85.439749970710423 41.388738629015400 95.247108297555798 14.727507627557369 67.569544930724561 50.090868620747230 59.447471848071189 32.049196011490430 14.302535348792212 11.721322014917634 41.734223646356597 25.466999649487796 53.530765294680712 26.867683368513660 50.718875986257650 32.722459270815129 61.839358721116220 67.830164332678791 20.435052601352023 42.975318961603335 66.353773904219864 79.919296820483680 1.619633095695128 51.560237620458608 79.461806589801839 92.277044342089241 67.463750714942236 29.402603263117044 18.472426829354681 31.414336072094294 15.548196886197395 78.703475518833002 61.998854420885962 66.454424243138888 36.329080297110252 77.120204559211970 98.418613905971682 97.094181448801251 13.817724601559922 89.624408536164594 56.189113779988332 46.238404844991400 18.851213966150670 0.938518592008208 66.727727061486945 70.619482018618427 67.793535653252405 40.722238774354445 91.129059009192716 85.189150183648835 62.009051690658900 41.483108794842707 5.791957271965254 93.411069981056400 66.886866484068094 67.203629591792762 23.714927534783392 94.567213373155312 80.253007605251256 27.010509642653378 66.488658598824856 89.512175016502425 79.261819695617973 5.803720647105903 39.645132179824571 85.577840071573718 74.741659008774420 71.347627969011441 42.405881756441964 95.188865808812778 44.056044228229652 42.353315819897773 17.477400041749235 57.102755799211948 0.615588778015508 87.915768056447419 30.668416126354849 61.261563988943813 95.808157080863111 55.327838563774826 46.688738867329619 19.062048970997115 97.751001342478304 5.411032743725508 99.961888343524279 63.067362950087755 48.132002816870880 0.448408168947489 46.472874819672292 38.506272513712716 64.676450026080929 37.162766529044774 71.281461940457461 62.517173653648129 28.820288666183703 33.713049818824892 47.231207387711663 58.082494138877564 86.748020403199106 83.727214731629232 94.835891839807644 77.448114369719434 88.718174522854781 93.845435998053006 2.449990549366554 51.406557225706884 4.677596471033674 62.857932987015396 6.807153111673003 15.601703417830304 42.923860358189238 86.075255893073106 42.377936444829167 17.966865731678528 92.164149147145011 46.236983823819465 66.077558037443310 95.251308993214892 56.408587137096802 27.783917651348144 93.833485148381598 68.897798962641303 1.915755547334952 96.201690561098403 59.497813861019232 12.249766713203147 91.514135290328454 61.902208006093943 27.404651334882125 70.872048057929874
35.523562493780325 99.589489769259401 47.092609096658244 22.561648111175103 86.281996715144658 96.325457250530150 60.971109441807933 76.971718170573254 15.501471741973949 71.888371265666407 32.465034344207410 14.279811011230525 11.874868281983508 72.804694639401234 69.691151339823449 40.957675002004144 16.360394320381644 11.439479903091742 64.178077929090506 61.320160656095837 34.074507281797729 50.739716501009681 85.934792854725828 42.154759380536611 82.735966844506663 62.150934565525752 50.379847643631734 18.202139478284341 77.484724638958681 51.195117607811390 69.991395164622787 1.615211607144751 90.614395245181612 49.670513617846609 78.026058936596570 10.423962540445043 61.297294572927662 87.439958370926320 69.479414035107752 13.418435233677862 65.601446174356909 16.514299961119562 12.862823514651044 20.407521232331970 2.416777877968057 35.733608573434893 55.290371280923225 62.847202499174237 76.051146092870496 89.142749262159654 62.165274393567962 13.599469662472396 29.029808525252854 49.656303215816244 65.253695772113147 6.102754284727041 23.660088601701691 57.224302943470448 81.251591321095333 45.457756677042660 9.517137207293313 12.482168910390657 26.578237224404145 66.771389552645786 54.167515079415494 52.687593152887437 82.190294970086526 35.105342490412397 68.138936129484932 21.576248514978570 24.453122575069454 4.563832615300756 79.773206759187275 75.272928313906277 41.659060049902472 4.924679205608773 79.620112857574583 39.058985149685398 50.254047849221180 89.549447745277249 63.912042149514178 11.071522559529090 41.829895437352107 48.903117159120988 66.599414033547035 41.806400663261314 16.156505661573195 48.131964327125331 22.820284442148719 19.018179883829667 3.794260329561150 21.380332602007080 70.912711936022731 67.326270912422487 10.732897825331445 71.514731219358481 41.170891291952216 20.533727966497970 66.682471211633171 45.188209749117604 93.763166502780294 37.940394738263642 24.077598437530312 54.684711597226311 61.917634393310259 36.226321875916000 17.102924286765141 33.550939565175277 79.232845422472380 8.190072318288856 68.250098568055932 74.685052207433117 22.272723293005470 99.457824581831517 13.464041340933475 60.199658650206310 75.537242521525215 65.668831510428873 16.939258484745967 71.183190415443960 67.646137190656304 37.664337732961769 96.526555350114435 21.325446161220686 68.961463639226210 37.384509883314202 53.433893623551512 7.092090647689542 27.399976987786800 44.519762236349017 4.278801066933092 25.672804012385122 35.659016444420580 89.507644674961355 56.886903133045976 49.478353280240853 6.111342920133334 47.088390477967138 56.568121681632597 88.931065561656936 79.490086112470294 63.497441667731259 16.592572536557736 58.570584134012890 4.895720490893895 16.809056670586209 96.357442919577466 31.231014633952658 16.729182722730563 60.057558451003665 72.829043533338449 42.079159283960536 23.383023575761541 47.474102907949224 52.152011621884320 39.344677187143247 31.178082829682698 13.168706172490852 6.633880689176430 98.820952191690566 36.863891563656068 90.157464873066559 1.967954232659208 88.279098506641347 18.878969932118096 6.590945926852198 29.015041046534517 74.133619309857067 18.649309456961983 94.859294074596690 63.297132134056646 50.975855432381458 93.816555472734720 90.524158835376085 61.961742071489965 61.612180211057833 22.353926579648409 87.835182026831376 99.738545445639275 27.470653294346647 60.655323656276693 69.540118570801496 22.668454868630349 47.339378276991638 43.978800183833286 36.503725652979234 39.748299705589396 30.696692252178202 19.416799264365558 34.652826481185294 84.102681745711024 87.706693678549414 56.999238412479492 2.435512357472691 8.323708718100942 22.594643445921314 0.557785252203258 10.900454754063505 93.988743403005330 0.290898595455635
32.145206629461455 58.059780105873173 68.720300041270775 76.244947552709846 94.970234102214974 78.749545703868932 72.773937524643472 16.893484317793540 1.023249893129974 63.201888235423844 98.746367138477638 76.778432262338626 65.771984033474936 73.724089329214166 82.936024160876627 24.669203957712547 74.648928283727159 67.785302333726776 39.492824147939473 96.580447494840016 36.605118761647979 90.457578551059584 5.466344822045565 41.481568299042536 5.578743599627323 22.890526872741489 69.193128426284744 20.089717637017333 69.296094470228411 6.387062697198220 40.614602153254452 5.534606151953092 86.963409862152986 69.950207725403601 10.635253548187574 72.039367053343284 46.364002021695313 67.702335087418817 78.765483491815587 95.849749910136808 0.236745129927096 41.751781423101598 96.775064003097867 43.447810649488559 39.630487465261290 98.973525827689684 32.003551844384205 21.554677086103545 11.619373590112680 12.651939578975647 6.882785457963903 61.702095261770019 7.112894215738330 18.482002019823597 33.446937038259740 50.653603654219012 3.725062551594527 89.659732995578707 78.506404181874046 24.349081506253967 25.673643919275023 65.012825748027225 16.404132946067172 80.230505275669913 8.043635522690707 53.934298733712339 96.699347160824317 67.676693394813952 48.565469160224254 24.124062636103549 62.477228016649590 72.974430209717298 69.490915997594016 60.412161697813758 26.628772336266348 26.628772336266348 36.546833804978093 46.429777437111042 99.011827896865256 40.482482414419543 43.570061184382979 24.597137904314025 79.968959222981312 48.610414150374623 18.711009267265400 84.034793465244434 57.937105516015805 88.775258419271864 75.976779165615966 68.870145800641495 97.059222115990451 65.361489569164888 0.706240334889763 2.961147108645767 14.942954512180350 71.831963391332948 50.462600876754060 21.566130426423101 86.956149926198762 7.353222563036665 39.952527113454309 81.461466589060677 25.092288000172115 93.800430685761313 84.254711587730469 51.783352567156015 39.860058621109353 18.295859287223138 76.109653552046112 0.357764800213145 9.867352819011154 77.805230396021912 1.362489378778498 98.756690190907037 43.636062344844092 44.144629902535911 80.959724016901831 58.116638379402964 95.339416542276808 87.079270743471454 31.978181671143869 90.920909051984310 20.163354702153690 2.941599689636520 89.463814242273330 97.730096518347125 50.890019977167498 1.222476575835829 88.815839067104889 3.231719533350297 95.152709719332080 53.911169947443682 39.633222307077666 53.656543203126851 99.633728479447456 57.190617860024709 13.719358358846179 16.089798546070220 77.160838450454435 63.212428097503704 23.712654976084814 78.110259217289396 56.530879585459992 78.705425505323504 95.324957354711785 16.200324866057091 77.631753357369490 66.422307913910529 39.567908103820805 51.647280298901407 14.594937964752230 34.550415031638124 26.758634671928792 94.811218641156799 27.405101933061083 17.568422282100993 67.343083292771894 58.420474890180927 24.062529447472912 9.710862349003147 56.443991104232893 70.723355608508413 20.550741032831365 47.391771548052205 70.445454199399890 36.312810062172950 2.989710182325234 2.920885402793227 12.765898057709224 6.392780240129737 17.314440255227371 95.840610400488444 92.543867583374478 42.522116924197171 28.849218705067170 7.121627417293707 45.960484599349606 55.831894762387044 52.464558908080647 11.131628550896933 61.874953847659711 62.235072429935322 14.541634486714894 87.039123947684274 94.247156478436523 4.891617229717182 10.924195910613610 10.405245595922496 15.479560483926381 72.352954820798800 52.043694606651499 7.662337163710308 98.068024640224777 52.023037174146971 32.458910539702757 37.664247789895619 48.797500423014597 31.483549146809786 80.378892081418726 24.369193888606144
97.050077552453246 26.114707463820942 96.146602993505041 56.191978521038862 98.354324167276246 59.191464502870353 8.714702319947465 21.795585066841848 83.050625783927629 14.179432267613446 85.930220412225538 63.979302612719081 72.785868749794673 87.003398124210136 64.669161897885360 35.961592850656011 38.568893119742043 63.402964904502092 89.107616006531458 14.938321814316357 75.463378622441951 93.026414427828840 49.734636074536610 0.864340335143277 35.783892334665822 34.045198915777220 52.577945518847535 29.790751140633077 35.433006172909657 61.544318947483490 41.569861864401361 32.163320020001805 49.685832556153187 51.971941782397856 6.715542271786568 17.152817406175412 54.780633894055384 6.220729521979241 93.623765818493141 2.962582249659151 16.272745692146838 6.137031457456188 30.084160041323806 21.207987575807895 4.436091541888176 19.061370139775512 89.960857588188063 6.353793157272392 45.397368713301780 44.051646200481052 93.090590318834629 32.652721070909351 48.807814905605781 50.757317301212588 98.200629221331795 85.669339625320589 14.913112582425313 79.589582953134126 87.007626648677032 58.923251217937988 59.051913494818464 66.859887079860940 47.005474166847563 70.383041273575358 91.033613764642269 2.365800088320880 68.349567190621428 22.399765073268764 17.092368482467069 74.037544411927982 81.611637504347229 99.211984125229037 55.418438361209724 88.751057691890708 0.991438709472126 11.462579380957772 5.901700916661968 92.757913829966128 55.042336639216686 2.194811923751638 7.759185199879449 46.588893395285645 25.907791475183583 86.873262344619178 6.736525472131117 12.000810196677246 24.909961075096156 74.837971734534051 40.497864220903601 24.485252165080517 36.849370777271915 16.817348753012297 38.777142753655781 65.829419181199768 82.957950138504870 65.002255018376033 56.163588407131002 58.276995154393688 94.574923631455150 27.154431789819522 73.031259537164274 74.355199584576511 9.492972628430806 67.186283995403912 22.781766411084568 55.022997707921903 30.371432111210950 13.937594468529946 36.507895872317711 28.526327713491206 30.687501748361257 45.803444742070297 79.359056331660966 74.983533476764734 80.013582177372342 51.147957183613414 47.389364352144945 46.514516376635825 20.108036601431024 24.986460734098625 64.393624110932208 81.759369023248368 43.337871983509181 11.505591968707051 98.634966812409957 54.038755698826165 32.017155262498932 36.782398211518206 9.581662702761385 67.440671503934581 55.373618058973584 32.239602868141674 34.243941281309716 31.765373691732147 7.957261502539781 19.561945677304404 61.947545782054881 37.200695508556436 41.060257592038084 42.938838954021286 37.620799768521152 82.113744539042969 72.545002339755953 31.199008345023195 34.125663054087404 44.893844509481639 20.895516492516506 31.592244268855353 71.385336228046867 97.689529665457755 47.563642998502708 59.366872341731160 73.021848842770467 93.011567522706443 41.789002949132090 7.136307317642244 20.034997512125031 30.701127721811574 74.214809102712877 84.727216153871581 14.944816191355992 37.216476121956724 46.282289693754123 30.538524851866022 77.538797354832582 69.288155677462711 53.537467601950929 6.562223934900658 30.239315675856904 90.185120832477693 57.485568495094128 83.004283860321948 17.534743488058446 97.989963917631798 67.899161812697841 19.288641499863203 64.390712460862389 84.543904038785811 72.115000190434841 78.814790443168619 19.204469765034183 19.434337962097992 61.977513117580393 54.115071008470693 14.680382443683527 2.018893995278426 71.999144465807191 47.988716457830996 73.961844858864012 17.687124059630456 94.237712587731153 84.422754923166693 35.461858151628626 94.560815946558478 3.971051194309472 18.382908425352685 73.818537533052933 84.547905306992405 93.684292643455137 26.131355288601565
1.741598622323060 60.125128425993047 68.537529525986201 72.741902012435020 30.669108079890051 22.672387138807572 27.595979076240539 49.934563918629202 19.332048816498727 80.546641657327314 55.816389352122442 29.059686526115325 91.460800839399027 92.231070678569324 63.778352989574003 58.982802585744608 15.747239968642779 9.473587256537918 56.397653715795101 29.753074965828208 6.078504909339877 81.740526501171786 0.615932498612481 6.139116354949481 72.104014646111537 55.835684607424653 84.336272816480502 91.004605037322534 1.014846840490824 69.708577464505993 49.247192343980437 87.079596972535782 65.628954665859368 7.376785771766459 12.171557697692958 12.157869645777609 88.603673116737852 62.717641633071544 24.367318513031599 80.571782500085504 39.335412528335446 21.053357614895919 68.341396292910986 5.409405131774436 17.106188200931982 24.088766447013455 4.664515989707196 59.576373339997502 95.944930970151276 20.335568594888731 63.341965950689335 73.566822962425888 96.605540070709225 98.689594035528998 31.594197833847414 6.415261220834479 79.826636888412168 75.898611727639903 53.474979955099968 35.691430093580912 48.365588163372429 77.315926498857252 91.506576269319197 27.526937114260562 26.860773424288155 39.343165040573091 56.098719971903222 23.426011972950324 9.168308745399257 60.332354709824230 35.907979226249267 80.001263376423509 47.790357858354625 67.798044164957403 12.586061419649198 42.427041027392718 46.745078023616117 50.804718022556358 16.218315354065282 69.288648985703588 42.022425379205472 63.273646243414397 62.667414552518331 54.596288265672456 57.765492458184923 42.046111319778880 51.770478250936691 35.800547811925213 66.066241851013132 73.294120172424130 21.096064556955707 73.737489304273808 29.755305548655965 62.218396911035768 56.403512225591179 58.517876859519632 43.426691822126870 7.110121704085448 29.981421969058097 93.025723926860422 80.465030845795113 19.685911535218349 69.175060578052609 66.981781841666333 98.093915219000891 88.668808777671046 38.572984003814213 22.543676951027290 75.737752343976140 80.287739230090210 71.515493650835708 87.900926890607280 24.693783038134420 51.554947329248378 54.843876013341500 1.731117030472740 32.444607812202229 20.295046410825613 56.814963091667337 4.374262152574781 91.526981545220508 15.087300269167269 25.429585093142737 92.909985018091817 43.681540649466854 44.402769973852820 40.465327392802166 21.878316450055067 96.688135857394101 86.916594310496649 51.483492685170226 71.483334602968455 72.344455588249843 21.009225610048532 96.701284132294944 7.366754565344424 54.151343927242465 30.698637946829955 88.036303692364243 83.815621910304117 9.573668782327793 34.098812009193537 50.728669697215203 35.501121917559040 84.013325187373297 59.215019077448638 35.494097495853318 36.908338858522640 12.049861144454766 60.246341937036050 9.903036747453974 93.837928399737478 86.974934044373470 51.772241266170262 12.647409630052476 90.984564759939374 52.621756563496056 1.166754661006142 14.577061966087335 69.698944848960110 89.684803876355673 81.098559854030015 2.518888395615348 19.165212378223373 15.315013606902362 8.123321071958101 54.471053355590868 54.267939983213466 69.585036031560293 32.012474460151275 45.097812576019557 68.871318050572299 5.081362376861264 46.398741873651971 14.119251582879288 58.697802303151889 13.129668117194516 99.635788769824543 7.804058033919892 46.059190600505971 77.927759340431450 7.307405946818879 84.732328047715882 12.874296070099289 70.946533732338651 28.334741361249449 2.019427550923525 58.614035426228028 51.841130549057269 89.934012869252854 17.616698657692233 92.201898526930322 5.009209551123583 40.466953003411902 16.521196950260176 14.753815238649171 5.601106750384366 92.681554783299930 60.299040533995395 44.814336396816124
63.935422105518803 96.727531229681489 99.863765358570916 49.263765640439203 38.192201952124528 78.191229072132245 67.378981393635684 14.886324487816117 72.773594142824479 27.125885365475209 96.379253434900775 29.694377857089659 15.966383997478840 34.059876586610237 90.653771297615322 78.838476383620744 61.726779025232538 52.068367871826673 14.464796562818961 78.688781110606271 45.008874080078797 90.381117802991511 94.708652869012283 86.914601389270572 92.230557699673525 77.474748127481291 67.748271956818684 4.012509669261133 26.298442735093332 85.660818305451812 12.938995634041506 50.952678634043515 34.808631941570624 96.595994828778871 45.744416959881427 80.858442023758016 82.164542344847263 90.396019471275935 55.392022881484181 56.895036539935347 83.898009445969208 72.608960634753146 78.061340894166605 19.333307913438581 5.828978781122574 94.134424061959564 79.256409836580261 5.172969773938885 88.162633888847424 18.523404369626540 88.532582038865428 70.893138545337791 1.353218596550954 0.468844130652935 98.393658611251993 75.671907322197896 74.692955700174721 76.746580632978606 2.472065475699048 99.811674174836014 86.036883108402179 72.344455588249843 21.009225610048532 96.701284132294944 7.366754565344424 54.151343927242465 30.698637946829955 88.036303692364243 83.815621910304117 9.573668782327793 34.098812009193537 50.728669697215203 35.501121917559040 84.013325187373297 59.215019077448638 35.494097495853318 36.908338858522640 12.049861144454766 60.246341937036050 9.903036747453974 93.837928399737478 86.974934044373470 51.772241266170262 12.647409630052476 90.984564759939374 52.621756563496056 1.166754661006142 14.577061966087335 69.698944848960110 89.684803876355673 81.098559854030015 2.518888395615348 19.165212378223373 15.315013606902362 8.123321071958101 54.471053355590868 54.267939983213466 69.585036031560293 32.012474460151275 45.097812576019557 68.871318050572299 5.081362376861264 46.398741873651971 14.119251582879288 58.697802303151889 13.129668117194516 99.635788769824543 7.804058033919892 46.059190600505971 77.927759340431450 7.307405946818879 84.732328047715882 12.874296070099289 70.946533732338651 28.334741361249449 2.019427550923525 58.614035426228028 51.841130549057269 89.934012869252854 17.616698657692233 92.201898526930322 5.009209551123583 40.466953003411902 16.521196950260176 14.753815238649171 5.601106750384366 92.681554783299930 60.299040533995395 44.814336396816124 63.935422105518803 96.727531229681489 99.863765358570916 49.263765640439203 38.192201952124528 78.191229072132245 67.378981393635684 14.886324487816117 72.773594142824479 27.125885365475209 96.379253434900775 29.694377857089659 15.966383997478840 34.059876586610237 90.653771297615322 78.838476383620744 92.230557699673525 77.474748127481291 67.748271956818684 4.012509669261133 26.298442735093332 85.660818305451812 12.938995634041506 50.952678634043515 34.808631941570624 96.595994828778871 45.744416959881427 80.858442023758016 82.164542344847263 90.396019471275935 55.392022881484181 56.895036539935347 83.898009445969208 72.608960634753146 78.061340894166605 19.333307913438581 5.828978781122574 94.134424061959564 79.256409836580261 5.172969773938885 88.162633888847424 18.523404369626540 88.532582038865428 70.893138545337791 1.353218596550954 0.468844130652935 98.393658611251993 75.671907322197896 74.692955700174721 76.746580632978606 2.472065475699048 99.811674174836014 86.036883108402179 44.543748436458486 33.923318407320913 9.221144502706125 8.275724472627910 95.039445143511699 37.711060199946822 39.117533030512185 56.284874756716832 81.595602980512496 11.628142293955769 65.839422654258243 91.383483793657120 80.158295410376311 75.671907322197896 74.692955700174721 76.746580632978606 2.472065475699048 99.811674174836014
49.500708812578821 96.435356735743554 35.261918301969317 46.553101643238456 10.846496978756248 98.627399314058522 60.437091797591570 6.413941891426445 10.581534409762128 98.627399322855482 60.437091797591570 6.413941891426445 10.581534409762128 79.031308363470444 35.970965109280463 78.639574658883362 28.189431861288160 77.415258219108509 31.254419902332810 37.053086254428969 62.466248643628653 59.203832707697345 46.444785706960445 22.903028847073504 6.018832291622910 61.695318447871387 46.444785706960445 22.903028847073504 6.018832291622910 61.695318447871387 85.439110156397632 31.054703556778264 53.547626358530962 41.146798715344076 55.518675765929274 64.877495047065949 42.570194306673550 79.357920012165621 30.975404520020120 43.299630146030267 82.279072843125277 52.964091477079847 53.663829353023530 28.559179560095615 99.205116437962843 34.653656970262738 9.032464296013698 49.600682738935220 20.570727942680598 54.599265246519209 62.713939154846500 10.442414376585884 29.328901453076483 42.915929758462056 94.787256364943687 74.698484312812340 41.249751620820305 84.351869643357858 74.565669211000881 59.119685160971493 29.309006464120323 12.062662762598197 27.708172155234244 73.534543112233976 33.692779806521465 58.159152082314726 98.710852660755194 17.969631858663291 89.857892806061244 98.273012945638470 39.208426314452041 10.605518429429617 72.427845218115834 94.392037925638789 85.193691390732212 23.322095758112283 50.856208999050537 94.631593174482958 38.218174219693381 54.118585004171081 89.506756006267295 89.857892806061244 98.273012945638470 39.208426314452041 10.605518429429617 72.427845218115834 94.392037925638789 85.193691390732212 23.322095758112283 50.856208999050537 94.631593174482958 51.233466967570919 22.284457932804045 31.746838020744615 3.156307707478057 42.674321692359250 88.247791672764507 62.041930397372155 3.399553365538388 96.713162949367714 74.547390840488347 39.921422487723547 26.240651554201754 4.909775958185636 52.299668323261152 30.986156312733403 80.335013450493705 90.146778287780165 90.301285612051515 39.234373347737680 60.364264137279442 77.956765801989775 43.687165995998434 11.149783728697294 13.230620575041897 38.604997735171708 55.985206220646219 29.850431775662599 47.950086573621853 74.074583903385886 55.473868903804544 24.298032123760759 62.649817882192629 71.841743739571513 15.731692760995553 92.576483379641218 69.937759920313198 67.870140656637972 21.483751093321459 35.452998346912715 12.198087982298544 98.500162214161833 19.320205232411080 20.635245376377643 67.429024480589945 61.446488986479011 48.471421698315496 80.094420003732026 94.546379459597546 24.121964399681005 37.741222889874273 65.835281958094654 87.008952925706666 93.080832685929110 3.928629362542324 24.185789637944900 80.554034413388067 12.239818234836141 18.864570611654653 77.295094842663616 31.023066607200324 34.715963801907158 69.054588387540676 0.664318829167942 60.369040602253129 70.206521963717023 77.486956037172888 11.668394759270628 43.825554597636575 73.138281028226288 89.619163046162228 7.255116600305788 54.623767919745866 32.835539419669004 51.192677120172256 72.062653576414633 37.455220218248122 11.927604938684478 41.430765731922946 66.741812123877125 68.082985168578062 33.949397632406864 76.349394804647090 52.113456065244016 1.327384224527950 77.433584286785305 17.150867357575972 99.282041584905883 95.916664972972441 81.813850002655812 36.728122594480972 57.119129973756145 88.213093692250652 34.870524383700598 81.320854330379007 50.816539670788821 57.510277692190705 13.420598744645119 17.777572388929862 43.017749464181264 11.888623368101147 50.500255800151706 8.159445450734070 57.347278746103129 5.320101242912156 87.297288631786600 31.221618952385612 27.670363936763586 56.025038065973298 59.112645563208503
44.102353480138369 97.659936262317530 7.643673511991700 68.036002044124174 4.981734787944947 96.928077175360755 29.716190913958417 79.012512218924456 10.432385122886966 40.082278028966144 92.488517980218717 5.365013756434111 14.379159566516309 46.145601684236738 50.036762584708427 16.854824554427282 75.153649127177815 43.806122270077061 44.108797093830034 7.551796439099268 11.633025208066261 92.661085582491381 22.360361429517173 41.207696023412375 30.719616667501125 66.027050540108462 67.339915266465837 7.676911269075104 27.911336300541855 44.494681793755085 7.019367476867899 75.712935268480649 72.018609858857644 62.561610494627018 18.808207766266150 58.980910851792267 11.866002384614315 17.460327225151307 82.752941483923948 11.665655754421799 10.458834358607682 69.122614164680584 69.845463182225117 20.996073027753546 4.329200055544291 83.346233469703023 69.824414950078690 80.713118075410989 65.584531493270006 63.082961427062315 32.935925363063767 26.538216148220506 54.264881782605926 68.832938673208218 72.453731977160814 19.719727813124564 76.987463749014196 49.799901433294679 68.982468183611829 32.930047027040800 13.032170272077636 41.101289959530121 94.909378471186628 17.894688881876096 78.444345670728225 26.493775329655644 60.363425946444650 52.349567874361711 11.904764772418542 8.510251664656499 43.846603763857658 7.702923552675289 42.221532556513338 21.183750322893957 73.735281110601647 93.595322682286564 5.984072012482400 79.518872447918611 80.210993936052574 16.483387566435169 10.347180812651391 85.236110582684418 56.791216062394177 73.284983532317455 93.811979266802382 14.744249308733382 21.068543871006252 40.937972072226479 50.823928436066389 86.883308079193313 55.052481439541957 13.241189724215118 78.905603280926044 25.565782421912651 66.490367721837856 23.072426467620144 25.796876415432934 6.940708413968233 51.798843376191542 98.106314218286045 47.828590460454755 13.095838242848822 50.087350110542715 55.351578801392897 81.755905732593817 33.573889884192830 23.802420869778697 98.822740623129889 87.282832343399249 0.305402721111203 21.256244204919007 86.774468278003354 13.255996521731861 87.200465113185132 22.364662654747502 31.757877379392852 81.924624224500917 71.837472252272192 0.989453042277655 12.726356394919701 96.180059089739231 60.455837413439930 1.285897104974976 64.398832514532899 29.108843488655843 49.716696924843653 2.996050870353373 28.669993273750237 76.817419643332613 50.510429690515238 74.020017487002775 73.826110749298863 76.098282808461775 55.305837792730870 30.102508866145193 91.569050836385230 32.338530408447077 37.143798148475604 55.080970360365733 22.076510307149142 83.588935111284329 80.547364205141150 26.474639515506215 82.153088391144991 88.039312538313482 99.039131739676364 41.082997631755823 76.287660053198877 14.558277669165665 83.899874902285191 31.980622942584745 22.188224249415043 88.657597990621113 66.516104618241329 64.065455976491876 32.573853768689489 21.104975703805597 84.881881383719630 34.971431798147947 98.484943482949603 50.104739174226140 51.753707543130659 62.289410062837256 47.176762431793129 59.513472712603068 52.486338690519709 96.739321835061574 76.176507179388054 9.483298010161612 21.255076517690974 51.635839506693394 24.501145540658765 51.329492593756598 41.628984657377607 98.629200265241195 56.404138896846220 97.155114706682312 72.921433412317711 92.076695493847225 87.076735119501379 64.062118941355621 97.855845201547012 50.786194306084866 77.598636976102881 89.002978721229567 15.055158517517365 43.391638685123453 4.001536248186532 0.024197128831283 45.973330258810861 36.882263857168716 14.476872848563371 99.595036127844864 17.433053986425804 19.752654711461936 11.896943770790159 88.442615042078387 14.497637172810208 80.115830702791783 64.110564033582236
80.429264230631475 6.439177158407450 42.328537940943278 17.224078021874401 43.458987246784730 31.400656961180207 78.987797948935821 90.520839438213812 78.605890368573384 35.000162823013689 25.132091525059884 96.136469095126571 90.869118438648798 88.052897920188514 59.202041909282840 23.946299653799496 85.080498897892411 0.313106671614627 14.774086820210453 87.149585327351915 68.427863449515755 46.479739781209105 25.635234954546316 62.727694775266841 98.766565131700034 64.307629020317876 17.793361648565707 43.238164303608329 49.065625138067837 71.368927021264255 98.638389364769409 71.416375156982397 32.772093062107658 50.174058467559099 72.330454652331028 16.433264672878611 56.493355734023751 20.370595678954761 85.018263460465221 28.099847133950494 11.436702684236543 66.525758449868036 91.820680429209503 28.483458476347533 98.506584545925165 8.510863234689525 93.899873908733227 81.260281564077900 58.628401192288891 49.019125244474751 91.574013353239550 85.983292877593925 56.831985435737508 6.442358593655384 34.855730710451127 22.986994527499714 29.753020591009459 49.288861720618350 68.513127353414816 45.211989541979413 61.434345659892074 91.376598653825511 3.620315898770921 80.121568655578955 67.840198567957160 82.465535888099879 12.409896298524458 30.136551522410016 16.830104892472043 41.149659863788010 25.409897863951180 28.483458476347533 98.506584545925165 39.922063394106402 32.886651854920359 65.407628130280287 53.720285952674814 36.532903604328361 81.466340761142746 37.648209273177258 3.547073960916225 15.631157962842634 11.655626932991204 13.240921726912092 68.854464347667985 79.570475059198770 28.942270934315328 95.600259402530966 47.122130666336282 29.599676083142135 69.895624292202555 60.396039566307323 37.898218902161886 86.409950510453569 79.930348462336767 3.522105999319247 86.503269632309724 48.914029631406422 2.970071302822297 1.417055081142238 57.982943210944086 50.399012746913407 71.725267255288088 55.902381181040624 72.119849504003454 76.709102983217349 46.036766886951916 14.660398454458923 26.421978088206799 7.256029954326837 40.387439989787033 43.832478571897440 73.050296970071102 51.835799960942509 99.549527459810349 88.857414351025781 66.230584933448782 87.796758937217930 27.810445841740684 57.460172443630285 62.949572666144448 72.460596745160032 87.387971011972979 13.469703400665967 60.566026928377511 35.991892220729142 2.576090346357574 62.454818738849191 55.764818558864825 4.988695805379684 82.659335526253997 13.509410398581378 26.376825272917849 59.404371462586006 25.185281027443708 31.985940777920518 63.466320345238060 36.475807926957813 29.690668445749047 77.156460934666825 29.959321944810746 64.797774635160138 69.886611326618052 83.757963224220660 18.225077007046874 32.950991624685585 89.763820650597907 65.151706097202634 88.558264965410245 37.937925565087269 2.179906470622517 13.145634206474476 20.027705493043069 67.426714789909710 70.816435163660657 23.618329592173815 43.136083876557848 81.396151275395766 69.131820774517877 7.829351520732430 62.636353578770290 21.928011108885116 93.530705700187454 40.198442145571811 47.849556677703809 1.798609330256307 31.106684644756012 16.830460734220086 92.565224929493070 73.520099666525653 79.060416997216763 66.925500316109577 10.910805257068823 36.041427089999523 13.779765860719383 92.210685713194565 24.463285128724678 34.657650742585290 86.089236457861190 35.441981087771502 32.877336926197110 90.724880496604257 20.258067561791847 94.698794268271811 65.062439052335776 35.918527526324560 4.128462877337268 6.443703047019933 27.959991359373404 27.423334470469097 20.595575374863717 31.198896349586349 94.602916621867095 0.781559698149847 32.826426970799325 15.762342805990281 12.671307986308955 69.383798372135828 57.267761418844302 91.853631815725990
16.403603715678816 22.653906105213363 69.447820961133715 1.325280758256497 29.816079197889845 41.218294259875741 54.568002025818160 30.875500256893130 80.096661757668400 82.644486555784312 74.087754774143860 87.858428713820743 18.956905592610973 65.947886462159531 52.226658548891294 82.489696982936891 96.116602121871480 57.661485146179871 72.710866691997950 60.534367327442403 82.408841406890403 11.443335669312194 36.053223397887599 7.488300444637508 78.534769344476032 32.090438688169719 9.190151407476110 34.581074463647823 60.898554053710718 28.264631740972401 38.367809404734679 88.701246020727865 68.348563865610018 11.298081719687136 26.334795423349455 63.566909398773333 47.011765520697715 2.581404920544672 88.842759991719262 91.057888698098694 58.781253959389936 59.281330905766382 99.861610719434495 66.327352648451352 88.755180556958322 16.705704185798410 63.415551993574518 91.279184970987544 44.053795402335240 12.073557893749765 10.537010073271025 13.418770328222996 51.525948878251505 77.679106226253609 19.375724211495093 45.570523373661011 89.925748758159841 76.143874596080380 16.520437866975669 86.851553002253340 69.173483641317574 46.595281349067896 52.126013772842548 79.946992532067028 9.510976671914030 64.056285257944239 81.448673406041777 32.462287117355729 66.937437023324193 12.464598538594164 10.458436730279274 63.484723180545544 59.419212278235413 38.664662099066213 62.784211516650778 86.877884283030127 94.791385563123256 60.001236161147155 40.366297970838460 93.834280931204617 51.508611527187838 18.028489068554045 19.576496981257197 67.122746992423657 4.976454328497459 35.216987900674354 17.113242101648616 13.446330329673195 14.774335627569958 34.215476757879259 25.485523130137221 76.135091171224403 35.008942372173898 39.720543194885927 24.003283219548710 44.555501029722777 65.664794126573881 62.800328727588060 18.570268511217069 49.614844234886831 90.051437696222735 19.695911189725347 12.709485946039523 88.444223119959929 16.826576615944845 31.801211103309701 24.796381671866531 21.757191682476893 90.059111099093769 32.471918159289906 77.587053746738050 39.680561064580210 92.953472152078476 7.186578333907168 51.219294796453866 55.391789554523854 45.312608913105542 2.610394150435980 21.793602002799151 11.529139581652249 42.688523140911826 1.859614977997959 86.441750321881401 67.308230059565204 31.780856683888224 69.226941684056371 87.472917079162883 42.913182163656103 94.138232684308448 9.359576238372370 32.127679181072345 97.243409420695770 42.648877205127668 41.698063306408962 20.691268237609460 68.441429999848310 34.029204902354536 3.838311143305873 90.599444033007998 12.716700913530177 65.833972922666518 51.064265931221009 38.575551116828436 41.399684802633296 44.775400866485590 35.271863609432650 83.088520369311681 53.139851487187975 56.439488936471804 96.053475028615821 81.585033780161652 4.562794040308460 86.463525309957888 69.867047623599348 75.552149150773545 15.194841222001410 34.015149212963571 6.836294273943322 2.083420786695067 0.079740482380253 84.842485248562767 56.013221493409141 33.529393481347277 58.279522101052109 58.279685341570676 68.869996982280128 19.172547073965372 96.585014143487214 30.452650585282271 79.436132085663473 8.766187979126927 56.626433256741315 81.199630324775825 55.694209737230757 77.944748809206672 51.236614691194681 24.276869202533526 39.698557950670974 24.507501620041982 37.574439519503720 54.197285396975467 23.385308322401379 94.388347607262190 75.128378221266814 98.519895972532836 76.683806831316701 49.261833821384570 83.442213843087643 62.023505596143650 38.175726803610345 73.721182681164294 54.911185012468536 42.774015886056780 81.438019783141186 57.006013472435725 32.029797670672863 9.093607245920355 72.646279378789174 51.784628869519601 84.507453121575494
57.394494747385352 61.428956719216131 0.999722978073381 88.431426979313798 84.256318316108874 20.186802896462275 29.173421121340294 67.577375244351131 65.417930635614240 45.111946607852026 43.185551120862264 58.281039018759643 26.036762038782324 85.516155139052401 11.271825233289601 80.912890028020840 65.847658907404067 73.531697675411039 96.794372393869423 32.481106770741398 85.343160707587685 42.021903926962047 40.731127435374873 73.165590994227941 63.260242166382660 69.510191790224724 28.168463080087204 47.445649609247731 22.378892520199280 86.197422371009964 4.218601227124063 44.348324174405207 65.682491583416237 5.970184413553426 81.301667928164150 59.074622316264922 21.471177101769101 71.984766040847404 38.626308421355269 56.004223509327346 52.960992075355172 58.443790308141821 78.354694523637576 17.761511597374678 35.884140796932549 12.758750499048677 62.602575839132058 24.306337219061923 8.811274983868778 18.132450620746322 51.388995029951268 85.558534593911148 0.678964645667102 82.590362542626778 40.746263510205203 75.217408620694528 19.873324311538710 58.222300194154599 73.980050977900078 19.796906803944626 57.603817444498894 17.333346979815868 93.176245907206166 16.460544676958211 34.859241776787606 77.488464314739204 31.568628793276542 90.224120054092865 12.422651719380518 19.493487682473500 67.392523909671326 58.920739580018932 22.745861600539396 99.352684467388087 12.615368998054555 44.602676036744917 20.851476069404306 72.368617995596978 19.747152650976652 63.265599274690345 33.003230289543964 70.190845854695169 8.247110387361845 37.955706540696134 16.519025060062564 16.004310713956261 79.208501541409035 26.155327046052214 16.906027698922578 54.077535784457652 55.619448851365014 93.820647693005839 31.686256311765206 99.580607921512282 91.358401557003816 19.263918372561307 81.557034263385290 67.052540020433483 44.976204930300447 24.101004517619927 73.691678422072343 72.142630588765087 42.515329368623448 38.157553261629658 30.997964776032472 91.705146290785777 38.693804953174251 2.166870329431392 2.964382197558502 19.991300096563968 1.493022633147656 73.834380313533472 3.925863477628722 10.149651515321100 82.209594611472369 91.879892772172681 58.886895412311802 12.981396104544240 12.977015859979701 63.054291135419383 33.766507606403984 67.134986081606442 74.933393359811546 50.448604297346535 10.973456403063153 77.273096242167867 14.078890579152780 2.564641715116833 86.775650537724573 14.122634129873902 31.063813044127187 85.640779903667251 47.852324608853372 66.991994637949219 46.237498170873970 9.762685479181709 28.695229385079092 29.331571608848972 79.088807161886905 44.984844925500902 49.353844043075135 48.176309921505236 48.697687089809286 55.121395310398789 18.626822070151626 86.358890958082711 0.062542594726234 22.642998710718597 20.714347886516915 96.908753945026390 9.231981480052854 2.644371507283827 39.498315379881099 19.056106823658393 88.255930490046055 59.578302018358201 2.369054321364328 2.644371507283827 39.498315379881099 19.056106823658393 88.255930490046055 59.578302018358201 2.369054321364328 6.849056901636774 2.369054321364328 6.849056901636774 25.425683750067286 62.364648732003701 1.683204239771963 83.836670129517572 80.916840051857235 60.401237810894195 72.881632613412734 41.949160866316426 65.716516795939853 95.780710997845446 24.920320103221940 95.705220969175969 30.463940476076989 10.018512197417884 73.770090016904177 8.598519172581632 92.649107063761349 29.799727047723646 64.983912147471528 68.814925680660622 56.973561085555858 0.939182332945132 55.356303980563204 51.630722143923037 53.751706267678713 65.353157938145330 16.517021037365442 97.654253313276229 9.239766091318524 58.634924334366254 16.698727907394616 4.288195139895990 74.914448824793212 55.318629942307410
12.517054700029250 46.142411508848213 73.079466094920349 63.280633500159752 14.600726421066213 94.977864865814084 73.691900796058178 65.017643133944333 79.817705733281187 17.237257270454755 34.062034669498019 43.992563602981747 67.244849760221143 71.695506540099359 0.746416604260491 22.002962895733880 94.213068976949472 51.188322118746363 11.850450637342803 30.230133001536529 99.007043590154026 30.750667721359527 3.471974774758591 53.449123583729786 45.217106359232119 67.764723579838360 82.060782629715106 29.880906172285616 82.301243366634125 41.634969372761709 91.652543495994081 39.452997832374905 86.830440204678240 23.220719867208018 73.452668365899981 9.796083663437871 10.653704069806469 41.790880044110381 88.720632775412938 49.927425232743637 6.131648852559235 81.026416432206091 28.190423898450646 51.948604660060781 6.761789284478558 1.322534599198044 82.472616833792074 9.521822422104254 11.064826619511258 43.603442708165232 40.212646599237885 66.230538326836793 85.847793594710495 98.719388860854480 83.747707253300561 94.872158866227636 2.050427816708278 68.195235905579366 82.797056274653542 48.581853714952473 68.419445895228819 17.320193904174896 27.902280994368802 87.935817372784726 20.303049046767228 54.977596657475459 49.016742239849876 47.115116448177929 42.558505588767190 60.261005300975334 13.947745982958148 64.271439078237435 54.767794568041417 95.371841591194084 5.564055592157469 97.348333968859748 74.485900645544874 54.193609843100162 8.786784112253621 7.339329146950336 23.485393052242198 12.526224366921879 80.437587222402769 20.224565745506474 18.414431706778657 41.578134137062975 10.875779601792768 52.733552443274824 87.319761368315923 73.283456558771178 47.248040220856524 11.745853686730090 74.028237117919673 58.780744018981402 3.584062526093612 28.833702290553020 74.771485372087227 91.236934522324361 79.222018513210017 77.497249607474544 22.953379940264984 15.540977839224846 61.772362362679758 84.529366744661488 61.316206313996943 13.476331177653355 11.412687987979409 72.738070107364493 96.810355976655131 28.887377307616745 20.963077105126558 82.060333574817278 15.250565111719705 59.186752788697383 32.235963332375874 84.239270436051967 44.112032004384872 45.863924057215634 33.143997176216502 45.994377210182371 20.502134413033414 20.594491569188744 43.729995943718357 77.486639227813356 49.111434770944285 8.154367554623487 67.462253721672454 44.352403796190920 50.059954316168763 24.245343680998666 58.260832556690055 50.905751762420515 92.571147266119937 10.030927984906645 71.681849934650742 20.006409018009187 75.492279503726920 17.330517395353663 45.273153669155811 97.126040182529749 80.577925626678578 64.212530047472114 90.479614873747494 97.387911562265046 9.571327516857696 68.559526134145486 99.252756630615096 82.703149059257683 75.221432491285199 64.955563893853423 68.537700696221265 19.096463205899738 3.392976367620648 35.367244486763560 63.810320959440759 79.146911490952249 55.138099182635258 73.599260383229321 88.275698031533196 16.730683667897274 60.518455182300698 22.048147482110071 65.142362946071543 51.476478716109575 83.774077963033946 73.942794697813454 62.230286624734077 41.957350223126134 47.306952706248474 46.256933070565388 98.426650580796434 67.616775669381539 92.898534786103369 1.074005856377835 31.199235075836185 65.681541023109418 10.760690461935207 50.476410754275150 87.740734061672342 8.344276581689725 18.932076452884061 85.077762550568110 52.817185090795263 42.971660499850408 10.530727852241139 53.803330655602466 32.688767169600652 82.404190909462457 75.323672611231814 11.861955632906085 48.077841124662548 81.137265169885652 82.965719743543659 55.846645943691961 76.499693709629000 56.096716156509530 38.574539473991685 3.400732458499833 73.502765653147634 65.055330466189346
45.527881432973551 87.692309458569170 82.643592945700021 99.321427714613890 99.069717740983407 20.817839145028604 75.691817765684732 17.135472837919352 28.985678069725552 47.759612116230855 12.593237369061939 0.651179572195137 23.167756548412655 39.386118156201235 45.029873053375525 71.094754138246557 60.135851132865483 53.339129690482743 48.273578179502493 7.008916064488546 77.145591857650359 33.482118581495548 45.877758798882439 73.612385506369733 55.002501528262158 45.581350871168866 73.318588110166473 21.203704406882572 83.693194575829807 30.428170022187061 99.854713569360243 95.948300187654340 72.283058858619583 68.927243677126555 1.518537479528215 88.015609317323694 0.689752615594941 67.054194837349741 26.741197922922531 32.382335069758518 68.764489078000111 87.437233431821213 73.885265434924349 42.057538607917586 14.827724643852280 92.709510240671676 91.538806992601096 87.621526392441524 19.448054438216079 36.873523228766082 5.203280266490684 99.055380969330827 91.702466024685307 45.821222570585249 82.755682634539610 10.787019358262262 35.266070613993293 25.717879176999514 26.294684196506523 21.474749711184160 1.286473031870483 78.407735312547956 40.359965659606225 61.855673607703167 8.856897807909558 50.886136514078729 66.401430175777804 97.122206119972091 97.276141546472843 7.279583634665721 40.929694926605990 32.781796965537303 17.726016570845580 41.862485500364357 77.387370226968443 59.172203090742435 8.317289379692072 54.976347538987660 30.402443475527164 62.076017324256796 99.171404227382155 22.059474220867582 81.611771712386656 0.953667289857674 22.421042687188177 31.849696284725361 12.766089686158743 52.614233851420757 96.681338775037560 12.323999281257214 22.421042687188177 31.849696284725361 12.766089686158743 52.614233851420757 96.681338775037560 12.323999281257214 55.418185214865609 26.310761526230632 86.029224191021584 34.815441134165546 92.726734659341432 16.159680819227894 42.389982745229368 99.279349876436683 71.263438294149296 19.438831471385786 42.973257045919929 33.962946736281587 66.893693582303399 74.202932312683615 72.299697135722724 39.359255752149814 77.625126214741712 23.332652032213442 30.467502169177852 98.114357934855207 9.537852632091514 25.784983583162514 31.567131615226749 53.078593798992912 3.652349627059392 77.890257739074045 0.941983701256988 37.867640771214937 63.155045324664783 40.942082232332766 27.762066807051490 95.408747402905263 66.516382288220825 40.097975913804348 89.922704392693234 75.113646220535088 87.431877318709084 53.222043897121772 13.478021191535472 11.749426720142441 75.741671638308063 25.891309777134818 86.221982062125051 86.130054759863768 56.959930454055488 29.785376754285654 56.546891510440268 51.800296539439941 90.394026554753580 67.192145394369120 66.860769955599764 43.589177470167726 31.932032410183609 83.014660134707540 8.051354393289401 29.514681973055769 88.906285856040753 20.523099864131510 35.245880834743737 76.455127717728800 87.667817548484621 77.965691644056477 32.164471052295141 14.263985349718345 34.549458767857324 3.267342055686873 55.046306435660163 96.028257110044208 3.608283023860825 35.796803431461910 94.692987101779963 48.806958465580927 39.694507769361934 51.035499846592593 87.686034937383525 39.076642683854701 41.017217190695398 94.289974830976362 20.333958614241965 18.190330972231639 96.229435940640997 13.127057509443219 93.608811121881274 83.850085499644393 36.495234969937961 32.329612871701819 86.734768838304845 87.591972326593520 80.908787208631523 66.091607457760347 50.761203969209632 89.851133259695629 10.463411909860653 0.870888712651430 25.291399523347980 60.129533721860163 13.056704143503339 97.385988790519235 43.252858864555812 16.068078316883838 16.770900181905944 76.885426435335773 54.350413964150569 9.334984866872576
99.062664347197639 83.038803044345926 46.188046035680998 22.911484264574355 96.635770670423312 4.962647161283307 86.679263416169718 74.813692157024221 14.448773081336341 61.555969222832239 77.242756655927565 48.952207613615492 46.244824845974634 51.961497440221052 90.974601881286929 95.680398676730988 65.912850816068243 12.254675363198697 69.819624679422361 43.800066427100091 62.811598176023487 61.645709509162330 62.940886803412099 89.644437560745246 86.851624836307721 14.920972021125834 20.696194386047740 90.766738888460623 32.462326535878674 54.693250584349606 71.481148201032312 29.107027032023915 8.688508598711397 9.755208118086067 89.311612257675876 2.797219536075046 79.691859459136211 10.478418868667816 53.300938784475136 74.029633890784794 52.059930496990034 69.282145154919462 74.638069949073966 70.858598647690044 65.065314992197244 94.974208759889009 31.411937684718438 23.786848719220611 12.202786582565750 85.647769185645998 70.549351572568867 27.839814626545344 82.710928747295924 88.626744470762347 71.918224091790037 7.181930966295824 25.912116617156332 68.719249230713800 72.604969128325081 99.407176885857396 94.050830535319434 43.435770592441891 7.223833619033293 21.285790243521387 38.523661192155814 76.454914812109720 54.044161284413519 67.516519914058009 63.142661076178420 6.321948014417700 69.421681253629188 30.808873714074103 43.176499963950100 15.613723790617017 85.213534350423146 19.558406376061932 22.118072402498644 45.658766504632432 24.387350311630264 53.544807428762830 37.578603905456255 88.099508155620939 72.107720544963158 16.559099185238189 38.412967466678992 72.486933864595102 65.522518070208676 6.138061752438828 65.880966511734499 96.640385031357837 37.216986986573922 90.179630586588672 1.162958433862715 45.106893957737547 53.638810629812326 91.491143648746856 28.761640416955835 7.781261223577829 41.241383735039491 85.491275776504565 45.181160038126059 52.596581551201638 28.123251185143118 87.050001529926519 60.867136433013535 26.535592029479517 84.612053453660820 48.996949186613506 45.713260293864998 2.366459245730623 13.710713245690210 86.872927935232894 49.825588502286344 99.111109890922961 25.428317360014386 45.018634071522747 44.138169206330623 80.359188605342169 54.306833238682984 23.924838703547813 8.155375486838000 89.138872917354107 45.844333717691953 21.323653919594644 39.200264179526499 90.423253725726610 18.480536801155147 45.341504364622466 40.127264899454154 36.776097753625237 16.470978944414462 58.504402035049083 47.569374434033115 19.377030914653659 68.504204963448785 21.540303934757720 44.134228683243258 29.855115501773565 81.359990555747501 37.648473939882656 59.177252142166495 4.259284292239219 36.698351138075772 71.911136298973872 60.906037808679322 96.971833040185714 67.274661787413976 90.145792058955294 78.434118500176936 87.877797302801994 88.341789815253307 80.263782115611733 94.696687407675512 40.004230894336132 21.710860439011036 38.320131766666385 18.810163512834745 54.992326259564315 90.488901205433933 75.447688955064336 72.146741831858705 10.798622275774704 61.440737698658218 8.050318982757220 30.739774272260501 28.511304849127271 58.671699536223109 57.924130839939977 54.985441183499660 83.247497604738868 91.323359199126273 44.970989064498482 83.254931317855394 68.752957128681530 69.943654645965651 17.731119640089855 23.302598547479349 99.034752804122760 9.729333206279145 5.675580944038572 70.532192174541478 4.993416358489178 35.967225131628133 32.021605329765379 69.540301297822808 10.355913334352284 96.862407202492264 88.347659799038453 92.365900641079008 33.785794694570605 19.780971343459363 34.238652193362121 91.558181641168787 42.978570494912880 73.139535805838491 66.499313514390153 82.619095804680782 85.439749970710423 41.388738629015400 95.247108297555798
14.727507627557369 67.569544930724561 50.090868620747230 59.447471848071189 32.049196011490430 14.302535348792212 58.671699536223109 57.924130839939977 54.985441183499660 83.247497604738868 91.323359199126273 44.970989064498482 83.254931317855394 68.752957128681530 69.943654645965651 17.731119640089855 23.302598547479349 99.034752804122760 9.729333206279145 5.675580944038572 70.532192174541478 4.993416358489178 35.967225131628133 32.021605329765379 69.540301297822808 10.355913334352284 96.862407202492264 88.347659799038453 92.365900641079008 33.785794694570605 19.780971343459363 34.238652193362121 91.558181641168787 42.978570494912880 73.139535805838491 66.499313514390153 82.619095804680782 85.439749970710423 41.388738629015400 95.247108297555798 14.727507627557369 67.569544930724561 50.090868620747230 59.447471848071189 32.049196011490430 14.302535348792212 11.721322014917634 41.734223646356597 25.466999649487796 53.530765294680712 26.867683368513660 50.718875986257650 32.722459270815129 61.839358721116220 67.830164332678791 20.435052601352023 42.975318961603335 66.353773904219864 79.919296820483680 1.619633095695128 51.560237620458608 79.461806589801839 92.277044342089241 67.463750714942236 29.402603263117044 18.472426829354681 31.414336072094294 15.548196886197395 78.703475518833002 61.998854420885962 66.454424243138888 36.329080297110252 77.120204559211970 98.418613905971682 97.094181448801251 13.817724601559922 89.624408536164594 56.189113779988332 46.238404844991400 18.851213966150670 0.938518592008208 66.727727061486945 70.619482018618427 67.793535653252405 40.722238774354445 91.129059009192716 85.189150183648835 62.009051690658900 41.483108794842707 5.791957271965254 93.411069981056400 66.886866484068094 67.203629591792762 23.714927534783392 94.567213373155312 80.253007605251256 27.010509642653378 66.488658598824856 89.512175016502425 79.261819695617973 5.803720647105903 39.645132179824571 85.577840071573718 74.741659008774420 71.347627969011441 42.405881756441964 95.188865808812778 44.056044228229652 42.353315819897773 17.477400041749235 57.102755799211948 0.615588778015508 87.915768056447419 30.668416126354849 61.261563988943813 95.808157080863111 55.327838563774826 46.688738867329619 19.062048970997115 97.751001342478304 5.411032743725508 99.961888343524279 63.067362950087755 48.132002816870880 0.448408168947489 46.472874819672292 38.506272513712716 64.676450026080929 37.162766529044774 71.281461940457461 62.517173653648129 28.820288666183703 33.713049818824892 47.231207387711663 58.082494138877564 86.748020403199106 83.727214731629232 94.835891839807644 77.448114369719434 88.718174522854781 93.845435998053006 2.449990549366554 51.406557225706884 4.677596471033674 62.857932987015396 6.807153111673003 15.601703417830304 42.923860358189238 86.075255893073106 42.377936444829167 17.966865731678528 92.164149147145011 46.236983823819465 66.077558037443310 95.251308993214892 56.408587137096802 27.783917651348144 93.833485148381598 68.897798962641303 1.915755547334952 96.201690561098403 59.497813861019232 12.249766713203147 91.514135290328454 61.902208006093943 27.404651334882125 70.872048057929874 35.523562493780325 99.589489769259401 47.092609096658244 22.561648111175103 86.281996715144658 96.325457250530150 60.971109441807933 76.971718170573254 15.501471741973949 71.888371265666407 32.465034344207410 14.279811011230525 11.874868281983508 72.804694639401234 69.691151339823449 40.957675002004144 16.360394320381644 11.439479903091742 64.178077929090506 61.320160656095837 78.703475511315062 61.998854420885962 66.454424243138888 36.329080297110252 77.120204559211970 98.418613905971682 97.094181448801251 13.817724601559922 89.624408536164594 56.189113779988332 46.238404844991400 18.851213966150670 0.938518592008208
66.727727061486945 70.619482018618427 67.793535653252405 40.722238774354445 91.129059009192716 85.189150183648835 62.009051690658900 41.483108794842707 5.791957271965254 93.411069981056400 66.886866484068094 67.203629591792762 23.714927534783392 94.567213373155312 80.253007605251256 27.010509642653378 66.488658598824856 89.512175016502425 79.261819695617973 5.803720647105903 39.645132179824571 85.577840071573718 74.741659008774420 71.347627969011441 42.405881756441964 66.488658598824856 89.512175016502425 79.261819695617973 5.803720647105903 39.645132179824571 85.577840071573718 74.741659008774420 71.347627969011441 42.405881756441964 95.188865808812778 44.056044228229652 42.353315819897773 17.477400041749235 57.102755799211948 0.615588778015508 87.915768056447419 30.668416126354849 61.261563988943813 95.808157080863111 55.327838563774826 46.688738867329619 19.062048970997115 97.751001342478304 5.411032743725508 99.961888343524279 63.067362950087755 48.132002816870880 0.448408168947489 46.472874819672292 38.506272513712716 64.676450026080929 37.162766529044774 71.281461940457461 62.517173653648129 28.820288666183703 33.713049818824892 47.231207387711663 58.082494138877564 86.748020403199106 83.727214731629232 94.835891839807644 77.448114369719434 88.718174522854781 93.845435998053006 2.449990549366554 51.406557225706884 4.677596471033674 62.857932987015396 6.807153111673003 15.601703417830304 42.923860358189238 86.075255893073106 42.377936444829167 17.966865731678528 92.164149147145011 46.236983823819465 66.077558037443310 95.251308993214892 56.408587137096802 27.783917651348144 93.833485148381598 68.897798962641303 1.915755547334952 96.201690561098403 59.497813861019232 12.249766713203147 91.514135290328454 61.902208006093943 27.404651334882125 70.872048057929874 35.523562493780325 99.589489769259401 47.092609096658244 67.397054190573115 67.297433050444482 82.000685675950692 10.927186881618912 22.934233064040953 79.829532746671646 16.573109895969196 16.836948287556364 93.680209273530579 36.362869616484758 41.601487962040629 9.349148005108498 48.198725648893046 84.295709765405292 53.459291346275585 81.357270816129770 25.125773023479070 63.273131494941651 53.401909092516973 59.541123630705073 71.646293992402889 48.743363543297505 71.887654781315561 86.295814260948688 15.426876352699425 71.494826258131042 25.128274078668255 53.804562257065236 55.703324415012645 67.028291597114958 25.583138645496096 3.397547538433698 2.635137914055985 80.148151920660055 99.581909494181090 10.153991888727710 0.096453712823508 74.769096747677750 6.860982990393161 76.461744599598418 63.892939691013218 40.423682536344209 33.467417012712708 28.806351351084036 24.872922967564126 64.173851439406718 68.450858176143498 5.940562947193639 24.002604282094154 66.730006914887880 26.031223122831413 92.140534862289059 89.167239613229967 49.342631540634073 29.646048302881944 85.291441160455065 47.569091832360130 90.968088340576912 35.262888305758501 79.042838643139774 92.197000343084142 56.503908353869605 67.240632532430510 43.263148763721169 25.103032405860592 52.190421481856561 84.359415608843861 68.426521789574451 64.771157760662675 78.602148178885713 72.061915522726309 77.423869814083815 56.869564378973500 53.275856005381115 64.145614489093930 37.089772971015947 71.676409143668451 96.605092322958512 45.114950289178537 11.200461811896012 60.370622979268738 42.201545361461804 45.002615899214568 27.134923339926896 27.755539981779599 82.379900054022016 96.431267791258378 31.380951693667804 27.112001111946228 32.848464460023699 4.024126250077731 40.826777543466072 52.736972083698362 10.103674923049288 98.526926085136708 70.881084059791149 6.847996043251614 12.180085076624380 34.095759885806210 77.241992069444734 64.446359441646365 30.493530752793951
27.975361635679885 3.223007662173882 61.320160656095837 34.074507281797729 50.739716501009681 85.934792854725828 42.154759380536611 82.735966844506663 62.150934565525752 50.379847643631734 18.202139478284341 77.484724638958681 51.195117607811390 69.991395164622787 1.615211607144751 90.614395245181612 49.670513617846609 78.026058936596570 10.423962540445043 61.297294572927662 87.439958370926320 69.479414035107752 13.418435233677862 65.601446174356909 16.514299961119562 12.862823514651044 20.407521232331970 2.416777877968057 35.733608573434893 55.290371280923225 62.847202499174237 76.051146092870496 89.142749262159654 62.165274393567962 13.599469662472396 29.029808525252854 49.656303215816244 65.253695772113147 6.102754284727041 23.660088601701691 57.224302943470448 81.251591321095333 45.457756677042660 9.517137207293313 12.482168910390657 26.578237224404145 66.771389552645786 54.167515079415494 52.687593152887437 82.190294970086526 35.105342490412397 68.138936129484932 21.576248514978570 24.453122575069454 4.563832615300756 79.773206759187275 75.272928313906277 41.659060049902472 4.924679205608773 79.620112857574583 39.058985149685398 50.254047849221180 89.549447745277249 63.912042149514178 11.071522559529090 41.829895437352107 48.903117159120988 66.599414033547035 41.806400663261314 16.156505661573195 48.131964327125331 22.820284442148719 19.018179883829667 3.794260329561150 21.380332602007080 70.912711936022731 67.326270912422487 10.732897825331445 71.514731219358481 41.170891291952216 20.533727966497970 66.682471211633171 45.188209749117604 93.763166502780294 37.940394738263642 24.077598437530312 54.684711597226311 61.917634393310259 36.226321875916000 17.102924286765141 33.550939565175277 79.232845422472380 8.190072318288856 68.250098568055932 74.685052207433117 22.272723293005470 99.457824581831517 13.464041340933475 60.199658650206310 75.537242521525215 65.668831510428873 16.939258484745967 71.183190415443960 67.646137190656304 37.664337732961769 96.526555350114435 21.325446161220686 68.961463639226210 37.384509883314202 53.433893623551512 7.092090647689542 27.399976987786800 44.519762236349017 4.278801066933092 25.672804012385122 35.659016444420580 89.507644674961355 56.886903133045976 49.478353280240853 6.111342920133334 47.088390477967138 56.568121681632597 88.931065561656936 79.490086112470294 63.497441667731259 16.592572536557736 58.570584134012890 4.895720490893895 16.809056670586209 96.357442919577466 31.231014633952658 16.729182722730563 60.057558451003665 72.829043533338449 42.079159283960536 43.447810649488559 39.630487465261290 98.973525827689684 32.003551844384205 21.554677086103545 11.619373590112680 12.651939578975647 6.882785457963903 61.702095261770019 7.112894215738330 18.482002019823597 33.446937038259740 50.653603654219012 3.725062551594527 89.659732995578707 78.506404181874046 24.349081506253967 25.673643919275023 65.012825748027225 16.404132946067172 80.230505275669913 8.043635522690707 53.934298733712339 96.699347160824317 67.676693394813952 48.565469160224254 24.124062636103549 62.477228016649590 68.720300041270775 55.413399901692841 1.278932444769321 64.952374588391905 11.428634138293003 77.620419635490123 82.500305170450105 58.542212549026807 58.925552847616572 98.576696358665373 30.977876686549301 36.315944575398476 10.271292836934487 31.301277037583709 32.999616561798383 59.971417477400891 3.826307057295275 10.474448666365078 59.272471446762609 34.598200575258389 88.569607810966232 24.275327296383754 35.051624918479128 14.769734330783935 25.823273013569747 11.096685807542983 92.094084213821645 73.696904468138712 30.814852828020221 48.567552362689689 29.811675288779369 36.312591360340072 20.947620024825209 27.152408284486185 98.568794493769957 76.613807782874986 24.146660767987214
18.760540812995373 85.748434941416633 9.283707753971926 42.573463655889512 34.598200573468908 88.569607810966232 24.275327296383754 35.051624918479128 14.769734330783935 25.823273013569747 82.936024160876627 24.669203957712547 74.648928283727159 67.785302333726776 39.492824147939473 96.580447494840016 36.605118761647979 90.457578551059584 5.466344822045565 41.481568299042536 5.578743599627323 22.890526872741489 69.193128426284744 20.089717637017333 69.296094470228411 6.387062697198220 40.614602153254452 5.534606151953092 86.963409862152986 69.950207725403601 10.635253548187574 72.039367053343284 46.364002021695313 67.702335087418817 78.765483491815587 95.849749910136808 0.236745129927096 41.751781423101598 96.775064003097867 43.447810649488559 39.630487465261290 98.973525827689684 32.003551844384205 21.554677086103545 11.619373590112680 12.651939578975647 6.882785457963903 61.702095261770019 7.112894215738330 18.482002019823597 33.446937038259740 50.653603654219012 3.725062551594527 89.659732995578707 78.506404181874046 24.349081506253967 25.673643919275023 65.012825748027225 16.404132946067172 80.230505275669913 8.043635522690707 53.934298733712339 96.699347160824317 67.676693394813952 48.565469160224254 24.124062636103549 62.477228016649590 72.974430209717298 69.490915997594016 60.412161697813758 26.628772336266348 96.775064003097867 43.447810649488559 39.630487465261290 98.973525827689684 32.003551844384205 21.554677086103545 11.619373590112680 12.651939578975647 6.882785457963903 61.702095261770019 7.112894215738330 18.482002019823597 33.446937038259740 50.653603654219012 3.725062551594527 89.659732995578707 78.506404181874046 24.349081506253967 25.673643919275023 65.012825748027225 16.404132946067172 80.230505275669913 8.043635522690707 53.934298733712339 96.699347160824317 67.676693394813952 48.565469160224254 24.124062636103549 62.477228016649590 72.974430209717298 69.490915997594016 60.412161697813758 51.227665000275877 8.625423774608777 44.370578333091771 8.022008030078931 29.021984640250864 19.192679605257368 47.204752911326295 36.546833804978093 46.429777437111042 99.011827896865256 40.482482414419543 43.570061184382979 24.597137904314025 79.968959222981312 48.610414150374623 18.711009267265400 84.034793465244434 57.937105516015805 88.775258419271864 75.976779165615966 75.976779165615966 68.870145800641495 97.059222115990451 65.361489569164888 0.706240334889763 2.961147108645767 14.942954512180350 71.831963391332948 50.462600876754060 21.566130426423101 86.956149926198762 7.353222563036665 39.952527113454309 81.461466589060677 25.092288000172115 93.800430685761313 84.254711587730469 51.783352567156015 39.860058621109353 18.295859287223138 76.109653552046112 0.357764800213145 9.867352819011154 77.805230396021912 1.362489378778498 98.756690190907037 43.636062344844092 44.144629902535911 80.959724016901831 58.116638379402964 95.339416542276808 87.079270743471454 31.978181671143869 90.920909051984310 20.163354702153690 2.941599689636520 89.463814242273330 97.730096518347125 50.890019977167498 1.222476575835829 88.815839067104889 3.231719533350297 95.152709719332080 53.911169947443682 39.633222307077666 53.656543203126851 99.633728479447456 57.190617860024709 13.719358358846179 16.089798546070220 77.160838450454435 63.212428097503704 23.712654976084814 78.110259217289396 56.530879585459992 78.705425505323504 95.324957354711785 16.200324866057091 77.631753357369490 66.422307913910529 39.567908103820805 51.647280298901407 14.594937964752230 34.550415031638124 26.758634671928792 94.811218641156799 27.405101933061083 17.568422282100993 67.343083292771894 58.420474890180927 24.062529447472912 9.710862349003147 56.443991104232893 70.723355608508413 20.550741032831365 47.391771548052205 70.445454199399890
36.312810062172950 2.989710182325234 2.920885402793227 12.765898057709224 6.392780240129737 17.314440255227371 95.840610400488444 92.543867583374478 42.522116924197171 28.849218705067170 7.121627417293707 45.960484599349606 55.831894762387044 52.464558908080647 11.131628550896933 61.874953847659711 62.235072429935322 14.541634486714894 87.039123947684274 94.247156478436523 4.891617229717182 10.924195910613610 10.405245595922496 15.479560483926381 72.352954820798800 52.043694606651499 7.662337163710308 98.068024640224777 52.023037174146971 32.458910539702757 37.664247789895619 48.797500423014597 31.483549146809786 80.378892081418726 24.369193888606144 97.050077552453246 26.114707463820942 96.146602993505041 56.191978521038862 98.354324167276246 59.191464502870353 8.714702319947465 21.795585066841848 83.050625783927629 14.179432267613446 85.930220412225538 63.979302612719081 72.785868749794673 87.003398124210136 64.669161897885360 35.961592850656011 38.568893119742043 63.402964904502092 89.107616006531458 14.938321814316357 75.463378622441951 93.026414427828840 49.734636074536610 0.864340335143277 35.783892334665822 34.045198915777220 52.577945518847535 29.790751140633077 35.433006172909657 61.544318947483490 41.569861864401361 32.163320020001805 49.685832556153187 51.971941782397856 6.715542271786568 17.152817406175412 54.780633894055384 6.220729521979241 93.623765818493141 11.146927572320253 5.635011537156331 92.211485941885414 34.272265303546767 72.578737806389796 49.612164308574890 29.053755713379548 31.667457445399684 18.596556222305260 72.054096043513766 0.974817527659311 29.077850895883483 94.319940901837583 72.293781245261883 11.613094720475081 34.034729896912573 6.841430408308346 16.689858246028855 3.210033856370320 65.014762629216023 32.228896127075870 93.782963488883226 29.117042645149116 54.162583419769220 18.790739194075744 73.996183693787017 63.895571325664072 4.297581179130994 5.115786149664081 52.069266706259022 94.471961311345908 67.286778312277988 61.381165501443050 16.033536798777249 48.084770191077553 66.028815308911106 84.728965266619710 24.965803137302998 8.798173426802435 41.403059812450735 52.242019621366012 60.668874182319414 23.082836155237008 85.990198937922969 58.645977261380658 55.035874989584002 26.466404008428391 22.255665613117603 79.583126648063740 63.024349707878535 55.833965300205868 8.212113634458184 79.473660630724808 27.772385177283908 43.377230903692485 25.378267075189463 54.178435163115502 89.129900392520156 56.787598505432712 72.079889139956421 63.024349707878535 55.833965300205868 8.212113634458184 79.473660630724808 27.772385177283908 43.377230903692485 25.378267075189463 54.178435163115502 89.129900392520156 56.787598505432712 72.079889139956421 33.171260074887201 69.017567811764636 27.836375686214897 44.890652575041557 60.858223445889983 33.384163946621662 77.089464013044434 89.582275391500247 97.501101332388089 66.967655281980470 91.474144017992828 20.232145815793544 62.171017427928930 98.796174168798586 86.629495624182269 83.334045237977477 66.561020287798073 99.614213275920918 59.274987368103425 97.928127958154562 88.077102942818158 70.176981595102220 34.632426841417853 97.271382309534488 18.797475508944363 78.737612207088361 97.808691819001552 3.308962791466907 80.933496396605662 0.028077096094603 80.719558770578885 83.407589193149875 50.335304335463547 27.246649942912960 17.377982012447333 4.423227123103080 5.154450756620221 11.335124175689993 85.905619581649873 21.225773189067620 87.622717086920403 60.827898276041623 70.690803171868424 26.907329621582608 89.917243306179188 95.741755031074405 27.370952890484233 96.447260436693583 47.406593193709703 26.717049033226882 1.346180520836626 42.992043099048303 63.387243136306928 86.919639453295886 49.663120214078191
29.678186706635557 24.486577899065022 54.696289555955111 89.369593987297165 51.208366997131129 19.128219068927077 30.151019270521871 1.388501147637589 97.704027374728469 23.139324909355651 35.732299564653133 55.162740275948032 47.288150931154561 37.495320635408568 9.505723014600797 71.620937467366218 59.932818946923518 68.387054313182333 41.977203199848411 13.425315248685010 74.762876162162357 57.188526400758299 73.542272310602385 73.154624937886098 59.719943691282964 98.969898906771917 43.478960763148258 90.018380784228512 15.499710435987213 75.034923253278507 62.001395918013245 86.605263870378764 16.169036928318626 18.671816339999548 6.847844632873834 10.177252262490455 34.859123681098872 61.038814477922422 89.426764276236639 81.225545263514434 61.300020252875818 78.397257018411793 7.983444085690550 24.960030122428257 62.448611766457262 11.349325510205222 26.180841160914660 85.543667832223846 22.747418974617194 68.951428771145615 94.502568354856919 77.842650790422866 66.622189692967666 27.418842124620991 2.099384824274453 88.393311471239443 83.811658717384645 20.621334435888304 63.401121267117354 20.646705722433680 96.407580439458101 14.152851309088776 33.223942852168740 16.635986995981710 73.543934625448159 10.300944720991145 92.252656911493048 43.010864876765496 38.837262097238209 52.533209995494204 64.700377591346452 25.636222126458620 57.440106827239866 62.745171799353585 92.245011070868358 0.617138965228081 83.429546591515901 33.553442131418819 70.534075477066438 31.537545693557366 20.852069188685164 48.168559181631224 61.677200755992992 71.188201459371399 39.519793119155992 82.964196403564657 32.197346320324193 67.584819034436435 42.632726699986314 80.472888892859586 33.668493632319766 94.190233068017534 80.354125659465439 38.084180159899525 70.846792427035027 15.354097240171182 38.659524911107489 13.317539090252406 20.697201575230860 90.357042334742047 60.735891806198005 37.217592813472386 45.901803637213810 60.532596285240622 39.335062067403669 52.968324769143194 17.645937859120675 41.863470294549565 96.290335242777047 4.686100609301969 18.292397359471600 83.869456611706823 26.970541043983630 41.028339932917923 31.785775178191567 82.223960060023089 54.115071008470693 14.680382443683527 2.018893995278426 71.999144465807191 47.988716457830996 73.961844858864012 17.687124059630456 94.237712587731153 84.422754923166693 35.461858151628626 94.560815946558478 3.971051194309472 18.382908425352685 73.818537533052933 84.547905306992405 93.684292643455137 26.131355288601565 1.741598622323060 60.125128425993047 68.537529525986201 39.335412528335446 21.053357614895919 68.341396292910986 5.409405131774436 17.106188200931982 24.088766447013455 4.664515989707196 59.576373339997502 95.944930970151276 20.335568594888731 63.341965950689335 73.566822962425888 96.605540070709225 98.689594035528998 31.594197833847414 6.415261220834479 79.826636888412168 75.898611727639903 53.474979955099968 35.691430093580912 48.365588163372429 77.315926498857252 91.506576269319197 27.526937114260562 26.860773424288155 39.343165040573091 56.098719971903222 23.426011972950324 9.168308745399257 60.332354709824230 35.907979226249267 80.001263376423509 47.790357858354625 67.798044164957403 12.586061419649198 42.427041027392718 46.745078023616117 50.804718022556358 16.218315354065282 69.288648985703588 42.022425379205472 63.273646243414397 62.667414552518331 54.596288265672456 57.765492458184923 42.046111319778880 51.770478250936691 35.800547811925213 66.066241851013132 73.294120172424130 21.096064556955707 73.737489304273808 29.755305548655965 62.218396911035768 56.403512225591179 58.517876859519632 43.426691822126870 7.110121704085448 29.981421969058097 93.025723926860422 80.465030845795113 19.685911535218349 69.175060578052609 66.981781841666333
98.093915219000891 88.668808777671046 38.572984003814213 22.543676951027290 75.737752343976140 80.287739230090210 71.515493650835708 87.900926890607280 24.693783038134420 51.554947329248378 54.843876013341500 1.731117030472740 32.444607812202229 20.295046410825613 56.814963091667337 4.374262152574781 91.526981545220508 15.087300269167269 25.429585093142737 92.909985018091817 43.681540649466854 44.402769973852820 40.465327392802166 21.878316450055067 96.688135857394101 86.916594310496649 51.483492685170226 71.483334602968455 72.344455588249843 21.009225610048532 96.701284132294944 7.366754565344424 54.151343927242465 30.698637946829955 88.036303692364243 83.815621910304117 9.573668782327793 34.098812009193537 50.728669697215203 35.501121917559040 84.013325187373297 59.215019077448638 35.494097495853318 36.908338858522640 12.049861144454766 60.246341937036050 9.903036747453974 93.837928399737478 86.974934044373470 51.772241266170262 12.647409630052476 90.984564759939374 52.621756563496056 1.166754661006142 14.577061966087335 69.698944848960110 89.684803876355673 81.098559854030015 2.518888395615348 19.165212378223373 15.315013606902362 8.123321071958101 54.471053355590868 54.267939983213466 69.585036031560293 32.012474460151275 45.097812576019557 68.871318050572299 5.081362376861264 46.398741873651971 14.119251582879288 58.697802303151889 13.129668117194516 99.635788769824543 7.804058033919892 46.059190600505971 77.927759340431450 7.307405946818879 84.732328047715882 12.874296070099289 70.946533732338651 28.334741361249449 2.019427550923525 58.614035426228028 51.841130549057269 89.934012869252854 17.616698657692233 92.201898526930322 5.009209551123583 40.466953003411902 16.521196950260176 14.753815238649171 5.601106750384366 92.681554783299930 60.299040533995395 44.814336396816124 63.935422105518803 96.727531229681489 99.863765358570916 49.263765640439203 38.192201952124528 78.191229072132245 67.378981393635684 14.886324487816117 72.773594142824479 27.125885365475209 96.379253434900775 29.694377857089659 15.966383997478840 34.059876586610237 90.653771297615322 78.838476383620744 61.726779025232538 52.068367871826673 14.464796562818961 78.688781110606271 45.008874080078797 90.381117802991511 94.708652869012283 86.914601389270572 92.230557699673525 77.474748127481291 67.748271956818684 4.012509669261133 26.298442735093332 85.660818305451812 12.938995634041506 50.952678634043515 34.808631941570624 96.595994828778871 45.744416959881427 80.858442023758016 82.164542344847263 90.396019471275935 55.392022881484181 56.895036539935347 83.898009445969208 72.608960634753146 78.061340894166605 19.333307913438581 5.828978781122574 94.134424061959564 79.256409836580261 5.172969773938885 88.162633888847424 18.523404369626540 88.532582038865428 70.893138545337791 1.353218596550954 0.468844130652935 98.393658611251993 75.671907322197896 74.692955700174721 76.746580632978606 2.472065475699048 99.811674174836014 86.036883108402179 44.543748436458486 33.923318407320913 9.221144502706125 8.275724472627910 95.039445143511699 37.711060199946822 39.117533030512185 56.284874756716832 81.595602980512496 11.628142293955769 65.839422654258243 91.383483793657120 80.158295410376311 39.442362553707923 34.180916510701365 15.349754322383935 40.652338840659816 96.686217331832907 17.732958175980674 17.203715177079516 13.190744053733805 22.708987314041217 35.141518812629499 59.622502104634833 27.743969571048233 22.881013551978700 92.462789045273965 39.110885051572517 70.684370062942108 77.560503690766552 31.772002857093639 9.403799126810398 17.711618087733903 60.183033085877014 78.883287917661335 80.097789895891282 44.955369763279862 87.184952239260667 87.857933698299973 42.234826111704905 95.867491061476528 71.484180738181138 98.275257598127695
2.276296195950511 0.886676621670335 18.423104962569003 92.142430632483894 41.224653696762672 14.305722064979786 36.705578911490989 73.688643749961997 16.267758738319159 99.158746340501665 54.300682680666299 70.479829701764402 3.494885982913831 46.602218516465221 98.852433948356705 23.457789928231200 32.814175604698001 55.808326814995681 19.761047086858554 15.794468956795960 71.266687288037318 4.549397511802233 45.287112406447150 82.321316663655423 34.119502662367594 0.792524399896721 65.592715554341382 80.600671738402070 32.156559432499286 3.720527696117937 39.771958218191017 20.624377692672681 11.793299181086159 11.938808645800359 73.369401086175472 15.050220111728352 4.360384416707852 82.954692212867670 70.513721538311430 91.295060418932877 76.814875428783466 7.546807534748845 14.190411016998949 17.278498922613437 97.552767988700509 61.926174974268868 17.709365971890399 35.258271449803367 43.747341692306094 69.936852379910420 22.816163088171272 22.353006543733400 11.716740899267908 33.999411556714506 73.911814532668558 46.484921242607378 2.264062217263596 81.821048191090341 78.129512441382417 87.364052752620395 63.022805025925052 16.525408525693486 8.075912506634653 69.116126839180666 74.782912060244385 73.827264056464628 98.470103013024882 71.698118740866562 39.928512951003391 0.362163502679125 75.840333776091427 92.739861995776991 85.321689373268541 87.390755286793137 1.902244159041866 73.782281594709005 91.534116231096107 55.348685568576308 1.177602785247500 58.479670995054875 68.383969101466462 67.253204111603679 93.764242139509093 98.726917797275476 91.919449972511273 81.254969638385617 51.629259955159476 87.711967287552682 66.257555674296711 60.008879073732743 3.135460076583385 26.391270461265027 74.271536791593050 98.863258371957556 2.364078051140572 50.809127637988880 14.735613366104694 79.940795064199136 65.929939752259727 48.983725192389549 87.422118470744707 78.388370376044492 56.150285957891953 57.236333725491896 15.767998882994849 7.912669257564387 83.081763805529818 75.625955188308339 79.815293756212000 11.106696468214549 88.891900168530555 55.162997402156385 61.257072418227310 66.224815470191729 61.439502291999084 93.687678289813675 38.631844538326412 42.045124325777174 0.017950005678469 35.921968708966354 58.313143057553383 68.868197573020581 68.236269774561634 83.593314470473302 91.332493172478408 10.834845055147458 68.483461640595095 45.935710509097618 82.625728896755533 18.684549347048250 16.901163920531502 3.195675251119690 60.669167545086687 23.476886762459937 6.161945630157540 17.559350901817794 52.813070475577526 83.461420958192051 71.139935412553001 40.664225195046590 11.472213175556856 27.686048550695862 56.557494261842542 60.621248784079519 60.353854502211092 1.427672239155542 97.253127572385168 19.932886470608135 96.703452977147847 70.838141360910058 56.223145821588162 65.772534581347415 66.933277265398132 73.463140219680710 40.590569294135889 79.520314681292163 76.287371138202005 44.857011126210011 31.895975023967093 44.599458007214878 66.798929634850708 45.878120053390205 56.820213122072929 66.714963323605332 77.143059203140496 44.963180374097576 49.614403487675517 74.956529043070262 9.817602400394376 5.043864411136334 45.637188487773116 40.371516676675476 14.797140705770007 66.890728149224827 62.560249726188779 26.322417723812354 10.005084947230758 70.061716731065658 90.490587849304120 25.037215662804226 66.327588849686435 82.968415957774482 97.364765048271209 65.326176685443187 10.207782431213207 41.033688549150305 11.397462499189881 96.968441096284309 40.646533801009085 53.839570527117118 21.468654942570343 95.011828952232662 60.981949116997406 73.217637686840433 70.713064729435160 94.088186485868093 84.002051219742597 23.595597091954858 90.778026652453931 96.106740557830634
36.210856020906171 79.614369029149231 21.409612559824652 34.502644801233394 39.215922360910106 18.056686202900529 21.418954557323634 74.234446670504596 2.003165613878533 84.710700849524173 82.979864441629203 36.966060392259159 38.884176617853640 36.166621870851692 14.263887448599233 74.488115603442694 42.310833687041352 73.749567799690880 93.575464811286707 0.520599107450226 47.259641504595372 77.424799707845722 53.324969899785813 1.253228306991938 42.849337981372216 39.220849005202126 23.369195964699774 31.690103526126478 32.620838952409827 26.954584966790208 40.234420266332393 30.711170914408171 11.346293673076090 41.963916498881574 75.643042730493448 32.657447003486254 19.803929993609238 98.109582129587281 28.720454242212035 53.721672229887531 71.001719231821582 0.288939058573712 51.205638891932260 70.472665202280083 35.331104576899797 58.395132628334856 6.983717310677751 9.437929689959191 45.825664867059523 27.015704515653326 2.399748301633731 41.223934429679446 58.535253707037995 41.686418289392925 94.569507168740813 89.639027508907532 44.542590029673057 69.780432409397051 18.481901544628453 25.359905451125108 57.497749812734824 75.488654718399332 44.489130694250754 21.728081063796644 50.528694573897283 49.387187690134581 39.795351727562000 38.569099940482253 76.571208936974941 44.789643656316223 38.314133145740129 0.298068997782863 84.489392439527279 84.579383502160326 33.081746424459823 36.367285630302682 54.109026128259153 74.125309043887682 1.775790887101680 11.123762702790374 26.985860549118712 93.002102096866750 26.257520299048519 72.355729224531757 5.073354615814241 97.021648197622852 80.519231667835939 32.060137477114338 17.782556193215981 83.450882727182176 65.819778747749055 87.397391456034768 53.924889793213957 74.731477776421571 11.373181748489369 99.292970762349270 80.216240870324626 14.454494974210064 15.165527122678558 42.142054438501155 94.657632806267969 86.927090472479406 21.071825647706000 10.219536657290373 58.000949036684545 76.127565329451357 43.002482821517930 0.445576309201223 50.371794043553919 13.415921686476761 5.373167280157110 46.845224781699578 82.078688204906413 31.522423223677276 80.029494248869455 23.288017445239884 84.885186117297636 56.802996707249079 5.481972166429106 79.689637914040816 86.045877385332787 46.793510851275364 83.253609982981374 73.162840126059749 19.091936400045306 51.255580316328299 52.121241493767592 49.225830596660103 11.059200021262717 51.105924979107897 35.103291771566639 37.849059877341610 37.329885584026293 80.169472000318635 89.819421835482842 29.488798602486099 67.714149694689823 48.922702194474979 76.294383182012638 32.551626289639671 24.101110706873740 2.779201719028712 75.869712284341276 93.863625714517383 38.533448977176718 76.401721000774941 95.756670668631557 26.928364712160956 98.047285229164174 39.494960034897098 96.828027689859596 90.102553136482626 12.939227871755865 69.578180516510116 92.801105354088705 49.801954750589147 99.393740986969220 88.967802368590597 62.117259477500454 42.485817813954441 47.221743556467153 23.098179691245569 60.502589544633310 74.760987152459279 53.205553523662793 55.630350955158811 54.403901005444325 97.124936554741339 45.663577483117180 91.174576794706624 70.133561464753384 10.829500636808264 9.928487401559494 54.040643604951264 47.942427890797333 56.464665783527181 92.368724082490829 29.589796532143609 45.662539488054897 13.727565507075800 36.680857618568730 52.899006703977570 41.288684985930978 41.101425758586096 56.620751532330381 37.572652807356441 17.178872001848909 7.908964052605450 96.600471109842658 88.122900144179980 98.878306967887454 50.054298200632573 22.425506726327271 72.062147998069122 16.293139023498259 31.165772134354786 88.694927136273520 8.248986270065506 23.018756356880633 28.495585647794861
67.616775669381539 92.898534786103369 1.074005856377835 31.199235075836185 65.681541023109418 10.760690461935207 50.476410754275150 87.740734061672342 8.344276581689725 18.932076452884061 85.077762550568110 52.817185090795263 87.621526373939702 19.448054438216079 36.873523228766082 5.203280266490684 99.055380969330827 91.702466024685307 45.821222570585249 82.755682634539610 10.787019358262262 35.266070613993293 25.717879176999514 26.294684196506523 21.474749711184160 1.286473031870483 78.407735312547956 40.359965659606225 61.855673607703167 8.856897807909558 50.886136514078729 66.401430175777804 97.122206119972091 97.276141546472843 7.279583634665721 40.929694926605990 32.781796965537303 17.726016570845580 41.862485500364357 77.387370226968443 59.172203090742435 8.317289379692072 54.976347538987660 30.402443475527164 62.076017324256796 99.171404227382155 22.059474220867582 81.611771712386656 0.953667289857674 22.421042687188177 31.849696284725361 12.766089686158743 52.614233851420757 96.681338775037560 12.323999281257214 55.418185214865609 26.310761526230632 86.029224191021584 34.815441134165546 92.726734659341432 16.159680819227894 42.389982745229368 99.279349876436683 71.263438294149296 19.438831471385786 42.973257045919929 33.962946736281587 66.893693582303399 74.202932312683615 72.299697135722724 39.359255752149814 77.625126214741712 23.332652032213442 30.467502169177852 49.627246317754356 58.325209550007060 59.118586478267055 89.894563253067787 43.902743052005924 81.770931323381603 80.582842590113373 5.766508452610131 78.781027443886472 0.088430749458590 11.872664455871650 25.839070163046696 74.450986552765272 89.392330796234020 19.165497889320370 53.224151284180451 59.299041493012503 13.818211249299960 7.430746845593495 51.664771785683385 85.647048944246194 90.095248786163509 67.480780621348586 22.709283150954217 56.937137629428136 46.747481439253654 84.801260682515462 41.140001312755139 8.035371002255198 17.113525609545100 67.022480738772913 75.514153820415970 80.568436501270995 1.892964812378795 91.714870199314518 76.403034778694717 55.266497281112613 39.733886186713576 90.509819104498291 23.671885507825465 71.714479297507154 3.963062366166437 86.330691904640091 82.480274636556160 32.853385854672759 99.750633656455946 27.174660141885187 34.418267850484042 54.717615405025853 25.418732736836745 95.773950301413635 16.605269344064777 37.103976833648019 67.833048261069251 32.218589255269158 95.425654568443676 87.200040967451713 59.855690411053175 23.952041084741225 92.187540611202550 27.706100654835520 58.189459933351664 47.714734769088530 91.422263562641987 52.873162525405846 60.637544442114120 22.370268397945491 40.824611021015315 51.588922325966905 33.245896494183512 12.444663227676633 10.835203272152494 71.096481474593929 45.493329326490816 65.440247349260332 42.493590717503281 36.477252500719302 56.305434293219555 70.611916122502677 4.598516381233120 68.936191676916238 17.673654785920377 28.542370807710494 0.910881215429127 49.477258288109780 11.640026703386964 47.063905206791482 19.291862873257692 13.096564431236601 24.547410766980317 77.154243975967944 3.272517573448075 20.781800881395718 80.788305745331485 16.309481107663991 57.851401556003509 53.310291855931446 85.781050056230811 93.287887151990958 8.816655708595944 6.767244371276271 39.262590175011226 86.191812659377561 21.108123702753211 0.794644698343083 40.915139402488933 70.977290180338287 67.140938427474566 75.649254785371852 73.240925259359898 61.151564941579139 32.855794555282856 40.446518969193399 4.842759414034791 55.022439027794675 68.212133717023164 56.761604998253098 28.135345418011205 91.253385709025963 46.539137631271942 15.004124282128728 19.019817255518312 82.551081802781184 3.271177884607057 29.609004808538820 30.047568267732537
4.481399616123682 30.697347280331545 84.276216838406441 20.815167990387828 86.173576836538729 32.350633099550322 9.831363295531503 55.198110504651531 11.555951934171450 70.193460768686421 63.488958468719616 36.861984670863137 89.706193764342146 14.127899820337110 85.577840073793610 74.741659008774420 71.347627969011441 42.405881756441964 95.188865808812778 44.056044228229652 42.353315819897773 17.477400041749235 57.102755799211948 0.615588778015508 87.915768056447419 30.668416126354849 61.261563988943813 95.808157080863111 55.327838563774826 46.688738867329619 19.062048970997115 97.751001342478304 5.411032743725508 99.961888343524279 63.067362950087755 48.132002816870880 0.448408168947489 46.472874819672292 38.506272513712716 64.676450026080929 37.162766529044774 71.281461940457461 62.517173653648129 28.820288666183703 33.713049818824892 47.231207387711663 58.082494138877564 86.748020403199106 83.727214731629232 94.835891839807644 77.448114369719434 88.718174522854781 93.845435998053006 2.449990549366554 51.406557225706884 4.677596471033674 62.857932987015396 6.807153111673003 15.601703417830304 42.923860358189238 86.075255893073106 42.377936444829167 17.966865731678528 92.164149147145011 46.236983823819465 66.077558037443310 95.251308993214892 56.408587137096802 27.783917651348144 93.833485148381598 68.897798962641303 1.915755547334952 96.201690561098403 59.497813861019232 12.249766713203147 91.514135290328454 61.902208006093943 27.404651334882125 70.872048057929874 35.523562493780325 99.589489769259401 47.092609096658244 22.561648111175103 86.281996715144658 96.325457250530150 60.971109441807933 76.971718170573254 15.501471741973949 71.888371265666407 32.465034344207410 14.279811011230525 11.874868281983508 72.804694639401234 69.691151339823449 40.957675002004144 16.360394320381644 11.439479903091742 64.178077929090506 61.320160656095837 34.074507281797729 50.739716501009681 85.934792854725828 42.154759380536611 82.735966844506663 62.150934565525752 50.379847643631734 18.202139478284341 77.484724638958681 51.195117607811390 69.991395164622787 1.615211607144751 90.614395245181612 49.670513617846609 78.026058936596570 10.423962540445043 61.297294572927662 87.439958370926320 69.479414035107752 13.418435233677862 65.601446174356909 16.514299961119562 12.862823514651044 20.407521232331970 2.416777877968057 35.733608573434893 55.290371280923225 62.847202499174237 76.051146092870496 89.142749262159654 62.165274393567962 13.599469662472396 29.029808525252854 49.656303215816244 65.253695772113147 6.102754284727041 23.660088601701691 57.224302943470448 81.251591321095333 45.457756677042660 9.517137207293313 12.482168910390657 26.578237224404145 66.771389552645786 54.167515079415494 52.687593152887437 82.190294970086526 35.105342490412397 68.138936129484932 21.576248514978570 24.453122575069454 4.563832615300756 79.773206759187275 75.272928313906277 41.659060049902472 4.924679205608773 79.620112857574583 39.058985149685398 50.254047849221180 89.549447745277249 63.912042149514178 11.071522559529090 41.829895437352107 48.903117159120988 66.599414033547035 41.806400663261314 16.156505661573195 48.131964327125331 22.820284442148719 19.018179883829667 3.794260329561150 21.380332602007080 70.912711936022731 67.326270912422487 10.732897825331445 71.514731219358481 41.170891291952216 20.533727966497970 66.682471211633171 45.188209749117604 93.763166502780294 37.940394738263642 24.077598437530312 54.684711597226311 61.917634393310259 36.226321875916000 17.102924286765141 33.550939565175277 79.232845422472380 8.190072318288856 68.250098568055932 74.685052207433117 22.272723293005470 99.457824581831517 13.464041340933475 60.199658650206310 75.537242521525215 65.668831510428873 16.939258484745967 71.183190415443960 67.646137190656304
37.664337732961769 96.526555350114435 21.325446161220686 68.961463639226210 37.384509883314202 53.433893623551512 7.092090647689542 27.399976987786800 44.519762236349017 4.278801066933092 25.672804012385122 35.659016444420580 89.507644674961355 56.886903133045976 49.478353280240853 6.111342920133334 47.088390477967138 56.568121681632597 88.931065561656936 79.490086112470294 63.497441667731259 16.592572536557736 58.570584134012890 4.895720490893895 16.809056670586209 96.357442919577466 31.231014633952658 16.729182722730563 60.057558451003665 72.829043533338449 42.079159283960536 23.383023575761541 47.474102907949224 52.152011621884320 39.344677187143247 31.178082829682698 13.168706172490852 6.633880689176430 98.820952191690566 36.863891563656068 90.157464873066559 1.967954232659208 88.279098506641347 18.878969932118096 6.590945926852198 29.015041046534517 74.133619309857067 18.649309456961983 94.859294074596690 63.297132134056646 50.975855432381458 93.816555472734720 90.524158835376085 61.961742071489965 96.775063998473755 43.447810649488559 99.738545445639275 27.470653294346647 60.655323656276693 69.540118570801496 22.668454868630349 47.339378276991638 43.978800183833286 36.503725652979234 39.748299705589396 30.696692252178202 19.416799264365558 26.628772336266348 71.734724121348762 84.506990219460974 63.378935323299402 17.408359119915218 41.467630226482044 90.278550773092121 35.430268059242778 73.244255295708527 36.759618104396374 82.757789816349415 19.096499383814191 28.451779342013438 44.839572861640065 84.212321378279597 42.552501308140677 46.059732331217326 3.214612811291684 53.172733025684650 94.307537225955940 90.841271411594946 15.928285945741417 16.575454286325176 55.746346572497330 8.659299861143188 23.001050105738731 31.149737094846198 97.322477074050497 25.415461823259488 45.779122701879729 92.994193751588398 68.800315833212025 2.739543443391890 63.109555721068574 0.862982131535694 23.397956902841312 64.912638654970408 16.200324866057091 77.631753357369490 66.422307913910529 39.567908103820805 51.647280298901407 14.594937964752230 34.550415031638124 26.758634671928792 94.811218641156799 27.405101933061083 17.568422282100993 67.343083292771894 58.420474890180927 24.062529447472912 9.710862349003147 56.443991104232893 70.723355608508413 20.550741032831365 47.391771548052205 70.445454199399890 36.312810062172950 2.989710182325234 2.920885402793227 12.765898057709224 6.392780240129737 17.314440255227371 95.840610400488444 92.543867583374478 42.522116924197171 28.849218705067170 7.121627417293707 45.960484599349606 55.831894762387044 52.464558908080647 11.131628550896933 61.874953847659711 62.235072429935322 14.541634486714894 87.039123947684274 94.247156478436523 3.210033856370320 65.014762629216023 32.228896127075870 93.782963488883226 29.117042645149116 54.162583419769220 18.790739194075744 73.996183693787017 6.220729510058309 93.623765818493141 6.137031457456188 30.084160041323806 21.207987575807895 4.436091541888176 19.061370139775512 89.960857588188063 6.353793157272392 45.397368713301780 8.798173426802435 41.403059812450735 52.242019621366012 60.668874182319414 23.082836155237008 85.990198937922969 58.645977261380658 55.035874989584002 26.466404008428391 22.255665613117603 79.583126648063740 63.024349707878535 55.833965300205868 8.212113634458184 79.473660630724808 27.772385177283908 33.384163946621662 77.089464013044434 89.582275391500247 97.501101332388089 66.967655281980470 91.474144017992828 20.232145815793544 62.171017427928930 98.796174168798586 86.629495624182269 83.334045237977477 66.561020287798073 99.614213275920918 59.274987368103425 97.928127958154562 88.077102942818158 70.176981595102220 34.632426841417853 97.271382309534488 18.797475508944363 78.737612207088361 97.808691819001552
3.308962791466907 80.933496396605662 0.028077096094603 80.719558770578885 83.407589193149875 50.335304335463547 27.246649942912960 17.377982012447333 4.423227123103080 5.154450756620221 11.335124175689993 85.905619581649873 21.225773189067620 87.622717086920403 60.827898276041623 70.690803171868424 26.907329621582608 89.917243306179188 95.741755031074405 27.370952890484233 96.447260436693583 47.406593193709703 26.717049033226882 1.346180520836626 42.992043099048303 63.387243136306928 86.919639453295886 49.663120214078191 29.678186706635557 24.486577899065022 54.696289555955111 89.369593987297165 51.208366997131129 19.128219068927077 30.151019270521871 1.388501147637589 97.704027374728469 23.139324909355651 35.732299564653133 55.162740275948032 47.288150931154561 37.495320635408568 9.505723014600797 71.620937467366218 59.932818946923518 68.387054313182333 41.977203199848411 13.425315248685010 74.762876162162357 57.188526400758299 73.542272310602385 73.154624937886098 59.719943691282964 98.969898906771917 43.478960763148258 90.018380784228512 15.499710435987213 75.034923253278507 62.001395918013245 86.605263870378764 16.169036928318626 18.671816339999548 6.847844632873834 10.177252262490455 34.859123681098872 61.038814477922422 89.426764276236639 81.225545263514434 61.300020252875818 78.397257018411793 7.983444085690550 24.960030122428257 62.448611766457262 11.349325510205222 26.180841160914660 85.543667832223846 22.747418974617194 68.951428771145615 94.502568354856919 77.842650790422866 66.622189692967666 27.418842124620991 2.099384824274453 88.393311471239443 83.811658717384645 20.621334435888304 63.401121267117354 20.646705722433680 96.407580439458101 14.152851309088776 33.223942852168740 16.635986995981710 73.543934625448159 10.300944720991145 92.252656911493048 43.010864876765496 38.837262097238209 52.533209995494204 64.700377591346452 25.636222126458620 57.440106827239866 62.745171799353585 92.245011070868358 0.617138965228081 83.429546591515901 33.553442131418819 70.534075477066438 31.537545693557366 20.852069188685164 48.168559181631224 61.677200755992992 71.188201459371399 39.519793119155992 82.964196403564657 32.197346320324193 67.584819034436435 42.632726699986314 80.472888892859586 33.668493632319766 94.190233068017534 80.354125659465439 38.084180159899525 70.846792427035027 15.354097240171182 38.659524911107489 13.317539090252406 20.697201575230860 90.357042334742047 60.735891806198005 37.217592813472386 45.901803637213810 60.532596285240622 39.335062067403669 52.968324769143194 17.645937859120675 41.863470294549565 96.290335242777047 4.686100609301969 18.292397359471600 83.869456611706823 26.970541043983630 41.028339932917923 31.785775178191567 82.223960060023089 90.904906046834341 27.461494627429349 9.575589491209124 33.777310899360188 60.611776308143725 22.556289429854491 94.241029807213224 16.113683365650200 38.113689980610630 39.728719507970276 38.781126898618922 85.397483619492320 82.015510434244433 61.409904243400923 99.400235282600619 13.489304630945298 72.531722124751084 45.655665424958784 64.797764758464538 2.583555138559757 70.391957328389580 26.786406487073545 99.526102248602243 21.120640338264874 69.366683719951723 42.187986606809389 40.421496433184466 65.769725008867979 21.255685470018150 82.840653035742704 78.701989425482694 60.399571164144902 89.381391682369880 41.925072192867454 77.620506127415752 2.287953013854249 14.138087640056018 27.940711254084860 84.051773129652105 45.238912583933278 42.425714027547620 86.052410593732745 31.103141990436811 19.727925987867756 29.655529201511811 46.429531386423420 51.005795486526573 13.964712636949839 42.446050497180607 88.450332722211812 42.992063275632333 49.505588984703138 89.626810826227683 44.680489834190837 52.590221196874367 54.321242518030502
35.711964005712659 81.554803000689930 37.763550265034439 2.205519160950031 75.374896963614475 5.513218624673033 36.251237787905374 89.924886897798544 63.013714592842781 87.635030010782117 83.245238864681554 63.306898178509655 26.124365819779637 63.180597604148772 31.429084961964715 84.954718337797345 5.298229943133093 2.158288382993778 89.439257294129334 38.317664015193984 41.005446643458434 25.897174984004177 24.554377311242181 28.354776439468832 89.508661195561643 74.018252232205768 44.525347775888001 18.712586076436168 43.282819235857609 66.661364488982727 28.774668381429159 98.457532113297688 9.444100333457916 29.410519409228396 35.813025081693482 1.954632836246573 13.379286801012070 19.428526966529581 98.657231914819292 22.834024923810638 11.938332861655777 19.125526173528929 7.224911719264615 7.981436451780866 69.658021136190115 45.725505510162321 47.040741386705562 36.774382772135617 23.203167182404972 61.401063962896899 1.262095619436121 92.341120842340843 3.050508587491929 56.693451719210721 14.680317685819732 93.187642792257492 57.875249193369960 92.739861995776991 85.321689373268541 87.390755286793137 1.902244159041866 73.782281594709005 73.369401083518881 15.050220111728352 4.360384416707852 82.954692212867670 70.513721538311430 91.295060418932877 76.814875428783466 7.546807534748845 14.190411016998949 17.278498922613437 97.552767988700509 61.926174974268868 17.709365971890399 35.258271449803367 43.747341692306094 69.936852379910420 22.816163088171272 22.353006543733400 11.716740899267908 33.999411556714506 73.911814532668558 46.484921242607378 2.264062217263596 81.821048191090341 78.129512441382417 87.364052752620395 63.022805025925052 16.525408525693486 8.075912506634653 69.116126839180666 74.782912060244385 73.827264056464628 98.470103013024882 71.698118740866562 39.928512951003391 0.362163502679125 75.840333776091427 31.238138779193104 70.812998603545893 60.643760652565661 21.368821386312064 56.258846073187755 66.249617430779864 39.554741917903890 98.701311451449257 65.774450493416651 87.560683887365300 88.303415143359302 90.673175312435134 45.150593640319606 60.768797490615945 16.273649859749916 26.544503941049268 14.170769564959295 27.172818290229461 55.255410195731777 20.693202856277047 39.085951916219365 19.445018498857724 31.365019526111539 55.486166350704949 84.076041452279384 33.374371447876939 7.415491635416450 97.659119682558767 29.515626953291164 52.091874505251347 73.537948914315137 80.820578214196075 88.891900168530555 55.162997402156385 61.257072418227310 66.224815470191729 26.653111159388164 92.918986934572331 76.268170609531850 35.467045297527648 87.352084587804299 12.945848074745836 59.161270185355555 10.590001744756739 82.775519967281298 14.926403055022529 37.938034553917419 69.085688910291637 63.226471122082984 55.097792243697555 19.727221211869196 86.070438144408570 3.017989271014121 92.195680648298278 81.691956450975425 56.660767425938772 61.256762203638651 62.295577792954148 93.948664636714227 93.123847398164926 36.467427197718379 29.904364508376435 1.757001932865054 80.706967229832003 98.321431299598430 70.301322326193912 74.539016503985323 76.580156912178239 57.110192929726942 6.142849195109001 47.123827137968696 54.533663414582477 81.960246286084441 1.916258026897699 68.985283273684914 4.990941464652598 12.855132080898068 96.752621017096800 85.711409685688139 39.538813797757498 67.706039809527709 21.039426766982771 69.956688116329417 71.871202773463637 64.477738244369249 46.801887923248486 22.584054883220837 15.592223065722710 44.547734327441923 79.764478764828468 92.951868556748366 85.244362778322127 98.697287715703553 2.200740701337534 51.567550451347877 68.683129137309749 9.617191118332746 17.417276098149493 99.249532036537857 56.673556643238086 74.771200309355351
97.399935275773501 50.826658931477695 54.825196003694423 70.803422508715627 96.565152331746546 13.798378787171195 60.447936168341357 7.111149181379394 11.634763027608608 5.750206311048389 89.340577407384430 84.280733842246946 53.870057211815173 60.322178506055778 21.476855364031600 73.130586055532476 74.148441112371088 87.921640649996633 34.790961221145444 40.318873445162374 88.579327180442959 96.002203806901704 56.581491648601137 99.098848422184247 2.071120140557270 42.234504599702049 39.286227437052844 34.561209184466335 59.276817477189148 73.843526594454673 4.461500076979408 70.541848463595073 2.695927058669545 80.526856784661149 99.490332146773369 3.372080618648599 35.543474588727022 97.428928115012610 86.679352540592205 57.620569524469168 87.619916695304994 26.440798359243601 39.282604850914161 49.390690530210037 84.636589669185994 16.949268454167942 12.881500486080476 65.295726719076242 58.469577853801212 97.595314454812907 55.932855413378149 12.807522109959580 12.402882891944989 69.470047596962942 89.144908364876201 35.578753826623441 51.538079763634791 59.379148568450411 2.258200032496216 31.481472275668022 61.225942632819397 46.974292656260808 46.102897194049540 94.428605558401017 18.505383635511265 99.614137973442098 19.697639192953243 15.732271851659196 23.911326422106260 23.335360135201320 49.522835274743734 14.097065235953998 65.221354220092181 75.891678720480400 57.911690138384131 89.114898990460617 44.212081100190034 20.844021352689790 6.710066319919950 64.129447643527513 7.295139203040857 44.683159745787862 33.595357628757881 28.461506047653540 30.652279428392902 66.127587889740695 70.088000548862311 73.010497654082201 54.748552050934464 35.125183393826198 71.031123643559795 17.511615488468234 36.488777576131412 49.709285859661399 17.409474857432194 93.204893673684069 28.688990942762203 8.350320578814696 59.905438391879095 43.121689346426763 67.102705773462901 88.446058661404408 38.057235095167641 81.812815939551371 19.819472485208511 7.545733744386729 0.851035372439934 53.504374001545315 6.588241305589326 60.985161646671479 84.468431616360519 9.419803613074818 52.099306634927324 6.300918371673070 31.558553957524882 30.111123537079575 51.180041608675118 94.967047080376403 47.926728799147632 36.931254776666599 69.890685464071282 9.575996787847119 54.626630097820758 59.593537852986344 22.813236948509228 86.603216132324235 87.083524200430546 30.589166986198457 17.218797181964753 88.207350932502720 28.628033851749645 50.362576043175565 35.214048795656140 8.610436875557326 78.005780953262544 80.692590437007723 38.370142862101076 94.207363358507521 26.208985604493517 44.589308581721575 55.640542315991162 3.110286981534871 37.363099579262801 65.597327704393621 56.787971306634986 72.826867144257406 44.062858808807484 45.594097780404155 12.997056038469045 73.456224074306618 3.124648142076647 72.054369934098901 12.729060834842842 83.467518511450976 44.144231039290624 45.777191217166049 86.705493860662500 82.552206975213622 46.129342454410057 0.893524852588778 11.514202870698586 57.131929788731661 74.837076242025546 1.461709431419189 99.021224385715740 91.618591903044418 78.557700993305318 31.435439434428236 27.173534879898853 7.935374661614192 51.315996712922043 27.312692918744542 48.920528272123263 9.653386357850435 98.649654744431587 5.741812983748662 85.203965602808267 87.742927628250499 98.581356028924873 82.117676651533117 34.693801745103038 52.605666657701441 86.497812677982438 85.769802963425107 48.421452894728759 63.075539176275051 20.067000160249261 13.795316292643388 84.956560193730752 20.821347898679665 80.466611577231490 12.628405292473865 5.840094067425639 88.558332525156317 67.198618940728466 10.565944506809078 37.684331011789887 10.451325165675806 46.477515623123864 23.118919320235221
25.156737680693240 83.839467308912447 24.668068482670535 86.794914182620104 8.095869926549170 55.258983224358239 81.146146193647908 72.267080280046585 32.849011349438307 2.618744419530972 12.392451073023736 23.051778602879313 75.616965497388378 55.085636198931063 43.290172626220233 72.275997159949725 39.937710213236613 52.665839209598310 66.606057424854811 23.023116545373014 58.323240034666682 82.884189051390052 12.624681677844507 96.102991930987940 90.770038432595797 88.483383312806495 69.760178715790175 61.410799847814701 45.590613253580813 29.716397997843369 44.935163056212858 78.746516527621367 62.880966556463704 24.971084514666366 59.882514470843837 62.648241744745235 79.017873026990486 12.248108391835599 73.977510483094463 4.445684474306121 74.215766614154305 18.953681186699121 29.574641970658611 92.869949741335489 98.507000844747949 97.886107669640438 19.842095287400230 43.121065786018839 30.884446296316625 60.268999290444114 62.217038631369661 64.866787189597233 55.450503296161337 4.978942220072902 76.257726888186980 38.383007850620331 50.157645367569359 16.236718388979867 87.794423288391727 3.953939049789168 13.150530553717733 14.540539397340869 76.664580665815578 67.193603167235949 37.283387552968229 40.960830972404970 77.726106352422036 53.868626222939973 3.129576160647640 63.661266834132022 97.214026618776145 29.446273622761321 80.109860644733828 96.318770280417596 16.641846783119675 11.933239558756126 31.167820368916111 98.153904050934059 73.483735097378442 81.489646806883130 38.172365880300632 85.276228825209770 52.645701444872330 67.991932929487746 8.726110520234108 15.298550713609316 21.499985564620616 39.636756340311265 92.587771488782067 10.674324091205655 1.037223729746584 90.475208524528611 6.454423444958213 48.639586230409293 76.438748674091457 81.272092508899050 86.024404234333090 86.660098072031204 77.488558730122321 87.271638479711456 25.011601650107117 24.713520042806657 49.186179040719921 31.290154997235831 13.862533596667015 39.786659580725605 20.775678207289673 24.578395760226691 10.876129853613071 18.111333502836192 85.323982109893592 42.783162166274138 37.951123505839412 87.891825529485104 42.729079833457170 53.386161377951467 46.210407993708600 36.730365845505105 24.904593417389286 44.920868115865446 12.435975226749928 57.456553921638495 52.500504846416682 61.730937873921732 9.874748175953341 87.712489750877936 96.234600195284031 10.157886341380429 4.645830754870395 39.854149547900249 90.046091819328495 74.051861053030592 25.336565657018383 24.237206291544567 43.950023476130049 8.187765879666554 75.137328108748989 55.027446368309654 5.773441423058201 98.817038073549995 83.464611823571772 76.111337680539009 60.390828145459039 42.241822265945842 76.605675609638567 0.467298380487779 59.040721929792895 17.739866994702769 78.173009865184824 75.685221201675787 1.500837742539651 3.312579480545752 41.543136485181918 75.986129453687255 90.393934093622221 90.561167834000557 16.720849373840096 21.377550852195693 33.133388011458621 9.770967404604036 99.703108041785683 28.228276031134016 46.093517252311457 46.093517258662175 47.399145593765567 5.342536949369925 96.919570652099935 3.116406101072666 19.400584792791264 60.844456980322306 64.490974729544604 55.637967991599638 15.691991304876385 79.898633349553933 27.601123864493825 64.458017585394856 24.828003167471678 89.097057499783631 26.954506846598424 93.228193520779925 55.619914296746586 19.558803755043929 24.267030358602991 35.172170048551145 81.192394821788241 5.904075328792768 3.126406429282425 15.012467235946170 53.131550308577104 93.938190378866224 45.109808281830468 99.392611521591562 28.262321590512329 98.701194077075513 16.893200118289407 49.293788487392888 29.848447456194993 3.536470837753825 54.100981675038717 67.697423844815347
48.210545700618091 77.718973413066209 39.817604210768145 51.085552593627085 27.797353893186028 8.287316035945269 16.307887813400413 83.608651279803098 16.402927086351582 28.587799625562159 33.601606422263643 96.037382107386208 36.133398308717489 13.008600328788056 94.494417024043216 63.905040390599808 35.766338930525777 63.389981709517997 8.410018586326995 62.090513175299513 60.605869739580513 20.303460089472601 20.648207895471327 21.554182056360350 51.766936593750579 0.297122847613385 79.673012227499797 55.647909285443752 33.144112080757694 95.619731212020895 28.433823253425537 74.378499880981508 17.914923366275481 37.374413225792289 72.139170376093844 65.744886175522282 52.314132076019135 28.253540602620209 52.081088613746587 3.481422280221158 9.966530832557851 46.614751664561908 68.474819749804027 40.528865246874382 45.435739979998878 25.696327949085628 49.025412850192993 8.025780174891040 66.838625547130164 38.744039702455211 9.196156945426203 15.364141823671929 64.796742939273699 32.243606987775664 36.599773323910448 66.255853127845285 42.220818591100560 92.073163404428669 14.407049231663304 74.813414643589084 57.847756618981840 24.887258382666253 90.296749559600926 60.120613392076585 44.075592327475597 80.755558768061206 34.268010898159027 41.220655496606881 58.155170873598394 4.699542269615387 53.820769437787618 64.252758241931133 83.146609589070849 29.356051850685361 56.251750789125524 98.814260865895491 34.076952884652798 27.136227756854716 20.585523312615905 82.022309061926634 72.503019259556112 46.143127766551814 46.487816551570049 90.344735755441249 57.838046387998411 8.624251631706271 27.168952338499896 97.230221769677684 81.848859320681129 40.096437884684185 21.841759918277269 10.461128368824690 95.013497339364605 6.464682782232877 8.793334767107030 9.857573218176952 82.990945139334571 32.661014320859316 45.177964439980457 44.595527692786042 85.272641415276297 29.334952808300852 49.151311518071694 49.150748399657950 84.909658194238546 24.159208067766368 64.127888426929630 82.885195871621519 44.879094494012541 51.295498082232015 31.293142546836616 15.016580421713755 41.121952904681727 41.337254213811335 75.578978492431617 55.618023077629708 10.694960254219410 5.767034198698829 93.414020066313597 22.695907149315609 76.707543899721202 1.656928390574097 30.711539137145859 21.619926458323434 69.786364907475388 97.855405662374750 44.809274715225889 2.990632685478489 12.293494594317822 34.184320196221428 48.574931991651418 64.227474174914761 68.734887502786293 18.215164457632071 25.166797632252258 72.108106545918289 52.525628554850847 78.000390201109354 79.633934679978751 62.840510977419747 59.291945222796137 31.117174953137862 20.756497078023738 36.791343784146072 49.349446328318066 95.656440283274407 84.999814645631417 78.208776370583720 93.408242231696320 47.942622709031866 56.473216618317558 13.451194019741397 45.568740786419163 30.651536494284759 58.246858617769007 54.998454029607444 72.669980599141752 75.215643712919032 65.556963910540418 89.820668235868695 15.183282590343305 59.534339337153298 98.110158307444337 18.536571168699979 74.120172621416700 56.232237619344318 38.680237746780563 39.821536403124178 21.949735712098395 64.357596906395671 70.906003648672495 38.398776312988133 77.223162216930902 77.735322894203279 11.938418646529303 54.551173882088392 12.086557088671023 77.421804890960743 0.387476229563011 76.983486614420300 54.333620760113021 85.221188911845374 53.226858042036930 97.420980254635154 42.994579706159399 15.223433951823361 68.278702181701732 81.623708977902339 34.258305248246316 55.343550497848206 11.707994936368749 98.997106813024772 55.250511889384711 59.519376607418273 32.877412143818297 76.793073535864494 80.608463817689795 93.391577233758255 21.199842249009304 19.230674668210611
39.553119805462345 50.014645175753060 31.706857647466780 83.228409005848690 53.598824989782678 77.175275434366583 51.977125022458758 30.092724492149092 87.604033905577865 87.074879406326687 36.537446887082439 18.187003319102569 95.346667943045105 84.476494306008405 39.808161769202158 51.892196824843609 77.424408018284510 15.566770861068091 77.484339312799108 13.831011003573234 98.709926658015974 31.857136257195904 11.524183195148884 39.810950592960268 8.682886941224510 85.471853975701649 63.325874328923561 11.590253923744243 48.332459012097530 88.754053724782949 47.557022401872295 80.852118463561894 23.354404217895276 37.854971805160517 28.449276424354597 45.385349906713969 27.863289630741427 75.880198603400402 98.394810360286641 15.673168860897203 11.296710092957863 86.845975736039264 3.150103070817056 78.362038964634209 63.354990511171707 62.562302430432872 50.403553123819769 59.450434607359568 48.177840730855216 42.207741068074398 54.842580884727496 50.687919556372243 73.845978167386960 98.731226034574178 10.360350605152957 12.533764096915201 59.460024580984708 48.784756025741075 5.630511365190838 48.951845594960922 60.464328340378913 33.338433036856649 68.909366010356990 22.385207081037994 89.790034764379783 77.016621863618042 66.057042165948928 52.452362157526707 83.629180193160096 30.737890845177517 87.819635817309432 7.797713237254388 20.330034397573559 80.673340728620673 97.835023219817259 49.375498219676558 84.911184015277215 68.565460983772738 84.370407177398022 82.750883008026975 29.850411187135851 77.013507655377495 27.019832601278861 65.319203464684193 40.422669384944911 15.415164095411493 82.407671090605419 12.950693513839528 51.049937375643864 14.488274990512407 88.147416400856500 28.381234590716552 61.017504949113821 40.829875620329084 31.982405798020817 15.538650132936095 89.223440610072714 4.415766282253141 68.029473558490963 56.979737463453660 67.026286373396232 86.272690086688129 4.604696654182683 79.742676904160987 60.657280487133406 51.612258173363031 46.945008133910015 14.639810105605200 16.011191629265710 61.124959983450211 24.152465927689015 45.589966971047247 76.175587823527096 68.228863967212476 39.580148561212113 89.963929785783378 75.543583962791217 57.482763256338856 55.547371019892090 48.401174947278250 59.334795448130826 97.901284706421805 56.075170897538285 62.234214469964890 36.211992072574759 23.576066885826574 16.266329610043062 64.271020823220326 42.179336501582732 95.996158506843869 77.783898641684274 74.396963303201431 78.322191302613405 75.685263561349899 54.331334441767510 31.582965658413631 53.169988992896386 8.431378358415209 73.976109495035942 87.308250437804901 87.308250444515579 69.034032227977150 32.492506370390032 95.211476372881691 53.860893847618286 82.885478858432919 86.167360972313816 81.428918069188811 70.706983450231320 1.920656926717690 68.653049721965843 91.591284042032640 27.933059724202391 80.176544952334140 27.196997195007722 4.454881536531873 79.698567921759206 58.547076621418412 99.819956247962352 75.524474877926835 46.792002929719615 21.515486712099364 13.839471933690783 62.585730405696083 38.483333832073562 61.974258493836942 71.920829211743239 16.196680868720271 24.879916893415309 65.638713227113300 34.902460563909457 84.416695897513222 31.724550030844568 84.659273517443552 74.430443405529218 48.626261180016108 32.784673780670438 93.319057443003572 55.227037290856337 93.245448164351771 62.380695883528361 10.423435286453508 56.897916464503652 30.959371739671258 1.760270894924554 43.557294852232964 16.081329380257014 28.202797454440041 92.197090473754443 16.930278045648151 91.575053252420773 22.304501347525395 7.046925990941033 18.670950548713694 2.723912205014944 96.719194607882542 80.276155693605261 45.505045331725100 0.239166461532669 60.180564914157387
14.843618452798635 35.965565891760029 38.891242814806340 8.972440875610454 3.360897964879717 35.467052325682033 31.427609049168915 65.869635956952195 66.368111996946951 64.716081246187343 23.265962806269535 24.543050996430793 24.543050996430793 78.208680438703098 21.908447913446672 24.341624813637818 0.020816363169840 12.174848912356728 27.921822838743559 5.898984281457997 1.294923796132441 50.396348884162656 91.411573014125409 85.784641308558236 88.983402420407799 45.743849797424673 11.054341094939780 98.589283222298235 46.807560593938838 58.999230946703882 26.530431749339535 5.223162916887092 19.659763190751399 29.278443475551541 5.012563111534918 37.426975430108598 82.314923489676531 20.451565981496302 74.739815999866792 45.833458698993113 78.001737328077326 18.287315253849524 5.223162916887092 48.953507474831603 19.659763190751399 29.278443475551541 5.012563111534918 37.426975430108598 82.314923489676531 20.451565981496302 74.739815999866792 34.030983912808999 68.761300949132448 14.333194560637541 71.424872923731513 3.437620414201292 53.415655551815611 9.294381508344717 30.461734866765489 22.725334417764220 96.498744275341650 51.792140485230931 81.011538668368047 26.094037089581011 22.417979496378383 76.307731043218098 52.021401594868223 76.490105905227210 45.277210535764510 19.856334100869390 78.289212349974619 73.848185514999827 87.057234796514280 52.153918384601326 97.715250369072052 81.728603445624756 34.914496098244832 90.987915365639253 94.873267840333497 74.474095705772257 77.284497488251134 77.758844887767651 92.712210528173330 11.968001015595565 67.865458859201041 12.604159628773704 52.228163015686413 73.232860628445223 1.830456543364267 74.806824902780320 55.401019063953385 5.660371991371493 16.574439036346245 89.058863435691720 17.179803233978507 72.933352131140893 84.240446591810937 73.515785429260234 34.892193432012888 88.955501562782160 27.035002300295531 82.814731890914288 64.029500548540170 47.729532468211701 9.069269089864818 96.389967562178128 3.156735740029970 95.416083740682453 97.315019754911575 13.288532558708010 61.307779134147708 60.877384931084542 27.200489391441284 82.398087458426645 48.255231510263172 53.478375020819492 43.906019697364094 78.859331939537839 11.180604051210297 95.909130832388072 70.446319975121668 12.610862009024926 50.073627031036139 29.577421432036608 82.149452276216167 64.842918825680016 1.785118002196240 56.354125764876073 13.042804100349837 69.986332119853913 60.223411595827713 12.255715322444649 2.105613725960320 61.802465499504223 0.520661421087398 55.513092797667262 96.350882305596485 3.922568171455765 96.268586709476978 88.623116325144821 42.788824572469672 42.085474332075499 17.374910174208324 26.273457960517877 96.651980606728898 99.242158710741833 1.341486757250920 13.698857599025406 12.929554575147261 96.454074322141111 74.239446850225505 21.524495389588903 56.568553256026931 26.531935310162989 28.774521790524044 84.048339266870997 84.420488228609486 1.089286162384551 12.719274691055126 69.779466166377347 77.226694056543806 7.206584531883752 87.516153908294640 58.850106006496020 19.809075512581909 9.814004387567499 70.313080255775404 6.171429261824346 64.959021883053197 71.128695818818443 51.020081933321478 23.485738342885686 26.823940472219920 30.050452569192153 6.530506854704676 99.904600527208558 44.417148371286807 14.427858196490039 50.081908557761281 79.342319904779629 39.311394222963379 26.597759458710591 0.807017542622523 42.600849836792221 3.977086961162113 98.311702533693207 66.741866113824457 7.409976091268378 77.571769123097070 16.499587429643459 76.200801190750795 29.189122990318040 88.850731655675546 45.949170475278564 64.042834447426614 58.742876309887215 88.366439485844651 88.261913523716714 52.548907643985146 38.366217194445170
91.288895478236938 55.503960654443283 91.404299847214091 21.084030667707587 96.352641250853424 0.172188312182087 52.130221521797004 16.394285618995486 48.816910236934220 70.099619550290583 3.130947171132170 18.894081156964539 48.299338169301407 74.452443479013326 78.746239003576491 70.723332557916478 35.535758004939247 52.799492678975177 73.517735729122236 78.453850792506216 88.004949422701074 64.243589182495413 17.832924794948322 96.876857562025819 79.368270007682383 21.735187816584943 77.714477127585354 51.874214288474931 0.503145677987260 58.080962199235501 9.021995803389526 63.040216098861201 5.522933618418413 31.754333180679961 7.113446540158841 97.169137618526563 52.937518225681622 29.251639705517640 98.115181346282327 60.811023112586604 66.229634458726338 82.656703409145251 44.541417357369149 40.943731097713965 41.403795147219483 69.422705282633984 7.588871635289629 57.311999895670475 10.719355353477022 39.770166029586406 51.021338830791386 38.912696436245632 76.907285032650066 43.935144508153087 49.632076180456977 11.124154969557276 64.704692783902232 49.979199425452734 88.207120552301859 40.257741488368950 8.580371567675172 72.050884427751200 26.509575590759649 39.005425716173178 97.592441854709932 94.179600050408936 32.980907234233804 49.597518634099750 8.658783680351190 42.058176844867511 98.349458356978388 51.101701912581433 48.445135475126520 43.671127311407488 34.506171036431880 74.938093678128922 69.719274104774385 16.662828733543844 59.186936329088354 76.191345849910419 68.996895020310944 4.384195871353724 25.782778996029009 32.381809007401344 42.425023048029963 35.652267099721179 8.465546513674294 46.266922033156710 83.141965037771541 35.288774331141560 25.707377523734575 16.040795818540744 71.344371875974986 40.089444741095036 44.697700061714777 18.276923547446032 24.530324078735987 38.596754810159105 57.512930530980555 54.704078690115509 82.851396994995426 19.665745822011605 85.257640658441900 12.213075210584034 70.123493053842338 26.952448480325629 19.929303054195135 91.463887569517610 49.135252741396940 25.809029615171575 73.525361626336149 18.264226466477773 91.327189659691882 95.708360010184393 57.409246102568723 78.394324842879186 34.335108677577040 91.406360358129916 70.433660717991714 7.007148064888991 79.714182002750363 18.372804431603484 48.877467857068758 54.260108816944772 37.385826118988476 36.364754934085127 57.869359290656107 84.658734161965370 1.807236251886435 14.772847493691888 3.670983710081055 69.016936837758877 54.493948306635900 77.015113432781945 58.026438148995140 61.225822685937878 44.807712453717585 60.392194719229529 59.342396898505548 9.966701245780341 65.812727609531308 21.981499351660304 51.715586124675141 39.140658769526468 23.600794041689287 0.092536055794734 68.267788331865333 47.627556548770556 84.610623219027715 94.286567025860123 14.919059307211302 76.355291702759573 34.196309187609764 7.614210381425435 90.563050140670896 74.520808304407225 53.787534901045873 95.649474946107517 7.636183030645737 28.231338824246276 28.057673302600918 67.613146335194585 97.177208057863794 31.511507796326665 89.864094795193139 8.398170995321086 83.165272514868136 7.928742599595973 7.873888369868220 34.990468188776447 38.595666409259778 21.397266604450905 11.005412421840543 81.737618278479374 31.497626826835312 19.004911447505691 31.359807242843807 27.537101490116566 61.380804333297654 41.448325098774454 48.687388902896323 38.114267413764992 29.554787177870910 84.223697704687950 82.018888899856094 86.923054031817429 30.428294594337181 78.787811056430925 72.896660735319429 21.249939213081404 36.429399637472827 99.796135949402910 55.093070115400330 32.852596294563021 96.945870475253386 74.686996135294279 77.008724070643510 84.042566404067330 4.548272206091086 90.248894066754445
30.828282925856708 59.487224404257297 30.288487274278488 9.499936693938583 2.299502103850826 0.280230210597476 24.581734657503308 90.351623084306254 62.068098581693008 97.024967927156979 33.382501584085702 4.209930747145862 49.651473238160790 29.349264285979604 85.075356724870772 92.307563517909912 62.103630020202225 2.735535078299067 87.143523855401369 16.125736413538817 48.148521103939281 78.126794118429643 50.829788200195821 39.544697016253863 10.792478121816751 92.558912804363658 26.316087481317261 80.810097953828603 72.722235404975592 63.841295169702391 18.654506121744841 4.944074927265363 71.441004968737914 3.120408907198668 68.936081051491442 17.414962627196175 46.679445406296281 87.859437924936657 58.846099323352341 18.495902680667221 20.155601825731985 96.124775246417329 10.698989769303491 74.458979029726422 95.244883815757902 52.439508691407809 61.582340542262962 24.965773508266309 64.546525256781067 36.610385377665345 60.580414712548112 34.844934987129029 88.316413278493087 58.274140958096034 33.083266962723933 66.277651682110559 98.478268813597495 69.194532679883622 38.334896563433531 47.489125939164914 86.607013875132395 90.894318165916516 12.694628521119999 51.909418683831198 72.519144005887014 58.813099206656325 53.191290074848617 85.487024030453910 89.908687073321431 16.721709742686041 12.581706309078289 12.858139782712385 73.811021459437214 69.528293659008639 83.609695439709270 62.557416975515324 7.892528693146438 76.281116958722194 50.068712781837021 19.409880800394330 75.787634444346850 97.851209709637317 41.627695617858009 79.591144639991398 61.927471522809171 13.500074021230969 30.910400054449227 65.617252877035909 9.824763863204355 43.424056971646465 35.259399929670153 42.887594928439924 33.849986095435916 66.732468047617530 6.509375613335566 57.292520749307407 44.352989727409309 50.057326920570802 84.407383150034306 3.390357912488540 91.467033863602296 75.214770850333949 15.715669417465595 57.625720547460766 75.905225611419212 22.562959878884005 90.857252217015571 41.777013975453237 65.463707016998242 76.958855342790073 13.324643892698873 88.555112940445483 89.627720867239873 72.004143722942345 1.144960367469916 25.605456611101062 89.499395697071336 63.365204445370615 76.760264602134299 98.254746500225465 91.104092902929295 64.736069538470204 56.832239769056557 15.185213192263912 38.581244261179762 23.432928497710549 78.872662805253697 20.253745409996803 71.451281940581651 69.253571963762866 86.273575920516748 62.341893443710305 51.598003471140039 78.405744680511248 87.294685409507835 26.164777076912504 78.232981173639487 94.639679031912436 59.317544780564724 78.501629531907426 18.786294324148713 99.413473961204630 5.936133705922719 13.920750975573338 67.502313202431324 47.396955103256325 32.464773554445593 4.318022219398809 25.965818879578439 98.067992792631898 96.637038561034402 81.080345695713376 5.316193765551381 71.204984927211342 58.226857372369025 11.942053001420305 49.729414131613282 51.430659378045860 94.899534596769172 6.381422796665448 28.815382774438746 0.758727703129503 44.604768673369641 12.287577900599500 97.308926602562522 73.502243296254250 27.405198971189414 55.756577416961953 56.159561350257903 27.176304248706185 1.757541410135310 91.976112731011582 94.606502973394740 43.426714198054448 33.012130816248877 78.443576472275694 68.956983337229445 8.266058479792326 12.972902142087584 12.265870618840058 55.317000033717498 98.672600910019213 18.529712991266003 94.594846407453076 65.437307503639957 66.089967900110153 92.567130629416638 33.723443912758853 91.518608375624524 42.215775561301470 65.398454014249467 22.806778152375131 48.167309781862677 66.514040469333793 92.200579393664256 2.049881354217009 66.320101119446392 33.637455501337477 29.547003668800297 80.200377187095611
35.828125675211467 98.696767552861616 16.636653702958924 37.799256236119191 61.930351917864378 45.899811475975497 2.621644910644927 48.317118376196163 10.441013292175416 13.422544552032345 70.770821789177234 6.603430388846776 42.916280460254249 68.886677426512819 60.445742652028898 26.332661742607932 24.497997307262466 49.854594117115148 50.140810558752847 81.024684640998885 21.069771069069553 76.637449434351382 63.304178112882589 53.524750226152726 45.315193168203649 31.974683318833552 44.630394822581188 15.047244930506698 43.861177909186111 72.746924412270587 20.411926000406567 20.824355561092499 86.390374986523895 77.785185000083985 85.264306157789377 47.194890971454583 10.565271545562716 18.371540362909180 53.793802451069247 14.789643704400968 79.777510281761877 7.029270929437503 78.755539346385746 0.353377391343046 83.790962206668368 17.695617654064087 72.873239315764465 97.469427329946427 43.556561531522696 38.572561865793652 60.709039234601839 70.535551669138513 16.403197020088523 56.457980374422775 93.712393760937161 91.962974251206930 51.268788578016746 10.268774528113955 18.519495246660355 93.148054970336759 42.056956014597461 63.614445772598735 35.541531313671939 36.953350028213940 5.714074640478028 7.524062990060065 32.595428393098139 41.004223772515694 37.298607281051410 59.825952718354948 34.160937012548622 27.348467035538636 81.550664049414820 35.006692465370328 55.594828433822570 0.320090506103088 10.937381421403980 93.317281739631355 6.989891022679839 94.331466720948754 57.236002771711235 26.025586199503724 93.672312249765668 41.673149630150121 96.150753631235219 87.455136784219562 23.833777371002963 58.488407893664096 49.523564139974631 17.916712776175014 16.117748671302877 96.815594686517841 7.593661723667622 44.129518287696769 84.678102113974617 63.758001555185594 97.673864686894390 19.794667405086543 4.525340847320503 66.708707180297111 23.743156010677545 88.609599141787427 58.894288131913406 24.880715769263450 71.727300088380645 21.680580608676593 1.708354334034223 51.429361978063561 60.151108287630962 96.400394279328964 2.124213020401911 99.140620928411423 17.443448999213718 48.034827997143303 3.301900978073624 20.007311610763779 4.049270453302045 52.001245715621671 92.267136808286253 25.964106141125718 73.772469710915615 11.975753255082665 33.649389384065195 19.903289085038580 35.425799267688404 16.623957402606614 0.794088557694228 84.157809326740335 20.160048632569950 44.472429565912343 64.023070429333714 56.515337392532992 24.195685037545779 93.141918669754602 15.731127991720918 77.862440205105969 36.789065654627670 81.910393052270706 73.233799458096925 14.537789726386031 12.811166301518595 77.380718887183292 89.210376903218673 74.696282454248930 72.780220554532193 9.774223602274901 52.760891563838896 30.059753731337459 9.739061800252180 56.766160942330359 45.957621932936689 61.359393609775012 55.792682095640224 41.863031126635029 50.206069340665728 62.891264390076039 14.259292610859397 47.367742481905083 20.776421810550659 63.937199375168817 22.805195474297889 63.578207028598811 23.577471425560827 97.334474081779632 8.344822922017281 45.764689179381854 70.405033668445583 93.476071219030274 45.224914605236243 50.431624815839591 56.966613049693017 86.939730008997088 45.132253927704710 4.216237214246698 14.181715115154258 40.996659492127876 26.149240933080474 95.158267012699085 54.603164043179120 40.975417522092918 37.050166402092387 79.752685512826943 44.301894044132204 93.882420750678534 15.332402482414020 50.431624815839591 56.966613049693017 86.939730008997088 4.354118977233689 26.292137183119113 15.579946734958616 66.555525648351434 65.671233585392272 31.077465992405806 21.928818853416566 48.193089309687529 97.319437249966185 8.583138341344398 42.133069623441578 25.585184172078712
38.772380481383919 58.832475581927255 3.014818946478448 64.151680169780562 92.471997701057433 45.186562773710584 1.257091986955605 15.608161726631453 82.027201028668117 73.116074155724206 31.412867471071259 19.359127128483188 80.627173458176117 69.561313912412643 15.836017386777668 33.091320785950714 57.630838975178293 14.533425878203744 35.186884023735232 24.599241611150958 3.180629815363023 77.926337858161304 28.836011218582847 29.173210311259524 6.189667510063379 75.055056933586755 15.731127991720918 77.862440205105969 68.768116776237818 48.727873771713234 40.575686308823080 73.287901194811724 53.631507999529568 67.685669012305112 37.022699526944756 82.550382390504936 17.959900385249949 54.078627558111314 37.417776534669244 82.550382390504936 17.959900385249949 54.078627558111314 37.417776534669244 2.846321335673674 33.862606705274864 75.343038115186374 1.701302899541801 49.526796228220995 40.112400815953322 80.607277774475236 47.681751631462397 36.660713569633920 74.034293764745428 77.139885178756245 97.180212389316438 87.971074427791649 37.422579421462245 56.909624232422452 79.836237043534624 84.847103870539712 88.143616725412855 81.067388167136244 53.636142264524608 47.784964099175006 5.864758069928088 8.773710800403533 35.763248861857875 9.736632828979241 46.490765701429012 9.293267351525126 52.295194521049204 60.388830213056345 73.625803514328609 55.717568222981043 93.893419838177522 3.440597951809021 56.188772975421386 57.445153393810536 71.193739566006769 48.107700824180618 30.032807639992665 31.778639459207891 76.875458968306091 92.838437900400336 47.680245660555464 77.844317455610678 64.163335679917864 29.883484934656490 54.747594686822765 4.509440272838616 5.457896550477182 71.784388638985305 95.559374336554441 34.077292245560798 79.488199114117791 91.874804568831308 84.472628859871477 68.565788107734051 44.075786773016290 11.498718807084686 27.248233947206778 13.309070152033698 40.339624559817587 85.507633506514892 41.127771139961432 19.763339090802358 17.725142582559283 2.147869944045422 36.993563332413949 89.845119845413421 59.682866959887370 36.089410659829902 47.933624995976601 29.167295939421155 26.428714191389989 69.939539652237002 45.213866086227497 21.998677094315976 11.227241520686748 61.493726386243807 49.110260282829401 54.380388650144383 91.100477725391315 92.744812868448193 74.006134760479668 62.048677198173849 82.579901070100775 23.290033502769838 28.865761062229090 69.563934477928399 0.031569367533113 93.108404518121034 98.536363526776569 12.381048563042063 62.403410147267543 91.026635253127992 55.067986928667082 47.526347097906907 82.201886141663351 10.949301898771512 99.056805097674243 26.842810651929781 12.227819768774694 31.628115562290450 3.700220110282781 74.740340582171257 40.024603599024267 84.936455576841638 73.444931219148259 17.480790532743484 33.056898494155504 22.842911877503557 76.383775847454160 62.544396703815316 83.685461876409732 41.271480245340406 92.668994635378851 46.950354079418844 94.547946895271224 38.335593923036463 64.000174719476249 89.997584287868222 71.772329393605403 31.083951130568021 33.866853837415199 17.581278975141799 17.390578357110563 29.892520341708028 35.916556710555113 88.930911471033596 95.744667947213230 79.695910229366561 35.065214971820893 69.698495398023738 73.499028696164601 83.434845398145612 87.423816730705468 94.103753832868406 54.358124974526781 16.086780281338310 66.323811529734058 43.429705905318727 72.729025848734025 68.364237769638805 23.893442281577027 49.985447364984722 8.826394302715901 86.329998853017216 92.715397281883256 94.893710174477704 63.149455509143323 21.768930438878620 24.724101118995812 83.114577226341609 78.657823200417454 88.388686011435738 18.625977515650614 99.501526204162218 88.618174977174149 13.721367321109501
99.126606568396014 18.225587823199184 59.780049173117568 57.795005512992660 58.615736574490015 9.963919105589659 78.890761028193253 48.640101411097461 8.124116990678655 15.873715273470090 60.384023090472724 92.656748371987803 21.284656856989614 21.284656856989614 28.098640469040603 28.104187302372317 76.478758063434952 16.178698100997245 96.203742961142908 67.206987053206518 20.810269845780237 90.665071447532014 96.420306856689507 59.163720405234955 33.059577619372391 97.633494945394176 34.758891956329684 68.140872938220056 9.802995040795803 52.055614038705144 37.950128096168768 5.394909911010815 58.902044738450279 24.343816155752862 37.714742417146020 23.285131110232527 10.243173260933213 93.482834873985070 41.698264526651364 44.698913962123164 79.569459493976211 76.377033043956729 38.648229890026265 91.830393454818619 95.292657362054371 82.043446379438095 40.745484116540567 80.168449750556235 70.503383230265797 44.198746055819448 83.755512319947172 71.501861163677745 58.122115612181716 84.294182737971042 18.130414936073780 77.178738017608566 30.940794024296814 43.618814321442514 17.357056557255145 99.201481154926213 50.445692145461422 12.870875621670240 28.708085605356835 92.040518356975070 90.967378938469352 89.850050785966459 32.555577055466280 53.446377046709038 81.475540327979331 91.597123504200567 2.672447763919517 83.419470242393174 48.795672976981763 61.798471323957131 48.022696075168369 28.035023454509222 37.948349362996836 82.188498295867802 26.248956295017400 98.445514364172780 21.821094184824474 9.458877133631072 38.883263541004567 35.521804333591369 85.197079118806968 48.872538340522844 26.467342603100917 26.158219935793181 42.463283240470965 18.659199611290166 84.469669871340955 73.602441354346269 1.363323341264655 26.370280255899580 80.481782597203448 63.684976951593029 66.235021961828650 8.676128023842299 4.148438535021082 35.105796956215109 96.602498603653473 81.229659536345579 21.449831419909525 67.459213106683947 78.232054721460059 25.485912141598664 19.444667102172065 68.302745058745117 80.339611665608757 3.972071565725077 88.142165877445507 43.923954656980825 96.357644371091880 42.583240970477767 76.092717744185805 28.854114779045425 23.189261442696829 20.920099518421033 31.818178772014104 55.844963625217240 55.502041207357564 41.257740404712109 82.045344292678209 6.849473566080356 37.390613777249129 71.355666067543410 57.466922097775672 76.142411345244810 20.669525911439823 33.061326898875684 26.469749629391657 74.111412183358311 58.675329167034008 98.789098429871402 47.994779997957608 83.743869508214004 43.621186180761484 37.359528105329943 6.501532052215985 49.228414511624528 88.935337643645454 55.275723231180947 30.645978531300109 10.294755691127644 72.340668760507924 10.604173125895922 53.177548165231514 99.115615860377474 48.638937355278188 74.973345486885677 33.478206256579455 75.182308411652230 3.446407805691198 88.393504138096390 19.055946179935702 76.399305983875820 87.635373923328146 41.058513972345544 43.806428090819381 0.414466550303039 5.271925515715470 63.556622028655894 40.179779968008376 26.651948680928406 53.835995845650750 86.813918844704588 68.180053362177148 85.658656820990942 35.702172770863918 28.529324829701409 84.335456342562182 50.750080129199517 86.067504638117043 69.550369324666377 72.793638473444773 69.125910281685904 80.421320643823478 96.752288192500728 23.385959781388987 41.421792826541818 30.194589442447928 94.062298084898174 41.761123944953660 96.851164327022573 87.275780205225928 8.522882100970486 98.606071108772085 27.488109038389684 85.268583570640061 24.186501873545609 30.518136850285039 90.483505054420348 87.497375442930377 2.626388446615668 97.075261223616707 18.522342329325902 72.812862881632540 54.339237326778147 40.516565395814673 84.197880481620444
37.221115871716194 56.847686220293703 45.329088819775166 30.420302145087774 76.805279786921545 49.675226397463291 72.825949771862724 1.523943873078804 21.208923288043568 94.891186066678785 94.618453729776490 39.394501575005833 60.569141577574790 74.512331565284299 54.963642490333086 84.406304623307079 88.438383923923354 13.997815996498254 29.780904592054036 90.283429224133442 36.313372354149799 12.360339583517920 49.299940909316931 97.688061326992752 93.963693473284309 1.916151789764609 39.534453342142641 12.084236466917986 88.043212629037058 87.833995143743081 65.459869835276990 10.913664275100654 25.615609209850078 84.697188293770850 61.001927606735215 25.423586791865503 89.275668172974562 45.816958696467701 19.927766082768304 99.275891370851554 45.643259319230786 65.459869835276990 10.913664275100654 25.615609209850078 84.697188293770850 61.001927606735215 25.423586791865503 89.275668172974562 45.816958696467701 19.927766082768304 99.275891370851554 45.643259319230786 3.511616423950459 7.827945832586137 19.927766082768304 99.275891370851554 45.643259319230786 29.375589801222944 55.490404859179954 98.926392094103420 55.490404859179954 98.926392094103420 35.051527610570730 40.049740085556628 10.308983208875643 84.743312018070526 17.201681069163755 89.059429211731384 58.309592412366463 4.167261640455577 91.927999362812713 42.683507866183810 41.219008418146373 98.501850181214778 52.843303717307400 79.995423497845792 28.868361669943887 41.702954030241514 76.269611183686095 39.132284047000418 85.912409545300591 84.467500774725949 57.695315515170066 10.823147181198900 95.986402007073224 64.423736124651526 77.979813980689144 13.589379326291361 4.072162523198742 69.415094706181009 65.951740324606746 48.765680939671071 30.915769350774227 35.776713073955456 67.132588407691401 10.214780265303148 5.910128873736786 59.240873564415530 9.117952462284284 53.245799512733058 48.404832508025073 64.658823988379936 38.079189090704560 98.561898432516116 62.703318043209080 28.630923848280876 73.622119431249189 69.462423011884610 38.267464880454028 94.075537706942853 3.870388506421940 23.174522583281721 79.223448678858446 83.189920848163979 10.802807123959235 89.652942593511483 70.740688581442257 98.839499176462510 43.190571896215182 24.473968920477652 62.487846353249211 75.870684400300519 82.008791072531650 70.319469477713398 7.399750192680122 27.804848769057077 33.067409256105151 9.508761917536502 65.005130647322801 53.541812513680163 10.174855196721566 65.335815553022627 27.736026153309300 24.885350907647595 47.375936649454239 15.536067196875214 29.984837804356836 33.464730634278673 82.424398035150233 49.875728725964422 62.180161130296376 64.493085588452672 67.248285692368867 37.020049469370456 53.728890899419035 34.246215042874731 47.288539845365399 54.425707110958129 64.114106094879816 65.510406553872443 87.625584628619919 78.831643528947055 99.539691083492485 47.743911419468233 36.223937852799217 80.931712904667407 53.931574009615005 28.927213298907649 10.262615819696940 24.662633141769529 20.632889409463530 13.631553905779192 56.874218095159193 4.404837366744207 2.180325197856148 9.218884412233908 68.037438701511547 41.714210951601295 98.045748788927767 29.299998627595158 85.533524587518130 37.811958829585201 65.476677397025895 72.478355425999126 14.347309206679693 71.093669945431245 19.616537157426638 44.890098697027824 64.514202939387474 74.175349681383267 31.268954159256126 21.272089320683552 83.816748474205767 82.398153637119805 47.595727366423880 21.675870773039740 21.675870760313810 33.026933117739496 33.406931370044454 27.525148388352548 62.874383084032338 84.061887240721802 96.277486236983719 67.762455264347395 47.066393377723180 53.937817543783041 61.529979677051635 43.745663215120366 7.723087477854063 58.947155559231767
68.716979306206269 60.978589143708547 95.834064772058241 86.404556662892233 49.154848336809401 83.703713120026009 16.976035521816122 30.039335328402530 6.738238405696362 36.719447123268900 38.737765756561593 6.965061215928136 76.395365336113997 69.837993413712965 42.074526142475264 54.303830189359935 0.078435080966865 7.611803769670377 98.588558309729763 60.969809975623171 9.232985874653387 8.376578790455902 16.168591024006407 14.958451419340090 75.182416561672810 9.583193173134507 41.634550674688931 53.495407756379230 92.118705897075458 2.688639319426234 55.848977738598350 2.311951085619768 10.623993551323407 60.112198204530841 67.455028782263440 69.199818048640893 0.104663638102143 76.424511347170977 54.443594454404064 20.287363936635550 25.151295024869036 50.277520413424668 18.986801836834488 71.568372549692128 81.890008216405164 96.142829086359143 53.251636938825882 61.750161392545756 86.832384775644925 26.698384145225329 33.065445347687096 38.500781693449767 93.616359790074085 95.790069028282403 43.471906653031070 28.520758241007769 72.352135301345783 25.484374637097972 83.631028960226217 29.240044943046371 13.907197894492018 35.435955508754482 56.529620584690775 52.249547024526088 54.621891206125980 7.963055010972298 46.142336192500146 91.627674783702545 3.956764026738468 16.574932541647247 95.481639611636396 68.268675420932709 26.662127334809160 74.312561903600383 15.991943505257144 75.893712712633672 88.332009042866872 56.648554002055995 98.002013131242421 24.054076417131608 28.147428660881559 4.748856827412484 60.252624587622194 67.122970737551199 2.002833901147549 54.772726809664775 64.807872435708205 0.189501062627440 81.167274288975236 14.125790135365790 62.152734151925593 38.874676636889227 98.074301351543582 78.900707890290860 87.148735892074157 81.709698351891120 64.559223695584762 34.418617946438182 62.885833617094477 10.059182870489124 7.739843697173299 57.888084422317085 88.451031207806821 93.401548154399535 69.669540844583821 51.281714252702280 85.343909860760832 71.409898133260569 18.579836803762895 55.040457632005946 90.052330095969225 80.544096189861364 83.606116988102713 24.774617135461607 84.362199985386894 59.436726770230607 23.869942436748172 70.301139397445596 35.915384448144295 72.162460875883781 99.288471796298438 53.445249127756554 12.114250071347310 96.713912093268434 12.205819749085933 45.767441501211351 31.962167183943603 86.982983666300456 68.919501764138445 45.897260928215978 11.193206949957224 5.577595261909707 36.949725184453563 92.637691450839498 35.035981828027730 91.000419355860046 96.836047828419510 31.250366350087610 77.993843340212806 8.088401524226152 9.848112107026719 0.200705054405337 98.679338034747715 23.457002683258786 85.178320002050071 75.774931246272857 28.686635412871976 26.704370181032854 23.809665935117618 19.725973477793367 56.829607829819338 8.898497261918992 25.054496383479218 16.278560939662867 69.957408273914396 81.204292762234374 2.973241691408657 31.046349247730110 9.490302716491072 29.977917575362444 13.309344567312998 2.973241691408657 31.046349247730110 9.490302716491072 29.977917575362444 13.309344567312998 44.380565806122888 48.732108121002462 44.380565806122888 48.732108121002462 45.911520548929055 90.799331161347510 70.245270848679112 52.366571262599216 46.879317465714635 80.480286133456644 98.175919807280565 94.917773787938444 86.150784917778481 21.130604983836854 11.051217926462886 44.388686621891694 37.306849042402902 52.518875097731133 12.915957251830779 70.404294205798777 72.188485381200053 64.067276290124695 92.053230214787163 1.734883964670109 54.932624526682574 1.036141202104324 10.793179480770432 16.269025806026338 14.293898003980310 78.373488937863129 39.389391199456504 36.737962891002795 47.049793530558318 26.555785119965979
38.057235095167641 81.812815939551371 19.819472485208511 7.545733744386729 0.851035372439934 53.504374001545315 6.588241305589326 60.985161646671479 84.468431616360519 9.419803613074818 52.099306634927324 6.300918371673070 31.558553957524882 30.111123537079575 51.180041608675118 94.967047080376403 47.926728799147632 10.925566891236905 17.178872017860016 7.908964052605450 96.600471109842658 88.122900144179980 59.593537861921511 22.813236948509228 86.603216132324235 87.083524200430546 30.589166986198457 17.218797181964753 88.207350932502720 28.628033851749645 50.362576043175565 37.091332007453616 84.791137030165189 93.202397857934798 56.470556947869653 35.571974185456654 67.178550650917487 32.634455569602395 9.746330633342492 78.886171301032718 66.866872612303240 70.125138783620272 95.365383019056878 68.183681989460553 54.722459883612572 52.093652163824736 57.462046957589422 29.503895306399574 86.794823643983591 81.726366880688857 0.840508030523690 70.930896343675983 29.118258202583458 89.831821096372124 10.304618894794327 39.235392104154997 15.074230228964513 71.165577947792002 27.675627377478452 20.032057130273738 69.159780233375145 99.970686997173857 87.758321235219924 4.200203524631696 46.526777115990804 29.146203654590341 48.920528272123263 9.653386357850435 98.649654744431587 85.203965602808267 87.742927628250499 98.581356028924873 82.117676651533117 34.693801745103038 39.668149123691329 17.097357861482422 14.879356236212649 43.849265881300738 32.038212104045925 2.958496159199153 86.285636224107904 86.614034391442246 83.548894105822029 15.720147867959689 26.309394605628434 55.066465891577245 65.238378692197813 22.257562909921035 4.364628641551127 12.928096970134018 64.115566115177089 70.811917496238181 55.059840438410056 94.444504721468263 84.956560193730752 20.821347898679665 80.466611577231490 95.247020114168663 71.593256637920106 67.276166498327143 91.834323862028384 17.848263484801674 93.892022701807676 51.690964022333198 22.893878928673850 55.867850860011856 43.205746212877372 81.409880460962043 99.272857826779955 12.628405290450640 5.840094067425639 88.558332525156317 85.611333750343888 41.877565530622931 51.065078523353911 62.618057238333712 44.764385110261784 36.717697189575638 39.859760217334227 41.312246594123927 60.957553918755572 17.343491667563661 90.400585269822997 88.594531768591963 23.051778602739994 75.616965497388378 55.085636198931063 42.976442297876424 21.619253987431918 55.249406269906508 14.373622850190394 45.651333831023209 31.201577107031643 28.752593761981505 91.345074030716120 24.662107624137530 78.746516527621367 88.483383312806495 69.760178715790175 61.410799847814701 45.590613253580813 29.716397997843369 44.935163056212858 78.746516527621367 62.880966556463704 24.971084514666366 59.882514470843837 62.648241744745235 79.017873026990486 12.248108391835599 73.977510483094463 4.445684474306121 74.215766614154305 18.953681186699121 29.574641970658611 92.869949741335489 98.507000844747949 97.886107669640438 19.842095287400230 43.121065786018839 30.884446296316625 60.268999290444114 62.217038631369661 64.866787189597233 55.450503296161337 4.978942220072902 76.257726888186980 38.383007850620331 50.157645367569359 16.236718388979867 87.794423288391727 3.953939049789168 13.150530553717733 14.540539397340869 76.664580665815578 67.193603167235949 37.283387552968229 40.960830972404970 77.726106352422036 53.868626222939973 3.129576160647640 63.661266834132022 97.214026618776145 29.446273622761321 80.109860644733828 97.214026618776145 29.446273622761321 80.109860644733828 45.330347979674372 78.541818260289446 40.191040238514965 72.097354128941248 73.483735097378442 81.489646806883130 38.172365880300632 23.975337052868142 5.687084996139613 91.149482133036031 21.499985564620616 53.840255667725003
78.633230829748271 97.896739051368627 11.630817433129348 10.631188911030808 50.579855545995386 2.386191149391137 3.208054363829715 44.344562124757111 87.526661154354073 60.050691265300863 38.695891405802342 7.789750184694211 99.898886167233044 37.386124821214509 39.786659580157725 20.775678207289673 24.578395760226691 10.876129853613071 18.111333502836192 85.323982109893592 42.783162166274138 67.351400387482059 45.468485526229770 54.919370165215945 18.124793517553673 8.197823091731859 14.034113976525997 47.343659386761914 39.427212978093849 3.450537768499928 39.893153496232756 44.593836624686134 96.368008222421921 53.020023999975962 44.185163253332682 26.009553676308673 43.221957550897827 21.550402407529432 14.254825323387976 75.026366130421223 86.842715815876886 96.629073061015021 30.702568751304891 89.850744296343038 68.589357851384335 88.410834834034830 80.472528805013283 35.898471183187262 34.283948683910367 97.406686459441545 13.484071243035933 55.575657868482409 92.727546436587488 63.102932268779568 55.681999297903573 31.382550239153627 61.668787052995910 20.690516126450909 77.638237774148749 0.854178545470308 68.794647361150155 15.159668150639760 21.977040466797725 1.809642552923241 52.460439842269778 92.220500652033508 49.024147752153446 76.181313255732661 56.289527641662453 83.565625628943906 75.215446936758042 93.130646880097345 85.162008576309205 85.162008576309205 8.313441999050875 73.363221138576179 50.556549886438162 39.815265281240208 63.560480777089936 31.429115872758430 30.846146163507036 94.263836095948022 29.275321859041693 31.402253458469165 85.948352326894423 36.908896343539112 10.849463844957796 76.795697923661194 61.239043115535466 64.725892475931801 63.793533232955625 38.929794062830581 34.782665226927243 71.566628042994509 24.267030365196419 35.172170048551145 81.192394821788241 65.381697064604651 39.670613125532185 5.904075328792768 3.126406429282425 15.012467235946170 53.131550308577104 93.938190378866224 45.109808281830468 99.392611521591562 32.660122783920997 63.943735312525043 28.262321583709461 98.701194077075513 16.893200118289407 98.701194079894051 16.893200118289407 88.678525317194797 22.462469189365542 28.284894861790665 45.667987705798076 3.536470837753825 54.100981675038717 56.630043188114030 39.817604210768145 51.085552593627085 27.797353893186028 8.287316035945269 17.809853289600397 72.843335073739837 94.552647961868914 56.390552203264768 76.685907512108741 44.679314767383403 29.283337876209369 78.879564589851853 95.619731213200978 28.433823253425537 74.378499880981508 17.914923366275481 37.374413225792289 72.139170376093844 65.744886175522282 52.314132076019135 28.253540602620209 52.081088613746587 3.481422280221158 9.966530832557851 46.614751664561908 68.474819749804027 94.606406013668618 46.283688418656155 53.192678327365371 57.277691587676372 78.690829286852889 60.752703102755092 92.726435678877124 35.666189677461460 53.504382109057644 66.001043994368686 77.251870048493402 48.327385315847579 40.417319008197396 4.323727781871978 54.905203366816558 40.853189136178671 19.861869917272557 24.131420638579058 41.507824991611642 24.403786289775198 97.637192432420093 14.127713721141744 19.531240920715000 50.178478680398506 29.697070494904764 20.044052853273030 34.282348285539243 20.772695566866538 20.218984008217035 78.021251880755713 15.478389506107549 22.588648347990738 72.316214637583414 78.024887675837036 82.036329177986033 97.433771555370583 86.916649481005564 52.498455097451092 18.314165907710834 8.816184976808362 83.232862742076890 20.585523312615905 82.022309061926634 72.503019259556112 46.143127766551814 46.487816551570049 90.344735755441249 57.838046387998411 8.624251631706271 27.168952338499896 97.230221769677684 0.814026985747929 98.871320611819726 22.292809914749313
64.294224464092608 29.410201439218575 33.813138588222657 21.459427029031929 79.316466243886026 83.654907890718619 68.613551032132406 64.477067539863370 76.042221358284678 34.514227953745461 22.146871277269796 41.355560879519345 25.626063656372700 50.455280614353548 58.792986895225638 48.315926125484900 55.199698061719346 29.335007436145645 64.127888420907539 82.885195871621519 44.879094494012541 51.295498082232015 31.293142546836616 15.016580421713755 41.121952904681727 41.337254213811335 75.578978492431617 55.618023077629708 10.694960254219410 5.767034198698829 93.414020066313597 22.695907149315609 76.707543899721202 1.656928390574097 30.711539137145859 21.619926458323434 69.786364907475388 97.855405662374750 44.809274715225889 2.990632685478489 12.293494594317822 34.184320196221428 48.574931991651418 64.227474174914761 68.734887502786293 87.638452913981368 62.025472117155623 69.415702237288855 99.129859539773690 84.526216621931553 25.282957543313678 48.132877764953420 67.637475733480400 29.631520232911491 28.800284238708318 18.215164457632071 25.166797632252258 72.108106545918289 52.525628554850847 78.000390201109354 79.633934679978751 96.883402092369934 95.690533769254756 82.233820589269200 37.873794724737984 17.977928294142622 90.288823550975152 63.506434720523245 62.953070481871841 6.324390747792375 15.861581457275854 81.818988853731938 97.408893208159824 19.236935761963359 63.421082240368229 48.430119785527936 52.781720276467915 44.309241095406513 35.436301692319930 24.804201895747568 2.394151235292208 70.184064387898786 3.845942865686569 55.805757060205828 80.973492147055865 83.943151403793834 69.828360400573359 10.257039129394530 33.975972892628292 24.948095991453133 10.763830163030018 91.178087283926544 25.044854933571546 94.509180488981130 55.343550497848206 11.707994936368749 98.997106813024772 55.250511889384711 59.519376607418273 32.877412143818297 76.793073535864494 80.608463817689795 39.854060391288151 79.980259859282484 39.553119805462345 50.014645175753060 31.706857647466780 83.228409005848690 53.598824989782678 77.175275434366583 87.604033905577865 87.074879406326687 36.537446887082439 18.187003319102569 95.346667943045105 25.036335650045306 12.600762114039732 80.298341563858116 50.692142814372708 52.613256121385930 0.639323730852159 30.963193363855666 86.737226954156299 68.872294504826399 36.277283875238410 19.436194075160696 47.424746314019650 54.126170023503448 33.332655086524746 54.817211200326177 92.219366834403544 35.369742370287995 11.180902991619435 13.316124921561457 70.261439920866820 12.373147599055700 55.279711409663669 27.224200065886528 58.790594618312277 29.991856760037450 38.157657469767756 97.849246087768407 64.812768035352292 50.239572671701339 82.157428805350079 73.999677954020754 72.603297471338450 9.242327456290800 94.936410158961081 0.207110161735091 85.424461527765033 91.396629141655225 99.369088329636625 91.237011872222723 90.646496817671334 37.100268235072576 60.695558195946475 9.232953468732896 18.494076757109202 38.337408387167685 22.422192090417813 72.506672381688361 96.533435862681415 93.185283164601842 2.577266314378568 32.515768236637420 77.217090595009509 10.253596363909423 60.467916048344030 77.128213939388615 34.597990751352711 20.901013347960738 30.092028768232648 65.887324623068210 81.588528334866226 25.358840838381823 52.265809578919466 73.674943161992161 2.460112302193340 91.238486141187764 59.705531096796015 68.572682215480199 87.231560863588797 39.962013375102821 89.061154602332380 49.900218551240357 44.946581062856680 56.860617156033086 69.056782659428066 97.815456917606241 40.199484831660392 46.067316843424855 60.268942747969710 37.715247037418344 98.865968944645644 56.536938524745096 27.302948958393479 45.597536152138431 23.224657458938893 17.685195970032318
98.227402897554256 44.906543907971340 24.611374928902553 49.556405425179271 28.898325073829913 9.534546879632844 99.955186838673725 86.954312913227980 84.824569036497195 87.468234077011658 26.991857710770162 32.101988716330432 66.742683910906379 26.270888777849521 11.559157728548286 80.471519516229719 18.627479068752116 50.466102398072401 67.608164350958205 84.526592139510072 98.199207224276748 90.295534307706035 86.351062875321858 55.624763259103041 82.410470623563867 41.227509097249438 49.579911408848155 42.818372298489308 69.685882836473994 9.214697046550624 86.534642347960585 64.571610593330391 50.466627618143043 22.537940809945866 40.749198257940620 74.719871851204474 42.933711255018594 1.091420306725432 42.179336501582732 95.996158506843869 77.783898641684274 74.396963303201431 78.322191302613405 75.685263561349899 54.331334441767510 31.582965658413631 9.595498897407662 66.494496308367545 1.349770062131828 30.171898190702361 25.896863632144871 25.403612626831162 8.848157896476671 53.860893847618286 82.885478858432919 86.167360972313816 81.428918069188811 70.706983450231320 1.920656926717690 68.653049721965843 91.591284042032640 27.933059724202391 80.176544952334140 27.196997195007722 36.887329461089365 6.958642936086711 61.990473280766714 65.398279642616060 73.149169273336199 48.269387637223105 97.481959796399920 85.989365388358010 49.111820692549337 88.737491498198224 49.806339261724077 24.879916882720622 65.638713227113300 34.902460563909457 84.416695897513222 31.724550030844568 84.659273517443552 74.430443405529218 48.626261180016108 32.784673780670438 93.319057443003572 55.227037290856337 93.245448164351771 62.380695883528361 10.423435286453508 1.760270894924554 43.557294852232964 16.081329380257014 28.202797454440041 92.197090473754443 16.930278045648151 91.575053252420773 22.304501347525395 7.046925990941033 18.670950548713694 2.723912205014944 96.719194607882542 80.276155693605261 45.505045331725100 0.239166461532669 9.072260502767870 87.242420975780959 90.388211895703691 44.351371682475417 24.325085408836809 57.654164437080503 34.535361624189555 48.392412943269505 77.406944124755171 24.152465927689015 77.653562386140251 62.880080557595022 73.730468848549279 21.908447913446672 24.341624813637818 0.020816363169840 12.174848912356728 27.921822838743559 5.898984281457997 1.294923796132441 50.396348884162656 91.411573014125409 85.784641308558236 88.983402420407799 45.743849797424673 11.054341094939780 98.589283222298235 46.807560593938838 58.999230946703882 26.530431749339535 42.698334763938995 22.958386625946492 81.807486601818724 12.982406828019577 33.469052739175709 92.487556889526260 46.299095073249575 12.597281419400709 47.493737324733317 51.835906675431950 59.609512507055484 45.833458698993113 78.001737328077326 18.287315253849524 5.223162916887092 48.953507474831603 19.659763190751399 29.278443475551541 5.012563111534918 37.426975430108598 82.314923489676531 20.451565981496302 74.739815999866792 34.030983912808999 68.761300949132448 14.333194560637541 71.424872923731513 3.437620414201292 53.415655551815611 9.294381508344717 30.461734866765489 22.725334417764220 96.498744275341650 24.975028455243798 62.657508214350507 71.593515209848064 4.367608620719531 7.962118711275723 26.977028290623640 50.070130021134275 77.895943468951074 81.689321820151235 88.124292617390694 0.118004321453580 69.513832791233000 97.105296921533494 92.764040788692157 68.598456856122780 93.352607592696884 39.084159863957758 92.739423105290157 45.011351923762767 92.216124283354119 88.772488548550939 97.609465864954871 10.221410941963626 78.859331939537839 11.180604051210297 95.909130832388072 70.446319975121668 12.610862009024926 50.073627031036139 29.577421432036608 82.149452276216167 64.842918825680016 15.614269566473949
71.619206573462108 71.593515209848064 4.367608620719531 7.962118711275723 26.977028290623640 50.070130021134275 77.895943468951074 81.689321820151235 88.124292617390694 0.118004321453580 69.513832791233000 97.105296921533494 92.764040788692157 68.598456856122780 93.352607592696884 39.084159863957758 92.739423105290157 45.011351923762767 71.435300926882164 86.890194641240043 97.489037733152060 57.643061957381484 97.710649541923388 64.723267858826077 49.473357265549552 12.892018587137709 16.699158119947910 3.130934124450735 90.401830527142351 50.606771989277007 10.661211965972884 33.478444647544393 38.933736822764132 98.487999363712547 1.785118009806419 56.354125764876073 13.042804100349837 69.986332119853913 60.223411595827713 12.255715322444649 2.105613725960320 61.802465499504223 0.520661421087398 55.513092797667262 96.350882305596485 3.922568171455765 96.268586709476978 88.623116325144821 42.788824572469672 42.085474332075499 17.374910174208324 26.273457960517877 47.471549939815439 6.843256433109401 38.921862342188419 82.837729160489488 43.856420871228472 2.322732205316713 93.210988559763337 84.404508328893868 56.642636763299024 4.466891122630812 50.729625297954939 0.560855654118608 70.009519203745867 14.710372802244830 96.433044180791214 88.990346514805054 81.705979832072103 50.791543525434570 78.060110869236468 99.511936420372407 29.668776269355579 21.382514783815530 71.924001080085020 19.957855051971695 61.499786085713914 99.526896021222782 47.077704918722610 50.409827264780674 80.375197343840611 52.104670324758352 79.549475692429013 72.840736549453354 31.958135114144159 91.461283839294154 34.501893033575662 86.573238885688596 28.277902086524765 12.934947476118897 38.262350311671192 44.401781828084239 31.784336585619034 68.713171827192681 32.724898864430216 3.831182874663797 81.764740932716151 95.092675599822016 1.478688131165184 99.650514082509119 1.345921245998205 59.365619077909784 74.383723924356374 21.625388212354824 96.878139490181965 25.601927537845249 77.900784465386010 42.268877443635098 46.889180116698611 65.697955040178172 79.062339188209336 99.183026821674318 17.832924794948322 96.876857562025819 79.368270007682383 21.735187816584943 77.714477127585354 51.874214288474931 0.503145677987260 58.080962199235501 9.021995803389526 63.040216098861201 5.522933618418413 59.243212063235930 54.465950761417282 68.041160792040216 12.717233452806752 21.043582891191647 9.517746534988337 16.341370441916869 79.322025588803683 26.280853668649041 5.275746291778061 76.383913449663297 92.850740242521596 39.382360162891608 7.551571092779574 27.643335993386597 89.884411857843418 4.587309437599996 12.581531555555914 46.465992683074241 3.367004773627758 70.693131079957297 65.067067022570484 93.152579868224180 17.521204083810925 2.760778609431680 66.866366611233076 63.444008816541078 96.209009604756929 30.246923782303348 78.090444442038134 22.536087325322008 84.477947558823374 98.548145254864750 92.166464439921370 74.799224985389571 74.799224985389571 19.665745816737200 85.257640658441900 12.213075210584034 70.123493053842338 49.841043429205293 76.099104625156443 4.994233602533082 38.657382724139651 18.997951605276263 18.989904715787976 62.404222610934376 68.177277334765989 18.522019808946354 94.929651681614928 26.041083843991974 58.164309285123693 30.365480891349506 42.446063581320303 60.974778797486969 77.802383706752281 71.482164375504809 7.773049954487399 78.452411926881609 41.364081815008610 27.681424314760772 31.856642024943817 19.665745822011605 85.257640658441900 12.213075210584034 70.123493053842338 38.657382730417666 73.525361626336149 95.708360001505284 72.291469273238775 18.745111437775954 57.409246102568723 78.394324842879186 34.335108677577040 91.406360358129916 74.799224985389571 84.558899242974604
21.334283680516840 70.433660717991714 18.372804431603484 48.877467857068758 54.260108816944772 37.385826118988476 36.364754934085127 57.869359290656107 84.658734161965370 1.807236251886435 14.772847493691888 3.670983710081055 69.016936837758877 54.493948306635900 77.015113432781945 58.026438148995140 61.225822685937878 44.807712453717585 60.392194719229529 59.342396898505548 9.966701245780341 65.812727609531308 21.981499351660304 51.715586124675141 39.140658769526468 23.600794041689287 0.092536055794734 68.267788331865333 47.627556548770556 84.610623219027715 94.286567025860123 14.919059307211302 76.355291702759573 34.196309187609764 7.614210381425435 90.563050140670896 74.520808304407225 53.787534901045873 95.649474946107517 7.636183030645737 28.231338824246276 28.057673302600918 67.613146335194585 97.177208057863794 31.511507796326665 89.864094795193139 8.398170995321086 83.165272514868136 7.928742599595973 7.873888369868220 34.990468188776447 38.595666409259778 21.397266604450905 11.005412421840543 81.737618278479374 31.497626826835312 19.004911447505691 31.359807242843807 27.537101490116566 61.380804333297654 41.448325098774454 48.687388902896323 38.114267413764992 29.554787177870910 84.223697704687950 82.018888899856094 86.923054031817429 30.428294594337181 78.787811056430925 72.896660735319429 21.249939213081404 62.341893454049725 51.598003471140039 78.405744680511248 87.294685409507835 26.164777076912504 78.232981173639487 94.639679031912436 59.317544780564724 78.501629531907426 18.786294324148713 99.413473961204630 5.936133705922719 13.920750975573338 67.502313202431324 47.396955103256325 32.464773554445593 4.318022219398809 25.965818879578439 98.067992792631898 96.637038561034402 81.080345695713376 5.316193765551381 71.204984927211342 58.226857372369025 11.942053001420305 49.729414131613282 51.430659378045860 94.899534596769172 6.381422796665448 28.815382774438746 0.758727703129503 44.604768673369641 12.287577900599500 97.308926602562522 73.502243296254250 27.405198971189414 55.756577416961953 56.159561350257903 27.176304248706185 1.757541410135310 91.976112731011582 94.606502973394740 43.426714198054448 33.012130816248877 78.443576472275694 68.956983337229445 8.266058479792326 12.972902142087584 12.265870618840058 55.317000033717498 98.672600910019213 18.529712991266003 94.594846407453076 65.437307503639957 66.089967900110153 92.567130629416638 33.723443912758853 91.518608375624524 42.215775561301470 65.398454014249467 22.806778152375131 48.167309781862677 66.514040469333793 92.200579393664256 2.049881354217009 66.320101119446392 33.637455501337477 29.547003668800297 80.200377187095611 35.828125675211467 98.696767552861616 98.390504119029970 24.163894942076958 23.448527442336054 13.126395351458653 73.394008295952418 48.164270496731589 17.313369342579577 70.727381772344870 81.650458422588244 86.110673898759885 50.470597099444525 35.559833640734020 83.847952876413530 30.348857550365448 53.307738893954770 2.064178105327419 40.388466977352600 44.140619115412150 4.529471872977986 57.328530813945768 20.708741965294230 58.299848227822302 40.493284406440679 40.135376901543452 70.197871405363159 28.065559017362762 16.636653702958924 37.799256236119191 61.930351917864378 40.754775776338114 47.173216039915857 97.000226523595146 57.446403051464031 92.073643282114929 15.543986361346029 87.592566401989558 11.452608389377961 47.440986396358788 21.321791096496856 48.444526195154921 52.469694518319955 9.365354437885054 46.000862675307545 11.540996561441485 22.250176397924669 35.249161901534912 45.121478736118014 31.621392932583912 75.847583032663934 8.791627598442309 98.466225077282246 88.389518239394988 15.719224170889879 1.648805314749013 28.717719094354145 1.933697983172711 11.463355388640661 62.242315286090680
74.545689324223474 63.181450071559510 88.198893367831317 44.519293613718368 40.422691020585923 98.744199693070414 13.626975984056367 37.936190680223845 71.510442632440331 97.767925635156843 30.127229901171461 66.870437425628211 40.047254715419591 21.631425124011518 42.743772623922013 57.063310932311360 74.338917354158951 77.896884136641461 92.904041684641854 59.657211157487723 53.382738492127160 27.062721234612795 29.699197628770978 64.217432676452120 37.531551874465528 34.474560177946934 64.885372834506654 57.647566779578533 19.792411442687030 1.753812399383770 90.154086942442163 66.429039369010084 24.662885271347424 37.904404864201780 13.789580877071039 48.739014946325540 11.065894991978675 0.161367385232758 91.578512630750993 49.401109344979453 40.609143708871507 68.039473324668137 77.042277481453624 75.435297261469501 98.899765770491229 52.289311502510081 45.440151782135239 52.011187626095570 60.454566249583877 28.187037724698140 20.200353208554557 62.723180535859804 16.636653702958924 37.799256236119191 61.930351917864378 80.081935921190365 95.560464289370586 61.509483463776014 42.755846354785234 76.974023446188369 72.896460878869206 1.131474822863410 52.188357204741941 88.363573286798314 44.774992822169921 1.803769974536451 75.860715396940861 69.392881850029752 94.989732647463072 47.894590292895245 69.357324823160823 54.346852317758646 70.553953184740308 71.428071927426004 83.992022302711206 35.286231582020676 20.118322752590036 95.168040278463607 56.296627321472471 88.670529934202875 63.836803235529260 60.683153985362573 61.551280633358950 35.838902604432135 54.827089518860802 29.894491204478257 16.471050706410228 56.657615601964636 71.567987815250930 38.964218920738325 78.012615395792139 6.725543314542371 14.789834762386878 41.968540026078280 4.101670206866559 36.520509431966708 84.195786467421001 24.268107223489555 51.124896288508438 6.355688189250220 33.099559730956784 51.823891953963873 48.120297792359011 68.247289781288430 22.833712494529024 83.606649171216290 52.006617047159942 46.477067480342683 41.980887382201480 48.819577050288551 7.756120138092271 75.351982634913654 47.466361966804612 0.820642787170456 58.463287456194912 77.376800877344465 69.612288745079638 10.937381427306892 6.989891022679839 94.331466720948754 57.236002771711235 26.025586199503724 58.488407883197937 49.523564139974631 17.916712776175014 16.117748671302877 96.815594686517841 7.593661723667622 44.129518287696769 84.678102113974617 63.758001555185594 97.673864686894390 19.794667405086543 4.525340847320503 66.708707180297111 23.743156010677545 88.609599141787427 58.894288131913406 24.880715769263450 71.727300088380645 21.680580608676593 1.708354334034223 51.429361978063561 60.151108287630962 96.400394279328964 2.124213020401911 99.140620928411423 17.443448999213718 48.034827997143303 3.301900978073624 20.007311610763779 4.049270453302045 8.344822922017281 45.764689179381854 70.405033668445583 93.476071219030274 45.224914605236243 50.431624815839591 56.966613049693017 86.939730008997088 4.354118977233689 26.292137183119113 15.579946734958616 66.555525648351434 65.671233585392272 24.756414960112640 83.135491238852438 95.941696614757049 98.272654954194820 17.523491873223186 71.785665065373692 20.602099313546706 75.097500968156680 57.103356000929139 39.432948230088527 45.725194215222920 30.087736368769178 26.295746195872049 37.666719109890799 97.849530075485958 30.902469246165431 6.189667510063379 75.055056933586755 35.272238422696269 49.921847375633234 20.157118354722215 38.643504476914046 8.820288692602595 22.905916963284323 30.122869227697535 21.025114447388948 54.010214573188129 42.859974212942888 77.016769246031132 21.161952002428229 62.386967645418437 80.733632450949770 64.665094743845913 76.060375353476289 23.128412645361852
51.444798298466921 33.748512866097393 33.748512866097393 40.016045125098351 21.640447773833714 31.982263867063022 92.591628374183401 30.553122042311863 72.265203508366639 92.449586605356032 35.773467985978598 78.400904698751077 78.358016562895244 85.871988641796136 50.268246628492008 45.216432722589225 49.597716304905603 24.308579985091360 97.104862163851664 28.319538458200366 30.044628481211845 30.505671976002567 62.008301666190157 34.348838236627721 30.952820268746883 88.639683279799712 61.421798591690866 63.157968753338956 73.777793252191131 77.382770780170389 15.562040794822430 74.490396913554108 1.908365765763653 25.806044561336684 66.781452672960938 3.895411420791905 56.375112511673386 56.899508079830404 0.327526208896345 78.867599470974653 59.465988550848806 27.735579238015053 45.132253927704710 4.216237214246698 14.181715115154258 40.996659492127876 26.149240933080474 95.158267012699085 54.603164043179120 40.975417522092918 37.050166402092387 79.752685512826943 44.301894044132204 93.882420750678534 68.173099925095428 12.318366149075233 11.712281721869156 10.111705327159658 43.442159403197955 0.069244188790241 27.758613651520559 37.236648929900376 79.935136918367633 15.332402482414020 78.315170510189787 53.728971525140359 73.117890580864483 12.772636257247793 81.214947356407777 55.612700648043578 67.096185600099233 78.486136616867142 12.659243145728205 21.828885111993102 31.738030303379517 72.038020786174229 66.561012785243122 0.547149827612592 94.060704643378784 15.852625524904163 68.694223224157042 26.836399530437603 10.746318112621323 61.833295638932860 24.036503963035727 21.316057122990848 22.913587820001869 7.765730126135995 80.627173458176117 17.523491873223186 71.785665065373692 20.602099313546706 75.097500968156680 57.103356000929139 39.432948230088527 45.725194215222920 30.087736368769178 26.295746195872049 37.666719109890799 97.849530075485958 34.248180788772231 15.133239759579730 31.175439343824308 45.885220039320060 49.921847381966742 20.157118354722215 38.643504476914046 61.450426151483597 53.124550536453739 9.150116622617432 24.195685037545779 93.141918669754602 15.731127991720918 77.862440205105969 40.575686308823080 73.287901194811724 53.631507999529568 67.685669012305112 37.022699526944756 59.390011372695838 72.331400293117241 39.513024020541756 94.066380146553357 74.652472002888075 5.440648355073908 50.625481511796302 56.465869281172353 86.006937556402434 14.122040261361523 75.865327055030789 68.563224573043826 60.958829531472269 73.125668331190781 29.601104661748213 2.038361187246784 59.953210357118927 30.448152398955976 61.347065422958735 47.142958219156384 5.903570455830209 37.684997719924340 84.283072915821393 86.806863729107903 49.987589588422232 9.736632830711866 46.490765701429012 9.293267351525126 52.295194521049204 60.388830213056345 73.625803514328609 55.717568222981043 93.893419838177522 3.440597951809021 56.188772975421386 57.445153393810536 71.193739566006769 48.107700824180618 30.032807639992665 31.778639459207891 76.875458968306091 92.838437900400336 30.032807653148573 31.778639459207891 76.875458968306091 92.838437900400336 47.680245660555464 77.844317455610678 64.163335679917864 29.883484934656490 54.747594686822765 4.509440272838616 5.457896550477182 71.784388638985305 95.559374336554441 34.077292245560798 79.488199114117791 91.874804568831308 84.472628859871477 68.565788107734051 44.075786773016290 11.498718807084686 27.248233947206778 13.309070152033698 40.339624559817587 85.507633506514892 41.127771139961432 19.763339090802358 17.725142582559283 2.147869944045422 36.993563332413949 89.845119845413421 59.682866959887370 36.089410659829902 47.933624995976601 29.167295939421155 26.428714191389989 69.939539652237002 45.213866086227497 21.998677094315976 11.227241520686748
61.493726386243807 49.110260282829401 54.380388650144383 91.100477725391315 21.148133081030640 79.088406648224350 70.981334223524698 52.734140807006312 29.007422898258618 78.732339486972307 12.633061598504113 61.522454256601932 66.481051901565095 49.430795112069816 81.109677213128066 30.020502569054010 43.915627815752181 25.699278777108091 58.276102034906309 26.847984312191777 83.922914174837487 35.543530730056197 82.004863406650969 25.886674289426725 71.455400106170870 82.236900763471581 13.527615864553709 27.585690035372590 8.724375202442225 95.820575250139200 48.732732411118604 13.114634800914260 17.106683396491039 40.133956698255368 63.758673962948997 5.690952392488880 80.581828703974381 23.817721936945723 68.405879709173675 99.844597906523319 84.384189832929522 21.828958078674265 45.363974989722401 15.219851877547985 10.077195113211445 39.099783717767842 45.066848007102166 72.731620233939225 19.778456739736050 49.169405166397297 40.351153727072862 39.426242375115272 55.251764355401257 81.910902265592554 60.384926411418490 40.785936111501378 43.618074220036306 94.298632236186862 41.233917310656146 65.691939948953504 42.418120454521990 99.885775938083910 17.410622900925965 96.877009027652420 24.639610953011413 31.446868800399631 89.317826827605046 81.169961711166167 46.993947638764865 17.105604704987108 43.970000988140825 58.509254907822907 38.998542429010875 62.934577657521217 55.507393688810694 22.677949051068747 22.560247268083234 69.842468640495113 2.955439243991986 97.100992357661198 33.271072915190501 21.234913728502459 22.666511782461907 92.656748371987803 21.284656856989614 28.098640469040603 28.104187302372317 76.478758063434952 16.178698100997245 96.203742961142908 67.206987053206518 20.810269845780237 90.665071447532014 96.420306856689507 59.163720405234955 33.059577619372391 97.633494945394176 90.546591541440890 3.068200887213657 69.437076898711496 37.950128096168768 5.394909911010815 58.902044738450279 24.343816155752862 37.714742417146020 23.285131110232527 10.243173260933213 93.482834873985070 41.698264526651364 44.698913962123164 79.569459493976211 76.377033043956729 38.648229890026265 50.816241015507480 40.229209438442112 49.658406488770957 31.346436608621953 33.953562092618874 73.898239327640908 1.128423396441036 28.651497948798777 2.633346747169762 13.346849098870106 32.180686904613488 46.627049887827297 0.892055297955119 68.233223758549144 75.168453859481261 88.840882247127922 65.957382309819963 5.776021329888803 50.095591607668453 43.565121640460681 69.665087291730416 55.635687124414844 5.300394197123948 32.600359118880320 58.214380471379378 32.726170931745344 55.931828230017423 48.795672976981763 61.798471323957131 48.022696075168369 28.035023454509222 37.948349362996836 82.188498295867802 26.248956295017400 98.445514364172780 21.821094184824474 9.458877133631072 38.883263541004567 35.521804333591369 85.197079118806968 48.872538340522844 26.467342603100917 26.158219935793181 42.463283240470965 18.659199611290166 84.469669871340955 73.602441354346269 1.363323341264655 26.370280255899580 80.481782597203448 63.684976951593029 66.235021961828650 8.676128023842299 4.148438535021082 35.105796956215109 96.602498603653473 81.229659536345579 21.449831419909525 67.459213106683947 78.232054721460059 25.485912141598664 19.444667102172065 68.302745058745117 80.339611665608757 3.972071565725077 88.142165877445507 43.923954656980825 96.357644371091880 42.583240970477767 76.092717744185805 28.854114779045425 23.189261442696829 20.920099518421033 31.818178772014104 55.844963625217240 55.502041207357564 41.257740404712109 82.045344292678209 6.849473566080356 37.390613777249129 71.355666067543410 11.726268849271870 66.405852757735857 13.458662753957885 93.036197852499200 91.545295839445046 87.899926078149520
54.445995151556879 57.622632328112445 69.942864053600715 78.270728408357769 59.097759445138244 6.384967650198647 38.163469903487602 61.359199999482726 38.174942123989666 40.669678940655508 45.852110710757707 13.703111682703240 97.150398281005849 76.845091668036915 51.134200256924181 43.220152904553700 53.112565795685072 37.883232917785392 0.751361710711695 65.832052550622763 14.122847717996290 51.964703668711330 37.159999620261019 37.843781853806213 73.425598926003858 33.583166167986420 4.644978009410783 78.837493724144622 76.945883827380470 57.310273313259685 23.071913924896293 59.257861841511861 4.661885073094608 75.604327151979305 30.085752715080481 65.443465688307782 47.002221547453345 20.528329777461973 84.540400381323252 24.291403122324361 69.041023834317471 74.163698634614121 0.292663758050260 66.071165626122067 66.351556258538253 99.957640138552833 46.637033926498205 31.684535840383255 71.460750452573819 61.241111306053256 87.778491641874950 64.083832442239185 14.329547853407254 91.332037185150142 99.226607360998827 48.765717236931913 12.142006942883155 51.521141520996707 6.826689239634776 36.186101876785536 13.219470901061658 84.806562119046532 6.090695644409017 8.094642473635083 21.269360616416488 34.989277073302425 70.497395341071353 52.216534436252019 44.554074107169384 64.985154865245278 40.128160722870042 2.788471383344326 21.468444133014575 97.841754156049092 10.609526562454940 47.561011099774205 33.357346907543658 14.433504312619483 52.856199598863796 27.174645352749195 61.759630745051993 30.257889008874606 46.412017042262207 13.289095269739759 27.580085465391036 36.150648418403229 2.558039171903836 62.944205678881815 73.557115768995885 84.197880481620444 37.221115871716194 56.847686220293703 45.329088819775166 30.420302145087774 76.805279786921545 49.675226397463291 72.825949771862724 1.523943873078804 21.208923288043568 94.891186066678785 94.618453729776490 39.394501575005833 60.569141577574790 74.512331565284299 54.963642490333086 84.406304623307079 88.438383923923354 13.997815996498254 29.780904592054036 90.283429224133442 36.313372354149799 12.360339583517920 49.299940909316931 97.688061326992752 93.963693473284309 1.916151789764609 39.534453342142641 12.084236466917986 88.043212629037058 87.833995143743081 65.459869835276990 10.913664275100654 25.615609209850078 84.899874386753794 63.887355053959681 18.079911861801968 31.473861431103099 3.511616422160446 7.827945832586137 19.056060449203414 58.943498669954920 96.963726064572867 11.977398216113343 55.447156647101600 62.242363369773692 80.766008476505874 37.134036035288517 17.201681069163755 89.059429211731384 58.309592412366463 4.167261640455577 91.927999362812713 42.683507866183810 41.219008418146373 98.501850181214778 52.843303717307400 79.995423497845792 28.868361669943887 41.702954030241514 76.269611183686095 39.132284047000418 85.912409545300591 10.823147181198900 95.986402007073224 64.423736124651526 77.979813980689144 89.339382105386107 30.287553195797191 13.589379326291361 4.072162523198742 69.415094706181009 65.951740324606746 48.765680939671071 30.915769350774227 35.776713073955456 67.132588407691401 10.214780265303148 5.910128873736786 27.250268205143612 96.300883651163289 57.900552072150838 27.072956126852034 66.222857900601568 49.368251999844759 59.240873564415530 9.117952462284284 53.245799512733058 48.404832508025073 64.658823988379936 38.079189090704560 98.561898432516116 62.703318043209080 28.630923848280876 73.622119431249189 69.462423011884610 38.267464880454028 94.075537706942853 3.870388506421940 23.174522583281721 79.223448678858446 83.189920848163979 10.802807123959235 89.652942593511483 53.815145454686643 15.925422909376364 89.780944399265451 16.771944133376358 55.324571362046569 24.473968924728506 62.487846353249211
75.870684400300519 82.008791072531650 30.776291894458517 24.235919057142198 72.534548573734909 76.130820012260102 33.326035879412608 18.419350317633899 61.269568147386281 2.458747431987141 14.819881614531649 11.454781855815510 57.720348613843051 49.464157774424130 97.830377572154632 26.773816166651741 19.037461198721061 45.577054125148805 27.736026148773917 24.885350907647595 47.375936649454239 15.536067196875214 43.676270598076471 53.456919415263627 42.184972339874214 14.633331878547484 20.533152474598062 60.789052272330288 67.248285692368867 63.356820642254320 20.930206066400014 11.437274709866896 3.239863679578647 89.783115860639526 96.546245125148928 78.831643528947055 99.539691083492485 47.743911419468233 36.223937852799217 80.931712904667407 53.931574009615005 28.927213298907649 10.262615819696940 24.662633141769529 20.632889409463530 13.631553905779192 56.874218095159193 4.404837366744207 2.180325197856148 9.218884412233908 68.037438701511547 2.180325197856148 9.218884412233908 68.037438701511547 41.714210951601295 98.045748788927767 29.299998627595158 85.533524587518130 62.309450448838589 37.811958829585201 65.476677397025895 72.478355425999126 14.347309206679693 71.093669945431245 19.616537157426638 44.890098697027824 64.514202939387474 74.175349681383267 31.268954159256126 21.272089320683552 83.816748474205767 82.398153637119805 47.595727366423880 21.675870773039740 33.026933117739496 33.406931370044454 27.525148388352548 2.094521193654542 38.939838126039682 28.935201974600055 57.035153986950746 97.992066658977990 68.163234099528367 36.481434654895637 50.772231202928808 41.530357916780204 41.530357916780204 39.463287966261397 19.125078463904078 0.064728236512079 28.448894333261286 60.978589143708547 95.834064772058241 49.154848336809401 83.703713120026009 16.976035521816122 30.039335328402530 21.641233110118009 44.540756227616086 79.603677834090249 62.326781893372427 6.965061215928136 76.395365336113997 69.837993413712965 42.074526142475264 54.303830189359935 0.078435080966865 88.636090024045785 76.066301800536408 57.375353344071875 70.506709257228422 44.870478780048096 66.633485913034164 66.633485913034164 69.863223930630454 31.443732792880198 99.833563864611676 77.781446872627228 47.675409771529651 2.311951085619768 10.623993551323407 60.112198204530841 67.455028782263440 69.199818048640893 0.104663638102143 76.424511347170977 83.860059529609828 99.631397944211784 44.836884562456405 28.871844433943462 58.631480152618224 70.830145287767508 10.722779924083225 3.705881059461180 45.083271516894484 59.787725072082218 95.991441823239057 43.802275865586807 68.937639831216245 58.055408344049084 69.533277511547794 2.250882620800254 25.484374637097972 83.631028960226217 29.240044943046371 13.907197894492018 35.435955508754482 56.529620584690775 52.249547024526088 54.621891206125980 7.963055010972298 46.142336192500146 91.627674783702545 3.956764026738468 16.574932541647247 68.268675420932709 26.662127334809160 74.312561903600383 88.332009042866872 56.648554002055995 98.002013131242421 24.054076417131608 28.147428660881559 4.748856827412484 60.252624587622194 66.542115007715267 76.610302063680606 61.555481627855279 78.900707890290860 87.148735892074157 81.709698351891120 64.559223695584762 34.418617946438182 62.885833617094477 10.059182870489124 44.357217455860962 34.513977893925826 7.739843697173299 57.888084422317085 88.451031207806821 93.401548154399535 69.669540844583821 51.281714252702280 71.409898133260569 20.455304810823304 18.579836803762895 55.040457632005946 90.052330095969225 80.544096189861364 83.606116988102713 24.774617135461607 84.362199985386894 59.436726770230607 23.869942436748172 12.114250071347310 96.713912093268434 12.205819749085933 69.295911220365909 64.322198542246454 55.262691278933119
33.588960670629277 62.666243959432343 35.035981828027730 91.000419355860046 96.836047828419510 31.250366350087610 77.993843340212806 8.088401524226152 9.848112107026719 0.200705054405337 98.679338034747715 23.457002683258786 85.178320002050071 75.774931246272857 28.686635412871976 26.704370181032854 23.809665935117618 19.725973477793367 56.829607829819338 8.898497261918992 25.054496383479218 16.278560939662867 69.957408273914396 81.204292762234374 2.973241691408657 31.046349247730110 29.977917575362444 13.309344567312998 44.380565806122888 48.732108121002462 45.911520548929055 90.799331161347510 70.245270848679112 52.366571262599216 3.913326294678421 21.123563343065367 33.154449683124888 35.315680795324234 46.879317465714635 80.480286133456644 98.175919807280565 94.917773787938444 86.150784917778481 21.130604983836854 11.051217926462886 44.388686621891694 37.306849042402902 52.518875097731133 12.915957251830779 70.404294205798777 72.188485381200053 64.067276290124695 90.235573420065109 57.699606803606372 86.362924274127039 18.946865858131922 92.053230214787163 1.734883964670109 54.932624526682574 1.036141202104324 10.793179480770432 16.269025806026338 14.293898003980310 78.373488937863129 39.389391199456504 36.737962891002795 47.049793530558318 26.555785119965979 26.555785119965979 17.112777182131779 17.112777182131779 85.431833386846108 92.564655584209049 8.371339938461775 23.710369774765184 67.583060502315803 73.435668952046967 66.167919887498414 94.418299865354498 72.671767008472870 73.898451091533829 67.717198801821979 32.260337064141353 22.923819618304030 51.539053026148942 38.006044504660522 93.194008830322389 31.297892551924487 94.237629393489129 95.128650567608247 5.395459792127699 61.867753088725927 14.708670992382656 49.497205496974686 78.451940392235656 79.978102768246174 51.164342522305162 5.829257233971308 47.574508563663784 23.253377970081768 1.912922101940540 64.319766167266664 26.516174707467233 8.547459819437265 58.256487394969668 91.547682628270593 1.501269797672788 59.180247884221849 32.052627707910844 54.414304889820166 6.378905061624806 67.015461280986926 87.063228693500648 45.111776123739858 44.428167685411779 8.591046378581135 75.778224207724051 9.214202022964946 13.652375815994855 5.453411638410167 50.895101901624365 19.353408387997327 31.279988428224737 84.115096600987513 59.629649449807417 10.014192201432204 49.812466004719127 9.960580173998546 2.693451454002549 6.441257620476959 17.336424010828665 26.132951393387629 78.501423347716269 98.084775829421332 89.098411045409804 90.875548194468934 70.389217379908757 41.742329016010537 62.252457496180313 97.976999634126130 67.787862150974078 86.047059767177132 85.491636103684314 52.413283617783982 41.437843855150703 93.889985879426646 69.552373300841907 0.760398953254915 99.187526381577811 86.332591220842673 81.702958745912042 84.159180104746696 38.564739799298387 60.167620287923981 49.171800253075418 50.024323495690915 42.561007445780689 84.077935200322159 80.928092387046632 65.630589225281383 90.263790442753248 96.355180326465444 89.419483731981060 24.722599225832308 2.159148999228744 7.299883919784222 57.115650477339443 55.802501687687347 15.847846423039114 19.583704706899020 44.910013468748332 12.094719068507864 6.458643738877323 62.914751263464318 0.624393659344624 80.537124709773394 5.733705106721699 25.499350497160190 57.877236222917801 70.814216073270160 56.019564425792687 42.459166386935308 72.080924060374983 0.010334889967401 44.773784140816645 96.965368377257590 29.533664725843977 94.441636036293829 18.513634630425035 12.495715931899154 23.875467500991164 31.992065908699242 12.389380905282167 93.329303438194458 93.513845128554635 63.375721047183376 48.371961075516182 93.697334373291127 52.465924834771371 64.224046780444382
94.452897118297201 91.361316340374344 42.850058266021144 38.583447775027736 60.635644016548937 49.336190237733199 70.883872646659100 23.849640803547324 81.666807144384066 83.705319357158473 44.088231955287903 15.408030120676507 77.399107212092161 32.206707669405276 62.494945981902120 93.500311718247502 88.790791770301254 29.416817911006987 28.988989808534381 33.177242238664739 13.758026520028110 60.377089161113503 79.131001895367831 23.253749912213728 63.423870525722272 18.260338415935284 95.695121659421076 93.707989132540376 30.681369284075966 0.211611074968820 84.618158271120265 61.304141652206610 88.784101445389155 14.806274443000977 55.456542931515884 13.291604768598686 97.449731582397419 10.229652740937588 28.703340250923493 82.074038521003061 3.002665403260696 95.562857282552571 12.214368099108164 88.805956954557985 83.002032048657483 85.727050191858709 1.090260041949276 73.828079902077590 6.674182457447408 39.749293319620257 52.686792442685714 14.719605068275820 31.296449033135044 6.443342610323766 35.311446037855852 22.232748695950733 22.550724543479728 21.143917167788761 6.561448833553863 57.762420246513514 72.759850590684167 34.882386781715709 7.686585816613334 41.603915180989539 66.713758249347975 85.065164906998774 26.899813003814501 83.096325400292585 91.210201111616612 52.297312952615329 59.621752780909368 94.162551648330236 44.414141823608411 54.665731918915050 59.097329757993109 16.690150001093162 41.780524037524188 69.881393525651319 8.300426663219540 53.204447335361806 15.728673991017494 52.656968201360641 86.020900843355975 56.857487571432465 42.293300572077797 63.847998330383106 24.330871220609851 21.181483971180846 54.041085127792520 30.652287138613609 29.813395668398346 27.773297174543575 43.985415211845726 95.553388093632535 90.247287756502431 6.424011148785825 3.907379354638996 90.523772454301181 31.844773220324875 2.336353026321480 29.766351725014296 78.855761885859792 91.538054044046419 52.484249786240319 51.362608784056341 75.245157883432881 44.746729198036626 30.948568657711363 34.540837824738688 56.471100220404544 76.433777328234981 88.956208449556968 63.106117384301307 18.282136791732572 15.339666288601695 65.421820927635494 79.659753121695985 84.434954705532093 27.522040552586681 11.003330370638764 4.123072904642299 2.857840302137915 76.515270071447702 50.201596382065048 73.507428649251835 14.466916288885646 74.164594287349999 43.424643763361892 86.959182635839838 35.337700497353907 9.946726579769315 34.189733775592913 96.846788494991742 32.675470350700230 89.979906630711440 52.582707685351501 76.622277614879238 82.534004220893578 72.187685755843063 91.806826702010397 29.681604923245828 41.458810176649330 0.120583685317621 61.537315462068456 40.927902634395707 92.525250162016476 85.215309215853324 31.552923519766285 80.508887440916851 33.847990208248937 21.005738179283139 46.840756242544366 71.550864142760588 48.263278496188548 10.387004300174386 23.815483883197043 33.856998467808793 20.154235991928015 76.443366444464871 9.234115898445250 44.404668753307938 36.587459963064802 84.773102523875593 0.941555038247988 58.135733105073463 83.456776186608224 94.331728513207864 74.777837878256690 92.860761440876999 31.273420264241015 67.593692998899854 72.376375499645349 27.646281211124958 98.857859773266966 26.311472985318996 93.308696196539330 33.533987971653126 12.104630292752304 25.623029919047202 5.446861348652710 29.508918436006514 37.832034685768534 78.831991215711824 44.805084184205889 20.399735462729872 38.034214578632721 33.041525105148708 78.454856037817137 98.506883147262613 72.680463440453451 97.214848995425143 82.310315144222500 99.956936232830657 21.550112404811760 37.692561904978831 80.686624238301917 21.089146300512528 59.442311544198112 64.498794342495103 94.888603278709255
3.751280093073595 31.875787640104303 60.287349969575942 76.931076140360517 58.050542641848700 49.513574344833920 81.336468946230809 43.220757746082526 84.624832243187910 93.480671448121271 86.315658602567552 15.556994054219475 82.100384607613492 97.031834663475848 94.266895276518170 45.647877903903144 6.903211782789720 16.814906045851686 31.551203584627309 99.786697832520559 93.008095680152934 47.532375825683914 74.414452439958978 81.868881620092793 20.944301933263265 51.592040962959217 40.066793637174555 24.960495069212662 48.527580252870742 41.287797246764427 80.391523625580319 81.667909330655419 80.900499025264153 71.083888896070548 19.902964627879282 42.493683121273683 66.731072787823379 16.631508594063348 88.318961331679603 6.964116954291544 11.959956549827510 17.089964232216825 93.300020463772299 28.421083594991948 43.257634504378238 93.804857856947592 88.239142218269919 84.174963319504144 52.009280849508222 8.594540412733542 7.181442183720033 94.164321729697264 46.224835897605828 22.283078391507750 55.033524589729723 62.073593023758058 35.396286176000146 29.415441426562840 8.966448042330589 24.729901199657455 48.335847266821652 95.035078954436997 52.987121925574364 77.668987855971508 33.474208891101362 65.689053728482577 27.364418500885900 85.014392184085068 67.046200065715738 98.029520958402330 29.032127574272227 43.847853016937947 69.971897047009264 44.578430809036860 33.123831366927817 65.735715485425388 98.797556759928639 87.015992508783896 0.978249290204858 35.419260755773941 36.722189078203456 47.145420642377644 77.437486467882366 95.496975234649838 84.376412868468748 25.274016514671082 91.671455331305125 62.412995684645281 36.955296923818182 80.410010918147634 67.487444677400305 36.630250918425958 16.259341496901669 24.179807854978019 52.946402841885863 88.931427087869480 37.826778670887798 79.458464406018933 51.150203638020578 24.860291991320992 91.928921182680426 1.890752806669282 90.976159325043099 39.310091474769436 32.961777426842950 17.161065264693896 65.958437315362943 39.814628548062899 28.239593291635646 56.855580897491990 36.716037160272855 93.645178771520591 24.961280826868805 91.163493064357496 94.782661699715149 20.507011502562065 32.263033416035171 24.269799302897610 97.810139637132409 47.291175559953359 14.201772577304084 89.831227149774335 20.257975167243526 32.751143951711001 9.303292247894335 23.742456931160973 56.420857213721234 45.220662824308256 10.431494540589348 96.962583018441237 35.144097317813348 20.886683335297352 96.909094182350259 60.892185713239897 73.641737239264430 75.778607307926137 33.519042323632064 12.139481626393234 59.065464213732213 66.975277418278836 27.818546504387498 4.921599052668557 35.103237970245935 95.666565623205784 55.898944760860388 0.102827006490303 2.327956349402560 71.200667903659195 27.440572114578853 94.786226939371872 62.943226774698800 2.786517208620387 48.190481587900280 51.390580497715717 94.869951128226433 61.326630543262169 51.917223062853282 97.778157725206000 73.351138812727029 81.902060017045997 7.794325257942458 74.295939051094919 59.106413644526555 99.899103547274450 92.552104871615072 0.210953267008196 46.073670903351392 27.858584574928546 93.704295698898193 44.039147003751012 69.105602196822687 2.814361471250859 0.782658048142071 37.879305918487503 58.402090288500730 1.511654042624833 46.634686133738853 56.564207587523228 34.669445304505999 82.062343814845036 97.757523549793575 4.711575135834833 76.302661440519600 69.093778328056914 48.833341261925803 76.511448423897320 78.915649642235635 69.975417128311705 61.074064202465294 54.169911639210689 96.389905913101387 39.019511936007426 87.340149978145249 70.077058837332643 44.409333410831472 92.199445294319432 6.109525574382846 94.289635102541510 69.539633640978664 98.126003102229532
91.346628882713659 21.250751241951839 63.018674631860229 66.554791868277235 67.009548831727884 61.236225025866361 18.357156513886540 89.699850029940222 30.046346132628443 43.410501013098980 46.813796952932663 36.882251003696368 15.973567122375043 38.692944127576908 68.962866857670193 32.878665711760348 52.785102698193207 3.011109385227018 44.124797122852421 6.343816391131496 6.773941027375530 4.228181210405257 28.927626389822080 30.130003096357306 44.167218707622894 67.416265305110272 42.752548589897401 77.076477515911591 1.961684165707633 99.553879878299227 24.867535877521185 79.211236314345697 68.220908793499987 51.351235270556217 55.706867057532641 7.630884255004789 13.504094504121845 85.589100428340458 41.274930745962457 20.425168143865193 26.074709457683266 85.380817937006725 94.322983292482292 0.455322465995456 22.223920883823812 27.293589425020169 71.483091649321267 64.184280236098573 84.060690124489128 22.717077033498168 97.176691232758046 48.542525649412305 53.165507122646027 47.164748832122413 40.578647947848523 25.953214066525199 47.658993026536187 16.796824748326046 5.522861174523397 76.909040024641271 70.573260500461160 32.161733191380669 49.570749943475093 0.436755933254884 12.660691815306002 19.152441486941598 48.823261416390395 19.885892973603859 21.347172845677953 21.401596617122685 78.500081296770020 76.381228566344888 36.168182631431819 64.098525759599070 25.545647182559815 57.062938085643125 63.024753105822420 70.107622550637231 57.087781867369756 24.134496546166663 30.023076629780743 25.152091887647131 85.618155971552682 2.600000289778559 45.344112017905644 2.564683275410340 59.515486846679508 14.394937296036803 72.595365145221180 1.698748593822252 3.374747057262728 87.565583320760183 6.629154537307802 22.824493468853479 18.373986870202774 14.376972574366299 73.038080305553436 29.299261599689995 33.325921657736387 84.162433151079455 5.103054739964108 33.187035554441735 85.289835532330713 32.882865472531307 48.723088573809278 21.240318488084121 64.611369916203643 47.326532695628345 61.191885563995832 88.630070154364546 42.345108170691624 49.643258400247682 64.374945960444890 21.563441217517930 30.579348312245635 33.422943502825810 55.324236481823995 20.358521329960400 64.917730856853481 51.582776147985300 55.783507021690873 24.517880207547726 75.034365582107156 96.813872427552099 8.798439970316840 93.670991397584146 75.584334548657566 77.555354774429873 96.556176377474941 50.725317207041719 78.613230093300487 88.236990516909032 95.243801629673413 19.443005320319617 25.415350448836648 65.643379034596208 70.395680857962418 92.979941320336195 74.452375872726464 81.436610475459915 47.768323645736501 50.418906683602735 35.912051861125171 20.208089268389230 41.193682289912289 53.125309736189486 87.554419806637569 90.892463552146609 43.030995888596166 82.928062884650089 81.435473254159291 71.314586694893663 70.797177063186112 11.140309718421260 94.155502275061693 41.337692429019476 80.679511290069954 80.779035392374638 95.524927271299745 57.410829217330836 48.075695232685881 32.544467218998896 14.129475027101934 89.486309176821749 19.449359141872701 53.009594655764843 48.228312293943546 94.351018353646467 67.743193134676090 81.067348542323487 78.888358048980450 31.638981148600788 59.749206935588916 27.471318998790608 58.267875293978896 21.800294433331313 75.110782310417761 78.108469369108477 64.474325330103824 35.849588733734507 12.189324639658771 19.422330852384118 64.631251323234608 80.147891847548337 77.609562236802986 27.498172369081708 7.465660160560494 48.887414684206490 4.524556945330560 13.726615849772816 68.349191212496535 37.559991606384102 98.158571566133745 1.522462039048444 33.929657417629130 75.828422783140354 68.192273622822825 74.645996573018849 95.095055859686639 34.987704931557431
67.240445223283402 45.219807008293301 27.024903436413126 86.995376481140553 71.519015694087628 92.520723073738679 37.083362270658284 92.427022134138028 51.674490478895521 86.151748024913360 14.788755334971547 88.723483685641398 90.884405562456749 25.049254916752218 49.462838143749885 45.329518064140174 27.896024811019192 62.214669564687760 46.525449955241513 92.630720740564882 18.325977559666594 2.139464552299852 22.065917725440432 17.458829948520894 92.773448974373594 71.890456573283956 59.032465864855808 82.573966366625612 85.939778258373977 8.805515426162469 66.199663051940462 4.365699892614461 85.082812401925977 35.660055938440493 45.685490302397866 16.858650900050208 25.524000857517837 40.169164139942424 22.054204391248323 45.036857354350978 8.550555869430475 27.707880954903750 68.859822102678507 23.443294265532533 3.075757126287060 78.734324617180334 43.919039902213775 13.821585005631254 68.170238107743558 9.890653578582976 46.053201678289668 66.322880203652417 53.154886568595394 51.082948915653773 19.916138981231690 67.396971227566766 46.821621918346814 0.079522184159397 33.019992073012638 96.202756743712854 11.486043721065354 97.048721865063555 35.282436006734287 74.036103606627847 31.875719817197592 86.436804858798808 94.317344845010837 96.192461746489045 94.245863991208608 26.648402421915705 81.540675329118031 80.929486138612248 13.888071516193179 18.186426737564421 73.306603830955325 29.941555845199062 90.274527397769020 60.018595029851816 43.958313779516764 13.317509553018558 16.914129812355338 14.554384995533686 56.931726042834320 58.311880842035634 8.414641779218979 3.075276924551540 52.234607149901024 29.651129773378205 9.526538813302821 50.914155891302784 42.198143723333928 37.978241004287504 0.853842726124632 35.290368956018462 86.199357855483200 68.942467899342901 44.396023482788436 30.593771812383221 89.629264521405332 27.620986981302053 15.156542388745864 95.367915231619747 75.860003596216288 56.496970494065565 26.348671135762636 36.064233532028879 93.831919833198072 18.884988863923070 9.670636709559489 58.656582570249803 12.817726298754605 82.125977393375479 36.428498257414269 97.355204122957502 12.879508333679080 3.385103793321675 44.260994660037646 78.549284454228115 68.686591012700333 36.782253486749426 6.033939630866348 85.412618420852141 15.595427678190054 99.449925158990851 94.083207974359183 73.513163683979926 26.512665618712695 86.605841840906947 7.168334022378109 81.633520098759078 2.883320256533306 89.128045602635765 19.242079558334769 37.549938323567623 31.320073515328829 2.506021808325132 45.642087198716972 11.063472973685295 55.972256142124891 89.267339013649959 5.344535858834232 47.338138605029044 56.732130272862037 10.462443602833083 42.689186857028083 2.568847488529702 6.312772358974017 72.879617263483382 98.137627662330772 5.597371458452017 98.043162324975114 34.989609454159144 45.696925290210736 88.164959165849837 87.657276327474307 21.510044051722367 91.314431266665622 46.609659646669463 22.998038008015453 13.907352995266253 75.262878722421121 39.128896946239152 91.404549769916557 88.306519745244515 72.012109547444553 37.569765372960539 29.993364284541503 35.280712531976747 98.130806092324747 6.436747186494774 68.892680803080268 51.327916952907529 64.685215802451168 52.031545266136170 20.224854610739861 89.763367975061385 74.037189111919375 92.436678185674864 17.853161680098761 10.370593861951816 32.284834504396557 98.909802976072285 66.350610895446778 65.662092702723157 35.989568753545754 48.235286965725422 60.262700651366671 13.989057604395949 14.830582308955719 41.461893391012993 20.480857701678723 88.209124794641625 90.524800166924294 51.163513277168647 18.465769761946184 53.054794965917885 81.134839255958980 20.184680546281996 98.144101480044597 19.444583350055733
68.622361313943330 0.842091191518146 70.167693874636200 69.973736570768779 68.914919308213570 10.488557879567562 50.024161557506275 49.194232573206818 63.398557896783323 44.946775347102609 66.065595659683623 75.028188868211970 7.888051936543006 15.820034467345433 57.411331008781907 41.612277292610287 2.271077890946316 31.714850796163564 61.847798940483443 81.250174043436374 67.119515501409836 76.478786539925281 20.134874980133166 89.172361704659920 75.208464424137674 79.558718228160060 0.405103827608777 27.470557168584008 23.547513980592981 7.578860895444106 5.923301825967952 67.341694731429286 36.579609726237706 9.215315595916584 22.324382515826880 33.452678775990407 25.740419055160213 81.273462174015137 30.725628184158715 32.941316015459101 73.545092163311082 45.369701060691845 75.516188056823978 48.502436585901577 18.773050625420517 24.735904262724119 41.623986818945546 59.149403656412801 66.118845280358755 13.316057502118294 38.908948933619428 30.202764424024288 49.165508883148725 16.865068465001631 92.847963159043857 78.912526325715305 76.495745484990678 90.973510707103515 13.441762854288154 43.447233758362835 75.209751983755766 74.488647512437808 40.457886459501722 54.012415142310132 10.005580851757989 59.394526006110013 56.246892997474731 44.673436281865555 3.341001132363797 13.181784306381672 14.101660230547120 5.231937114063867 58.917478672730581 68.808195754669342 82.354482875207680 36.455616641751561 17.541061530496549 85.342642710944787 19.708688048729172 80.659130244888786 13.059210658207309 95.788366642153761 30.954763051387623 31.788675346069482 52.851782800783440 5.891187741475012 0.939219939442359 39.430641267123548 13.322992298211334 89.462229644503708 85.272361414809595 76.564284395409231 62.057122918154676 92.536251882071994 71.322957435973336 25.097225407051848 38.255639228260350 38.066989430214406 4.224613180944836 73.682998135779968 10.061666418779113 31.428702501073047 23.160813426051497 74.233814417754388 13.110247771217765 13.053579673332438 42.967978070738347 98.451238146978341 82.568513078826641 73.531189599922996 57.625456840287413 82.865450357756359 86.925430522996407 8.748933365130785 31.063278966385866 97.108861996081671 96.497425743278697 68.432525939302451 38.878530116056943 75.471044733413223 51.128686649832098 26.888357877396718 99.703120882697064 61.734590619396592 88.292825025215009 55.702118086532657 42.465940761366546 16.161126437344663 58.922387648842012 92.817986702660178 45.359837222690722 85.272541511924572 48.177237349977673 62.978269648789542 61.547861550076902 84.502709862738314 6.931661549555379 65.959771364790655 72.399636467303836 81.864238949032227 97.281101547358304 44.213187271827373 91.258226318792708 38.473393839548194 37.780888541734200 68.315820141382900 83.637279508230449 25.893365974635262 88.643158180251888 83.548361802217755 61.629464148284917 42.402611866568016 2.479384325504841 73.260777472657068 53.175834629747939 29.139854471133507 98.296004333787920 33.641007927471243 34.904960357636241 3.706303879022410 34.749987745263745 52.785259169048324 34.307713459472225 11.397168096830256 70.033523252591451 71.878748884508198 79.266689138623462 15.824095167651054 17.353883195266896 70.702100422423584 86.896605661350407 9.388496344646480 39.959839924109211 82.124389191682141 51.420443896949983 94.558289316288622 25.507083597956882 92.544392928256130 25.268348648840622 91.660739600973656 63.354420940911879 83.676219023941783 83.034877364146737 67.540847935616284 4.761497661524727 54.714123308158868 2.832363347440903 29.298876802041395 58.176371258622552 64.452451447927942 16.371115175328399 27.715222534763384 88.306960358643138 59.756990827166000 61.468858503133518 97.399082585512502 78.939386852301240 63.863520816594502 96.046385911608439 96.905059031838917
9.422839413468697 94.552647970525697 56.390552203264768 76.685907512108741 44.679314767383403 29.283337876209369 78.879564589851853 72.851291325178138 27.185262342564386 36.133398308717489 13.008600328788056 94.494417024043216 63.905040390599808 35.766338930525777 63.389981709517997 8.410018586326995 62.090513175299513 60.605869739580513 20.303460089472601 20.648207895471327 21.554182056360350 51.766936593750579 0.297122847613385 79.673012227499797 55.647909285443752 33.144112080757694 95.619731212020895 28.433823253425537 74.378499880981508 17.914923366275481 37.374413225792289 72.139170376093844 65.744886175522282 52.314132076019135 28.253540602620209 52.081088613746587 3.481422280221158 9.966530832557851 46.614751664561908 68.474819749804027 94.606406013668618 46.283688418656155 53.192678327365371 57.277691587676372 78.690829286852889 60.752703102755092 92.726435678877124 35.666189677461460 53.504382109057644 66.001043994368686 77.251870048493402 48.327385315847579 40.417319008197396 4.323727781871978 54.905203366816558 40.853189136178671 19.861869917272557 24.131420638579058 41.507824991611642 24.403786289775198 97.637192432420093 14.127713721141744 19.531240920715000 50.178478680398506 29.697070494904764 20.044052853273030 34.282348285539243 20.772695566866538 20.218984008217035 78.021251880755713 15.478389506107549 22.588648347990738 72.316214637583414 78.024887675837036 82.036329177986033 97.433771555370583 86.916649481005564 52.498455097451092 18.314165907710834 8.816184976808362 83.232862742076890 20.585523312615905 82.022309061926634 72.503019259556112 46.143127766551814 46.487816551570049 90.344735755441249 57.838046387998411 8.624251631706271 27.168952338499896 97.230221769677684 0.814026985747929 98.871320611819726 22.292809914749313 64.294224464092608 29.410201439218575 33.813138588222657 21.459427029031929 79.316466243886026 83.654907890718619 68.613551032132406 64.477067539863370 76.042221358284678 34.514227953745461 36.970721433600083 29.488827297171582 63.776751144136334 11.499469195344513 17.573553525096909 67.208623125274570 52.674828571407062 59.125725986961228 61.285180026251076 81.855867614986650 96.302621186340005 25.494560151084656 40.653456015942560 93.588408507613281 34.428566854981881 98.336232351167268 79.028951293806443 6.564652682457939 77.609226278557443 95.396886845403500 54.167739362026367 80.854158733202965 26.888669504276653 58.339316436148422 38.373917127760727 57.053241839016799 86.011094920832718 60.632173685551237 50.874018203307536 82.016609736890913 21.090459413149166 26.987663417445205 0.491406624831936 52.801291122330340 8.909855515758636 91.923832766321297 30.262478142820171 9.779049966513542 43.360187862060293 86.995829927446650 74.435157225757479 96.595171872139545 56.902124721405613 60.171270840582146 5.471308824264398 51.110390402326146 53.215683110556292 91.993331735025009 99.426731164318511 20.510460897802464 65.317240151969628 70.858449804772690 50.220749016117985 73.364526950584903 53.989532958746643 37.179906854421532 13.490227761084938 41.154855622207208 5.440871996626950 84.162175029435176 62.522969458001540 49.473180314613010 63.844148545133962 81.518449649521344 67.271798288148460 60.619278917649822 39.318665292790023 67.947513768733856 31.855443816342579 58.684822998365568 4.633371580018886 12.617244656005699 62.717670375596427 73.345600678391619 22.253275338860711 98.888957359089673 58.467138241522555 96.874413446156368 96.031031126501503 52.231878107727624 73.760547684804322 18.870182939404366 35.101184692252311 65.134420107468344 11.795715913564219 43.968716638854332 36.559818454352069 29.141605935574454 75.293848034397328 74.137384661798777 75.264541194728395 81.774262179419438 16.949336136138683 36.084511863054082 23.359895106833829 51.154032026059248
28.704537915767514 47.504500091649746 89.995492996832667 37.572185720749559 62.278447249669334 69.567036845875208 88.378409982001855 31.361228243307991 11.499287152210369 11.245416058701840 3.655529077645991 13.475077102103228 55.071812714756419 38.791126851646887 11.790806279047327 55.578789258062208 39.433824802991843 4.109483020294746 81.585569168337727 57.652862575658716 57.799117360515318 6.574325675251957 87.469162235664385 45.015935035442489 29.100947369160814 64.226366375740838 43.252053425021955 47.509666455826924 29.386292890892918 57.366299783311860 22.146871277269796 41.355560879519345 25.626063656372700 50.455280614353548 58.792986895225638 48.315926125484900 55.199698061719346 50.878439498672755 29.677147839408402 98.730898598030407 63.379343999686064 81.051641093106539 92.489612165955592 51.440866977475373 35.382050752287682 0.984121810259464 10.653106998148843 60.439825013425249 83.592929837100428 81.848859320681129 40.096437884684185 19.792884215449746 94.960889109012854 50.215955000439237 11.531948118798940 80.590587210332302 51.778417295184774 40.528865246874382 45.435739979998878 25.696327949085628 49.025412850192993 8.025780174891040 29.141605932850901 75.293848034397328 74.137384661798777 75.264541194728395 81.774262179419438 16.949336136138683 95.013497339364605 6.464682782232877 8.793334767107030 9.857573218176952 45.177964439980457 67.399404288357672 2.037636728840708 38.066624899219114 64.611852845096848 41.315822329715601 2.810833313286254 61.979762427227357 14.653339402701427 85.043668527058031 75.633263643699195 3.556486872050324 83.236527531776943 1.079174028163044 68.460295851761259 10.696793838072171 76.086092225152342 33.162966916574142 24.720956880855592 45.314116860792588 71.644918095146309 17.062413261157840 61.856363394620431 44.595527685565472 85.272641415276297 29.334952808300852 49.151311518071694 49.150748399657950 84.909658194238546 24.159208067766368 0.837186503969056 98.509223228719492 86.425809802136072 33.656685360287376 3.881473369154453 5.489760636486385 4.477604402213120 97.297110992943914 36.294928633168809 74.191056609426980 78.199185824671048 2.542769175114168 63.105932475321914 29.145505365800119 53.731453225570050 53.216993970546078 52.329955122299189 84.408561341377748 15.847019666168261 49.891483000184337 97.114310434549637 95.046557796084770 3.629720524524060 99.718968764886640 14.950039677717575 28.811227258505323 34.668952551945168 79.122933209992709 65.361277061041889 73.518009374710829 42.996280690943870 44.234041869929243 95.095619605933990 80.130704903692816 77.495359457040195 64.691700774231293 30.806383956398232 52.462533578345116 72.711656204259157 57.123229772377151 56.733961335832660 31.386488346847983 14.777702833537044 32.946502333146043 87.706182727775257 69.587390645018488 6.315248160865538 5.245123083503678 33.951868661356698 39.827846135160350 46.030159484028609 51.124041729497293 97.451396952452896 47.253474645438722 44.131091200669644 87.035010840555458 20.375266850938822 47.812581900891772 83.204678188723918 27.642908049087222 73.988282503095661 1.806133630754114 14.634506968349449 7.801839338868399 3.427216755910723 71.081162061237762 19.915156515908052 62.541369089206299 13.661174317302438 30.546424670862304 85.206393878887212 17.769138692538565 1.948065756275585 31.894198414662156 55.778265882980193 17.621381128202707 99.904680952189892 42.278949899478050 18.577219170127968 61.331564439248012 74.674976841307782 42.955382851053955 37.540202721958472 9.054370804045931 36.096596195153218 64.077966469182229 32.799604736295620 38.560668916246463 91.340349555449478 75.064597605229494 96.761064388161557 71.894925376528235 66.162364155219691 64.127888420907539 82.885195871621519 44.879094494012541 51.295498082232015 31.293142546836616
15.016580421713755 41.121952904681727 41.337254213811335 75.578978492431617 55.618023077629708 3.865540731673178 80.424269482193395 84.328844077330984 56.712770617982919 78.478790550681126 36.147871078688333 78.763357482918877 9.566995416345147 85.943492187320942 18.706263686583245 37.585886700249951 62.143282752399898 38.029683745006437 80.401643870728009 45.807633735036902 94.688778529997492 62.840510980524812 59.291945222796137 31.117174953137862 20.756497078023738 36.791343784146072 75.573719669649179 91.202595509860373 44.928127194779947 89.003593230742410 2.309016063343816 72.704666854293791 59.363165240132709 5.786901950532542 49.329688650720641 3.865540726496119 80.424269482193395 84.328844077330984 56.712770617982919 59.374951640575979 78.478790550681126 36.147871078688333 78.763357482918877 9.566995416345147 85.943492187320942 18.706263686583245 37.585886700249951 62.143282752399898 38.029683745006437 80.401643870728009 45.807633735036902 94.688778529997492 62.840510980524812 59.291945222796137 59.374951640575979 78.478790550681126 36.147871078688333 78.763357482918877 9.566995416345147 85.943492187320942 18.706263686583245 37.585886700249951 62.143282752399898 38.029683745006437 80.401643870728009 45.807633735036902 94.688778529997492 62.840510980524812 59.291945222796137 31.117174953137862 20.756497078023738 36.791343784146072 75.573719669649179 91.202595509860373 44.928127194779947 89.003593230742410 2.309016063343816 11.946865143169161 75.732845649328880 56.042691784838794 18.166973856797863 73.175632776197460 45.752873741550815 10.206251915145847 2.422527355027015 28.893237785192451 21.839829931576826 18.567180986483944 68.602998410775086 72.885490324676240 99.307977785178664 20.205061524971633 14.049787039037353 15.350235009747948 59.703557133746621 45.617052082772439 57.258043537103610 46.383578028155981 30.408348299140119 2.105179918894062 14.517791861622998 2.471033409464518 53.764023139128255 14.541844387964421 23.621062540974702 80.759914087591682 29.912285326269473 96.298010067726437 72.754058589036134 71.935261302870884 53.467418927352220 22.922027260190212 37.769904016662117 7.597581199820491 62.159511639944974 93.466161115592129 79.338309309787448 85.922197268588334 8.081755291968840 5.325177941316483 63.341239959046334 31.193362194593945 95.025054205573667 10.815014245842836 6.610041145517275 62.808123111661963 77.309929032024954 49.349446328318066 95.656440283274407 84.999814645631417 10.416311577855296 59.894715726835102 61.878329341479841 28.919042377013437 6.253160075464049 15.541734704805755 61.981731671422892 19.758812872089493 75.597664748305121 6.940083824208287 97.571648870001354 15.103577250980004 58.053642192541510 87.723424904571573 74.268350809579360 94.575306883237772 20.823398319821717 77.922104314332117 71.450680189258563 42.039753407049751 35.856156134869508 49.542939313247366 82.859371420586612 55.984781280653586 23.927291030118290 27.891870177974976 39.305923166643254 62.120206892013016 61.105055144139932 70.703508535145303 15.421101902238732 74.603189965063507 52.799957380102782 81.978997264974367 17.079027382319602 3.969252531436862 33.950558672058804 40.988984843806229 37.952118780692913 2.613702196239864 59.383215914764712 37.919787446322587 43.219908978189572 55.897408244897271 83.732816813332818 38.312189692696251 57.603077260224076 32.782584390197478 53.437392170388144 60.560218224233942 52.166528999571938 7.168951294210391 34.812869704216567 95.861075476947562 77.777048777042197 40.849854233816373 39.854060391288151 70.184064387898786 3.845942865686569 55.805757060205828 80.973492147055865 83.943151403793834 69.828360400573359 2.105179918894062 14.517791861622998 53.467418927352220 22.922027260190212 37.769904016662117 7.597581199820491 48.177840730855216
42.207741068074398 54.842580884727496 50.687919556372243 73.845978167386960 98.731226034574178 10.360350605152957 12.533764096915201 59.460024580984708 60.780917768508161 57.253013259453525 6.437973169375921 10.068458712042450 89.836219054138382 4.341357750149855 88.261588098179672 76.327650895176774 18.331345389743426 15.759577624969811 65.792444977857528 58.691513762216829 84.608139111796149 74.347932806194976 58.056652103920847 41.542914076752091 14.758566688181107 43.981098561417454 2.779069752864716 80.773849845302536 83.196851024815075 75.939334558001576 82.164764796334680 65.932420093313269 16.225305851939986 76.523117568080607 60.736565225181003 5.795396356368143 72.286776268336425 39.370956376122756 23.384602677677758 8.682886934919665 85.471853975701649 63.325874328923561 11.590253923744243 77.088744672561873 94.490027264078421 53.790502858625310 17.782012409664006 66.289493354128524 59.488843253009009 90.961616194181502 43.266806627731022 78.652694413446099 24.327149258547919 94.492738490615565 96.842096215493257 36.823558514278140 42.743693188596446 32.434055588027498 58.790594618312277 29.991856760037450 86.525184235130766 80.206383045849648 40.564355430579560 38.157657469767756 97.849246087768407 64.812768035352292 50.239572671701339 82.157428805350079 73.999677954020754 72.603297471338450 9.242327456290800 94.936410158961081 0.207110161735091 85.424461527765033 91.396629141655225 99.369088329636625 91.237011872222723 90.646496817671334 37.100268235072576 60.695558195946475 9.232953468732896 18.494076757109202 38.337408387167685 22.422192090417813 72.506672381688361 72.506672381688361 92.516745580530312 82.042325827103582 7.169102346083999 96.909509285351064 87.735516576802709 80.098547821933437 94.255300967499096 99.914820612397051 46.004268711061144 83.788411355583719 63.373787385600124 69.461671277618535 56.128850553031207 76.190254525866408 62.935974864521413 66.821264891874279 46.305971306265313 14.117589739116632 69.093559227754014 34.721205337254403 62.786228287004690 76.308848941903847 21.963178744807678 71.528654857631608 31.835008150482082 0.135864930495821 89.790034765794786 77.016621863618042 28.055249916679148 81.974310644608423 37.593907766933462 64.133527178270199 88.490656931030102 32.515768236637420 77.217090595009509 10.253596363909423 27.245833950328958 19.714219803545895 52.638089328489734 73.243709042905039 64.525235808933388 77.016621863574798 66.057042165948928 52.452362157526707 83.629180193160096 30.737890845177517 87.819635817309432 7.797713237254388 20.330034397573559 80.673340728620673 97.835023219817259 49.375498219676558 84.911184015277215 68.565460983772738 84.370407177398022 82.750883008026975 29.850411187135851 77.013507655377495 27.019832601278861 65.319203464684193 40.422669384944911 15.415164095411493 97.835023219817259 49.375498219676558 84.911184015277215 68.565460983772738 84.370407177398022 82.750883008026975 29.850411187135851 77.013507655377495 27.019832601278861 65.319203464684193 40.422669384944911 15.415164095411493 82.407671090605419 30.201929814391370 37.673292101718140 8.464686176729197 9.049677845778481 49.556405425179271 28.898325073829913 9.534546879632844 99.955186838673725 86.954312913227980 84.824569036497195 87.468234077011658 26.991857710770162 32.101988716330432 66.742683910906379 26.270888777849521 11.559157728548286 80.471519516229719 18.627479068752116 50.466102398072401 67.608164350958205 84.526592139510072 98.199207224276748 90.295534307706035 86.351062875321858 55.624763259103041 82.410470623563867 41.227509097249438 49.579911408848155 42.818372298489308 69.685882836473994 9.214697046550624 86.534642347960585 64.571610593330391 50.466627618143043 22.537940809945866 40.749198257940620 74.719871851204474 42.933711255018594 1.091420306725432
61.017504943596734 40.829875620329084 24.879916882720622 65.638713227113300 34.902460563909457 84.416695897513222 31.724550030844568 84.659273517443552 74.430443405529218 48.626261180016108 32.784673780670438 93.319057443003572 55.227037290856337 93.245448164351771 62.380695883528361 10.423435286453508 56.897916464503652 30.959371739671258 1.760270894924554 43.557294852232964 16.081329380257014 28.202797454440041 32.101988715848066 66.742683910906379 26.270888777849521 11.559157728548286 80.471519516229719 18.627479068752116 50.466102398072401 67.608164350958205 84.526592139510072 98.199207224276748 90.295534307706035 86.351062875321858 55.624763259103041 82.410470623563867 41.227509097249438 49.579911408848155 42.818372298489308 69.685882836473994 9.214697046550624 86.534642347960585 64.571610593330391 50.466627618143043 22.537940809945866 23.265962804685149 24.543050996430793 78.208680438703098 21.908447913446672 24.341624813637818 0.020816363169840 80.176544937378097 27.196997195007722 36.887329461089365 6.958642936086711 61.990473280766714 65.398279642616060 73.149169273336199 48.269387637223105 97.481959796399920 85.989365388358010 49.111820692549337 88.737491498198224 48.269387637223105 97.481959796399920 85.989365388358010 49.111820692549337 88.737491498198224 49.806339261724077 24.879916882720622 65.638713227113300 34.902460563909457 88.737491498198224 49.806339261724077 24.879916882720622 65.638713227113300 34.902460563909457 84.416695897513222 31.724550030844568 84.659273517443552 74.430443405529218 48.626261180016108 32.784673780670438 93.319057443003572 55.227037290856337 93.245448164351771 62.380695883528361 10.423435286453508 56.897916464503652 30.959371739671258 1.760270894924554 43.557294852232964 16.081329380257014 28.202797454440041 66.754119856103088 21.476126157968633 67.290256675887079 25.583145164517550 26.594714088574488 25.801648858692349 92.569768196381688 64.407867063665122 22.532062469069214 71.128505824180962 18.245613689580253 48.605645754591151 41.209509990079106 68.424174218043802 91.958602729031554 37.714476096134383 36.315106135495910 52.638803980480688 2.756818193075283 30.582901147544618 61.111044278424032 9.072260502767870 87.242420975780959 90.388211895703691 26.040532029907038 44.351371682475417 24.325085408836809 57.654164437080503 34.535361624189555 48.392412943269505 30.959371739671258 1.760270894924554 43.557294852232964 16.081329380257014 28.202797454440041 92.197090473754443 16.930278045648151 91.575053252420773 22.532062469069214 71.128505824180962 18.245613689580253 48.605645754591151 41.209509990079106 68.424174218043802 91.958602729031554 37.714476096134383 36.315106135495910 52.638803980480688 2.756818193075283 30.582901147544618 61.111044278424032 9.072260502767870 87.242420975780959 90.388211895703691 26.040532029907038 44.351371682475417 77.653562386140251 62.880080557595022 73.730468848549279 47.544750111304005 94.372923061765874 6.076561361995624 99.036123050456297 12.313336110678685 93.741687212978647 81.772736966143356 73.012021344703101 20.593010091065789 12.156094387225968 63.972421352556552 95.563416630742964 46.170998681700745 13.050575035904199 98.478357214134803 4.351111207898395 73.202586929819319 98.514687342813829 39.182675373386203 50.269388501614124 99.997432000692172 92.158020651445099 44.571650094844138 29.499858830550142 58.741601835434388 77.509871491059144 97.519135982027848 22.748181325711769 88.831485077305032 37.043761198089129 91.084979780276157 32.465277822179985 89.255446357643535 69.246075180616359 35.914242714378311 27.295136845039114 31.016445260323977 56.863248730783766 62.518063419835656 72.093652231568825 81.521996862151710 64.550818008578631 12.732727891059149 90.955432593473674 99.554633398721080 84.766292381482359 86.708739174223680
62.569557788654116 70.481448976988844 79.885774989096234 94.201577270187670 96.973247689440853 95.337871909318977 98.069079104533969 53.090002255787091 67.461099020960290 16.033059655756933 80.030090078472895 88.626764338879497 63.027920037890183 21.844488737099233 23.681583107222782 32.853535474707485 81.607145187087795 93.671504935175648 1.097989312359349 46.703461824751670 95.399602365625483 32.603762632399516 81.614262243315778 53.063119528372205 73.349818044567812 99.748224847290388 34.522217539823721 62.058870814725488 59.389118315986664 21.511160023904175 51.408367416202125 75.204582572604835 12.550592429606489 26.075316955038620 24.652639845604174 78.783121718915353 64.691934074114982 36.831289451712792 50.346890604933073 54.445894027990370 3.753725457123869 0.174036410523570 92.816544063397615 30.161111752747903 26.958662287335322 13.637294905118857 46.503777431716919 34.843024699137736 38.261521706869040 2.679824599105596 37.109497332606352 68.480202352609908 55.201032107206750 95.284725935499864 71.584757824986326 19.348279477891406 82.458763449868329 73.075200963994348 58.999230946703882 26.530431749339535 42.698334763938995 22.958386625946492 81.807486601818724 12.982406828019577 33.469052739175709 92.487556889526260 46.299095073249575 91.865148099187451 74.001673234740167 35.494424762739584 52.028158951043523 14.834521360515796 74.544169942987452 29.488371230543986 48.306278058289521 74.742168248540139 55.274554469118229 46.925652604084853 9.710031402829866 28.893298447416893 51.381920918112968 5.278468439276274 33.178498416505384 60.511988146466337 60.902916881588041 42.512773043083705 5.012563111534918 37.426975430108598 82.314923489676531 20.451565981496302 74.739815999866792 34.030983912808999 68.761300949132448 14.333194560637541 71.424872923731513 3.437620414201292 53.415655551815611 9.294381508344717 30.461734866765489 22.725334417764220 96.498744275341650 51.792140485230931 81.011538668368047 26.094037089581011 22.417979496378383 76.307731043218098 52.021401594868223 76.490105905227210 45.277210535764510 19.856334100869390 78.289212349974619 73.848185514999827 87.057234796514280 52.153918384601326 97.715250369072052 81.728603445624756 34.914496098244832 90.987915365639253 94.873267840333497 74.474095705772257 77.284497488251134 77.758844887767651 92.712210528173330 11.968001015595565 67.865458859201041 12.604159628773704 52.228163015686413 73.232860628445223 1.830456543364267 74.806824902780320 55.401019063953385 5.660371991371493 16.574439036346245 89.058863435691720 17.179803233978507 72.933352131140893 84.240446591810937 73.515785429260234 34.892193432012888 88.955501562782160 27.035002300295531 82.814731890914288 64.029500548540170 47.729532468211701 9.069269089864818 96.389967562178128 42.055894496278626 65.543107687586442 78.628502623913050 56.939145176535490 51.482150819458759 71.555619992615775 31.941516747801813 29.486814612749733 31.976020001493744 87.718059441911407 71.798900259744286 51.495352715245005 47.239521710895239 90.209712192898166 49.968753680096924 74.827326108163533 1.429839988268045 57.958149490905456 46.355860603394405 32.242909212854052 53.114361174582505 6.954477184591445 7.334380525479234 87.128009702797087 61.307779139079940 60.877384931084542 27.200489391441284 82.398087458426645 48.255231510263172 53.478375020819492 43.906019697364094 78.859331939537839 11.180604051210297 95.909130832388072 70.446319975121668 12.610862009024926 50.073627031036139 43.856420868683308 2.322732205316713 93.210988559763337 84.404508328893868 56.642636763299024 4.466891122630812 50.729625297954939 0.560855654118608 70.009519203745867 14.710372802244830 96.433044180791214 88.990346514805054 81.705979832072103 50.791543525434570 78.060110869236468 99.511936420372407 29.668776269355579
21.382514783815530 71.924001080085020 19.957855051971695 61.499786085713914 99.526896021222782 47.077704918722610 50.409827264780674 80.375197343840611 52.104670324758352 79.549475692429013 72.840736549453354 31.958135114144159 91.461283839294154 34.501893033575662 86.573238885688596 28.277902086524765 12.934947476118897 38.262350311671192 44.401781828084239 31.784336585619034 68.713171827192681 32.724898864430216 3.831182874663797 81.764740932716151 95.092675599822016 1.478688131165184 99.650514082509119 90.372773441896939 64.337867357556860 13.964088284754816 34.553872514434737 46.416233736403733 9.803426232972557 35.367902176078339 7.657687301194615 89.607150502707370 70.446319975121668 12.610862009024926 50.073627031036139 29.577421432036608 82.149452276216167 64.842918825680016 15.614269566473949 71.619206573462108 54.813760077065112 59.137257481076311 21.766921228971981 57.627228291236399 98.985868403740085 83.352004872715156 29.725542811410932 67.522641749490177 56.012782901841717 21.825429685876539 62.863795167021898 99.550274644716978 95.195388401473366 50.113465908540853 65.695148988913104 32.128632941317861 23.278265523049178 96.147399111960965 79.155049144630084 91.008326763346716 32.538970909571638 75.859266720200523 65.794081869656367 43.282024714982384 12.733042402274641 49.343914818931964 86.100735328222754 73.038465573597492 92.911728714310755 84.404508336932736 56.642636763299024 4.466891122630812 92.216124280991409 88.772488548550939 97.609465864954871 10.221410941963626 40.795281365614620 66.385308441005250 55.102062151233191 5.504773918257911 87.130826543564936 89.223143481535814 2.724265081265187 36.433856031247991 46.526852685940447 49.137152852480725 83.544419231242443 96.651980606728898 99.242158710741833 1.341486757250920 13.698857599025406 12.929554575147261 96.454074322141111 6.843256431827482 38.921862342188419 82.837729160489488 43.856420871228472 2.322732205316713 93.210988559763337 84.404508328893868 56.642636763299024 4.466891122630812 50.729625297954939 0.560855654118608 70.009519203745867 14.710372802244830 96.433044180791214 88.990346514805054 81.705979832072103 7.206584531883752 87.516153908294640 9.814004387567499 70.313080255775404 6.171429261824346 64.959021883053197 71.128695818818443 51.020081933321478 23.485738342885686 26.823940472219920 30.050452569192153 6.530506854704676 99.904600527208558 44.417148371286807 14.427858196490039 50.081908557761281 79.342319904779629 39.311394222963379 26.597759458710591 0.807017542622523 42.600849836792221 3.977086961162113 98.311702533693207 66.741866113824457 7.409976091268378 77.571769123097070 16.499587429643459 76.200801190750795 29.189122990318040 21.374902118125206 66.989989750638173 9.304667099213425 57.562316850643590 85.665153547051432 55.636004060759213 69.575533595949551 69.353499868924771 74.868748349167916 59.400107342841636 30.540310253579371 5.516412707534524 57.132554823330352 55.594091587442449 49.650729808094752 3.360689774726611 0.383354089862253 69.784269754477606 37.474051965928837 11.643646226005899 58.618288898304549 17.382003944148849 86.330579244341465 68.151208902204615 23.093514795619253 44.650003588611320 88.719157390700460 74.695767806310769 32.079037314251579 65.928723337245899 20.207306057699249 77.381570499628310 69.086046880818955 21.591013834235007 65.833538644770911 83.690232819520389 75.402187804701072 8.333275633099769 99.392259288822189 19.854021586831127 56.386989498590431 17.809251015848016 97.169137618526563 52.937518225681622 29.251639705517640 98.115181346282327 60.811023112586604 66.229634458726338 82.656703409145251 44.541417357369149 40.943731097713965 41.403795147219483 69.422705282633984 7.588871635289629 65.416977157664519 11.769671632977952 33.934950105608138 62.683085961399712
75.762391637117361 71.131645198892940 94.596767672545212 66.989989750638173 9.304667099213425 57.562316850643590 85.665153547051432 55.636004060759213 69.575533595949551 69.353499868924771 74.868748349167916 59.400107342841636 30.540310253579371 5.516412707534524 57.132554823330352 55.594091587442449 49.650729808094752 3.360689774726611 0.383354089862253 69.784269754477606 1.589860193323278 32.550746494158979 99.077939398940117 56.635200227250770 63.040216101334643 5.522933618418413 59.243212063235930 54.465950761417282 68.041160792040216 12.717233452806752 21.043582891191647 9.517746534988337 16.341370441916869 79.322025588803683 26.280853668649041 57.785629313582142 61.258110939372337 94.074139398701632 57.311999895670475 10.719355353477022 39.770166029586406 95.714519227844519 73.245115555410678 27.910264952330177 28.126697234315401 71.520124389118877 40.837346839971389 97.673218529986940 95.951215614231501 97.921632496941982 98.138882680710822 59.461519862369336 66.029550048368151 28.816188780309393 12.844162076854094 88.881107499756368 17.308121176584979 51.826592029946461 52.094966477508052 10.706559917230418 89.573354565756745 23.391902057745405 4.859620239146789 26.264299210349794 37.450592351665165 65.833538650222280 83.690232819520389 75.402187804701072 8.333275633099769 99.392259288822189 19.854021586831127 56.386989498590431 17.809251015848016 80.614246573830215 99.344041980287429 16.768624787511786 20.260106724238515 77.386364377409208 53.563793471716195 35.955427573008961 2.229756814361195 92.953155625901445 65.878334880785602 57.117572153947940 33.086096628457327 81.355135943935565 74.568862839991496 45.296659342933253 79.633784270361446 79.330771462558502 27.336479690731853 6.790979873861547 64.611788659546562 43.713954210477915 8.637558060903350 31.754333180679961 7.113446540158841 97.169137618526563 52.937518225681622 29.251639705517640 98.115181346282327 60.811023112586604 66.229634458726338 82.656703409145251 44.541417357369149 40.943731097713965 41.403795147219483 69.422705282633984 7.588871635289629 65.416977157664519 11.769671632977952 34.187450423934393 18.792298682831230 67.342994693278968 69.069584439517357 42.496805410875496 75.582936777236782 32.980907222677935 49.597518634099750 8.658783680351190 98.349458369913151 51.101701912581433 48.445135475126520 43.671127311407488 34.506171036431880 74.938093678128922 69.719274104774385 16.662828733543844 59.186936329088354 76.191345849910419 68.996895020310944 4.384195871353724 25.782778996029009 19.929303054195135 91.463887569517610 49.135252741396940 11.687162734057988 60.259689081815381 23.966061980059415 97.536221400677960 8.349451957202591 85.123263106749263 98.548145247331149 92.166464439921370 74.799224985389571 84.558899242974604 21.334283680516840 23.966061980059415 97.536221400677960 8.349451957202591 85.123263106749263 98.548145247331149 92.166464439921370 74.799224985389571 84.558899242974604 21.334283680516840 36.585876788933177 79.678269037674227 31.680911082416319 40.127191036964717 44.352349219941622 70.152636265639018 97.961971962781092 9.034354556110991 57.421801668690577 73.528044364606998 90.699372563340361 76.927937979445232 29.204596045195853 69.540875167519360 57.401527468667545 46.179069450329393 37.385826118988476 36.364754934085127 57.869359290656107 84.658734161965370 1.807236251886435 14.772847493691888 3.670983710081055 69.016936837758877 54.493948306635900 77.015113432781945 58.026438148995140 61.225822685937878 44.807712453717585 60.392194719229529 59.342396898505548 9.966701245780341 65.812727609531308 21.981499351660304 51.715586124675141 39.140658769526468 23.600794041689287 0.092536055794734 14.286346130165771 63.666729531987862 40.938804347051473 42.523229170561272 95.096529027212057 89.909636308112098
30.797309503284577 59.000755336835375 22.869926128009709 30.412984879570459 16.878106333083675 26.683548612371034 13.688533363756040 73.212247914956123 65.573047856206145 53.119177568863932 69.195729898781110 89.825050004188611 79.139350770093415 35.096820556097398 68.267788331865333 47.627556548770556 84.610623219027715 94.286567025860123 14.919059307211302 76.355291702759573 34.196309187609764 94.286567025860123 14.919059307211302 76.355291702759573 34.196309187609764 7.614210381425435 90.563050140670896 74.520808304407225 53.787534901045873 95.649474946107517 7.636183030645737 28.231338824246276 28.057673302600918 67.613146335194585 97.177208057863794 31.511507796326665 89.864094795193139 8.398170995321086 83.165272514868136 7.928742599595973 7.873888369868220 34.990468188776447 38.595666409259778 21.397266604450905 11.005412421840543 81.737618278479374 31.497626826835312 19.004911447505691 31.359807242843807 27.537101490116566 61.380804333297654 41.448325098774454 84.223697704687950 82.018888899856094 86.923054031817429 30.428294594337181 78.787811056430925 72.896660735319429 21.249939213081404 36.429399637472827 99.796135949402910 55.093070115400330 32.852596294563021 96.945870475253386 74.686996135294279 77.008724070643510 84.042566404067330 4.548272206091086 90.248894066754445 30.828282925856708 59.487224404257297 30.288487274278488 9.499936693938583 2.299502103850826 0.280230210597476 24.581734657503308 90.351623084306254 62.068098581693008 97.024967927156979 33.382501584085702 4.209930747145862 49.651473238160790 29.349264285979604 41.448325098774454 48.687388902896323 38.114267413764992 29.554787177870910 84.223697704687950 82.018888899856094 86.923054031817429 30.428294594337181 97.851209709637317 41.627695617858009 79.591144639991398 61.927471522809171 13.500074021230969 83.385332339819811 52.862391716294169 74.518057970196011 21.744965188032804 49.952026652844530 45.882277245132705 76.656242312568352 23.676773697722087 59.046953487510912 49.032017668791340 70.338857255423747 55.873125415390213 6.296410691782439 78.318411854902976 82.762100914310381 59.779240683586252 96.547138774214702 80.766927282303840 76.505397288725462 49.106640063891469 12.933174833137773 34.878245802937002 49.987807305752966 72.799761223915183 39.811996321323115 66.521080231673011 33.499441848137444 43.826065142905556 30.684563057870939 97.220644282526195 32.852596294563021 96.945870475253386 74.686996135294279 77.008724070643510 84.042566404067330 4.548272206091086 90.248894066754445 30.828282925856708 59.487224404257297 30.288487274278488 9.499936693938583 2.299502103850826 0.280230210597476 24.581734657503308 90.351623084306254 62.068098581693008 97.024967927156979 33.382501584085702 4.209930747145862 49.651473238160790 29.349264285979604 85.075356724870772 92.307563517909912 62.103630020202225 2.735535078299067 87.143523855401369 16.125736413538817 48.148521103939281 78.126794118429643 50.829788200195821 39.544697016253863 10.792478121816751 92.558912804363658 26.316087481317261 80.810097953828603 72.722235404975592 63.841295169702391 44.604768673369641 12.287577900599500 97.308926602562522 73.502243296254250 27.405198971189414 55.756577416961953 28.717719094354145 1.933697983172711 28.853682637362976 82.865825594653217 99.652394091782043 98.355316408468312 17.144744354937114 20.065589944632613 92.185045596241423 79.980481334065203 20.065589942533236 92.185045596241423 79.980481334065203 82.447796402994257 15.039146936226111 75.998467006614590 48.057574175948382 90.932678755502891 98.250360560211362 56.383476378584760 88.154574570414184 15.925912760161154 21.578348129674442 34.102862795103349 6.565397878047308 30.561102927457629 44.869806726681084 15.459981425063440 32.545057252673296 90.966072466191690 23.464446435413812
72.716791187062839 18.712792317419215 59.397111948608597 26.224847606080349 99.999928119233559 47.904310933138440 40.154320200076214 37.346985508124888 48.312741663531810 91.029269705653775 68.511415421173524 0.965403313883673 31.147970290585636 17.516607415936047 49.736548740946255 30.344250479965297 21.097986252577428 22.103417245316837 35.489827992672687 24.338610712051135 97.911839943260219 14.830206401321799 33.079260911535080 1.426392121402220 39.199184941106800 31.218748961313970 17.244268638121884 33.289492725930138 4.762938092577562 34.848390319416147 23.530971601185826 69.085901819184784 47.256016851551038 16.998420385131428 45.899811475975497 2.621644910644927 48.317118376196163 10.441013292175416 13.422544552032345 70.770821789177234 6.603430388846776 42.916280460254249 20.411926000406567 20.824355561092499 88.363573286798314 44.774992822169921 1.803769974536451 75.860715396940861 69.392881850029752 94.989732647463072 47.894590292895245 69.357324823160823 54.346852317758646 70.553953184740308 71.428071927426004 83.992022302711206 68.511415421173524 0.965403313883673 31.147970290585636 17.516607415936047 49.736548740946255 30.344250479965297 21.097986252577428 22.103417245316837 35.489827992672687 24.338610712051135 97.911839943260219 14.830206401321799 33.079260911535080 1.426392121402220 39.199184941106800 68.992496810974345 3.524225242159584 43.165652838812974 6.213521022695812 78.041137077358698 25.368126741778497 27.543328914926779 50.337840142934439 27.142386578683599 5.159915747155274 12.322092475819312 96.515645020363706 85.283069752404799 83.825763429383969 83.438365555448030 67.246508357628159 84.489799519678456 33.713683018654294 56.530196292311466 84.714021482929681 32.255156383995462 1.358164351383595 30.614169902589072 37.217096113420453 70.305095165507609 93.589289975298655 45.402631413305002 46.942371504252577 34.512111009092891 81.847401808268188 11.306295264494825 4.279700492172111 19.805575872475345 40.062853137006172 50.807234779065723 56.951978348677216 79.672896307755693 76.929984189520496 33.849986106588318 66.732468047617530 6.509375613335566 57.292520749307407 44.352989727409309 50.057326920570802 84.407383150034306 3.390357912488540 91.467033863602296 82.762100914310381 59.779240683586252 96.547138774214702 80.766927282303840 76.505397288725462 49.106640063891469 12.933174833137773 34.878245802937002 49.987807305752966 72.799761223915183 39.811996321323115 66.521080231673011 33.499441848137444 72.004143722942345 1.144960367469916 25.605456611101062 89.499395697071336 63.365204445370615 76.760264602134299 98.254746500225465 91.104092902929295 64.736069538470204 56.832239769056557 66.732468047617530 6.509375613335566 57.292520749307407 44.352989727409309 50.057326920570802 84.407383150034306 3.390357912488540 91.467033863602296 75.214770850333949 15.715669417465595 57.625720547460766 75.905225611419212 22.562959878884005 90.857252217015571 41.777013975453237 65.463707016998242 76.958855342790073 13.324643892698873 88.555112940445483 89.627720867239873 72.004143722942345 30.684563059708903 97.220644282526195 98.473264361583901 95.238861343069061 49.827042920108589 39.311407131865636 66.528555905617779 11.452608382523110 47.440986396358788 21.321791096496856 48.444526195154921 52.469694518319955 53.307738893954770 2.064178105327419 40.388466977352600 44.140619115412150 4.529471872977986 57.328530813945768 20.708741965294230 92.899616458513862 10.832904150810895 80.205173844581253 6.558996514218896 6.389010137350859 63.460667579804898 73.626493581216295 10.877480310355169 44.171985921268053 58.299848231776672 40.493284406440679 40.135376901543452 70.197871405363159 28.065559017362762 16.636653702958924 76.760264602134299 98.254746500225465 91.104092902929295 64.736069538470204
56.832239769056557 15.185213192263912 38.581244261179762 23.432928497710549 78.872662805253697 20.253745409996803 71.451281940581651 69.253571963762866 86.273575920516748 16.998420385131428 81.880245442020311 52.944840059126676 62.723180535859804 26.994707190505483 80.081935904557113 95.560464289370586 61.509483463776014 42.755846354785234 76.974023446188369 72.896460878869206 1.131474822863410 52.188357204741941 88.363573286798314 44.774992822169921 1.803769974536451 75.860715396940861 69.392881850029752 94.989732647463072 47.894590292895245 69.357324823160823 54.346852317758646 70.553953184740308 71.428071927426004 83.992022302711206 35.286231582020676 20.118322752590036 95.168040278463607 56.296627321472471 88.670529934202875 63.836803235529260 60.683153985362573 52.469694518319955 9.365354437885054 46.000862675307545 11.540996561441485 22.250176397924669 35.249161901534912 45.121478736118014 31.621392932583912 75.847583032663934 8.791627598442309 98.466225077282246 88.389518239394988 15.719224170889879 1.648805314749013 28.717719094354145 1.933697983172711 78.501629531907426 18.786294324148713 99.413473961204630 5.936133705922719 13.920750975573338 67.502313202431324 47.396955103256325 32.464773554445593 4.318022219398809 25.965818879578439 98.067992792631898 96.637038561034402 81.080345695713376 5.316193765551381 71.204984927211342 58.226857372369025 11.942053001420305 49.729414131613282 51.430659378045860 67.502313202431324 47.396955103256325 32.464773554445593 4.318022219398809 71.510442632440331 97.767925635156843 30.127229901171461 66.870437425628211 40.047254715419591 21.631425124011518 42.743772623922013 57.063310932311360 74.338917354158951 77.896884136641461 92.904041684641854 59.657211157487723 53.382738492127160 27.062721234612795 29.699197628770978 64.217432676452120 50.140810564383152 81.024684640998885 21.069771069069553 76.637449434351382 81.080345715160888 5.316193765551381 71.204984927211342 58.226857372369025 11.942053001420305 49.729414131613282 51.430659378045860 94.899534596769172 6.381422796665448 28.815382774438746 0.758727703129503 44.604768673369641 12.287577900599500 97.308926602562522 73.502243296254250 14.789643704400968 79.777510281761877 7.029270929437503 78.755539346385746 0.353377391343046 83.790962206668368 17.695617654064087 72.873239315764465 97.469427329946427 43.556561531522696 38.572561865793652 60.709039234601839 70.535551669138513 77.896884136641461 92.904041684641854 59.657211157487723 53.382738492127160 27.062721234612795 29.699197628770978 64.217432676452120 37.531551874465528 34.474560177946934 64.885372834506654 57.647566779578533 19.792411442687030 1.753812399383770 90.154086942442163 50.251528991990448 45.013909376412329 50.187291462670515 58.265154621175363 86.097458414089857 53.443744877824926 82.809261883067038 31.908547445589942 55.429673799348699 48.602581417061188 98.395585111303660 62.549420273510826 25.497075950150272 28.393329591005269 21.385522819151571 60.039442148249499 33.891539626660204 66.869461546682174 37.839271823102159 4.140668284091631 40.043917763436646 42.494498081457486 97.816503887187068 69.685895127874957 25.646641762867372 47.769022148244446 30.058003207411211 9.972784580867899 72.557777020085439 94.656853382866956 49.928863067577666 13.529577071645605 51.223416291212452 52.363604609016413 92.660255590948310 81.066860025548522 16.715696760789356 15.456657728188395 49.111514585861435 69.591414839962326 99.855229585442984 87.147291412577317 34.474560177946934 64.885372834506654 57.647566779578533 19.792411442687030 1.753812399383770 90.154086942442163 66.429039369010084 24.662885271347424 37.904404864201780 13.789580877071039 48.739014946325540 11.065894991978675 0.161367385232758 91.578512630750993 49.401109344979453 40.609143708871507
68.039473324668137 77.042277481453624 68.039473309658902 77.042277481453624 75.435297261469501 98.899765770491229 52.289311502510081 45.440151782135239 52.011187626095570 60.454566249583877 28.187037724698140 20.200353208554557 4.191906243600851 48.881364479532586 53.468332535849505 19.159853917871128 9.948338556141644 43.927809832923423 28.424277382606491 31.694546593737428 51.706727427921869 38.153233484008950 40.745290726320768 49.782291446777052 73.242994428227846 55.500520079701147 3.305400209981979 25.887657338843784 62.592359898644631 73.625340337056997 82.241501276690627 4.191906242796383 48.881364479532586 53.468332535849505 19.159853917871128 9.948338556141644 35.828125667132745 98.696767552861616 98.390504119029970 24.163894942076958 23.448527442336054 13.126395351458653 48.317118374041357 10.441013292175416 13.422544552032345 70.770821789177234 6.603430388846776 42.916280460254249 68.886677426512819 60.445742652028898 26.332661742607932 24.497997307262466 49.854594117115148 50.140810558752847 81.024684640998885 21.069771069069553 76.637449434351382 63.304178112882589 53.524750226152726 45.315193168203649 31.974683318833552 44.630394822581188 15.047244930506698 43.861177909186111 72.746924412270587 20.411926000406567 20.824355561092499 86.390374986523895 77.785185000083985 85.264306157789377 47.194890971454583 10.565271545562716 18.371540362909180 53.793802451069247 14.789643704400968 79.777510281761877 7.029270929437503 78.755539346385746 0.353377391343046 83.790962206668368 17.695617654064087 72.873239315764465 97.469427329946427 43.556561531522696 38.572561865793652 60.709039234601839 70.535551669138513 16.403197020088523 56.457980374422775 93.712393760937161 91.962974251206930 51.268788578016746 10.268774528113955 18.519495246660355 93.148054970336759 42.056956014597461 63.614445772598735 35.541531313671939 36.953350028213940 5.714074640478028 7.524062990060065 81.024684651630537 21.069771069069553 76.637449434351382 63.304178112882589 53.524750226152726 45.315193168203649 31.974683318833552 44.630394822581188 15.047244930506698 43.861177909186111 72.746924412270587 20.411926000406567 20.824355561092499 86.390374986523895 77.785185000083985 85.264306157789377 47.194890971454583 10.565271545562716 18.371540362909180 53.793802451069247 14.789643704400968 79.777510281761877 7.029270929437503 78.755539346385746 0.353377391343046 83.790962206668368 15.047244930506698 43.861177909186111 72.746924412270587 20.411926000406567 20.824355561092499 86.390374986523895 77.785185000083985 85.264306157789377 47.194890971454583 10.565271545562716 18.371540362909180 53.793802451069247 14.789643704400968 14.789643704400968 79.777510281761877 7.029270929437503 78.755539346385746 0.353377391343046 83.790962206668368 17.695617654064087 72.873239315764465 97.469427329946427 43.556561531522696 38.572561865793652 60.709039234601839 70.535551669138513 16.403197020088523 56.457980374422775 93.712393760937161 91.962974251206930 51.268788578016746 10.268774528113955 18.519495246660355 93.148054970336759 42.056956014597461 63.614445772598735 35.541531313671939 36.953350028213940 5.714074640478028 7.524062990060065 32.595428393098139 41.004223772515694 37.298607281051410 59.825952718354948 34.160937012548622 27.348467035538636 81.550664049414820 35.006692465370328 97.469427329946427 43.556561531522696 38.572561865793652 60.709039234601839 70.535551669138513 16.403197020088523 56.457980374422775 93.712393760937161 91.962974251206930 51.268788578016746 10.268774528113955 18.519495246660355 93.148054970336759 42.056956014597461 63.614445772598735 35.541531313671939 36.953350028213940 5.714074640478028 44.301894044132204 12.318366159097305 11.712281721869156 10.111705327159658 43.442159403197955 0.069244188790241 27.758613651520559
37.236648929900376 79.935136918367633 15.332402482414020 78.315170510189787 53.728971525140359 73.117890580864483 12.772636257247793 81.214947356407777 55.612700648043578 67.096185600099233 52.006617039170223 46.477067480342683 41.980887382201480 48.819577050288551 7.756120138092271 75.351982634913654 47.466361966804612 18.519495246660355 93.148054970336759 42.056956014597461 63.614445772598735 35.541531313671939 69.561313918982520 15.836017386777668 33.091320785950714 7.524062990060065 32.595428393098139 41.004223772515694 37.298607281051410 59.825952718354948 34.160937012548622 27.348467035538636 81.550664049414820 35.006692465370328 55.594828433822570 0.320090506103088 37.022699526944756 50.251528977946037 45.013909376412329 50.187291462670515 50.187291462670515 58.265154621175363 86.097458414089857 53.443744877824926 82.809261883067038 31.908547445589942 55.429673799348699 48.602581417061188 98.395585111303660 62.549420273510826 25.497075950150272 28.393329591005269 21.385522819151571 60.039442148249499 33.891539626660204 66.869461546682174 37.839271823102159 4.140668284091631 40.043917763436646 42.494498081457486 97.816503887187068 69.685895127874957 25.646641762867372 47.769022148244446 30.058003207411211 9.972784580867899 72.557777020085439 94.656853382866956 49.928863067577666 34.929637133942293 3.074456293519900 89.382474850840694 74.292523259163318 85.424540638137586 61.353518255239834 62.657486923075702 59.256984414570034 83.493033061845324 23.335127570671744 76.006789192677317 42.197809347142524 94.645729922434754 46.192648315365162 41.785660763509824 51.993042545861144 55.282315156157111 69.950962224280630 33.682324975068198 64.113576142673139 17.559752748518619 96.635439034055921 85.304985137253126 85.855574404172700 48.167598142660616 76.330722035911990 15.784868178215072 47.275028756894052 30.505671964503033 92.660255599019365 81.066860025548522 16.715696760789356 15.456657728188395 49.111514585861435 69.591414839962326 99.855229585442984 87.147291412577317 46.007758074502256 56.375112511673386 56.899508079830404 0.327526208896345 78.867599470974653 13.529577071360787 51.223416291212452 52.363604609016413 92.660255590948310 81.066860025548522 16.715696760789356 15.456657728188395 49.111514585861435 45.224914605236243 50.431624815839591 48.193089309687529 97.319437249966185 8.583138341344398 42.133069623441578 25.585184172078712 38.772380481383919 58.832475581927255 3.014818946478448 64.151680169780562 92.471997701057433 45.186562773710584 1.257091986955605 15.608161726631453 82.027201028668117 85.198240842218667 71.878213299404038 25.619315628123985 31.738030303379517 72.038020786174229 66.561012785243122 0.547149827612592 94.060704643378784 15.852625524904163 68.694223224157042 26.836399530437603 10.746318112621323 61.833295638932860 24.036503963035727 21.316057122990848 19.888973124542265 7.765730126937010 95.941696614757049 98.272654954194820 17.523491873223186 71.785665065373692 20.602099313546706 75.097500968156680 57.103356000929139 39.432948230088527 45.725194215222920 30.087736368769178 26.295746195872049 75.055056933586755 35.272238422696269 49.921847375633234 20.157118354722215 38.643504476914046 61.450426151483597 61.450426151483597 53.124550536453739 9.150116622617432 24.195685037545779 93.141918669754602 94.645729929588612 51.993042540299442 55.282315156157111 69.950962224280630 33.682324975068198 64.113576142673139 64.113576146944794 17.559752748518619 76.060375353476289 23.128412645361852 51.444798298466921 98.723803733537252 64.281107180856537 57.948597039974622 17.061383062601298 58.997902478640427 96.635439034055921 85.304985137253126 85.855574404172700 48.167598142660616 76.330722035911990 15.784868178215072 47.275028756894052 79.434754357217955 36.789065653110306 81.910393052270706
73.233799458096925 14.537789726386031 12.811166301518595 77.380718887183292 89.210376903218673 74.696282454248930 72.780220554532193 9.774223602274901 52.760891563838896 30.059753731337459 9.739061800252180 56.766160942330359 45.957621932936689 61.359393609775012 55.792682095640224 41.863031126635029 50.206069340665728 62.891264390076039 14.259292610859397 47.367742481905083 20.776421810550659 63.937199375168817 22.805195474297889 63.578207028598811 23.577471425560827 97.334474081779632 8.344822922017281 45.764689179381854 70.405033668445583 45.957621932936689 61.359393609775012 55.792682095640224 92.471997696051261 45.186562773710584 1.257091986955605 62.891264391727972 14.259292610859397 47.367742481905083 20.776421810550659 63.937199375168817 22.805195474297889 63.578207028598811 23.577471425560827 97.334474081779632 8.344822922017281 45.764689179381854 70.405033668445583 93.476071219030274 45.224914605236243 50.431624815839591 56.966613049693017 86.939730008997088 4.354118977233689 26.292137183119113 15.579946734958616 66.555525648351434 65.671233585392272 31.077465992405806 21.928818853416566 48.193089309687529 97.319437249966185 8.583138341344398 42.133069623441578 25.585184172078712 38.772380481383919 58.832475581927255 3.014818946478448 64.151680169780562 92.471997701057433 45.186562773710584 1.257091986955605 15.608161726631453 82.027201028668117 85.198240842218667 71.878213299404038 25.619315628123985 46.121052682128827 73.116074155724206 31.412867471071259 47.367742476993357 20.776421810550659 63.937199375168817 22.805195474297889 63.578207028598811 23.577471425560827 97.334474081779632 8.344822922017281 45.764689179381854 70.405033668445583 93.476071219030274 45.224914605236243 50.431624815839591 56.966613049693017 86.939730008997088 4.354118977233689 26.292137183119113 15.579946734958616 31.077465992405806 45.764689174325291 70.405033668445583 93.476071219030274 45.224914605236243 50.431624815839591 56.966613049693017 86.939730008997088 4.354118977233689 26.292137183119113 15.579946734958616 72.038020786174229 66.561012785243122 0.547149827612592 94.060704643378784 15.852625524904163 68.694223224157042 26.836399530437603 10.746318112621323 61.833295638932860 24.036503963035727 21.316057122990848 19.888973124542265 7.765730126937010 95.941696614757049 26.295746192186865 37.666719109890799 97.849530075485958 30.902469246165431 6.189667510063379 75.055056933586755 35.272238422696269 49.921847375633234 20.157118354722215 25.585184172078712 38.772380481383919 58.832475581927255 3.014818946478448 64.151680169780562 92.471997701057433 45.186562773710584 1.257091986955605 15.608161726631453 82.027201028668117 85.198240842218667 71.878213299404038 25.619315628123985 46.121052682128827 73.116074155724206 31.412867471071259 22.913587820724700 20.931960740433087 24.756414960112640 83.135491238852438 19.359127128483188 7.215369562216245 77.389741297234664 80.627173458176117 69.561313912412643 15.836017386777668 33.091320785950714 57.630838975178293 14.533425878203744 35.186884023735232 24.599241611150958 3.180629815363023 77.926337858161304 28.836011218582847 29.173210311259524 82.195120182599652 34.248180788772231 15.133239759579730 31.175439343824308 25.619315628123985 46.121052682128827 73.116074155724206 31.412867471071259 22.913587820724700 20.931960740433087 24.756414960112640 83.135491238852438 19.359127128483188 7.215369562216245 77.389741297234664 80.627173458176117 69.561313912412643 15.836017386777668 33.091320785950714 57.630838975178293 14.533425878203744 35.186884023735232 73.287901195300677 53.631507999529568 67.685669012305112 37.022699526944756 45.725194215222920 30.087736368769178 26.295746195872049 37.666719109890799 97.849530075485958 30.902469246165431 6.189667510063379 75.055056933586755
35.272238422696269 49.921847375633234 20.157118354722215 38.643504476914046 61.450426151483597 53.124550536453739 15.133239759579730 31.175439343824308 45.885220039320060 68.768116776237818 48.727873771713234 40.575686308823080 73.287901194811724 53.631507999529568 67.685669012305112 37.022699526944756 33.908356125461900 77.447740287339442 11.290765680498771 5.057449510033996 26.497871506696491 19.515598820995962 11.166163220698833 28.894519158505759 61.510746329609610 57.012067378243614 45.775407460126061 68.277604818215380 63.603678189990461 28.650263488267058 17.345978234137760 24.605869103486178 59.390011372695838 72.331400293117241 39.513024020541756 94.066380146553357 74.652472002888075 5.440648355073908 50.625481511796302 56.465869281172353 86.006937556402434 14.122040261361523 75.865327055030789 68.563224573043826 60.958829531472269 73.125668331190781 29.601104661748213 2.038361187246784 59.953210357118927 30.448152398955976 61.347065422958735 47.142958219156384 5.903570455830209 30.448152398955976 61.347065422958735 87.971074427791649 37.422579421462245 56.909624232422452 79.836237043534624 74.034293764745428 77.139885178756245 97.180212389316438 87.971074427791649 37.422579421462245 77.010141314450536 43.154515099536674 17.334949973344116 68.835272230286989 3.507038668149065 54.754508505837926 9.029128616620630 65.736448070436055 75.222708448336434 41.251234090187019 24.235229680744254 12.800002461225457 96.139745611955931 80.532181671443482 54.482360787480246 46.872571837424324 16.484137340236551 48.751171252453076 89.262339787728649 34.115550394404536 13.928691129836324 1.761333065254855 20.900714039225697 21.616551528331129 19.501542241645687 43.570952695121449 3.440597939775436 56.188772975421386 57.445153393810536 71.193739566006769 48.107700824180618 30.032807639992665 31.778639459207891 76.875458968306091 92.838437900400336 47.680245660555464 77.844317455610678 64.163335679917864 29.883484934656490 54.747594686822765 4.509440272838616 5.457896550477182 71.784388638985305 95.559374336554441 34.077292245560798 79.488199114117791 91.874804568831308 84.472628859871477 68.565788107734051 44.075786773016290 33.864562570065871 93.946403864974954 77.331648532496402 51.289821846336181 47.517167608683067 84.858326815106750 14.567146596937320 95.107188228226164 89.250722668252280 67.795856926929645 1.723069807464339 30.918032931061312 13.072092582955319 29.883484934656490 54.747594686822765 4.509440272838616 5.457896550477182 71.784388638985305 95.559374336554441 34.077292245560798 79.488199114117791 91.874804568831308 84.472628859871477 68.565788107734051 44.075786773016290 11.498718807084686 27.248233947206778 13.309070152033698 40.339624559817587 79.488199127101169 91.874804568831308 84.472628859871477 68.565788107734051 44.075786773016290 11.498718807084686 27.248233947206778 13.309070152033698 40.339624559817587 85.507633506514892 41.127771139961432 47.183473886632008 35.574348822367782 22.328872546571255 77.010141315753273 43.154515099536674 17.334949973344116 68.835272230286989 3.507038668149065 54.754508505837926 9.029128616620630 68.835272230286989 3.507038668149065 54.754508505837926 9.029128616620630 65.736448070436055 75.222708448336434 41.251234090187019 24.235229680744254 15.883218627349205 24.235229680744254 15.883218627349205 65.736448070436055 75.222708448336434 41.251234090187019 24.235229680744254 15.883218627349205 36.447660749798963 72.567501489057577 27.351111413251438 3.653158113925881 66.070611162562741 75.351452255904178 55.642909515183106 38.089434455900275 12.800002461647075 96.139745611955931 80.532181671443482 54.482360787480246 46.872571837424324 16.484137340236551 48.751171252453076 89.262339787728649 34.115550394404536 13.928691129836324 1.761333065254855 20.900714039225697
21.616551528331129 19.501542241645687 43.570952695121449 51.963524224707037 78.466153713854865 78.281680290982877 84.384733778023175 65.941838833235195 69.962376142834060 44.513080207524702 75.291839843151351 78.598865709706828 3.507902117319261 31.108994707985982 39.518381495384403 72.522759606965266 83.254923673515293 50.473687796811703 68.910243932328356 30.955243998466663 78.086968701590479 7.192675173313812 8.832713371086554 35.444030027298936 84.403704451532519 5.010964238042403 90.787761371677249 31.888030515947506 53.660976114772296 97.419676632114900 64.032812450398680 1.110145243634431 88.068530545577303 14.272600643594835 68.453457089731558 41.388701859950331 77.105468502827776 15.180617778335371 83.854709415479562 47.959749202133693 69.254382276488897 40.757017398939766 82.758896820958881 8.269633778101483 74.146172896080600 61.666090584273469 92.327162973512941 93.173146917191403 40.691709411336241 43.211217989431795 46.359715138898437 39.589554680856118 59.287765047759024 9.810351795247495 90.937011823147472 9.834601046178582 11.247132016272621 12.151648183649277 6.724152339778133 19.134710018278646 72.177948731590973 58.436514259859820 35.397453434765367 3.274752267170133 36.251898010208336 50.110389578874205 20.086454654547115 2.315321778315416 62.650729393910275 56.763562520475240 71.560555425453117 99.660283138260922 60.081265795916472 31.180304237570589 14.918497352643211 37.792536306590421 31.851541384472281 50.473687793927922 68.910243932328356 30.955243998466663 78.086968701590479 7.192675173313812 8.832713371086554 35.444030027298936 84.403704451532519 5.010964238042403 90.787761371677249 31.888030515947506 53.660976114772296 97.419676632114900 64.032812450398680 46.654201186080421 48.486223726085662 24.306620619981491 89.860850489946742 62.517165921798814 46.950354079418844 94.547946895271224 38.335593923036463 64.000174719476249 89.997584287868222 71.772329393605403 31.083951130568021 33.866853837415199 17.581278975141799 17.390578357110563 29.892520341708028 35.916556710555113 88.930911471033596 95.744667947213230 79.695910229366561 35.065214971820893 17.581278973938542 17.390578357110563 51.139690558060501 33.347366800388180 49.325150905728918 22.185838544305124 4.429639276635577 26.476216082361169 34.839920298511586 98.546275731721394 78.371373696903731 90.770023103843258 98.146659867207632 37.426410021250469 53.426174193988949 6.457636790107635 19.975302818141540 45.052815258636535 68.787534628567286 25.985685731308838 78.107196145331343 60.384926426162508 40.785936111501378 43.618074220036306 94.298632236186862 66.275502302704098 38.242008412797887 90.251347479277683 36.566639079882066 88.236989352936902 8.538812148359931 71.765524998769493 37.426439418649849 61.335860678537280 78.459104102271453 26.387562244956030 44.377423575513738 8.415083007506619 79.212375455131422 63.437829567445647 44.170386726650101 48.412248894054102 48.010643999477864 95.376734516284927 61.652753277574654 65.422822732606718 29.163200398654844 81.605212374613885 45.182001133780801 51.989805093008499 17.410622900925965 96.877009027652420 31.446868793421288 89.317826827605046 81.169961711166167 46.993947638764865 17.105604704987108 43.970000988140825 58.509254907822907 38.998542429010875 62.934577657521217 55.507393688810694 22.677949051068747 22.560247268083234 69.842468640495113 2.955439243991986 97.100992357661198 33.271072915190501 21.234913728502459 22.666511782461907 92.656748371987803 21.284656856989614 28.098640469040603 28.104187302372317 76.478758063434952 16.178698100997245 96.203742961142908 67.206987053206518 20.810269845780237 90.665071447532014 96.420306856689507 59.163720405234955 33.059577619372391 97.633494945394176 90.546591541440890 3.068200887213657 69.437076898711496 37.950128096168768
6.940083824208287 45.568740786419163 30.651536494284759 58.246858617769007 54.998454029607444 27.891870177974976 39.305923166643254 62.120206892013016 61.105055144139932 70.703508535145303 18.166973856797863 73.175632776197460 45.752873741550815 10.206251915145847 2.422527355027015 54.998454029607444 72.669980599141752 75.215643712919032 65.556963910540418 94.575306883237772 20.823398319821717 77.922104314332117 71.450680189258563 42.039753407049751 35.856156134869508 49.542939313247366 82.859371420586612 55.984781280653586 23.927291030118290 27.891870177974976 39.305923166643254 62.120206892013016 61.105055144139932 79.980259859282484 39.553119805462345 50.014645175753060 31.706857647466780 83.228409005848690 48.430119785527936 52.781720276467915 44.309241095406513 35.436301692319930 24.804201895747568 2.394151235292208 70.184064387898786 3.845942865686569 55.805757060205828 69.828360400573359 10.257039129394530 33.975972892628292 24.948095991453133 10.763830163030018 91.178087283926544 25.044854933571546 1.170528138041316 69.004576504827071 71.595992229507203 30.919931260740942 25.415705807548438 28.139369758360022 6.437973178653644 10.068458712042450 89.836219054138382 4.341357750149855 88.261588098179672 76.327650895176774 18.331345389743426 15.759577624969811 65.792444977857528 58.691513762216829 84.608139111796149 74.347932806194976 58.056652103920847 41.542914076752091 14.758566688181107 43.981098561417454 2.779069752864716 80.773849845302536 83.196851024815075 13.523321290622260 17.958767283879350 5.773924571879996 47.689952694877690 30.580012369754471 20.345660560621081 75.530859894083463 43.587482181993977 33.371302337338179 67.122610649135012 56.593286133948240 20.267605925738017 12.158363466374523 72.848972528160814 67.998148937452314 69.698186473267896 58.347508040659712 97.365197091616864 13.190239643326496 56.573063217520357 24.391365800467778 48.543938404482198 45.313554317571416 68.460803569984066 48.032922005110137 94.492738490615565 96.842096215493257 36.823558514278140 42.743693188596446 32.434055588027498 58.790594618312277 29.991856760037450 86.525184235130766 80.206383045849648 40.564355430579560 38.157657469767756 97.849246087768407 75.072296540036859 89.972628109346317 42.426997853964465 27.051376407537010 21.158166619483300 63.691870140052231 32.380033798805044 71.321501744663436 40.161060635048685 28.049762916151533 9.124603330017212 75.960313924441351 28.866448833429480 42.464369021040959 64.054895457136510 93.697571698738159 41.497764622148345 36.281303157679275 32.974418354764900 21.137970784311687 0.730246066233764 15.186038169198834 18.107690401850807 51.991211508207272 95.033526745836596 52.296197248561192 30.045831874035891 15.952030730958855 90.403741807657013 62.943762155716364 6.960676378395735 28.866448816600499 42.464369021040959 76.190254519949733 62.935974864521413 66.821264891874279 46.305971306265313 14.117589739116632 69.093559227754014 34.721205337254403 62.786228287004690 76.308848941903847 21.963178744807678 71.528654857631608 31.835008150482082 0.135864930495821 62.912098394192675 48.784756025741075 5.630511365190838 48.951845594960922 60.464328340378913 33.338433036856649 68.909366010356990 22.385207081037994 89.790034764379783 77.016621863618042 66.057042165948928 52.452362157526707 83.629180193160096 30.737890845177517 87.819635817309432 7.797713237254388 20.330034397573559 80.673340728620673 97.835023219817259 49.375498219676558 84.911184015277215 68.565460983772738 66.057042165948928 52.452362157526707 83.629180193160096 30.737890845177517 87.819635817309432 7.797713237254388 20.330034397573559 80.673340728620673 60.657280481540546 51.612258173363031 46.945008133910015 14.639810105605200 16.011191629265710 61.124959983450211 29.230825357350177 8.461956313022256
1.276301441145222 30.201929814391370 37.673292101718140 8.464686176729197 9.049677845778481 37.715247037081177 98.865968944645644 56.536938524745096 27.302948958393479 45.597536152138431 23.224657458938893 17.685195970032318 98.227402897554256 44.906543907971340 24.611374928902553 49.556405425179271 28.898325073829913 56.860617159447145 69.056782659428066 97.815456917606241 40.199484831660392 46.067316843424855 60.268942747969710 37.715247037418344 98.865968944645644 40.749198257940620 74.719871851204474 42.933711255018594 1.091420306725432 42.179336501582732 95.996158506843869 77.783898641684274 74.396963303201431 78.322191302613405 75.685263561349899 54.331334441767510 31.582965658413631 9.595498897407662 66.494496308367545 1.349770062131828 30.171898190702361 25.896863632144871 25.403612626831162 8.848157896476671 10.268788238489268 58.714585863725624 55.829470042643912 17.556798127812545 87.088383704122833 26.505228737816367 59.176907634514620 92.664052357801992 76.549023210055438 1.961914910975970 72.156148200667687 35.033847679590643 4.454881536531873 79.698567921759206 58.547076621418412 99.819956247962352 74.430443405529218 48.626261180016108 32.784673780670438 93.319057443003572 55.227037290856337 93.245448164351771 62.380695883528361 10.423435286453508 56.897916464503652 30.959371739671258 1.760270894924554 43.557294852232964 16.081329380257014 28.202797454440041 92.197090473754443 16.930278045648151 91.575053252420773 22.304501347525395 7.046925990941033 18.670950548713694 2.723912205014944 96.719194607882542 80.276155693605261 45.505045331725100 0.239166461532669 60.180564914157387 14.843618452798635 35.965565891760029 38.891242814806340 8.972440875610454 3.360897964879717 35.467052325682033 31.427609049168915 65.869635956952195 99.122851213531661 77.178632648989307 66.368111996946951 64.716081246187343 23.265962806269535 24.543050996430793 78.208680438703098 21.908447913446672 24.341624813637818 0.020816363169840 92.664052339343655 76.549023210055438 1.961914910975970 72.156148200667687 35.033847679590643 4.454881536531873 79.698567921759206 58.547076621418412 99.819956247962352 75.524474877926835 46.792002929719615 21.515486712099364 13.839471933690783 62.585730405696083 38.483333832073562 61.974258493836942 71.920829211743239 16.196680868720271 62.793254126891654 60.538996763463260 53.526907643456767 94.923553656421234 98.008248919766913 13.839471933690783 62.585730405696083 38.483333832073562 49.111820692549337 88.737491498198224 49.806339261724077 24.879916882720622 65.638713227113300 34.902460563909457 84.416695897513222 31.724550030844568 84.659273517443552 74.430443405529218 48.626261180016108 32.784673780670438 93.319057443003572 55.227037290856337 93.245448164351771 62.380695883528361 10.423435286453508 56.897916464503652 64.407867063665122 22.532062469069214 71.128505824180962 41.209509990079106 68.424174218043802 91.958602729031554 37.714476096134383 36.315106135495910 11.245742136779979 19.200452857957927 66.754119856103088 21.476126157968633 67.290256675887079 21.476126138685135 67.290256675887079 25.583145164517550 26.594714088574488 25.801648858692349 92.569768196381688 64.407867063665122 22.532062469069214 71.128505824180962 18.245613689580253 48.605645754591151 41.209509990079106 68.424174218043802 91.958602729031554 37.714476096134383 36.315106135495910 52.638803980480688 2.756818193075283 30.582901147544618 61.111044278424032 9.072260502767870 87.242420975780959 90.388211895703691 26.040532029907038 44.351371682475417 24.325085408836809 57.654164437080503 34.535361624189555 48.392412943269505 77.406944124755171 24.152465927689015 77.653562386140251 62.880080557595022 73.730468848549279 47.544750111304005 94.372923061765874 6.076561361995624 99.036123050456297 12.313336110678685
89.803185091359310 95.101285891776328 28.285519408168280 84.315268630449665 51.697444843340300 33.899966055217526 17.138360888259506 0.525942330497653 35.571665726871174 71.920973510288761 95.553390707653122 9.503855390948290 93.741687206748196 81.772736966143356 73.012021344703101 20.593010091065789 26.731193911272676 71.341059857358246 12.156094387225968 63.972421352556552 95.563416630742964 46.170998681700745 13.050575035904199 98.478357214134803 4.351111207898395 26.956741756356639 62.049371702595948 86.110902017019214 13.829666502906857 97.844285035855094 71.261808196721034 76.986493584120140 37.409978289510846 62.137144017673130 25.847987478792543 66.626642399153610 13.107380954791726 28.003384869332649 12.552799313908224 5.170482135398712 32.465277822179985 89.255446357643535 69.246075180616359 35.914242714378311 27.295136845039114 31.016445260323977 56.863248730783766 81.521996862151710 64.550818008578631 12.732727891059149 90.955432593473674 99.554633398721080 84.766292381482359 86.708739174223680 62.569557788654116 70.481448976988844 79.885774989096234 94.201577270187670 96.973247689440853 95.337871909318977 98.069079104533969 53.090002255787091 67.461099020960290 16.033059655756933 88.626764338224930 63.027920037890183 21.844488737099233 98.465879548539760 91.640944192560184 93.671504935175648 1.097989312359349 46.703461824751670 95.399602365625483 32.603762632399516 81.614262243315778 98.097574264186960 98.498123267913030 73.349818044567812 99.748224847290388 34.522217539823721 29.117847368105977 9.546089820516901 53.395879700496977 5.437367354067701 1.691030911027713 75.204582572604835 12.550592429606489 26.075316955038620 24.652639845604174 78.783121718915353 64.691934074114982 36.831289451712792 64.616210806061787 3.477212446003985 51.700376730958666 76.509670367102572 91.511980584765254 80.035701114724858 89.053522630784784 68.013810014813927 23.392945115212036 9.687063939319284 76.516853097477863 26.196624835683735 13.786954488200486 12.174848923516757 14.543558587944084 27.921822838743559 5.898984281457997 1.294923796132441 50.396348884162656 91.411573014125409 85.784641308558236 88.983402420407799 45.743849797424673 11.054341094939780 98.589283222298235 46.807560593938838 58.999230946703882 26.530431749339535 42.698334763938995 22.958386625946492 81.807486601818724 12.982406828019577 33.469052739175709 92.487556889526260 46.299095073249575 91.865148099187451 65.821608001248549 95.228801819502408 12.597281419400709 47.493737324733317 51.835906675431950 59.609512507055484 45.833458698993113 78.001737328077326 18.287315253849524 5.223162916887092 48.953507474831603 19.659763190751399 33.469052739175709 92.487556889526260 46.299095073249575 91.865148099187451 65.821608001248549 95.228801819502408 12.597281419400709 47.493737324733317 51.835906675431950 59.609512507055484 45.833458698993113 78.001737328077326 18.287315253849524 5.223162916887092 48.953507474831603 19.659763190751399 29.278443475551541 5.012563111534918 37.426975430108598 82.314923489676531 20.451565981496302 74.739815999866792 34.030983912808999 68.761300949132448 14.333194560637541 71.424872923731513 3.437620414201292 53.415655551815611 82.314923489676531 20.451565981496302 74.739815999866792 34.030983912808999 68.761300949132448 14.333194560637541 71.424872923731513 3.437620414201292 53.415655551815611 9.294381508344717 30.461734866765489 22.725334417764220 96.498744275341650 51.792140485230931 81.011538668368047 26.094037089581011 22.417979496378383 76.307731043218098 52.021401594868223 76.490105905227210 45.277210535764510 19.856334100869390 78.289212349974619 73.848185514999827 87.057234796514280 52.153918384601326 97.715250369072052 28.382742804087037 55.056567623146080 14.960551501824915 67.659634613135196 64.029500548540170
47.729532468211701 9.069269089864818 30.461734866765489 22.725334417764220 96.498744275341650 51.792140485230931 81.011538668368047 26.094037089581011 22.417979496378383 76.307731043218098 52.021401594868223 76.490105905227210 45.277210535764510 19.856334100869390 78.289212349974619 50.070130021134275 77.895943468951074 81.689321820151235 88.124292617390694 0.118004321453580 69.513832791233000 97.105296921533494 92.764040788692157 68.598456856122780 93.352607592696884 39.084159863957758 92.739423105290157 45.011351923762767 71.435300926882164 86.890194641240043 97.489037733152060 57.643061957381484 97.710649541923388 64.723267858826077 49.473357265549552 12.892018587137709 16.699158119947910 3.130934124450735 90.401830527142351 50.606771989277007 10.661211965972884 33.478444647544393 10.661211965972884 33.478444647544393 38.933736822764132 98.487999363712547 61.307779139079940 60.877384931084542 27.200489391441284 82.398087458426645 48.255231510263172 53.478375020819492 43.906019697364094 78.859331939537839 11.180604051210297 95.909130832388072 70.446319975121668 12.610862009024926 50.073627031036139 29.577421432036608 82.149452276216167 64.842918825680016 15.614269566473949 71.619206573462108 54.813760077065112 59.137257481076311 21.766921228971981 57.627228291236399 98.985868403740085 52.104670324422344 79.549475692429013 72.840736549453354 31.958135114144159 91.461283839294154 34.501893033575662 86.573238885688596 28.277902086524765 12.934947476118897 38.262350311671192 44.401781828084239 31.784336585619034 68.713171827192681 32.724898864430216 3.831182874663797 81.764740932716151 95.092675599822016 95.092675593760291 1.478688131165184 99.650514082509119 1.345921245998205 59.365619077909784 74.383723924356374 21.625388212354824 96.878139490181965 25.601927537845249 77.900784465386010 92.595260324665546 41.908992222575350 46.855200093029978 52.289973996245052 58.885036122791476 35.910372037962091 86.748122640978963 40.681684264317838 46.119707388466516 21.096814830866638 62.808666883957542 64.084815586858298 83.352004872715156 29.725542811410932 67.522641749490177 56.012782901841717 21.825429685876539 13.042804097012128 69.986332119853913 60.223411595827713 12.255715322444649 2.105613725960320 61.802465499504223 0.520661421087398 55.513092797667262 96.350882305596485 3.922568171455765 96.268586709476978 88.623116325144821 42.788824572469672 42.085474332075499 17.374910174208324 26.273457960517877 47.471549939815439 6.843256433109401 38.921862342188419 82.837729160489488 43.856420871228472 2.322732205316713 93.210988559763337 84.404508328893868 56.642636763299024 4.466891122630812 50.729625297954939 0.560855654118608 70.009519203745867 14.710372802244830 96.433044180791214 88.990346514805054 81.705979832072103 50.791543525434570 78.060110869236468 99.511936420372407 29.668776269355579 21.382514783815530 71.924001080085020 19.957855051971695 61.499786085713914 99.526896021222782 47.077704918722610 50.409827264780674 80.375197343840611 52.104670324758352 79.549475692429013 72.840736549453354 31.958135114144159 91.461283839294154 34.501893033575662 86.573238885688596 28.277902086524765 12.934947476118897 38.262350311671192 44.401781828084239 31.784336585619034 68.713171827192681 32.724898864430216 3.831182874663797 81.764740932716151 95.092675599822016 1.478688131165184 99.650514082509119 1.345921245998205 59.365619077909784 74.383723924356374 21.625388212354824 96.878139490181965 25.601927537845249 7.811377758993244 43.272554342751292 42.337724630767660 86.798469589368693 16.499587429643459 76.200801190750795 29.189122990318040 88.850731655675546 45.949170475278564 64.042834447426614 58.742876309887215 88.366439485844651 88.261913523716714 52.548907643985146 38.366217194445170 6.530506854704676 99.904600527208558
44.417148371286807 14.427858196490039 50.081908557761281 76.847264034307528 79.798322415464057 47.791075724955256 22.036659587014316 52.862037724488822 30.829551373796306 31.539308895031184 96.292657382780931 32.886686850877403 76.139595421669497 76.564504627001000 7.811377774358663 43.272554342751292 42.337724630767660 86.798469589368693 69.650241543736939 94.839531263790349 23.938786346475315 55.665862504100161 66.743431307460739 71.440606072606030 21.374902118125206 66.989989750638173 9.304667099213425 57.562316850643590 85.665153547051432 55.636004060759213 69.575533595949551 69.353499868924771 74.868748349167916 59.400107342841636 30.540310253579371 5.516412707534524 57.132554823330352 55.594091587442449 49.650729808094752 3.360689774726611 0.383354089862253 69.784269754477606 97.169137618526563 52.937518225681622 29.251639705517640 98.115181346282327 60.811023112586604 66.229634458726338 82.656703409145251 44.541417357369149 40.943731097713965 41.403795147219483 69.422705282633984 7.588871635289629 65.416977157664519 11.769671632977952 34.187450423934393 18.792298682831230 67.342994693278968 69.069584439517357 42.496805410875496 75.582936777236782 54.142977160823513 6.647230977903784 82.878824287126918 13.828893305887103 33.934950105608138 62.683085961399712 75.762391637117361 71.131645198892940 94.596767672545212 52.130221521797004 52.130221523081119 16.394285618995486 48.816910236934220 70.099619550290583 3.130947171132170 49.650729808094752 3.360689774726611 0.383354089862253 69.784269754477606 1.589860193323278 32.550746494158979 99.077939398940117 56.635200227250770 16.477167952806905 42.268877444845522 46.889180116698611 65.697955040178172 79.062339188209336 99.183026821674318 17.832924794948322 83.690232819520389 75.402187804701072 8.333275633099769 99.392259288822189 19.854021586831127 56.386989498590431 17.809251015848016 80.614246573830215 99.344041980287429 16.768624787511786 20.260106724238515 77.386364377409208 53.563793471716195 35.955427573008961 2.229756814361195 92.953155625901445 65.878334880785602 59.243212063235930 54.465950761417282 68.041160792040216 12.717233452806752 21.043582891191647 9.517746534988337 16.341370441916869 79.322025588803683 26.280853668649041 57.785629313582142 61.258110939372337 94.074139398701632 57.311999895670475 10.719355353477022 39.770166029586406 95.714519227844519 73.245115555410678 27.910264952330177 28.126697234315401 71.520124389118877 40.837346839971389 97.673218529986940 95.951215614231501 97.921632496941982 98.138882680710822 59.461519862369336 66.029550048368151 28.816188780309393 37.213074850060920 81.442137618014470 26.444986112224921 47.883493518032395 69.965471677869260 53.985564618314399 95.981436907499997 9.196845178845859 5.275746291778061 76.383913449663297 92.850740242521596 39.382360162891608 7.551571092779574 27.643335993386597 89.884411857843418 4.587309437599996 12.581531555555914 43.935144518031542 49.632076180456977 11.124154969557276 64.704692783902232 49.979199425452734 88.207120552301859 40.257741488368950 49.979199438982903 88.207120552301859 69.719274086730323 16.662828733543844 59.186936329088354 76.191345849910419 68.996895020310944 4.384195871353724 25.782778996029009 32.381809007401344 42.425023048029963 35.652267099721179 8.465546513674294 46.266922033156710 83.141965037771541 35.288774331141560 93.207556060171214 62.339537100617228 74.035443651033816 55.659097493198765 25.707377523734575 16.040795818540744 71.344371875974986 40.089444741095036 44.697700061714777 18.276923547446032 24.530324078735987 38.596754810159105 57.512930530980555 54.704078690115509 82.851396994995426 19.665745822011605 85.257640658441900 12.213075210584034 70.123493053842338 49.841043429205293 76.099104625156443 4.994233602533082 38.657382724139651
11.687162734057988 60.259689081815381 23.966061980059415 97.536221400677960 8.349451957202591 85.123263106749263 98.548145247331149 11.687162734057988 60.259689081815381 23.966061980059415 97.536221400677960 8.349451957202591 85.123263106749263 98.548145247331149 92.166464439921370 74.799224985389571 84.558899242974604 21.334283680516840 91.406360358129916 2.740051742022453 31.680911082416319 40.127191036964717 44.352349219941622 70.152636265639018 97.961971962781092 9.034354556110991 70.433660734142023 76.927937979445232 29.204596045195853 69.540875167519360 57.401527468667545 46.179069450329393 14.998143365201555 68.950315829689103 93.841783640991139 46.399300489078584 97.997860723328472 54.202268389474419 78.946916599472246 88.272085949701946 6.915789602561140 91.528796137891220 53.300917748598167 77.015113432781945 58.026438148995140 61.225822685937878 44.807712453717585 60.392194719229529 59.342396898505548 9.966701245780341 65.812727609531308 21.981499351660304 51.715586124675141 39.140658769526468 23.600794041689287 0.092536055794734 68.267788331865333 47.627556548770556 84.610623219027715 94.286567025860123 14.919059307211302 76.355291702759573 34.196309187609764 7.614210381425435 90.563050140670896 74.520808304407225 53.787534901045873 95.649474946107517 7.636183030645737 28.231338824246276 28.057673302600918 67.613146335194585 97.177208057863794 31.511507796326665 89.864094795193139 8.398170995321086 83.165272514868136 7.928742599595973 7.873888369868220 34.990468188776447 38.595666409259778 21.397266604450905 68.267788326087711 47.627556548770556 84.610623219027715 94.286567025860123 14.919059307211302 76.355291702759573 34.196309187609764 7.614210381425435 90.563050140670896 74.520808304407225 53.787534901045873 95.649474946107517 7.636183030645737 28.231338824246276 28.057673302600918 67.613146335194585 97.177208057863794 31.511507796326665 89.864094795193139 8.398170995321086 83.165272514868136 7.928742599595973 7.873888369868220 34.990468188776447 38.595666409259778 21.397266604450905 11.005412421840543 81.737618278479374 31.497626826835312 19.004911447505691 31.359807242843807 27.537101490116566 61.380804333297654 41.448325098774454 48.687388902896323 38.114267413764992 29.554787177870910 48.312741663531810 91.029269705653775 0.965403308302715 31.147970290585636 17.516607415936047 49.736548740946255 30.344250479965297 21.097986252577428 22.103417245316837 35.489827992672687 77.377526084195978 78.466993776159953 16.878829129167894 63.666729533637145 40.938804347051473 42.523229170561272 95.096529027212057 89.909636308112098 30.797309503284577 59.000755336835375 22.869926128009709 30.412984879570459 16.878106333083675 26.683548612371034 13.688533363756040 73.212247914956123 65.573047856206145 53.119177568863932 69.195729898781110 89.825050004188611 79.139350770093415 35.096820556097398 55.731796260672397 10.798066768429305 45.804286114589267 62.172624578908234 55.860049887851325 69.855412686343627 81.879381136921253 97.851209709637317 41.627695617858009 79.591144639991398 61.927471522809171 13.500074021230969 30.910400054449227 65.617252877035909 9.824763863204355 43.424056971646465 35.259399929670153 42.887594928439924 33.849986095435916 66.732468047617530 6.509375613335566 57.292520749307407 15.715669417465595 57.625720547460766 30.428294594337181 78.787811056430925 72.896660735319429 21.249939213081404 82.018888894435960 86.923054031817429 30.428294594337181 78.787811056430925 72.896660735319429 21.249939213081404 36.429399637472827 99.796135949402910 55.093070115400330 73.838990524839360 73.465340196353509 37.567341233823882 90.101877640627080 77.377526084195978 78.466993776159953 16.878829129167894 58.389787140825966 26.164777076912504 78.232981173639487 94.639679031912436 59.317544780564724
78.501629531907426 18.786294324148713 99.413473961204630 5.936133705922719 13.920750975573338 67.502313202431324 47.396955103256325 32.464773554445593 4.318022219398809 25.965818879578439 98.067992792631898 96.637038561034402 81.080345695713376 5.316193765551381 71.204984927211342 58.226857372369025 11.942053001420305 49.729414131613282 51.430659378045860 94.899534596769172 6.381422796665448 28.815382774438746 0.758727703129503 44.604768673369641 12.287577900599500 97.308926602562522 73.502243296254250 27.405198971189414 55.756577416961953 56.159561350257903 27.176304248706185 1.757541410135310 91.976112731011582 94.606502973394740 43.426714198054448 33.012130816248877 78.443576472275694 2.735535078299067 87.143523855401369 50.829788200195821 39.544697016253863 10.792478121816751 92.558912804363658 26.316087481317261 80.810097953828603 50.829788194127254 18.654506121744841 4.944074927265363 71.441004968737914 3.120408907198668 68.936081051491442 28.187037724698140 20.200353208554557 4.191906243600851 48.881364479532586 53.468332535849505 19.159853917871128 9.948338556141644 43.927809832923423 55.500520083756967 3.305400209981979 25.887657338843784 62.592359898644631 73.625340337056997 82.241501276690627 0.260398704723619 48.435454278462473 32.471122991021929 23.148157512816869 93.734434271827098 37.589508343112890 50.477971291043943 95.859425834758781 31.218748961313970 17.244268638121884 33.289492725930138 4.762938092577562 34.848390319416147 23.530971601185826 69.085901819184784 47.256016851551038 16.998420385131428 81.880245442020311 52.944840059126676 62.723180535859804 26.994707190505483 80.081935904557113 95.560464289370586 61.509483463776014 42.755846354785234 76.974023446188369 72.896460878869206 1.131474822863410 52.188357204741941 85.264306157789377 47.194890971454583 69.392881850029752 94.989732647463072 47.894590292895245 69.357324823160823 54.346852317758646 70.553953184740308 71.428071927426004 24.965773508266309 64.546525256781067 36.610385377665345 60.580414712548112 34.844934987129029 88.316413278493087 58.274140958096034 33.083266962723933 66.277651682110559 98.478268813597495 69.194532679883622 97.911839943260219 14.830206401321799 33.079260911535080 1.426392121402220 39.199184941106800 68.992496810974345 3.524225242159584 43.165652838812974 78.041137076329207 25.368126741778497 27.543328914926779 50.337840142934439 27.142386578683599 5.159915747155274 12.322092475819312 96.515645020363706 85.283069752404799 83.825763429383969 83.438365555448030 67.246508357628159 84.489799519678456 33.713683018654294 56.530196292311466 84.714021482929681 32.255156383995462 1.358164351383595 30.614169902589072 37.217096113420453 70.305095165507609 93.589289975298655 45.402631413305002 46.942371504252577 34.512111009092891 81.847401808268188 11.306295264494825 4.279700492172111 54.146247881168563 52.637081340155120 12.126344692383661 42.071720578132265 54.146247888824362 52.637081340155120 12.126344692383661 42.071720578132265 32.073547291478533 19.805575875229529 40.062853137006172 50.807234779065723 56.951978348677216 79.672896307755693 76.929984189520496 86.542667145340516 3.390357912488540 91.467033863602296 75.214770850333949 76.505397302741670 49.106640063891469 12.933174833137773 34.878245802937002 49.987807305752966 72.799761223915183 39.811996321323115 66.521080231673011 33.499441848137444 43.826065142905556 30.684563057870939 97.220644282526195 98.473264361583901 95.238861343069061 45.882277260128113 76.656242312568352 23.676773697722087 59.046953487510912 49.032017668791340 70.338857255423747 55.873125415390213 6.296410691782439 78.318411854902976 82.762100914310381 59.779240683586252 96.547138774214702 80.766927282303840 76.505397288725462 49.106640063891469 12.933174833137773 34.878245802937002
49.987807305752966 72.799761223915183 39.811996321323115 66.521080231673011 33.499441848137444 43.826065142905556 30.684563057870939 97.220644282526195 98.473264361583901 95.238861343069061 49.827042920108589 39.311407131865636 66.528555905617779 43.561275316596081 40.754775776338114 47.173216039915857 30.348857544230512 53.307738893954770 2.064178105327419 40.388466977352600 44.140619115412150 4.529471872977986 57.328530813945768 10.832904150810895 80.205173844581253 6.558996514218896 6.389010137350859 12.287577900599500 97.308926602562522 73.502243296254250 34.848390319416147 23.530971601185826 69.085901819184784 34.848390313944918 23.530971601185826 69.085901819184784 47.256016851551038 16.998420385131428 81.880245442020311 52.944840059126676 62.723180535859804 0.161367386653344 91.578512630750993 49.401109344979453 40.609143708871507 68.039473324668137 77.042277481453624 75.435297261469501 98.899765770491229 52.289311502510081 45.440151782135239 52.011187626095570 60.454566249583877 28.187037724698140 20.200353208554557 4.191906243600851 98.466225077282246 88.389518239394988 15.719224170889879 1.648805314749013 28.717719094354145 98.067992792631898 96.637038561034402 81.080345695713376 5.316193765551381 71.204984927211342 58.226857372369025 11.942053001420305 49.729414131613282 51.430659378045860 94.899534596769172 6.381422796665448 28.815382774438746 0.758727703129503 44.604768673369641 12.287577900599500 97.308926602562522 73.502243296254250 27.405198971189414 62.723180535859804 26.994707190505483 80.081935904557113 95.560464289370586 61.509483463776014 42.755846354785234 76.974023446188369 72.896460878869206 1.131474822863410 52.188357204741941 88.363573286798314 44.774992822169921 1.803769974536451 75.860715396940861 69.392881850029752 94.989732647463072 47.894590292895245 69.357324823160823 54.346852317758646 70.553953184740308 71.428071927426004 83.992022302711206 35.286231582020676 20.118322752590036 95.168040278463607 56.296627321472471 88.670529934202875 63.836803235529260 60.683153985362573 61.551280633358950 35.838902604432135 54.827089518860802 51.430659381159060 94.899534596769172 6.381422796665448 28.815382774438746 0.758727703129503 44.604768673369641 12.287577900599500 97.308926602562522 73.502243296254250 27.405198971189414 55.756577416961953 56.159561350257903 27.176304248706185 1.757541410135310 91.976112731011582 94.606502973394740 43.426714198054448 33.012130816248877 78.443576472275694 68.956983337229445 8.266058479792326 12.972902142087584 64.885372834506654 57.647566779578533 19.792411442687030 1.753812399383770 90.154086942442163 66.429039369010084 24.662885271347424 37.904404864201780 13.789580877071039 48.739014946325540 11.065894991978675 0.161367385232758 91.578512630750993 49.401109344979453 40.609143708871507 68.039473324668137 77.042277481453624 75.435297261469501 98.899765770491229 52.289311502510081 45.440151782135239 52.011187626095570 60.454566249583877 28.187037724698140 37.531551874465528 34.474560177946934 64.885372834506654 57.647566779578533 19.792411442687030 1.753812399383770 90.154086942442163 66.429039369010084 24.662885271347424 37.904404864201780 13.789580877071039 48.739014946325540 11.065894991978675 0.161367385232758 91.578512630750993 49.401109344979453 40.609143708871507 68.039473324668137 77.042277481453624 75.435297261469501 33.637455501337477 29.547003668800297 80.200377187095611 20.200353208554557 4.191906243600851 48.881364479532586 53.468332535849505 40.609143708871507 68.039473324668137 77.042277481453624 75.435297261469501 98.899765770491229 52.289311502510081 45.440151782135239 52.011187626095570 60.454566249583877 28.187037724698140 20.200353208554557 10.832904145159727 80.205173844581253 6.558996514218896 6.389010137350859 63.460667579804898
73.626493581216295 10.877480310355169 44.171985921268053 58.299848231776672 40.493284406440679 40.135376901543452 70.197871405363159 28.065559017362762 16.636653702958924 37.799256236119191 61.930351917864378 45.899811475975497 2.621644910644927 48.317118376196163 10.441013292175416 13.422544552032345 70.770821789177234 6.603430388846776 42.916280460254249 68.886677426512819 60.445742652028898 26.332661742607932 24.497997307262466 42.916280460254249 68.886677426512819 60.445742652028898 26.332661742607932 24.497997307262466 49.854594117115148 50.140810558752847 81.024684640998885 21.069771069069553 76.637449434351382 63.304178112882589 53.524750226152726 45.315193168203649 31.974683318833552 44.630394822581188 15.047244930506698 43.861177909186111 72.746924412270587 20.411926000406567 20.824355561092499 86.390374986523895 50.140810568973073 81.024684640998885 21.069771069069553 76.637449434351382 63.304178112882589 53.524750226152726 45.315193168203649 31.974683318833552 44.630394822581188 15.047244930506698 43.861177909186111 72.746924412270587 20.411926000406567 20.824355561092499 36.953350028213940 5.714074640478028 7.524062990060065 32.595428393098139 41.004223772515694 37.298607281051410 59.825952718354948 34.160937012548622 27.348467035538636 81.550664049414820 35.006692465370328 55.594828433822570 0.320090506103088 10.937381421403980 93.317281739631355 84.678102100819615 63.758001555185594 97.673864686894390 19.794667405086543 4.525340847320503 66.708707180297111 79.777510281761877 7.029270929437503 78.755539346385746 0.353377391343046 78.012615395792139 71.428071936543773 83.992022302711206 35.286231582020676 20.118322752590036 95.168040278463607 56.296627321472471 88.670529934202875 63.836803235529260 60.683153985362573 61.551280633358950 35.838902604432135 54.827089518860802 29.894491204478257 16.471050706410228 56.657615601964636 71.567987815250930 38.964218920738325 78.012615395792139 6.725543314542371 14.789834762386878 41.968540026078280 4.101670206866559 36.520509431966708 84.195786467421001 24.268107223489555 51.124896288508438 6.355688189250220 33.099559730956784 48.120297792359011 68.247289781288430 22.833712494529024 52.006617047159942 46.477067480342683 41.980887382201480 48.819577050288551 7.756120138092271 75.351982634913654 47.466361966804612 0.820642787170456 58.463287456194912 77.376800877344465 69.612288745079638 13.372556081544818 59.319600911659286 79.895166070561544 49.998893131270691 55.472898263389901 8.808117895461631 23.334657566374485 10.369185962089633 72.525164531086247 16.935676495645314 0.411707200272848 43.078227046066473 52.762218247370839 84.694139850201680 50.251528977946037 38.572561865793652 60.709039234601839 70.535551669138513 16.403197020088523 56.457980374422775 93.712393760937161 91.962974251206930 51.268788578016746 10.268774528113955 18.519495246660355 93.148054970336759 42.056956014597461 63.614445772598735 35.541531313671939 36.953350028213940 5.714074640478028 7.524062990060065 32.595428393098139 41.004223772515694 37.298607281051410 59.825952718354948 34.160937012548622 27.348467035538636 81.550664049414820 68.247289787953520 22.833712494529024 83.606649171216290 52.006617047159942 46.477067480342683 41.980887382201480 48.819577050288551 7.756120138092271 75.351982634913654 47.466361966804612 0.820642787170456 58.463287456194912 77.376800877344465 69.612288745079638 13.372556081544818 75.097500968156680 57.103356000929139 39.432948230088527 45.725194215222920 30.087736368769178 63.614445769970040 35.541531313671939 36.953350028213940 5.714074640478028 41.004223789868867 37.298607281051410 59.825952718354948 34.160937012548622 27.348467035538636 81.550664049414820 35.006692465370328 55.594828433822570 0.320090506103088 10.937381421403980 93.317281739631355
98.034648483239380 84.432507043826661 60.699652791241100 32.518197200356916 36.872198023618708 19.466568611739710 34.274562188585776 36.798736185359651 6.989891022679839 94.331466720948754 57.236002771711235 26.025586199503724 93.672312249765668 41.673149630150121 96.150753631235219 8.808117895461631 23.334657566374485 10.369185962089633 72.525164531086247 16.935676495645314 0.411707200272848 43.078227046066473 52.762218247370839 84.694139850201680 6.989891022679839 94.331466720948754 57.236002771711235 26.025586199503724 93.672312249765668 41.673149630150121 96.150753631235219 87.455136784219562 23.833777371002963 58.488407893664096 49.523564139974631 17.916712776175014 16.117748671302877 96.815594686517841 7.593661723667622 44.129518287696769 84.678102113974617 63.758001555185594 97.673864686894390 19.794667405086543 4.525340847320503 66.708707180297111 87.147291412577317 46.007758074502256 53.533162741447818 75.545629899430196 34.929637124756283 3.074456293519900 89.382474850840694 74.292523259163318 85.424540638137586 61.353518255239834 62.657486923075702 59.256984414570034 83.493033061845324 23.335127570671744 76.006789192677317 42.197809347142524 94.645729922434754 46.192648315365162 41.785660763509824 51.993042545861144 55.282315156157111 69.950962224280630 33.682324975068198 64.113576142673139 17.559752748518619 85.871988643115643 50.268246628492008 45.216432722589225 49.597716304905603 24.308579985091360 97.104862163851664 28.319538458200366 30.044628481211845 30.505671976002567 62.008301666190157 34.348838236627721 30.952820268746883 88.639683279799712 61.421798591690866 63.157968753338956 73.777793252191131 77.382770780170389 15.562040794822430 74.490396913554108 1.908365765763653 25.806044561336684 66.781452672960938 3.895411420791905 56.375112511673386 56.899508079830404 0.327526208896345 78.867599470974653 59.465988550848806 27.735579238015053 45.132253927704710 4.216237214246698 14.181715115154258 40.996659492127876 26.149240933080474 95.158267012699085 54.603164043179120 40.975417522092918 37.050166402092387 79.752685512826943 97.319437249966185 8.583138341344398 42.133069623441578 11.712281727514906 10.111705327159658 43.442159403197955 0.069244188790241 27.758613651520559 37.236648929900376 79.935136918367633 15.332402482414020 78.315170510189787 53.728971525140359 73.117890580864483 12.772636257247793 81.214947356407777 55.612700648043578 67.096185600099233 78.486136616867142 12.659243145728205 21.828885111993102 31.738030303379517 72.038020786174229 66.561012785243122 0.547149827612592 94.060704643378784 15.852625524904163 68.694223224157042 26.836399530437603 10.746318112621323 61.833295638932860 24.036503963035727 21.316057122990848 19.888973124542265 7.765730126937010 95.941696614757049 98.272654954194820 17.523491873223186 71.785665065373692 20.602099313546706 75.097500968156680 57.103356000929139 39.432948230088527 45.725194215222920 30.087736368769178 26.295746195872049 37.666719109890799 97.849530075485958 30.902469246165431 6.189667510063379 75.055056933586755 35.272238422696269 49.921847375633234 20.157118354722215 38.643504476914046 61.450426151483597 38.643504485666767 61.450426151483597 61.450426151483597 53.124550536453739 9.150116622617432 24.195685037545779 93.141918669754602 15.731127991720918 30.122869227697535 21.025114447388948 54.010214573188129 42.859974212942888 77.016769246031132 21.161952002428229 62.386967645418437 80.733632450949770 64.665094743845913 20.222012693076476 41.231904137676665 48.523525370155639 27.557670426030757 59.411839637909090 61.078210552604972 50.503385633226074 62.426231706652700 7.219198236836377 98.723803733537252 64.281107180856537 57.948597039974622 17.061383062601298 58.997902478640427 96.635439034055921 85.304985137253126 85.855574404172700
48.167598142660616 76.330722035911990 15.784868178215072 47.275028756894052 79.434754357217955 36.789065653110306 81.910393052270706 62.008301665622000 34.348838236627721 30.952820268746883 88.639683279799712 61.421798591690866 63.157968753338956 73.777793252191131 77.382770780170389 15.562040794822430 78.867599463503396 59.465988550848806 27.735579238015053 45.132253927704710 4.216237214246698 14.181715115154258 40.996659492127876 62.891264390076039 14.259292610859397 47.367742481905083 20.776421810550659 63.937199375168817 30.059753731337459 9.739061800252180 56.766160942330359 45.957621932936689 61.359393609775012 55.792682095640224 41.863031126635029 50.206069340665728 62.891264390076039 14.259292610859397 78.867599471735815 59.465988550848806 12.811166295523579 77.380718887183292 89.210376903218673 74.696282454248930 72.780220554532193 9.774223602274901 52.760891563838896 14.533425868001848 35.186884023735232 24.599241611150958 3.180629815363023 77.926337858161304 28.836011218582847 29.173210311259524 82.195120182599652 34.248180788772231 15.133239759579730 31.175439343824308 45.885220039320060 68.768116776237818 48.727873771713234 97.334474071196766 8.344822922017281 45.764689179381854 70.405033668445583 93.476071219030274 45.224914605236243 50.431624815839591 56.966613049693017 86.939730008997088 4.354118977233689 26.292137183119113 15.579946734958616 66.555525648351434 65.671233585392272 31.077465992405806 21.928818853416566 48.193089309687529 97.319437249966185 8.583138341344398 42.133069623441578 25.585184172078712 38.772380481383919 58.832475581927255 3.014818946478448 64.151680169780562 92.471997701057433 45.186562773710584 1.257091986955605 15.608161726631453 82.027201028668117 85.198240842218667 71.878213299404038 25.619315628123985 46.121052682128827 73.116074155724206 31.412867471071259 22.913587820724700 20.931960740433087 24.756414960112640 12.318366149075233 11.712281721869156 10.111705327159658 43.442159403197955 0.069244188790241 27.758613651520559 37.236648929900376 79.935136918367633 15.332402482414020 78.315170510189787 53.728971525140359 73.117890580864483 12.772636257247793 81.214947356407777 55.612700648043578 67.096185600099233 78.486136616867142 12.659243145728205 21.828885111993102 31.738030303379517 72.038020786174229 66.561012785243122 0.547149827612592 94.060704643378784 15.852625524904163 68.694223224157042 26.836399530437603 10.746318112621323 61.833295638932860 24.036503963035727 21.316057122990848 19.888973124542265 7.765730126937010 95.941696614757049 98.272654954194820 17.523491873223186 71.785665065373692 20.602099313546706 75.097500968156680 57.103356000929139 39.432948230088527 45.725194215222920 30.087736368769178 26.295746195872049 37.666719109890799 97.849530075485958 30.902469246165431 6.189667510063379 75.055056933586755 35.272238422696269 49.921847375633234 20.157118354722215 38.643504476914046 61.450426151483597 53.124550536453739 9.150116622617432 24.195685037545779 93.141918669754602 15.731127991720918 77.862440205105969 10.746318110502951 61.833295638932860 24.036503963035727 21.316057122990848 19.888973124542265 7.765730126937010 95.941696614757049 98.272654954194820 17.523491873223186 71.785665065373692 20.602099313546706 75.097500968156680 57.103356000929139 39.432948230088527 24.599241618446733 3.180629815363023 77.926337858161304 28.836011218582847 29.173210311259524 82.195120182599652 34.248180788772231 15.133239759579730 45.725194206497889 30.087736368769178 26.295746195872049 37.666719109890799 97.849530075485958 30.902469246165431 6.189667510063379 75.055056933586755 35.272238422696269 49.921847375633234 20.157118354722215 31.175439343824308 45.885220039320060 68.768116776237818 48.727873771713234 40.575686308823080 73.287901194811724 53.631507999529568
67.685669012305112 37.022699526944756 33.908356125461900 77.447740287339442 11.290765680498771 5.057449510033996 26.497871506696491 19.515598820995962 11.166163220698833 28.894519158505759 61.510746329609610 59.390011372695838 72.331400293117241 82.550382390504936 17.959900385249949 56.465869281172353 86.006937556402434 14.122040261361523 75.865327055030789 68.563224573043826 60.958829531472269 73.125668331190781 29.601104661748213 2.038361187246784 59.953210357118927 30.448152398955976 61.347065422958735 47.142958219156384 5.903570455830209 37.684997719924340 84.283072915821393 86.806863729107903 49.987589588422232 9.736632830711866 46.490765701429012 9.293267351525126 77.139885166162799 97.180212389316438 87.971074427791649 37.422579421462245 2.038361187246784 59.953210357118927 30.448152398955976 61.347065422958735 47.142958219156384 5.903570455830209 37.684997719924340 84.283072915821393 27.248233947206778 13.309070152033698 40.339624559817587 85.507633506514892 41.127771139961432 19.763339090802358 17.725142582559283 2.147869944045422 36.993563332413949 89.845119845413421 59.682866959887370 36.089410659829902 47.933624995976601 29.167295939421155 26.428714191389989 69.939539652237002 45.213866086227497 21.998677094315976 11.227241520686748 61.493726386243807 49.110260282829401 54.380388650144383 91.100477725391315 21.148133081030640 79.088406648224350 70.981334223524698 52.734140807006312 29.007422898258618 78.732339486972307 12.633061598504113 61.522454256601932 66.481051901565095 49.430795112069816 81.109677213128066 30.020502569054010 43.915627815752181 25.699278777108091 58.276102034906309 26.847984312191777 83.922914174837487 13.114634801159230 17.106683396491039 40.133956698255368 63.758673962948997 5.690952392488880 80.581828703974381 23.817721936945723 68.405879709173675 99.844597906523319 84.384189832929522 21.828958078674265 45.363974989722401 15.219851877547985 10.077195113211445 39.099783717767842 45.066848007102166 72.731620233939225 19.778456739736050 49.169405166397297 40.351153727072862 39.426242375115272 84.858326815106750 14.567146596937320 95.107188228226164 54.747594684481015 4.509440272838616 5.457896550477182 71.784388638985305 95.559374336554441 34.077292245560798 79.488199114117791 60.293796074547522 47.183473893551295 35.574348822367782 22.328872546571255 77.010141315753273 43.154515099536674 17.334949973344116 68.835272230286989 3.507038668149065 54.754508505837926 9.029128616620630 65.736448070436055 75.222708448336434 41.251234090187019 24.235229680744254 15.883218627349205 36.447660749798963 72.567501489057577 27.351111413251438 3.653158113925881 66.070611162562741 13.309070152513181 40.339624559817587 85.507633506514892 41.127771139961432 19.763339090802358 17.725142582559283 2.147869944045422 36.993563332413949 89.845119845413421 59.682866959887370 36.089410659829902 47.933624995976601 29.167295939421155 26.428714191389989 69.939539652237002 15.883218627349205 24.235229680744254 15.883218627349205 36.447660749798963 72.567501489057577 27.351111413251438 3.653158113925881 66.070611162562741 75.351452255904178 55.642909515183106 38.089434455900275 12.800002461647075 96.139745611955931 80.532181671443482 54.482360787480246 38.089434455900275 12.800002461647075 96.139745611955931 80.532181671443482 54.482360787480246 46.872571837424324 16.484137340236551 48.751171252453076 89.262339787728649 34.115550394404536 13.928691129836324 1.761333065254855 20.900714039225697 21.616551528331129 19.501542241645687 43.570952695121449 51.963524224707037 88.068530555794851 62.403410147267543 91.026635253127992 69.563934477928399 0.031569367533113 93.108404518121034 98.536363526776569 12.381048563042063 62.403410147267543 91.026635253127992 55.067986928667082 47.526347097906907 82.201886141663351
10.949301898771512 99.056805097674243 26.842810651929781 12.227819768774694 31.628115562290450 3.700220110282781 74.740340582171257 40.024603599024267 84.936455576841638 95.744667934070151 79.695910229366561 35.065214971820893 83.922914162957682 35.543530730056197 82.004863406650969 25.886674289426725 71.455400106170870 82.236900763471581 13.527615864553709 27.585690035372590 8.724375202442225 95.820575250139200 48.732732411118604 13.114634800914260 17.106683396491039 40.133956698255368 63.758673962948997 5.690952392488880 80.581828703974381 23.817721936945723 48.732732411118604 13.114634800914260 17.106683396491039 40.133956698255368 63.758673962948997 5.690952392488880 80.581828703974381 23.817721936945723 68.405879709173675 99.844597906523319 63.758673968698830 5.690952392488880 80.581828703974381 23.817721936945723 92.668994633716281 46.950354079418844 94.547946895271224 38.335593923036463 64.000174719476249 89.997584287868222 71.772329393605403 31.083951130568021 33.866853837415199 17.581278975141799 17.390578357110563 29.892520341708028 35.916556710555113 88.930911471033596 95.744667947213230 79.695910229366561 35.065214971820893 2.315321778315416 62.650729393910275 56.763562520475240 71.560555425453117 99.660283138260922 60.081265795916472 31.180304237570589 14.918497352643211 37.792536306590421 31.851541384472281 49.877680834251180 43.004483191162301 37.473370552552801 6.285720307928999 66.275502302704098 38.242008412797887 90.251347479277683 36.566639079882066 88.236989352936902 47.957460774083948 13.581725428212987 22.958726355206728 31.614565292014184 28.573740441346374 2.164018583729121 80.105314186957557 26.455402263902517 94.103753832868406 54.358124974526781 16.086780281338310 66.323811529734058 43.429705905318727 72.729025848734025 68.364237769638805 23.893442281577027 49.985447364984722 8.826394302715901 86.329998853017216 92.715397281883256 41.233917310656146 65.691939948953504 42.418120454521990 3.598166603980146 39.708354622867816 2.947929715127395 70.313003548929416 72.182484889821879 64.688641941774165 2.071414989498377 35.877697250956828 71.840005820107308 70.402730483612402 85.994437869072627 99.885775927729441 62.465672556308519 8.063923268907381 29.347425372543977 59.319198533110232 74.355116633569551 67.030953380586070 18.431522110749487 86.223403841022844 49.152562096041066 42.426909609690767 24.270126749414310 26.625934508395964 79.638759364125917 14.694503405016700 38.998542429010875 62.934577657521217 55.507393688810694 22.677949051068747 22.560247268083234 8.561109584484273 56.653448408658200 19.766008339511476 50.172037863270447 94.778009867100906 84.649309523650345 34.758891956329684 68.140872938220056 9.802995040795803 52.055614038705144 32.657752544141857 19.172842778590248 48.795012444933420 58.706185693001324 1.520876408953853 62.969836784360254 21.134213407114878 41.924561418938175 34.036813173838475 87.024592083110221 89.305532253247094 25.952487619681520 67.258490631042093 58.706185693001324 1.520876408953853 62.969836784360254 21.134213407114878 41.924561418938175 34.036813173838475 87.024592083110221 89.305532253247094 25.952487619681520 67.258490631042093 52.926594365983526 45.472460240517023 78.966499758331707 15.312719457554858 40.169527693071181 52.829097147924152 34.632153055459725 28.567969354957125 17.421783285806203 24.190639749635888 67.413547310034389 31.855234414983936 50.310181432692971 50.947572088256912 89.733922721391806 9.137095978612187 77.498201667480416 90.833605619855689 85.780688700222655 77.434665010107224 10.749072167984563 60.515971590287798 10.507777300465825 15.088432344328373 23.558409052596417 40.550733613739922 84.804581941228022 77.576100684899771 2.550828666499105 60.785694669055260 41.662521406794639 6.772629490072113 45.101786003715752
75.172545537322193 8.813258117911838 83.024981197005729 58.197397317957908 81.047025186794343 64.898513982816127 83.643196748210229 76.660678809448029 41.696912596878832 23.820115981568335 93.957054378175627 64.853718075161964 7.260217895263644 9.043888044969373 17.058919466319644 36.184611877841199 69.170336952648739 9.905772917796119 40.580031516949248 88.148947546682237 86.897789011191946 1.711690701526081 33.885969174109242 29.702980270517021 3.731406295540252 53.813094696737906 30.270913734063708 34.870562187033102 87.199811575902984 84.575731483318791 46.687746600281834 79.294459893075683 91.830393439702064 95.292657362054371 50.816241011679217 40.229209438442112 49.658406488770957 31.346436608621953 33.953562092618874 73.898239327640908 1.128423396441036 28.651497948798777 2.633346747169762 13.346849098870106 32.180686904613488 46.627049887827297 0.892055297955119 68.233223758549144 75.168453859481261 88.840882247127922 65.957382309819963 5.776021329888803 50.095591607668453 43.565121640460681 69.665087291730416 55.635687124414844 5.300394197123948 32.600359118880320 58.214380471379378 32.726170931745344 55.931828230017423 9.382828200992499 37.869087006670732 89.757669201282113 65.663982589138058 45.874576089528588 33.062340883946383 22.721943483417718 63.399744124983506 75.526206404036074 39.433879557948657 4.701576725505929 89.132619938061083 77.785827158320757 61.850073018248331 76.849380062237600 68.294120373605494 9.241913436477633 12.423952988891751 66.092206260537736 56.571024264329616 74.287081333143888 86.660440631758220 4.526408543779570 30.220510265043600 22.433432337401239 66.773682275690931 35.566721302544657 40.049132652662678 67.798061915981592 18.918112104078176 76.946116179215210 51.924080487177093 71.796091806121865 70.639175094857222 29.451295104091514 51.582421555295653 45.738732636733104 2.722406804328470 21.599737612655311 80.170288858406707 46.145206950869252 86.707737408621455 16.553441541338476 6.524770758908371 21.118188769755943 9.279663894900159 80.765654360578992 13.033596951849480 8.654809793642338 16.422492207809359 3.913269653057949 44.775326057108181 27.445428441199514 59.422233637473823 37.746863455484650 94.273180717087641 92.290676475981343 53.292652069225312 22.748799396027742 44.726685008743026 87.126269584645243 98.279215214172893 99.189749529680810 58.826024969008728 46.302688096556132 40.723900986526260 22.447660258835988 79.189685277826072 8.595722718583055 79.710080788476077 51.253858797260335 88.103988728939626 41.233068863439485 32.020377443695658 86.756897717352373 45.827699061907147 70.363790334542017 7.686014203094704 30.000410819314837 45.051760479155249 92.345995770039153 45.806936064378199 98.607699998225598 0.027215397558933 1.325954477921865 22.675197032389615 64.605162728950944 85.443219286707063 78.770820825912580 53.605848173723039 75.895793564544277 18.311816492638322 37.381699497037587 26.960272622329285 14.577357502445986 73.818795032939519 53.224675795349675 7.102151057089168 27.553367444188147 56.895623537300168 85.436121194038051 54.335920237806775 77.129704288277480 72.160734534342680 42.235635734156716 62.719555196385400 93.438127367739554 25.889327446082056 75.037001874899317 31.030374620131372 14.776666818385497 60.683726478179281 44.082065094476583 16.617678741882123 46.845116712116855 45.096340555581740 26.113192700142442 61.131622032738598 50.652059774577950 44.395911678995617 11.726268863155420 66.405852757735857 13.458662753957885 93.036197852499200 91.545295839445046 87.899926078149520 54.445995151556879 57.622632328112445 69.942864053600715 78.270728408357769 59.097759445138244 6.384967650198647 38.163469903487602 61.359199999482726 38.174942123989666 40.669678940655508 45.852110710757707 13.703111682703240 97.150398281005849
76.845091668036915 51.134200256924181 43.220152904553700 53.112565795685072 37.883232917785392 0.751361710711695 65.832052550622763 14.122847717996290 51.964703668711330 37.159999620261019 37.843781853806213 73.425598926003858 33.583166167986420 4.644978009410783 78.837493724144622 76.945883827380470 57.310273313259685 23.071913924896293 59.257861841511861 4.661885073094608 75.604327151979305 30.085752715080481 65.443465688307782 47.002221547453345 20.528329777461973 84.540400381323252 24.291403122324361 69.041023834317471 74.163698634614121 0.292663758050260 66.071165626122067 66.351556258538253 99.957640138552833 46.637033926498205 31.684535840383255 71.460750452573819 61.241111306053256 87.778491641874950 64.083832442239185 14.329547853407254 91.332037185150142 99.226607360998827 48.765717236931913 12.142006942883155 51.521141520996707 6.826689239634776 36.186101876785536 13.219470901061658 84.806562119046532 6.090695644409017 49.771217791613942 4.744115802115367 8.094642467986057 21.269360616416488 34.989277073302425 70.497395341071353 52.216534436252019 44.554074107169384 64.985154865245278 40.128160722870042 2.788471383344326 21.468444133014575 97.841754156049092 10.609526562454940 47.561011099774205 33.357346907543658 14.433504312619483 52.856199598863796 27.174645352749195 61.759630745051993 30.257889008874606 46.412017042262207 13.289095269739759 27.580085465391036 36.150648418403229 2.558039171903836 62.944205678881815 73.557115768995885 84.197880481620444 37.221115871716194 56.847686220293703 45.329088819775166 30.420302145087774 76.805279786921545 49.675226397463291 72.825949771862724 1.523943873078804 21.208923288043568 94.891186066678785 94.618453729776490 39.394501575005833 60.569141577574790 74.512331565284299 54.963642490333086 84.406304623307079 88.438383923923354 13.997815996498254 29.780904592054036 90.283429224133442 36.313372354149799 12.360339583517920 49.299940909316931 97.688061326992752 93.963693473284309 1.916151789764609 39.534453342142641 12.084236466917986 88.043212629037058 87.833995143743081 65.459869835276990 10.913664275100654 25.615609209850078 84.697188293770850 61.001927606735215 25.423586791865503 89.275668172974562 45.816958696467701 19.927766082768304 99.275891370851554 45.643259319230786 29.375589801222944 55.490404859179954 98.926392094103420 35.051527610570730 40.049740085556628 10.308983208875643 84.743312018070526 17.201681069163755 89.059429211731384 58.309592412366463 4.167261640455577 91.927999362812713 42.683507866183810 41.219008418146373 98.501850181214778 52.843303717307400 79.995423497845792 28.868361669943887 41.702954030241514 76.269611183686095 39.132284047000418 85.912409545300591 84.467500774725949 57.695315515170066 10.823147181198900 95.986402007073224 64.423736124651526 77.979813980689144 89.339382105386107 30.287553195797191 13.589379326291361 4.072162523198742 69.415094706181009 65.951740324606746 48.765680939671071 30.915769350774227 35.776713073955456 67.132588407691401 10.214780265303148 5.910128873736786 27.250268205143612 96.300883651163289 57.900552072150838 27.072956126852034 66.222857900601568 49.368251999844759 59.240873564415530 9.117952462284284 53.245799512733058 48.404832508025073 64.658823988379936 38.079189090704560 98.561898432516116 62.703318043209080 28.630923848280876 73.622119431249189 69.462423011884610 38.267464880454028 94.075537706942853 3.870388506421940 23.174522583281721 79.223448678858446 83.189920848163979 10.802807123959235 89.652942593511483 53.815145454686643 15.925422909376364 89.780944399265451 16.771944133376358 55.324571362046569 24.473968924728506 62.487846353249211 75.870684400300519 82.008791072531650 30.776291894458517 24.235919057142198 72.534548573734909 76.130820012260102 33.326035879412608 18.419350317633899
61.269568147386281 2.458747431987141 14.819881614531649 11.454781855815510 57.720348613843051 49.464157774424130 97.830377572154632 26.773816166651741 19.037461198721061 45.577054125148805 43.676270598076471 53.456919415263627 42.184972339874214 14.633331878547484 20.533152474598062 60.789052272330288 37.020049469370456 53.728890899419035 34.246215042874731 47.288539845365399 54.425707110958129 64.114106094879816 65.510406553872443 87.625584628619919 78.831643528947055 99.539691083492485 47.743911419468233 36.223937852799217 80.931712904667407 53.931574009615005 28.927213298907649 10.262615819696940 24.662633141769529 20.632889409463530 13.631553905779192 56.874218095159193 4.404837366744207 2.180325197856148 9.218884412233908 68.037438701511547 41.714210951601295 98.045748788927767 29.299998627595158 85.533524587518130 62.309450448838589 37.811958829585201 65.476677397025895 72.478355425999126 14.347309206679693 85.658656820990942 35.702172770863918 28.529324829701409 84.335456342562182 50.750080129199517 86.067504638117043 69.550369324666377 72.793638473444773 69.125910281685904 80.421320643823478 96.752288192500728 23.385959781388987 41.421792826541818 30.194589442447928 94.062298084898174 41.761123944953660 96.851164327022573 50.750080126880093 86.067504638117043 69.550369324666377 72.793638473444773 69.125910281685904 80.421320643823478 96.752288192500728 23.385959781388987 41.421792826541818 30.194589442447928 94.062298084898174 41.761123944953660 96.851164327022573 87.275780205225928 8.522882100970486 98.606071108772085 27.488109038389684 85.268583570640061 24.186501873545609 30.518136850285039 90.483505054420348 87.497375442930377 2.626388446615668 97.075261223616707 18.522342329325902 72.812862881632540 54.339237326778147 40.516565395814673 43.084244950439142 14.160232355468294 93.852929689971859 71.723768637644596 53.358575600428772 87.778491629317429 64.083832442239185 14.329547853407254 91.332037185150142 99.226607360998827 48.765717236931913 12.142006942883155 51.521141520996707 6.826689239634776 36.186101876785536 13.219470901061658 84.806562119046532 6.090695644409017 49.771217791613942 4.744115802115367 8.094642467986057 21.269360616416488 34.989277073302425 70.497395341071353 52.216534436252019 44.554074107169384 64.985154865245278 40.128160722870042 2.788471383344326 21.468444133014575 97.841754156049092 10.609526562454940 47.561011099774205 33.357346907543658 14.433504312619483 52.856199598863796 27.174645352749195 61.759630745051993 30.257889008874606 46.412017042262207 13.289095269739759 27.580085465391036 36.150648418403229 2.558039171903836 27.488109038389684 85.268583570640061 24.186501873545609 30.518136850285039 90.483505054420348 87.497375442930377 2.626388446615668 97.075261223616707 18.522342329325902 72.812862881632540 54.339237326778147 40.516565395814673 43.084244950439142 14.160232355468294 93.852929689971859 71.723768637644596 53.358575600428772 97.295780582383301 47.300706478485012 83.502988615415148 11.787297063935952 38.223228373241028 49.226765066283050 89.375657852123808 67.968343760453507 70.456215728273648 63.034462678985349 39.114319780319839 37.910846627843064 76.960584532099773 94.739465837667012 86.236005259579997 85.213899807108248 63.494883827529378 15.923252250753384 61.076575278667057 89.647597909019765 69.431348153674293 38.413612441357145 47.590669324931000 44.957882126425453 98.500732233935324 70.289086585323147 95.813083339674847 5.519947666098346 35.036266180968120 67.479229111897567 6.870582232861411 22.477613282248953 21.604577209932984 65.016635431561681 33.317522042189637 64.342978523207421 20.385678202947222 68.168321208562190 88.383808203456198 68.543932933891980 78.663777824564221 0.248743224041614 9.076216711965369 79.124737367426988 71.210881623896697
22.399765073268764 17.092368482467069 74.037544411927982 81.611637504347229 99.211984125229037 55.418438361209724 88.751057691890708 0.991438709472126 11.462579380957772 16.817348753012297 38.777142753655781 65.829419181199768 82.957950138504870 65.002255018376033 56.163588407131002 58.276995154393688 94.574923631455150 27.154431789819522 73.031259537164274 74.355199584576511 9.492972628430806 67.186283995403912 16.817348753012297 38.777142753655781 65.829419181199768 82.957950138504870 65.002255018376033 56.163588407131002 58.276995154393688 94.574923631455150 27.154431789819522 73.031259537164274 74.355199584576511 9.492972628430806 67.186283995403912 22.781766411084568 55.022997707921903 30.371432111210950 13.937594468529946 36.507895872317711 28.526327713491206 30.687501748361257 45.803444742070297 79.359056331660966 74.983533476764734 80.013582177372342 51.147957183613414 47.389364352144945 46.514516376635825 20.108036601431024 24.986460734098625 64.393624110932208 81.759369023248368 43.337871983509181 11.505591968707051 98.634966812409957 54.038755698826165 32.017155262498932 36.782398211518206 9.581662702761385 67.440671503934581 55.373618058973584 32.239602868141674 34.243941281309716 31.765373691732147 7.957261502539781 19.561945677304404 61.947545782054881 37.200695508556436 41.060257592038084 42.938838954021286 37.620799768521152 82.113744539042969 72.545002339755953 31.199008345023195 34.125663054087404 44.893844509481639 20.895516492516506 31.592244268855353 71.385336228046867 97.689529665457755 47.563642998502708 59.366872341731160 73.021848842770467 93.011567522706443 41.789002949132090 7.136307317642244 20.034997512125031 30.701127721811574 74.214809102712877 84.727216153871581 14.944816191355992 37.216476121956724 46.282289693754123 30.538524851866022 77.538797354832582 69.288155677462711 53.537467601950929 6.562223934900658 30.239315675856904 90.185120832477693 57.485568495094128 83.004283860321948 17.534743488058446 97.989963917631798 67.899161812697841 19.288641499863203 64.390712460862389 84.543904038785811 72.115000190434841 78.814790443168619 19.204469765034183 19.434337962097992 61.977513117580393 54.115071008470693 14.680382443683527 2.018893995278426 71.999144465807191 47.988716457830996 73.961844858864012 17.687124059630456 94.237712587731153 84.422754923166693 35.461858151628626 94.560815946558478 3.971051194309472 18.382908425352685 73.818537533052933 84.547905306992405 93.684292643455137 26.131355288601565 1.741598622323060 60.125128425993047 68.537529525986201 72.741902012435020 30.669108079890051 22.672387138807572 27.595979076240539 49.934563918629202 19.332048816498727 38.659524899174471 13.317539090252406 20.697201575230860 90.357042334742047 60.735891806198005 37.217592813472386 45.901803637213810 60.532596285240622 39.335062067403669 52.968324769143194 17.645937859120675 41.863470294549565 96.290335242777047 4.686100609301969 18.292397359471600 83.869456611706823 26.970541043983630 41.028339932917923 31.785775178191567 82.223960060023089 90.904906046834341 27.461494627429349 9.575589491209124 33.777310899360188 60.611776308143725 22.556289429854491 94.241029807213224 16.113683365650200 38.113689980610630 39.728719507970276 38.781126898618922 85.397483619492320 82.015510434244433 61.409904243400923 99.400235282600619 13.489304630945298 72.531722124751084 45.655665424958784 64.797764758464538 2.583555138559757 70.391957328389580 26.786406487073545 99.526102248602243 21.120640338264874 69.366683719951723 42.187986606809389 40.421496433184466 65.769725008867979 21.255685470018150 82.840653035742704 78.701989425482694 60.399571164144902 89.381391682369880 41.925072192867454 77.620506127415752 2.287953013854249 14.138087640056018 27.940711254084860 84.051773129652105 45.238912583933278
42.425714027547620 86.052410593732745 31.103141990436811 19.727925987867756 29.655529201511811 46.429531386423420 51.005795486526573 13.964712636949839 42.446050497180607 88.450332722211812 42.992063275632333 49.505588984703138 89.626810826227683 44.680489834190837 52.590221196874367 54.321242518030502 35.711964005712659 81.554803000689930 37.763550265034439 2.205519160950031 75.374896963614475 5.513218624673033 36.251237787905374 89.924886897798544 63.013714592842781 87.635030010782117 83.245238864681554 63.306898178509655 26.124365819779637 63.180597604148772 31.429084961964715 84.954718337797345 5.298229943133093 2.158288382993778 89.439257294129334 38.317664015193984 41.005446643458434 25.897174984004177 35.800547811925213 66.066241851013132 73.294120172424130 21.096064556955707 73.737489304273808 29.755305548655965 62.218396911035768 56.403512225591179 58.517876859519632 43.426691822126870 7.110121704085448 29.981421969058097 93.025723926860422 80.465030845795113 19.685911535218349 69.175060578052609 66.981781841666333 98.093915219000891 88.668808777671046 38.572984003814213 22.543676951027290 75.737752343976140 80.287739230090210 71.515493650835708 87.900926890607280 24.693783038134420 51.554947329248378 54.843876013341500 1.731117030472740 32.444607812202229 20.295046410825613 56.814963091667337 4.374262152574781 91.526981545220508 15.087300269167269 25.429585093142737 92.909985018091817 43.681540649466854 44.402769973852820 40.465327392802166 21.878316450055067 96.688135857394101 86.916594310496649 51.483492685170226 71.483334602968455 72.344455588249843 21.009225610048532 96.701284132294944 7.366754565344424 54.151343927242465 30.698637946829955 88.036303692364243 83.815621910304117 9.573668782327793 34.098812009193537 50.728669697215203 35.501121917559040 84.013325187373297 59.215019077448638 35.494097495853318 36.908338858522640 12.049861144454766 60.246341937036050 9.903036747453974 93.837928399737478 86.974934044373470 51.772241266170262 12.647409630052476 90.984564759939374 52.621756563496056 1.166754661006142 14.577061966087335 69.698944848960110 89.684803876355673 81.098559854030015 2.518888395615348 19.165212378223373 15.315013606902362 8.123321071958101 54.471053355590868 54.267939983213466 69.585036031560293 32.012474460151275 45.097812576019557 68.871318050572299 5.081362376861264 46.398741873651971 14.119251582879288 58.697802303151889 13.129668117194516 99.635788769824543 7.804058033919892 46.059190600505971 77.927759340431450 7.307405946818879 84.732328047715882 12.874296070099289 70.946533732338651 28.334741361249449 2.019427550923525 58.614035426228028 51.841130549057269 89.934012869252854 17.616698657692233 92.201898526930322 5.009209551123583 40.466953003411902 16.521196950260176 14.753815238649171 5.601106750384366 92.681554783299930 60.299040533995395 44.814336396816124 63.935422105518803 96.727531229681489 99.863765358570916 49.263765640439203 38.192201952124528 78.191229072132245 67.378981393635684 14.886324487816117 72.773594142824479 27.125885365475209 96.379253434900775 29.694377857089659 15.966383997478840 34.059876586610237 90.653771297615322 78.838476383620744 61.726779025232538 52.068367871826673 14.464796562818961 78.688781110606271 45.008874080078797 90.381117802991511 94.708652869012283 86.914601389270572 92.230557699673525 77.474748127481291 67.748271956818684 4.012509669261133 26.298442735093332 85.660818305451812 12.938995634041506 50.952678634043515 34.808631941570624 96.595994828778871 45.744416959881427 80.858442023758016 82.164542344847263 90.396019471275935 55.392022881484181 56.895036539935347 83.898009445969208 72.608960634753146 78.061340894166605 19.333307913438581 5.828978781122574 94.134424061959564 79.256409836580261 5.172969773938885 88.162633888847424
18.523404369626540 88.532582038865428 70.893138545337791 1.353218596550954 0.468844130652935 34.808631941570624 96.595994828778871 45.744416959881427 80.858442023758016 82.164542344847263 90.396019471275935 55.392022881484181 56.895036539935347 83.898009445969208 72.608960634753146 78.061340894166605 19.333307913438581 5.828978781122574 94.134424061959564 79.256409836580261 5.172969773938885 88.162633888847424 18.523404369626540 88.532582038865428 70.893138545337791 1.353218596550954 0.468844130652935 98.393658611251993 75.671907322197896 74.692955700174721 76.746580632978606 2.472065475699048 99.811674174836014 86.036883108402179 44.543748436458486 33.923318407320913 9.221144502706125 8.275724472627910 95.039445143511699 37.711060199946822 39.117533030512185 56.284874756716832 81.595602980512496 11.628142293955769 65.839422654258243 91.383483793657120 80.158295410376311 39.442362553707923 34.180916510701365 15.349754322383935 40.652338840659816 96.686217331832907 17.732958175980674 17.203715177079516 13.190744053733805 22.708987314041217 3.050508587491929 56.693451719210721 14.680317685819732 93.187642792257492 57.875249193369960 92.739861995776991 85.321689373268541 87.390755286793137 1.902244159041866 73.782281594709005 22.708987323758322 3.050508587491929 56.693451719210721 14.119251582879288 58.697802303151889 13.129668117194516 99.635788769824543 7.804058033919892 46.059190600505971 77.927759340431450 7.307405946818879 84.732328047715882 12.874296070099289 70.946533732338651 28.334741361249449 2.019427550923525 58.614035426228028 51.841130549057269 89.934012869252854 17.616698657692233 92.201898526930322 5.009209551123583 40.466953003411902 16.521196950260176 14.753815238649171 5.601106750384366 92.681554783299930 60.299040533995395 44.814336396816124 63.935422105518803 96.727531229681489 99.863765358570916 49.263765640439203 38.192201952124528 78.191229072132245 67.378981393635684 14.886324487816117 72.773594142824479 27.125885365475209 96.379253434900775 29.694377857089659 15.966383997478840 34.059876586610237 90.653771297615322 78.838476383620744 61.726779025232538 52.068367871826673 14.464796562818961 78.688781110606271 45.008874080078797 90.381117802991511 94.708652869012283 86.914601389270572 98.852433948356705 23.457789928231200 32.814175604698001 55.808326814995681 19.761047086858554 15.794468956795960 71.266687288037318 4.549397511802233 45.287112406447150 82.321316663655423 34.119502662367594 0.792524399896721 65.592715554341382 80.600671738402070 32.156559432499286 3.720527696117937 39.771958218191017 20.624377692672681 11.793299181086159 11.938808645800359 73.369401086175472 15.050220111728352 4.360384416707852 82.954692212867670 70.513721538311430 91.295060418932877 76.814875428783466 7.546807534748845 14.190411016998949 17.278498922613437 97.552767988700509 61.926174974268868 17.709365971890399 35.258271449803367 43.747341692306094 69.936852379910420 22.816163088171272 22.353006543733400 11.716740899267908 33.999411556714506 73.911814532668558 46.484921242607378 2.264062217263596 81.821048191090341 78.129512441382417 87.364052752620395 63.022805025925052 16.525408525693486 8.075912506634653 69.116126839180666 74.782912060244385 73.827264056464628 98.470103013024882 71.698118740866562 39.928512951003391 0.362163502679125 75.840333776091427 31.238138779193104 70.812998603545893 60.643760652565661 21.368821386312064 56.258846073187755 66.249617430779864 39.554741917903890 98.701311451449257 65.774450493416651 87.560683887365300 88.303415143359302 90.673175312435134 45.150593640319606 60.768797490615945 16.273649859749916 26.544503941049268 14.170769564959295 27.172818290229461 55.255410195731777 20.693202856277047 39.085951916219365 19.445018498857724 31.365019526111539 55.486166350704949
84.076041452279384 33.374371447876939 7.415491635416450 97.659119682558767 29.515626953291164 52.091874505251347 73.537948914315137 80.820578214196075 57.091461838597169 82.810279214392750 16.629899561876591 70.398594085605467 9.606054501118821 75.415547026800212 8.856283285970889 22.529720445971535 84.560415981188555 57.843100299029857 0.151728648448457 90.003984146269417 49.344866883783624 87.475115085535876 84.317410961194966 33.820399272259536 1.531305991171561 83.573865496617088 23.290941509572583 52.852656513195207 42.304907094387737 27.524789760719692 82.669924384442893 11.632751085393689 23.919304263270249 83.731273421344071 25.759374915924973 1.659992719183956 76.068710869628859 16.915046109606280 5.538927958192586 41.820991447011025 33.481717239034360 59.012705612054383 60.505683734158602 56.472436904400148 62.829425433756334 6.765811573140235 34.662828156396650 76.727597230954274 47.668454477990082 8.367853074171395 93.622405918206582 50.316559163701882 10.550587647868692 23.416656597343543 74.178548528292268 98.244072054216375 34.339219306576865 24.092394039327036 67.860608210700860 34.003602151691901 91.300933660533630 86.839339872824226 31.024126173727083 43.552935385702007 83.555947471007599 14.840186666432587 43.452019896908681 93.920165195783852 16.973509200554247 63.205866254852324 37.564452869335639 78.886068414194440 51.846325813658090 50.194014114883814 93.929542800446569 25.827449503642576 85.303662837428959 38.747087541947288 62.545846561687469 3.563582286151579 97.580206738741907 3.135634844914703 91.594660256265641 84.989961482389589 28.108351133125144 26.653111159388164 88.891900168530555 55.162997402156385 61.257072418227310 66.224815470191729 61.439502291999084 93.687678289813675 38.631844538326412 42.045124325777174 0.017950005678469 35.921968708966354 58.313143057553383 68.868197573020581 68.236269774561634 83.593314470473302 91.332493172478408 10.834845055147458 68.483461640595095 45.935710509097618 82.625728896755533 18.684549347048250 16.901163920531502 3.195675251119690 60.669167545086687 23.476886762459937 6.161945630157540 17.559350901817794 52.813070475577526 83.461420958192051 71.139935412553001 40.664225195046590 11.472213175556856 27.686048550695862 56.557494261842542 60.621248784079519 60.353854502211092 1.427672239155542 97.253127572385168 19.932886470608135 96.703452977147847 70.838141360910058 56.223145821588162 65.772534581347415 66.933277265398132 73.463140219680710 40.590569294135889 79.520314681292163 76.287371138202005 44.857011126210011 31.895975023967093 44.599458007214878 66.798929634850708 45.878120053390205 56.820213122072929 66.714963323605332 77.143059203140496 44.963180374097576 49.614403487675517 74.956529043070262 9.817602400394376 5.043864411136334 45.637188487773116 40.371516676675476 14.797140705770007 66.890728149224827 62.560249726188779 26.322417723812354 10.005084947230758 70.061716731065658 90.490587849304120 25.037215662804226 66.327588849686435 91.406977046521760 52.643532867403110 71.092631876694128 44.653515760006037 67.448378692809385 82.985229771926214 3.839960297339551 55.356744923857491 12.855132080898068 96.752621017096800 85.711409685688139 39.538813797757498 67.706039809527709 21.039426766982771 69.956688116329417 71.871202773463637 64.477738244369249 46.801887923248486 22.584054883220837 15.592223065722710 38.215192341724567 86.473364504384563 0.080063094905214 69.945799885784083 3.310756055803665 46.714022146300373 5.569295593762313 42.106378460043146 5.558588643597117 57.453720158493113 52.337720634995058 93.807020327614339 72.475249151175262 40.825518428714815 82.921375706913082 44.547734327441923 79.764478764828468 92.951868556748366 85.244362778322127 98.697287715703553 2.200740701337534 51.567550451347877 68.683129137309749
9.617191118332746 17.417276098149493 99.249532036537857 56.673556643238086 74.771200309355351 97.399935275773501 50.826658931477695 54.825196003694423 70.803422508715627 96.565152331746546 13.798378787171195 60.447936168341357 7.111149181379394 11.634763027608608 5.750206311048389 89.340577407384430 84.280733842246946 53.870057211815173 60.322178506055778 21.476855364031600 73.130586055532476 74.148441112371088 87.921640649996633 34.790961221145444 40.318873445162374 88.579327180442959 96.002203806901704 56.581491648601137 99.098848422184247 2.071120140557270 42.234504599702049 39.286227437052844 34.561209184466335 59.276817477189148 73.843526594454673 4.461500076979408 70.541848463595073 2.695927058669545 80.526856784661149 99.490332146773369 3.372080618648599 35.543474588727022 97.428928115012610 86.679352540592205 57.620569524469168 87.619916695304994 26.440798359243601 39.282604850914161 49.390690530210037 84.636589669185994 16.949268454167942 12.881500486080476 65.295726719076242 58.469577853801212 97.595314454812907 55.932855413378149 12.807522109959580 12.402882891944989 69.470047596962942 89.144908364876201 35.578753826623441 51.538079763634791 59.379148568450411 2.258200032496216 31.481472275668022 61.225942632819397 46.974292656260808 46.102897194049540 94.428605558401017 18.505383635511265 99.614137973442098 19.697639192953243 15.732271851659196 23.911326422106260 23.335360135201320 49.522835274743734 14.097065235953998 65.221354220092181 75.891678720480400 57.911690138384131 89.114898990460617 44.212081100190034 11.168477406113675 38.654031545586228 36.364811026043874 14.314400831126239 15.982814291498970 88.666618713943294 72.430513842237460 72.395319202170469 70.886985679502118 25.630338927658649 71.248818371921274 50.844140268581342 23.903140538198308 55.506603599796719 96.131410617169905 42.649991356594384 31.091318827150673 11.245881172182459 17.097947004032132 40.824617899746144 57.527991206176409 46.814821366651231 78.956232368324379 29.027098272966555 96.008331815204443 15.141233738858428 57.217486474596456 35.236712603113304 45.616203424589330 83.298176604451527 92.215326736704696 18.175267405523734 27.836808486811282 59.058697729805388 56.444814600640299 95.615016034897820 73.491776081676747 20.844021352689790 6.710066319919950 64.129447643527513 7.295139203040857 44.683159745787862 33.595357628757881 28.461506047653540 30.652279428392902 66.127587889740695 70.088000548862311 73.010497654082201 54.748552050934464 35.125183393826198 71.031123643559795 17.511615488468234 36.488777576131412 49.709285859661399 17.409474857432194 93.204893673684069 28.688990942762203 8.350320578814696 59.905438391879095 43.121689346426763 67.102705773462901 88.446058661404408 38.057235095167641 81.812815939551371 19.819472485208511 7.545733744386729 0.851035372439934 53.504374001545315 6.588241305589326 60.985161646671479 84.468431616360519 9.419803613074818 23.098179691245569 60.502589544633310 74.760987152459279 53.205553523662793 55.630350955158811 54.403901005444325 97.124936554741339 45.663577483117180 91.174576794706624 70.133561464753384 10.829500636808264 9.928487401559494 54.040643604951264 47.942427890797333 56.464665783527181 92.368724082490829 29.589796532143609 45.662539488054897 13.727565507075800 36.680857618568730 52.899006703977570 41.288684985930978 41.101425758586096 56.620751532330381 37.572652807356441 17.178872001848909 7.908964052605450 96.600471109842658 88.122900144179980 98.878306967887454 50.054298200632573 22.425506726327271 72.062147998069122 16.293139023498259 31.165772134354786 88.694927136273520 8.248986270065506 23.018756356880633 28.495585647794861 78.063320636128424 66.026871457719267 63.208811738745126 30.404428082958479 3.443736741490844 31.558553957524882 30.111123537079575
51.180041608675118 94.967047080376403 47.926728799147632 10.925566891236905 95.948587706982693 85.803677060188321 31.218740209570495 55.106424789890205 71.641924073056572 71.397728596619743 55.084415499282748 47.394463351985664 37.645941628846046 49.333571625988824 68.100155908163472 36.931254776666599 69.890685464071282 80.736814818904833 5.439769500737013 60.829471915395928 31.514409290306876 9.745993455777302 16.752239554844152 61.273738505924868 17.605289976830473 72.995614244274137 21.894310488649360 42.045661245521003 47.752169829008174 37.091332010543567 84.791137030165189 93.202397857934798 56.470556947869653 35.571974185456654 67.178550650917487 32.634455569602395 9.746330633342492 78.886171301032718 66.866872612303240 70.125138783620272 95.365383019056878 68.183681989460553 54.722459883612572 52.093652163824736 57.462046957589422 29.503895306399574 86.794823643983591 81.726366880688857 0.840508030523690 70.930896343675983 29.118258202583458 89.831821096372124 10.304618894794327 39.235392104154997 15.074230228964513 71.165577947792002 27.675627377478452 20.032057130273738 69.159780233375145 99.970686997173857 87.758321235219924 4.200203524631696 46.526777115990804 94.207363358507521 26.208985604493517 44.589308581721575 55.640542315991162 3.110286981534871 37.363099579262801 65.597327704393621 56.787971306634986 72.826867144257406 44.062858808807484 45.594097780404155 12.997056038469045 73.456224074306618 3.124648142076647 72.054369934098901 96.579709409487165 49.041171564980935 50.885318752804721 33.082364944346388 45.777191207566148 86.705493860662500 82.552206975213622 46.129342454410057 0.893524852588778 11.514202870698586 57.131929788731661 74.837076242025546 1.461709431419189 99.021224385715740 91.618591903044418 78.557700993305318 31.435439434428236 27.173534879898853 7.935374661614192 51.315996712922043 27.312692918744542 48.920528272123263 9.653386357850435 98.649654744431587 5.741812983748662 85.203965602808267 87.742927628250499 98.581356028924873 82.117676651533117 34.693801745103038 52.605666657701441 86.497812677982438 85.769802963425107 48.421452894728759 63.075539176275051 20.067000160249261 13.795316292643388 9.188605296390417 49.101992471152499 97.096351162287988 85.863717246401492 1.472801199791485 81.170994435331991 8.732965289549933 10.623786558003479 27.052857087707714 86.773450012607114 74.647010868009531 86.242341949689333 29.211409183435155 13.393221018862800 5.949524108043846 65.623849829439962 12.729060834842842 83.467518511450976 44.144231039290624 31.808571140390494 74.001826694059886 10.565944521593218 37.684331011789887 57.614218488297034 59.553536939865040 74.633714555271908 77.237737679782086 41.556428913700827 83.584187309226905 51.101440341026930 46.477515641928150 23.118919320235221 25.156737680693240 83.839467308912447 24.668068482670535 86.794914182620104 8.095869926549170 55.258983224358239 81.146146193647908 72.267080280046585 32.849011349438307 2.618744419530972 12.392451073023736 92.766449859831297 27.111159043426213 73.261623102833056 94.292960735013892 7.440405796016824 7.234134274697901 90.508478856528257 2.867218642167424 24.867645297069274 40.473250852127848 84.543098080797435 65.859375317640556 42.069279894756939 26.149020126640320 10.451325165675806 35.411263932624379 10.303526455055312 40.708848954714625 55.977514340327772 95.180567956471435 97.811106297491591 66.487125035020739 98.001529202895625 57.109601082691682 67.870818419212625 1.461709434577241 99.021224385715740 91.618591903044418 78.557700993305318 31.435439434428236 27.173534879898853 7.935374661614192 51.315996712922043 27.312692918744542 48.920528272123263 9.653386357850435 98.649654744431587 5.741812983748662 85.203965602808267 87.742927628250499 98.581356028924873 82.117676651533117
34.693801745103038 52.605666657701441 86.497812677982438 85.769802963425107 48.421452894728759 63.075539176275051 20.067000160249261 13.795316292643388 9.188605296390417 49.101992471152499 97.096351162287988 85.863717246401492 1.472801199791485 81.170994435331991 8.732965289549933 10.623786558003479 27.052857087707714 86.773450012607114 74.647010868009531 86.242341949689333 29.211409183435155 13.393221018862800 5.949524108043846 65.623849829439962 12.729060834842842 83.467518511450976 44.144231039290624 31.808571140390494 74.001826694059886 41.837518289354932 69.125294518218766 79.105341838368631 27.468818275398952 12.274719748296260 7.664582060130732 39.668149116547177 17.097357861482422 14.879356236212649 43.849265881300738 52.605666657701441 86.497812677982438 85.769802963425107 48.421452894728759 63.075539176275051 20.067000160249261 13.795316292643388 9.188605296390417 49.101992471152499 97.096351162287988 85.863717246401492 1.472801199791485 81.170994435331991 8.732965289549933 10.623786558003479 27.052857087707714 86.773450012607114 74.647010868009531 86.242341949689333 29.211409183435155 13.393221018862800 5.949524108043846 65.623849829439962 12.729060834842842 83.467518511450976 44.144231039290624 31.808571140390494 74.001826694059886 10.565944521593218 37.684331011789887 57.614218488297034 5.949524108043846 65.623849829439962 12.729060834842842 83.467518511450976 44.144231039290624 31.808571140390494 74.001826694059886 10.565944521593218 37.684331011789887 57.614218488297034 59.553536939865040 74.633714555271908 77.237737679782086 41.556428913700827 83.584187309226905 51.101440341026930 46.477515641928150 23.118919320235221 25.156737680693240 83.839467308912447 24.668068482670535 86.794914182620104 8.095869926549170 55.258983224358239 81.146146193647908 72.267080280046585 32.849011349438307 2.618744419530972 12.392451073023736 92.766449859831297 27.111159043426213 73.261623102833056 94.292960735013892 7.440405796016824 7.234134274697901 90.508478856528257 2.867218642167424 24.867645297069274 40.473250852127848 84.543098080797435 65.859375317640556 42.069279894756939 26.149020126640320 10.451325165675806 35.411263932624379 10.303526455055312 40.708848954714625 55.977514340327772 95.180567956471435 97.811106297491591 66.487125035020739 98.001529202895625 57.109601082691682 67.870818419212625 34.955988455974477 4.480872986136363 43.261213982816656 41.779595798960159 91.604953223286813 85.611333755282260 41.877565530622931 51.065078523353911 62.618057238333712 44.764385110261784 36.717697189575638 94.415153507108883 39.351076458684901 85.782250634083951 41.534153562993112 13.454973388261726 45.732946346599391 27.627589022339805 44.411886777068609 46.049683387358606 25.211848467893951 10.634464365653118 73.149150707140436 50.535555810295172 13.400867299315166 34.043483790720749 53.762713557951372 67.810346687931016 87.772974265574049 42.976442298916162 21.619253987431918 55.249406269906508 14.373622850190394 45.651333831023209 31.201577107031643 28.752593761981505 91.345074030716120 24.662107624137530 67.936050424065911 47.434112380371282 67.565927228368849 28.713782448650051 55.657156497610401 66.861630191494797 60.057260292799938 0.881367171822700 36.144072111435456 54.521052126067474 45.582779557416799 50.404711710905701 80.797068071322940 64.387917335202943 25.479788816063078 55.361423363081563 35.683221922771949 54.887769818062345 20.199626947188431 55.236836497874449 73.840499948362577 43.499754531748145 19.615464732014122 97.748253900353106 15.104701097794903 75.701291780050141 12.624681677844507 96.102991930987940 90.770038432595797 88.483383312806495 69.760178715790175 61.410799847814701 45.590613253580813 29.716397997843369 44.935163056212858 78.746516527621367 62.880966556463704 24.971084514666366
59.882514470843837 62.648241744745235 79.017873026990486 12.248108391835599 73.977510483094463 4.445684474306121 74.215766614154305 18.953681186699121 29.574641970658611 92.869949741335489 98.507000844747949 97.886107669640438 19.842095287400230 43.121065786018839 30.884446296316625 60.268999290444114 62.217038631369661 64.866787189597233 55.450503296161337 4.978942220072902 76.257726888186980 38.383007850620331 50.157645367569359 16.236718388979867 87.794423288391727 3.953939049789168 13.150530553717733 36.144072111435456 54.521052126067474 45.582779557416799 50.404711710905701 80.797068071322940 64.387917335202943 25.479788816063078 55.361423363081563 35.683221922771949 54.887769818062345 20.199626947188431 55.236836497874449 73.840499948362577 43.499754531748145 19.615464732014122 97.748253900353106 15.104701097794903 75.701291780050141 75.911859367558961 3.753151433744184 3.886756127572266 52.062959481258616 40.525612159692145 98.076327014337991 75.030351209025284 94.823302332366978 9.221822462928110 53.266443499353230 77.778606888174664 4.445684474306121 74.215766614154305 18.953681186699121 29.574641970658611 92.869949741335489 98.507000844747949 97.886107669640438 19.842095287400230 43.121065786018839 30.884446296316625 60.268999290444114 62.217038631369661 64.866787189597233 55.450503296161337 4.978942220072902 76.257726888186980 38.383007850620331 50.157645367569359 16.236718388979867 87.794423288391727 3.953939049789168 13.150530553717733 14.540539397340869 76.664580665815578 67.193603167235949 37.283387552968229 40.960830972404970 77.726106352422036 53.868626222939973 3.129576160647640 63.661266834132022 97.214026618776145 29.446273622761321 80.109860644733828 45.330347979674372 78.541818260289446 40.191040238514965 72.097354128941248 73.483735097378442 81.489646806883130 38.172365880300632 85.276228825209770 52.645701444872330 67.991932929487746 8.726110520234108 15.298550713609316 21.499985564620616 39.636756340311265 92.587771488782067 10.674324091205655 1.037223729746584 90.475208524528611 6.454423444958213 48.639586230409293 76.438748674091457 81.272092508899050 86.024404234333090 86.660098072031204 77.488558730122321 87.271638479711456 25.011601650107117 24.713520042806657 49.186179040719921 31.290154997235831 13.862533596667015 23.975337052868142 5.687084996139613 91.149482133036031 64.517681024805299 1.157530495314851 53.840255676684144 78.633230829748271 97.896739051368627 11.630817433129348 10.631188911030808 50.579855545995386 2.386191149391137 3.208054363829715 44.344562124757111 87.526661154354073 60.050691265300863 38.695891405802342 7.789750184694211 52.895132923734280 95.092740427868790 99.898886156544592 37.386124821214509 25.058507689708499 71.107662046345126 43.073230690417589 32.313959357384228 91.270784579745438 23.021782651103884 30.713666043804398 59.659531933386965 18.778883238911391 43.275770359723253 11.544726552354023 78.400345683428483 89.883486250087316 57.490325418969690 19.933139692167767 82.244467109414771 95.272907389407465 85.061474322682145 9.760282457901360 4.455775149170693 10.829226353292508 49.492255428700581 94.597304111136793 79.857760828934744 37.199297330797812 78.954844271535592 67.350511938886683 30.468209693950520 20.393681309410816 6.227240605296736 21.407439486949187 78.574429512763643 37.250041821636323 6.975997132664080 34.608835236779512 11.485572241212349 95.611530382188405 66.714970324465725 37.842743418735772 69.610211128499344 94.787694651992425 30.740754474440191 76.921298370660097 53.264547184837220 84.097324851006960 79.226997897255814 92.646447700613180 26.172645959882857 89.416428310568520 16.471786966272450 94.584865882640088 61.964335216748658 1.497132759612951 1.971217118791524 18.829570240535908 1.520641214932994 69.784258348063389
51.858681741083046 5.314416721625859 28.251550976728158 29.291971151080176 98.703984324937778 47.010956437815906 52.543567371213008 90.404201761835466 32.323841222721619 91.582387064432538 93.603693598014644 78.197620374859227 31.302060308307745 75.030660575939450 39.061272635236790 7.705761637454911 65.272850656458630 8.314515679125979 93.331579298758200 31.323327609522256 99.000005258945322 8.268250281269228 40.248919716227647 42.343245222099377 49.457386320864906 17.375695303744042 41.816765122968370 45.801367395579284 90.796887135334160 35.464999102427306 27.454854571401988 15.713587744232260 28.068314422860773 18.384294891245791 14.360433262637450 15.761575079805478 29.747739593412181 25.208783400661726 75.201351915519894 75.115750940642840 37.510405265855255 4.051939220843126 95.553658663505900 43.597431164537056 26.262159395900341 18.552321737360998 18.150014066326705 90.986511799094146 49.964180465087829 50.050045475991269 62.929490148035491 20.145926915892687 92.066817153919885 70.128295309397345 81.026846221901693 11.978487653523462 75.476408348788155 87.449195483888531 54.509286547859418 15.330889031209626 97.485497969981822 68.892098961520944 14.666490072793415 73.576176615912530 62.405951936598328 78.311358406030024 46.441857963735302 36.777432593964953 21.355139188248863 69.874278767465114 39.545695653340651 17.571788911301244 50.791036942241888 81.214405281944565 25.571049796246481 9.144687930845075 61.152928389847304 64.897828883927545 82.509084895629613 74.981107345365473 34.352921156018603 91.291897507934976 0.984742612959844 97.758452427600133 27.306848372238115 3.062512389871708 85.679658015804023 51.750892769009518 53.131318890776470 85.246223274622736 4.680101745369358 1.286515721534587 13.018424450738664 69.327517296799925 79.902586621442325 75.427987321279616 11.259118957928171 29.435370196398647 18.179271577537548 24.160410207315309 4.679925025028265 12.749200110138336 29.154101288695454 21.930934624166120 98.055944343761865 24.206565161210936 98.691408323902223 50.425847255519749 50.516803886708196 35.709075996987238 94.532839147473837 35.421032597865057 23.406675749628924 13.823740885909263 69.329136431241210 39.786659580725605 78.318726951436986 28.317407547630925 81.630610584019706 26.482087587497972 10.876129853613071 18.111333502836192 85.323982109893592 42.783162166274138 67.351400387482059 45.468485526229770 37.951123522715783 87.891825529485104 42.729079833457170 53.386161377951467 46.210407993708600 36.730365845505105 24.904593417389286 44.920868115865446 12.435975226749928 57.456553921638495 52.500504846416682 61.730937873921732 9.874748175953341 87.712489750877936 96.234600195284031 10.157886341380429 4.645830754870395 34.876395579922189 72.871707074318977 77.279886194208885 67.795434839414924 76.559863483116587 47.863891822455997 65.571227349551535 92.757167118815900 34.297915713963093 38.849177713845052 19.901642238837780 71.955282302045006 30.755957055342087 82.380157147467244 32.714041670838967 54.919370149764667 18.124793517553673 8.197823091731859 14.034113976525997 47.343659386761914 39.427212978093849 3.450537768499928 39.893153496232756 44.593836624686134 96.368008222421921 53.020023999975962 97.069464261057988 44.185163250979400 26.009553676308673 43.221957550897827 32.780836675311107 16.362121780222040 30.215593304300270 74.925888948579157 24.361246611895083 16.784659486377528 46.666085453910789 0.381866280258769 74.144000122684602 67.881203911792213 25.013208849128876 39.854149563899888 90.046091819328495 74.051861053030592 25.336565657018383 24.237206291544567 43.950023476130049 8.187765879666554 75.137328108748989 55.027446368309654 5.773441423058201 98.817038073549995 83.464611823571772 76.111337680539009 60.390828145459039 42.241822265945842 76.605675609638567
0.467298380487779 59.040721929792895 17.739866994702769 55.992615129997525 25.210593377425017 67.764838648764339 82.255287147587396 56.324136141177640 21.230615012454901 72.902764098770106 51.427924353096010 33.892797541162913 94.082370052763451 56.091040893852870 75.596380799160826 99.921945364658853 88.929244935574232 52.570123193261473 69.918658547259810 58.773748104319601 43.757332273510954 43.676508504707392 43.948200980004913 55.515977315952711 84.107364558132986 81.838145008155649 98.610062761746391 53.569124171690618 79.113783536020975 56.655173567608522 26.530591653997138 69.803248075768252 55.314098421029946 70.143928498505346 84.146248007806506 87.352535312883887 77.793030597168794 97.303991621324798 79.609643507749126 70.005987398351110 82.139380850262640 67.669606006730874 6.342802563098071 0.423352621025608 6.224336425671750 19.308245111480694 38.676223783148991 61.564155454110001 78.240461330248223 51.723371929995011 51.723371929415784 20.810281246827266 34.344696998945622 77.120757732380312 53.209155993895394 88.886839983981588 34.599552091768459 21.985293224118919 78.757447590287967 14.893260044366475 53.056343349892032 49.024147752153446 76.181313255732661 56.289527641662453 83.565625628943906 75.215446936758042 93.130646880097345 85.162008576309205 8.313441999050875 73.363221138576179 50.556549886438162 39.815265281240208 63.560480777089936 31.429115872758430 30.846146163507036 94.263836095948022 29.275321859041693 31.402253458469165 85.948352326894423 36.908896343539112 10.849463844957796 76.795697923661194 61.239043115535466 64.725892475931801 63.793533232955625 38.929794062830581 34.782665226927243 25.729916659710238 1.223637601258809 70.701690413175072 74.091610115747770 93.146765889650638 88.907704661290296 29.657893951829649 89.557566906224608 87.877928517821019 43.500268933170503 49.456205517331220 86.429107833044057 50.285412892622553 67.772165594134492 10.660317238216843 61.117379091450118 22.652296059097054 99.291806084555148 49.268610413444648 40.285192103915058 51.375434694965392 11.067084447467634 37.188273511888056 32.836374453897868 49.293788479849042 29.848447456194993 3.536470837753825 54.100981675038717 56.630043188114030 39.817604210768145 51.085552593627085 27.797353893186028 8.287316035945269 17.809853289600397 16.653476059773840 24.813330361041686 88.678525317194797 22.462469189365542 28.284894861790665 45.667987705798076 3.974622090415303 91.774863313966293 67.697423844815347 48.210545700618091 77.718973413066209 29.977449771390706 41.502748188361835 86.502921003838594 74.449470652629884 61.660757078735017 86.272508099233704 53.711959336126199 97.054891865002020 81.312968589240469 17.412255992603555 65.351442102130392 34.384145557008786 84.323142572328763 66.010175601518299 37.402775526583923 16.805403953857954 27.296322987405485 28.746411467744437 16.307887818925472 73.282344292249263 46.428051444898202 45.817439115690526 83.608651294359277 16.402927086351582 28.587799625562159 33.601606422263643 96.037382107386208 36.133398308717489 13.008600328788056 94.494417024043216 63.905040390599808 35.766338930525777 63.389981709517997 8.410018586326995 62.090513175299513 60.605869739580513 20.303460089472601 20.648207895471327 21.554182056360350 51.766936593750579 0.297122847613385 79.673012227499797 55.647909285443752 33.144112080757694 95.619731212020895 28.433823253425537 74.378499880981508 17.914923366275481 37.374413225792289 72.139170376093844 65.744886175522282 52.314132076019135 28.253540602620209 52.081088613746587 3.481422280221158 9.966530832557851 46.614751664561908 68.474819749804027 94.606406013668618 46.283688418656155 53.192678327365371 57.277691587676372 78.690829286852889 60.752703102755092 92.726435678877124 35.666189677461460 53.504382109057644 66.001043994368686
77.251870048493402 48.327385315847579 40.417319008197396 4.323727781871978 54.905203366816558 40.853189136178671 19.861869917272557 24.131420638579058 41.507824991611642 24.403786289775198 97.637192432420093 14.127713721141744 19.531240920715000 50.178478680398506 29.697070494904764 20.044052853273030 34.282348285539243 20.772695566866538 20.218984008217035 78.021251880755713 15.478389506107549 22.588648347990738 72.316214637583414 78.024887675837036 82.036329177986033 97.433771555370583 86.916649481005564 52.498455097451092 18.314165907710834 39.872329510700311 17.368967304688354 82.261040931284114 79.562505177624971 96.503717359440316 55.119450802612505 24.217858206036404 82.668632546706760 91.344558910678060 71.566628042994509 24.267030365196419 35.172170048551145 81.192394821788241 65.381697064604651 39.670613125532185 5.904075328792768 3.126406429282425 15.012467235946170 53.131550308577104 50.285412888660161 67.772165594134492 10.660317238216843 61.117379091450118 22.652296059097054 99.291806084555148 49.268610413444648 40.285192103915058 51.375434694965392 11.067084447467634 37.188273511888056 32.836374453897868 49.293788479849042 29.848447456194993 3.536470837753825 54.100981675038717 56.630043188114030 39.817604210768145 51.085552593627085 27.797353893186028 8.287316035945269 17.809853289600397 16.653476059773840 24.813330361041686 88.678525317194797 22.462469189365542 28.284894861790665 45.667987705798076 3.974622090415303 91.774863313966293 67.697423844815347 48.210545700618091 77.718973413066209 29.977449771390706 41.502748188361835 86.502921003838594 74.449470652629884 61.660757078735017 98.701194077075513 16.893200118289407 29.848447456194993 3.536470837753825 54.100981675038717 56.630043188114030 39.817604210768145 51.085552593627085 27.797353893186028 8.287316035945269 17.809853289600397 16.653476059773840 24.813330361041686 88.678525317194797 22.462469189365542 28.284894861790665 45.667987705798076 3.974622090415303 91.774863313966293 67.697423844815347 48.210545700618091 77.718973413066209 29.977449771390706 41.502748188361835 86.502921003838594 74.449470652629884 61.660757078735017 86.272508099233704 53.711959336126199 97.054891865002020 81.312968589240469 17.412255992603555 65.351442102130392 34.384145557008786 84.323142572328763 66.010175601518299 37.402775526583923 16.805403953857954 27.296322987405485 28.746411467744437 16.307887818925472 73.282344292249263 46.428051444898202 45.817439115690526 83.608651294359277 16.402927086351582 28.587799625562159 33.601606422263643 96.037382107386208 36.133398308717489 13.008600328788056 94.494417024043216 63.905040390599808 35.766338930525777 63.389981709517997 8.410018586326995 36.133398308717489 13.008600328788056 94.494417024043216 63.905040390599808 35.766338930525777 63.389981709517997 8.410018586326995 62.090513175299513 60.605869739580513 20.303460089472601 20.648207895471327 21.554182056360350 51.766936593750579 0.297122847613385 79.673012227499797 55.647909285443752 33.144112080757694 95.619731212020895 28.433823253425537 74.378499880981508 17.914923366275481 37.374413225792289 72.139170376093844 65.744886175522282 52.314132076019135 28.253540602620209 52.081088613746587 3.481422280221158 9.966530832557851 46.614751664561908 68.474819749804027 94.606406013668618 46.283688418656155 53.192678327365371 57.277691587676372 78.690829286852889 60.752703102755092 92.726435678877124 35.666189677461460 53.504382109057644 66.001043994368686 77.251870048493402 48.327385315847579 40.417319008197396 4.323727781871978 54.905203366816558 40.853189136178671 19.861869917272557 24.131420638579058 41.507824991611642 24.403786289775198 97.637192432420093 14.127713721141744 19.531240920715000 50.178478680398506 29.697070494904764 20.044052853273030 34.282348285539243
46.614751664561908 68.474819749804027 94.606406013668618 46.283688418656155 53.192678327365371 57.277691587676372 78.690829286852889 60.752703102755092 92.726435678877124 35.666189677461460 53.504382109057644 66.001043994368686 77.251870048493402 48.327385315847579 40.417319008197396 4.323727781871978 54.905203366816558 40.853189136178671 19.861869917272557 24.131420638579058 41.507824991611642 24.403786289775198 97.637192432420093 14.127713721141744 19.531240920715000 50.178478680398506 29.697070494904764 20.044052853273030 34.282348285539243 20.772695566866538 20.218984008217035 78.021251880755713 15.478389506107549 22.588648347990738 72.316214637583414 78.024887675837036 82.036329177986033 97.433771555370583 86.916649481005564 52.498455097451092 18.314165907710834 8.816184976808362 83.232862742076890 20.585523312615905 82.022309061926634 72.503019259556112 46.143127766551814 46.487816551570049 90.344735755441249 57.838046387998411 8.624251631706271 27.168952338499896 97.230221769677684 0.814026985747929 98.871320611819726 22.292809914749313 64.294224464092608 29.410201439218575 33.813138588222657 21.459427029031929 79.316466243886026 83.654907890718619 68.613551032132406 64.477067539863370 76.042221358284678 34.514227953745461 36.970721433600083 29.488827297171582 63.776751144136334 11.499469195344513 17.573553525096909 67.208623125274570 52.674828571407062 59.125725986961228 61.285180026251076 81.855867614986650 96.302621186340005 25.494560151084656 40.653456015942560 93.588408507613281 34.428566854981881 98.336232351167268 79.028951293806443 6.564652682457939 77.609226278557443 95.396886845403500 54.167739362026367 26.761408928632779 57.246464464579660 42.338496254392702 51.350230513279129 19.058765833476123 66.531805335583925 63.783087396405470 94.138832728171337 52.011394489839589 98.932068839667664 99.554294323929867 4.767879404622988 95.344862928504867 62.622511351988287 84.103190603129804 16.472732443372728 9.456012638817146 73.639190923602484 20.824308069473819 23.481515743308989 15.464666861919307 38.937298306866694 41.793496504499615 3.340588435070790 56.251750789125524 98.814260865895491 34.076952884652798 27.136227756854716 50.878439498672755 29.677147839408402 98.730898598030407 63.379343999686064 81.051641093106539 92.489612165955592 51.440866977475373 35.382050752287682 0.984121810259464 10.653106998148843 60.439825013425249 83.592929837100428 81.848859320681129 40.096437884684185 19.792884215449746 94.960889109012854 50.215955000439237 11.531948118798940 80.590587210332302 51.778417295184774 40.528865246874382 45.435739979998878 25.696327949085628 49.025412850192993 8.025780174891040 66.838625547130164 38.744039702455211 9.196156945426203 15.364141823671929 64.796742939273699 32.243606987775664 36.599773323910448 66.255853127845285 42.220818591100560 92.073163404428669 14.407049231663304 74.813414643589084 57.847756618981840 24.887258382666253 90.296749559600926 60.120613392076585 44.075592327475597 80.755558768061206 34.268010898159027 41.220655496606881 58.155170873598394 4.699542269615387 53.820769437787618 64.252758241931133 83.146609589070849 29.356051850685361 78.128281854338297 64.834398703186551 99.314583758970755 48.741646099573465 37.091052597858145 73.382766922258398 82.690934540468191 56.983973877618880 52.268584480695722 54.323204445864505 19.327462043595457 29.356051850685361 78.128281854338297 64.834398703186551 99.314583758970755 48.741646099573465 37.091052597858145 73.382766922258398 82.690934540468191 56.983973877618880 52.268584480695722 54.323204445864505 19.327462043595457 92.125594064188761 15.965158611018914 26.761408928632779 57.246464464579660 42.338496254392702 51.350230513279129 19.058765833476123 66.531805335583925 63.783087396405470 94.138832728171337 52.011394489839589
98.932068839667664 81.948389322363468 17.687618225000435 56.756295162559766 4.850918536739989 39.272745943213984 84.130987844747608 8.066717734092265 49.451144513948798 68.981712989856064 87.235006420210652 11.651957315728268 70.923476546109214 80.373874623915867 42.316385859035222 65.316839088649516 90.706413747164987 58.408305390568394 54.903450599084437 81.221643099402698 90.756830495769975 49.528816908564288 6.397005789607013 63.175295410825250 44.494693123879195 19.167446476108772 9.290079370454318 92.828679159808274 38.050358788782944 70.424296906792350 89.482036069239115 81.348523915752537 41.283097595961728 94.278941437080618 4.079525922162031 5.501360733784077 81.665125248286500 10.970440556247652 9.139412744894781 46.211788113359312 97.730403144178339 33.397799724548548 79.803256544782158 15.136162372134743 93.626667042675948 43.941352427226796 21.841759918277269 10.461128368824690 95.013497339364605 6.464682782232877 8.793334767107030 9.857573218176952 82.990945139334571 32.661014320859316 45.177964439980457 67.399404288357672 46.056550352685434 2.037636728840708 95.013497339364605 6.464682782232877 8.793334767107030 9.857573218176952 82.990945139334571 32.661014320859316 45.177964439980457 67.399404288357672 46.056550352685434 2.037636728840708 38.066624899219114 64.611852845096848 41.315822329715601 2.810833313286254 61.979762427227357 14.653339402701427 85.043668527058031 75.633263643699195 3.556486872050324 83.236527531776943 1.079174028163044 68.460295851761259 10.696793838072171 76.086092225152342 33.162966916574142 24.720956880855592 45.314116860792588 71.644918095146309 17.062413261157840 61.856363394620431 44.595527685565472 85.272641415276297 29.334952808300852 49.151311518071694 49.150748399657950 84.909658194238546 24.159208067766368 43.669547060318216 84.254062488705642 41.241439663825552 87.035010840555458 20.375266850938822 96.203685020022235 1.651679004286255 94.773734185801018 37.164783869684825 38.004902989520431 76.294661516786604 22.145006852644990 9.086081505435162 82.939798596268943 14.692187193647765 30.546424670862304 85.206393878887212 17.769138692538565 1.948065756275585 31.894198414662156 55.778265882980193 17.621381128202707 99.904680952189892 42.278949899478050 18.577219170127968 61.331564439248012 74.674976841307782 42.955382851053955 37.540202721958472 9.054370804045931 36.096596195153218 64.077966469182229 32.799604736295620 38.560668916246463 91.340349555449478 75.064597605229494 96.761064388161557 71.894925376528235 4.225804673673405 29.335007436145645 29.335007435671955 91.168678008049696 25.877571055406044 95.217240588944179 27.729429828770336 9.014492186553102 73.260233391778669 54.757894794717878 90.081196287958250 86.592887056893431 23.892234139055478 78.325073307076224 72.704666854293791 59.363165240132709 5.786901950532542 49.329688650720641 3.865540726496119 80.424269482193395 84.328844077330984 56.712770617982919 59.374951640575979 78.478790550681126 36.147871078688333 78.763357482918877 41.121952904681727 41.337254213811335 75.578978492431617 55.618023077629708 10.694960254219410 5.767034198698829 93.414020066313597 22.695907149315609 76.707543899721202 1.656928390574097 30.711539137145859 21.619926458323434 69.786364907475388 97.855405662374750 44.809274715225889 2.990632685478489 12.293494594317822 34.184320196221428 48.574931991651418 64.227474174914761 68.734887502786293 87.638452913981368 62.025472117155623 69.415702237288855 99.129859539773690 84.526216621931553 25.282957543313678 48.132877764953420 67.637475733480400 29.631520232911491 28.800284238708318 18.215164457632071 25.166797632252258 72.108106545918289 52.525628554850847 78.000390201109354 79.633934679978751 96.883402092369934 95.690533769254756 82.233820589269200 37.873794724737984
17.977928294142622 90.288823550975152 63.506434720523245 62.953070481871841 6.324390747792375 15.861581457275854 56.712770617982919 59.374951640575979 78.478790550681126 36.147871078688333 78.763357482918877 9.566995416345147 85.943492187320942 18.706263686583245 37.585886700249951 62.143282752399898 38.029683745006437 80.401643870728009 45.807633735036902 94.688778529997492 62.840510980524812 59.291945222796137 31.117174953137862 20.756497078023738 36.791343784146072 75.573719669649179 91.202595509860373 44.928127194779947 89.003593230742410 2.309016063343816 34.184320196221428 48.574931991651418 64.227474174914761 68.734887502786293 87.638452913981368 62.025472117155623 69.415702237288855 99.129859539773690 84.526216621931553 25.282957543313678 48.132877764953420 67.637475733480400 29.631520232911491 28.800284238708318 18.215164457632071 25.166797632252258 72.108106545918289 52.525628554850847 78.000390201109354 79.633934679978751 96.883402092369934 95.690533769254756 82.233820589269200 37.873794724737984 17.977928294142622 90.288823550975152 63.506434720523245 62.953070481871841 6.324390747792375 15.861581457275854 81.818988853731938 97.408893208159824 19.236935761963359 63.421082240368229 48.430119785527936 52.781720276467915 44.309241095406513 35.436301692319930 24.804201895747568 2.394151235292208 70.184064387898786 3.845942865686569 55.805757060205828 80.973492147055865 83.943151403793834 8.081755291968840 5.325177941316483 63.341239959046334 31.193362194593945 95.025054205573667 10.815014245842836 6.610041145517275 62.808123111661963 77.309929032024954 49.349446328318066 95.656440283274407 84.999814645631417 10.416311577855296 59.894715726835102 61.878329341479841 28.919042377013437 6.253160075464049 15.541734704805755 61.981731671422892 19.758812872089493 75.597664748305121 6.940083824208287 97.571648870001354 15.103577250980004 58.053642192541510 87.723424904571573 74.268350809579360 94.575306883237772 20.823398319821717 77.922104314332117 71.450680189258563 42.039753407049751 35.856156134869508 49.542939313247366 82.859371420586612 55.984781280653586 23.927291030118290 27.891870177974976 39.305923166643254 62.120206892013016 61.105055144139932 70.703508535145303 15.421101902238732 74.603189965063507 52.799957380102782 81.978997264974367 17.079027382319602 3.969252531436862 33.950558672058804 40.988984843806229 37.952118780692913 2.613702196239864 59.383215914764712 37.919787446322587 43.219908978189572 55.897408244897271 61.105055144139932 70.703508535145303 15.421101902238732 74.603189965063507 52.799957380102782 81.978997264974367 17.079027382319602 3.969252531436862 33.950558672058804 40.988984843806229 37.952118780692913 2.613702196239864 59.383215914764712 37.919787446322587 43.219908978189572 55.897408244897271 83.732816813332818 38.312189692696251 57.603077260224076 32.782584390197478 53.437392170388144 60.560218224233942 52.166528999571938 7.168951294210391 34.812869704216567 95.861075476947562 77.777048777042197 40.849854233816373 39.854060391288151 79.980259859282484 39.553119805462345 50.014645175753060 31.706857647466780 83.228409005848690 53.598824989782678 77.175275434366583 51.977125022458758 30.092724492149092 87.604033905577865 87.074879406326687 36.537446887082439 18.187003319102569 95.346667943045105 25.036335650045306 12.600762114039732 80.298341563858116 50.692142814372708 52.613256121385930 0.639323730852159 30.963193363855666 86.737226954156299 68.872294504826399 36.277283875238410 19.436194075160696 47.424746314019650 54.126170023503448 33.332655086524746 54.817211200326177 92.219366834403544 35.369742370287995 11.180902991619435 13.316124921561457 33.424677346100118 94.166546786053658 37.466829977430159 66.853177088417397 23.010369098136508 15.589611890693956 93.553137494223236
82.239092723092710 1.647145048639076 75.498190664522511 68.188439329817413 0.981630408938527 83.872835822022068 1.170528136043569 69.004576504827071 71.595992229507203 30.919931260740942 25.415705807548438 28.139369758360022 96.897637111796669 70.057031454212932 12.479864520450580 24.225796223322671 92.029788137963124 94.685449035031198 36.607845723503274 46.807263409900692 14.995062690519955 89.348608675980472 33.816415539492951 57.129768698903781 74.704584387210502 75.289433912434973 40.628413594404144 98.018737770228498 3.777544343788075 61.455245145082571 60.583004252680460 27.812948377013235 1.589673309202289 40.188309074858353 61.572885802374898 63.440650076316331 1.856791820372705 57.589056087373535 81.764886733324687 6.619359665363289 83.789564151302756 46.913776053619749 1.679704912456781 42.869327547081113 13.523321290622260 17.958767283879350 5.773924571879996 47.689952694877690 30.580012369754471 20.345660560621081 75.530859894083463 43.587482181993977 33.371302337338179 67.122610649135012 56.593286133948240 20.267605925738017 2.311564669984123 93.257586868302511 9.862662693744639 90.469491263739769 0.139575760546629 51.589002897686996 69.083322120145155 73.704550266464423 33.357651222460881 92.466299967480268 89.504564248572663 31.132071897418612 12.449599548551038 60.959810556630700 55.653184049799655 74.894903803441892 93.195235349237478 37.730545427114272 77.088744672561873 94.490027264078421 53.790502858625310 17.782012409664006 66.289493354128524 59.488843253009009 90.961616194181502 43.266806627731022 78.652694413446099 24.327149258547919 94.492738490615565 96.842096215493257 36.823558514278140 42.743693188596446 32.434055588027498 58.790594618312277 29.991856760037450 86.525184235130766 80.206383045849648 40.564355430579560 38.157657469767756 97.849246087768407 64.812768035352292 50.239572671701339 82.157428805350079 73.999677954020754 72.603297471338450 9.242327456290800 94.936410158961081 0.207110161735091 85.424461527765033 91.396629141655225 99.369088329636625 91.237011872222723 90.646496817671334 37.100268235072576 60.695558195946475 9.232953468732896 18.494076757109202 38.337408387167685 22.422192090417813 72.506672381688361 92.516745580530312 82.042325827103582 7.169102346083999 96.909509285351064 87.735516576802709 80.098547821933437 94.255300967499096 99.914820612397051 46.004268711061144 3.249436701402009 18.957070309426783 14.051676673166490 97.597832450782064 69.411525234607893 14.797222182065450 55.410350175104242 13.186469093184517 24.589946946610631 86.948175106024479 84.651256891902491 98.975370288450890 14.437501499281801 88.974834614797800 97.239999660260182 57.738060649289892 74.679425583850559 38.337408387167685 22.422192090417813 72.506672381688361 92.516745580530312 82.042325827103582 7.169102346083999 96.909509285351064 87.735516576802709 80.098547821933437 94.255300967499096 99.914820612397051 46.004268711061144 3.249436701402009 18.957070309426783 14.051676673166490 97.597832450782064 69.411525234607893 14.797222182065450 55.410350175104242 13.186469093184517 24.589946946610631 86.948175106024479 84.651256891902491 98.975370288450890 14.437501499281801 88.974834614797800 97.239999660260182 57.738060649289892 74.679425583850559 85.588235607642986 56.027146463204460 44.809884201685989 62.874219511489791 87.340554029089773 62.512240362383622 84.997533698610553 87.953012521130958 69.923956405096973 27.851131848596488 47.442513986983705 1.208333570764752 31.875231916718462 0.881245141566311 25.151322916221996 40.399325644123174 74.213986930327636 33.152899037076857 25.791673897797207 73.896855014123048 73.250973468829116 9.198834166310377 96.533435873908886 93.185283164601842 2.577266314378568 27.245833950328958 19.714219803545895 52.638089328489734 73.243709042905039
64.525235808933388 20.913596184098239 28.055249919097214 81.974310644608423 37.593907766933462 64.133527178270199 88.490656931030102 32.515768236637420 77.217090595009509 10.253596363909423 60.467916048344030 77.128213939388615 34.597990751352711 20.901013347960738 30.092028768232648 65.887324623068210 81.588528334866226 25.358840838381823 52.265809578919466 73.674943161992161 2.460112302193340 91.238486141187764 59.705531096796015 68.572682215480199 87.231560863588797 39.962013375102821 89.061154602332380 49.900218551240357 44.946581062856680 56.860617156033086 69.056782659428066 97.815456917606241 40.199484831660392 46.067316843424855 60.268942747969710 37.715247037418344 98.865968944645644 56.536938524745096 27.302948958393479 45.597536152138431 23.224657458938893 17.685195970032318 98.227402897554256 44.906543907971340 24.611374928902553 49.556405425179271 28.898325073829913 9.534546879632844 99.955186838673725 86.954312913227980 40.422669384944911 15.415164095411493 82.407671090605419 12.950693513839528 51.049937375643864 14.488274990512407 88.147416400856500 28.381234590716552 61.017504949113821 40.829875620329084 31.982405798020817 15.538650132936095 89.223440610072714 4.415766282253141 68.029473558490963 56.979737463453660 67.026286373396232 86.272690086688129 4.604696654182683 79.742676904160987 60.657280487133406 51.612258173363031 46.945008133910015 14.639810105605200 16.011191629265710 61.124959983450211 29.230825357350177 8.461956313022256 1.276301441145222 30.201929814391370 37.673292101718140 8.464686176729197 9.049677845778481 99.637798216385903 26.043276672127703 73.200268933314788 44.608337858715551 37.717120155399350 13.420553045876060 81.632413368569487 7.214887063128761 56.308156489075031 29.958601191282753 81.526450549161083 21.395545728627262 26.443472341215045 24.347126109128702 45.589966975699895 76.175587823527096 68.228863967212476 39.580148561212113 89.963929785783378 75.543583962791217 57.482763256338856 55.547371019892090 48.401174947278250 59.334795448130826 97.901284706421805 56.075170897538285 62.234214469964890 36.211992072574759 23.576066885826574 16.266329610043062 41.276925724062828 28.526676805266014 21.412843767552669 8.962322882791952 95.780244906059693 85.138359102029852 75.429875840359657 13.577677857673564 53.169988987870262 8.431378358415209 73.976109495035942 87.308250437804901 69.034032227977150 32.492506370390032 95.211476372881691 53.860893847618286 82.885478858432919 86.167360972313816 81.428918069188811 70.706983450231320 1.920656926717690 68.653049721965843 91.591284042032640 27.933059724202391 80.176544952334140 27.196997195007722 36.887329461089365 6.958642936086711 61.990473280766714 65.398279642616060 73.149169273336199 48.269387637223105 97.481959796399920 85.989365388358010 49.111820692549337 88.737491498198224 49.806339261724077 24.879916882720622 65.638713227113300 34.902460563909457 84.416695897513222 31.724550030844568 84.659273517443552 74.430443405529218 48.626261180016108 32.784673780670438 93.319057443003572 55.227037290856337 93.245448164351771 62.380695883528361 10.423435286453508 56.897916464503652 30.959371739671258 1.760270894924554 43.557294852232964 16.081329380257014 28.202797454440041 92.197090473754443 16.930278045648151 91.575053252420773 22.304501347525395 7.046925990941033 18.670950548713694 2.723912205014944 96.719194607882542 80.276155693605261 45.505045331725100 0.239166461532669 60.180564914157387 14.843618452798635 35.965565891760029 38.891242814806340 8.972440875610454 3.360897964879717 35.467052325682033 31.427609049168915 65.869635956952195 99.122851213531661 77.178632648989307 66.368111996946951 64.716081246187343 23.265962806269535 24.543050996430793 78.208680438703098 21.908447913446672 24.341624813637818 0.020816363169840
97.315019754911575 13.288532558708010 16.445091662824996 24.975028455243798 62.657508214350507 71.593515209848064 4.367608620719531 7.962118711275723 26.977028290623640 50.070130021134275 77.895943468951074 81.689321820151235 88.124292617390694 0.118004321453580 69.513832791233000 97.105296921533494 92.764040788692157 68.598456856122780 93.352607592696884 39.084159863957758 92.739423105290157 45.011351923762767 71.435300926882164 86.890194641240043 97.489037733152060 57.643061957381484 97.710649541923388 64.723267858826077 49.473357265549552 12.892018587137709 16.699158119947910 3.130934124450735 90.401830527142351 50.606771989277007 10.661211965972884 33.478444647544393 38.933736822764132 98.487999363712547 1.785118009806419 56.354125764876073 13.042804100349837 69.986332119853913 60.223411595827713 12.255715322444649 2.105613725960320 61.802465499504223 0.520661421087398 55.513092797667262 96.350882305596485 3.922568171455765 96.268586709476978 88.623116325144821 42.788824572469672 42.085474332075499 17.374910174208324 26.273457960517877 47.471549939815439 6.843256433109401 38.921862342188419 82.837729160489488 77.758844886333250 92.712210528173330 11.968001015595565 67.865458859201041 12.604159628773704 52.228163015686413 73.232860628445223 1.830456543364267 67.865458870083060 12.604159628773704 52.228163015686413 73.232860628445223 1.830456543364267 74.806824902780320 55.401019063953385 5.660371991371493 16.574439036346245 89.058863435691720 17.179803233978507 72.933352131140893 84.240446591810937 73.515785429260234 34.892193432012888 88.955501562782160 27.035002300295531 82.814731890914288 64.029500548540170 47.729532468211701 9.069269089864818 96.389967562178128 3.156735740029970 95.416083740682453 97.315019754911575 13.288532558708010 16.445091662824996 24.975028455243798 62.657508214350507 71.593515209848064 4.367608620719531 7.962118711275723 26.977028290623640 50.070130021134275 77.895943468951074 81.689321820151235 88.124292617390694 0.118004321453580 69.513832791233000 97.105296921533494 92.764040788692157 68.598456856122780 93.352607592696884 39.084159863957758 92.739423105290157 45.011351923762767 71.435300926882164 86.890194641240043 97.489037733152060 57.643061957381484 97.710649541923388 64.723267858826077 49.473357265549552 12.892018587137709 16.699158119947910 3.130934124450735 90.401830527142351 50.606771989277007 10.661211965972884 33.478444647544393 38.933736822764132 98.487999363712547 1.785118009806419 56.354125764876073 13.042804100349837 69.986332119853913 60.223411595827713 12.255715322444649 2.105613725960320 61.802465499504223 0.520661421087398 55.513092797667262 96.350882305596485 3.922568171455765 96.268586709476978 88.623116325144821 42.788824572469672 42.085474332075499 17.374910174208324 26.273457960517877 47.471549939815439 6.843256433109401 38.921862342188419 82.837729160489488 43.856420871228472 2.322732205316713 93.210988559763337 84.404508328893868 56.642636763299024 4.466891122630812 50.729625297954939 0.560855654118608 70.009519203745867 14.710372802244830 96.433044180791214 88.990346514805054 81.705979832072103 50.791543525434570 78.060110869236468 99.511936420372407 29.668776269355579 21.382514783815530 71.924001080085020 19.957855051971695 61.499786085713914 99.526896021222782 47.077704918722610 50.409827264780674 80.375197343840611 52.104670324758352 79.549475692429013 72.840736549453354 31.958135114144159 91.461283839294154 34.501893033575662 86.573238885688596 28.277902086524765 12.934947476118897 38.262350311671192 44.401781828084239 31.784336585619034 68.713171827192681 32.724898864430216 3.831182874663797 81.764740932716151 95.092675599822016 1.478688131165184 99.650514082509119 1.345921245998205 59.365619077909784 74.383723924356374 21.625388212354824
96.878139490181965 25.601927537845249 77.900784465386010 92.595260324665546 41.908992222575350 46.855200093029978 52.289973996245052 58.885036122791476 35.910372037962091 86.748122640978963 40.681684264317838 46.119707388466516 21.096814830866638 62.808666883957542 64.084815586858298 83.352004872715156 29.725542811410932 67.522641749490177 56.012782901841717 21.825429685876539 62.863795167021898 99.550274644716978 95.195388401473366 50.113465908540853 65.695148988913104 32.128632941317861 23.278265523049178 96.147399111960965 79.155049144630084 37.188047804404079 18.886110638269450 49.242819711238027 56.921173205708342 85.252176090981891 55.619358531298026 39.934772273358512 27.780373238741607 55.615422920605020 60.974206872988276 5.237797567373348 7.642528283315597 47.009050109728456 58.443346347009140 81.972912764792085 94.350854256880780 55.664384067317563 99.583870938509577 97.903212405099424 13.724379106933204 20.003345273712736 53.081513109209347 29.543141198543999 42.143007698560631 59.644681674890229 91.957049337946358 32.055520289364637 76.957508589525716 65.191351122199762 45.747793133156819 3.919186340535596 85.007710047647592 48.904761344470515 99.141759614331804 74.239446850225505 21.524495389588903 82.222488819901955 26.039715631578819 56.568553256026931 26.531935310162989 28.774521790524044 84.048339266870997 84.420488228609486 1.089286162384551 12.719274691055126 69.779466166377347 77.226694056543806 7.206584531883752 87.516153908294640 58.850106006496020 19.809075512581909 9.814004387567499 70.313080255775404 6.171429261824346 64.959021883053197 71.128695818818443 51.020081933321478 23.485738342885686 26.823940472219920 30.050452569192153 6.530506854704676 99.904600527208558 44.417148371286807 14.427858196490039 50.081908557761281 79.342319904779629 39.311394222963379 26.597759458710591 0.807017542622523 42.600849836792221 3.977086961162113 98.311702533693207 66.741866113824457 7.409976091268378 77.571769123097070 16.499587429643459 76.200801190750795 29.189122990318040 88.850731655675546 45.949170475278564 64.042834447426614 58.742876309887215 88.366439485844651 88.261913523716714 52.548907643985146 38.366217194445170 91.288895478236938 55.503960654443283 91.404299847214091 21.084030667707587 96.352641250853424 0.172188312182087 52.130221521797004 16.394285618995486 48.816910236934220 70.099619550290583 3.130947171132170 18.894081156964539 48.299338169301407 74.452443479013326 78.746239003576491 70.723332557916478 35.535758004939247 52.799492678975177 73.517735729122236 78.453850792506216 88.004949422701074 64.243589182495413 37.474051965928837 11.643646226005899 58.618288898304549 17.382003944148849 86.330579244341465 68.151208902204615 23.093514795619253 44.650003588611320 88.719157390700460 74.695767806310769 32.079037314251579 65.928723337245899 20.207306057699249 77.381570499628310 69.086046880818955 21.591013834235007 65.833538644770911 83.690232819520389 75.402187804701072 8.333275633099769 99.392259288822189 19.854021586831127 56.386989498590431 17.809251015848016 80.614246573830215 99.344041980287429 16.768624787511786 20.260106724238515 77.386364377409208 53.563793471716195 35.955427573008961 2.229756814361195 92.953155625901445 65.878334880785602 57.117572153947940 33.086096628457327 81.355135943935565 74.568862839991496 45.296659342933253 79.633784270361446 79.330771462558502 27.336479690731853 6.790979873861547 64.611788659546562 43.713954210477915 8.637558060903350 31.754333180679961 7.113446540158841 97.169137618526563 52.937518225681622 29.251639705517640 98.115181346282327 60.811023112586604 66.229634458726338 82.656703409145251 44.541417357369149 40.943731097713965 41.403795147219483 69.422705282633984 7.588871635289629 65.416977157664519 11.769671632977952 34.187450423934393
18.792298682831230 67.342994693278968 69.069584439517357 42.496805410875496 75.582936777236782 54.142977160823513 6.647230977903784 82.878824287126918 13.828893305887103 33.934950105608138 62.683085961399712 75.762391637117361 71.131645198892940 94.596767672545212 71.164669668175023 26.318367776646522 53.682499339311271 73.417733953062708 7.413313272968514 20.022260043143369 21.084030667707587 96.352641250853424 0.172188312182087 52.130221521797004 16.394285618995486 48.816910236934220 70.099619550290583 3.130947171132170 18.894081156964539 48.299338169301407 74.452443479013326 78.746239003576491 70.723332557916478 35.535758004939247 52.799492678975177 73.517735729122236 78.453850792506216 88.004949422701074 64.243589182495413 37.474051965928837 11.643646226005899 58.618288898304549 17.382003944148849 86.330579244341465 68.151208902204615 23.093514795619253 44.650003588611320 88.719157390700460 74.695767806310769 32.079037314251579 65.928723337245899 20.207306057699249 77.381570499628310 69.086046880818955 21.591013834235007 65.833538644770911 83.690232819520389 75.402187804701072 8.333275633099769 99.392259288822189 19.854021586831127 56.386989498590431 17.809251015848016 80.614246573830215 99.344041980287429 16.768624787511786 20.260106724238515 77.386364377409208 53.563793471716195 35.955427573008961 2.229756814361195 92.953155625901445 65.878334880785602 57.117572153947940 33.086096628457327 81.355135943935565 74.568862839991496 45.296659342933253 79.633784270361446 79.330771462558502 27.336479690731853 6.790979873861547 64.611788659546562 43.713954210477915 8.637558060903350 31.754333180679961 7.113446540158841 97.169137618526563 52.937518225681622 29.251639705517640 98.115181346282327 60.811023112586604 66.229634458726338 82.656703409145251 44.541417357369149 40.943731097713965 41.403795147219483 69.422705282633984 7.588871635289629 65.416977157664519 11.769671632977952 34.187450423934393 18.792298682831230 67.342994693278968 69.069584439517357 42.496805410875496 75.582936777236782 54.142977160823513 6.647230977903784 82.878824287126918 13.828893305887103 33.934950105608138 62.683085961399712 75.762391637117361 71.131645198892940 94.596767672545212 71.164669668175023 26.318367776646522 53.682499339311271 73.417733953062708 7.413313272968514 20.022260043143369 65.317529461867593 87.471587638283893 7.235021504629424 65.598940045541426 87.582756904043308 92.753212817920556 37.213074845010830 81.442137618014470 26.444986112224921 47.883493518032395 69.965471677869260 53.985564618314399 95.981436907499997 9.196845178845859 5.275746291778061 76.383913449663297 92.850740242521596 39.382360162891608 7.551571092779574 27.643335993386597 89.884411857843418 39.382360162891608 7.551571092779574 27.643335993386597 89.884411857843418 4.587309437599996 12.581531555555914 46.465992683074241 3.367004773627758 70.693131079957297 65.067067022570484 93.152579868224180 17.521204083810925 2.760778609431680 66.866366611233076 63.444008816541078 96.209009604756929 30.246923782303348 78.090444442038134 22.536087325322008 84.477947558823374 15.957839915319738 81.947571050479340 11.657376318162093 72.148123601103691 80.865676276138529 69.419939226871179 83.868822249738216 63.590621170398535 37.780769745863822 86.722486924612170 87.940347405239976 72.106996114780841 23.334943161434907 21.559277535980804 18.997951605276263 18.989904715787976 62.404222610934376 68.177277334765989 18.522019808946354 94.929651681614928 26.041083843991974 58.164309285123693 30.365480891349506 42.446063581320303 60.974778797486969 77.802383706752281 71.482164375504809 7.773049954487399 78.452411926881609 41.364081815008610 27.681424314760772 31.856642024943817 21.418050526339570 56.988497120992129 62.127912747595857 13.046742529901124 47.536082778175604
26.952448480325629 19.929303054195135 91.463887569517610 49.135252741396940 25.809029615171575 73.525361626336149 18.264226466477773 91.327189659691882 95.708360010184393 72.291469273238775 18.745111437775954 57.409246102568723 78.394324842879186 34.335108677577040 91.406360358129916 19.665745822011605 85.257640658441900 12.213075210584034 70.123493053842338 49.841043429205293 76.099104625156443 4.994233602533082 38.657382724139651 11.687162734057988 60.259689081815381 23.966061980059415 97.536221400677960 8.349451957202591 85.123263106749263 98.548145247331149 92.166464439921370 74.799224985389571 84.558899242974604 21.334283680516840 49.135252741396940 25.809029615171575 73.525361626336149 18.264226466477773 91.327189659691882 95.708360010184393 72.291469273238775 18.745111437775954 57.409246102568723 78.394324842879186 21.334283680516840 36.585876788933177 79.678269037674227 2.740051760209705 46.061865118858172 82.978293389286790 6.462053013635316 84.107814853005308 0.420391731925118 89.103135965846562 31.813763424324016 58.965316856736770 44.424267394709020 84.824223014857097 27.266554924083874 70.433660734142023 7.007148064888991 79.714182002750363 7.007148064888991 79.714182002750363 18.372804431603484 48.877467857068758 54.260108816944772 37.385826118988476 36.364754934085127 57.869359290656107 84.658734161965370 1.807236251886435 14.772847493691888 3.670983710081055 69.016936837758877 54.493948306635900 77.015113432781945 58.026438148995140 61.225822685937878 44.807712453717585 60.392194719229529 59.342396898505548 9.966701245780341 65.812727609531308 21.981499351660304 51.715586124675141 39.140658769526468 23.600794041689287 0.092536055794734 68.267788331865333 47.627556548770556 84.610623219027715 94.286567025860123 14.919059307211302 76.355291702759573 34.196309187609764 7.614210381425435 90.563050140670896 74.520808304407225 53.787534901045873 95.649474946107517 7.636183030645737 28.231338824246276 28.057673302600918 67.613146335194585 97.177208057863794 31.511507796326665 89.864094795193139 8.398170995321086 83.165272514868136 7.928742599595973 7.873888369868220 34.990468188776447 38.595666409259778 21.397266604450905 11.005412421840543 81.737618278479374 31.497626826835312 19.004911447505691 31.359807242843807 27.537101490116566 61.380804333297654 41.448325098774454 48.687388902896323 38.114267413764992 29.554787177870910 84.223697704687950 82.018888899856094 86.923054031817429 30.428294594337181 78.787811056430925 72.896660735319429 21.249939213081404 36.429399637472827 99.796135949402910 55.093070115400330 32.852596294563021 96.945870475253386 74.686996135294279 77.008724070643510 84.042566404067330 4.548272206091086 90.248894066754445 30.828282925856708 59.487224404257297 30.288487274278488 9.499936693938583 2.299502103850826 0.280230210597476 24.581734657503308 90.351623084306254 62.068098581693008 97.024967927156979 33.382501584085702 4.209930747145862 49.651473238160790 29.349264285979604 85.075356724870772 92.307563517909912 62.103630020202225 2.735535078299067 87.143523855401369 16.125736413538817 48.148521103939281 78.126794118429643 50.829788200195821 39.544697016253863 10.792478121816751 92.558912804363658 26.316087481317261 80.810097953828603 72.722235404975592 63.841295169702391 18.654506121744841 4.944074927265363 71.441004968737914 3.120408907198668 68.936081051491442 17.414962627196175 46.679445406296281 87.859437924936657 58.846099323352341 18.495902680667221 20.155601825731985 96.124775246417329 10.698989769303491 74.458979029726422 95.244883815757902 52.439508691407809 61.582340542262962 24.965773508266309 64.546525256781067 36.610385377665345 60.580414712548112 34.844934987129029 88.316413278493087 58.274140958096034 33.083266962723933 66.277651682110559 98.478268813597495
69.194532679883622 38.334896563433531 47.489125939164914 86.607013875132395 90.894318165916516 12.694628521119999 51.909418683831198 72.519144005887014 58.813099206656325 53.191290074848617 85.487024030453910 89.908687073321431 16.721709742686041 12.581706309078289 65.179402783406744 90.835404826872477 84.147351288037001 1.931655687550060 14.807382927351187 89.065455947191367 91.436996330805826 92.342224922921915 66.203598231877749 82.615484895009189 92.830799516404454 11.938208978090826 81.824430952903398 96.626181128601075 71.785610293097591 25.807572435903857 59.229604022254733 78.022945354976017 99.768359533116467 72.487271109965917 7.447167403391242 99.975540010943618 29.083163764912655 99.924969575798002 50.554355399521597 50.728287921352234 12.858139782712385 73.811021459437214 69.528293659008639 83.609695439709270 62.557416975515324 7.892528693146438 76.281116958722194 50.068712781837021 19.409880800394330 75.787634444346850 97.851209709637317 41.627695617858009 79.591144639991398 61.927471522809171 13.500074021230969 30.910400054449227 65.617252877035909 9.824763863204355 43.424056971646465 35.259399929670153 42.887594928439924 33.849986095435916 66.732468047617530 6.509375613335566 57.292520749307407 44.352989727409309 50.057326920570802 84.407383150034306 3.390357912488540 91.467033863602296 75.214770850333949 15.715669417465595 57.625720547460766 75.905225611419212 22.562959878884005 84.407383150034306 3.390357912488540 91.467033863602296 75.214770850333949 15.715669417465595 57.625720547460766 75.905225611419212 22.562959878884005 90.857252217015571 41.777013975453237 65.463707016998242 76.958855342790073 13.324643892698873 88.555112940445483 89.627720867239873 72.004143722942345 1.144960367469916 25.605456611101062 89.499395697071336 63.365204445370615 76.760264602134299 98.254746500225465 91.104092902929295 64.736069538470204 56.832239769056557 15.185213192263912 38.581244261179762 23.432928497710549 78.872662805253697 20.253745409996803 71.451281940581651 69.253571963762866 86.273575920516748 62.341893443710305 51.598003471140039 78.405744680511248 87.294685409507835 26.164777076912504 78.232981173639487 94.639679031912436 59.317544780564724 78.501629531907426 18.786294324148713 99.413473961204630 5.936133705922719 13.920750975573338 67.502313202431324 47.396955103256325 32.464773554445593 4.318022219398809 25.965818879578439 98.067992792631898 96.637038561034402 81.080345695713376 5.316193765551381 71.204984927211342 58.226857372369025 11.942053001420305 49.729414131613282 51.430659378045860 94.899534596769172 6.381422796665448 28.815382774438746 0.758727703129503 44.604768673369641 12.287577900599500 97.308926602562522 73.502243296254250 27.405198971189414 55.756577416961953 56.159561350257903 27.176304248706185 1.757541410135310 91.976112731011582 94.606502973394740 43.426714198054448 33.012130816248877 78.443576472275694 68.956983337229445 8.266058479792326 12.972902142087584 12.265870618840058 55.317000033717498 98.672600910019213 18.529712991266003 94.594846407453076 65.437307503639957 66.089967900110153 92.567130629416638 33.723443912758853 91.518608375624524 42.215775561301470 65.398454014249467 22.806778152375131 48.167309781862677 66.514040469333793 92.200579393664256 2.049881354217009 66.320101119446392 33.637455501337477 29.547003668800297 80.200377187095611 35.828125675211467 98.696767552861616 98.390504119029970 24.163894942076958 23.448527442336054 13.126395351458653 73.394008295952418 48.164270496731589 17.313369342579577 70.727381772344870 81.650458422588244 86.110673898759885 50.470597099444525 35.559833640734020 83.847952876413530 30.348857550365448 53.307738893954770 2.064178105327419 40.388466977352600 44.140619115412150 4.529471872977986 57.328530813945768 20.708741965294230
92.899616458513862 10.832904150810895 80.205173844581253 6.558996514218896 6.389010137350859 63.460667579804898 73.626493581216295 10.877480310355169 44.171985921268053 58.299848231776672 40.493284406440679 40.135376901543452 70.197871405363159 28.065559017362762 16.636653702958924 37.799256236119191 61.930351917864378 45.899811475975497 2.621644910644927 48.317118376196163 10.441013292175416 13.422544552032345 70.770821789177234 6.603430388846776 42.916280460254249 68.886677426512819 60.445742652028898 26.332661742607932 24.497997307262466 49.854594117115148 50.140810558752847 81.024684640998885 21.069771069069553 76.637449434351382 63.304178112882589 53.524750226152726 45.315193168203649 31.974683318833552 44.630394822581188 15.047244930506698 43.861177909186111 72.746924412270587 20.411926000406567 20.824355561092499 86.390374986523895 77.785185000083985 85.264306157789377 47.194890971454583 10.565271545562716 18.371540362909180 53.793802451069247 14.789643704400968 79.777510281761877 7.029270929437503 78.755539346385746 0.353377391343046 83.790962206668368 17.695617654064087 72.873239315764465 97.469427329946427 43.556561531522696 38.572561865793652 60.709039234601839 70.535551669138513 16.403197020088523 19.792411442687030 1.753812399383770 60.580414712548112 34.844934987129029 88.316413278493087 58.274140958096034 33.083266962723933 66.277651682110559 98.478268813597495 69.194532679883622 38.334896563433531 47.489125939164914 86.607013875132395 90.894318165916516 12.694628521119999 51.909418683831198 72.519144005887014 58.813099206656325 53.191290074848617 85.487024030453910 89.908687073321431 16.721709742686041 12.581706309078289 65.179402783406744 90.835404826872477 84.147351288037001 1.931655687550060 14.807382927351187 89.065455947191367 91.436996330805826 92.342224922921915 66.203598231877749 82.615484895009189 92.830799516404454 11.938208978090826 81.824430952903398 96.626181128601075 71.785610293097591 25.807572435903857 59.229604022254733 78.022945354976017 99.768359533116467 72.487271109965917 7.447167403391242 99.975540010943618 29.083163764912655 99.924969575798002 50.554355399521597 50.728287921352234 12.858139782712385 73.811021459437214 69.528293659008639 83.609695439709270 62.557416975515324 7.892528693146438 76.281116958722194 50.068712781837021 19.409880800394330 75.787634444346850 97.851209709637317 41.627695617858009 79.591144639991398 61.927471522809171 13.500074021230969 30.910400054449227 65.617252877035909 9.824763863204355 43.424056971646465 35.259399929670153 42.887594928439924 33.849986095435916 66.732468047617530 6.509375613335566 57.292520749307407 44.352989727409309 50.057326920570802 84.407383150034306 3.390357912488540 91.467033863602296 75.214770850333949 15.715669417465595 57.625720547460766 75.905225611419212 22.562959878884005 90.857252217015571 41.777013975453237 65.463707016998242 76.958855342790073 13.324643892698873 88.555112940445483 89.627720867239873 72.004143722942345 1.144960367469916 25.605456611101062 89.499395697071336 63.365204445370615 76.760264602134299 98.254746500225465 91.104092902929295 64.736069538470204 56.832239769056557 15.185213192263912 38.581244261179762 23.432928497710549 78.872662805253697 20.253745409996803 71.451281940581651 69.253571963762866 86.273575920516748 62.341893443710305 51.598003471140039 78.405744680511248 87.294685409507835 26.164777076912504 78.232981173639487 94.639679031912436 59.317544780564724 78.501629531907426 18.786294324148713 99.413473961204630 44.352989727409309 50.057326920570802 84.407383150034306 3.390357912488540 91.467033863602296 75.214770850333949 15.715669417465595 57.625720547460766 75.905225611419212 22.562959878884005 90.857252217015571 41.777013975453237 65.463707016998242 76.958855342790073 13.324643892698873
88.555112940445483 89.627720867239873 72.004143722942345 1.144960367469916 25.605456611101062 89.499395697071336 63.365204445370615 76.760264602134299 98.254746500225465 91.104092902929295 64.736069538470204 56.832239769056557 15.185213192263912 38.581244261179762 23.432928497710549 78.872662805253697 20.253745409996803 71.451281940581651 69.253571963762866 86.273575920516748 62.341893443710305 51.598003471140039 78.405744680511248 87.294685409507835 26.164777076912504 78.232981173639487 94.639679031912436 59.317544780564724 78.501629531907426 18.786294324148713 99.413473961204630 5.936133705922719 13.920750975573338 67.502313202431324 47.396955103256325 32.464773554445593 4.318022219398809 25.965818879578439 98.067992792631898 96.637038561034402 81.080345695713376 5.316193765551381 71.204984927211342 58.226857372369025 11.942053001420305 49.729414131613282 51.430659378045860 94.899534596769172 6.381422796665448 28.815382774438746 0.758727703129503 44.604768673369641 12.287577900599500 97.308926602562522 73.502243296254250 27.405198971189414 55.756577416961953 56.159561350257903 27.176304248706185 1.757541410135310 91.976112731011582 94.606502973394740 43.426714198054448 33.012130816248877 78.443576472275694 68.956983337229445 8.266058479792326 12.972902142087584 12.265870618840058 55.317000033717498 98.672600910019213 18.529712991266003 94.594846407453076 65.437307503639957 66.089967900110153 92.567130629416638 33.723443912758853 91.518608375624524 42.215775561301470 65.398454014249467 22.806778152375131 48.167309781862677 66.514040469333793 92.200579393664256 2.049881354217009 66.320101119446392 33.637455501337477 29.547003668800297 80.200377187095611 35.828125675211467 98.696767552861616 98.390504119029970 24.163894942076958 23.448527442336054 13.126395351458653 73.394008295952418 48.164270496731589 17.313369342579577 70.727381772344870 81.650458422588244 86.110673898759885 50.470597099444525 35.559833640734020 83.847952876413530 30.348857550365448 53.307738893954770 2.064178105327419 40.388466977352600 44.140619115412150 4.529471872977986 57.328530813945768 20.708741965294230 92.899616458513862 10.832904150810895 80.205173844581253 6.558996514218896 6.389010137350859 63.460667579804898 73.626493581216295 10.877480310355169 44.171985921268053 58.299848231776672 40.493284406440679 40.135376901543452 70.197871405363159 28.065559017362762 16.636653702958924 37.799256236119191 61.930351917864378 45.899811475975497 2.621644910644927 48.317118376196163 10.441013292175416 13.422544552032345 70.770821789177234 6.603430388846776 42.916280460254249 68.886677426512819 60.445742652028898 26.332661742607932 24.497997307262466 49.854594117115148 50.140810558752847 81.024684640998885 21.069771069069553 76.637449434351382 63.304178112882589 53.524750226152726 45.315193168203649 31.974683318833552 44.630394822581188 15.047244930506698 43.861177909186111 72.746924412270587 20.411926000406567 20.824355561092499 86.390374986523895 77.785185000083985 85.264306157789377 47.194890971454583 10.565271545562716 18.371540362909180 53.793802451069247 14.789643704400968 79.777510281761877 7.029270929437503 78.755539346385746 0.353377391343046 83.790962206668368 17.695617654064087 72.873239315764465 97.469427329946427 43.556561531522696 38.572561865793652 60.709039234601839 70.535551669138513 16.403197020088523 56.457980374422775 93.712393760937161 91.962974251206930 51.268788578016746 10.268774528113955 18.519495246660355 93.148054970336759 42.056956014597461 63.614445772598735 35.541531313671939 36.953350028213940 5.714074640478028 7.524062990060065 32.595428393098139 41.004223772515694 37.298607281051410 59.825952718354948 34.160937012548622 27.348467035538636 81.550664049414820 35.006692465370328 55.594828433822570 0.320090506103088
10.937381421403980 93.317281739631355 98.034648483239380 84.432507043826661 60.699652791241100 32.518197200356916 36.872198023618708 19.466568611739710 34.274562188585776 36.798736185359651 6.989891022679839 94.331466720948754 57.236002771711235 26.025586199503724 93.672312249765668 41.673149630150121 96.150753631235219 87.455136784219562 23.833777371002963 58.488407893664096 49.523564139974631 17.916712776175014 16.117748671302877 96.815594686517841 7.593661723667622 44.129518287696769 84.678102113974617 63.758001555185594 97.673864686894390 19.794667405086543 4.525340847320503 66.708707180297111 23.743156010677545 88.609599141787427 58.894288131913406 24.880715769263450 71.727300088380645 21.680580608676593 1.708354334034223 51.429361978063561 60.151108287630962 96.400394279328964 2.124213020401911 99.140620928411423 17.443448999213718 48.034827997143303 3.301900978073624 20.007311610763779 4.049270453302045 52.001245715621671 92.267136808286253 25.964106141125718 73.772469710915615 11.975753255082665 33.649389384065195 19.903289085038580 35.425799267688404 16.623957402606614 0.794088557694228 84.157809326740335 20.160048632569950 44.472429565912343 64.023070429333714 56.515337392532992 8.820288692602595 22.905916963284323 30.122869227697535 21.025114447388948 54.010214573188129 37.904404864201780 13.789580877071039 48.739014946325540 11.065894991978675 0.161367385232758 91.578512630750993 49.401109344979453 40.609143708871507 68.039473324668137 77.042277481453624 75.435297261469501 98.899765770491229 52.289311502510081 45.440151782135239 52.011187626095570 60.454566249583877 28.187037724698140 20.200353208554557 4.191906243600851 48.881364479532586 53.468332535849505 19.159853917871128 9.948338556141644 43.927809832923423 28.424277382606491 31.694546593737428 51.706727427921869 38.153233484008950 40.745290726320768 49.782291446777052 73.242994428227846 55.500520079701147 3.305400209981979 25.887657338843784 62.592359898644631 73.625340337056997 82.241501276690627 0.260398704723619 48.435454278462473 32.471122991021929 23.148157512816869 93.734434271827098 37.589508343112890 50.477971291043943 95.859425834758781 31.218748961313970 17.244268638121884 33.289492725930138 4.762938092577562 34.848390319416147 23.530971601185826 69.085901819184784 47.256016851551038 16.998420385131428 81.880245442020311 52.944840059126676 62.723180535859804 16.636653702958924 37.799256236119191 61.930351917864378 45.899811475975497 2.621644910644927 48.317118376196163 10.441013292175416 13.422544552032345 70.770821789177234 6.603430388846776 42.916280460254249 68.886677426512819 60.445742652028898 26.332661742607932 24.497997307262466 49.854594117115148 50.140810558752847 81.024684640998885 21.069771069069553 76.637449434351382 63.304178112882589 53.524750226152726 45.315193168203649 31.974683318833552 44.630394822581188 15.047244930506698 43.861177909186111 72.746924412270587 20.411926000406567 20.824355561092499 86.390374986523895 77.785185000083985 85.264306157789377 47.194890971454583 10.565271545562716 18.371540362909180 53.793802451069247 14.789643704400968 79.777510281761877 7.029270929437503 78.755539346385746 0.353377391343046 83.790962206668368 17.695617654064087 72.873239315764465 97.469427329946427 43.556561531522696 38.572561865793652 60.709039234601839 70.535551669138513 16.403197020088523 56.457980374422775 93.712393760937161 91.962974251206930 51.268788578016746 10.268774528113955 18.519495246660355 93.148054970336759 42.056956014597461 63.614445772598735 35.541531313671939 36.953350028213940 5.714074640478028 7.524062990060065 32.595428393098139 41.004223772515694 37.298607281051410 59.825952718354948 34.160937012548622 27.348467035538636 81.550664049414820 35.006692465370328 55.594828433822570 0.320090506103088
10.937381421403980 93.317281739631355 98.034648483239380 84.432507043826661 60.699652791241100 32.518197200356916 36.872198023618708 19.466568611739710 34.274562188585776 36.798736185359651 6.989891022679839 94.331466720948754 57.236002771711235 26.025586199503724 93.672312249765668 41.673149630150121 96.150753631235219 87.455136784219562 23.833777371002963 58.488407893664096 49.523564139974631 17.916712776175014 16.117748671302877 96.815594686517841 7.593661723667622 44.129518287696769 84.678102113974617 63.758001555185594 97.673864686894390 19.794667405086543 4.525340847320503 66.708707180297111 23.743156010677545 88.609599141787427 58.894288131913406 24.880715769263450 71.727300088380645 21.680580608676593 1.708354334034223 51.429361978063561 60.151108287630962 96.400394279328964 2.124213020401911 99.140620928411423 17.443448999213718 48.034827997143303 3.301900978073624 20.007311610763779 4.049270453302045 52.001245715621671 92.267136808286253 25.964106141125718 73.772469710915615 11.975753255082665 33.649389384065195 19.903289085038580 35.425799267688404 16.623957402606614 0.794088557694228 84.157809326740335 20.160048632569950 44.472429565912343 64.023070429333714 56.515337392532992 8.820288692602595 22.905916963284323 30.122869227697535 21.025114447388948 54.010214573188129 42.859974212942888 77.016769246031132 21.161952002428229 62.386967645418437 80.733632450949770 64.665094743845913 20.222012693076476 41.231904137676665 48.523525370155639 27.557670426030757 59.411839637909090 61.078210552604972 50.503385633226074 62.426231706652700 7.219198236836377 98.723803733537252 64.281107180856537 57.948597039974622 17.061383062601298 58.997902478640427 96.635439034055921 85.304985137253126 85.855574404172700 48.167598142660616 76.330722035911990 15.784868178215072 47.275028756894052 79.434754357217955 36.789065653110306 81.910393052270706 73.233799458096925 14.537789726386031 12.811166301518595 77.380718887183292 89.210376903218673 74.696282454248930 72.780220554532193 9.774223602274901 52.760891563838896 30.059753731337459 9.739061800252180 56.766160942330359 45.957621932936689 61.359393609775012 55.792682095640224 41.863031126635029 50.206069340665728 62.891264390076039 14.259292610859397 47.367742481905083 20.776421810550659 63.937199375168817 22.805195474297889 63.578207028598811 23.577471425560827 97.334474081779632 8.344822922017281 45.764689179381854 70.405033668445583 93.476071219030274 45.224914605236243 50.431624815839591 56.966613049693017 86.939730008997088 4.354118977233689 26.292137183119113 15.579946734958616 66.555525648351434 65.671233585392272 31.077465992405806 21.928818853416566 48.193089309687529 97.319437249966185 8.583138341344398 42.133069623441578 25.585184172078712 38.772380481383919 58.832475581927255 3.014818946478448 64.151680169780562 92.471997701057433 45.186562773710584 1.257091986955605 15.608161726631453 82.027201028668117 85.198240842218667 71.878213299404038 25.619315628123985 46.121052682128827 73.116074155724206 31.412867471071259 22.913587820724700 20.931960740433087 24.756414960112640 83.135491238852438 19.359127128483188 7.215369562216245 77.389741297234664 80.627173458176117 69.561313912412643 15.836017386777668 33.091320785950714 57.630838975178293 14.533425878203744 35.186884023735232 24.599241611150958 3.180629815363023 77.926337858161304 28.836011218582847 29.173210311259524 82.195120182599652 34.248180788772231 15.133239759579730 31.175439343824308 45.885220039320060 68.768116776237818 48.727873771713234 40.575686308823080 73.287901194811724 53.631507999529568 67.685669012305112 37.022699526944756 6.989891022679839 94.331466720948754 57.236002771711235 26.025586199503724 93.672312249765668 41.673149630150121 96.150753631235219 87.455136784219562 23.833777371002963
58.488407893664096 49.523564139974631 17.916712776175014 16.117748671302877 96.815594686517841 7.593661723667622 44.129518287696769 84.678102113974617 63.758001555185594 97.673864686894390 19.794667405086543 4.525340847320503 66.708707180297111 23.743156010677545 88.609599141787427 58.894288131913406 24.880715769263450 71.727300088380645 21.680580608676593 1.708354334034223 51.429361978063561 60.151108287630962 96.400394279328964 2.124213020401911 99.140620928411423 17.443448999213718 48.034827997143303 3.301900978073624 20.007311610763779 4.049270453302045 52.001245715621671 92.267136808286253 25.964106141125718 73.772469710915615 11.975753255082665 33.649389384065195 19.903289085038580 35.425799267688404 16.623957402606614 0.794088557694228 84.157809326740335 20.160048632569950 44.472429565912343 64.023070429333714 56.515337392532992 8.820288692602595 22.905916963284323 30.122869227697535 21.025114447388948 54.010214573188129 42.859974212942888 77.016769246031132 21.161952002428229 62.386967645418437 80.733632450949770 64.665094743845913 20.222012693076476 41.231904137676665 48.523525370155639 27.557670426030757 59.411839637909090 61.078210552604972 50.503385633226074 62.426231706652700 7.219198236836377 98.723803733537252 64.281107180856537 57.948597039974622 17.061383062601298 58.997902478640427 96.635439034055921 85.304985137253126 85.855574404172700 48.167598142660616 76.330722035911990 15.784868178215072 47.275028756894052 79.434754357217955 36.789065653110306 81.910393052270706 73.233799458096925 14.537789726386031 12.811166301518595 77.380718887183292 89.210376903218673 74.696282454248930 72.780220554532193 9.774223602274901 52.760891563838896 30.059753731337459 9.739061800252180 56.766160942330359 45.957621932936689 61.359393609775012 55.792682095640224 41.863031126635029 50.206069340665728 62.891264390076039 14.259292610859397 47.367742481905083 20.776421810550659 63.937199375168817 22.805195474297889 63.578207028598811 23.577471425560827 97.334474081779632 8.344822922017281 45.764689179381854 70.405033668445583 93.476071219030274 45.224914605236243 50.431624815839591 56.966613049693017 86.939730008997088 4.354118977233689 26.292137183119113 15.579946734958616 66.555525648351434 65.671233585392272 31.077465992405806 21.928818853416566 48.193089309687529 97.319437249966185 8.583138341344398 42.133069623441578 25.585184172078712 38.772380481383919 58.832475581927255 3.014818946478448 64.151680169780562 92.471997701057433 45.186562773710584 1.257091986955605 15.608161726631453 82.027201028668117 85.198240842218667 71.878213299404038 25.619315628123985 46.121052682128827 73.116074155724206 31.412867471071259 22.913587820724700 20.931960740433087 24.756414960112640 83.135491238852438 19.359127128483188 7.215369562216245 77.389741297234664 80.627173458176117 69.561313912412643 15.836017386777668 33.091320785950714 57.630838975178293 14.533425878203744 35.186884023735232 24.599241611150958 3.180629815363023 77.926337858161304 28.836011218582847 29.173210311259524 82.195120182599652 34.248180788772231 15.133239759579730 31.175439343824308 45.885220039320060 68.768116776237818 48.727873771713234 40.575686308823080 73.287901194811724 53.631507999529568 67.685669012305112 37.022699526944756 61.450426151483597 53.124550536453739 9.150116622617432 24.195685037545779 93.141918669754602 15.731127991720918 77.862440205105969 27.557670426793091 59.411839637909090 61.078210552604972 50.503385633226074 62.426231706652700 7.219198236836377 98.723803733537252 64.281107180856537 57.948597039974622 17.061383062601298 58.997902478640427 96.635439034055921 85.304985137253126 85.855574404172700 48.167598142660616 76.330722035911990 15.784868178215072 47.275028756894052 79.434754357217955 36.789065653110306 81.910393052270706
62.008301666190157 34.348838236627721 30.952820268746883 88.639683279799712 61.421798591690866 63.157968753338956 73.777793252191131 77.382770780170389 15.562040794822430 74.490396913554108 1.908365765763653 25.806044561336684 66.781452672960938 3.895411420791905 56.375112511673386 56.899508079830404 0.327526208896345 78.867599470974653 59.465988550848806 27.735579238015053 45.132253927704710 4.216237214246698 14.181715115154258 40.996659492127876 26.149240933080474 95.158267012699085 54.603164043179120 40.975417522092918 37.050166402092387 79.752685512826943 44.301894044132204 93.882420750678534 68.173099925095428 12.318366149075233 11.712281721869156 10.111705327159658 43.442159403197955 0.069244188790241 27.758613651520559 37.236648929900376 79.935136918367633 15.332402482414020 78.315170510189787 53.728971525140359 73.117890580864483 12.772636257247793 81.214947356407777 55.612700648043578 67.096185600099233 78.486136616867142 12.659243145728205 21.828885111993102 31.738030303379517 72.038020786174229 66.561012785243122 0.547149827612592 94.060704643378784 15.852625524904163 68.694223224157042 26.836399530437603 10.746318112621323 61.833295638932860 24.036503963035727 21.316057122990848 19.888973124542265 7.765730126937010 95.941696614757049 98.272654954194820 17.523491873223186 71.785665065373692 20.602099313546706 75.097500968156680 57.103356000929139 39.432948230088527 45.725194215222920 30.087736368769178 26.295746195872049 37.666719109890799 97.849530075485958 30.902469246165431 6.189667510063379 75.055056933586755 35.272238422696269 49.921847375633234 20.157118354722215 38.643504476914046 61.450426151483597 53.124550536453739 9.150116622617432 24.195685037545779 93.141918669754602 15.731127991720918 77.862440205105969 46.121052684500505 73.116074155724206 31.412867471071259 22.913587820724700 20.931960740433087 24.756414960112640 83.135491238852438 19.359127128483188 7.215369562216245 77.389741297234664 80.627173458176117 69.561313912412643 15.836017386777668 33.091320785950714 57.630838975178293 14.533425878203744 35.186884023735232 24.599241611150958 3.180629815363023 77.926337858161304 28.836011218582847 29.173210311259524 82.195120182599652 34.248180788772231 15.133239759579730 31.175439343824308 45.885220039320060 68.768116776237818 48.727873771713234 40.575686308823080 73.287901194811724 53.631507999529568 67.685669012305112 37.022699526944756 1.257091986955605 15.608161726631453 82.027201028668117 85.198240842218667 71.878213299404038 25.619315628123985 46.121052682128827 73.116074155724206 31.412867471071259 22.913587820724700 20.931960740433087 24.756414960112640 83.135491238852438 19.359127128483188 7.215369562216245 77.389741297234664 80.627173458176117 69.561313912412643 15.836017386777668 33.091320785950714 57.630838975178293 14.533425878203744 35.186884023735232 24.599241611150958 3.180629815363023 77.926337858161304 28.836011218582847 29.173210311259524 82.195120182599652 34.248180788772231 15.133239759579730 31.175439343824308 45.885220039320060 68.768116776237818 48.727873771713234 40.575686308823080 73.287901194811724 53.631507999529568 67.685669012305112 37.022699526944756 25.619315628123985 46.121052682128827 73.116074155724206 31.412867471071259 22.913587820724700 20.931960740433087 24.756414960112640 83.135491238852438 19.359127128483188 7.215369562216245 77.389741297234664 80.627173458176117 69.561313912412643 15.836017386777668 33.091320785950714 57.630838975178293 14.533425878203744 35.186884023735232 24.599241611150958 3.180629815363023 77.926337858161304 28.836011218582847 29.173210311259524 82.195120182599652 34.248180788772231 15.133239759579730 31.175439343824308 45.885220039320060 68.768116776237818 48.727873771713234 40.575686308823080 73.287901194811724 53.631507999529568
67.685669012305112 37.022699526944756 53.124550536453739 9.150116622617432 24.195685037545779 93.141918669754602 15.731127991720918 77.862440205105969 19.291170695103400 12.874727151089193 76.988566244122453 43.938775521578457 57.610717235271437 93.795476193039846 0.002679685078699 25.926819074928588 91.203958596512663 81.882304358878997 18.969067291163078 60.357381562142699 57.219213775897323 12.887855930787984 67.684245242410441 90.861492907700637 82.304660832002369 71.458257645939511 15.990008036913606 38.509099297934000 84.125258721261460 85.730818042098463 22.718844021727801 21.231921693028909 3.828644827579419 0.006676099894287 86.420977487791674 63.509569592362482 29.060203079223733 95.838834974801443 6.812947905573063 5.305644140302368 42.788876432297265 5.712673238409771 4.257547725678467 3.905033884708309 93.758366389324053 55.479600337232704 94.121709526039382 92.183989930181170 39.512197255143136 39.021195776810060 42.656995139947171 60.292425155752838 84.937304569802137 60.541116792556828 85.493561220497440 44.221393790781761 16.821152482993064 6.493310860879964 33.278540750401689 24.190384833708055 25.666329656343301 46.033969026790054 31.398553835930031 75.877316773562370 83.640775321379095 42.421156961556107 78.635251098126986 92.586057771934662 62.787993010132261 61.058700281723929 9.085907499522461 19.305349816631466 63.166814096925194 72.088304243885858 66.733620580116153 85.519576822063229 63.189983328155719 64.788280316095779 61.628369228836988 21.184245630742094 47.423267393182797 86.920316367750630 29.678932942638557 59.631673510139635 70.321812538120810 22.964323261530595 7.457031003748227 91.050283134658216 94.898901428022839 90.552349984301969 1.637650094031662 40.127038093623568 83.219719780842837 20.345879947781885 94.037808087706125 23.415209683750170 10.497044928055498 78.908963582015247 77.649703403432582 13.097595935667572 15.504883542475611 60.300215403667103 32.239189990309356 31.950792902098758 13.865500104386930 32.426209804891705 33.908356141036101 77.447740287339442 77.447740278332816 11.290765680498771 5.057449510033996 26.497871506696491 19.515598820995962 11.166163220698833 28.894519158505759 61.510746329609610 57.012067378243614 45.775407460126061 68.277604818215380 63.603678189990461 28.650263488267058 17.345978234137760 24.605869103486178 34.289278945031434 82.550382390504936 17.959900385249949 54.078627558111314 37.417776534669244 2.846321335673674 56.465869293656631 86.006937556402434 14.122040261361523 75.865327055030789 68.563224573043826 60.958829531472269 73.125668331190781 29.601104661748213 2.038361187246784 59.953210357118927 30.448152398955976 61.347065422958735 47.142958219156384 5.903570455830209 37.684997719924340 84.283072915821393 86.806863729107903 49.987589588422232 9.736632830711866 46.490765701429012 9.293267351525126 52.295194521049204 60.388830213056345 73.625803514328609 55.717568222981043 93.893419838177522 3.440597951809021 56.188772975421386 57.445153393810536 71.193739566006769 48.107700824180618 30.032807639992665 31.778639459207891 76.875458968306091 92.838437900400336 47.680245660555464 77.844317455610678 64.163335679917864 29.883484934656490 54.747594686822765 4.509440272838616 5.457896550477182 71.784388638985305 95.559374336554441 34.077292245560798 79.488199114117791 91.874804568831308 84.472628859871477 68.565788107734051 44.075786773016290 11.498718807084686 27.248233947206778 13.309070152033698 40.339624559817587 85.507633506514892 41.127771139961432 19.763339090802358 17.725142582559283 2.147869944045422 36.993563332413949 89.845119845413421 59.682866959887370 36.089410659829902 47.933624995976601 29.167295939421155 26.428714191389989 69.939539652237002 45.213866086227497 21.998677094315976 11.227241520686748 61.493726386243807
49.110260282829401 54.380388650144383 91.100477725391315 21.148133081030640 79.088406648224350 70.981334223524698 52.734140807006312 29.007422898258618 78.732339486972307 12.633061598504113 61.522454256601932 66.481051901565095 49.430795112069816 81.109677213128066 30.020502569054010 43.915627815752181 25.699278777108091 19.501542241645687 43.570952695121449 51.963524224707037 78.466153713854865 78.281680290982877 84.384733778023175 65.941838833235195 69.962376142834060 44.513080207524702 75.291839843151351 78.598865709706828 3.507902117319261 31.108994707985982 39.518381495384403 72.522759606965266 83.254923673515293 50.473687796811703 68.910243932328356 30.955243998466663 78.086968701590479 7.192675173313812 8.832713371086554 35.444030027298936 84.403704451532519 5.010964238042403 90.787761371677249 31.888030515947506 53.660976114772296 97.419676632114900 64.032812450398680 46.654201186080421 48.486223726085662 24.306620619981491 89.860850489946742 62.517165921798814 53.449845435046228 13.646461546693322 5.289484011091094 52.746931169979796 16.572333722201115 8.409111220834520 35.643826276153533 89.556685541939444 11.953964141108575 35.236422460130093 91.551215444047443 9.960604590757727 89.654139113244156 83.187722275871351 17.378806425190607 26.183809526951030 45.799188797900683 62.573992966716752 36.339729131359753 48.648737045487245 41.810574484029239 76.217536691538996 85.570895990916227 17.997798762748584 62.639291953183871 28.429588346722301 11.634028974386334 55.184027174021246 25.566630305030014 3.758646444414393 60.739382594745507 85.537399722808885 30.997766906050238 46.439990389150942 96.830534203730451 14.218930961538179 48.531540753738710 96.211312961856279 69.730085107581090 48.043874664006367 58.999397371966957 7.799721030640461 75.504652500502232 66.159576882202259 81.141319949788098 68.581713235619006 23.617305851534386 30.948827911048895 12.382811464086707 93.012923455260761 45.204571040855789 52.714407388275198 36.802427188668794 97.983806841435381 84.264348454298073 28.502875817806395 85.175068232411519 94.538854715738523 86.962202326047262 28.826302114261527 84.597932181907083 7.246073087037641 8.173796978943592 88.836371989305718 72.794831844583157 30.499092594287102 40.378620042521895 44.781245674157674 67.652837414077410 75.119204756744423 8.579873383736803 2.306205890674862 67.185973350143328 37.616005656215322 33.828468391111208 40.126198010260303 22.284583009783354 61.356853067272674 43.936587150256720 85.567346907344373 95.192163671548812 78.544986366257945 97.583835676088526 37.888489116034506 2.380273707705682 99.404667538321334 43.268220019673329 81.984399609647156 31.399306472710652 49.973588410700607 35.565460299222551 34.685634167261668 67.344714211224030 89.384106144369895 9.601396102690153 44.657270428369870 56.539933496704094 22.468936831378684 0.019403934659923 62.375423954733733 35.183208708294465 22.392813814498560 62.729020723892667 54.093178839688406 93.669224205398010 34.391794144065180 21.556860167800728 93.444294090925624 98.443334416362177 54.720170830302571 51.537112043088186 83.840944468944585 82.849055659314146 84.471436893635229 72.057279307428487 30.755598874422006 5.859371387216539 11.451316812144686 1.918937699532886 92.476942841089155 32.873182466017703 35.714876170230035 92.744812868448193 74.006134760479668 62.048677198173849 82.579901070100775 23.290033502769838 28.865761062229090 69.563934477928399 0.031569367533113 93.108404518121034 98.536363526776569 12.381048563042063 62.403410147267543 91.026635253127992 55.067986928667082 47.526347097906907 82.201886141663351 10.949301898771512 99.056805097674243 26.842810651929781 12.227819768774694 31.628115562290450 3.700220110282781 74.740340582171257 40.024603599024267 84.936455576841638 73.444931219148259
17.480790532743484 33.056898494155504 22.842911877503557 76.383775847454160 62.544396703815316 83.685461876409732 41.271480245340406 92.668994635378851 46.950354079418844 94.547946895271224 38.335593923036463 64.000174719476249 89.997584287868222 71.772329393605403 31.083951130568021 33.866853837415199 17.581278975141799 17.390578357110563 29.892520341708028 35.916556710555113 88.930911471033596 95.744667947213230 79.695910229366561 35.065214971820893 69.698495398023738 73.499028696164601 83.434845398145612 87.423816730705468 94.103753832868406 54.358124974526781 16.086780281338310 66.323811529734058 43.429705905318727 72.729025848734025 68.364237769638805 23.893442281577027 49.985447364984722 8.826394302715901 86.329998853017216 92.715397281883256 94.893710174477704 63.149455509143323 21.768930438878620 24.724101118995812 83.114577226341609 78.657823200417454 88.388686011435738 18.625977515650614 99.501526204162218 88.618174977174149 13.721367321109501 99.126606568396014 18.225587823199184 59.780049173117568 57.795005512992660 58.615736574490015 9.963919105589659 78.890761028193253 48.640101411097461 8.124116990678655 15.873715273470090 60.384023090472724 32.790889453345841 39.543280543382309 68.226907557102024 26.491884925735697 28.785214497753596 70.357210782951867 30.945534968439393 33.476372020742275 22.240598077950857 16.522806233516363 63.647637559127510 62.081247800269999 15.030709418648813 90.064806216479212 99.189650590632382 84.092787152877591 8.389617654758707 88.107387616787861 2.936876388362664 27.446506687482231 93.981161005579111 34.703949331796402 41.901405908249210 19.694001658143911 33.848468234258952 58.884789572272389 8.121737801692507 59.368858616752910 90.372263711676084 49.713500894607613 69.538329319768778 59.912395186062959 91.579982369100350 84.405814819889500 48.789700393844605 71.237368530127455 81.723076302263564 98.797596586081710 4.962140036098594 39.558192051029160 66.198456605600228 10.707205763943929 55.848921447676723 27.827955603212061 36.543173613907143 84.289650036814265 88.333148911964628 86.674579486148602 55.622530963597541 83.624646179102569 13.519396893387814 55.858730452980346 48.657422918677540 74.429887316076261 15.383414586805666 10.370511988491593 82.126796769286770 26.226941617714662 95.570509346302046 77.353850478882947 10.341888790680077 70.796198164705714 88.171217375987055 41.292488340002024 47.957460791372377 13.581725428212987 22.958726355206728 31.614565292014184 28.573740441346374 2.164018583729121 80.105314186957557 26.455402263902517 71.734187956458697 1.573862842883444 32.161475627724521 71.191221125407296 56.406457079109238 49.888595188941856 91.002534618793703 40.599629308424667 17.902103904596611 67.865619530837549 14.173108640948662 95.868060237599423 47.691765291011926 59.775384124546584 21.940147207147930 72.191482222672605 18.718864456436446 97.280780027844088 6.558533806654765 30.582925577550913 99.069983668033174 32.548305501481757 73.952679433859586 98.349183297630120 54.804731560164996 70.486964414818573 3.160748300997152 23.386395553977522 42.815644465547265 77.196585705767959 13.910555335761565 63.250523567772255 37.570950069089314 10.366295288404782 18.262611727326895 21.400912054631004 42.634724304880436 25.774557665961417 37.656114447957890 46.718180563303321 35.539979440014982 48.551238831517452 58.916718621138209 39.845687899702085 92.666806900386774 91.928273239208494 8.851051944696398 29.163200391775845 81.605212374613885 45.182001133780801 51.989805093008499 17.410622900925965 96.877009027652420 24.639610953011413 31.446868800399631 89.317826827605046 81.169961711166167 46.993947638764865 17.105604704987108 43.970000988140825 58.509254907822907 38.998542429010875 62.934577657521217 55.507393688810694 22.677949051068747 22.560247268083234
69.842468640495113 2.955439243991986 97.100992357661198 33.271072915190501 21.234913728502459 22.666511782461907 92.656748371987803 21.284656856989614 28.098640469040603 28.104187302372317 76.478758063434952 16.178698100997245 96.203742961142908 67.206987053206518 20.810269845780237 90.665071447532014 96.420306856689507 59.163720405234955 33.059577619372391 97.633494945394176 90.546591541440890 3.068200887213657 69.437076898711496 37.950128096168768 5.394909911010815 58.902044738450279 24.343816155752862 37.714742417146020 23.285131110232527 10.243173260933213 93.482834873985070 41.698264526651364 44.698913962123164 79.569459493976211 76.377033043956729 38.648229890026265 58.902044749646087 24.343816155752862 37.714742417146020 58.706185693001324 1.520876408953853 62.969836784360254 21.134213407114878 41.924561418938175 34.036813173838475 87.024592083110221 89.305532253247094 25.952487619681520 67.258490631042093 93.957054378175627 64.853718075161964 7.260217895263644 9.043888044969373 17.058919466319644 87.016209218573579 36.184611877841199 69.170336952648739 9.905772917796119 40.580031516949248 88.148947546682237 86.897789011191946 1.711690701526081 33.885969174109242 29.702980270517021 3.731406295540252 53.813094696737906 30.270913734063708 34.870562187033102 87.199811575902984 84.575731483318791 46.687746600281834 79.294459893075683 82.043446379438095 33.953562092618874 73.898239327640908 1.128423396441036 28.651497948798777 2.633346747169762 13.346849098870106 32.180686904613488 46.627049887827297 0.892055297955119 68.233223758549144 75.168453859481261 88.840882247127922 65.957382309819963 5.776021329888803 50.095591607668453 43.565121640460681 69.665087291730416 55.635687124414844 5.300394197123948 32.600359118880320 58.214380471379378 32.726170931745344 55.931828230017423 9.382828200992499 37.869087006670732 89.757669201282113 65.663982589138058 45.874576089528588 33.062340883946383 22.721943483417718 63.399744124983506 75.526206404036074 39.433879557948657 4.701576725505929 89.132619938061083 77.785827158320757 61.850073018248331 76.849380062237600 68.294120373605494 9.241913436477633 12.423952988891751 66.092206260537736 56.571024264329616 74.287081333143888 86.660440631758220 4.526408543779570 30.220510265043600 22.433432337401239 66.773682275690931 35.566721302544657 40.049132652662678 67.798061915981592 18.918112104078176 76.946116179215210 51.924080487177093 71.796091806121865 70.639175094857222 29.451295104091514 51.582421555295653 45.738732636733104 2.722406804328470 21.599737612655311 80.170288858406707 46.145206950869252 86.707737408621455 16.553441541338476 6.524770758908371 21.118188769755943 9.279663894900159 80.765654360578992 13.033596951849480 8.654809793642338 16.422492207809359 3.913269653057949 44.775326057108181 27.445428441199514 59.422233637473823 37.746863455484650 94.273180717087641 92.290676475981343 53.292652069225312 22.748799396027742 44.726685008743026 87.126269584645243 98.279215214172893 99.189749529680810 58.826024969008728 46.302688096556132 40.723900986526260 22.447660258835988 79.189685277826072 8.595722718583055 79.710080788476077 51.253858797260335 88.103988728939626 41.233068863439485 32.020377443695658 86.756897717352373 45.827699061907147 70.363790334542017 7.686014203094704 30.000410819314837 45.051760479155249 92.345995770039153 45.806936064378199 98.607699998225598 0.027215397558933 1.325954477921865 22.675197032389615 64.605162728950944 85.443219286707063 78.770820825912580 53.605848173723039 75.895793564544277 18.311816492638322 37.381699497037587 26.960272622329285 14.577357502445986 73.818795032939519 53.224675795349675 7.102151057089168 27.553367444188147 56.895623537300168 85.436121194038051 54.335920237806775 77.129704288277480 72.160734534342680
42.235635734156716 62.719555196385400 93.438127367739554 25.889327446082056 75.037001874899317 31.030374620131372 14.776666818385497 60.683726478179281 44.082065094476583 16.617678741882123 46.845116712116855 45.096340555581740 26.113192700142442 61.131622032738598 50.652059774577950 44.395911678995617 11.726268863155420 66.405852757735857 13.458662753957885 93.036197852499200 91.545295839445046 87.899926078149520 54.445995151556879 57.622632328112445 69.942864053600715 78.270728408357769 59.097759445138244 6.384967650198647 38.163469903487602 61.359199999482726 38.174942123989666 40.669678940655508 45.852110710757707 13.703111682703240 97.150398281005849 76.845091668036915 51.134200256924181 43.220152904553700 53.112565795685072 37.883232917785392 0.751361710711695 65.832052550622763 14.122847717996290 51.964703668711330 37.159999620261019 37.843781853806213 73.425598926003858 33.583166167986420 4.644978009410783 78.837493724144622 76.945883827380470 57.310273313259685 23.071913924896293 59.257861841511861 4.661885073094608 75.604327151979305 30.085752715080481 65.443465688307782 47.002221547453345 20.528329777461973 84.540400381323252 24.291403122324361 69.041023834317471 74.163698634614121 0.292663758050260 66.071165626122067 66.351556258538253 99.957640138552833 46.637033926498205 31.684535840383255 71.460750452573819 61.241111306053256 87.778491641874950 64.083832442239185 14.329547853407254 91.332037185150142 99.226607360998827 48.765717236931913 12.142006942883155 51.521141520996707 6.826689239634776 36.186101876785536 13.219470901061658 84.806562119046532 6.090695644409017 49.771217791613942 4.744115802115367 8.094642467986057 21.269360616416488 34.989277073302425 70.497395341071353 52.216534436252019 44.554074107169384 64.985154865245278 40.128160722870042 2.788471383344326 21.468444133014575 97.841754156049092 10.609526562454940 47.561011099774205 33.357346907543658 14.433504312619483 52.856199598863796 27.174645352749195 61.759630745051993 30.257889008874606 46.412017042262207 13.289095269739759 27.580085465391036 36.150648418403229 2.558039171903836 62.944205678881815 73.557115768995885 84.197880481620444 37.221115871716194 7.827945832586137 19.056060449203414 58.943498669954920 96.963726064572867 11.977398216113343 55.447156647101600 62.242363369773692 80.766008476505874 37.134036035288517 72.336716277131103 28.280655314387595 64.813386978861331 54.203706953921213 59.632035055735514 49.989427557254032 63.818220955302927 29.487418439864065 23.809192315959137 78.430526028038429 52.917659434686250 61.508946884422421 6.478729687833306 12.567641945020981 99.649375555168277 17.624304778671885 2.302639089970004 70.056864475940230 83.043881426028747 81.088275697739590 41.512102493081791 95.223457986587590 87.481020874804770 51.809262481829933 79.359923892255765 61.135455037837225 11.790178041921962 8.470438669765157 3.057836500450906 92.254454677171466 11.014328322120882 6.863305679470466 75.303262254952585 27.844834819020413 48.320456362774152 57.647389389399962 70.232895085658143 70.872333961981468 30.738990224682016 0.019877861771456 45.635665452426352 31.993705048049069 56.561262535191595 90.325392236291847 27.912160555926334 2.776056240466140 99.330387948564990 46.269715716727511 82.632841999340627 19.421418413666746 36.962227656883670 62.378644307484478 4.934437418884463 57.896557285933646 95.608451707258439 52.031444740289466 99.692892068816221 2.400737996955848 29.297266414110268 57.362184880686208 70.740688581442257 98.839499176462510 43.190571896215182 65.208213174895363 35.029250326409134 84.678229066653628 24.428110630830712 41.020212200440156 78.849238758443107 38.928917709453096 54.314865014570742 70.319469476243128 7.399750192680122 27.804848769057077 33.067409256105151 9.508761917536502
