200
35.173724412389809 13.968131921134997 36.737997628077224 7.597468119006400 29.209121012531668 29.167026236329939 29.509098447488658 36.813872530416347 87.951186046884175 95.530126805560911 83.683769569332497 17.272066252838634 33.249431741206749 69.410334214003527 60.142843482979870 73.165289329898769 41.682951607156951 29.846558442380555 21.186973246213135 25.127164754846444 51.369315284315618 66.567691428996923 45.736045776295533 7.150987440732070 96.220703342946805 80.015085626470722 66.382233315549797 34.495400442047696 84.027413032538618 5.681585563345203 29.220851665010471 75.467493380315574 72.114133648413812 40.997243472157429 4.916184574329696 52.294315847533099 87.896781317232552 49.550451660178837 98.215923065610255 44.071431586004508 80.635708967524366 87.485451460521801 76.090040966945310 68.810638485856799 93.039219896326159 77.724393904324216 4.916184574329696 52.294315847533099 87.896781317232552 49.550451660178837 98.215923065610255 44.071431586004508 80.635708967524366 87.485451460521801 76.090040966945310 68.810638485856799 93.039219896326159 77.724393904324216 45.220326702210414 64.305193923728098 72.054040616158858 27.315013174851444 6.260064066696581 31.601469726871766 86.962726708323245 6.476859842933569 55.892192273088028 56.864266507820382 89.160193239725132 99.260975482400838 60.553982753537085 14.431471734444957 23.979290757724126 45.370768788434226 71.817231936909906 79.350067956147996 76.147722995635917 63.757763302420841 12.404445488800519 85.804133939096573 63.608132555985563 77.890524226895579 75.158216012400587 88.499909803684815 54.645145157033703 6.255156563881703 63.885861652371986 77.401501828854009 82.869104728595488 23.918536096934883 31.849216391715796 81.177632010610381 82.497025022259166 13.248151552293086 49.790777405308539 5.291093593479923 98.736599059923478 4.330326450868838 13.633945834843908 0.073429795170810 20.494273745696802 0.429292530222880 65.350106112943095 91.058006525110727 75.796103354556024 37.326617941100849 82.448325889711285 83.234077396709807 6.175419289377215 14.656991769205041 62.116685662393500 8.355625783792053 59.321789535201908 40.396317841399444 91.403970392021321 58.098848835981883 69.837428046789611 58.693793711449530 80.407925321647795 17.958640924362999 53.266019644108518 72.613181238187408 75.180026847744912 89.656134717865086 7.432915389127848 49.811590847434694 35.168656748216790 75.629409309106194 52.856309144821864 27.970177580940479 48.179700845508918 96.341424947800562 97.852813083067574 59.637490210630041 66.719098813518556 11.858632955679649 53.868224428276093 48.093903775268345 65.850819713693582 60.362360893765789 32.526843332415055 39.230222508372016 56.811025948817139 74.410867110587773 52.753776086414447 42.747675565427414 70.226409997362509 46.652529437581322 17.817283103761149 98.631051873818649 77.441770582799634 58.342814199425121 27.073700885912277 34.816329654038881 79.303820801809891 96.158948091137219 23.798974550440267 10.598712995464298 65.904050232455759 50.418551094130478 54.942138225204637 87.643929251059419 63.891164584607587 40.174508589808610 94.324707713634140 66.506387057181968 54.415728547463004 49.518897441102396 94.681547479737034 6.182755385968708 25.593949056026631 95.448457437946715 22.172988351129984 9.423125173263802 59.719138492747639 70.226410007476687 46.652529437581322 17.817283103761149 98.631051873818649 77.441770582799634 58.342814199425121 27.073700885912277 34.816329654038881 79.303820801809891 96.158948091137219 23.798974550440267 10.598712995464298 65.904050232455759 5.751999438523248 85.363813907281269 47.443826748335994 46.406972743361273 79.136899969789368 39.570858896234171 12.274684794971780 85.290143416903533 67.984187218613727 68.386883980431776 91.538205508255004 81.498564451172342
14.339589128406383 49.439529644456449 17.624292310725508 69.214380445136342 31.769822250285539 68.312297510911108 51.789691556455189 28.288045274935481 2.777803307801296 18.129311278882408 35.565568836358374 9.282818833673300 83.310329382479452 84.886487113026078 16.759175612901657 65.206264153342858 8.747709828919458 17.355991678152360 2.678840243011238 82.277961898094915 38.894934369357806 62.584145761481480 68.342901642620504 13.663642538955756 79.846205626752621 68.247897323781245 10.064826967538975 84.256123571375596 35.729306840726572 65.118732779923178 90.109856679091237 2.764787288005277 23.619786580676116 74.105521983412103 34.612472644867587 91.770023345910928 40.066358292708784 68.062419856893030 41.870914543743353 98.577717638707213 49.768856172838881 0.720147867775867 46.116538859320464 57.970710962660910 71.393994603994955 34.489633757941732 41.110689789715913 28.416811434061373 15.383353981761816 40.337405517602832 28.278469613253854 44.148234663604200 47.987128775748076 29.154155423718553 20.616841330849532 48.696902478358659 74.058798424503522 23.758090987377788 86.532050977425840 85.947059822627082 21.801535198677890 47.153566988645103 39.175682095752506 44.810483551007877 31.624754273300184 85.245756525080395 4.530840921883728 5.646488029490815 93.634615712321093 87.622053908653811 88.165816414820469 21.351575104682276 91.495826376768875 93.741825916309708 70.795493674808938 97.214979258412868 53.270513480644766 46.375984126829728 45.044054850953650 94.061003711719550 87.861663592003296 14.086838210431395 58.105485523461553 7.432915389127848 49.811590847434694 35.168656748216790 75.629409309106194 89.683137150545519 78.677193687198951 80.637040804533754 9.344914565807994 85.386664367189496 49.079626193830769 63.415104298785643 65.244216926461917 80.407925321647795 17.958640924362999 53.266019644108518 72.613181238187408 75.180026847744912 89.656134717865086 36.160643310117578 75.202706349814136 11.674306845508731 47.363547139903716 36.822610886588066 52.856309141292023 27.970177580940479 48.179700845508918 96.341424947800562 97.852813083067574 59.637490210630041 76.642895779016428 64.518130914212705 51.904459853793163 24.491295294400771 32.530524720006603 29.853451211549100 7.737390061459060 27.238659986461890 96.816706008850645 56.820217471106268 97.899124934668976 41.634302384259833 99.635463707292374 90.028468688153069 70.234825751061763 51.655688007903954 5.204501256012661 19.603168686090445 50.499818879154326 38.165141007380910 81.065100892405511 42.430567446102927 71.198480669284137 9.563346571848118 16.995036153238608 86.605936649863494 55.088109641174952 28.901821747713619 51.890462409849427 48.589434430643543 8.836867627231870 10.006800149613060 1.158129100674299 39.307470045986733 15.197807303638411 43.004406696286559 96.076913492546652 69.796650415083363 57.457706562684720 16.540770575400067 71.982410746519491 43.540226881518208 84.883685762921417 36.956875698569206 51.847656038382851 55.731501172332088 65.559622238259337 24.105832416212991 75.360742000065457 22.578104471781202 26.737256518296991 18.888300256901580 21.994682515423936 87.587370852864041 3.493020890259646 94.034003381404233 56.674730746158829 36.040496528463905 47.348188079315811 87.384900127241309 58.002316866269766 48.746768907810115 99.487974490506630 47.348188079315811 87.384900127241309 58.002316866269766 48.746768907810115 99.487974490506630 33.766476132072540 46.423508509103272 47.676621790337137 80.833475064364308 48.920505719400964 24.368278402033084 83.413799867915003 84.764948906799390 66.673738341482135 91.827936441868459 67.716862716346711 96.946201597575708 14.995300027099967 92.135487357402312 81.593218044594167 16.592315319741846 23.278326087982659 95.331884069185151 88.823663674862374 70.388304302159767
94.399044710729271 33.766476132072540 88.416149446781787 12.176293491797164 73.259007103374103 23.476212156861230 68.608123781353569 96.555251010907924 67.784108785998129 1.814335697194047 33.574067215613304 76.991678033674290 54.430856949609684 33.010626180962852 84.558537904812084 10.102288889918986 1.064418259774169 76.929070938410121 63.211059123648603 53.509151869591399 43.213659576903630 94.437097756967844 98.672306325478402 96.956554477990181 93.947120003050799 9.032098697320068 70.225514284123463 93.267808264268638 30.500626699035138 0.623583289864527 9.622236150405072 68.113247433762908 74.038731081907784 96.810584148323315 68.545908567861900 28.902245585386687 31.384261889314068 73.573095475299624 70.196208280638288 23.703116324940289 31.897481421796659 84.995793514858093 95.646425968605712 56.588757238059031 31.633314451736936 72.961478596587085 78.552563122600546 90.338708255088420 22.457196933048650 74.710640336360427 91.403921686819459 74.790097428316301 5.353529111139988 29.026762383504547 30.583747059432852 93.794064315575085 85.248722540033583 84.910987423156556 34.712927198068869 0.211950593436905 16.443747166201671 76.324868179265209 55.277369083037073 29.234362545426674 2.182045268118826 32.286749996163977 69.876630223769283 80.272618558857275 34.171223049734103 63.650320295466024 20.067914612598216 89.390049453039595 52.658014901323604 17.215295700422061 1.832866743105299 69.285180056406574 6.354451879747558 41.869186893724354 19.166574917506740 19.166574917506740 72.474646525074846 20.935036502860804 41.004247775651059 82.350429281509818 26.644972421447921 79.703813902572676 41.822214888481227 52.298394139075178 59.713780061837220 17.030121638761830 90.217956372069452 61.109603165559399 95.578233480824210 28.916810993283438 89.194738865463123 7.328123108300034 95.934276205645816 19.532547211143214 2.424267025731808 91.210554514358449 68.679785287782565 79.436137153751744 41.089757946610973 16.035533433217765 31.186752580090449 9.483079693109175 23.237690011917820 69.660396035253626 28.591565259477647 82.417206410457993 68.586913664533938 32.719598787719704 14.838852165744132 2.602250425588037 93.935543159407970 98.746667806188015 89.378406112107243 56.222309850336252 64.655353985399245 9.313377753738150 56.300738824495113 3.124778736404610 26.996032529592860 41.869186894586242 19.166574917506740 72.474646525074846 20.935036502860804 41.004247775651059 82.350429281509818 26.644972421447921 79.703813902572676 41.822214888481227 52.298394139075178 81.920156045505081 34.908470678465740 41.882641313333224 67.615709814799530 9.592290236872991 20.765677116713064 2.424267010976744 91.210554514358449 68.679785287782565 79.436137153751744 92.289313888068435 95.646425968605712 56.588757238059031 31.633314451736936 72.961478596587085 78.552563122600546 90.338708255088420 22.457196933048650 74.710640336360427 25.603634875082825 12.555226025217047 19.611734078700806 22.753549700320129 77.518596779836940 82.640931783853134 37.399498845823445 95.331525351483464 40.810696738470199 60.552113730463795 21.989848855760840 47.981000059411230 43.898585950894095 16.646223350794852 26.019633892504590 41.444969446002197 43.167690130451376 55.487793356178017 96.910603019411894 91.722744532151182 43.167690130451376 55.487793356178017 55.487793356178017 96.910603019411894 91.722744532151182 2.095953093333014 13.523223195824308 81.108338388280970 81.108338388280970 77.441562096549717 5.874778034824624 90.038306588291434 89.324214880757708 62.470088629478695 40.986817666437879 20.997840332503927 66.568724987144421 85.610554069379774 42.995856350173170 16.440354050264162 73.508072863738860 31.986332886134370 1.958764880303610 95.772824495946480 27.905150988101713 53.960512485650533 2.887515038160227 29.757962776430769
55.881848259610976 90.623128859725327 46.166331757075149 47.619942107439115 26.745122863985273 93.020759536405933 61.714611778605821 74.486128807333188 84.658341185667211 11.879828498282929 13.076052366276114 25.785561080630657 39.995580616869312 63.358284595509005 79.236646986905768 61.760639655491900 33.520955045952675 38.443994852395605 24.714232557647254 63.512688730020471 13.637965260355822 24.476718343107684 16.492704368640855 93.954432038913211 28.614130256784797 59.719116121890991 38.576895214810556 23.412196806921347 3.896807942731007 85.197842562071074 72.486525383986034 69.459645528038664 99.928626496976293 42.278535901676683 15.398223040278058 95.171517194478753 74.448406229033310 33.139534308974305 20.463253185136388 74.507983946771944 60.987909281486232 88.577320704975051 11.272079072291897 43.167847028906301 78.347666475126672 6.283785783463736 81.434722023350417 75.719728481176702 40.191185281710609 96.204993453313961 39.700824506156309 78.052403200776851 52.146253252970034 98.298557636723245 81.259813623429196 48.355740458276443 61.244403199996469 94.995051325134156 90.341362533816792 26.375629272037237 54.513940562711880 49.973017351490789 79.712458016363613 6.671862380080218 3.877919885008718 80.269289503431153 33.864543158696435 36.123468887355905 64.964569934557076 74.256254351805765 34.118416746448510 39.466770497122383 86.921825559920521 95.502661656241600 85.323197078571766 81.562089115128799 95.028916128589486 48.250455215378210 7.280727852603053 61.176678924925653 3.098802413359680 85.022278716455673 13.693544805418567 38.276685110719868 38.828274839421525 62.823393139596931 81.118379403875068 1.535835633221216 55.886452340770120 11.049948090213190 4.228092752946555 12.992841204553374 60.311420462470565 11.242195921944676 20.434426892223133 5.565056615684849 98.360078391741624 55.678014970437637 61.616312925003655 19.976981137951700 14.601294582533219 86.504868934963454 35.473869870364517 12.472594831750428 75.230696660170310 32.875869269043477 10.097245727719839 63.547240114820937 21.834279419835344 21.451651237290747 3.373427953747665 87.601271600607106 31.315910666699565 54.999302370082361 31.196394841074270 61.955923932733626 14.551717197172408 53.011789909459992 58.726756130291150 20.573988673738640 9.114901285445887 49.120070396914564 73.228225441155601 60.070756057226980 7.423860476585520 14.513996951108821 10.310467737653573 42.720577760409626 23.978192094753183 15.400673620554972 62.788842830266788 14.243794808995158 13.864506209793426 80.595550109222771 88.688405777943956 95.177323378127980 99.327937156336688 37.979511548591461 53.251378549303197 94.034160913508742 94.713421465005695 49.641305924001465 8.863803617775300 70.272634852149736 2.905215173792353 54.293315275948352 5.393515665594539 76.761668280916439 5.504901280928076 7.079024547740797 3.884179013102906 76.947117748604967 23.493970268116350 7.225910466786778 45.931249336993588 63.396647166151844 98.607795800511170 5.231255234269550 85.366801814344811 52.201994077566141 77.263245950930397 29.504202666079426 56.905756790359952 71.831454577032787 39.433098566802286 85.170013662883306 53.365189025824399 98.324928986344887 20.943736479600240 13.885237704250542 27.632468018619939 26.604563725341112 16.585138844294612 31.855898201058164 23.923866135179395 80.830770436660089 27.172158398763003 81.497939968385296 16.841686866372662 74.821963093506881 95.354212573110388 11.396544976479127 85.255788805265155 7.031527041295849 21.069408475616470 11.396544976479127 85.255788805265155 7.031527041295849 21.069408475616470 21.621511025236039 60.269963872427098 6.910363777302586 47.132532450126575 53.046266999188418 44.855818896996055 30.645920383269786 32.917046681236570 81.666176118818441 90.652295942683338 13.579190851595113
39.918696103512133 72.333344030621063 64.749379859108288 16.172180034122263 21.451651237290747 3.373427953747665 37.199015978746090 88.860671725820779 30.768855840037823 78.991796410843008 6.001826203037153 46.662158702945931 85.648094462700172 90.232459835141469 40.331774264677875 63.728566755579529 93.708230155485367 88.630652908545329 32.636446630078453 68.820687203476865 95.936984027708803 72.467341068316102 12.626676546312154 9.396120733775536 34.519721099135936 41.288332038521006 89.213961406150545 26.840820404765221 80.269510504473516 87.882498639326741 2.830144443988825 75.782535507845537 33.489591769199933 84.463928747939121 74.317367536647566 56.511449150191915 93.732895168676919 59.281127892963724 1.615405502474210 94.192236558136827 31.361108229525701 8.175793844516466 21.149351043875530 74.443673790268633 23.777830594986980 80.093158739340183 95.006387577350978 68.913915947004242 3.817987816608792 73.003464108423017 72.154257106519452 48.632353008969908 73.384615318926947 83.861844973278522 48.128402730029642 55.253951983819327 60.162885207657382 16.242086682078860 15.996601163053391 83.909740387840230 11.794789581268894 19.786020684302976 15.005669601963689 81.733831413276519 37.181947693110104 18.171136284173716 6.471522673950270 57.394325106254193 65.972577972442565 5.862695389839989 61.024810876088523 45.142801361052697 81.609474053468588 76.429128058318526 11.456520433529526 45.034772195276886 61.686451437861002 28.701589052617383 83.016651992603556 37.082166795866968 33.901967683600823 53.752070701573487 89.052309417285443 57.343289479921154 90.727523875454580 33.807267236012549 92.730338473488473 62.116695361769182 50.418271044421289 25.592746450101679 30.499416554837300 65.345188178089202 53.260461844488127 45.774154085877527 51.188907566271361 44.713914237737420 1.284324149414084 92.182448146712076 14.785556667741451 56.539059461515684 72.980901803855247 39.779528723683953 73.829693919016037 2.743453344914948 87.376851427910708 22.573961152854483 84.423630345091610 10.366969549032923 46.921451019434500 47.460322893216556 8.266885958343305 77.263470324157439 63.662696991056258 50.268018155020563 29.114490018950669 28.458462064023493 52.660566101435450 15.593705765331178 60.899905426295241 99.227826814896403 77.541657152010359 8.880989465428446 85.139433331224964 13.223067251908127 68.052250038077759 88.848343232844101 25.953675176624060 50.613067012725921 47.425448945382854 87.538527182370473 52.239375468403850 72.518536488364120 80.803539454002092 55.817588349635294 51.808669606683885 31.145431165702309 64.904572718793489 93.871075985807053 17.806084400325950 17.375102431200840 17.806084400325950 38.634645498045181 92.643285215441352 81.459925867329673 34.208796555086764 81.797629725331916 10.785354286316096 61.369833144726407 8.401772956749742 84.633561174974204 80.824013336940652 62.208165820236971 65.612730274808413 2.775772966338452 74.183692930848082 62.237955956785683 73.796344095119721 12.129382873516581 81.036349952072158 65.068881681229868 23.296161676093320 92.140160597057303 38.508990086984831 96.035698510405311 99.604556148210094 89.158140378081157 83.326332713385227 83.485136067847549 43.792363562015758 30.158402910288029 70.890662174133439 81.556129095425675 88.093826457051875 69.481020981792895 47.153330507842654 71.867767974400948 33.106815349312235 23.283066017984865 52.704050455963490 33.037128600970675 67.380556683463396 72.737294123375918 50.361103437380997 40.421201820369681 59.816127484427319 17.561668007927612 18.943430092960522 12.940207563965734 81.499458262808361 0.751101984414604 76.944417586463572 52.982268367930359 59.502475618309724 83.241617381243444 94.849831088088948 53.739104087364417 99.174046215329355 34.684458039600585 73.495844778626847 45.190470802602356
71.570117211632862 99.174046226250724 34.684458039600585 73.495844778626847 45.190470802602356 28.665442097789040 58.318021984085654 73.273327607752975 43.359941118681576 88.608096723587309 67.632632930312397 90.181463209878814 95.089726168040457 78.440191839602363 29.343753843746391 0.719763440327748 9.243063716904565 89.052309417285443 57.343289479921154 90.727523875454580 33.807267236012549 92.730338473488473 13.072693637969246 62.116695361769182 96.029041324894223 57.592910095235354 38.909179149633580 40.377517746548094 62.673266758873766 3.521683713880308 11.883023731886377 6.544502442012201 9.878495999437520 49.321207484843931 33.926559686436221 4.013695685550312 40.255775899390258 40.631989462375238 0.114062747810162 76.176563104428539 56.880169816952510 55.062870339715190 55.828609381275449 62.846783977089792 77.971760617260173 6.043867395148073 57.034576617154066 51.251006803136434 46.635137523961831 19.035600393386829 5.534913119377228 96.978846980259803 42.545274882427144 40.377517748386339 62.673266758873766 3.521683713880308 11.883023731886377 6.544502442012201 9.878495999437520 49.321207484843931 33.926559686436221 4.013695685550312 40.255775899390258 40.631989462375238 0.114062747810162 76.176563104428539 56.880169816952510 55.062870339715190 55.828609381275449 76.086809715484875 65.476635138611641 73.220403706434766 63.668142506996240 41.385573393951681 31.325635494992920 24.097746119885176 89.969882994598976 41.904409218162101 21.858037108299555 39.728398442733784 84.265544640789059 84.423630337861127 71.111549588448369 59.437572869731689 94.511508296350584 85.544096131962860 35.431029092425867 76.510612771801803 88.071862429181451 99.372257377231620 69.215742636907635 6.657713981765800 63.595136026240674 15.331645065901277 94.320936253907774 34.765413075835269 39.615142504093214 60.618103862323046 35.501067173154468 32.280767821541147 29.375881781278089 5.346006290406846 18.566625659020087 65.882962999198654 47.425448945382854 87.538527182370473 52.239375468403850 72.518536488364120 80.803539454002092 55.817588349635294 51.808669606683885 64.904572718793489 93.871075985807053 17.806084400325950 17.375102431200840 51.925784597079058 38.634645500064735 92.643285215441352 81.459925867329673 34.208796555086764 81.797629725331916 83.288426263141687 41.751635012282229 81.507695682667162 2.565729945280115 45.136309768670849 13.555786936982283 90.835824125287175 59.349505978285798 92.017895196137999 51.654790146359232 52.089397179521491 37.629991666573417 81.472380336595450 83.451047537383062 13.852530101588812 47.795797332015255 77.041535488110597 1.033459150544069 40.277564427420700 37.717301568615305 33.436992576519685 54.118232097310695 43.461584846162246 20.431850285776598 41.868227336508099 34.770668842945319 13.325181114066343 41.578908284706429 27.762481926568128 19.205976339572452 42.464658299371514 63.528874443048799 41.356547027580312 37.501935245262864 36.667388194400473 42.334666722728819 69.398234605283420 2.977708001009360 94.315499151988774 89.428024363774639 56.858624826122075 66.753309552941559 45.445137385450977 77.290393991417758 69.881327621985804 25.440568309559787 95.719283529359160 35.001290185862146 96.346472445760909 98.980082494599785 91.591230433031512 37.796240394337921 25.402143546061239 16.511864849719249 48.619057811600619 35.977358490997943 96.372321638083520 84.840304154729012 32.365902536648029 5.940993689179342 65.506600129991725 74.879473194287627 47.051186978621061 90.437881606964240 41.644136443357219 96.372321623368165 84.840304154729012 78.630497469666111 25.516165566025794 63.158026388034180 15.304109349059647 75.161842777388472 27.254102331672868 0.426742477538133 0.767704386349277 30.463832175811046 11.174042561442254 11.158546287305526 21.431381196494016
4.324636256889869 1.952332389272848 97.352959040336117 43.832417538541712 99.644808556287018 39.337258436954912 42.434662247037167 27.946971515933384 34.104008793800269 74.555432401947641 69.795768310455031 52.069235481345721 55.289808968939781 64.642096173083985 74.221616710040905 17.598207185430880 56.229720195700281 22.685205362101581 27.217936759843631 6.912887641367771 89.183024252132029 72.061868038888804 38.052805576399095 25.749548025907476 25.685715861609694 92.394731136300592 36.666310615369078 34.729133299613565 53.654937193305443 77.969469225580596 68.810727005631733 26.097365102846314 97.456318040839832 68.009653021690468 61.524625737117297 20.211214584652314 20.679313955246080 93.163303864239722 12.529302712929768 34.182071226408418 61.528983240380619 43.867553600056041 7.668133600765614 86.239242109327535 94.941873178231276 13.809414178289092 84.032855416185257 67.619274735602048 39.171751353789510 55.791814373152391 83.922733260369384 90.788976571798429 95.543871973978895 36.647045024968783 91.387854448442368 21.482897453531436 72.670404239311310 2.012161517937061 68.649869501598374 91.569694030941278 17.192291151539361 74.610115879541311 21.130477030318417 21.604764827114831 9.383354344092499 82.293757061077429 52.391757073338752 76.485195889870297 44.217990165527866 13.184499317762144 61.450358804033357 77.280465326165753 66.169959104627239 95.393407653075442 9.976340694246410 97.988200116140703 80.122457145889697 94.330119273979847 13.170131428445908 99.845436934103631 48.074861628096563 70.186639098619992 63.140373591222442 46.065194158461424 34.377959927426197 0.158367121477809 63.571634594783632 58.048053973642745 59.398578875207861 14.283423406682205 20.361550372899973 1.335906491246974 81.252494634103087 57.022070606632582 61.656670496905505 41.842606773999471 52.498540638602584 52.218586803371394 51.563256684829248 69.677920063149060 23.422974302362011 69.845111695802188 1.335906491246974 81.252494634103087 32.046033140665344 59.950857793784230 21.404636464686210 91.863862177236300 28.770161780860892 66.355966996977770 32.757944195061242 92.385787570426174 89.517601713187773 43.109659996004225 4.619037473434185 39.696864737009207 84.664059161476573 3.408967408294883 15.842660461190871 14.263280965470837 85.312116672860270 61.266490111741867 50.602953322827027 7.545060709825990 7.345595650416803 39.040568083237048 66.204012432726643 61.575696065728394 6.228921290931022 39.040568083237048 66.204012432726643 59.681315147892143 28.485583516591984 0.480322957846879 84.855061672684784 98.849400375626445 24.095520852403716 29.299775097806137 90.210720853868224 69.970771695516561 91.481126432163819 76.759047411781168 76.191578708692191 33.185109817535476 65.046787042663794 85.476984626708941 49.485672965789426 35.781614195849286 71.154481478211522 15.577626570829061 6.410043746241501 3.200588933476844 43.686874234862763 55.554176957220214 90.016023824024842 57.865557793357972 55.322157843986844 62.666170476718051 96.590188440804198 67.656074941504343 74.985203095000642 28.395999913650261 90.529683785321566 39.637530059316674 6.301115274568881 54.586950358767915 94.867026130692224 20.945639497433476 92.662502656173160 40.264818802028259 66.070413959496491 24.351917706444858 15.015151821142092 73.823319725344902 63.583656580959847 30.935139707467908 51.578635259546033 97.336665138815661 90.649676493563391 60.491628996680824 40.561807038901577 12.592478446564371 28.259214644486786 24.937021185349717 94.225605028915965 68.155698663524362 67.406099285775454 49.950053784564865 23.121071244792645 2.203197172514371 39.463729635929944 0.331396715951870 2.789074966043903 95.113665469995183 35.861406558769396 22.256904662011056 98.949848110893797 95.868063339919900 83.334573071486233 38.147142545181808
44.870463467657103 2.588898530956607 64.505130285910141 57.015088046776064 65.250896313304864 96.313838568234132 58.474446296485524 33.527426197161290 80.456220806170464 75.812495941983030 5.263089686020772 45.948596035360502 64.372203856763420 98.972597900657021 93.821393414190752 70.434893398663107 45.574774798624617 64.642944355776436 76.369906448003150 19.442591075025241 85.878542856781166 18.449172338958597 11.563460798106151 84.571059226599516 14.096496240324274 67.024772943816544 66.222795820681341 65.550682235569141 79.020914133764762 9.753813158901037 19.538600024808616 24.454928078104853 35.361574616457283 7.716023614271483 81.721728604241918 23.777274205303598 36.956437910060437 47.295383138855740 41.616627093661492 52.065698181157828 18.086178866725454 3.459490683801203 7.091895042591290 54.379910066536887 54.088231626025681 4.537613120272244 96.230977829987609 24.845976116294811 42.259516909260554 58.004518444861432 55.474018520056532 24.581821181310470 49.123115271220961 42.968452934965981 82.494654311866512 96.665175775009033 21.136563173767055 50.635544527176620 75.590606393350740 20.436376394758980 3.967157623532602 6.059121478431639 96.455643290123518 45.439639997833893 8.878213776242895 16.232570471485928 91.267341683826515 22.692059868720882 32.055102118070778 50.275497008455275 6.691013749317731 26.558947349637140 91.267341683826515 22.692059868720882 32.055102118070778 50.275497008455275 6.691013749317731 26.558947349637140 0.945478143647238 46.320147232053209 8.093523287568615 37.597581264184043 8.982610883364794 7.164584829225785 34.291089713254628 99.008548624267647 22.687668902008941 91.562566657476140 58.544552202465319 0.553729134922931 3.947932544077570 36.334737515161443 66.341770047197912 86.406798851989663 60.860871022661080 2.851701292059206 17.802670435848377 45.088693578870398 41.025760945578917 42.168469348264658 2.203120844870654 19.839237960365274 25.609522146335827 34.394492750024121 6.164401569291467 20.982086194749982 58.519515407819576 20.243175115210288 8.729011464360003 57.445438623596779 90.738157108135582 88.690530899721480 17.330612452282356 84.700143854096339 23.862700682508176 15.030272266453704 67.054365231350999 41.461265141157220 9.680369084318352 74.232108110727751 42.752127000738170 61.381054150108085 18.068068875958645 74.115396058157998 20.743488253210828 45.562935917426515 32.965095046255612 0.766274493232899 44.628886754353346 60.433305895383548 29.666158993583082 66.420124650058483 19.257386483485249 68.557352721352743 86.334664503313149 58.365201557069938 74.170695167131299 86.542103140324116 35.049844344955083 76.814067349009179 95.569513021920372 62.327916491054772 87.531330633754635 9.595479348803771 51.195526036224884 75.972856247516546 46.779238843974291 91.439958392979719 15.149938161402654 29.967890917702476 67.532375979307474 71.877152547586959 89.149955243944959 35.916197802855422 63.101342139113200 10.829570583689229 29.695606352683402 98.165485342752078 29.271076238660964 37.016504416455035 80.913934700486962 99.541291719539203 37.016504407299678 41.592007665788124 62.693221999817602 2.922594325323136 41.202514782381407 15.666804747257467 40.047062105885722 74.795572257189974 50.760911522606513 15.118632214836691 47.903962384991949 21.847475276962168 72.600343898430026 29.284690001343037 19.626489704027460 22.327900371104104 68.121297691868691 48.276801366507151 62.624571679968795 28.130014677035366 66.371288615958221 26.184711427754504 19.064766705704837 26.802137350688970 55.408180927014897 94.602208780819979 83.114085671790789 63.805698850210092 71.428772746754191 33.535744379400001 58.531072240899348 8.820641797470453 39.470559257688706 79.375090358787403 5.438512558183561 6.413074340714441 61.622411164854526 75.564266507254203
44.373173776233713 5.317697243024089 66.969864210951584 23.016869513913850 79.251506655992728 54.233469665019676 93.954998841761977 30.188489282415453 87.262925424009154 39.162880192740680 49.196713319113847 42.722986121150598 20.191376171560769 25.304113997248258 67.430579265487410 79.194221544839166 1.707305956289951 98.918725453828571 40.694767171328870 36.990213545263707 73.484536767863545 60.185335092295013 53.715498560670071 94.884938295377040 88.648653024706121 48.817867074248646 3.597882507675720 18.559450904598883 46.215060195656690 59.867579135869505 21.085630649289456 83.620926922642397 49.406286522324308 44.987424040972932 76.281621595649725 77.803725853840973 3.479054318540087 3.477897665636520 52.447680143627430 14.753759002755206 80.102156018109937 10.249042041776047 10.011835986861851 93.009036222789661 43.692692079887038 64.939720215043934 12.585786125811948 13.998858353616384 97.919024544829512 0.645214354507850 91.440664616865206 84.059608514446353 97.415048614622961 40.545749520453519 81.775300318578019 83.764594452160296 18.764351535645783 7.046905828832150 19.810622942223088 20.263756400779918 61.528430920936160 55.151750156270261 12.561821102225323 59.783551203635554 98.018794819145739 80.322903080378566 35.483426505941864 41.565220677243431 50.003600632310565 93.039860269129946 53.528548032454502 9.966209445738505 92.936268478931581 35.767562274824371 81.176192525518914 70.465276629654468 24.482399544515644 78.229818406636440 75.185301758901872 49.937536174832566 32.980092502960524 47.571446466746316 61.339419522408058 24.217467407441873 54.228883867094581 44.407908784251546 95.018897729478155 35.767562291432156 81.176192525518914 70.465276629654468 24.482399544515644 78.229818406636440 75.185301758901872 49.937536174832566 55.613767988809904 48.248982055043179 26.280393444393834 76.079274147583774 14.430641314171687 51.159296607540739 14.280022588226672 1.167522359297213 42.548887514028102 69.659176398343732 69.050772116644382 95.260452172042960 63.713532604291032 3.465821114480450 38.437597603832593 24.636790203826830 46.761262686544512 6.687509897076405 40.736864476562516 80.239207893875914 69.712262517459195 62.609082163298680 52.832734399523375 90.549856301495211 3.406908771287220 42.092685733978762 94.395358865399146 24.301886567477027 28.979438357253674 45.634344093365463 61.002783661478631 35.321724285229863 34.211895793292513 6.063873551887222 24.301886567477027 28.979438357253674 45.634344093365463 61.002783661478631 35.321724285229863 34.211895793292513 6.063873551887222 16.762573893964962 22.266541853946386 29.379850554792910 37.340246820926595 36.476121261708762 76.341378443771930 3.406908771287220 42.092685733978762 94.395358865399146 24.301886567477027 28.979438357253674 45.634344093365463 61.002783661478631 35.321724285229863 34.211895793292513 6.063873551887222 45.755580177382306 87.016192853726253 27.724266379174512 36.043356047835395 19.311602308260046 59.872924035067939 53.565043611808996 76.775065836598799 0.846426232502406 53.565043611808996 76.775065836598799 0.846426232502406 92.946989256413190 12.745141249614244 21.919978122277715 74.517416608259808 16.368672974159672 53.411602923185896 31.179356387366973 42.798388514794858 36.330944174000898 24.654665421109044 73.044333611739617 22.550038281863284 19.370598414830155 30.423986737177710 27.882727257394755 43.448071886798367 21.611028393562059 57.542987706453509 46.350238237949334 49.696857748745984 0.912477699585545 59.738896706293133 49.436039557449774 68.823063474051665 97.592442609195956 23.347154179683450 27.359439080537463 75.135542917478290 27.043116960424072 43.684976825627906 11.384420695298259 84.702517951601436 55.885991955227333 51.349153858953770 79.734620316966911 81.765335878913305 91.435919074688812
12.116153513197613 13.485814103244554 93.216237355338578 32.956936751041418 84.068249836634109 82.505362925657650 12.440465136245194 85.069675808770810 45.607046057585698 74.394046390186190 70.218263282167953 55.877111090733344 63.372165983043750 21.184297678945761 16.893768950111323 90.189524651668222 35.058991456922264 82.474456869138663 89.490135994468446 86.108735390053326 23.486244457905102 18.755230634792110 36.982266662792455 41.968356142492510 8.313159652766533 10.834428361261828 0.196861845788110 52.563680658607915 5.369471950336879 53.236636311119291 21.763557998769489 97.503506581801346 41.716098643739961 30.030860536552396 35.410853590206592 41.122305950450425 50.415350035005076 68.925500086325670 38.275506029040606 97.502642922760330 19.543952952719778 62.898691010254026 56.199793036066438 37.411067583207810 97.626408120788469 13.467081691515148 0.196861834910689 52.563680658607915 5.369471950336879 53.236636311119291 21.763557998769489 97.503506581801346 41.716098643739961 30.030860536552396 35.410853590206592 41.122305950450425 50.415350035005076 68.925500086325670 38.275506029040606 97.502642922760330 19.543952952719778 62.898691010254026 56.199793036066438 37.411067583207810 97.626408120788469 13.467081691515148 51.255449150403024 2.707599304318720 81.017645658141873 88.951330322290275 79.835571227476265 44.446271437226301 36.795450745196909 5.355479850043309 94.806552358329952 5.884918532537753 59.924123888181981 30.685439453872910 72.083858570118593 71.883664245626264 2.887456376453856 33.944747829574887 56.684989987105041 78.832101185518582 45.215458129928201 62.094003559045809 70.331425521641890 89.728811085362636 31.791267605247885 17.176022014343019 48.355086670330017 92.393370035531134 12.852433865190150 9.775555981011163 0.246261416179994 74.411831664095331 76.426147444169459 38.608204272156819 61.275538810556881 13.115377819050400 97.227765964452743 74.069057953785062 57.404738008070119 18.142189171436652 75.971491991591975 72.589073890173808 55.504368521693593 36.977702386090947 53.594513601827146 7.950879557291479 47.616624617548240 58.865904641959062 71.712392634394917 51.993145878773497 7.338962555094442 65.193048129479749 47.598379635642459 49.650587360562938 16.555125949906646 93.775044994975403 18.333004169169442 20.280604922637025 17.605513379124339 5.545831943507751 41.240391055676582 74.969780647071545 7.472413378306141 7.881394544821186 51.037703533261137 17.783240671141808 60.678479084875391 1.450621004195463 33.437642942335266 90.680393737456370 54.251057766862274 87.265757647549350 28.301084152524826 96.151758378218815 8.589294500875422 71.097659579160393 84.061354664660186 88.856565194917962 4.859965923415310 77.143326538963564 18.946953045359784 76.887181485960170 65.754706301410863 87.646409480733467 50.506700567798333 54.391469506080050 43.736228609398019 78.244067251748106 31.284133182858376 43.265849131913335 59.232649217551014 51.086131939427140 11.702076409502570 51.289954516079028 93.158324965154563 94.894226371950680 12.333883389557288 85.296672885322849 79.076186573017239 91.516274466022480 91.516274466022480 57.387376595061433 7.701955097362290 62.616538246299491 78.666620919760462 51.076927471792246 17.593959453417675 30.188744275411018 30.188744275411018 92.778969007285312 71.346814975006524 61.739285183724171 75.391504667810779 69.380021634691417 61.167884272432573 13.078260770820716 44.014424526545923 85.822636778078262 9.651649081986314 73.977766226621540 93.787343690928907 19.617555226183438 74.406842728950480 91.646063391393142 10.291340444888586 44.773936190344024 38.696468410236271 99.977723773630188 38.327025167139276 25.317853336329112 66.727653092777018 64.363714167483252 10.534650811013901 90.076926594573862 42.894147043841471 87.302684279875692
61.226285347529064 50.329391835939674 23.110100139549683 25.974719309406169 45.418505119236407 16.349477842832872 22.670252467365248 97.239377083110014 26.097107158539391 1.022932688570033 3.001991100336776 75.979098127569372 83.074419369693132 39.958285304580734 63.734101922536858 66.134176798453410 43.417687277797867 38.833607935269256 62.690926070196696 14.633297282255631 73.293593925519986 62.326383876079852 99.890138093766552 23.770639877713297 27.538632465891453 96.997315578278673 40.850164033658665 40.940404024758884 83.121447757015858 38.833607935269256 62.690926070196696 14.633297282255631 73.293593925519986 62.326383876079852 99.890138093766552 90.985748888871640 31.344582444269964 46.855551330083919 3.859888197827877 60.211489017659900 97.749800165448335 66.369226602574841 82.763136898892213 32.261240799112031 24.706088355883548 24.105807833231985 7.339851674546383 32.088082875125401 77.157736120763985 29.250279408928815 87.875752352033771 97.194444919683860 33.183878454456121 63.058435499043185 89.582922078255748 60.556745554532569 61.728515358398170 24.321987301171390 41.873518677724320 1.135980503285161 18.872160161321460 32.261240799112031 24.706088355883548 24.105807833231985 7.339851674546383 32.088082875125401 77.157736120763985 29.250279408928815 8.924455509971530 9.878880344352769 1.872975636760821 67.153085469011117 6.854371970731887 89.324262908189979 66.591339534360273 4.914597727305347 40.248927925938247 53.597616658794387 21.506326124963348 46.562765530788887 62.967639325053625 6.135322716446345 50.153035393159008 74.378103556915420 69.318312169485068 30.727987321932915 9.691139752926736 0.468435904995068 88.307316484016425 49.934749555389736 0.092372905678217 6.092535380711517 14.895625506032484 48.912564703997475 29.981831905165301 2.250981255748830 70.252836312764444 1.849650363989230 91.920638655102124 61.080085054035941 72.465469847831244 32.378922153985592 4.767436111102342 55.447216057131378 13.121505103383546 45.205180623911332 22.668516267910142 88.342451113716209 53.847474997545739 53.098085481762034 61.010093461275652 39.266944659979394 20.247804908259049 43.072039392251483 61.684035422556903 69.216177023903498 39.311625156210752 76.376101279587502 19.719393188264476 8.617124752477356 12.631300513549970 99.005993656946956 96.280291184524714 48.960810346799633 21.963408522310157 69.511234327335274 46.306718764059120 11.600201824905598 58.785460267940280 58.967757177167734 29.394953131773160 29.884822219403173 51.470882489357436 31.721771897200657 79.813797810292925 36.670334837410543 86.203268555876960 41.598651649527596 71.515792174287512 29.887333871066058 75.946536896780145 98.577220096663382 27.901160386568492 31.701937493186215 73.708865826721322 3.530524645938804 88.181758497318825 42.243409353300585 96.155900153762047 72.731653906598638 26.852914879292054 24.223497308125697 33.888240692735963 31.349250202273492 30.217944969531295 12.631902125976335 31.559290167301878 53.244353079021899 71.075976880164646 21.189664922013030 43.992965096491417 20.818993723076396 64.583880096108743 31.819983928602337 50.797131113010963 1.906234328922896 99.241361382137683 51.371111113196747 78.227209701047911 72.984240163748311 86.193468144952092 47.693484783435721 82.037782537323565 13.106369602157930 12.310790456189268 79.590529993236004 26.984290201432117 44.823862484347288 35.084856291674306 24.089210866581269 43.651593644923047 81.549615141584724 61.754643582235445 69.875563195176653 74.009876682593045 51.394142892659204 35.215334237714423 18.588826704751437 42.561947812796262 24.738177075706634 64.634373311902678 47.101505826967042 14.255275162288527 30.497351449763066 4.962963352781758 42.847440685691836 36.130225916028337 3.081430258550377 70.677378878762426 21.320881603566754
86.216229603095172 41.609152347530888 16.986126116755472 12.024650795659342 51.487362823182124 34.725187907803637 43.919469902922728 49.922679678527693 37.392943993133841 63.975923065023530 45.681462168270237 98.552322417229306 94.473310034217263 72.566867063243947 89.790361492100260 9.447361302742463 29.575584342297134 51.565882066517709 88.839033123828472 27.539295133093521 20.936697413369121 14.726997263073304 85.607616786532333 15.373535867949817 55.595696243998972 88.513766008710618 41.959992499349283 16.364411413344804 18.294757731428390 67.408581405222051 44.074541861750546 28.557433879736372 54.054366732503375 57.842845261647227 88.030029376042634 35.385184572201325 51.465580733139191 36.786491223020775 88.473499359456866 46.477459273353816 53.820749618668607 2.055993926127764 17.539823070694251 1.619220781967723 21.220150601672081 56.248208066441364 3.149009602540342 68.447097403415839 43.542808436278023 32.526318135295973 8.089245758751684 67.366567426577404 26.965161540511350 90.844257509731520 39.224153512981673 94.266863238314031 58.786533882902901 6.061348624189822 44.803148442620902 8.039791845497968 63.568165026561964 84.160694877687021 37.688718001277991 36.566115803357746 99.498460388635252 29.474924171386885 5.444772890123984 31.472074869449486 91.874331088830871 74.258249470989384 0.134444573051273 23.645757779491603 12.435680101693514 29.420903765399441 98.332996651896906 28.909528374033432 27.521979803356434 41.912604972577348 35.142256464437160 56.780689677442609 18.986486220281829 97.875241035472442 62.056034599478039 83.847833326967788 5.570817327114663 80.801390571059002 45.712784373681181 17.179526210692586 47.698520746482941 26.176784763571902 23.040319734610105 7.759907370696584 62.691666095605889 85.347846915670516 20.594208111357503 63.578062388369418 65.788251522361094 0.738334253116979 86.358877054533593 26.282635306843151 47.350366153113335 93.937656699377882 55.528972107695608 54.002903217724594 23.582635657869979 1.026693456941963 4.166895911906665 11.649951685524906 52.199072657940860 14.978820745200371 74.334914219851598 98.281698816331073 69.498370041052681 78.647089015752073 67.054039905969091 94.810782515459763 52.378457258260092 97.797967300357541 70.117443788906215 60.731576521323149 32.032224211911419 35.496905082087295 10.629860633798248 3.513729825254008 0.146609915922336 91.803175985002540 93.813799349065903 87.071275077456377 89.544714243244854 59.778312674475984 35.400631911925451 15.136246298332978 56.056873932995508 37.887679194719247 9.324970792635268 27.423832676847681 70.188036742416585 71.238310630872235 26.108227172551899 71.992090582062502 82.876580221062170 69.701391216921508 39.152653555310188 62.686313132692042 38.870538827948231 91.088476055741481 80.669581053314658 21.271282620270927 1.822371919575638 34.500268682968141 63.645382836647613 68.048317536595320 9.189897690764791 10.462475219056167 33.576665069968506 98.079015320162782 5.653788226197365 2.135964305634053 51.862875871565073 6.262391218160468 84.837704375294635 16.625240324490022 34.059508683263985 55.373934937360673 40.171009526992783 55.580862730123783 30.285417186360995 97.559872887271595 71.548072919227309 36.025365791992314 90.456401369354467 4.763298722022158 10.217583912501095 39.913873004841072 18.946612764528169 67.424735887199049 61.528307618054697 91.670279691619911 4.219250983878908 5.434910580878638 72.257890323245121 24.801213022903600 67.500184956855463 35.420713985350048 1.056708304488541 84.260280898414194 23.982186576718611 30.027577606513866 38.121641894256172 32.384780737081364 0.871285848222025 72.945423057260413 13.859951229773159 38.268495079461395 85.119619887001448 43.717806014332375 54.442732434982176 33.377300791406952 30.318235360432798 18.588151127588716
12.366365827694315 78.965793436909138 74.811392903794214 3.763158817636603 99.548102045132453 9.925921176252327 95.063956954870207 70.034648574640983 94.474335151626107 47.771385861490167 23.454942638431831 65.835657620909245 13.506298261885041 63.741354893634082 7.701071556052930 95.765204173109325 87.597026340470080 90.905448725319232 33.472159768423836 11.492175393508186 8.813791717763120 85.261531288014098 66.319902694189210 3.488759459946511 24.527478279641468 98.174273852052607 93.360645032504806 87.333331976063661 29.277018342676087 74.895518164502008 35.436676922874824 50.772249419948970 5.778090842287497 27.053806462691774 47.713552411971229 58.733986762888932 14.794398038624013 13.611570227966386 75.857505845543869 14.359543393504303 74.792753899711954 32.223156606578307 21.889135393265857 20.573488223598691 44.594413737426684 13.596699784960265 21.592255513301861 64.143881019088028 92.465377036885045 18.695425714002923 81.581193740205123 23.647271116457759 14.743247046273423 89.437969599380139 13.718565790011027 13.349440628808251 39.356966401673311 88.922487172404558 98.612487721914434 76.549820884908243 86.141809446280021 46.702112804584630 8.143455262075783 90.495827533735579 98.803597794403672 24.952580081223964 78.101810026390154 94.802282893873652 23.911758534440452 90.566676777057012 52.238805182650417 8.282243243961030 80.461212658975484 6.613288165852193 36.260854895605554 57.446662299478703 1.707743391240124 0.467359198457873 6.044580805512467 18.185755652629474 2.287610465254442 23.505410117127536 5.832375048143856 98.940008857805623 50.725815352265094 65.624464664605497 25.532952946255271 49.663259147644212 67.759458051737369 20.970874666107385 67.368540946432020 0.783530920048403 21.353461365848613 6.656341715049685 64.974422027372185 62.439619457249719 82.737201657829857 14.238520528923548 4.070062935361163 50.680032924016281 9.170937270678348 87.360039763751800 22.106660268042766 13.281393557353748 77.233512256021825 34.827236503057712 25.085297042291931 58.942599482243772 33.095332625744923 27.089723112352893 43.086008815594823 38.591790352531000 34.112035302047708 31.050027496324994 79.331625913271736 25.270709591429373 15.816420370962081 74.548687885557385 11.042258137016493 56.781221008539163 72.475738817487994 58.623873282000936 14.880463633868191 67.830875998573987 25.579046804171533 1.754597023835913 64.210429470963078 6.487132656959115 75.553661670254499 66.791851284561474 36.133720394120004 64.407101717503650 49.092172740457940 42.727215737389322 12.001704624975096 50.951119371850893 94.217740333124951 53.592690678033520 56.927979699585038 56.542816692171769 45.727883317215948 37.651754826068419 53.360173628022380 52.131591389042555 14.724556633389184 25.336740184647844 54.898240006777563 86.528676943114988 64.659566402786751 55.248955922388340 91.389948139802797 24.848855899710486 49.544072063048603 17.438122514902087 30.629102688014630 36.828168890182447 73.509469951160398 24.803456027214310 43.589096412819096 32.273206601708651 21.461032383341539 5.145742010684695 50.848565301261395 89.680796395367381 66.186232019461286 82.818185167767325 56.532548738051332 68.608411044818538 68.608411044818538 73.328082998453709 0.760937499272596 41.416981809630741 44.218630592968708 49.630217941963615 58.997661068427774 79.215695187246212 50.298329854580992 40.862831994350870 40.262774939518820 1.581831035072878 95.035467219148501 25.823706432983585 19.243011694268986 60.955306031092114 18.247183706274217 25.016900505422324 80.420254364996765 10.392297919054638 94.183810208820773 12.299280160826608 66.322931941782784 91.169310685953931 3.430851275525915 21.212216284881112 62.551847580111421 18.074783151561203 33.662411716072093 92.628556857914717 59.556181358730484 55.091939376244270
64.790865385974584 82.587144875025814 98.953607439973595 96.139589301727696 47.136271516082317 5.477247649952776 96.297082149082485 98.059150673949475 22.528084136372396 99.148910886197754 93.183398642096321 83.620109802722823 71.678663521538127 37.631375928420653 64.559619953241750 84.995543389711443 40.647407839352901 62.412164758106393 74.396731761932529 7.644363634441520 62.851032649559698 52.286094403006956 9.424838454920071 39.207882401106474 20.173035218571112 87.694120243707957 44.386053014193102 75.518113168281843 45.729241803390067 18.300298939874960 33.762565097842788 49.644918961548434 21.070537596011086 31.309018576806935 62.263141116930818 31.135250591076279 75.174692390918082 92.761357086199055 33.975604239844237 51.928830684257079 74.041311794009829 63.353893676278808 57.953725348618391 16.436428776442469 53.786430355564043 24.305863030790420 52.420852178186770 84.006118110764049 57.242266792121931 43.450796564880058 41.437296560561080 5.853247603200195 17.802816018270018 35.756918250760371 39.824331153890611 77.031578383763573 46.871931680705671 89.758779844498648 95.305158174709888 19.978801982156792 69.398202379898422 89.842157852317499 37.940241884163328 25.835348116371794 61.319676017996358 3.517829261249250 87.288706625481510 41.229443281352850 92.659312744520818 35.756918235906596 39.824331153890611 77.031578383763573 46.871931680705671 89.758779844498648 95.305158174709888 19.978801982156792 69.398202379898422 89.842157852317499 36.607998991663116 50.159821352452838 59.841690256642586 49.641124464714729 40.154773172639622 42.989823701818509 49.660124258101533 67.506621753180511 27.557142773245857 92.823800237435634 2.527966709573870 26.565067380071294 13.815583111724827 12.615265059248005 54.785388696389525 60.116191078013451 43.738009278427292 60.112808328137469 46.858055509081353 81.916426236496051 2.447341113592783 36.899694831686723 76.729725363466827 27.246970639165411 51.420635725800366 18.643872332449519 72.558263516298197 51.673530089939902 27.690570800010718 92.160437046901976 81.113152325723277 81.169171460342611 51.913944314854675 44.505538490875615 82.987536542550870 53.675958667806633 76.484586467250807 33.206916407171171 3.884381917550650 45.630223742761409 11.803792286839698 15.540019548463224 3.941597675394237 32.758166012177448 14.905400314077033 2.393592280675005 57.799494353757396 12.228105018585822 13.849998543709008 8.448975849146400 72.035124241384239 84.473633368364034 86.252146361370535 8.091736645376679 25.690303199200027 95.489869423611523 87.525131756941306 72.961578287917334 48.745261116094994 60.479734864522172 51.575636065793148 17.123661429481430 89.988342574981345 32.373506626087114 19.138125474101031 92.011970239106418 20.717957199920502 61.280192870552355 16.546410872408256 82.919371959236372 37.802784929845402 57.789937158315283 71.246032545185869 76.494182733612121 73.870722819384937 0.937286599489662 13.795948731020536 35.295873584694093 50.508088002155851 96.807511684791010 45.616428827205269 2.914081674028057 72.512096104249025 28.892328181021519 99.226358339429012 67.869224114231500 86.358735291788406 14.698180444372122 44.569426816630433 95.079778944547726 78.384206916758330 97.815378851934199 61.950198002510803 54.301049155677703 62.243846616080610 80.153266296597664 93.889136935217934 78.999723030121743 4.667797189012424 69.678440568674844 2.788018313122909 11.364509820155211 83.560506047418841 2.639476378112737 93.795287669873801 7.949161207003930 83.178721880826515 36.293833344163808 67.409811108216005 20.458240040174402 44.931033612005365 41.922562326241199 73.200794684902576 59.448100117921420 31.596710419622319 45.144396908684669 93.060116848208253 56.477684186559941 69.658600087459078 21.516780316229134 9.890124476592066 39.230752449150977
33.088290400665997 61.977936975727587 70.701032862345329 1.709227436027416 42.034405500841679 7.785023468598650 20.662299789677352 36.216307234457943 67.754629469688922 95.492380270856046 93.127831973983660 1.689552595955601 74.952639284148532 73.897761028432768 44.829907995276031 22.471543382203475 71.350132210283590 27.118365289019930 74.883692504678550 87.222519147310678 0.061970842496084 74.408359577977905 40.568864510023261 39.301381630841135 66.220828034394444 80.463189191883700 35.818590275752570 26.715087822598925 66.481241710295578 87.222519162199447 0.061970842496084 36.423449474401295 6.404995493220245 92.077849651819292 21.764112459332996 84.421360508124536 85.208687566506157 60.246809784553847 72.806820137820864 91.017946972609181 80.506123872213621 30.147639333930055 23.823020525956085 69.658600087459078 21.516780316229134 9.890124476592066 92.530981246155534 3.508376873408248 78.366223123321305 66.575378561420024 51.411225795566736 84.299137823537052 56.477684186559941 69.658600087459078 21.516780316229134 9.890124476592066 92.530981246155534 3.508376873408248 78.366223123321305 66.575378561420024 51.411225795566736 84.299137823537052 37.194478176994693 45.144396908684669 93.060116848208253 56.477684186559941 69.658600087459078 21.516780316229134 9.890124476592066 92.530981246155534 3.508376873408248 78.366223123321305 66.575378561420024 51.411225795566736 84.299137823537052 37.194478176994693 67.690966042573763 71.702828328249666 35.860115815514227 30.238405481853327 56.289364724934629 57.621404623014392 50.381585170221186 80.914176632734922 10.495271609387459 12.536749256247115 88.998519749918046 4.228416904572896 8.161224026760427 13.793871087429576 34.451165188934951 6.351416927997033 12.440606141563492 24.773373961246325 3.858669233421264 14.717295716507895 8.473685047375346 60.896758707792955 50.980967376063560 77.766980700321852 78.709502415259763 76.333579457553512 24.771170620154127 40.142285772025900 32.845468495315302 92.676042549938686 59.733276956499225 60.954681747971925 57.757460463460589 12.489241737017432 96.593041111483487 20.280782457477276 25.048449180132838 13.615293341583989 66.919559651343221 13.296084528261233 48.307504553278527 6.901775877305305 23.879656589186226 93.409738988934649 70.629169928356589 95.168192067818183 6.901775877305305 23.879656589186226 94.494358237220538 82.568402142455270 84.072919808325409 29.175343468367476 12.896285835368005 91.703703415399588 8.813906687379291 56.076294288757090 23.146542922802528 50.930904768928897 37.670037538292753 37.670037524471901 36.273749709757887 14.839313063805514 89.460255117857045 44.712691381757793 82.933436878914819 88.247604516246270 88.247604516246270 65.354066883353809 45.757254453043181 6.699647031791067 4.150266860675467 23.012677094628863 0.790797800165655 39.819460302757257 47.619661405434229 53.707689579633900 40.673977232877533 81.520641514733015 97.436802303471879 65.181832438518867 98.402546325235960 50.226753483459973 59.785996095179343 2.785771008485938 66.601758989160984 36.391834007669232 31.983000119133600 71.897445483633433 71.793797077055729 50.602813898523145 57.041116964162576 5.500028618299579 91.115936682716395 95.489482238583406 23.309588604569388 2.845220128775405 23.543888055363194 97.786361902876578 94.619410809427677 53.896671531317551 10.162469103623605 28.298651677894039 21.985222238273682 11.599030610950223 69.435437193615229 48.520535068238644 74.263780982653273 69.391076003769555 47.575997689919745 82.863851141132628 98.867722738744106 89.629619225470464 69.971529281487051 66.629120927256906 49.531257625187344 98.722371834000612 95.674954326392125 18.728559930912070 85.540329253256772 22.561720156009368 30.025851654360068 71.970441651713926 1.699248688222144 33.803294951221638
72.479229614514011 70.967502782991872 24.323729038820140 91.622696411226713 59.920485373403665 21.465451495718789 61.530494669370903 15.730499805886765 40.116590978543165 49.468162023828995 63.790241149535134 67.873155954979737 66.999034953532117 7.183109687820854 90.644795026932854 59.708898921297390 52.453167903483113 53.714257425356060 53.478631817266177 8.151552836717901 47.357802526381178 87.554174250090682 11.956600625138536 71.122025608781072 3.883227505785969 18.630720348494389 96.350094804996942 64.970951681858651 84.423481926919251 41.894119885136924 55.043176106356398 45.468055046851610 19.588014934333486 65.389066457471074 78.699060381290735 43.328946810673720 40.257852068525700 77.034986616187453 37.615045858644045 94.214454766931169 80.132857037679344 85.113315156683441 33.414262232884639 26.117283901273900 70.946549972783785 63.447014728850817 14.598566310097183 98.417514526768130 32.819938719405641 86.799321115034942 32.813285364985248 14.168555194152599 45.784326240938931 97.846170462016843 38.800192543824096 86.784147771681958 20.094275018928119 3.359232049576333 81.090506661400482 48.060445380421569 0.978365138855697 54.122353526567139 35.816648351599746 84.986603920441311 0.762122539372001 17.734743612802571 98.311003785027296 20.094275018928119 3.359232049576333 81.090506661400482 48.060445380421569 0.978365138855697 54.122353526567139 35.816648351599746 84.986603920441311 47.277167970814560 99.491236724552039 71.020443393724364 99.886071186079022 41.265720281803929 9.030608670028739 71.245715992051444 10.933384845070272 43.483465111059338 20.535245930983258 44.970354701062220 82.810331062093681 24.868538800114415 47.987187008102069 90.479486367480064 61.675852867067960 78.442925970404232 83.290880337389027 25.924339143370979 17.971010712190228 14.700066593562955 11.809105618608617 39.615857723997962 86.113356856693912 23.492054761308857 91.439167304931374 70.768627411382496 47.905665014611444 37.414773314012898 69.090778080284338 86.181322610916425 7.012692554974698 86.394244670512833 48.593309953970810 83.530263764371455 39.181594247188031 70.833950512408649 16.091960655304305 97.131783349352091 47.160122081900809 77.727405220384313 10.525319041931724 27.568083246844509 94.305540847708443 92.295913402492545 76.716582814799594 36.512784640802508 27.868972358530485 31.862380430072058 10.799071750909139 86.496148778863997 44.760771602412440 46.224505199322493 80.378301338465320 75.455023978192287 66.845856861672985 93.335745401067300 56.108237109443714 64.691202374534086 44.890045020105553 40.879527798258962 22.058722571878398 89.233373447716346 3.918652960939795 28.119456038034720 92.400101292007705 41.276022703553593 13.403625816484855 27.336283129831596 32.004744696702843 82.279744703915497 42.587060217983122 86.202422179594819 51.713892395774174 59.090166846305578 75.146065107813698 31.519655272669912 19.366499297959283 38.243776012377126 65.481785289153208 57.536636685869560 66.903182832837146 95.499629525119659 70.133505546264303 58.016806246154943 52.380650605114099 85.621465307698145 73.161362980275612 73.388902442501220 39.412422247618025 76.629796424429770 82.396901676468630 12.939531644295343 46.667498606058665 99.383675780205706 31.426278364851402 88.783430978277210 41.235864395789164 32.353514309734877 98.365941792597511 12.879058784869368 98.916751857372915 34.727533968367943 74.905707409151177 97.095191885883239 17.747744400945408 5.268576318220697 17.547407995632081 38.733957951221306 78.537099516050716 0.380404709274063 57.330513749701097 57.915002733617115 76.317034405799618 19.427805872905846 97.056508226270722 80.089624099442773 22.170201802331569 28.818225293018664 33.877739080289651 57.296586422160409 11.405828006885145 80.923710057459957 57.296586422160409 11.405828006885145
80.923710057459957 85.757133920124986 70.388834943709227 66.660977897067568 8.285224713093964 24.583343026630487 57.176242119464625 91.625949698130583 33.980795263480957 88.028896235068828 90.973503106610877 91.731855546424569 98.224220364264383 9.459459969539497 47.691262886946717 33.323551953979155 75.005233073667057 69.983092486173405 23.216968868499745 96.238097540724851 70.625838866435998 46.678700292123267 17.357633956168485 2.452214368233874 70.075180082286138 83.587511829801841 12.585031568000282 74.713265289957747 83.664086838357505 38.504701453931048 16.589067639121247 37.983301467930211 98.020470442771142 22.110237509857956 59.392284915327750 52.116678398282964 57.326504399017018 21.380236927386576 64.197453744103299 63.569240893121062 17.167252118223686 29.654055221610378 17.167252118223686 29.654055221610378 94.167538210917741 76.271673765714397 13.025133800504252 52.770917429579754 12.884812639158783 76.081236072087037 14.130807128137846 48.049270513477637 23.185252651426637 46.435833595682865 48.461996696969464 84.238959525468488 64.956628803103996 67.743302063140774 52.626988772525593 33.932421080136088 96.014811078589119 92.604846593369345 83.058515123101174 72.723886461856992 59.539851448123358 84.504102053331692 23.945256896609159 34.549752919123698 75.231609699687496 59.615581225939707 51.231721821443479 85.174690789346556 12.627451577145422 69.568468626721682 4.879175719907036 22.157742847386032 37.959282556896078 22.248204238998760 62.649708632636617 42.514262673658152 11.899104723266863 67.155670447039867 66.558514415301289 37.143474711212264 20.286844087408284 79.087725862639573 14.261645125789780 12.791352528190348 90.214824283848500 25.275908401152016 15.842361872473687 85.216268218778140 46.667755026050671 12.589414468810233 86.238216904151983 96.151541949439803 43.284292138869127 13.929571007556440 8.108055466466691 63.153203573285523 43.697931593017415 50.401300347636457 93.153112488010933 68.404860239086389 45.688462761562896 3.759655391816419 73.722545872639174 77.431412189114596 98.924796602075446 37.571380042949997 73.253841788542800 48.711347113175641 72.623074099604963 65.552301739745872 91.082276178231183 56.019613522207820 4.036476412369150 77.737267013406367 4.431705617622727 23.639299260603618 70.986082562879545 57.661797267091764 49.249224738814902 88.532685081677812 31.081243064536679 33.902193948760662 48.984277198390878 6.962850020819755 98.398918308888426 60.186365408283152 32.253182155382945 41.624544465093827 99.185633087888988 11.845455010294103 27.280633592856319 50.831476597751021 75.154629940717328 48.088067048944396 27.740740087772085 12.667319669020616 26.223382701660615 16.384778645262976 51.307156737023917 70.994426433417772 27.831735983124172 54.612989070871777 2.499016342894167 68.162443227534780 73.493815576095471 45.554739096711735 34.986985546524728 49.388255357769040 61.391065140546949 89.398584376353867 12.963155286169393 12.912499920145137 56.062252768995400 92.729842383698468 5.455558543201111 50.585463831429870 72.146039863848870 24.944415201263716 29.619250817281650 13.552167069536603 9.222715644786007 37.492197333026752 94.153248996073643 35.141867966270603 42.328880371450083 72.058336441930464 58.971132876814345 6.754323087199698 4.725760943614487 70.743801945987641 27.846169636635409 23.858913581968167 44.386614781594204 4.757405393248137 19.246533123960031 43.282343045333725 78.629235532209208 53.195810694779198 68.769532885052598 39.398192868139816 38.797854685060763 69.342009136195657 71.830841517273285 80.998585840050183 4.538053522251140 33.876359734691874 5.333004298735733 27.304975873914618 27.147437529292773 96.881199275323169 11.447280767922896 68.403864356206952 88.812462233135250 82.064529336051180 67.125937752111383 61.529521353778406
17.069723139575167 39.891241914865297 73.929509974666814 79.822085713540474 31.734350598665205 42.430567449601305 71.198480669284137 9.563346571848118 16.995036153238608 86.605936649863494 55.088109641174952 28.901821747713619 51.890462409849427 86.605936649863494 55.088109641174952 1.251563698772362 24.620632624463600 10.750413185891327 58.042045740547920 80.196005527124939 11.942045742181772 36.012691655465886 40.036949757325338 44.434187704510478 51.109034554801035 3.127896482142822 89.895445380778199 71.982410749759921 43.540226881518208 84.883685762921417 36.956875698569206 68.690332402423877 36.956875698569206 68.690332402423877 59.111308357914794 92.152020021306271 51.438208263304894 70.491470854161207 92.574829567248415 29.009605800759562 34.730922862260130 93.556752427381213 81.800334885889797 53.640106416415001 3.493020890259646 32.917495289604318 96.002161608244123 57.522779514070990 17.076446585809769 42.286426325652236 47.747817683335555 64.357857055504326 21.354050598264372 25.518501441935182 10.727705864083992 32.857872961877121 71.803193275107844 55.881049333723723 29.064843661473528 67.118869410045136 4.443589332085507 63.503623591675549 4.443589324914865 63.503623591675549 97.393224883676524 23.706198400191148 82.087761765192383 66.673738341482135 91.827936441868459 67.716862716346711 98.744275940817460 96.946201609577642 14.995300027099967 92.135487357402312 84.843594053843816 52.340209368641908 37.326239897945491 76.539573852044853 6.028325224533903 22.654599580962021 19.911913961805183 13.034126328271489 28.902245585386687 31.384261889314068 43.884375093480912 42.810830144443493 52.377379563424675 84.208829346253395 57.497383880465357 91.292509576271669 47.502098873857300 44.197226488330074 55.457109992851194 72.116839056402185 85.048037755625245 43.765527379616053 82.754945539713106 76.327739172916836 41.089757946610973 16.035533433217765 31.186752580090449 9.483079693109175 23.237690011917820 69.660396035253626 96.956554477990181 93.947120003050799 9.032098697320068 70.225514284123463 93.267808264268638 30.500626699035138 0.623583289864527 9.622236150405072 68.113247433762908 74.038731081907784 31.384261889314068 43.884375093480912 42.810830144443493 52.377379563424675 84.208829346253395 57.497383880465357 91.292509576271669 47.502098873857300 58.746838661759718 31.633314456927764 72.961478596587085 78.552563122600546 90.338708255088420 22.457196933048650 74.710640336360427 91.403921686819459 74.790097428316301 5.353529111139988 29.026762383504547 30.583747059432852 93.794064315575085 85.248722540033583 84.910987423156556 34.712927198068869 0.211950593436905 16.443747166201671 50.117262616161064 47.205791028890928 72.195291897655380 79.575550233143204 36.627250091221008 26.730868368921655 67.599304850365812 91.844002997808474 80.094026973541062 36.353517045063143 22.359732032519762 36.699480008515785 15.758143137431269 29.505811609989617 1.832866743105299 69.285180056406574 6.354451879747558 41.869186893724354 19.166574917506740 72.474646525074846 20.935036502860804 41.004247775651059 82.350429281509818 26.644972421447921 79.703813902572676 41.822214888481227 52.298394139075178 31.830977741317135 31.754932835887363 95.538384964146800 59.713780061837220 17.030121638761830 90.217956372069452 43.686493728363295 71.165563487673751 17.385324459038710 10.864704087122446 50.390233435175055 61.109603165559399 95.578233480824210 28.916810993283438 89.194738865463123 7.328123108300034 95.934276205645816 19.532547211143214 14.446668860569901 58.746838661759718 34.294330109047877 22.748822388802004 31.497423273647872 62.049819932486763 73.902711927620430 90.217956372069452 43.686493728363295 71.165563487673751 17.385324459038710 10.864704087122446 17.385324459038710 10.864704087122446 50.390233435175055
61.109603165559399 84.545298109201767 99.735212500202692 93.575464734783992 79.436137135291048 92.289313888068435 95.646425968605712 56.588757238059031 31.633314451736936 72.961478596587085 78.552563122600546 90.338708255088420 22.457196933048650 74.710640336360427 67.179337454660072 2.528882771779761 1.455177906072636 1.210601429947944 84.207276017306270 38.199392598268403 3.523526649626629 3.523526647874708 29.353018691578502 85.868653899313500 30.785592184311639 64.134713421787822 67.179337454660072 2.528882771779761 1.455177906072636 50.896742113427550 25.603634875082825 12.555226025217047 84.207276017306270 38.199392598268403 3.523526649626629 29.353018691578502 85.868653899313500 30.785592184311639 1.210601423576829 22.616192809659651 29.601447815690396 62.416421281499666 18.703382205062425 76.014613718914489 79.475855934562176 84.545298112088304 99.735212500202692 16.646223339228563 26.019633892504590 41.444969446002197 96.910603019411894 91.722744532151182 13.523223195824308 55.834214291793373 30.830946931951107 83.933099616755442 53.730899791707820 41.832447934272743 44.465762740576189 14.734125845364010 56.203352897660295 20.425881041811945 87.507706853936085 80.545732272555085 41.743475458687250 64.916454947904697 1.457391547035969 55.637856596605559 83.838977104931317 1.268744428620006 55.606374809043594 20.355557115489496 15.063687141462678 13.714104950400497 72.923995622113139 88.864330958148074 28.318608097643573 57.943606056912124 74.448406229033310 33.139534308974305 26.050577073936843 82.214004170302843 73.939355139592621 50.319101175543857 33.985202229997505 68.371800226158371 53.457251322306284 0.378461084150850 53.052919721640791 18.631461573187480 80.833422075594768 76.465730374845265 77.212403310349359 97.050841714636874 85.908836923650625 13.637965246218419 24.476718343107684 16.492704368640855 93.954432038913211 28.614130256784797 39.995580616869312 63.358284595509005 79.236646986905768 61.760639655491900 33.520955045952675 38.443994852395605 24.714232557647254 63.512688730020471 13.637965260355822 24.476718343107684 16.492704368640855 93.954432038913211 28.614130256784797 59.719116121890991 38.576895214810556 23.412196806921347 3.896807942731007 85.197842562071074 6.283785783463736 81.434722023350417 75.719728481176702 40.191185281710609 96.204993453313961 39.700824506156309 78.052403200776851 52.146253252970034 98.298557636723245 81.259813623429196 48.355740458276443 61.244403199996469 94.995051325134156 90.341362533816792 26.375629272037237 54.513940562711880 49.973017351490789 79.712458016363613 6.671862380080218 3.877919885008718 80.269289503431153 33.864543158696435 36.123468887355905 64.964569934557076 74.256254351805765 34.118416746448510 39.466770497122383 86.921825559920521 95.502661656241600 85.323197078571766 81.562089115128799 95.028916128589486 48.250455215378210 7.280727852603053 3.098802413359680 85.022278716455673 13.693544805418567 38.276685110719868 38.828274839421525 62.823393139596931 81.118379403875068 1.535835633221216 55.886452340770120 11.049948090213190 55.588160077765792 68.832592571569734 91.537359626468728 64.754886722008280 24.526587781860730 91.096402270034076 50.042865178451720 66.246520792089470 55.775401520395882 98.626751181547021 95.231544256025998 40.147524147986900 2.141558843791624 25.550203973909756 8.921991225911885 20.385738911733952 3.675168911868620 18.067269906128193 45.559166500341796 26.639116351229241 28.712348637443586 45.569827021309308 72.644320681060776 35.165350209108873 95.295547102686584 36.496116779895956 41.977298751045836 81.794982649200563 87.773667374237320 12.102689495164210 81.146620851623808 82.868421344491395 51.719517685647943 54.756114999052862 38.673347985254125 66.809136724850603 54.673257760221894 93.841621760138466
56.724434929255217 49.132252388020689 42.050531355711165 45.367155847433771 68.725947739906644 32.465400117660351 24.360289697496086 81.956994961815212 57.001819335872014 39.256116540037056 39.685232265506400 47.184296816194070 64.170649029016630 36.653555539431558 9.679954083496856 75.568784136043121 14.551717185937751 53.011789909459992 58.726756130291150 20.573988673738640 9.114901285445887 1.981922246507783 27.258476317062495 31.965801052077413 13.878497190102944 11.783809441427751 57.001819335872014 39.256116540037056 39.685232265506400 71.114435351991673 55.537899777736030 81.759390177613128 9.778605028653741 84.164185880467954 59.846751200804803 11.847344437202146 62.734406761927730 95.212691860663256 93.964286406835868 63.029559620818802 62.484530128245986 90.546075654584030 24.360289697496086 29.504202664697800 56.905756790359952 71.831454577032787 39.433098566802286 85.170013662883306 53.365189025824399 98.324928986344887 20.943736479600240 13.885237704250542 27.632468018619939 26.604563725341112 16.585138844294612 31.855898201058164 23.923866135179395 80.830770436660089 27.172158398763003 81.497939968385296 16.841686866372662 74.821963093506881 95.354212573110388 63.094644237848051 22.542866944319151 60.473608686323232 54.022028938923569 79.801600467143544 35.157382147436508 16.482403985659221 61.822504193108010 86.057436301449101 72.647637857133802 61.857426927481427 21.086425159483902 65.039287663488167 52.619317684324088 68.246074270225449 98.360078404832336 55.678014970437637 61.616312925003655 19.976981137951700 14.601294582533219 86.504868934963454 35.473869870364517 12.472594831750428 75.230696660170310 32.875869269043477 23.733954893089461 47.411906315053074 98.910276491358601 34.953818951010398 36.963696041042752 20.186790324123514 50.908865791489099 37.199015978746090 88.860671725820779 30.768855840037823 78.991796410843008 6.001826203037153 46.662158702945931 85.648094462700172 90.232459835141469 40.331774264677875 31.965801052077413 13.878497190102944 11.783809441427751 57.001819335872014 39.256116540037056 39.685232265506400 47.184296816194070 64.170649029016630 36.653555539431558 9.679954083496856 75.568784136043121 46.251678470113269 22.241061789417749 50.646780589734099 29.875932980489072 65.609345746966383 19.254660489812469 13.627915127350377 42.062841141788290 93.732895168676919 59.281127892963724 1.615405502474210 94.192236558136827 52.936660220239659 69.294642046271264 20.127921529464633 33.086553520308570 58.095919737565374 20.935120234191661 72.955236804135922 54.792816478677118 8.861233263489298 40.386666893916669 39.676650374430103 1.052956230043023 24.331893177850251 42.453284718418629 34.194428306972100 45.258347421914422 99.890616129910086 18.325886982531024 42.469893958475922 81.624126996844211 14.751454322577850 57.060838330489297 43.490582909838714 71.685076443753644 39.938915478571111 7.353516250492886 24.450838602472636 65.772727799129811 57.385313512259785 95.545633081585351 3.408188220379593 72.274035443926564 87.965091358970170 61.524377183862143 31.905185325312136 24.223303040882204 31.645520014851712 53.065761593872828 71.114435358224938 55.537899777736030 81.759390177613128 9.778605028653741 84.164185880467954 59.846751200804803 11.847344437202146 62.734406761927730 34.808544978889188 3.854927957590071 6.052698655418787 73.340472218880009 79.165674496270540 19.478349279084039 15.862016798172561 0.443772759540995 43.317188249831887 19.836485997281407 91.958176130369878 34.840591669538931 78.495132562413929 45.215990365567023 41.251222872021877 73.951362773080021 12.016055494062384 32.119595235460430 55.942409393060132 52.151698860186734 5.086673110793571 88.984411505247991 61.370963616583381 13.296770050981198 83.305330431381179 48.837988755440222 43.492225329640647
60.630467787127841 9.662490511293253 29.114490018950669 28.458462064023493 52.660566101435450 53.339266913371176 16.763288870112682 5.360151700977034 92.739825101114263 95.714002784415314 96.029041333598258 15.083719868890277 96.978846980259803 42.545274882427144 40.377517748386339 62.673266758873766 3.521683713880308 11.883023731886377 6.544502442012201 9.878495999437520 49.321207484843931 69.215742636907635 6.657713981765800 38.634645500064735 92.643285215441352 81.459925867329673 34.208796555086764 81.797629725331916 83.288426263141687 41.751635012282229 81.507695682667162 2.565729945280115 45.136309768670849 13.555786936982283 90.835824125287175 76.618435143142477 13.399773250214086 99.278333374250764 29.687441240567335 53.207366161721438 12.537372946170178 9.490322295598174 28.663277781913287 86.568262206193367 0.006879137798155 97.853964807723372 75.097113806587430 94.915340317577133 41.749568919892674 59.432579266694496 54.024590615354775 83.503450185610234 41.749568919892674 59.432579266694496 54.024590615354775 83.503450185610234 18.982081567035337 57.258567693600462 23.327686315765984 90.684681832544371 80.478944935123479 59.021438863477535 43.628344801429442 8.156207664158288 11.677663389822058 18.585819997708885 54.466157751912625 71.570117211632862 6.832128077219024 59.568833745823710 16.094647588833332 88.020001089548643 35.385584352815158 89.056959894640698 44.393013733978847 61.223042400850289 88.612290598303062 78.064414274089060 91.856683503750858 77.329196662218649 43.058251215864374 0.765043166102886 37.064132729858102 78.949335357341852 80.513857237352767 61.322217548511063 92.136625330276615 45.806263105647524 90.643577285531734 28.716585317796639 13.072693637969246 62.116695361769182 50.418271044421289 25.592746450101679 30.499416554837300 65.345188178089202 53.260461844488127 45.774154085877527 51.188907566271361 44.713914237737420 1.284324149414084 92.182448146712076 14.785556667741451 56.539059461515684 72.980901803855247 6.631044279438258 44.218469359389033 39.779528723112890 73.829693919016037 2.743453344914948 87.376851427910708 22.573961152854483 25.672738403492069 47.239227226047255 61.707813100562689 15.661521686339587 39.631938375105427 22.098881786281666 62.119583238564111 72.989967165899841 60.630467787127841 9.662490511293253 4.696853961655700 30.080519118808581 17.339407234385195 46.899963894157047 5.360151708508321 92.739825101114263 95.714002784415314 96.029041333598258 57.592910095235354 38.909179149633580 84.004230498122908 19.354848702666072 22.978880848396866 62.846783977089792 77.971760617260173 6.043867395148073 57.034576617154066 51.251006803136434 46.635137523961831 19.035600393386829 5.534913119377228 62.986143725927377 12.318303352281390 71.536546233257269 55.200861487564183 54.737333621870853 32.965154912527680 8.266885958343305 77.263470324157439 63.662696991056258 50.268018155020563 29.114490018950669 28.458462064023493 52.660566101435450 15.593705765331178 60.899905426295241 99.227826814896403 77.541657152010359 57.583599004168285 99.754028251659918 32.758744599582400 88.848343228002136 25.953675176624060 50.613067012725921 47.425448945382854 87.538527182370473 52.239375468403850 72.518536488364120 80.803539454002092 55.817588349635294 51.808669606683885 31.145431165702309 64.904572718793489 93.871075985807053 17.806084400325950 2.565729945280115 45.136309768670849 13.555786936982283 88.288258883011579 0.259227931392025 71.306604717913871 55.984730988861642 3.274227488041748 9.976510344030698 76.510612771801803 88.071862429181451 99.372257377231620 69.215742636907635 6.657713981765800 63.595136026240674 17.375102431200840 15.331645068618261 94.320936253907774 34.765413075835269 39.615142504093214 60.618103862323046 35.501067173154468 2.565729945280115
45.136309768670849 13.555786936982283 90.835824125287175 57.860024485386440 61.094352045514086 65.295710241421332 39.370489681512680 33.916556402708665 2.847360236876717 16.634714694836504 32.148861913608819 13.831578749628138 81.416830106663170 98.919704702645177 43.050378893964115 65.924152428585032 53.574356007628744 63.486917407615692 12.725468389018047 56.022030647756047 62.462142062264277 15.385747818922269 9.937244290443969 80.423582513495035 99.491655838215465 49.754249089172653 90.437815556508511 61.552902676842415 51.766383811291441 23.768023989708563 46.269056593679089 58.779813974899731 43.559418301508870 24.937021185349717 94.225605028915965 68.155698663524362 67.406099285775454 49.950053784564865 23.121071244792645 2.203197172514371 39.463729635929944 0.331396715951870 2.789074966043903 95.113665469995183 35.861406558769396 22.256904662011056 98.949848110893797 27.933957701505275 86.833029332859795 58.204653554389274 80.012924020452985 29.848863575851858 86.069438514965384 5.452195322396280 71.458085574357384 82.655666308951510 7.685866457649126 93.388540197503247 59.052876710632638 85.813543050787061 5.263089686020772 45.948596035360502 64.372203856763420 98.972597900657021 93.821393414190752 70.434893398663107 45.574774798624617 64.642944355776436 76.369906448003150 19.442591075025241 15.686396990979578 96.422847465151932 67.086667433132121 64.472348030333507 98.672401376304748 76.759739710608400 89.894829364949899 2.171704912034234 25.132202867081265 39.464487937443351 14.715371488319040 36.844371713626280 42.406438419117841 48.147284999651738 29.111703784680554 86.890130789837158 74.052368294513784 22.901575432042655 53.303639588869444 83.683982811640874 0.760567440796001 22.878727367697461 15.630751743797621 86.291579947768383 39.105149611829390 37.241510823383408 78.040653390379575 25.964322591114431 20.148792013929885 63.899324600192763 53.045289732155929 10.387064242300125 41.171378476350561 42.467066390874223 90.341377037352743 11.139007980812632 36.221877945047822 17.248274229882277 89.161141455752670 78.405355914013342 30.437657685613605 81.496136147394182 89.894829364949899 2.171704912034234 25.132202867081265 39.464487937443351 14.715371488319040 36.844371713626280 42.406438419117841 48.147284999651738 29.111703784680554 86.890130789837158 74.052368294513784 22.901575432042655 53.303639588869444 83.683982811640874 0.760567440796001 22.878727367697461 15.630751743797621 86.291579947768383 39.105149611829390 37.241510823383408 78.040653390379575 25.964322591114431 20.148792013929885 63.899324600192763 53.045289732155929 10.387064242300125 41.171378476350561 42.467066390874223 90.341377037352743 11.139007980812632 36.221877945047822 17.248274229882277 89.161141455752670 78.405355914013342 30.437657685613605 81.496136147394182 76.107663220766881 79.170665418700693 64.021098093827945 67.240722601952001 56.343041308924946 84.294734390013275 84.733319760402352 87.018606126757305 56.218145607089518 50.252483748787149 88.523665573640685 20.315283271359274 24.854907703783134 47.547114081819032 69.481412625555450 22.844052016724937 89.391293470581147 66.282921787719062 4.192014956461144 28.167793680857699 42.778253136414143 55.609728141401540 85.217188863029449 2.987322753675525 55.198531676903073 43.522537318219044 89.585044490577062 22.490787461746010 46.229632642363740 35.667916130742405 96.567213437139714 34.095035164123054 56.443993262585522 55.704286976615769 24.503085114812649 66.323957124017042 40.379737057856055 15.517737696435407 99.511838417273196 32.257698072638078 4.543839317176179 28.774446663218754 16.177799322119402 21.492527150441564 12.747769319558266 78.459743814394230 27.806805495106612 99.803358358731884 0.364193907887034 33.175277020073594 37.103671079337452 14.096496240324274
67.024772943816544 66.222795820681341 65.550682235569141 79.020914133764762 9.753813158901037 19.538600024808616 16.177799322119402 21.492527150441564 12.747769319558266 78.459743814394230 27.806805495106612 99.803358358731884 0.364193907887034 33.175277020073594 37.103671079337452 31.479569860179112 42.192214343712124 47.742849965134205 74.594135839366231 95.197113581721638 32.253237733240212 53.469833488130988 41.897824291265010 56.683327838832263 70.033082953851192 40.908659981158443 21.341172363144455 49.848597579513211 67.532250127890563 15.394142910168295 64.292094866504996 15.755245923645479 81.167487892477112 59.375388110321140 44.249926007035079 64.236248604857963 51.149644381468264 92.355075758874221 45.722365473876494 32.710110046075570 15.859937608577223 5.047416246700609 24.892427519949280 15.030272279695446 67.054365231350999 41.461265141157220 30.406002921582076 82.877400123209455 6.047708873301493 7.573493034798995 29.521628293748968 38.372817660703674 76.745491646602176 30.942509278883833 62.630670216671327 65.655337282058568 56.604626006215931 31.680067540772171 68.553306672620252 25.336383250203109 63.627283647785362 36.362721003579892 11.467436104159500 21.345965277017498 48.403415872344461 87.355267969160536 30.942509278883833 62.630670216671327 65.655337282058568 56.604626006215931 31.680067540772171 68.553306672620252 25.336383250203109 63.627283647785362 36.362721003579892 11.467436104159500 21.345965277017498 48.403415872344461 87.355267969160536 3.434860218048952 40.613587926561635 54.775481728159050 73.175158221513442 77.855349714441331 17.330612452282356 84.700143854096339 23.862700682508176 17.802670435848377 45.088693578870398 41.025760945578917 42.168469348264658 2.203120844870654 19.839237960365274 25.609522146335827 34.394492750024121 6.164401569291467 20.982086194749982 33.899186851474660 58.519515407819576 20.243175115210288 8.729011464360003 57.445438623596779 90.738157108135582 88.690530899721480 31.291812709992030 67.926977727764708 24.214536915465278 22.769086143604877 61.442978869645216 4.102436102605611 7.203221662398906 22.649907661050996 48.754096013099080 54.749224634850279 47.301638790732689 69.762913552397393 36.368811919209939 57.838116407883824 52.041736817520288 87.783578707983921 84.649536630641748 86.341538788380049 54.551080571121666 34.095035164123054 56.443993262585522 55.704286976615769 24.503085114812649 66.323957124017042 40.379737057856055 15.517737696435407 88.959435076569918 84.571059226599516 14.096496240324274 67.024772943816544 66.222795820681341 65.550682235569141 79.020914133764762 9.753813158901037 19.538600024808616 24.454928078104853 35.361574616457283 7.716023614271483 81.721728604241918 23.777274205303598 36.956437910060437 47.295383138855740 41.616627093661492 52.065698181157828 18.086178866725454 3.459490683801203 7.091895042591290 54.379910066536887 54.088231626025681 4.537613120272244 96.230977829987609 24.845976116294811 42.259516909260554 58.004518444861432 55.474018520056532 24.581821181310470 49.123115271220961 42.968452934965981 82.494654311866512 96.665175775009033 21.136563173767055 50.635544527176620 75.590606393350740 20.436376394758980 3.967157623532602 6.059121478431639 96.455643290123518 45.439639997833893 8.878213776242895 16.232570471485928 91.267341683826515 22.692059868720882 32.055102118070778 50.275497008455275 6.691013749317731 26.558947349637140 0.945478143647238 46.320147232053209 8.093523287568615 37.597581264184043 8.982610883364794 7.164584829225785 34.291089713254628 99.008548624267647 22.687668902008941 91.562566657476140 58.544552202465319 0.553729134922931 3.947932544077570 36.334737515161443 66.341770047197912 86.406798851989663 60.860871022661080 2.851701292059206 17.802670435848377 45.088693578870398
41.025760945578917 42.168469348264658 2.203120844870654 19.839237960365274 25.609522146335827 34.394492750024121 6.164401569291467 20.982086194749982 33.899186851474660 58.519515407819576 20.243175115210288 8.729011464360003 57.445438623596779 90.738157108135582 88.690530899721480 31.291812709992030 67.926977727764708 24.214536915465278 22.769086143604877 61.442978869645216 4.102436102605611 7.203221662398906 22.649907661050996 48.754096013099080 54.749224634850279 47.301638790732689 69.762913552397393 36.368811919209939 57.838116407883824 52.041736817520288 87.783578707983921 84.649536630641748 86.341538788380049 54.551080571121666 7.203221662398906 22.649907661050996 48.754096013099080 54.749224634850279 47.301638790732689 69.762913552397393 36.368811919209939 57.838116407883824 52.041736817520288 87.783578707983921 84.649536630641748 86.341538788380049 54.551080571121666 78.478430082338448 58.151846549044272 80.586241596549044 43.958548855619952 31.432870076683994 92.451367711129535 51.109398094161037 91.013885556169399 45.634344094666368 61.002783661478631 35.321724285229863 34.211895793292513 6.063873551887222 16.762573893964962 22.266541853946386 29.379850554792910 61.142065455377292 42.653905130047164 23.944800666000752 4.207089837316669 72.421479796253308 53.134175085124994 28.244569712180390 21.073033065091039 38.415550951472333 0.852496950957427 55.415457726684259 91.013885556169399 43.391251042718714 66.351330474792448 59.950876430192004 36.712592331409546 15.989106511813455 82.823895744306725 73.456091810637147 95.470636960425850 45.755580165046794 87.016192853726253 27.724266379174512 36.043356047835395 19.311602308260046 59.872924035067939 53.565043611808996 76.775065836598799 0.846426232502406 92.946989256413190 12.745141249614244 21.919978122277715 74.517416608259808 16.368672974159672 53.411602923185896 31.179356387366973 42.798388514794858 36.330944174000898 24.654665421109044 73.044333611739617 22.550038281863284 19.370598414830155 30.423986737177710 27.882727257394755 43.448071886798367 21.611028393562059 57.542987706453509 46.350238237949334 49.696857748745984 0.912477699585545 59.738896706293133 49.436039557449774 68.823063474051665 97.592442609195956 23.347154179683450 27.359439080537463 75.135542917478290 27.043116960424072 43.684976825627906 11.384420695298259 84.702517951601436 55.885991955227333 51.349153858953770 79.734620316966911 81.765335878913305 91.435919074688812 12.116153513197613 13.485814103244554 93.216237355338578 32.956936751041418 84.068249836634109 82.505362925657650 12.440465136245194 85.069675808770810 45.607046057585698 74.394046390186190 70.218263282167953 55.877111090733344 39.823257177058203 8.095653341809882 67.241955028997396 41.721713739603175 12.772265663318583 18.755230636040487 36.982266662792455 41.968356142492510 8.313159652766533 10.834428361261828 0.196861845788110 52.563680658607915 41.721713739603175 12.772265663318583 18.755230636040487 36.982266662792455 41.968356142492510 8.313159652766533 10.834428361261828 0.196861845788110 52.563680658607915 5.369471950336879 53.236636311119291 21.763557998769489 97.503506581801346 41.716098643739961 30.030860536552396 35.410853590206592 41.122305950450425 22.468905061655509 58.616104716883768 62.927940463559651 92.393370035531134 74.306617310502233 67.783624151341499 31.984237727509324 83.108221391378706 19.740194421773751 12.852433878288283 9.775555981011163 0.246261416179994 74.411831664095331 76.426147444169459 30.685439453872910 72.083858570118593 71.883664245626264 96.716764314448454 80.011394118887821 35.430285675255867 28.395620719941284 59.488404345903056 86.650732336502898 25.866947527997873 90.905490963309745 17.451207322506789 15.450288031133619 2.110424329162941 41.760988999849758 36.795450745196909
5.355479850043309 94.806552358329952 29.073947616216188 70.828565949286045 10.836920843007714 71.166967125038710 77.927130559102835 95.623802197774893 69.832569957461189 24.994602681229207 34.367552673049872 27.141926057586353 4.699204077940489 58.199911467523357 81.250623990721110 38.660163342219874 28.759765347879274 32.746721897331589 31.981837603825102 32.746721897331589 31.981837603825102 6.201045395905647 36.120576280776447 7.505307104735525 80.466449543162099 57.035567471112067 80.109358526316711 69.165778359725309 32.213495350010270 5.224008875892372 85.805864858578204 29.481817655149921 64.874768172618388 73.001889664119687 51.993145878773497 7.338962555094442 65.193048129479749 47.598379635642459 49.650587360562938 16.555125949906646 16.555125949906646 48.249650777864240 12.485312525893576 36.912576899166702 47.742514394199020 80.198134012861971 20.280604912571377 17.605513379124339 5.545831943507751 41.240391055676582 74.969780647071545 7.472413378306141 7.881394544821186 51.037703533261137 17.783240671141808 60.678479084875391 1.450621004195463 25.011224102460616 33.437642942335266 90.680393737456370 54.251057766862274 87.265757647549350 47.064523655662185 0.743237158483023 89.497397398776357 88.667889562701646 63.815674562693324 22.644811001812847 31.574626072718459 67.558518887415147 9.995123336675270 27.744080977139863 52.282727356938693 4.085152498037569 55.237807224337963 23.503356889192162 83.326428704679984 79.024704357496518 58.431531641955338 44.478668799097477 46.269530378140388 69.380021634691417 61.167884272432573 13.078260770820716 44.014424526545923 85.822636778078262 46.269530378140388 69.380021634691417 13.078260770820716 44.014424526545923 5.455296483315209 74.472880482126868 31.251573603129422 23.931788768104123 19.457690375767999 73.176417051443551 42.798589703544522 50.718421468113398 92.661939222545811 50.718421468113398 92.661939222545811 36.263382211024044 45.832144748414329 84.458033656311912 72.310590493799609 98.432476997079249 8.084590235809719 47.887414370322276 43.114220977313103 35.079435827884389 23.201360247866866 62.930302359449271 6.650926976075711 56.679239641667820 58.554958211266694 34.610842277680419 86.274452042895163 9.403800743604629 12.830276090023807 22.670252480675646 97.239377083110014 26.097107158539391 1.022932688570033 3.001991100336776 75.979098127569372 83.074419369693132 39.958285304580734 63.734101922536858 92.317596934635432 17.567658686025677 8.498259453926838 3.001991082286981 75.979098127569372 83.074419369693132 39.958285304580734 14.633297290938563 73.293593925519986 62.326383876079852 99.890138093766552 90.985748888871640 31.344582444269964 46.855551330083919 3.859888197827877 89.161128009276567 11.154814036326155 95.795680713954070 76.192000565269240 53.794185121668825 63.244182539562608 73.742658044039203 65.377977671826159 23.394004198991691 78.759033335389987 96.400926775672673 85.179726976967245 93.955809714727991 42.494628119705169 60.556745554532569 11.843384559494430 61.728515358398170 24.321987301171390 41.873518677724320 1.135980503285161 18.872160161321460 2.565671658695023 63.828009542449749 66.054382133648332 7.428868963979818 17.542942302061160 8.748476092269486 15.453020285384966 81.857197166974203 19.604503239811933 99.785866432527072 92.226010307132057 96.372291981351651 74.349462098513570 8.924455509971530 9.878880344352769 1.872975636760821 67.153085469011117 6.854371970731887 77.350261255628851 14.564526943082679 22.368271688523890 51.097105374059083 43.982773062754568 41.525089382600001 91.095147432921152 88.837359317054137 11.645162978342761 10.709246507061476 23.651593375939640 47.650593776305641 96.538112190526164 20.495622286930004 12.537650070181472 45.264952408270474 13.346201690692173 95.579878677949765
54.126879819611020 77.033998069638244 27.577885237159837 18.601959060842212 94.009086602184041 60.360582938204629 89.649742002451831 2.517892770705610 35.034586980831030 11.480292636938859 16.027244392963812 49.161621122656904 83.231817926345187 64.020523798848771 28.765335188237916 42.790030714734172 25.187457316339025 71.812152550947843 98.536094853006347 91.812127581637256 86.890785507014030 25.162875092653625 12.009831855297271 40.497604483264361 97.442373742701307 11.645162969040012 10.709246507061476 23.651593375939640 47.650593776305641 96.538112190526164 20.495622286930004 12.537650070181472 88.181758497030970 42.243409353300585 96.155900153762047 72.731653906598638 26.852914879292054 75.770592115154471 98.205634826679713 63.431219561812277 24.223497309730714 33.888240692735963 31.349250202273492 12.631902125976335 31.559290167301878 53.244353079021899 43.500145040729464 76.242427724411925 61.572413360890685 32.592646140741152 61.006175175267266 1.236369193251508 46.798748500157657 90.362212643781987 23.334740603196224 26.708685438667235 11.387054778864659 77.130106181417005 34.164660830910655 10.556866270964438 97.241872691806947 92.255748578419613 20.924193593578067 50.672917376967206 57.600998795783113 58.414372460703554 23.225940234048569 34.492805913009583 61.837544590595549 12.864989405906435 32.730143882770911 29.922117077282127 68.692584580600752 67.918890327032500 10.018697059384730 2.816945813261418 72.077245387420561 19.176881612426222 17.510331363208010 69.875563195176653 74.009876682593045 51.394142892659204 35.215334237714423 18.588826704751437 42.561947812796262 24.738177075706634 64.634373311902678 47.101505826967042 14.255275162288527 30.497351449763066 4.962963352781758 32.921279119873944 4.031386535797809 56.737776093526925 51.017644151733876 31.284219983648875 38.472367778931350 70.127959717184424 63.129749600170811 96.659889428996991 14.255275170477899 30.497351449763066 4.962963352781758 32.921279119873944 4.031386535797809 56.737776093526925 51.017644151733876 31.284219983648875 38.472367778931350 70.127959717184424 63.129749600170811 96.659889428996991 66.279984394247506 53.936969453975379 85.529540263754143 14.213253853466179 57.985783818488059 30.062365249304747 53.509265218293287 7.463965613665158 79.798142352359704 28.699633210217289 60.042996581264482 45.590594388700076 31.016451683949153 89.398511366392981 37.392943991027117 63.975923065023530 45.681462168270237 98.552322417229306 94.473310034217263 72.566867063243947 89.790361492100260 9.447361302742463 29.575584342297134 37.425908726330917 29.720857232185281 46.926804349342412 57.196281371081511 13.177291121563428 82.853495821362515 11.471306847289053 90.709431454242477 47.960278797875965 51.669549115449811 80.511940385588730 18.185755652629474 23.505410117622272 44.851331969207223 92.460059038504980 60.817445880344721 17.217947550432054 85.452489816298538 11.069696286176288 25.594756148449051 35.635384124683213 43.086008797459506 38.591790352531000 34.112035302047708 31.050027496324994 79.331625913271736 25.270709591429373 15.816420370962081 74.548687885557385 11.042258137016493 56.781221008539163 72.906670955680411 86.770073549782595 35.034220694931925 39.901063335536648 6.453014110263999 28.180361424220525 72.475738817487994 58.623873282000936 14.880463633868191 67.830875998573987 25.579046804171533 1.754597023835913 64.210429470963078 9.849556862947761 41.223681682975069 60.520009101072134 96.691665871069219 33.791790774779187 66.798030374156710 37.069667795112515 16.600686790637663 62.746523846067205 14.974061782874138 41.237821741414194 4.372992006447197 88.506412960619556 80.311509062239097 37.068469944721251 36.828168890182447 73.509469951160398 24.803456027214310 43.589096412819096 32.273206601708651 21.461032383341539
5.145742010684695 50.848565301261395 39.728620422684834 23.951840471909634 29.328601920828270 30.256658253049494 17.941756890267126 94.650965671892820 34.516673364011311 70.918016110186755 82.276957639659059 49.595216530358023 2.872313565328777 34.690597313308061 44.269725801631054 35.684702497220897 59.571046787946372 87.327234299793730 97.337613720901459 69.054309253040884 9.632935599932956 89.456601786152035 68.020829664667261 56.732349556081083 73.675847070600852 71.390933217657945 70.705725471819051 54.086169145120913 29.389760049439552 59.127104040001896 82.818185183968325 56.532548738051332 68.608411044818538 73.328082998453709 0.760937499272596 41.416981809630741 3.430851275525915 3.430851275525915 21.212216284881112 62.551847580111421 18.074783151561203 33.662411716072093 92.628556857914717 59.556181358730484 19.243011715399049 60.955306031092114 18.247183706274217 25.016900505422324 80.420254364996765 10.392297919054638 94.183810208820773 12.299280160826608 8.249909236279972 75.908896159983030 1.791942747997488 28.640078950472237 30.534707313747433 16.949937352011812 28.640078950472237 30.534707313747433 18.149351397598412 7.255855202222971 90.237743761979061 97.934545902337149 90.623523968547431 45.994460415937951 16.048366825952808 64.258912400722352 17.982240593197030 20.179747884991038 24.110075394184662 43.467679526230818 32.966942414736323 41.362427688708948 84.995543389711443 40.647407839352901 62.412164758106393 74.396731761932529 61.237638365828552 49.816327131902327 14.821017971365869 94.311194108784591 77.832924883453614 89.866677097543061 29.513512200992885 42.052533127330271 77.740271083222595 24.194258071819718 79.776180373873032 21.620655740822990 73.161952723138597 5.803729379295730 48.891308432257809 75.415619747548192 17.802816018270018 71.969981559729518 8.405486455647182 8.211368101632409 13.878721109135373 53.682227820007569 57.853709500737885 14.868996712921467 42.589953020219461 31.668045178694172 39.717688695437658 23.533808831160176 18.250190613700244 62.684339189450135 77.293053105241469 46.545480952227948 76.350963968784242 23.798722904242975 25.495384143519640 45.359463354044330 41.562749397757102 21.066859953750306 32.717762992462561 94.810948291911870 40.592086975914476 98.609908117408708 29.977398193748584 66.581584188043564 25.697445028295895 7.552922852623611 28.964890258540233 91.034142634774767 17.525105979252675 46.871931680705671 89.758779844498648 95.305158174709888 19.978801982156792 69.398202379898422 89.842157852317499 36.607998991663116 50.159821352452838 99.064454992684020 74.578457071540541 5.190375331651486 22.201262440250012 81.633095952063371 2.537751698054713 92.183887568792883 97.656161962317114 98.295241112457660 32.374189381968577 64.749855868853643 91.502531448725094 18.305484972596552 32.809439382851558 49.660124258101533 67.506621753180511 27.557142773245857 92.823800237435634 27.690570800010718 92.160437046901976 81.113152325723277 81.169171460342611 51.913944314854675 44.505538490875615 82.987536542550870 53.675958667806633 78.694372321215212 73.343639537598506 55.797491913727605 24.647933862889214 72.218940174191758 50.976829852680538 78.769985996466289 6.730137699684368 45.240218189685763 27.869769336832583 59.566484344103941 40.972769181956657 54.160391620867252 1.510826947095467 14.447878811545767 65.588111961519616 38.666009875286633 9.179987304823921 25.860936344718908 51.913944314854675 44.505538490875615 82.987536542550870 53.675958667806633 73.343639537598506 55.797491913727605 24.647933862889214 72.218940174191758 50.976829852680538 78.769985996466289 6.730137699684368 45.240218189685763 27.869769336832583 59.566484344103941 40.972769181956657 54.160391620867252 60.001431485239010 79.367963412249537 42.409394378021950 76.484586467250807
33.206916407171171 3.884381917550650 1.508440981694259 62.124198875844051 93.306504249177181 11.465985877961815 86.426697620226349 7.430892529405908 71.169124468928132 20.717957197843994 61.280192870552355 16.546410872408256 82.919371959236372 37.802784929845402 57.789937158315283 71.246032545185869 76.494182733612121 73.870722819384937 0.937286599489662 13.795948731020536 35.295873584694093 50.508088002155851 96.807511684791010 45.616428827205269 2.914081674028057 72.512096104249025 28.892328181021519 99.226358339429012 67.869224114231500 86.358735291788406 14.698180444372122 19.285018341358075 78.893106899852441 77.741882308518839 30.374012327538747 14.907444729093500 1.508440984835702 62.124198875844051 93.306504249177181 80.153266308420299 93.889136935217934 78.999723030121743 4.667797189012424 69.678440568674844 11.364509820155211 83.560506047418841 2.639476378112737 93.795287669873801 7.949161207003930 83.178721880826515 36.293833344163808 64.793581501423674 21.662694863604315 3.313744165624932 36.939682760744844 88.768900749321134 7.922197585762902 25.725244087167610 58.828528517948605 66.465155074957821 63.524765928706771 71.716874824230274 14.884494878302712 93.917814651557947 31.315245786856583 96.335597202365534 0.557440914872720 1.709227436027416 42.034405500841679 7.785023468598650 20.662299789677352 36.216307234457943 67.754629469688922 95.492380270856046 93.127831973983660 1.689552595955601 74.952639284148532 73.897761028432768 44.829907995276031 22.471543382203475 71.350132210283590 27.118365289019930 74.883692504678550 78.691839965161208 56.169378502696610 20.345230733862230 80.883650573751723 35.641101915743242 66.220828048570809 33.225775972106810 12.991593029631455 17.694855704961064 96.418644784206236 58.882418552184923 90.832813382266579 92.077849651819292 92.077849651524176 21.764112459332996 84.421360508124536 85.208687566506157 60.246809784553847 11.318730147950085 67.409811105725097 20.458240040174402 44.931033612005365 41.922562326241199 73.200794684902576 59.448100117921420 31.596710419622319 45.144396908684669 40.118573647543364 39.230752449150977 33.088290400665997 61.977936975727587 87.500870166624537 56.431606496403695 67.690966026617161 29.925684600766054 42.771060151509630 60.264260938997239 73.866919256008273 97.201914799834341 56.289364724934629 57.621404623014392 50.381585170221186 80.914176632734922 10.495271609387459 12.536749256247115 88.998519749918046 4.228416904572896 8.161224026760427 13.793871087429576 34.451165188934951 6.351416927997033 3.858669233421264 14.717295716507895 8.473685047375346 60.896758707792955 50.980967376063560 77.766980700321852 78.709502415259763 76.333579457553512 24.771170620154127 40.142285772025900 32.845468495315302 92.676042549938686 59.733276956499225 60.954681747971925 57.757460463460589 12.489241737017432 96.593041111483487 20.280782457477276 25.048449180132838 13.615293341583989 66.919559651343221 13.296084528261233 65.850221648734632 41.283834706706159 2.773629590260740 91.224750297352728 72.289773191256373 51.083315864394862 68.897130702639998 38.240063568378460 66.059768165212802 6.699647018143439 4.150266860675467 23.012677094628863 21.727497384292128 37.196140401112075 6.174025322018329 94.494358233837474 82.568402142455270 84.072919808325409 2.920507138177175 21.688891681194544 38.240063566537316 66.059768165212802 6.699647018143439 4.150266860675467 23.012677094628863 0.790797800165655 39.819460302757257 47.619661405434229 24.601275517662891 30.570878173539896 96.286141324266154 63.564021061017229 23.749322898812807 0.094540423061640 69.044083870556349 83.225498261017250 27.247496187833619 31.222632247347569 60.594119706211949 4.366242237086249 8.443378129953782 95.909830838315827 18.261621413978347 97.392834170546266
68.089450507243782 14.699360579390564 35.913179489869208 15.458758456735723 44.970288126708425 20.481235561487633 80.451549589817262 2.920507129647487 21.688891681194544 15.121558381998657 42.437943235990140 48.884648568048718 26.798817547627884 85.546557510224545 96.794353803471225 5.539147667512944 33.037345872616505 81.399857052481124 79.569670493936982 90.763556833778765 15.018824801033492 29.847421194228819 67.871910945775511 79.991331079151422 51.071831440650719 5.777449840247129 62.362293637052126 98.266968570503906 74.570497793815605 1.699248688222144 33.803294951221638 72.479229614514011 70.967502782991872 24.323729038820140 91.622696411226713 9.961449085388752 93.769868497764392 71.298751394829651 39.215129432196250 26.757000330817061 46.749014604310382 67.986514021896838 11.650380636906588 16.018027314341264 79.851549378533491 85.574764069196902 41.206855059011872 2.945648404720758 88.981332133494590 92.771384880644973 93.300060743275822 47.142025057842204 86.427759144867267 19.689987174072009 26.757000330817061 46.749014604310382 67.986514021896838 65.389066450639035 78.699060381290735 43.328946810673720 40.257852068525700 77.034986616187453 37.615045858644045 94.214454766931169 80.132857037679344 85.113315156683441 33.414262232884639 26.117283901273900 70.946549972783785 63.447014728850817 14.598566310097183 98.417514526768130 84.650873382708838 37.697227584933465 19.931971794171744 93.624488221885343 43.126066610755167 92.605441743529923 26.785276505015609 40.104950121857804 74.931721167652967 79.156139493216372 22.453243763680184 36.400849729733686 82.147234954169619 70.545165670867348 23.465431202084574 83.292136474284433 87.489579708898987 95.988942845811010 96.692581477220912 52.360639029611420 19.689655697866016 99.948178618613539 55.606568188683482 91.330740744749036 48.108582524107611 21.697665963914382 79.648338711778749 83.953300066911680 56.686932489551467 4.683548913749346 99.886071186079022 41.265720281803929 9.030608670028739 71.245715992051444 10.933384845070272 20.535245930983258 44.970354701062220 82.810331062093681 24.868538800114415 47.987187008102069 90.479486367480064 61.675852867067960 78.442925970404232 83.290880337389027 25.924339143370979 17.971010712190228 14.700066593562955 11.809105618608617 39.615857723997962 86.113356856693912 23.492054761308857 91.439167304931374 70.768627411382496 47.905665014611444 37.414773314012898 69.090778080284338 86.181322610916425 7.012692554974698 86.394244670512833 48.593309953970810 83.530263764371455 39.181594247188031 70.833950512408649 16.091960655304305 97.131783349352091 47.160122081900809 69.696517503934516 11.609997900490033 64.668885060567092 52.062161995125798 62.238059619176809 39.135252395498341 96.260480173482421 20.716233992110954 29.623788930772797 36.823239459982979 89.168180717932117 26.546266868711619 69.020172693366121 97.344798697761036 88.713199479086882 20.065973455019726 61.146573759403580 77.311269793460625 26.546266868711619 69.020172693366121 97.344798697761036 88.713199479086882 22.742110968500807 48.709066100271059 0.606962558404489 30.862646236098868 59.371051090359231 42.363439183480857 92.400101292007705 41.276022703553593 13.403625816484855 27.336283129831596 32.004744696702843 82.279744703915497 42.587060217983122 86.202422179594819 51.713892395774174 59.090166846305578 75.146065107813698 31.519655272669912 19.366499297959283 38.243776012377126 65.481785289153208 57.536636685869560 66.903182832837146 95.499629525119659 70.133505546264303 58.016806246154943 52.380650605114099 85.621465307698145 73.161362980275612 73.388902442501220 39.412422247618025 93.513649412311551 38.928744878573575 12.036793238250109 13.948062071227451 77.083271153291093 1.311790638853561 63.949173422998804 96.262984050780858 98.872223015301557
17.870341719278326 25.245702734687491 0.380404709274063 37.561362497006670 38.119766732227568 57.330513768725552 57.915002733617115 76.317034405799618 19.427805872905846 97.056508226270722 0.616177976140797 57.167341787441870 95.787760782853653 56.040222546331698 86.734349485507607 62.275216314515603 12.265188765902579 55.616644964059283 73.372598471421881 67.776781672473490 85.629118695138885 86.773170248083105 87.284101515633239 23.122611457454092 16.792127628398102 65.993620641949420 13.859681794160339 87.871524030758181 62.788094736924805 47.806246748624481 28.508640348146407 82.749583960199018 25.727638231656790 11.278336943263035 18.411926728947137 48.722419490019305 99.995814038901770 73.309350873081442 89.686859683939758 61.746837935429411 64.424673278129603 6.993322888907095 4.374725350518583 28.897394972781477 80.257586467387981 1.058119320079032 2.456525566518086 66.671289252866288 83.908362569342856 74.455112584546640 77.682740322006566 14.345798622201567 14.729587641184260 63.012069247214860 3.688838189371746 97.740478793295338 20.449574029704841 86.877508364539608 81.157707618201314 98.869071625310241 34.924544113261511 99.189977505307553 39.961455346323802 0.274437957622786 68.869389922564110 81.435750000197729 52.043617729593720 36.525944468576753 28.337085342974710 28.337085353601253 79.487073202076829 63.438526086097859 46.435833596710516 67.743302063140774 52.626988772525593 14.158808145190683 69.618369195613724 8.040963181435323 91.692935182493756 78.388113731686929 96.906121345129762 65.254807491904145 72.516854811447033 85.594178185460549 97.442650300271723 51.231721821443479 85.174690789346556 12.627451577145422 69.568468626721682 4.879175719907036 22.157742847386032 37.959282556896078 22.248204238998760 62.649708632636617 42.514262673658152 38.110343050797056 10.989969389489641 84.063656084974212 44.459764255806455 94.469552775179849 95.050418381645997 2.424909891348259 80.184463484739325 13.515916702521814 59.639587251053840 33.671847666910828 55.447749773935030 73.727924747844241 81.266320216771291 71.864432783453736 41.461004105880598 86.165949970627025 43.697931593017415 50.401300347636457 93.153112488010933 14.326812197532323 65.426528260206069 52.081595045907527 0.845057355184020 35.342934651701363 69.366001495493435 50.057359970855707 88.149547073424642 95.193408586376776 92.787961905987771 49.732475511874782 30.742805559549545 12.441993037025034 24.649560825068427 35.697321418450443 10.951059083135883 31.483813986222952 64.084945553145062 99.543967261904911 76.265372108947858 8.191314897863755 87.542079291168093 78.679746996738714 73.042181140689920 19.809277865530984 86.545960947615995 60.186365391975102 32.253182155382945 41.624544465093827 99.185633087888988 11.845455010294103 27.280633592856319 80.315822612083934 63.498463605425904 2.254757713212630 95.103659368554048 5.267287017294420 99.185633087888988 11.845455010294103 27.280633592856319 80.315822612083934 63.498463605425904 2.254757713212630 95.103659368554048 5.267287017294420 29.363906091394288 75.433279472296206 16.839092720256399 53.867334214437747 76.796047249421079 53.049670999535095 94.730036223879381 38.363406632754824 3.071416908678271 43.817289836725223 96.199734492167067 64.899974026394304 77.718596836202551 57.585504480675432 98.189497290526944 7.948421930324923 68.114843786458252 45.254810445333881 5.136410720038931 7.067062633437704 66.626008556448653 82.920716077301762 1.219640056617144 29.928996086290528 68.551057010983087 59.972408038753187 58.650174919065201 53.011906442028909 96.851144512540074 54.024610807419606 86.745171825491497 18.918142513422143 84.526987305376210 88.587694124549230 21.498774193263849 20.655738313575867 94.086293266288351 78.486292855792740 15.356417826766011 14.168960827828514
29.928996067365453 68.551057010983087 59.972408038753187 58.650174919065201 53.011906442028909 96.851144512540074 54.024610807419606 86.745171825491497 18.918142513422143 84.526987305376210 88.587694124549230 21.498774193263849 10.614944443648888 70.091786564126394 38.232002964930103 87.085830395853009 4.517289670274338 3.041477168307871 86.171032943525589 14.734579768212953 35.184713000275778 11.135093451155099 81.655595747309690 60.073434491891383 1.160476342392147 60.250651184014004 61.782957071302079 31.269649527869603 40.032877117135691 99.389829202485032 43.713173024571731 90.499802532428291 17.344163494392717 7.594804592026517 54.253543442093786 45.866844036222496 37.202373837878341 18.138207119210247 82.656182541094793 75.273568317742985 32.974939317383487 66.406919616417156 49.333139318294016 96.514899538242133 95.580948786327099 5.796723187007680 83.309959342222456 41.002370669707986 7.878819602585684 78.754908235101297 24.189253463643222 69.241163578787535 70.690047898971216 67.226470739549498 53.204007490161985 70.987516667136632 75.515677356185179 85.267769291018482 49.385345905699005 11.193598260741656 90.848109790802027 53.696947931238562 59.058145964129949 58.440906628218492 54.551168053165753 67.052482787531261 59.590213859445960 83.901357401019212 52.530536930316075 11.875740808017255 33.639486747993033 13.149370733974653 34.984903153611199 90.049915793248545 76.379337456899350 40.147650670267453 96.352609340761120 12.655165300666770 16.464128912768182 1.330862695497181 46.178794274758872 27.785142704132305 46.025101177318085 65.816081507877172 9.555042385963086 61.687904832708597 60.000032641843170 18.267641833844039 66.180495924811410 41.354810020464647 30.150422900051097 90.852037450732809 58.750881800339194 41.610304814991181 59.605295482514443 15.243783432421043 81.163519110118699 87.490923050760273 40.020037664592813 37.506435627217542 97.413042501335568 8.536887456105157 52.199000638303261 19.997315311325959 42.079466498719938 84.926213577331112 68.573201536242905 34.974009643996006 32.693930352905767 6.706432405486873 77.109761648916873 59.671190247651907 72.868032312596654 73.794165119753075 83.974427507602272 49.052095598910995 70.564208269514722 74.790660539811796 76.539576676763943 37.494782498830567 50.802270111105955 62.867451392401996 13.584759374590350 83.798548393191396 1.664796498611532 70.564208269514722 74.790660539811796 76.539576676763943 37.494782498830567 50.802270111105955 62.867451392401996 13.584759374590350 83.798548393191396 1.664796498611532 23.569642015419401 49.069154836005822 27.273748054496284 34.504881413981693 1.036469466828549 78.497256173442636 43.724452392659487 85.643873124627547 41.868277420865063 29.292348674096779 95.127040472508156 34.286927828045741 15.437646157372686 94.560124118957830 92.758336543406401 58.280859768140417 21.928927056465163 20.760971180512765 65.704979522904566 87.617460366835374 98.627237496372899 24.437929099698298 89.770439488181125 69.702377836617615 16.426541418459006 7.622088422584428 34.847101487290153 80.520961103844385 27.442650824419946 52.501932443023883 53.064048189025712 71.560067035664545 98.912412406710089 10.815087299441828 23.522829671455547 84.189272485391285 36.052967916969401 8.736249595518997 57.878209930293032 17.538266792263514 25.224484442567320 87.128244881018631 29.485734153020793 88.192600200040545 1.592118150739752 94.430703781733811 21.628608214376509 98.094333376792321 78.133346943526718 76.537118417827031 22.160320236297114 62.328268327800153 80.886650198299066 4.029931843980028 21.231996142705345 87.004540762946874 73.154777579149766 29.107289217054554 32.964196958823557 28.113337663749359 4.932742897817166 29.900623283639970 98.273150840356507 54.399516832058978 45.194755432736478 84.988456650695426
27.583293070090775 79.366270945990124 64.500793382181627 72.775990803332661 55.230016494892610 80.091488187384257 93.473539898255638 45.366508319332922 57.826827420910085 14.719066352860343 34.861886388641352 7.800780248801409 8.664732067956427 15.404757731931030 71.126251662398303 36.124497820575108 9.283724722645859 37.235602680630365 41.278111034557455 88.045159696029302 70.540879857882643 58.359630539332443 68.434735778586528 98.593869728234395 49.262543931651429 13.884490034522745 98.170567212248699 27.187716395685900 25.287105718671377 79.217183349379098 47.017334530740897 69.309786328241586 79.212383108477653 39.734982807733431 88.398436284752108 81.953162516527343 21.173078333598696 8.552096332790649 65.189766953690608 20.317836311826387 67.288378478586878 15.942306678547125 53.688575393340976 94.634194227568329 38.502329749839170 17.935325289239902 36.622042822063740 79.845025357949623 21.463042016203016 61.157369937937531 48.377990782697786 51.619899914774024 0.053127958479027 45.943734413658255 78.235008527378696 21.329325242641893 82.214404046283121 68.276214081179219 52.257549362441459 43.580962280472271 43.294058425520433 56.766133121439147 29.768039227333553 0.241280758960905 87.627803821676054 87.353241237389341 10.870631433786993 67.329477420693053 77.753037057053746 22.275488492864792 15.486254729490822 77.250278233229125 11.939016084946596 96.044773983417599 73.162982182127337 1.333794547190914 24.301281192387027 44.723299238726312 70.316232057534464 50.183111024043455 74.390912311774400 99.729658100434676 95.523225353005671 43.913838400109370 90.388275059811960 67.469896794705434 90.304319767583408 61.590237760411881 39.632239916053749 95.516563476581155 0.045673863222873 16.895923731337671 65.456294227556228 9.819271814549136 95.453340937563794 0.727797643239225 98.164176114135643 17.083938901489294 62.873898288747057 0.169229341065857 76.265547169816358 79.773471574202233 58.651512122151104 71.400667944345102 88.242475900268118 69.367710285825638 65.474799561351574 43.814261092694295 0.071049530150968 75.997825878268443 37.636391066635056 50.908411350786274 23.107888533045251 38.749797658217766 33.807543457332656 56.349525210719577 19.337429968102327 61.451390012925508 15.583539043707395 16.386010818098850 24.644687642359742 57.206056338690878 79.425928878091256 36.150160145500642 46.909901664669107 11.341849620671162 12.266508312566904 17.475956488991084 2.200858384053095 34.601494174089964 13.658341450224999 76.154062581172269 42.072137398287211 41.670164822531184 56.579853492006670 45.012147907358610 85.150267808290792 5.862189702107989 10.518313365925614 81.326619335224805 72.368738345664539 77.275840445893067 55.389611310645272 18.219579447660404 66.351650661275229 39.485260541811527 20.119966758978670 58.461614666505277 86.255013670838380 77.287949675224056 12.840245301760945 62.780017769936705 22.880381425868645 31.765894251400230 29.645341076104359 33.390904312168644 74.784889132780464 21.205069238425843 34.126350972657093 33.616554402325008 39.350019895845548 81.166827257633045 2.971470695572787 77.257336540060862 60.746384434869391 16.458131141215084 17.317053603817200 15.895506555666083 45.436896671999186 41.502033565510047 38.041165731529333 73.465018594529482 25.243574358156749 69.684992980713602 33.242983549046201 38.853061255095021 15.500882713357178 88.526892173462940 5.098785964945485 84.651547555558921 19.990214696534093 31.174033847853366 74.875620853760935 54.549168941359675 69.271371988184839 20.811585568779090 24.821750190539028 7.357230888214317 76.561282951679885 85.628229009719490 27.790191770289152 36.555895629399274 23.745982046668978 0.542557884370165 4.715298811651314 12.436664278543951 68.681943862529280 83.282292991645008 91.342504591257793 95.530650157930125
35.457359714690085 30.507890034592933 2.332299276587591 84.407188526074791 61.855415404765438 36.051259624483855 25.745259988043280 15.544415684386504 63.603616242623517 46.753885015830541 12.730784639912962 13.652808072278367 12.635370513665467 7.851507642516731 94.697087771621767 50.446889666886186 56.092632330847046 57.621248326484462 21.694669686305811 99.452148156506809 20.900967050943542 75.717086910977073 77.748399196219466 6.950854306681786 15.786618973143918 13.714339003637011 56.103093477950402 53.434510202350680 45.168363928046404 36.014415132106706 28.826321968875991 42.484276257041962 42.161108122559135 16.570343459791726 2.534752670502483 59.827980058379723 57.294758844894076 60.395612867425399 95.062965733805797 75.994003759194143 66.652191719921262 0.186230790362896 72.871368889701600 65.581013025346678 85.702441083941707 15.343037986134966 77.928502800033939 58.123870012432491 85.727999315845821 96.633850456006698 52.416166289133749 24.525563056137155 84.535883814351905 73.327067946699103 6.059565280334967 56.781166380965487 13.945482584921631 39.841157421520968 24.655963221510270 43.014549337720851 89.458204303844695 49.540383012161769 76.243456989702366 88.282276148787503 10.326018360209122 5.744305968352970 36.320375885162157 93.738692493013104 62.888387127234409 43.628779626145999 63.869891023171142 83.386632140426926 85.008533558347551 92.426065362545799 5.468798649793738 75.084994224175091 64.798028867854867 97.114304654280019 37.531077899813091 29.576059552605059 15.700531886543034 93.581799380217404 66.736457157467143 64.004388831858293 59.450502135569963 66.153639903856444 22.807773765893202 68.030341849121271 67.397333803342335 67.628950031700512 92.717054181315660 33.186328213806185 53.689583464710424 16.164384819095467 50.934921484338012 48.324137848764259 97.388105505535464 43.146914656606015 39.677325412785017 90.220299546943863 45.876624545363057 17.364517639810895 3.559907725132760 19.951108966656673 1.296980643625512 85.051626624234117 99.293636906484053 43.531590281010089 37.533055296255988 56.319767551992285 37.657005101273043 15.425819587135781 62.417757992807033 44.547628557872379 28.172857112222005 65.062611714718884 48.289722691631631 58.140087506958679 94.895924313940370 9.697763962107642 91.134929768363065 97.765609135172625 77.974474279859081 42.328958069294451 36.922147068692290 9.425549768350095 82.798333348487802 13.418495386171546 89.166603743304520 74.121948369877472 65.159125606709708 64.149723765177981 25.069517957591302 62.005825175893605 92.125020801416866 72.277035417356601 41.388375537912871 12.862864434642729 76.094395108897913 60.065324194075906 18.291243411724302 33.832332108718731 54.232683394098110 77.821038754634145 99.355863472257028 29.874184530747993 4.670900831825254 10.963223995388038 23.329920629137956 14.549566157647087 78.951695859188092 68.920028017097763 27.861092025882172 53.369336161500669 31.343074324334975 10.950651291303581 33.954887074353124 68.586307038255484 30.830776606560452 43.556494810247855 34.858018162290982 67.587061314439893 85.663942491289077 85.720567088087890 95.657300798557742 19.011450424481225 25.867857992063115 26.093693596789802 44.197239244455325 32.673009508274134 3.227698500794007 41.439398747118162 73.061284695590018 57.484855757311806 21.247304397817857 71.216742030849446 4.308297447536513 37.739467866554179 47.731205471817859 92.549034431057535 66.234044767720277 1.281764761976101 73.805315488264355 14.708415064893032 30.891659204640199 40.068887531873777 51.553186322235511 66.084911873707910 41.240211690332359 78.924530180640062 21.528687593512451 25.799063163522572 13.914332981074262 63.633984624110418 85.070035857233378 67.636633169481641 94.779064233348350 64.294752341658679 88.675816017580701 67.371063695211561
41.894415609627622 45.162625056986592 97.275392937687471 79.158620008977294 7.452157044099417 18.808752091017499 86.746727894255116 25.570492678655178 15.192426153011873 34.964579663048113 11.051057298393840 22.442790422198367 46.054778917499497 11.928444289348439 60.393337185440309 87.875851710474379 93.775008893364543 83.800827165298017 29.692680254661596 81.349017810514496 5.793216408620450 95.200990136402794 85.081437263374923 90.002925726876825 35.842166703806974 49.762627254463112 61.262917429883942 87.929748477986720 70.622114287214131 91.235721907457588 82.761606323852348 83.136471936942186 46.935077057002850 86.226246220708518 87.784930012830159 43.538098087949692 41.558847145726595 24.540433609543300 49.276286886454912 84.402731708312402 60.523086568959663 96.985012061079217 81.092412817046963 78.958069542225545 16.165241653606799 4.306943157024856 15.002832490686480 44.625319957469280 28.875508348240551 89.662122496089211 39.950827417903071 33.115011403021313 92.987070404718281 98.090107892256185 46.403300972695426 45.933247642662167 76.343282169713447 57.308227712724104 15.016459026291852 41.748077424463062 21.692814485168910 34.004840620408736 7.316351819738554 82.304421829977500 69.591691867377676 34.945922557331585 4.972429550852386 66.494053505741178 4.737105571691957 47.165563875775149 36.233270614131740 90.472422298138383 81.192104353846446 13.301110647627191 90.468134445213622 22.252116496067163 75.855857134388856 11.817917711518177 21.118325862882347 70.365662799880553 5.359078805598260 69.888041429036363 46.649718063839039 70.483469416994026 41.211090456352707 29.009595961940214 38.604344427065953 91.241401551403769 90.876040417688188 13.619007640398761 82.407748012014054 77.261990518857985 2.772566571326207 81.182645019313810 52.099015951720041 33.390021176488730 80.090824617289215 97.022580070464670 87.593644755243886 66.656941475451859 99.868764467186907 99.926799844703723 72.699786070605185 55.999330883319089 45.108749826822994 75.096722571649792 70.516668174760127 13.380826834665537 88.703957276570350 69.613439603424794 18.940201110917233 7.644462751442394 2.775654433976738 27.072699065332184 73.047862757010861 95.930402481162957 44.400033894081261 38.102651108337980 15.884224654038492 57.137317222367102 46.165860101474223 46.550877214508233 42.646259468878291 20.322057451501696 97.126180521793017 26.746543583915550 83.358152898315268 53.858938593878051 4.761505786978571 10.728128517046187 5.395751506641733 26.423280845643259 68.787733710306114 64.820885594432482 70.576194583831978 8.011881064531046 13.470563613656605 75.600754622108113 84.443987179676910 25.085374409288274 2.374162547589287 7.371183440641960 0.891538145715987 74.181676334916176 9.555426678569468 9.978273540490346 59.261590934727295 63.859212282522762 1.551957829419659 26.517723673217731 80.750213133937336 60.971715308199137 53.970477791414709 73.042830276115183 30.930127577482690 17.839460568505881 13.508489354778385 98.189625353450893 92.889744434832110 82.964449163888361 43.271639158982225 33.766143045917275 26.954417510368533 68.248992376845379 86.088458928017204 87.766859573355177 57.774534765952659 13.078060328172969 16.018651761652279 97.967852425991609 98.427556289420849 66.715304767709043 56.525222881490869 1.510902421426508 41.921582095789766 60.825737118560205 62.974611609151196 55.373019873368847 80.091641808860714 75.966200029327993 30.663336610613467 43.499031071889682 82.243385759751177 2.477377013869009 96.872456698857036 7.767152825595591 11.947548964565058 83.339448947206293 81.552667708086332 85.229404283145115 75.612850757609294 93.704332122669769 10.329147110403913 96.629037988777682 3.891572309207603 37.017289640779069 46.750318816852797 19.702745078720362 29.272155535913779 21.909424516320229
85.616609629246625 73.165289329898769 41.682951607156951 98.868729187408064 29.846558442380555 21.186973246213135 25.127164754846444 51.369315284315618 66.567691428996923 45.736045776295533 7.150987440732070 96.220703342946805 80.015085626470722 66.382233315549797 34.495400442047696 84.027413032538618 5.681585563345203 29.220851665010471 33.510957094186843 99.508669673645983 61.184713170291140 94.943400652331661 5.978500667524045 3.793246724578392 5.729775065556552 62.116685662393500 8.355625783792053 59.321789535201908 40.396317841399444 91.403970392021321 58.098848835981883 69.837428046789611 58.693793711449530 90.115282906198374 14.575370191616898 11.241188597459562 54.268584440759582 29.719825225427599 42.651500584434984 39.705340015025982 68.076682885731543 10.283998472564305 39.749244061951693 21.880163720015332 55.892192273088028 79.001275348038575 93.887241209939958 7.631935635423703 58.283859174790862 85.789879944968021 97.714575370331019 68.846202983948729 51.909901844033456 0.087878059156998 30.023449615669541 87.590900572436894 22.812176487317338 98.964115622893559 5.776084162098871 34.632552459021070 73.231692368780514 73.718222418393736 16.212220341871920 58.116610715492044 4.530840921883728 5.646488029490815 93.634615712321093 87.622053908653811 88.165816414820469 96.201611587940278 40.496436203181496 44.548798737411964 64.076121441641803 70.770093459879064 99.808114975239377 17.846024685507089 41.468812481986085 10.239266221901744 51.464961424337908 87.485451449130551 76.090040966945310 68.810638485856799 93.039219896326159 54.645145157033703 6.255156563881703 16.212220341871920 58.116610715492044 46.017091184303773 26.793874843889387 92.698187797368931 8.716494362184669 77.875462405266191 37.479264823194079 47.269987003103118 16.135909711275421 4.109703661611618 70.448176955743065 54.631942668292425 41.699460312353608 74.015464693502111 95.635800135157524 61.955214762894784 67.160546203135524 38.558825004765431 56.185977036145509 15.374647429772626 32.831491926392040 24.504339615663529 19.911913961805183 13.034126328271489 70.362096845603887 86.461963250240629 49.917651091952898 13.209684098186237 60.672952527647382 1.136738515289026 22.873366138929473 87.737364276337829 77.262953475687695 2.408716956766299 56.834229277842553 7.293948082722590 23.289535682563624 93.603075320309031 81.193137584571673 39.100097223986829 77.068752945961180 18.660453329593153 60.635480328469939 70.119249395530048 60.995468079129964 49.565435329083940 26.237965318128033 94.243030712856893 36.359302544634751 4.109826633903102 44.326281769280364 44.309413558180957 89.025003038472391 4.207192549022921 39.230222508372016 56.811025948817139 74.410867110587773 52.753776086414447 42.747675565427414 70.226409997362509 46.652529437581322 29.719825225427599 42.651500584434984 39.705340015025982 68.076682885731543 10.283998472564305 39.749244061951693 21.880163720015332 72.866844925140015 48.988870277946198 89.016817864392351 28.890216217260267 19.553383133008140 82.164594167650293 56.864266506730274 89.160193239725132 99.260975482400838 60.553982753537085 14.431471734444957 6.804459981103372 23.979290757724126 45.370768788434226 71.817231936909906 79.350067956147996 76.147722995635917 63.757763302420841 12.404445488800519 85.804133939096573 75.629409309106194 89.683137150545519 78.677193687198951 80.637040804533754 9.344914565807994 85.386664367189496 49.079626193830769 63.415104298785643 65.244216926461917 80.407925321647795 17.958640924362999 53.266019644108518 72.613181238187408 75.180026847744912 89.656134717865086 36.160643310117578 75.202706349814136 11.674306845508731 47.363547139903716 36.822610886588066 52.856309141292023 27.970177580940479 48.179700845508918 96.341424947800562 97.852813083067574 59.637490210630041
76.642895779016428 64.518130914212705 51.904459853793163 24.491295294400771 32.530524720006603 29.853451211549100 7.737390061459060 33.076410714178792 92.201177717633001 58.006074957831224 47.269987003103118 16.135909711275421 4.109703661611618 70.448176955743065 20.616841330849532 48.696902478358659 74.058798424503522 23.758090987377788 86.532050977425840 89.249162276917161 99.861672287231258 85.570309741383184 76.147312907623515 79.602234917661036 39.570858896234171 12.274684794971780 85.290143416903533 67.984187218613727 68.386883980431776 91.538205508255004 81.498564451172342 14.339589128406383 49.439529644456449 17.624292310725508 69.214380445136342 31.769822250285539 68.312297510911108 51.789691556455189 28.288045274935481 2.777803307801296 18.129311278882408 35.565568836358374 9.282818833673300 83.310329382479452 84.886487113026078 16.759175612901657 65.206264153342858 8.747709828919458 17.355991678152360 2.678840243011238 82.277961898094915 38.894934369357806 62.584145761481480 68.342901642620504 13.663642538955756 79.846205626752621 68.247897323781245 10.064826967538975 84.256123571375596 35.729306840726572 65.118732779923178 90.109856679091237 2.764787288005277 75.590159791173321 88.586615623095568 26.130035671383244 94.147955236139538 26.334994340438978 70.362096845603887 86.461963250240629 14.460246016522028 90.009274123426692 1.421395516214008 32.170856836694085 44.615661548831099 24.577460344795941 41.068916812080062 46.326907554230381 7.404783007608651 80.773657930740200 57.592904917885114 17.069723139575167 86.565306927350079 4.729793571216168 39.891241914500284 73.929509974666814 79.822085713540474 31.734350598665205 42.430567449601305 71.198480669284137 9.563346571848118 16.995036153238608 86.605936649863494 55.088109641174952 28.901821747713619 51.890462409849427 48.589434430643543 8.836867627231870 10.006800149613060 1.158129100674299 39.307470045986733 15.197807303638411 43.004406696286559 96.076913492546652 69.796650415083363 57.457706562684720 16.540770575400067 15.688290946078531 87.691893029232432 19.779658000207700 21.015504623923988 51.847656038382851 55.731501172332088 65.559622238259337 17.943827218956187 33.389838998456590 5.296743182066455 94.034003384352616 56.674730746158829 36.040496528463905 47.348188079315811 87.384900127241309 58.002316866269766 48.746768907810115 99.487974490506630 18.433570822778911 99.491022433721241 19.577878117496116 42.016152374372950 91.051706319391442 94.192754394984291 86.389332719991472 62.430370457820629 36.829939806304715 71.803193275107844 55.881049333723723 29.064843661473528 67.118869410045136 4.443589332085507 63.503623591675549 97.393224883676524 23.706198400191148 82.087761765192383 66.673738341482135 91.827936441868459 67.716862716346711 98.744275940817460 96.946201609577642 14.995300027099967 92.135487357402312 81.593218044594167 16.592315319741846 23.278326087982659 95.331884069185151 88.823663674862374 70.388304302159767 94.399044710729271 33.766476132072540 46.423508509103272 47.676621790337137 80.833475064364308 48.920505719400964 24.368278402033084 83.413799867915003 84.764948906799390 18.792695513361611 48.891475515180780 99.372476811581791 35.965509041017881 48.649328366945333 55.095677426042130 20.565758919418986 52.014905087481566 64.961945249055134 27.652424248443452 65.774281400322621 74.574691422720591 62.929387758549439 48.951665762386099 60.029857015155784 88.627725122512288 73.465569128606006 24.282199110057668 1.091288942195301 83.763521666108474 94.913662282246648 50.335476519276327 2.598513193647112 96.956554477990181 93.947120003050799 9.032098697320068 70.225514284123463 93.267808264268638 30.500626699035138 0.623583289864527 9.622236150405072 68.113247433762908 74.038731081907784 96.810584148323315 73.573095490413394
70.196208280638288 23.703116324940289 31.897481421796659 84.995793514858093 75.087757814398685 76.603417529812404 72.156309146482684 99.853696314966626 54.575568808077946 41.282652143273054 49.970690241129425 38.142909425184378 49.383649968569351 87.643555664701395 75.328844539766550 25.295880875260313 81.250272476190631 69.584936821155651 99.932131920018122 47.265638022494208 35.772908108654214 97.822414856226573 30.906268900646914 60.598694982144877 22.748822388802004 31.497423273647872 62.049819932486763 73.902711927620430 1.653738925839365 16.553640177924077 20.107150613038481 12.772869386099838 78.593041854030986 67.599304850365812 91.844002997808474 80.094026973541062 36.353517045063143 22.359732032519762 36.699480008515785 95.816456235165077 76.324868191754376 12.176293491797164 64.961945249055134 27.652424248443452 65.774281400322621 74.574691422720591 62.929387758549439 48.951665762386099 60.029857015155784 88.627725122512288 72.474646525074846 20.935036502860804 41.004247775651059 82.350429281509818 26.644972421447921 79.703813902572676 41.822214888481227 52.298394139075178 31.830977741317135 31.754932835887363 95.538384964146800 59.713780061837220 17.030121638761830 90.217956372069452 71.165563487673751 17.385324459038710 10.864704087122446 50.390233435175055 61.109603165559399 9.592290224878175 20.765677116713064 2.424267010976744 91.210554514358449 68.679785287782565 79.436137153751744 92.289313888068435 95.646425968605712 56.588757238059031 82.417206410457993 68.586913664533938 32.719598787719704 14.838852165744132 2.602250425588037 93.935543159407970 98.746667806188015 89.378406112107243 34.712927186110257 0.211950593436905 16.443747166201671 50.117262616161064 47.205791028890928 72.195291897655380 79.575550233143204 36.627250091221008 26.730868368921655 19.206409809068660 49.094424240606138 19.611734078700806 22.753549700320129 77.518596779836940 82.640931783853134 37.399498845823445 95.331525351483464 40.810696738470199 60.552113730463795 21.989848855760840 47.981000059411230 16.646223350794852 26.019633892504590 41.444969446002197 43.167690130451376 55.487793356178017 96.910603019411894 91.722744532151182 3.523526649626629 29.353018691578502 85.868653899313500 30.785592184311639 1.210601423576829 22.616192809659651 29.601447815690396 62.416421281499666 18.703382205062425 76.014613718914489 79.475855934562176 84.545298112088304 99.735212500202692 93.575464734783992 22.200426905566406 54.298700281889090 54.150638901964989 91.990671200483959 4.013012548789330 64.952161278787671 16.646223350363488 26.019633892504590 41.444969446002197 43.167690130451376 55.487793356178017 96.910603019411894 91.722744532151182 23.838873647576044 10.568170508724450 53.730899789628651 41.832447934272743 20.997840343618314 66.568724987144421 85.610554069379774 42.995856350173170 16.440354050264162 73.508072863738860 31.986332886134370 1.958764880303610 95.772824495946480 27.905150988101713 53.960512485650533 2.887515038160227 29.757962776430769 55.881848259610976 90.623128859725327 46.166331757075149 57.943606071375385 74.448406229033310 72.486525383986034 69.459645528038664 99.928626496976293 42.278535901676683 15.398223040278058 95.171517194478753 73.419753971644056 27.883369454944518 77.212403310349359 97.050841714636874 85.908836923650625 21.386850582550444 56.374816571817362 89.548187150762899 28.830281053604345 13.242863081064282 72.822716954027342 93.852175121171584 24.893867058027030 34.678698627391483 38.712244590152899 20.463253185136388 25.785561078758569 39.995580616869312 63.358284595509005 72.486525383986034 69.459645528038664 99.928626496976293 42.278535901676683 15.398223040278058 85.908836923650625 88.577320686656208 11.272079072291897 43.167847028906301 78.347666475126672 6.283785783463736 81.434722023350417
75.719728481176702 40.191185281710609 96.204993453313961 39.700824506156309 78.052403200776851 52.146253252970034 98.298557636723245 81.259813623429196 48.355740458276443 61.244403199996469 94.995051325134156 90.341362533816792 26.375629272037237 54.513940562711880 49.973017351490789 79.712458016363613 6.671862380080218 3.877919885008718 80.269289503431153 33.864543158696435 36.123468887355905 64.964569934557076 74.256254351805765 34.118416746448510 39.466770497122383 86.921825559920521 95.502661656241600 85.323197078571766 81.562089115128799 27.172158398763003 81.497939968385296 16.841686866372662 74.821963093506881 95.354212573110388 63.094644237848051 22.542866944319151 60.473608686323232 54.022028938923569 79.801600467143544 35.157382147436508 16.482403985659221 61.822504193108010 86.057436301449101 72.647637857133802 61.857426927481427 21.086425159483902 65.039287663488167 52.619317684324088 68.246074270225449 98.360078404832336 55.678014970437637 61.616312925003655 19.976981137951700 14.601294582533219 86.504868934963454 35.473869870364517 12.472594831750428 42.720577760409626 23.978192094753183 15.400673620554972 62.788842830266788 14.243794808995158 13.864506209793426 80.595550109222771 88.688405777943956 95.177323378127980 99.327937156336688 63.553505184722994 79.768030427631871 1.981922252738555 27.258476317062495 31.965801052077413 13.878497190102944 11.783809441427751 57.001819335872014 39.256116540037056 39.685232265506400 47.184296816194070 64.170649029016630 36.653555539431558 9.679954083496856 75.568784136043121 46.251678470113269 22.241061789417749 50.646780589734099 29.875932980489072 65.609345746966383 19.254660489812469 36.173182362220132 30.321589147963412 84.463928754915045 74.317367536647566 56.511449150191915 93.732895168676919 59.281127892963724 1.615405502474210 94.192236558136827 52.936660220239659 69.294642046271264 20.127921529464633 33.086553520308570 58.095919737565374 20.935120234191661 72.955236804135922 54.792816478677118 8.861233263489298 40.386666893916669 39.676650374430103 1.052956230043023 24.331893177850251 42.453284718418629 34.194428306972100 45.258347421914422 99.890616129910086 18.325886982531024 73.384615318926947 83.861844973278522 48.128402730029642 55.253951983819327 60.162885207657382 16.242086682078860 15.996601163053391 83.909740387840230 11.794789581268894 19.786020684302976 15.005669601963689 81.733831413276519 37.181947693110104 18.171136284173716 6.471522673950270 57.394325106254193 65.972577972442565 5.862695389839989 61.024810876088523 71.114435371837033 55.537899777736030 81.759390177613128 9.778605028653741 84.164185880467954 59.846751200804803 11.847344437202146 62.734406761927730 95.212691860663256 93.964286406835868 35.339668065257065 52.667851406456748 70.558431095428759 64.168853970182582 68.702800047446942 64.894715998999359 35.563324772509233 53.319756462463097 50.898873251906309 72.095898504114913 62.992189344297856 68.301066823504087 36.860936933841749 58.320461045715909 89.914599411655644 82.015985214771263 29.566218910191221 56.445957438608730 3.960544276128464 32.211853193186812 94.141469965345763 17.576745643928959 77.657398060283114 90.529546679091112 13.627915127350377 42.062841141788290 31.571282460868389 11.544566686640657 34.498963831638861 4.282937984490687 52.901956802755109 62.416232231491321 31.361108229525701 8.175793844516466 21.149351043875530 74.443673790268633 23.777830594986980 3.717206353042901 8.290562546802803 98.526302942124161 10.785354299969374 61.369833144726407 8.401772956749742 84.633561174974204 76.618435162475137 2.458236155231619 83.485136067847549 43.792363562015758 30.158402910288029 70.890662174133439 81.556129095425675 53.207366161721438 12.537372946170178 9.490322295598174 28.663277781913287 86.568262206193367
0.006879137798155 97.853964807723372 75.097113806587430 94.915340317577133 41.749568919892674 59.432579266694496 54.024590615354775 83.503450185610234 57.258567693600462 23.327686315765984 90.684681832544371 80.478944935123479 59.021438863477535 43.628344801429442 8.156207664158288 55.863978606597406 94.511544465513353 10.327420337764416 92.684473653178856 41.761727962310879 24.185755016671663 73.495844778626847 45.190470802602356 28.665442097789040 58.318021984085654 73.273327607752975 43.359941118681576 88.608096723587309 61.223042400850289 88.612290598303062 78.064414274089060 91.856683503750858 77.329196662218649 43.058251215864374 0.765043166102886 92.730338473488473 45.705217106434645 14.393542733293184 56.653228975393965 18.006832443740738 50.107234396411272 75.859014045097723 91.932380680308015 0.908799900966795 15.102470886375318 27.230988221985498 19.196522222998059 55.344167282172549 41.104293240276732 33.809264496617374 80.145733863240821 18.515233223554883 77.753985325487108 16.062517032078105 55.863978606597406 94.511544465513353 10.327420337764416 87.376851427910708 22.573961152854483 25.672738403492069 47.239227226047255 61.707813100562689 15.661521686339587 39.631938375105427 22.098881786281666 62.119583238564111 72.989967165899841 60.630467787127841 71.111549586969161 59.437572869731689 94.511508296350584 85.544096131962860 35.431029092425867 23.131897035264380 45.529009774147490 10.135711444900753 57.583599004168285 99.754028251659918 32.758744599582400 88.848343228002136 25.953675176624060 50.613067012725921 47.425448945382854 87.538527182370473 52.239375468403850 72.518536488364120 80.803539454002092 55.817588349635294 51.808669606683885 31.145431165702309 64.904572718793489 93.871075985807053 17.806084400325950 17.375102431200840 51.925784597079058 8.290562546802803 98.526302942124161 10.785354299969374 61.369833144726407 8.401772956749742 84.633561174974204 80.824013336940652 62.208165820236971 65.612730274808413 2.775772966338452 74.183692930848082 62.237955956785683 73.796344095119721 12.129382873516581 81.036349952072158 65.068881681229868 23.296161676093320 75.297327496680339 18.802717147343284 55.823172624244620 31.676130787238101 94.262716295048776 17.583835801174040 28.956484399302383 92.140160597057303 89.158140378081157 83.326332713385227 62.962241504663716 76.618435162475137 13.399773250214086 99.278333374250764 29.687441240567335 53.207366161721438 12.537372946170178 9.490322295598174 28.663277781913287 86.568262206193367 0.006879137798155 97.853964807723372 75.097113806587430 94.915340317577133 41.749568919892674 59.432579266694496 54.024590615354775 83.503450185610234 18.982081567035337 57.258567693600462 23.327686315765984 72.737294113948806 50.361103437380997 40.421201820369681 59.816127484427319 17.561668007927612 18.943430092960522 80.478944953224769 59.021438863477535 43.628344801429442 8.156207664158288 11.677663389822058 18.585819997708885 54.466157751912625 71.570117211632862 6.832128077219024 59.568833745823710 16.094647588833332 88.020001089548643 35.385584352815158 89.056959894640698 14.393542743827680 56.653228975393965 18.006832443740738 50.107234396411272 75.859014045097723 91.932380680308015 0.908799900966795 15.102470886375318 27.230988221985498 19.196522222998059 55.344167282172549 41.104293240276732 33.809264496617374 80.145733863240821 18.515233223554883 77.753985325487108 16.062517032078105 55.863978606597406 94.511544465513353 10.327420337764416 92.684473653178856 41.761727962310879 24.185755016671663 74.597131937565095 48.423305517460172 98.165179955694242 50.249838326040631 50.782636302080675 13.653629892999209 86.895576252832527 43.914858172794446 59.399273435040953 61.985593802457871 3.710241669342040 8.985354056893701 89.641766074788748 46.045724792722645
28.316772983581718 94.036749772660897 40.504080498597816 61.881341146676071 15.083719868890277 96.978846980259803 42.545274882427144 40.377517748386339 62.673266758873766 3.521683713880308 59.399273435040953 61.985593802457871 3.710241669342040 8.985354056893701 89.641766074788748 46.045724792722645 62.673266765833787 3.521683713880308 11.883023731886377 6.544502442012201 9.878495999437520 49.321207484843931 33.926559686436221 4.013695685550312 40.255775899390258 40.631989462375238 0.114062747810162 76.176563104428539 56.880169816952510 55.062870339715190 55.828609381275449 76.086809715484875 65.476635138611641 73.220403706434766 63.668142506996240 41.385573393951681 31.325635494992920 24.097746119885176 89.969882994598976 41.904409218162101 21.858037108299555 39.728398442733784 84.265544640789059 84.423630337861127 10.366969549032923 46.921451019434500 47.460322893216556 8.266885958343305 19.054517374717772 64.616331242309045 53.230202655230677 77.411366356859347 92.217759655631525 86.749137291707498 50.207139386322787 34.901045249287129 33.998946012430366 11.817115787353449 10.706992373863589 71.724282876687028 9.337063788056133 9.337063788056133 83.965220778929407 87.538527172864491 52.239375468403850 51.808669620963407 31.145431165702309 64.904572718793489 29.375881781278089 5.346006290406846 18.566625659020087 65.882962999198654 23.316267787841095 0.259227931392025 71.306604717913871 55.984730988861642 76.510612771801803 88.071862429181451 99.372257377231620 69.215742636907635 6.657713981765800 63.595136026240674 15.331645065901277 94.320936253907774 83.288426276446145 41.751635012282229 81.507695682667162 2.565729945280115 45.136309768670849 90.835824125287175 51.795484244472810 40.496324734265968 98.191795133699344 89.630541301640960 5.793719379664397 55.996923209422810 9.602411991286953 42.573149790840802 97.316339270657977 92.613422312505392 22.569869811794419 41.578908284706429 27.762481926568128 19.205976339572452 42.464658299371514 63.528874443048799 41.356547027580312 37.501935245262864 36.667388194400473 42.334666722728819 69.398234605283420 2.977708001009360 96.991069443455785 42.312921404321088 39.508277465356812 69.688177201046244 10.270303161577331 5.435555682422411 94.315499148895384 89.428024363774639 56.858624826122075 66.753309552941559 45.445137385450977 77.290393991417758 69.881327621985804 25.440568309559787 95.719283529359160 2.047197512836119 10.979883086660347 5.021196604310085 22.168726355058865 41.644136443357219 6.309347928492326 38.454657711580865 36.205101733469604 78.969493524712959 11.206334429826281 37.941032508889684 3.661749927412339 32.308904519090156 78.630497478366877 25.516165566025794 63.158026388034180 15.304109349059647 75.161842777388472 27.254102331672868 0.426742477538133 0.767704386349277 30.463832175811046 11.174042561442254 11.158546287305526 21.431381196494016 4.324636256889869 1.952332389272848 97.352959040336117 43.832417538541712 99.644808556287018 39.337258436954912 42.434662247037167 27.946971515933384 34.104008793800269 74.555432401947641 69.795768310455031 52.069235481345721 2.940696108134389 53.606156686254771 69.410905076073789 75.455040788562371 58.451796840805429 4.473099810035697 45.513921893869124 32.247187236591067 71.405744834127944 44.172499605330870 76.960232796828095 74.285758970096012 99.774537225323883 45.797884088742926 32.742963104658799 91.574458557076099 40.448512827635795 74.295468076641754 19.550737556498852 72.843129757647844 23.729648637946699 27.120993456953858 96.879444655344955 43.298842995083717 30.670053280273045 35.480106354614605 71.738474418517910 38.684788573886252 38.901431636561725 74.135613017595404 38.480214193712655 70.402528022403189 36.077931369455428 21.373221980935277 71.197029060568397 55.289808968939781
64.642096173083985 74.221616710040905 17.598207185430880 56.229720195700281 22.685205362101581 27.217936759843631 6.912887641367771 89.183024252132029 72.061868038888804 38.052805576399095 25.749548025907476 25.685715861609694 92.394731136300592 36.666310615369078 34.729133299613565 53.654937193305443 77.969469225580596 68.810727005631733 26.097365102846314 97.456318040839832 68.009653021690468 61.524625737117297 20.211214584652314 20.679313955246080 93.163303864239722 12.529302712929768 34.182071226408418 77.280465326165753 66.169959104627239 95.393407653075442 9.976340694246410 97.988200116140703 80.122457145889697 94.330119273979847 13.170131428445908 99.845436934103631 48.074861628096563 70.186639098619992 63.140373591222442 46.065194158461424 34.377959927426197 0.158367121477809 63.571634594783632 58.048053973642745 59.398578875207861 14.283423406682205 20.361550372899973 94.436733811758259 53.479894904157376 12.218816356173424 53.665083505641675 35.942329151756013 70.391163189629808 32.968550652425947 80.160021348349545 80.202367865853688 32.968550652425947 9.239256320945710 0.281166538365885 46.371948908742930 85.381691138790799 31.746683557666376 99.605685400001647 74.072509502811243 83.081778069002738 92.958122316571718 37.382835683228812 55.320834015377905 33.157892303423544 63.826759667795329 18.940192954189992 70.390827539884242 92.464636236579722 41.324697771220833 12.506497164551256 73.974176800971918 99.846956775048923 64.457243344984491 73.715800759768271 30.525109344591062 63.817318843793714 36.595024762726055 24.527464399943877 3.693247043918324 18.937498266674336 90.419908722360873 71.888286294726626 5.689825509035140 91.449993530299054 98.596380362275710 35.481297066762252 49.426653699917679 46.474851325333624 1.981076450635666 30.183737476532791 74.495075571440566 24.517677768486923 87.398305615202915 99.190231413724604 45.151122598838256 31.756425389243304 62.447099877383785 80.356551035270712 62.471240366404700 70.638711281426268 2.556647071909735 95.037199172797358 88.180051466344167 77.063270077888291 33.740529505948601 57.260713855102239 75.206600664009926 33.906844661277560 34.764528997761403 66.204012427255648 59.681315147892143 28.485583516591984 0.480322957846879 84.855061672684784 98.849400375626445 90.210720859738075 69.970771695516561 91.481126432163819 76.759047411781168 76.191578708692191 33.185109817535476 65.046787042663794 44.217990165527866 13.184499317762144 61.450358804033357 77.280465326165753 66.169959104627239 95.393407653075442 9.976340694246410 97.988200116140703 80.122457145889697 94.330119273979847 13.170131428445908 99.845436934103631 32.834746048878891 22.509434165118648 98.744886755126444 3.578878645915951 8.715022241834658 17.840512266442921 16.721347902299854 5.399385703717064 83.556417131494371 38.459365491304844 41.064978733822322 42.818373622895386 82.196119883342433 21.324607617461343 72.359491615953289 50.303232244882956 32.718719392565390 99.627739552472377 93.170995338949183 63.143808628199594 61.473865759109323 81.701438997906834 52.106543493883585 27.838447126889786 29.984546638773679 97.291686116496649 57.026579362788269 89.562513994419561 57.114319844051941 87.621932782401672 95.531085565691356 6.774494043193324 39.819595430834617 22.618682894375464 50.022929320210487 75.034364033372057 36.884142097494156 70.909023888045411 1.680570575770191 26.341758610626297 86.624863586334513 87.158153961940911 37.764467871463815 50.736230668509243 45.007202337714148 95.868063344207030 83.334573071486233 38.147142545181808 44.870463467657103 2.588898530956607 64.505130285910141 57.015088046776064 65.250896313304864 96.313838568234132 6.535606621455492 1.960296364678005 73.749626355686885 90.551481070502575 44.705685699622187 90.821162434170134 51.692390165923939
49.949118061187761 64.695605412685879 86.042407329228539 87.513265975078497 16.284010742532583 7.500275940180834 36.990213545263707 73.484536767863545 60.185335092295013 53.715498560670071 94.884938295377040 88.648653024706121 48.817867074248646 3.597882507675720 18.559450904598883 46.215060195656690 45.445487703408446 7.361492555839567 18.470371264105101 85.445946604748542 42.722986123337961 20.191376171560769 25.304113997248258 67.430579265487410 79.194221544839166 1.707305956289951 98.918725453828571 40.694767171328870 36.990213545263707 73.484536767863545 60.185335092295013 53.715498560670071 94.884938295377040 38.343709212626386 12.260483567405434 58.356167006437154 48.871052371217246 60.938286605400783 35.483426505217551 41.565220677243431 50.003600632310565 93.039860269129946 53.528548032454502 9.966209445738505 92.936268478931581 16.585860966708054 40.604914179836804 2.952401400649884 45.256350527053591 79.498848890820383 24.983553265021484 70.503417416742693 97.919024537288450 0.645214354507850 91.440664616865206 84.059608514446353 97.415048614622961 14.195321519429694 40.545749520519983 81.775300318578019 83.764594452160296 18.764351535645783 7.046905828832150 19.810622942223088 20.263756400779918 61.528430920936160 55.151750156270261 12.561821102225323 55.481355348219196 7.753240485726264 12.111531420198475 50.077370238585374 99.343940428229715 10.903405243476749 99.343940425006721 10.903405243476749 27.959074494702783 71.300026185453220 28.522378700897654 94.374811877084383 13.722831493985211 19.270256685544162 44.407908794380205 95.018897729478155 35.767562291432156 81.176192525518914 70.465276629654468 24.482399544515644 78.229818406636440 24.482399549888168 78.229818406636440 75.185301758901872 49.937536174832566 55.613767988809904 73.514133363892626 78.274057192976372 77.206216844973625 19.272281598781394 69.684315111546070 67.290593224177215 4.673891159724275 15.751257099777138 2.574863366586921 50.530326649146154 53.933434281770019 97.181377802637599 4.536383917941511 81.096703202708326 48.059737169011598 40.479837349549285 45.268966770606532 3.849414395735962 58.373827353268105 99.619495087946120 68.420205150425318 61.142065455377292 42.653905130047164 23.944800666000752 4.207089837316669 72.421479796253308 13.110295727511367 47.597016688591964 13.886230431886625 40.990309343957598 19.281059783304734 72.242260299527914 89.066325826939192 12.791131173838089 58.353394078537491 97.096151036563242 24.875920977231736 59.950876428076661 36.712592331409546 15.989106511813455 82.823895744306725 73.456091810637147 95.470636960425850 92.946989256413190 12.745141249614244 21.919978122277715 74.517416608259808 36.043356047835395 19.311602308260046 59.872924035067939 53.565043611808996 76.775065836598799 0.846426232502406 92.946989256413190 12.745141249614244 21.919978122277715 74.517416608259808 27.882727257394755 43.448071886798367 21.611028393562059 57.542987706453509 21.611028393562059 57.542987706453509 46.350238237949334 49.696857748745984 0.912477699585545 59.738896706293133 49.436039557449774 68.823063474051665 97.592442609195956 23.347154179683450 27.359439080537463 75.135542917478290 27.043116960424072 84.702517951601436 55.885991955227333 51.349153858953770 79.734620316966911 81.765335878913305 91.435919074688812 91.435919074688812 12.116153513197613 13.485814103244554 93.216237355338578 44.669527938138550 19.777069483353216 10.731173123412818 48.644638717816022 98.886106008892469 35.058991457793944 40.564136669372196 24.264610603322566 58.933306659532988 11.865530157992643 67.807870696996773 76.430478714555221 12.129670334690967 53.753907431369754 20.931374171684524 39.823257177058203 8.095653341809882 67.241955028997396 41.721713739603175 12.772265663318583 18.755230636040487 36.982266662792455
41.968356142492510 8.313159652766533 10.834428361261828 0.196861845788110 52.563680658607915 5.369471950336879 66.494100355846669 50.250276671616348 31.873910236847280 78.323336657183191 4.735323446200002 37.617951351596602 28.395620719941284 59.488404345903056 23.486244459573559 5.303470465673465 49.314201426048911 14.157547736951038 91.573134785868106 75.229588533219896 93.381501624833518 93.290761656922015 16.739279320724844 31.213970820050530 32.580265977635392 26.821494996146178 66.494100377313472 50.250276671616348 31.873910236847280 78.323336657183191 4.735323446200002 37.617951351596602 42.771962614140257 62.721267261369022 0.635728496757237 69.929926977729806 79.489149569755256 52.025915468073350 1.837855634383445 7.499166737736218 74.437606361566651 2.970466553724926 92.199594187960258 10.323031418210693 25.538840984309896 36.874002286886451 41.193979118458202 17.772291102428937 28.148667451619502 51.609345076625203 5.496011272045697 47.989980712699875 63.161250641572138 41.767821096682511 56.877933635468501 59.729623901538645 80.098955190426366 14.238890778708024 25.882405995136470 58.662885268556700 64.345826802568098 42.769059391392240 29.073947616216188 70.828565949286045 10.836920843007714 71.166967125038710 77.927130559102835 95.623802197774893 69.832569957461189 24.994602681229207 34.367552673049872 27.141926057586353 4.699204077940489 58.199911467523357 81.250623990721110 38.660163342219874 28.759765347879274 32.746721897331589 31.981837603825102 6.201045395905647 36.120576280776447 7.505307104735525 80.466449543162099 21.472798679070102 12.522910911990227 69.392044569696466 42.591023691564409 92.629523230781913 26.477953306773095 58.381848783592183 67.466051094522783 82.017793197876259 16.879818194422956 58.430370425198234 20.280604912571377 17.605513379124339 5.545831943507751 41.240391055676582 74.969780647071545 7.472413378306141 7.881394544821186 51.037703533261137 17.783240671141808 60.678479084875391 1.450621004195463 25.011224102460616 33.437642942335266 90.680393737456370 54.251057766862274 87.265757647549350 98.991130642333871 68.703608897967428 66.765127134668873 41.698958207581207 63.809374101742968 96.511692824329714 20.594831060229659 62.923942643620258 26.979307139243758 44.312954465201123 71.625501836732738 28.301084152524826 96.151758378218815 8.589294500875422 71.097659579160393 84.061354664660186 18.946953045359784 76.887181485960170 65.754706301410863 87.646409480733467 50.506700567798333 54.391469506080050 43.736228609398019 78.244067251748106 31.284133182858376 43.265849131913335 59.232649217551014 51.086131939427140 11.702076409502570 51.289954516079028 93.158324965154563 94.894226371950680 12.333883389557288 85.296672885322849 79.076186573017239 91.516274466022480 57.387376595061433 7.701955097362290 62.616538246299491 78.666620919760462 51.076927471792246 17.593959453417675 30.188744275411018 92.778969007285312 71.346814975006524 61.739285183724171 75.391504667810779 16.772084158442336 15.610682235420681 99.234737772766465 93.775044990023190 18.333004169169442 70.197567969053665 42.888017518024121 91.416094985971924 42.512694087658730 44.478668799097477 46.269530378140388 69.380021634691417 61.167884272432573 13.078260770820716 44.014424526545923 85.822636778078262 65.818310013980494 29.485644020864086 59.599669500855512 74.472880482126868 9.651649081986314 73.977766226621540 93.787343690928907 19.617555226183438 74.406842728950480 91.646063391393142 10.291340444888586 44.773936190344024 38.696468410236271 99.977723773630188 38.327025167139276 25.317853336329112 66.727653092777018 64.363714167483252 10.534650811013901 90.076926594573862 42.894147043841471 87.302684279875692 61.226285347529064 50.329391835939674 23.110100139549683 25.974719309406169 45.418505119236407
16.349477842832872 51.888690013298074 25.781759275759320 51.311062524036842 17.939538179841652 94.938676916209261 27.369139323623482 83.360674321507133 28.209108176622443 87.521815828443167 77.009962619032606 40.280362822377768 58.554958211266694 34.610842277680419 86.274452042895163 9.403800743604629 12.830276090023807 22.670252480675646 97.239377083110014 26.097107158539391 1.022932688570033 3.001991100336776 75.979098127569372 83.074419369693132 39.958285304580734 63.734101922536858 92.317596934635432 17.567658686025677 8.498259453926838 50.645280191978955 21.471793161574237 96.997315590755264 40.850164033658665 40.940404024758884 83.121447757015858 38.833607935269256 62.690926070196696 14.633297282255631 73.293593925519986 62.326383876079852 99.890138093766552 90.985748888871640 31.344582444269964 46.855551330083919 3.859888197827877 89.161128009276567 11.154814036326155 95.795680713954070 76.192000565269240 53.794185121668825 63.244182539562608 73.742658044039203 65.377977671826159 23.394004198991691 78.759033335389987 96.400926775672673 85.179726976967245 29.815688052670055 8.910795450791387 56.979950438383206 94.953908541203319 32.258434724465125 89.271152583957175 10.503427181829117 97.749800165448335 66.369226602574841 82.763136898892213 32.261240799112031 24.706088355883548 24.105807833231985 7.339851674546383 32.088082875125401 77.157736120763985 29.250279408928815 87.875752352033771 97.194444919683860 33.183878454456121 63.058435499043185 89.582922078255748 43.235967199442761 9.292686924283888 65.587586325445940 89.324262923575773 66.591339534360273 4.914597727305347 40.248927925938247 37.872543114485843 91.752098092665889 93.517739779179266 53.597616637722979 21.506326124963348 46.562765530788887 62.967639325053625 6.135322716446345 50.153035393159008 74.378103556915420 69.318312169485068 30.727987321932915 9.691139752926736 0.468435904995068 88.307316484016425 49.934749555389736 0.092372905678217 6.092535380711517 14.895625506032484 48.912564703997475 29.981831905165301 2.250981255748830 70.252836312764444 1.849650363989230 91.920638655102124 61.080085054035941 72.465469847831244 32.378922153985592 4.767436111102342 55.447216057131378 13.121505103383546 45.205180623911332 22.668516267910142 88.342451113716209 53.847474997545739 53.098085481762034 61.010093461275652 39.266944659979394 20.247804908259049 41.525089382600001 91.095147432921152 88.837359317054137 19.502552190928746 36.249093963560597 77.098635249501612 53.777586418116485 62.745421073788478 14.958882327141909 75.854138742498336 0.842620965691598 26.077472688021142 74.175530135942921 34.825128827289866 38.277883701744166 67.739939625764251 26.686055924392114 22.355320973680904 96.966727273242654 35.259689879372260 4.190580889048712 2.517892770705610 35.034586980831030 11.480292636938859 16.027244392963812 99.960453931306205 51.543044912237512 80.797810522840336 50.258447249903234 10.729832354171032 44.867739795054760 59.991008696016856 31.905236456207696 8.238087213291656 8.415683570350229 59.457346466292712 47.510189226284837 68.809659871418816 59.427567108063364 49.303089527779221 90.363774559362113 8.375463673823248 94.228395581385442 63.581236422035403 20.402862501888531 35.509153923794699 98.801390742647399 20.889788128316887 26.484004349862268 83.200245173798194 10.688943176200350 89.537789820448722 20.390718270208509 15.359579756806795 42.243891169073358 26.339749455640703 61.894414026097678 99.005993656946956 96.280291184524714 48.960810346799633 21.963408522310157 69.511234327335274 46.306718764059120 11.600201824905598 58.785460267940280 58.967757177167734 29.394953131773160 29.884822219403173 51.470882489357436 31.721771897200657 79.813797810292925 36.670334837410543 86.203268555876960 41.598651649527596 71.515792174287512
29.887333871066058 75.946536896780145 98.577220096663382 27.901160386568492 31.701937493186215 73.708865826721322 3.530524645938804 88.181758497318825 42.243409353300585 96.155900153762047 72.731653906598638 26.852914879292054 75.770592115154471 98.205634826679713 63.431219561812277 24.223497309730714 33.888240692735963 31.349250202273492 30.217944969531295 12.631902125976335 31.559290167301878 53.244353079021899 43.500145040729464 76.242427724411925 61.572413360890685 32.592646140741152 61.006175175267266 1.236369193251508 46.798748500157657 90.362212643781987 23.334740603196224 26.708685438667235 11.387054778864659 77.130106181417005 34.164660830910655 10.556866270964438 97.241872691806947 92.255748578419613 20.924193593578067 50.672917376967206 57.600998795783113 58.414372460703554 23.225940234048569 34.492805913009583 61.837544590595549 12.864989405906435 32.730143882770911 29.922117077282127 68.692584580600752 67.918890327032500 10.018697059384730 2.816945813261418 86.193468144952092 47.693484783435721 82.037782537323565 13.106369602157930 12.310790456189268 79.590529993236004 26.984290201432117 44.823862484347288 35.084856291674306 24.089210866581269 43.651593644923047 81.549615141584724 61.754643582235445 69.875563195176653 74.009876682593045 51.394142892659204 35.215334237714423 18.588826704751437 42.561947812796262 38.472367778931350 70.127959717184424 63.129749600170811 96.659889428996991 66.279984394247506 53.936969453975379 85.529540263754143 60.042996581264482 45.590594388700076 31.016451683949153 89.398511366392981 37.392943991027117 63.975923065023530 45.681462168270237 98.552322417229306 94.473310034217263 72.566867063243947 89.790361492100260 9.447361302742463 29.575584342297134 37.425908726330917 96.074807243712385 19.652954385131892 10.762497470185750 66.049283230134478 59.412272425681721 18.328201737011096 6.433386528596142 85.378726580210540 51.285780478054988 9.207280927961081 29.720857232185281 46.926804349342412 57.196281371081511 13.177291121563428 82.853495821362515 11.471306847289053 90.709431454242477 47.960278797875965 51.669549115449811 80.511940385588730 11.078856716116581 69.171680775076922 47.945088670648239 48.610549491436096 99.070173612219349 83.817676043687413 83.183420574687744 47.193832336807631 27.054740896558073 59.419100914387137 69.665787315214871 65.086494946540867 75.104006578113385 51.528644582452024 76.668181230206798 13.181363377006882 86.656956610904771 76.727439296806139 66.325633487518303 53.208559345359838 25.110496601209455 38.605075525576240 44.728133435445926 5.182468872120305 82.401593441005929 71.150150323304004 22.092414095196268 6.363433425793041 36.022417959254895 0.528454381979537 18.480576163945994 37.465329550082224 11.544207631793446 80.226593368796969 58.386174204404796 73.493428680538358 26.965161540511350 90.844257509731520 39.224153512981673 94.266863238314031 58.786533882902901 6.061348624189822 44.803148442620902 8.039791845497968 63.568165026561964 84.160694877687021 37.688718001277991 36.566115803357746 99.498460388635252 29.474924171386885 5.444772890123984 31.472074869449486 91.874331088830871 74.258249470989384 0.134444573051273 23.645757779491603 12.435680101693514 94.266863238314031 58.786533882902901 6.061348624189822 44.803148442620902 8.039791845497968 63.568165026561964 84.160694877687021 37.688718001277991 36.566115803357746 99.498460388635252 29.474924171386885 5.444772890123984 85.347846895816971 20.594208111357503 63.578062388369418 65.788251522361094 0.738334253116979 86.358877054533593 26.282635306843151 47.350366153113335 93.937656699377882 55.528972107695608 54.002903217724594 23.582635657869979 12.064992146619646 57.236838777501575 14.337781722607733 3.809682020276794 38.467346393196600 16.839649209092322 47.380844271329778
79.018691871064505 9.470960970601272 73.266865891078126 55.310508530286342 31.010076888363180 82.035035719838632 15.808729701078006 31.485362920201652 84.400297875128331 14.059385338434428 78.401093555275892 88.187510174821369 30.904699941302749 96.265717982919895 20.582953400811487 67.475245986372855 6.736092479938383 93.048044472958054 57.594221752953388 89.476650312759602 63.896797316859455 94.599662687456032 77.468604049069341 37.477990226894576 99.590268871278838 48.091362162168579 86.489394567532557 11.649951685524906 52.199072657940860 35.400631911925451 15.136246298332978 56.056873932995508 37.887679194719247 9.324970792635268 27.423832676847681 70.188036742416585 71.238310630872235 11.253994716632675 62.648976207910380 20.628061919963969 53.782487328162432 62.379542524664785 71.675404037745068 11.727663441363866 43.935865248247588 1.888771503900766 6.007719876032425 98.036816781542626 95.726139778567315 57.294171087266477 40.857206590299953 26.108227172551899 6.795903186793318 65.738480830419320 9.346919213461458 61.136826909049610 52.748621634739777 10.217583923963790 39.913873004841072 18.946612764528169 67.424735887199049 61.528307618054697 91.670279691619911 4.219250983878908 5.434910580878638 72.257890323245121 24.801213022903600 67.500184956855463 35.420713985350048 1.056708304488541 84.260280898414194 23.982186576718611 30.027577606513866 38.121641894256172 32.384780737081364 0.871285848222025 72.945423057260413 55.580862730123783 30.285417186360995 97.559872887271595 71.548072919227309 62.622499102323424 84.429655476733942 48.327951150278658 12.489686978565896 93.624671464765868 76.957482918851682 97.772639679588551 90.680473079329431 89.375769275163833 1.558139129592861 16.292705970219078 23.581241218462768 23.817833909036423 92.156579641845411 83.485573648709973 62.560864721656714 21.946750980847074 45.322871280425595 10.830268690679890 68.385750670365837 75.365319184594313 13.859951229773159 38.268495079461395 85.119619887001448 43.717806014332375 33.377300787979479 30.318235360432798 44.634656209056047 41.392939955610174 0.319089349030544 14.216185387309254 90.002656862830221 51.403249934038932 62.714648643453408 34.677609940885588 49.519312127941731 14.936062087086944 87.577365238693233 59.697091997245863 89.906238635948711 10.857366917528788 47.555072103999748 67.714062108960803 73.796812426292632 15.397074189150938 50.290181048079042 23.454942638431831 65.835657620909245 13.506298261885041 63.741354893634082 7.701071556052930 95.765204173109325 87.597026340470080 90.905448725319232 33.472159768423836 11.492175393508186 8.813791717763120 85.261531288014098 66.319902694189210 3.488759459946511 24.527478279641468 98.174273852052607 93.360645032504806 32.223156606578307 21.889135393265857 20.573488223598691 44.594413737426684 13.596699784960265 21.592255513301861 64.143881019088028 92.465377036885045 18.695425714002923 81.581193740205123 23.647271116457759 14.743247046273423 89.437969599380139 13.718565790011027 13.349440628808251 74.016281901731745 21.592255510612780 64.143881019088028 92.465377036885045 26.440001440342829 82.820899043859768 84.831523122634081 0.592969177208669 49.979926346508606 16.121784245930137 20.625140753974801 39.454592464805913 64.957688183993156 84.457070552594246 42.824069384700259 15.338683826525800 90.036590508313338 49.793819265007457 27.054638798977738 64.957688183993156 42.824069373159887 15.338683826525800 90.036590508313338 49.793819265007457 27.054638798977738 81.850703039239960 54.101527992285746 99.677986860928030 21.750654379127678 15.327612724644545 95.270653091092186 23.911758517825909 90.566676777057012 52.238805182650417 8.282243243961030 80.461212658975484 6.613288165852193 36.260854895605554 57.446662299478703 1.707743391240124 0.467359198457873
6.044580805512467 18.185755652629474 2.287610465254442 23.505410117127536 5.832375048143856 98.940008857805623 50.725815352265094 65.624464664605497 25.532952946255271 44.162461988605727 77.012686516942580 44.162461976703135 77.012686516942580 22.719302028600008 77.138995617011901 84.065594385996533 43.572850610356404 74.022406982825970 31.622572951151305 75.110898197495999 66.423888140309757 17.380524585045588 98.067431050463469 24.173785840407945 72.165746312721424 62.665344552668522 53.462134174283335 57.452095794598137 82.936240617923275 15.151307425167682 0.038000315948972 68.853199040533525 51.231026358595123 64.688365249729102 60.817445880134400 17.217947550432054 85.452489816298538 11.069696286176288 25.594756148449051 35.635384124683213 43.086008797459506 38.591790352531000 34.112035302047708 31.050027496324994 79.331625913271736 25.270709591429373 15.816420370962081 74.548687885557385 11.042258137016493 56.781221008539163 72.906670955680411 86.770073549782595 58.623873282000936 14.880463633868191 67.830875998573987 25.579046804171533 1.754597023835913 64.210429470963078 6.487132656959115 75.553661670254499 6.823669149571499 9.849556876441245 41.223681682975069 60.520009101072134 96.691665871069219 33.791790774779187 66.798030374156710 37.069667795112515 16.600686790637663 62.746523846067205 50.951119371850893 94.217740333124951 53.592690678033520 56.927979699585038 56.542816692171769 45.727883317215948 45.727883317215948 37.651754826068419 53.360173628022380 52.131591389042555 14.724556633389184 25.336740184647844 43.589096412819096 32.273206601708651 21.461032383341539 5.145742010684695 50.848565301261395 39.728620422684834 23.951840471909634 29.328601920828270 30.256658253049494 17.941756890267126 94.650965671892820 34.516673364011311 49.595216530358023 2.872313565328777 34.690597313308061 44.269725801631054 35.684702497220897 59.571046787946372 29.389760053656889 59.127104040001896 68.845836231302400 37.679444009041951 11.441737725600321 63.435855400809729 66.322931927065781 91.169310685953931 3.430851275525915 21.212216284881112 62.551847580111421 18.074783151561203 33.662411716072093 92.628556857914717 59.556181358730484 55.091939376244270 64.790865385974584 95.035467205627327 25.823706432983585 62.551847580111421 18.074783151561203 33.662411716072093 92.628556857914717 59.556181358730484 90.623523968547431 45.994460415937951 16.048366825952808 64.258912400722352 17.982240593197030 20.179747884991038 24.110075394184662 43.467679526230818 32.966942414736323 41.362427688708948 84.995543389711443 40.647407839352901 62.412164758106393 74.396731761932529 24.194258070902087 79.776180373873032 21.620655740822990 75.196319191205248 23.291294148399334 8.658033138004972 49.687177433549500 96.483525718294786 33.964895515769264 58.166266095224962 24.819141938166656 98.217240748967285 94.481637442413273 13.397479882553686 16.436428780555278 53.786430355564043 24.305863030790420 52.420852178186770 84.006118110764049 57.242266792121931 43.450796564880058 41.437296560561080 5.853247603200195 17.802816018270018 71.969981559729518 8.405486455647182 8.211368101632409 13.878721109135373 63.353893687798148 57.953725348618391 6.329210022895992 60.019052590911507 70.741976504817131 19.613655826930898 87.694120243707957 44.386053014193102 75.518113168281843 45.729241803390067 18.300298939874960 66.409985925371998 94.810948298905387 40.592086975914476 98.609908117408708 29.977398193748584 66.581584188043564 25.697445028295895 7.552922852623611 28.964890258540233 91.034142634774767 17.525105979252675 68.977203587310285 60.985700890159208 60.289738927118229 95.373868319159072 69.730875926440433 95.210484332721549 30.769677423304586 50.905820918517854 16.508542521092519 37.940241884163328 25.835348116371794 61.319676017996358
3.517829261249250 87.288706625481510 48.513471341155800 26.106410567308245 81.031218146016798 30.440282960807941 30.065503203844468 77.440104897221119 73.485796052205799 94.721670144121745 40.066864654360799 65.657086917225456 90.946956734838437 10.223094380357567 42.996510884916361 13.442657050333906 40.028061537669281 59.841690238987923 49.641124464714729 40.154773172639622 42.989823701818509 40.066864654360799 65.657086917225456 90.946956734838437 45.037253872006289 34.474707930918626 67.151766488538044 10.287681589072960 81.841836945909762 38.669963938049179 57.050706683342312 5.163816682193023 93.618584785534424 1.510826947095467 14.447878811545767 65.588111961519616 38.666009875286633 60.001431485239010 79.367963412249537 44.505538490875615 82.987536542550870 53.675958667806633 78.694372321215212 73.343639537598506 82.749026136649334 24.647933862889214 72.218940174191758 50.976829852680538 78.769985996466289 6.730137699684368 45.240218189685763 27.869769336832583 59.566484344103941 40.972769181956657 54.160391620867252 11.148662024067047 28.608491498269505 13.873741507703730 72.979702884443029 27.399380400678051 80.789320780225950 15.883482804053539 18.008433103648358 17.487427759714912 13.586316325704551 71.594728650692375 63.172312560789322 69.779703886375387 71.407679487699497 32.859343066299971 51.324982908039793 75.112003546963919 41.139224911223671 91.787170775670262 17.025903566027356 30.011419093654478 52.749370768502324 96.807511684791010 45.616428827205269 2.914081674028057 72.512096104249025 28.892328181021519 99.226358339429012 67.869224114231500 86.358735291788406 14.698180444372122 44.569426816630433 69.024478976822536 75.518868560722638 2.152253889448286 19.285018343096294 78.893106899852441 77.741882308518839 30.374012327538747 14.907444729093500 1.508440984835702 62.124198875844051 93.306504249177181 11.465985877961815 86.426697620226349 7.430892529405908 71.169124468928132 78.738155845708164 75.512021400425212 12.637506845124991 10.874155259543217 22.558772513540571 61.020068289395290 14.713789218523365 1.229504893522038 59.657873791451266 39.325321567313232 82.407730227521043 18.669897811874435 82.014093967926158 20.204162769238387 43.301850461580059 36.002283754740418 56.392639113060483 70.512283094885873 49.850674617678195 41.394804456160571 19.789673241720728 40.231034442522670 20.750846176854754 24.789089763377614 98.830697102550317 87.088033417369573 1.709227436027416 42.034405500841679 7.785023468598650 20.662299789677352 36.216307234457943 67.754629469688922 95.492380270856046 95.492380270856046 93.127831973983660 1.689552595955601 74.952639284148532 78.691839965161208 56.169378502696610 20.345230733862230 80.883650573751723 35.641101915743242 36.423449490999360 6.404995493220245 92.077849651819292 21.764112459332996 84.421360508124536 85.208687566506157 60.246809784553847 72.806820137820864 91.017946972609181 80.506123872213621 30.147639333930055 23.823020525956085 68.944135214207577 25.252827685493585 4.806673129493511 62.860111178262365 29.002677281364541 80.343039187172977 28.057927869470014 65.252744688273907 64.412119095751592 27.348907158296988 51.558481749005324 28.626919330870425 6.266823938910338 39.039827119665738 55.727668908641448 12.867167205997399 15.806282957364049 13.460306348150619 20.444176376703361 24.993061238234947 35.091348991976147 60.779482698179230 73.420677210590469 80.332088149505836 19.027334710091836 26.225887673071611 43.390789797377984 11.318730155834567 67.409811105725097 20.458240040174402 44.931033612005365 41.922562326241199 73.200794684902576 59.448100117921420 31.596710419622319 45.144396908684669 93.060116848208253 56.477684186559941 69.658600087459078 21.516780316229134 9.890124476592066 92.530981246155534 3.508376873408248 65.982706246414608
50.603404790808227 60.828179740408494 73.866919259044082 30.238405481853327 92.754906379575246 97.201914789630564 56.289364724934629 57.621404623014392 50.381585170221186 24.956458662849425 53.733694835215630 18.308156359134408 18.994142252253020 90.265478101612160 5.750022737346871 95.569304962128825 89.008076753106707 20.431988478254382 75.130947821876177 63.625728368007891 87.962339493413140 55.081328101157510 82.373991005232952 98.635952188842168 16.545556427673660 57.973700779901570 56.809783396010630 97.198040125969229 77.537361840897049 9.177572173099557 74.691141008596276 11.074623487115842 45.627555893671989 90.576260271704442 95.005122994186635 92.155449301142482 12.489241738869051 96.593041111483487 20.280782457477276 25.048449180132838 13.615293341583989 66.919559651343221 13.296084528261233 65.850221648734632 41.283834706706159 64.195306105862315 91.315874591102244 81.157510123806858 91.977171538337544 57.315504080904958 44.066634002902681 30.996494552664000 48.307504553278527 6.901775877305305 23.879656589186226 93.409738988934649 70.629169928356589 95.168192067818183 60.200718865200756 42.744614541809099 70.840289654716386 84.821727311819402 55.988243544140914 46.205527191998641 2.773629578104087 91.224750297352728 72.289773191256373 51.083315864394862 68.897130702639998 38.240063568378460 66.059768165212802 6.699647018143439 4.150266860675467 23.012677094628863 0.790797800165655 39.819460302757257 47.619661405434229 24.601275517662891 30.570878173539896 96.286141324266154 63.564021061017229 23.749322898812807 0.094540423061640 69.044083870556349 83.225498261017250 27.247496187833619 31.222632247347569 21.688891681194544 15.121558381998657 42.437943235990140 48.884648568048718 26.798817547627884 85.546557510224545 96.794353803471225 5.539147667512944 33.037345872616505 81.399857052481124 79.569670493936982 39.839798321415920 3.011303447026192 18.469999498418808 67.675234592413503 29.930297673360695 10.584187519161780 78.147917845920276 4.443378815351739 31.809986619914078 11.564291102239000 90.024032891393105 11.599030610950223 69.435437193615229 48.520535068238644 74.263780982653273 69.391076003769555 47.575997689919745 82.863851141132628 98.867722738744106 89.629619225470464 69.971529281487051 66.629120927256906 49.531257625187344 98.722371834000612 95.674954326392125 18.728559930912070 85.540329253256772 22.561720156009368 30.025851654360068 71.970441651713926 1.699248688222144 33.803294951221638 72.479229614514011 70.967502782991872 14.989219143045274 40.278406411204948 97.705150582800442 53.961376733759117 63.579130055464347 90.565284985343681 1.366419015550857 44.769365536490014 38.955449488722529 36.521917499012325 50.808896990397010 63.573032679359677 21.967162955249432 41.523878263153350 64.322813795939510 0.416433084065782 34.440702255259971 11.876259184026727 52.096513258324194 10.207506545147227 16.318730179549711 97.136038803988427 89.244577095598572 70.354810115752514 46.074067641654651 56.571360025186436 4.077371892710202 16.927072589006109 90.456350621025365 25.338081157339865 45.784326240938931 97.846170462016843 38.800192543824096 86.784147771681958 22.790843213334135 76.285183182252197 65.802783745156916 18.870445940522330 38.569471931778828 27.590339276513632 60.918419442379879 87.489579708898987 95.988942845811010 96.692581477220912 52.360639029611420 52.360639029611420 19.689655697866016 1.610450880069192 92.441895858869785 74.720092128697871 32.749929913364404 13.189542363385709 18.151813479048794 13.189542361379303 18.151813479048794 97.959371258348853 5.989252600844153 88.523480638485808 29.026712848833604 33.185650415338166 14.544620039898637 47.820568043202549 78.660266189754083 53.183430662367790 13.769785956639547 70.137364022592905 56.231792899753444 0.747535620179418
65.965146922746342 44.158863013434612 68.756889531140530 88.890188337183432 30.582124721383497 82.625337095225774 45.798494569680258 26.834502053649288 7.204756547693902 16.964749407600486 45.435282043571547 4.135350994403220 91.191019044092599 84.922707668953649 68.375028231640115 26.933895893092274 27.560274259142826 48.277719095259862 93.335745410554409 56.108237109443714 64.691202374534086 44.890045020105553 40.879527798258962 22.058722571878398 89.233373447716346 3.918652960939795 28.119456038034720 30.862646236098868 59.371051090359231 42.363439183480857 92.400101292007705 41.276022703553593 13.403625816484855 27.336283129831596 32.004744696702843 82.279744703915497 42.587060217983122 86.202422179594819 51.713892395774174 59.090166846305578 75.146065107813698 31.519655272669912 19.366499297959283 38.243776012377126 65.481785289153208 57.536636685869560 66.903182832837146 95.499629525119659 70.133505546264303 58.016806246154943 52.380650605114099 85.621465307698145 73.161362980275612 73.388902442501220 39.412422247618025 93.513649412311551 38.928744878573575 20.716233972226771 29.623788930772797 36.823239459982979 89.168180717932117 26.546266868711619 69.020172693366121 97.344798697761036 88.713199479086882 20.065973455019726 61.146573759403580 48.709066113258260 0.606962558404489 87.643622040162271 65.344220785781886 90.504961476405882 75.039854202303019 45.604028312986131 92.167665590070371 32.162102440460728 31.068878477816810 79.877314919876241 90.646093192833675 55.704480401383719 76.629796424429770 82.396901676468630 12.939531644295343 46.667498606058665 99.383675780205706 31.426278364851402 88.783430978277210 41.235864395789164 32.353514309734877 98.365941792597511 12.879058784869368 98.916751857372915 34.727533968367943 8.079527828735211 67.776781677027373 85.629118695138885 86.773170248083105 87.284101515633239 23.122611457454092 16.792127628398102 19.078307653849681 33.522148994984690 62.829686701242991 72.235999098592643 32.598178068331393 45.448159423663483 73.289765275775792 39.612743931760043 48.714921820863665 66.660977883382841 8.285224713093964 24.583343026630487 57.176242119464625 91.625949698130583 33.980795263480957 5.219320324197573 12.060750378089169 36.701439084674149 10.967610793713412 44.125814297123377 99.995814053674067 73.309350873081442 65.321941725784484 15.757567515871829 89.686859690430481 61.746837935429411 64.424673278129603 53.986397584918663 85.772586152746058 18.411926728947137 48.722419490019305 99.776724058664584 39.112617844999612 84.811648938819005 74.255745913065368 69.983092486173405 23.216968868499745 96.238097540724851 70.625838866435998 46.678700292123267 17.357633956168485 2.452214368233874 70.075180082286138 83.587511829801841 12.585031568000282 74.713265289957747 83.664086838357505 38.504701453931048 16.589067639121247 37.983301467930211 98.020470442771142 22.110237509857956 59.392284915327750 52.116678398282964 57.326504399017018 21.380236927386576 64.197453744103299 63.569240893121062 17.167252118223686 29.654055221610378 94.167538210917741 76.271673765714397 13.025133800504252 0.274437954640350 68.869389922564110 81.435750000197729 67.392653858785238 18.218175428604908 12.037344145711026 57.678013441231343 46.233200463346911 60.369757042135696 12.343928764210045 10.954835114176841 67.743302063140774 64.956628803103996 14.158808149543345 69.618369195613724 8.040963181435323 91.692935182493756 78.388113731686929 96.906121345129762 65.254807491904145 75.231609699687496 59.615581225939707 51.231721821443479 85.174690789346556 12.627451577145422 69.568468626721682 4.879175719907036 22.157742847386032 37.959282556896078 22.248204238998760 62.649708632636617 42.514262673658152 85.216268207437892 46.667755026050671 12.589414468810233 86.238216904151983 85.308341469734998
29.280461400684988 14.302931058600333 42.284235079337542 17.131295170595262 34.915722430392314 53.026964183043134 93.940074242522869 97.296336077555992 50.524089224931387 94.078896863354473 52.615243462254526 70.171680414622159 34.880965510535454 96.151541949439803 43.284292138869127 13.929571007556440 8.108055466466691 63.153203573285523 43.697931593017415 50.401300347636457 93.153112488010933 14.326812197532323 65.426528260206069 52.081595045907527 0.845057355184020 95.193408586376776 92.787961905987771 49.732475511874782 30.742805559549545 12.441993037025034 82.200924622830840 2.999966103592067 93.189113418976135 24.649560825068427 35.697321418450443 10.951059083135883 31.483813986222952 64.084945553145062 87.542079291168093 78.679746996738714 73.042181140689920 19.809277865530984 75.452561925841465 95.476872243882497 70.237823046576381 31.550540817043693 38.651997727225172 17.863660422678741 77.924960408151065 45.353696892333048 63.540328719970738 27.812921878749798 73.711975993783923 98.334288143987607 6.562867219745183 30.457352416834247 50.831476597751021 75.154629940717328 48.088067048944396 27.740740087772085 12.667319669020616 26.223382701660615 27.280633592856319 80.315822612083934 63.498463605425904 2.254757713212630 95.103659368554048 5.267287017294420 29.363906091394288 75.433279472296206 8.982176829085898 51.143218961214984 7.272956746664372 92.246003804016951 53.587907932144404 74.663455065701186 0.528369683125685 50.281144314792982 35.482266520651336 71.674444907145073 22.256353390945314 13.988020101575716 66.140501703827439 1.538356371865213 52.718094155361349 8.217296253597317 52.643510729038653 67.097301460769700 77.814806449317047 28.789057350893831 73.961433889168902 20.319701997396145 18.283713650570533 2.497470088581510 90.160965493128060 27.296399962948204 78.893571519012980 60.847817913010246 94.949825050110249 95.191384697852655 0.386922430965542 11.135093449735379 81.655595747309690 60.073434491891383 1.160476342392147 60.250651184014004 12.488503400848728 29.612276516491697 66.086045337597611 98.043854837576021 82.630066098703679 98.440687198305611 21.078074730376773 59.200621922576410 30.566593119168097 50.881756680812586 31.073824655223369 99.389829194337793 43.713173024571731 90.499802532428291 17.344163494392717 7.594804592026517 54.253543442093786 45.866844036222496 12.162886326103683 75.314947917544444 76.113119274936565 5.935174781147201 84.865445826041963 24.189253463643222 69.241163578787535 70.690047898971216 67.226470739549498 53.204007490161985 70.987516667136632 46.946946480335463 88.049709646625246 87.966378863680291 27.385114310213876 57.027804056159525 86.206768418785771 36.855472813331460 47.127098481552551 73.939227396076149 22.720754883544259 56.990654319836665 33.570351071487792 98.083944577493639 54.245742467892640 32.113170064714616 2.345938885408760 68.449605033992711 13.149370733974653 4.547588061189134 68.522345219634019 99.649794997099633 78.733373024954361 28.023554036937025 82.484112398498795 83.608909865685590 53.008129581899155 18.322269140605620 12.139815165358748 16.598668638787217 39.556432919340409 67.530580980249184 40.031237848191360 2.833164702203972 91.837799874216458 37.467404294911574 52.626837281618286 78.801439726103766 28.941277588293602 51.672295301171275 27.202853058936327 59.605295482514443 15.243783432421043 55.648935740275284 51.401624027639627 30.126318805447696 70.188786500641257 16.288967696333955 25.864618977101152 43.618487308465880 56.978497970558436 43.445644607211065 14.564848188375235 11.421229354418083 79.134854027686970 69.231262891985750 29.473418996059642 84.469105516628403 74.790660539811796 62.867451407105079 13.584759374590350 83.798548393191396 1.664796498611532 23.569642015419401 49.069154836005822 27.273748054496284
60.598694982144877 22.748822388802004 31.497423273647872 62.049819932486763 73.902711927620430 1.653738925839365 16.553640177924077 20.107150613038481 12.772869386099838 78.593041854030986 67.599304850365812 91.844002997808474 80.094026973541062 36.353517045063143 20.565758919418986 52.014905087481566 64.961945249055134 27.652424248443452 65.774281400322621 74.574691422720591 62.929387758549439 48.951665762386099 60.029857015155784 88.627725122512288 26.644972429934434 79.703813902572676 41.822214888481227 52.298394139075178 31.830977741317135 31.754932835887363 95.538384964146800 59.713780061837220 17.030121638761830 90.217956372069452 43.686493728363295 71.165563487673751 17.385324459038710 10.864704087122446 50.390233435175055 61.109603165559399 95.578233480824210 28.916810993283438 95.934276205645816 19.532547211143214 14.446668860569901 58.746838661759718 31.633314451736936 72.961478596587085 78.552563122600546 90.338708255088420 22.457196933048650 74.710640336360427 31.497423274217805 62.049819932486763 73.902711927620430 1.653738925839365 6.842521092798126 19.563321450144468 39.737693104388391 7.521502200813302 18.657966564957619 47.025364903237012 14.356518261871898 20.353380304871738 93.502078256787499 75.645481152693790 52.940758220467345 78.019784234148673 92.311155721476254 60.645990595645785 98.661048582824492 16.812785163482403 33.668618004712023 86.127726057436874 85.384001806311716 29.993106824585723 40.229471514517890 80.970452293680623 81.920156039103304 34.908470678465740 41.882641313333224 67.615709814799530 9.592290236872991 20.765677116713064 2.424267010976744 95.578233480824210 28.916810993283438 89.194738865463123 7.328123108300034 95.934276205645816 19.532547211143214 14.446668860569901 58.746838661759718 34.294330109047877 40.145523993213025 50.530196324214685 45.915062005015436 9.400311095879122 94.315628574831351 35.222314296707992 53.524736008897591 64.134713421787822 67.179337454660072 2.528882771779761 1.455177906072636 50.896742113427550 25.603634875082825 12.555226025217047 84.207276017306270 38.199392598268403 3.523526649626629 29.353018691578502 85.868653899313500 30.785592184311639 1.210601423576829 22.616192809659651 29.601447815690396 62.416421281499666 18.703382205062425 50.896742113427550 25.603634875082825 12.555226025217047 84.207276017306270 38.199392598268403 3.523526649626629 29.353018691578502 85.868653899313500 30.785592184311639 1.210601423576829 95.331525351483464 40.810696738470199 60.552113730463795 21.989848855760840 47.981000059411230 43.898585950894095 16.646223350794852 26.019633892504590 41.444969446002197 43.167690130451376 55.487793356178017 96.910603019411894 91.722744532151182 81.108338388280970 77.441562096549717 5.874778034824624 90.038306588291434 89.324214880757708 62.470088629478695 40.986817666437879 20.997840332503927 66.568724987144421 85.610554069379774 42.995856350173170 16.440354050264162 73.508072863738860 31.986332886134370 1.958764880303610 20.425881041811945 87.507706853936085 80.545732272555085 41.743475458687250 16.440354048625583 73.508072863738860 31.986332886134370 1.958764880303610 95.772824495946480 27.905150988101713 53.960512485650533 2.887515038160227 29.757962776430769 55.881848259610976 90.623128859725327 46.166331757075149 47.619942107439115 26.745122863985273 93.020759536405933 61.714611778605821 74.486128807333188 84.658341185667211 74.448406229033310 33.139534308974305 26.050577073936843 82.214004170302843 73.939355139592621 50.319101175543857 33.985202229997505 68.371800226158371 53.457251322306284 0.378461084150850 53.052919721640791 18.631461573187480 80.833422075594768 76.465730374845265 77.212403310349359 97.050841714636874 85.908836923650625 21.386850582550444 56.374816571817362 89.548187150762899 28.830281053604345
13.242863081064282 3.896807942731007 85.197842562071074 72.486525383986034 69.459645528038664 99.928626496976293 42.278535901676683 15.398223040278058 95.171517194478753 73.419753971644056 27.883369454944518 28.584715291663965 35.046486551488663 49.141016650545353 88.653676766304926 72.423612856240865 93.877600561871930 78.176695480059124 21.542327627469970 30.439917970926590 93.697410251979306 91.683677141158498 42.161381519692895 7.022592739284905 23.292729948005729 58.822836539474089 34.820225902446857 92.935415712738319 7.093487646084728 64.054816390847094 25.857304474271935 82.620528109062434 90.392917674937721 60.581736448283607 89.267157119201613 67.627526315889199 68.246074270225449 98.360078404832336 93.784610125140318 57.874010496035353 27.210218527246578 24.526587781860730 91.096402270034076 50.042865178451720 66.246520792089470 32.303644030207998 95.231544256025998 40.147524147986900 72.486525383986034 69.459645528038664 72.644320681060776 35.165350209108873 95.295547102686584 36.496116779895956 41.977298751045836 81.794982649200563 69.963347684203526 78.816911720449554 93.784610125140318 57.874010496035353 27.210218527246578 5.565056615684849 33.056514902162959 39.587357731325646 75.808303512177162 51.369018053227691 27.208344576019705 30.974046093232822 96.544642336700932 74.071677402160489 30.490502395096740 30.691999105951272 83.751667924315129 74.825583143084103 51.986807379421606 22.868464758051353 89.170396054778038 40.900594701225010 65.292544813260861 0.509395327569051 60.466472882583112 0.649984412662574 10.163501588743207 55.203913301689845 22.331495555535653 75.373069892584738 38.635938407877148 45.738926758325327 24.751567673605955 76.947117748604967 23.493970268116350 7.225910466786778 45.931249336993588 63.396647166151844 98.607795800511170 17.580202608947758 49.441009571437263 23.399206510476322 12.440442388089179 6.285463304912797 77.566884645227091 53.286222532869473 27.263300068057251 33.731144382424105 96.753811281984284 89.084279308063444 87.703433306991059 25.885626893331569 79.746440895795004 93.959791677062896 50.752502874201298 76.361496089607272 55.341193602703513 5.010581724636998 73.919103288546054 97.060009048324076 2.636526765329661 35.342515785233672 56.300981657614855 68.846235797993529 57.231552151260992 11.396544976479127 85.255788805265155 7.031527041295849 63.175949971569111 37.860609977568949 71.651547800998841 58.974511077132028 71.699187802702681 19.229153014058888 82.170498686487676 6.910363777302586 47.132532450126575 53.046266999188418 44.855818896996055 76.429128058318526 11.456520433529526 45.034772195276886 95.212691860663256 93.964286406835868 63.029559620818802 62.484530128245986 90.546075654584030 14.846117736175890 4.615179547900139 34.808544980464596 36.166943130160625 83.850698374148578 65.329467340770236 33.836401833368143 27.178903397320862 75.883680993882166 16.495383739456759 23.580937290672988 60.833482191112509 87.830036112432381 11.836720545431534 86.022797492632719 36.276131958983356 82.642244693553252 46.672837128925480 29.888116728487070 33.489591769199933 18.302938194031071 3.960544267603472 32.211853193186812 94.141469965345763 17.576745643928959 77.657398060283114 90.529546679091112 13.627915127350377 42.062841141788290 31.571282460868389 11.544566686640657 34.498963831638861 4.282937984490687 2.905215174480791 54.293315275948352 5.393515665594539 76.761668280916439 5.504901280928076 7.079024547740797 3.884179013102906 43.681076834466282 45.699372100861538 31.648142932205282 68.913915952386517 3.817987816608792 73.003464108423017 72.154257106519452 48.632353008969908 73.384615318926947 83.861844973278522 48.128402730029642 55.253951983819327 9.490322295598174 28.663277781913287 86.568262206193367 0.006879137798155 97.853964807723372
75.097113806587430 94.915340317577133 41.749568919892674 59.432579266694496 18.171136284418697 6.471522673950270 14.785556659883238 56.539059461515684 72.980901803855247 6.631044279438258 59.502475618309724 83.241617381243444 94.849831088088948 53.739104087364417 99.174046215329355 34.684458039600585 44.393013733978847 58.318021984085654 73.273327607752975 43.359941118681576 88.608096723587309 67.632632930312397 90.181463209878814 95.089726168040457 78.440191839602363 29.343753843746391 0.719763440327748 9.243063716904565 89.052309417285443 57.343289479921154 90.727523875454580 33.807267236012549 92.730338473488473 45.705217106434645 14.393542733293184 56.653228975393965 18.006832443740738 50.107234396411272 75.859014045097723 91.932380680308015 0.908799900966795 15.102470886375318 27.230988221985498 19.196522222998059 55.344167282172549 41.104293240276732 33.809264496617374 12.016055494062384 32.119595235460430 55.942409393060132 52.151698860186734 5.086673110793571 6.910363777302586 47.132532450126575 36.398351459561965 97.896897735317751 1.963550980402107 76.816421218832460 90.652295942683338 13.579190851595113 99.215036297426437 70.534759213528417 57.295145051731552 28.444882312987062 65.573898261607241 35.339668065257065 52.667851406456748 70.558431095428759 64.168853970182582 68.702800047446942 64.894715998999359 35.563324772509233 53.319756462463097 50.898873251906309 72.095898504114913 62.992189344297856 68.301066823504087 36.860936933841749 58.320461045715909 89.914599411655644 82.015985214771263 51.925784597079058 38.634645500064735 92.643285215441352 81.459925867329673 34.208796555086764 81.797629725331916 11.544566679629742 34.498963831638861 4.282937984490687 52.901956802755109 62.416232231491321 31.361108229525701 8.175793844516466 21.149351043875530 74.443673790268633 23.777830594986980 80.093158739340183 95.006387577350978 19.360815252102004 4.276498382506588 2.137975980896456 94.262716295048776 17.583835801174040 28.956484399302383 92.140160597057303 38.508990086984831 96.035698510405311 99.604556148210094 45.384544083691736 2.458236155231619 83.485136067847549 43.792363562015758 30.158402910288029 70.890662174133439 81.556129095425675 88.093826457051875 88.093826456342427 69.481020981792895 47.153330507842654 71.867767974400948 33.106815349312235 23.283066017984865 52.704050455963490 33.037128600970675 94.849831085128130 53.739104087364417 99.174046215329355 34.684458039600585 73.495844778626847 45.190470802602356 28.665442097789040 58.318021984085654 73.273327607752975 43.359941118681576 88.608096723587309 67.632632930312397 90.181463209878814 95.089726168040457 78.440191839602363 29.343753843746391 0.719763440327748 9.243063716904565 89.052309417285443 57.343289479921154 90.727523875454580 33.807267236012549 92.730338473488473 45.705217106434645 14.393542733293184 56.653228975393965 18.006832443740738 50.107234396411272 75.859014045097723 91.932380680308015 0.908799900966795 15.102470886375318 27.230988221985498 19.196522222998059 55.344167282172549 41.104293240276732 33.809264496617374 80.145733863240821 18.515233223554883 77.753985325487108 16.062517032078105 94.511544465513353 10.327420337764416 92.684473653178856 41.761727962310879 24.185755016671663 74.597131937565095 48.423305517460172 98.165179955694242 50.249838326040631 50.782636302080675 13.653629892999209 86.895576252832527 43.914858172794446 59.399273435040953 61.985593802457871 3.710241669342040 8.985354056893701 89.641766074788748 46.045724792722645 28.316772983581718 94.036749772660897 40.504080498597816 61.881341146676071 15.083719868890277 84.004230498122908 19.354848702666072 22.978880848396866 62.846783977089792 77.971760617260173 6.043867395148073 57.034576617154066 51.251006803136434 46.635137523961831 19.035600393386829
5.534913119377228 62.986143725927377 12.318303352281390 71.536546233257269 55.200861487564183 54.737333621870853 32.965154912527680 73.736906017889936 84.982681264129596 73.736906022784950 84.982681264129596 72.461456869749071 19.054517374717772 88.848343228002136 25.953675176624060 52.660566101435450 15.593705765331178 60.899905426295241 99.227826814896403 77.541657152010359 8.880989465428446 85.139433331224964 13.223067251908127 68.052250038077759 94.607370553735720 69.914255297266337 18.537061161038704 88.288258888624938 0.259227931392025 71.306604717913871 55.984730988861642 3.274227488041748 9.976510344030698 76.510612771801803 88.071862429181451 99.372257377231620 57.583599004168285 99.754028251659918 5.346006290406846 18.566625659020087 65.882962999198654 87.538527182370473 52.239375468403850 72.518536488364120 80.803539454002092 55.817588349635294 55.817588349635294 51.808669606683885 31.145431165702309 64.904572718793489 93.871075985807053 17.806084400325950 17.375102431200840 51.925784597079058 38.634645500064735 92.643285215441352 81.459925867329673 34.208796555086764 81.797629725331916 83.288426263141687 41.751635012282229 81.507695682667162 2.565729945280115 45.136309768670849 13.555786936982283 90.835824125287175 89.630541300981776 40.496324734265968 98.191795133699344 89.630541301640960 5.793719379664397 55.996923209422810 9.602411991286953 22.569869817088005 41.578908284706429 27.762481926568128 19.205976339572452 69.398234605699699 2.977708001009360 96.991069443455785 42.312921404321088 39.508277465356812 69.688177201046244 10.270303161577331 5.435555682422411 94.315499148895384 89.428024363774639 56.858624826122075 66.753309552941559 45.445137385450977 77.290393991417758 69.881327621985804 95.719283529359160 2.047197512836119 78.969493524712959 11.206334429826281 37.941032508889684 3.661749927412339 32.308904519090156 78.630497478366877 25.516165566025794 63.158026388034180 15.304109349059647 75.161842777388472 96.372321643021962 84.840304154729012 32.365902536648029 5.940993689179342 65.506600129991725 74.879473194287627 47.051186978621061 90.437881606964240 47.071203822724591 32.653502863215500 65.433721324389893 1.021459000102432 67.830527396718338 83.177435268283503 31.868577498930261 5.503876235825933 92.597568634561128 20.102702982210495 11.911705683932928 31.715998054235396 87.497338828073381 5.221490112461824 23.695453925862676 95.847166948591308 46.866277466638259 30.670053280273045 35.480106354614605 71.738474418517910 38.684788573886252 38.901431636561725 74.135613017595404 38.480214193712655 70.402528022403189 8.697428054373880 9.850479786782994 94.843430742270286 91.169329161860333 39.143602787197516 18.265360695328081 87.502901796571251 23.683869040384188 8.282479842959390 25.872824006863425 29.657865682202768 3.763476507179020 33.270133858600090 48.124620672940551 40.597172949281038 21.281932389110526 95.113665468334915 15.686396990979578 96.422847465151932 67.086667433132121 64.472348030333507 98.672401376304748 76.759739710608400 89.894829364949899 2.171704912034234 25.132202867081265 39.464487937443351 36.362721003579892 11.467436104159500 21.345965277017498 48.403415872344461 87.355267969160536 3.434860218048952 40.613587926561635 54.775481728159050 73.175158221513442 77.855349714441331 17.330612452282356 84.700143854096339 23.862700682508176 39.517928202262723 8.304272430521520 88.076906935540507 54.353235623310127 87.029245555987472 65.835291757304958 92.723423919810216 78.752243066543116 79.181262639057394 21.972918111991724 56.869807776830108 39.708095781488097 46.589729288642879 13.945291941698891 94.620828857050029 65.842099698284272 61.633911940083649 22.304564207477927 88.039525167260805 53.401937069080120 81.221962731168986 87.381698044427409 34.102031340908447
58.288792347963458 76.632883248860423 50.160340053910289 82.407783713342980 14.428613913790677 0.908215030690440 6.770486836968503 23.766918446777787 43.522537318219044 89.585044490577062 22.490787461746010 46.229632642363740 35.667916109097732 34.095035164123054 56.443993262585522 88.959435076569918 84.571059226599516 14.096496240324274 67.024772943816544 66.222795820681341 65.550682235569141 79.020914133764762 9.753813158901037 19.538600024808616 24.454928078104853 35.361574616457283 7.716023614271483 81.721728604241918 23.777274205303598 36.956437910060437 47.295383138855740 41.616627093661492 52.065698181157828 18.086178866725454 3.459490683801203 7.091895042591290 54.379910066536887 54.088231626025681 4.537613120272244 96.230977829987609 24.845976116294811 42.259516909260554 58.004518444861432 55.474018520056532 24.581821181310470 49.123115271220961 42.968452934965981 82.494654311866512 96.665175775009033 21.136563173767055 50.635544527176620 75.590606393350740 20.436376394758980 3.967157623532602 6.059121478431639 96.455643290123518 45.439639997833893 8.878213776242895 16.232570471485928 91.267341683826515 22.692059868720882 32.055102118070778 50.275497008455275 6.691013749317731 26.558947349637140 0.945478143647238 46.320147232053209 8.093523287568615 37.597581264184043 8.982610883364794 7.164584829225785 34.291089713254628 99.008548624267647 22.687668902008941 91.562566657476140 58.544552202465319 0.553729134922931 3.947932544077570 36.334737515161443 66.341770047197912 86.406798851989663 60.860871022661080 2.851701292059206 17.802670435848377 45.088693578870398 41.025760945578917 42.168469348264658 2.203120844870654 19.839237960365274 25.609522146335827 34.394492750024121 6.164401569291467 20.982086194749982 33.899186851474660 58.519515407819576 20.243175115210288 8.729011464360003 57.445438623596779 90.738157108135582 88.690530899721480 31.291812709992030 67.926977727764708 24.214536915465278 22.769086143604877 61.442978869645216 4.102436102605611 7.203221662398906 22.649907661050996 48.754096013099080 54.749224634850279 47.301638790732689 69.762913552397393 36.368811919209939 57.838116407883824 52.041736817520288 87.783578707983921 84.649536630641748 86.341538788380049 54.551080571121666 78.478430082338448 58.151846549044272 30.155612543395950 64.732999857084778 14.505952033350756 98.774810704392962 89.771778050678051 32.666400166333496 43.882523814940214 82.539155162229690 18.294369225203656 4.636774353773710 95.094595290521383 63.572642539813131 19.507284218401409 88.959272702969827 56.384342150271202 2.264084870411331 74.830676330291567 30.750042569861602 46.721788371455240 8.370247477189629 76.389974824909814 27.165345684282162 47.893427716083423 25.910476396103821 92.157717844619796 88.218947572670999 77.694249735749707 93.368010979940266 34.867982204094382 46.414175827204595 69.584396212841597 79.464132397849056 12.037332840385007 72.359386461397250 9.837913362674644 30.647444529679781 91.093613079386969 84.700456119632875 47.910539848268186 71.755514265016529 24.643447757732151 30.356804831010098 48.712015876006419 2.609050291178772 68.719317587733300 24.117883146130726 99.875939781327745 52.500677847795970 75.090656690472613 33.199461350581359 88.194311464430086 66.835236456423587 9.836360752728968 75.375650185261222 68.244655227676532 53.001625874643231 38.546670605255606 52.862074568066120 58.295724561050221 68.730245946949040 12.063674499217413 64.414219967640278 14.751017204059913 91.472654553722137 36.735834538715380 23.794139730002271 56.899329832654786 47.339117006009424 58.365201557069938 74.170695167131299 64.414219957485557 14.751017204059913 91.472654553722137 36.735834538715380 23.794139730002271 56.899329832654786 47.339117006009424 92.555584755617033 27.102392145804000
66.792889882623101 66.642452677705521 61.587316023959318 78.304450976261649 86.354437585366256 73.063685125013222 18.036183389174287 37.027591302858731 48.503956256571399 35.674430151390588 92.873002836908867 65.041336263056792 9.294745014616645 52.903184893582612 56.301570823903567 28.915029625799182 91.485876104316816 19.893318868672203 19.218963404576971 45.448610313883798 39.646804610136876 21.627590273309018 52.301631828296905 21.489091023693874 12.607314128400093 59.931089889525893 21.197916785235559 86.668918994977446 19.665080544266278 43.087537663452238 63.771575828587046 80.913934700486962 99.541291719539203 70.084360926782708 46.738068680906018 3.284739889884969 22.288375101332203 45.660083115954599 30.235820109966916 4.744546575191322 22.975672839852258 92.354591240901172 14.721087773308138 22.110124729072545 29.266582306614218 14.078712027819051 82.238413956860654 47.656322462094927 24.636326373583007 91.473774390359580 73.866909477539494 98.917690321833362 37.403069265738885 6.871939503165125 84.109211112154824 12.379940395895883 42.985839712295714 97.283688163059338 60.077184364924683 40.725363340183549 56.538850970433266 61.873181754149428 58.531072240899348 8.820641797470453 39.470559257688706 79.375090358787403 5.438512558183561 50.174666836786216 96.725659598910894 67.906186253099946 69.463903636101236 13.036826748255059 88.728031371482103 23.187717172490952 29.246918487796414 65.567575699742164 6.221068707723088 25.269352201782258 47.189956547876832 88.058069176085070 7.605398807123509 36.909442335796406 77.078393088990225 24.309613464251502 43.157211090081915 87.198359771968313 18.087213449814111 72.437099372081306 95.604171656375769 67.262813790568742 46.531371790728116 86.196499853792432 19.191939942286986 48.963847858993049 79.683499372794813 61.622411164854526 75.564266507254203 44.373173776233713 5.317697243024089 66.969864210951584 23.016869513913850 79.251506655992728 54.233469665019676 93.954998841761977 30.188489282415453 87.262925424009154 39.162880192740680 49.196713319113847 19.137243781658754 32.743622526405161 67.948411964689811 9.899205214448193 36.871806489013537 84.757195385196738 36.487574784608789 9.360966787210623 57.313096777770902 35.003847615721796 4.812864275867978 10.118808646822764 18.470371264105101 85.445946604748542 42.722986123337961 20.191376171560769 25.304113997248258 67.430579265487410 79.194221544839166 1.707305956289951 98.918725453828571 40.694767171328870 36.990213545263707 73.484536767863545 60.185335092295013 53.715498560670071 94.884938295377040 88.648653024706121 48.817867074248646 3.597882507675720 18.559450904598883 46.215060195656690 59.867579135869505 21.085630649289456 83.620926922642397 49.406286522324308 44.987424040972932 76.281621595649725 77.803725853840973 3.479054318540087 3.477897665636520 52.447680143627430 14.753759002755206 80.102156018109937 10.249042041776047 10.011835986861851 93.009036222789661 43.692692079887038 64.939720215043934 12.585786125811948 13.998858353616384 97.919024544829512 0.645214354507850 91.440664616865206 84.059608514446353 97.415048614622961 14.195321519429694 40.545749520519983 81.775300318578019 83.764594452160296 18.764351535645783 7.046905828832150 19.810622942223088 20.263756400779918 61.528430920936160 55.151750156270261 12.561821102225323 55.481355348219196 44.471256795542089 89.928961652549503 59.783551198310079 98.018794819145739 80.322903080378566 1.757243506852502 34.533171321621289 29.286831130731429 28.014071586759815 59.285737764226695 60.455876481860152 50.007561571652161 55.719433316322117 11.141332047874764 61.146648024437845 43.875482042902938 16.413571252993965 28.811237459300365 12.841043890410441 82.510179541690945 2.347702985975553 61.277096489833092 76.639686697648955 93.844440853574298
94.417685081919828 26.379546217039984 5.951634235231484 37.615469526520769 98.090183858987885 4.366570396249047 54.753932066304586 78.978749109373155 23.964077052955489 6.908753970949766 7.753240485726264 12.111531420198475 50.077370238585374 99.343940428229715 82.510179545676237 2.347702985975553 61.277096489833092 76.639686697648955 93.844440853574298 94.417685081919828 26.379546217039984 91.701323761514800 77.206216844973625 19.272281598781394 69.684315111546070 67.290593224177215 4.673891159724275 15.751257099777138 2.574863366586921 50.530326649146154 53.933434281770019 97.181377802637599 4.536383917941511 81.096703202708326 48.059737169011598 40.479837349549285 45.268966770606532 3.849414395735962 58.373827353268105 99.619495087946120 68.420205150425318 61.142065455377292 42.653905130047164 23.944800666000752 4.207089837316669 72.421479796253308 53.134175085124994 28.244569712180390 21.073033065091039 53.134175085124994 28.244569712180390 21.073033065091039 38.415550951472333 0.852496950957427 55.415457726684259 91.013885556169399 43.391251042718714 66.351330474792448 13.886230431886625 40.990309343957598 19.281059783304734 72.242260299527914 89.066325826939192 12.791131173838089 58.353394078537491 97.096151036563242 24.875920977231736 59.950876428076661 36.712592331409546 15.989106511813455 82.823895744306725 73.456091810637147 95.470636960425850 45.755580165046794 87.016192853726253 27.724266379174512 36.043356047835395 19.311602308260046 59.872924035067939 53.565043611808996 76.775065836598799 0.846426232502406 21.533347470656249 16.438751493945027 87.074358243675675 17.958047287735713 49.993772919510249 64.218297533864416 14.883164274953298 2.934873540540550 82.021464527670446 94.069900888346965 92.545956985833897 60.135639724973210 43.448071886798367 57.542987722735027 46.350238237949334 49.696857748745984 0.912477699585545 59.738896706293133 49.436039557449774 68.823063474051665 97.592442609195956 23.347154179683450 27.359439080537463 75.135542917478290 27.043116960424072 43.684976825627906 11.384420695298259 84.702517951601436 55.885991955227333 51.349153858953770 79.734620316966911 81.765335878913305 91.435919074688812 12.116153513197613 13.485814103244554 93.216237355338578 32.956936751041418 84.068249836634109 82.505362925657650 12.440465136245194 85.069675808770810 45.607046057585698 74.394046390186190 70.218263282167953 55.877111090733344 63.372165983043750 21.184297678945761 16.893768950111323 55.725881272588254 69.092010366353080 39.017639872176680 65.079322358771833 40.564136669372196 24.264610603322566 41.968356130605841 8.313159652766533 10.834428361261828 0.196861845788110 52.563680658607915 5.369471950336879 53.236636311119291 98.759110236846411 49.944488893293226 27.724127507245612 95.662277941808881 42.826600754592391 68.646583661459303 44.669527948657503 19.777069483353216 10.731173123412818 48.644638717816022 98.886106008892469 35.058991457793944 82.474456869138663 89.490135994468446 86.108735390053326 23.486244457905102 5.303470465673465 49.314201426048911 14.157547736951038 97.503506581801346 41.716098643739961 44.446271437226301 85.828096815812827 15.450288031133619 2.110424329162941 41.760988999849758 36.795450745196909 5.355479850043309 94.806552358329952 5.884918532537753 59.924123888181981 30.685439453872910 72.083858570118593 71.883664245626264 96.716764314448454 80.011394118887821 35.430285675255867 28.395620719941284 59.488404345903056 86.650732336502898 25.866947527997873 90.905490963309745 17.451207322506789 51.110237105438216 66.711349381214418 77.265715888414775 74.762791588221191 10.058908367256759 57.548394615491127 22.468905074327939 58.616104716883768 62.927940463559651 92.393370035531134 74.306617310502233 67.783624151341499 31.984237727509324 83.108221391378706
19.740194421773751 12.852433878288283 12.852433878288283 9.775555981011163 0.246261416179994 74.411831664095331 76.426147444169459 36.120576280776447 7.505307104735525 80.466449543162099 57.035567471112067 80.109358526316711 69.165778359725309 32.213495350010270 5.224008875892372 85.805864858578204 29.481817655149921 64.874768172618388 73.001889664119687 78.278208688821380 86.668787605039910 82.637495095577535 65.489364641651591 60.699231422504674 42.669502717288900 44.014424526545923 85.822636778078262 36.009982938331220 34.347885222303475 79.052106767950960 93.006104094089309 51.894070053685581 85.467388864546663 21.472798679070102 12.522910911990227 69.392044569696466 42.591023691564409 92.629523230781913 26.477953306773095 58.381848783592183 67.466051094522783 82.017793197876259 16.879818194422956 38.300239226753206 99.451160908452636 40.559837808316388 71.910207662889363 52.995337453077219 92.655206058409817 90.778355145230336 82.080292210606942 56.886372495035417 28.301084155045853 96.151758378218815 8.589294500875422 71.097659579160393 84.061354664660186 88.856565194917962 4.859965923415310 77.143326538963564 18.946953045359784 76.887181485960170 65.754706301410863 87.646409480733467 50.506700567798333 54.391469506080050 43.736228609398019 63.815674562693324 22.644811001812847 31.574626072718459 67.558518887415147 9.995123336675270 71.346814966386049 61.739285183724171 75.391504667810779 16.772084158442336 15.610682235420681 99.234737772766465 93.775044990023190 18.333004169169442 99.234737778506855 93.775044990023190 18.333004169169442 22.826345541007498 69.368224016647559 72.443360267061280 31.251573603129422 23.931788768104123 19.457690375767999 73.176417051443551 42.798589703544522 50.718421468113398 92.661939222545811 36.263382211024044 45.832144748414329 84.458033656311912 39.397063110105101 22.730965901140276 63.749463675958509 87.763282831597849 80.628945077289714 14.630451797260591 83.380139066690845 67.919606269188378 69.698546321179961 39.958285304580734 63.734101922536858 40.280362822377768 58.554958211266694 34.610842277680419 66.134176798453410 43.417687277797867 98.829548969171682 37.485295441700607 27.020938246506056 87.411667495750450 97.226549275209720 73.293593925519986 62.326383876079852 99.890138093766552 90.985748888871640 31.344582444269964 46.855551330083919 3.859888197827877 89.161128009276567 11.154814036326155 95.795680713954070 76.192000565269240 53.794185121668825 63.244182539562608 73.742658044039203 65.377977671826159 23.394004198991691 78.759033335389987 96.400926775672673 85.179726976967245 29.815688052670055 8.910795450791387 56.979950438383206 94.953908541203319 32.258434724465125 89.271152583957175 10.503427181829117 97.749800165448335 69.675640836095468 19.259696841063946 79.111616516891544 57.156010988489250 40.073819906309701 5.604891078257701 48.283292608428951 93.955809712684641 42.494628119705169 60.556745554532569 11.843384559494430 61.728515358398170 24.321987301171390 41.873518677724320 1.135980503285161 18.872160161321460 95.112961522855144 60.567121529663702 0.606273005777325 87.392011360429706 99.667556985306035 40.001249384912619 72.079238559139895 60.211489018322375 63.380108175159023 82.915580712229882 16.328056202548190 5.315962744221059 6.224798076566874 32.535389179732398 31.766166827463525 91.367156223694948 96.063294719342977 96.909246125566824 11.772429492927927 40.965934052345013 93.066695970541076 47.384015991788473 47.413238601701345 2.565671665016034 63.828009542449749 66.054382133648332 7.428868963979818 17.542942302061160 8.748476092269486 41.525089382600001 91.095147432921152 88.837359317054137 19.502552190928746 36.249093963560597 77.098635249501612 53.777586418116485 62.745421073788478 14.958882327141909 75.854138742498336 0.842620965691598
26.077472688021142 74.175530135942921 34.825128827289866 74.175530135942921 34.825128827289866 38.277883701744166 67.739939625764251 26.686055924392114 22.355320973680904 96.966727273242654 35.259689879372260 4.190580889048712 2.517892770705610 35.034586980831030 11.480292636938859 16.027244392963812 49.161621122656904 83.231817926345187 91.959885732275552 14.618815465077128 42.790030714734172 25.187457316339025 91.812127581637256 40.561143652623535 97.442373731108233 11.645162969040012 10.709246507061476 23.651593375939640 47.650593776305641 96.538112190526164 20.495622286930004 12.537650070181472 45.264952408270474 13.346201690692173 95.579878677949765 54.126879819611020 77.033998069638244 27.577885237159837 18.601959060842212 92.417489221136137 36.097660949825915 40.861797652094566 16.128100694596604 45.763196418049404 80.762426368560924 53.071065975330100 51.020129474741850 92.029166238780320 49.754434405716722 43.966556267855161 77.849435024485786 12.831821152045364 8.831170730463144 33.143938781426499 63.507999194732534 63.379201897933527 40.037407531270574 94.277345906995109 72.886072852157099 96.464641306397795 17.341273564430402 53.535945227516791 71.075976880164646 21.189664922013030 43.992965096491417 20.818993723076396 64.583880096108743 31.819983928602337 50.797131113010963 1.906234328922896 99.241361382137683 51.371111113196747 78.227209701047911 72.984240163748311 86.193468144952092 47.693484783435721 82.037782537323565 13.106369602157930 12.310790456189268 79.590529993236004 26.984290201432117 44.823862484347288 35.084856291674306 24.089210866581269 43.651593644923047 81.549615141584724 61.754643582235445 69.875563195176653 74.009876682593045 51.394142892659204 35.215334237714423 18.588826704751437 42.561947812796262 24.738177075706634 64.634373311902678 47.101505826967042 14.255275162288527 30.497351449763066 4.962963352781758 32.921279119873944 4.031386535797809 56.737776093526925 51.017644151733876 31.284219983648875 38.472367778931350 70.127959717184424 63.129749600170811 96.659889428996991 66.279984394247506 53.936969453975379 85.529540263754143 14.213253853466179 57.985783818488059 30.062365249304747 53.509265218293287 7.463965613665158 79.798142352359704 28.699633210217289 60.042996581264482 45.590594388700076 31.016451683949153 89.398511366392981 37.392943991027117 63.975923065023530 45.681462168270237 98.552322417229306 94.473310034217263 72.566867063243947 89.790361492100260 9.447361302742463 29.575584342297134 37.425908726330917 96.074807243712385 19.652954385131892 10.762497470185750 66.049283230134478 59.412272425681721 18.328201737011096 6.433386528596142 85.378726580210540 51.285780478054988 9.207280927961081 29.720857232185281 46.926804349342412 57.196281371081511 13.177291121563428 82.853495821362515 11.471306847289053 90.709431454242477 47.960278797875965 51.669549115449811 80.511940385588730 11.078856716116581 69.171680775076922 47.945088670648239 48.610549491436096 99.070173612219349 83.817676043687413 83.183420574687744 47.193832336807631 27.054740896558073 59.419100914387137 69.665787315214871 65.086494946540867 75.104006578113385 51.528644582452024 76.668181230206798 13.181363377006882 86.656956610904771 76.727439296806139 66.325633487518303 53.208559345359838 25.110496601209455 38.605075525576240 44.728133435445926 5.182468872120305 82.401593441005929 71.150150323304004 22.092414095196268 6.363433425793041 36.022417959254895 0.528454381979537 18.480576163945994 37.465329550082224 11.544207631793446 80.226593368796969 58.386174204404796 73.493428680538358 66.258136742295690 3.554952660934019 50.376360491295159 3.969078609072629 57.700774668773683 53.797558951924785 9.807052432663522 50.387927504149907 83.145218047435932 40.928865016458836 47.853261341193353 33.699292300028063
51.539836193165797 5.063450042909046 72.263897395289234 10.549905257948321 18.890104677076756 43.061294463650121 55.814629562208374 8.300531716916748 43.655466331206419 17.170303812643674 71.539908516352554 68.186605954425971 97.229947226465413 1.549039037303246 68.404696772683423 36.108708938554472 44.379947864044979 52.054042066478736 40.291617141022748 91.153866265070548 37.574730401258194 9.257684601082694 76.588427445131700 47.386728722490822 22.402221323436265 8.940803523907025 82.065134275886393 35.471360715801467 24.202657769870761 79.785579573841773 31.947629149967760 74.021216809184011 94.060527133010638 35.699473006118268 73.721757698147442 73.972461942513121 49.533805466763845 77.131205639578468 12.379345183204837 86.819332689673558 25.298409439937174 1.094305752914904 49.563146048127216 70.654041079289328 68.506635795519287 95.586267995265970 81.247133465083920 99.498460388635252 29.474924171386885 5.444772890123984 31.472074869449486 91.874331088830871 74.258249470989384 0.134444573051273 23.645757779491603 12.435680101693514 29.420903765399441 98.332996651896906 28.909528374033432 27.521979803356434 41.912604972577348 35.142256464437160 56.780689677442609 18.986486220281829 97.875241035472442 62.056034599478039 83.847833326967788 5.570817327114663 80.801390571059002 45.712784373681181 17.179526210692586 47.698520746482941 26.176784763571902 23.040319734610105 7.759907370696584 62.691666095605889 85.347846915670516 20.594208111357503 63.578062388369418 90.546334933969035 16.525050247647123 40.588443607135559 62.600045774808308 11.577342216918641 1.026693456941963 4.166895911906665 68.108423637863268 67.506629226973274 48.930714479087435 95.051950237126235 55.255160332633359 57.526046688342383 44.319864985874993 1.989416297869284 6.605948717237975 18.392416031121115 89.309589095993289 47.383802642964277 33.281984844291358 25.227984999068731 11.463887308336540 51.627472391883302 48.255993581725832 60.816152924356771 12.068288230116952 39.160939304812523 70.313058503060233 52.470522629515727 93.604389035635961 8.298932169734396 36.781153392985509 83.201336985336823 86.445764058881863 94.155761507226558 24.518519826267514 17.744127682364351 20.638637415417470 98.592153317512015 59.053358391947995 78.695035724391644 4.402086764357804 46.936702609421843 19.453792869993091 35.541214383067711 58.210628157280439 62.658787578357575 90.523708154886890 78.036933720420336 79.125618475355168 81.885399289938618 57.294171087266477 40.857206590299953 26.108227172551899 71.992090582062502 82.876580221062170 69.701391216921508 39.152653555310188 62.686313132692042 38.870538827948231 91.088476055741481 80.669581053314658 21.271282620270927 1.822371919575638 85.224653174300016 49.265768010541379 33.213478666408747 73.433534986401639 72.507996075046279 4.800839694921488 5.891981650548295 28.081065672382056 87.274237223547090 12.167583294748930 53.851842660139262 11.687521046738336 2.135964307811533 51.862875871565073 6.262391218160468 84.837704375294635 16.625240324490022 34.059508683263985 55.373934937360673 40.171009526992783 55.580862730123783 30.285417186360995 97.559872887271595 71.548072919227309 36.025365791992314 90.456401369354467 73.962767033875863 77.847108480870745 4.763298724024478 73.132448395603305 10.217583912501095 39.913873004841072 18.946612764528169 67.424735887199049 61.528307618054697 91.670279691619911 4.219250983878908 5.434910580878638 72.257890323245121 24.801213022903600 16.292705970219078 34.500268677309585 63.645382836647613 68.048317536595320 9.189897690764791 44.879523176014580 76.756844844637172 59.606582370182117 81.825086284623865 12.446839552518263 6.795903186793318 65.738480830419320 71.548072909976128 36.025365791992314 50.433975520633567 56.030743353852372 33.423645541504939
62.622499102323424 10.217583912501095 39.913873004841072 18.946612764528169 67.424735887199049 61.528307618054697 91.670279691619911 4.219250983878908 5.434910580878638 72.257890323245121 24.801213022903600 67.500184956855463 35.420713985350048 1.056708304488541 84.260280898414194 23.982186576718611 30.027577606513866 38.121641894256172 32.384780737081364 0.871285848222025 72.945423057260413 9.008762657678815 88.995757904715262 16.194143486805459 10.245565213716290 33.362906040931783 41.631353253226322 50.433975520633567 56.030743353852372 33.423645541504939 62.622499102323424 84.429655476733942 13.126911768624039 28.349466416970660 33.377300791406952 44.634656209056047 41.392939955610174 0.319089349030544 14.216185387309254 90.002656862830221 51.403249934038932 62.714648643453408 34.677609940885588 49.519312127941731 14.936062087086944 87.577365238693233 59.697091997245863 89.906238635948711 10.857366917528788 47.555072103999748 67.714062108960803 73.796812426292632 15.397074189150938 50.290181048079042 23.454942638431831 65.835657620909245 13.506298261885041 63.741354893634082 7.701071556052930 95.765204173109325 87.597026340470080 90.905448725319232 33.472159768423836 11.492175393508186 8.813791717763120 85.261531288014098 66.319902694189210 3.488759459946511 24.527478279641468 98.174273852052607 93.360645032504806 87.333331976063661 29.277018342676087 74.895518164502008 35.436676922874824 50.772249419948970 40.255770784548183 37.706119787074677 5.778090842287497 27.053806462691774 47.713552411971229 58.733986762888932 14.794398038624013 13.611570227966386 75.857505845543869 14.359543393504303 74.792753899711954 32.223156606578307 21.889135393265857 20.573488223598691 44.594413737426684 67.424735871594066 61.528307618054697 91.670279691619911 4.219250983878908 5.434910580878638 72.257890323245121 24.801213022903600 67.500184956855463 35.420713985350048 1.056708304488541 84.260280898414194 23.982186576718611 30.027577606513866 38.121641894256172 32.384780737081364 0.871285848222025 72.945423057260413 9.008762657678815 88.995757904715262 16.194143486805459 10.245565213716290 33.362906040931783 41.631353253226322 50.433975520633567 56.030743353852372 33.423645541504939 62.622499102323424 84.429655476733942 13.126911768624039 27.054638798977738 81.850703039239960 54.101527992285746 99.677986860928030 21.750654379127678 15.327612724644545 95.270653091092186 64.862559555077866 41.598852372394560 70.329602028298837 66.800950748911646 91.359000112968772 1.627397352506699 40.617215129607551 15.336511204356007 72.861343622605247 77.705426793654297 81.090778043969664 34.255180186169618 32.130324072737146 15.336511204356007 72.861343622605247 77.705426793654297 81.090778043969664 34.255180186169618 32.130324072737146 89.784304733272961 10.225453927608285 0.913292355588635 51.988254150079051 74.473260428203375 51.904731831870251 26.895859243735497 59.446157018598036 44.162461981403375 77.012686516942580 22.719302028600008 77.138995617011901 84.065594385996533 43.572850610356404 74.022406982825970 31.622572951151305 75.110898197495999 66.423888140309757 17.380524585045588 98.067431050463469 24.173785840407945 72.165746312721424 62.665344552668522 53.462134174283335 57.452095794598137 82.936240617923275 15.151307425167682 0.038000315948972 68.853199040533525 51.231026358595123 64.688365249729102 85.989978160110113 81.427222062993877 81.090171608605871 64.968024771285343 39.523636092724388 85.276668872946189 99.263492060258656 14.340266767990894 62.233491004826782 33.899006367273856 28.384646547387725 41.050858881912880 75.423464692833804 3.997573855131775 41.050858881912880 75.423464692833804 3.997573855131775 62.045474103971983 27.195525504537375 62.573544170980085 75.026317124105987 74.139468819393457 94.828921699263475
90.690290387075748 7.089385770919554 17.463564855299254 77.816272820099854 25.251051930965694 78.147465555716707 93.933069911519397 13.209330627388349 32.397757640632761 84.487296059382516 56.608111049246816 82.330547946612356 33.349034483734854 22.775307790659816 25.779843629676023 6.683602838560398 95.912027108854318 0.256914816711884 58.208943075287621 22.292400882251506 36.616615470059223 36.008223688940056 41.902718012996857 33.070369489786842 28.180361426392665 72.475738817487994 58.623873282000936 14.880463633868191 67.830875998573987 25.579046804171533 1.754597023835913 64.210429470963078 6.487132656959115 75.553661670254499 6.823669149571499 9.849556876441245 41.223681682975069 60.520009101072134 96.691665871069219 33.791790774779187 66.798030374156710 37.069667795112515 16.600686790637663 62.746523846067205 14.974061782874138 41.237821741414194 4.372992006447197 88.506412960619556 80.311509062239097 37.068469944721251 36.828168890182447 73.509469951160398 24.803456027214310 43.589096412819096 32.273206601708651 21.461032383341539 5.145742010684695 50.848565301261395 76.479981520738605 95.598357314696003 82.276957643835559 49.595216530358023 2.872313565328777 34.690597313308061 44.269725801631054 35.684702497220897 59.571046787946372 87.327234299793730 97.337613720901459 69.054309253040884 9.632935599932956 89.456601786152035 68.020829664667261 56.732349556081083 73.675847070600852 71.390933217657945 70.705725471819051 54.086169145120913 29.389760049439552 59.127104040001896 68.845836231302400 37.679444009041951 40.262774939518820 1.581831035072878 95.035467219148501 25.823706432983585 19.243011694268986 60.955306031092114 18.247183706274217 25.016900505422324 80.420254364996765 10.392297919054638 11.441737725600321 63.435855400809729 66.322931927065781 91.169310685953931 3.430851275525915 3.430851275525915 21.212216284881112 62.551847580111421 18.074783151561203 33.662411716072093 92.628556857914717 12.299280160826608 16.949937352011812 28.640078950472237 30.534707313747433 18.149351397598412 7.255855202222971 90.237743761979061 97.934545902337149 90.623523968547431 45.994460415937951 16.048366825952808 64.258912400722352 17.982240593197030 98.170147236462228 20.407802249181007 6.169798232840118 64.559619953241750 37.194753690854533 8.630726076813266 46.784701352569300 65.508533868565394 38.357973834787870 80.444680608300573 43.937721316428160 26.457889842407589 34.139641695151312 24.305863047453258 52.420852178186770 84.006118110764049 57.242266792121931 43.450796564880058 41.437296560561080 5.853247603200195 17.802816018270018 71.969981559729518 8.405486455647182 94.481637434086025 13.397479882553686 16.436428780555278 53.786430355564043 24.305863030790420 52.420852178186770 84.006118110764049 57.242266792121931 43.450796564880058 41.437296560561080 5.853247603200195 17.802816018270018 71.969981559729518 8.405486455647182 8.211368101632409 13.878721109135373 53.682227820007569 57.853709500737885 14.868996712921467 42.589953020219461 31.668045178694172 39.717688695437658 23.533808831160176 18.250190613700244 62.684339189450135 77.293053105241469 46.545480952227948 76.350963968784242 23.798722904242975 25.495384143519640 45.359463354044330 41.562749397757102 21.066859953750306 32.717762992462561 94.810948291911870 40.592086975914476 98.609908117408708 29.977398193748584 66.581584188043564 25.697445028295895 7.552922852623611 28.964890258540233 91.034142634774767 17.525105979252675 68.977203587310285 85.342180128721807 81.031218146016798 30.440282960807941 30.065503203844468 77.440104897221119 73.485796052205799 94.721670144121745 49.441885253951291 3.842366238313122 93.352501524998829 82.293714458939291 10.223094380357567 42.996510884916361 13.442657050333906 40.028061537669281 59.841690238987923
49.641124464714729 40.154773172639622 42.989823701818509 40.066864654360799 65.657086917225456 90.946956734838437 45.037253872006289 82.987536542550870 53.675958667806633 78.694372321215212 73.343639537598506 55.797491913727605 24.647933862889214 72.218940174191758 50.976829852680538 78.769985996466289 6.730137699684368 45.240218189685763 27.869769336832583 95.622485277212633 63.060529776747906 50.177309834624815 42.286276061590847 5.736381947063240 96.770548606144246 24.926389065200784 69.806018955187071 1.053815575597550 84.323006729568434 40.753599848977807 39.850252380548923 9.807912124213757 99.240917480537107 82.749026136649334 65.457222171804247 74.724704912489642 46.879591037938248 94.877852339350639 56.777641157119064 80.042125915281687 91.417869220495945 31.891863044461608 59.737599218788581 64.888304590268930 73.721932742206903 74.153938632339660 11.148662024067047 28.608491498269505 13.873741507703730 72.979702884443029 27.399380400678051 80.789320780225950 15.883482804053539 18.008433103648358 17.487427759714912 13.586316325704551 71.594728650692375 63.172312560789322 69.779703886375387 71.407679487699497 32.859343066299971 51.324982908039793 75.112003546963919 41.139224911223671 91.787170775670262 17.025903566027356 30.011419093654478 52.749370768502324 93.315297702911323 73.158280015179770 87.823442380320373 32.158599794589463 42.786606208540512 69.024478976822536 75.518868560722638 42.034405508979503 7.785023468598650 20.662299789677352 36.216307234457943 67.754629469688922 95.492380270856046 93.127831973983660 1.689552595955601 74.952639284148532 73.897761028432768 44.829907995276031 22.471543382203475 71.350132210283590 27.118365289019930 74.883692504678550 78.691839965161208 56.169378502696610 20.345230733862230 80.883650573751723 35.641101915743242 3.859853856882811 85.025077057779995 23.153646735911281 83.560506047418841 2.639476378112737 93.795287669873801 7.949161207003930 83.178721880826515 36.293833344163808 64.793581501423674 21.662694863604315 6.266823938910338 39.039827119665738 55.727668908641448 12.867167205997399 15.806282957364049 13.460306348150619 20.444176376703361 24.993061238234947 35.091348991976147 60.779482698179230 93.917814651557947 31.315245786856583 96.335597202365534 0.557440914872720 36.096350612837824 45.391452290816069 1.709227436027416 42.034405500841679 7.785023468598650 20.662299789677352 36.216307234457943 67.754629469688922 95.492380270856046 93.127831973983660 1.689552595955601 74.952639284148532 73.897761028432768 44.829907995276031 22.471543382203475 71.350132210283590 27.118365289019930 74.883692504678550 78.691839965161208 56.169378502696610 20.345230733862230 80.883650573751723 35.641101915743242 3.859853856882811 85.025077057779995 23.153646735911281 80.463189191883700 35.818590275752570 26.715087822598925 66.481241710295578 87.222519162199447 0.061970842496084 74.408359577977905 93.736613733985649 33.560929727928404 19.902909608292418 70.154384646798178 92.900698278179163 10.374208802370799 82.310237890401098 26.225887673071611 43.390789797377984 11.318730155834567 67.409811105725097 20.458240040174402 44.931033612005365 41.922562326241199 73.200794684902576 59.448100117921420 31.596710419622319 45.144396908684669 93.060116848208253 56.477684186559941 69.658600087459078 21.516780316229134 9.890124476592066 92.530981246155534 3.508376873408248 78.366223123321305 66.575378561420024 51.411225795566736 84.299137823537052 37.194478176994693 62.795039472985280 65.982706252585999 50.603404790808227 60.828179740408494 79.067242162736804 73.866919256008273 97.201914789630564 56.289364724934629 57.621404623014392 50.381585170221186 80.914176632734922 10.495271609387459 12.536749256247115 88.998519749918046 4.228416904572896 12.440606141563492 24.773373961246325
3.858669233421264 14.717295716507895 8.473685047375346 60.896758707792955 50.980967376063560 77.766980700321852 78.709502415259763 76.333579457553512 24.771170620154127 40.142285772025900 32.845468495315302 92.676042549938686 59.733276956499225 60.954681747971925 57.757460463460589 12.489241737017432 95.005123013398858 92.155449301142482 44.188587907767094 27.549810783250361 65.240319681729957 13.733616533437631 15.666484230499734 18.772706730722032 81.387762758248442 74.421517519325789 6.539433657032401 35.741786142149358 81.241339000867953 87.268635061875798 94.334067740493140 7.702358493347761 77.348020148535142 90.265753401187652 85.370464418986728 85.918245439745888 50.725717905589654 21.727497385621110 37.196140401112075 6.174025322018329 94.494358233837474 82.568402142455270 84.072919808325409 29.175343468367476 12.896285835368005 91.703703415399588 8.813906687379291 56.076294288757090 23.146542922802528 50.930904768928897 37.670037538292753 36.273749709757887 14.839313063805514 89.460255117857045 44.712691381757793 24.601275517662891 30.570878173539896 96.286141324266154 63.564021061017229 23.749322898812807 0.094540423061640 69.044083870556349 83.225498261017250 27.247496187833619 31.222632247347569 60.594119706211949 4.366242237086249 8.443378129953782 95.909830838315827 18.261621413978347 36.391834011413437 31.983000119133600 71.897445483633433 71.793797077055729 50.602813898523145 71.793797097259443 50.602813898523145 57.041116964162576 5.500028618299579 91.115936682716395 95.489482238583406 23.309588604569388 2.845220128775405 23.543888055363194 97.786361902876578 94.619410809427677 29.930297673360695 10.584187519161780 78.147917845920276 2.506139657794360 97.802558692293360 70.440671098014292 52.776872103426385 71.776953047974018 92.901480589728763 26.328497915265082 15.093279348134436 43.797642986749189 29.930297673360695 10.584187519161780 67.986514023207675 11.650380636906588 16.018027314341264 79.851549378533491 85.574764069196902 41.206855059011872 2.945648404720758 88.981332133494590 22.561720156009368 30.025851654360068 71.970441651713926 1.699248688222144 33.803294951221638 72.479229614514011 70.967502782991872 67.873155963257432 66.999034953532117 7.183109687820854 90.644795026932854 59.708898921297390 52.453167903483113 53.714257425356060 53.478631817266177 8.151552836717901 11.956600626286429 71.122025608781072 3.883227505785969 18.630720348494389 96.350094804996942 64.970951681858651 84.423481926919251 63.447014728850817 14.598566310097183 98.417514526768130 32.819938719405641 86.799321115034942 32.813285364985248 14.168555194152599 74.227362132011464 73.203594318075176 54.227561130618241 90.605302350316236 49.533674979299334 37.142396886551474 71.209339233181709 74.227362132011464 73.203594318075176 54.227561130618241 90.605302350316236 49.533674979299334 37.142396886551474 71.209339233181709 75.479376517655965 70.980048277152335 78.170351832772013 25.338081160464863 45.784326240938931 97.846170462016843 38.800192543824096 86.784147771681958 22.790843213334135 90.506399069747914 0.371473652191823 10.479200025086509 29.842266812150498 91.834598652171124 61.711634118037686 94.083569711449186 46.864374352721939 24.192266276739549 99.948178611870361 55.606568188683482 91.330740744749036 48.108582524107611 70.385752503291982 96.123347312333863 30.366270064615343 4.110870518066367 21.697665963914382 79.648338711778749 83.953300066911680 56.686932489551467 7.204756539727041 16.964749407600486 45.435282043571547 4.135350994403220 91.191019044092599 84.922707668953649 68.375028231640115 26.933895893092274 27.560274259142826 48.277719095259862 15.662658397600360 48.152732784741573 14.696981010827969 30.887525335598877 70.938942359738434 15.662658397600360 48.152732784741573 14.696981010827969
30.887525335598877 70.938942359738434 10.014871213914533 39.911404989913748 80.519049704582741 22.474912043430994 56.695895732006576 94.229269853931214 96.814363515826457 97.277613365832153 43.050765961137117 87.624628705925289 17.131453961397469 24.490356270028300 65.062853851757794 58.602704948402305 83.530263764371455 39.181594247188031 70.833950512408649 16.091960655304305 97.131783349352091 47.160122081900809 77.727405220384313 10.525319041931724 27.568083246844509 94.305540847708443 92.295913402492545 76.716582814799594 36.512784640802508 27.868972358530485 31.862380430072058 10.799071750909139 86.496148778863997 44.760771602412440 46.224505199322493 80.378301338465320 75.455023978192287 66.845856861672985 93.335745401067300 56.108237109443714 64.691202374534086 44.890045020105553 40.879527798258962 22.058722571878398 89.233373447716346 3.918652960939795 28.119456038034720 30.862646236098868 59.371051090359231 42.363439183480857 92.400101292007705 41.276022703553593 39.412422247618025 93.513649412311551 38.928744878573575 12.036793238250109 13.948062071227451 77.083271153291093 1.311790638853561 63.949173422998804 96.262984050780858 98.872223015301557 17.870341719278326 25.245702734687491 86.695917496795175 4.538051958114719 45.371787813543207 61.627090905000159 91.115114829823057 40.161949152924535 6.915264339303750 66.555357251953055 23.113588617684609 45.090698121599729 64.616013060008655 42.063590943744508 92.160407937278450 12.939531644295343 46.667498606058665 99.383675780205706 31.426278364851402 88.783430978277210 41.235864395789164 32.353514309734877 98.365941792597511 12.879058784869368 98.916751857372915 34.727533968367943 8.079527828735211 6.049205300157102 48.713102115994708 79.827663185329911 83.237990391847617 70.808711625930982 45.134724284882509 44.135313653092346 85.576520063573753 17.844537575817753 46.066196434563331 99.554007416153269 88.636117441889482 0.616177976577303 57.167341787441870 95.787760782853653 56.040222546331698 86.734349485507607 62.275216314515603 12.265188765902579 55.616644964059283 73.372598471421881 67.776781672473490 85.629118695138885 86.773170248083105 87.284101515633239 23.122611457454092 16.792127628398102 19.427805872905846 97.056508226270722 80.089624099442773 22.170201802331569 28.818225293018664 33.877739080289651 57.296586422160409 11.405828006885145 80.923710057459957 85.757133920124986 70.388834943709227 7.880255879667608 94.227902945858105 1.803332431426297 38.885274474973230 61.784471295275644 73.241789333492406 29.848486432523480 19.078307653849681 40.168533852579657 68.154562371567025 33.522149008859984 62.829686701242991 72.235999098592643 32.598178068331393 45.448159423663483 73.289765275775792 39.612743931760043 48.714921820863665 66.660977883382841 8.285224713093964 24.583343026630487 57.176242119464625 91.625949698130583 33.980795263480957 5.219320324197573 12.060750378089169 36.701439084674149 10.967610793713412 44.125814297123377 99.995814053674067 73.309350873081442 65.321941725784484 15.757567515871829 89.686859690430481 61.746837935429411 64.424673278129603 53.986397584918663 85.772586152746058 63.114106814419827 56.968124180684711 59.018886771524990 87.888035714372450 39.101506997907286 6.993322888907095 4.374725350518583 28.897394972781477 80.257586467387981 1.058119320079032 2.456525566518086 66.671289252866288 83.908362569342856 74.455112584546640 77.682740322006566 14.345798622201567 14.729587641184260 63.012069247214860 3.688838189371746 97.740478793295338 20.449574029704841 86.877508364539608 81.157707618201314 98.869071625310241 90.236671627029608 11.632404173263456 46.046849857575779 96.775040975630347 87.778265157741643 83.856903798255715 14.345798622201567 14.729587641184260 63.012069247214860 3.688838189371746 97.740478793295338
20.449574029704841 86.877508364539608 81.157707618201314 98.869071625310241 90.236671627029608 11.632404173263456 46.046849857575779 96.775040975630347 87.778265157741643 83.856903798255715 17.396451747366282 67.500791294546204 9.957503449071481 70.594604200955303 60.722069961403967 34.924544113261511 99.189977505307553 39.961455346323802 0.274437957622786 68.869389922564110 81.435750000197729 52.043617729593720 87.374732421722555 55.956026661020054 56.253178857752282 5.244070580346594 48.253196719964507 55.986972461535366 91.932241840305508 58.648884218976050 36.525944461631155 28.337085342974710 79.487073202076829 63.438526086097859 46.435833596710516 48.461996696969464 84.238959525468488 64.956628803103996 18.982378708344637 35.801105639467181 37.929385291192119 51.335246042553152 32.702902094880002 83.965554382453277 51.401965571684528 26.902713074962804 26.197552844557649 86.238716552540822 60.310900165018943 77.700362637391009 45.160174331454670 94.797111189736526 5.453397429523276 91.390033118120556 64.013984318030396 61.095187583490286 98.144773366307874 64.774736633813333 38.900707717479833 54.464956370937998 90.117684363023514 57.438892013235900 16.061217839610254 55.130017209255520 77.416050441843069 7.330687536790292 80.325223274661639 56.676803458468228 23.287120989948807 74.203212196809105 16.307503706737169 43.608599320440177 96.223423866851491 64.195138238234534 87.221148614226976 29.526457372349256 46.848808685209875 63.820822856749217 68.841866336615482 53.656101248897549 33.932421080136088 33.932421080136088 96.014811078589119 92.604846593369345 83.058515123101174 72.723886461856992 59.539851448123358 84.504102053331692 23.945256896609159 34.549752919123698 75.231609699687496 59.615581225939707 51.231721821443479 85.174690789346556 12.627451577145422 69.568468626721682 4.879175719907036 22.157742847386032 37.959282556896078 22.248204238998760 62.649708632636617 42.514262673658152 11.899104723266863 67.155670447039867 66.558514415301289 37.143474711212264 20.286844087408284 79.087725862639573 14.261645125789780 12.791352528190348 90.214824283848500 25.275908401152016 15.842361872473687 85.216268218778140 46.667755026050671 12.589414468810233 86.238216904151983 85.308341469734998 29.280461400684988 14.302931058600333 42.284235079337542 17.131295170595262 34.915722430392314 25.146697664711070 18.598640617862106 74.756873509508566 55.447749782592751 73.727924747844241 81.266320216771291 34.880965510535454 96.151541949439803 43.284292138869127 13.929571007556440 8.108055466466691 63.153203573285523 43.697931593017415 50.401300347636457 93.153112488010933 14.326812197532323 65.426528260206069 52.081595045907527 0.845057355184020 35.342934651701363 69.366001495493435 50.057359970855707 88.149547073424642 24.764708998446416 62.628493158596001 63.153203555407941 43.697931593017415 50.401300347636457 93.153112488010933 14.326812197532323 65.426528260206069 52.081595045907527 0.845057355184020 35.342934651701363 69.366001495493435 50.057359970855707 88.149547073424642 95.193408586376776 92.787961905987771 49.732475511874782 30.742805559549545 12.441993037025034 82.200924622830840 2.999966103592067 93.189113418976135 24.649560825068427 35.697321418450443 10.951059083135883 31.483813986222952 64.084945553145062 99.543967261904911 76.265372108947858 8.191314897863755 87.542079291168093 78.679746996738714 73.042181140689920 19.809277865530984 86.545960947615995 78.723546588709411 90.741315360876285 16.741456564523837 68.868328090121594 67.386068039559760 35.799039476364449 6.564183150805015 52.873315347649438 81.211880056311529 72.576150258789113 85.287379644322712 26.373792567519526 98.451447092686507 93.681831704079841 49.300573058469766 88.475824946596560 45.538738496048495 75.452561932426320 95.476872243882497
70.237823046576381 31.550540817043693 38.651997727225172 17.863660422678741 77.924960408151065 45.353696892333048 63.540328719970738 27.812921878749798 73.711975993783923 98.334288143987607 6.562867219745183 30.457352416834247 50.831476597751021 75.154629940717328 48.088067048944396 27.740740087772085 12.667319669020616 26.223382701660615 16.384778645262976 51.307156737023917 70.994426433417772 27.831735983124172 54.612989070871777 2.499016342894167 68.162443227534780 73.493815576095471 45.554739096711735 34.986985546524728 49.388255357769040 61.391065140546949 89.398584376353867 12.963155286169393 12.912499920145137 56.062252768995400 92.729842383698468 5.455558543201111 50.585463831429870 72.146039863848870 24.944415201263716 29.619250817281650 13.552167069536603 9.222715644786007 37.492197333026752 94.153248996073643 35.141867966270603 42.328880371450083 72.058336441930464 58.971132876814345 6.754323087199698 4.725760943614487 70.743801945987641 27.846169636635409 23.858913581968167 44.386614781594204 4.757405393248137 19.246533123960031 43.282343045333725 78.629235532209208 53.195810694779198 68.769532885052598 39.398192868139816 38.797854685060763 69.342009136195657 71.830841517273285 80.998585840050183 4.538053522251140 33.876359734691874 5.333004298735733 27.304975873914618 27.147437529292773 96.881199275323169 11.447280767922896 68.403864356206952 88.812462233135250 82.064529336051180 67.125937752111383 61.529521353778406 96.995386038173720 76.386623888747906 96.215375183789334 5.998036595740852 92.990338635753602 64.157021974350243 31.542571382946040 80.573472874391754 99.908260394373499 49.671420845781981 73.828563796206467 3.264479086308025 60.358611629687843 46.929276299872456 47.553518382197559 89.534876996742994 65.978245737754136 94.949825050110249 95.191384697852655 0.386922430965542 69.413011615285015 54.981048336029389 24.777924452482491 55.330518217462711 34.328902357999389 11.135093451155099 81.655595747309690 60.073434491891383 1.160476342392147 60.250651184014004 12.488503400848728 29.612276516491697 66.086045337597611 90.841256985431500 21.078074736748231 59.200621922576410 30.566593119168097 50.881756680812586 31.073824655223369 87.533693561495014 71.414394138298206 79.581808383060377 82.884573152118747 79.698995533406929 44.924997514903033 71.237537042171027 84.893822644487898 42.264510229542886 75.908096159713992 6.308312703448705 67.253530548388795 33.833031714242502 44.745802845533568 52.043115959222462 38.340248168635526 0.937469962914628 85.082417609460691 26.208347738286985 77.927881242394477 55.746664427051684 23.583091824627868 46.519488990183888 87.172188127755874 29.990846546750618 83.607979797715359 5.045848492833604 51.563856985644307 80.612568774487571 81.084554052540781 93.475441343461412 57.925812899254936 12.162886326103683 75.314947917544444 76.113119274936565 5.935174781147201 84.865445826041963 24.189253463643222 69.241163578787535 70.690047898971216 67.226470739549498 53.204007490161985 70.987516667136632 75.515677356185179 85.267769291018482 49.385345905699005 11.193598260741656 90.848109790802027 53.696947931238562 59.058145964129949 58.440906628218492 54.551168053165753 67.052482787531261 59.590213859445960 90.848109790802027 53.696947931238562 59.058145964129949 58.440906628218492 54.551168053165753 67.052482787531261 59.590213859445960 83.901357401019212 52.530536930316075 11.875740808017255 33.639486747993033 57.654332683218421 65.254924510125818 81.339606065936550 67.278656120642694 23.011762447089502 46.837245439664443 98.835490726457380 91.245328852001833 45.115695545064725 65.400673488259685 98.487398869625608 63.550084062048128 65.647328218566798 45.947595941752603 6.333305961157509 91.140441486617448 27.331385291759879 76.387033933682574 47.411168472144780
36.737997628077224 29.209121012531668 29.167026236329939 94.725423920159557 57.826545685631139 29.509098447488658 36.813872530416347 87.951186046884175 95.530126805560911 83.683769569332497 17.272066252838634 33.249431741206749 69.410334214003527 60.142843482979870 16.623287209679393 24.213442304416098 52.013001100965099 74.292960130985961 53.489750594171994 56.998319374789233 8.177215303030961 93.712392176931374 52.013001098673925 74.292960130985961 53.489750594171994 56.998319374789233 25.127164754846444 51.369315284315618 66.567691428996923 45.736045776295533 7.150987440732070 96.220703342946805 80.015085626470722 66.382233315549797 34.495400442047696 84.027413032538618 5.681585563345203 29.220851665010471 33.510957094186843 12.131183551805213 37.315155765622812 99.508669692257811 61.184713170291140 94.943400652331661 5.978500667524045 3.793246724578392 5.729775065556552 91.973890174354707 37.834309670125442 79.551888217500704 99.310509761671412 39.065658317905402 67.845750889041739 31.849216391545752 81.177632010610381 82.497025022259166 13.248151552293086 49.790777405308539 5.291093593479923 98.736599059923478 4.330326450868838 13.633945834843908 0.073429795170810 20.494273745696802 0.429292530222880 65.350106112943095 91.058006525110727 27.315013174851444 6.260064066696581 31.601469726871766 86.962726708323245 6.476859842933569 55.892192273088028 79.001275348038575 93.887241209939958 7.631935635423703 58.283859174790862 85.789879944968021 97.714575370331019 68.846202983948729 51.909901844033456 0.087878059156998 94.256955924112191 73.276878407048329 86.047373049489352 35.473188206022556 41.096737129299775 14.379904544843669 11.777682245726851 86.804768305803648 8.591574579418925 16.179979062145613 11.765378707290353 21.553745481415852 27.501711526191041 82.427986601574858 39.170387065865420 57.434707968999767 69.659752970762611 65.969451491059772 68.989835376679181 32.589488513896704 85.779769349478059 85.700190487970701 40.702553099016491 58.274822343459988 7.033235130789040 31.123440614750152 50.006518158164738 99.412998618501646 30.023449615669541 87.590900572436894 22.812176487317338 98.964115622893559 5.776084162098871 34.632552459021070 73.231692368780514 73.718222418393736 16.212220341871920 58.116610715492044 4.530840921883728 5.646488029490815 93.634615712321093 87.622053908653811 88.165816414820469 21.351575104682276 91.495826376768875 93.741825916309708 70.795493674808938 97.214979258412868 53.270513480644766 46.375984126829728 45.044054850953650 94.061003711719550 87.861663592003296 14.086838210431395 58.105485523461553 7.432915389127848 49.811590847434694 35.168656748216790 75.629409309106194 89.683137150545519 68.989835376679181 32.589488513896704 6.804459964491294 23.979290757724126 45.370768788434226 71.817231936909906 79.350067956147996 76.147722995635917 63.757763302420841 12.404445488800519 85.804133939096573 63.608132555985563 77.890524226895579 75.158216012400587 88.499909803684815 54.645145157033703 6.255156563881703 63.885861652371986 77.401501828854009 82.869104728595488 23.918536096934883 57.946865308481840 46.017091184303773 26.793874843889387 92.698187797368931 8.716494362184669 77.875462405266191 37.479264823194079 96.201611582840670 40.496436203181496 44.548798737411964 64.076121441641803 70.770093459879064 99.808114975239377 17.846024685507089 41.468812481986085 10.239266221901744 51.464961424337908 77.840812702153698 98.409122003980130 64.275668485935171 27.577163625900425 1.690021361847682 44.059413736834429 71.607443692475769 2.408165574396648 35.713339422149495 52.283601314624562 95.687533767252276 50.746345492174825 59.539669127659543 76.535747818012254 23.466365242519682 99.000741186360827 19.276237182704758 43.143297391049707 4.928923415765796 88.440826305112395
11.229355388172790 49.115111431298452 73.451775231598020 62.524389482096346 0.841935781803838 13.376230117013076 70.176186505205180 41.612032488835382 75.590159808435217 88.586615623095568 26.130035671383244 94.147955236139538 26.334994340438978 70.362096845603887 86.461963250240629 49.917651091952898 13.209684098186237 60.672952527647382 1.136738515289026 22.873366138929473 87.737364276337829 77.262953475687695 2.408716956766299 56.834229277842553 7.293948082722590 23.289535682563624 23.964053546533737 67.654608904188620 64.051975272260336 98.403928744649974 2.741874851140802 59.352070124082147 54.568533884478811 46.285452692240312 56.309452134266444 97.041513739325609 49.233835928912185 70.119249396570055 60.995468079129964 49.565435329083940 26.237965318128033 94.243030712856893 36.359302544634751 4.109826633903102 44.326281769280364 44.309413558180957 89.025003038472391 4.207192549022921 66.719098813518556 11.858632955679649 53.868224428276093 48.093903775268345 65.850819713693582 60.362360893765789 84.394560843513631 99.327656368511825 19.403488210442866 81.628481640763866 74.198718321630324 75.731493570670779 74.776741212686645 47.462959395432335 17.734213184459989 54.838346583711193 88.260926779482247 2.376988353028475 6.976533182154176 31.656968936885434 33.529066190299048 54.159494103572250 10.089099516679155 34.227534534095902 68.130658477967899 97.459342144110948 43.135320506394315 86.679465057873813 30.851988593832047 91.617982819400794 69.196008886048517 72.477279462888589 95.209383131889382 22.338699225941372 75.067739064317209 93.603075320309031 81.193137584571673 39.100097223986829 77.068752945961180 18.660453329593153 60.635480328469939 78.092794975701096 92.993936052075384 97.765363921517363 85.244089213900693 81.619253656332631 98.061485925072404 96.554990152878858 18.112259338215875 84.438699986753491 89.390103711669212 8.473018680716848 93.214534802819827 40.278432262100758 56.945736046665843 94.185593835538114 85.832703825256701 26.099101515461488 34.817566941532888 85.714253432658666 99.367228119286338 43.512913923341713 60.141820122841480 81.903491424089651 71.124467464672108 49.629138881711739 22.692257560661165 45.282397773622762 71.645834834646223 97.599487975174355 99.148238866499412 41.580683465272358 28.278469613253854 44.148234663604200 47.987128775748076 29.154155423718553 20.616841330849532 48.696902478358659 74.058798424503522 23.758090987377788 86.532050977425840 89.249162276917161 99.861672287231258 85.570309741383184 76.147312907623515 79.602234917661036 39.570858896234171 12.274684794971780 85.290143416903533 67.984187218613727 68.386883980431776 91.538205508255004 81.498564451172342 14.339589128406383 49.439529644456449 17.624292310725508 69.214380445136342 31.769822250285539 68.312297510911108 51.789691556455189 28.288045274935481 2.777803307801296 18.129311278882408 35.565568836358374 9.282818833673300 83.310329382479452 84.886487113026078 16.759175612901657 65.206264153342858 8.747709828919458 17.355991678152360 2.678840243011238 82.277961898094915 38.894934369357806 62.584145761481480 68.342901642620504 13.663642538955756 79.846205626752621 68.247897323781245 10.064826967538975 84.256123571375596 35.729306840726572 65.118732779923178 90.109856679091237 2.764787288005277 23.619786580676116 74.105521983412103 34.612472644867587 91.770023345910928 40.066358292708784 68.062419856893030 41.870914543743353 98.577717638707213 49.768856172838881 0.720147867775867 46.116538859320464 57.970710962660910 71.393994603994955 34.489633757941732 41.110689789715913 28.416811434061373 15.383353981761816 40.337405517602832 85.947059822627082 21.801535198677890 47.153566988645103 39.175682095752506 44.810483551007877 31.624754273300184 85.245756525080395 0.970636302916317 84.015456063121832
72.204060731662949 27.238659986461890 96.816706008850645 56.820217471106268 97.899124934668976 41.634302384259833 99.635463707292374 90.028468688153069 70.234825751061763 51.655688007903954 90.820234992402789 3.954168940143110 36.249799224918910 21.170868053350066 5.204501256012661 19.603168686090445 50.499818879154326 38.165141007380910 81.065100892405511 46.759753006448577 99.463567846089262 66.401402063481157 72.497466581306256 50.611514276125234 7.308763076226676 1.251563698772362 24.620632624463600 10.750413185891327 58.042045740547920 80.196005527124939 11.942045742181772 36.012691655465886 40.036949757325338 44.434187704510478 51.109034554801035 3.127896482142822 89.895445380778199 71.982410749759921 43.540226881518208 84.883685762921417 36.956875698569206 68.690332402423877 59.111308357914794 92.152020021306271 51.438208263304894 70.491470854161207 92.574829567248415 11.971635109596123 30.848422209401171 80.420693365562983 89.648854317816046 55.674743354784937 24.339712245293743 29.009605800759562 34.730922862260130 36.744550264802932 29.064843659708352 67.118869410045136 4.443589332085507 63.503623591675549 97.393224883676524 23.706198400191148 82.087761765192383 66.673738341482135 91.827936441868459 67.716862716346711 98.744275940817460 86.389332726727829 62.430370457820629 36.829939806304715 71.803193275107844 55.881049333723723 29.064843661473528 67.118869410045136 4.443589332085507 63.503623591675549 97.393224883676524 23.706198400191148 82.087761765192383 66.673738341482135 91.827936441868459 67.716862716346711 98.744275940817460 96.946201609577642 14.995300027099967 92.135487357402312 81.593218044594167 16.592315319741846 23.278326087982659 95.331884069185151 88.823663674862374 70.388304302159767 94.399044710729271 33.766476132072540 28.902245571877870 31.384261889314068 43.884375093480912 42.810830144443493 52.377379563424675 84.208829346253395 57.497383880465357 91.292509576271669 72.116839056402185 85.048037755625245 43.765527379616053 82.754945539713106 76.327739172916836 41.089757946610973 16.035533433217765 31.186752580090449 9.483079693109175 23.237690011917820 69.660396035253626 28.591565259477647 82.417206410457993 68.586913664533938 32.719598787719704 14.838852165744132 2.602250425588037 93.935543159407970 64.632332341332329 79.860382944640648 36.300237297662676 80.378756695572179 52.367676517372530 34.132627599899010 23.704663052698294 73.573095490413394 70.196208280638288 23.703116324940289 31.897481421796659 84.995793514858093 75.087757814398685 76.603417529812404 72.156309146482684 99.853696314966626 54.575568808077946 41.282652143273054 49.970690241129425 38.142909425184378 49.383649968569351 87.643555664701395 75.328844539766550 25.295880875260313 81.250272476190631 69.584936821155651 99.932131920018122 47.265638022494208 35.772908108654214 97.822414856226573 30.906268900646914 60.598694982144877 22.748822388802004 31.497423273647872 62.049819932486763 73.902711927620430 1.653738925839365 16.553640177924077 20.107150613038481 12.772869386099838 78.593041854030986 67.599304850365812 91.844002997808474 56.222309860470872 64.655353985399245 9.313377753738150 29.505811609989617 1.832866743105299 7.521502200813302 18.657966564957619 6.354451887744750 41.869186893724354 19.166574917506740 72.474646525074846 20.935036502860804 26.644972430891833 79.703813902572676 41.822214888481227 52.298394139075178 31.830977741317135 31.754932835887363 86.127726043031700 85.384001806311716 29.993106824585723 40.229471514517890 80.970452293680623 26.644972421447921 91.292509571188077 47.502098873857300 44.197226488330074 55.457109992851194 72.116839056402185 85.048037755625245 43.765527379616053 82.754945539713106 76.327739172916836 41.089757946610973 16.035533433217765 31.186752580090449 9.483079693109175
23.237690011917820 14.838852165744132 2.602250425588037 93.935543159407970 98.746667806188015 89.378406112107243 56.222309850336252 64.655353985399245 9.313377753738150 56.300738824495113 3.124778736404610 26.996032529592860 16.781130158891834 20.954148759296963 6.842521092798126 19.563321450144468 39.737693104388391 7.521502200813302 18.657966564957619 47.025364903237012 14.356518261871898 20.353380304871738 93.502078256787499 75.645481152693790 52.940758220467345 78.019784234148673 92.311155721476254 60.645990595645785 98.661048582824492 16.812785163482403 33.668618004712023 86.127726057436874 85.384001806311716 29.993106824585723 40.229471514517890 80.970452293680623 81.920156039103304 34.908470678465740 41.882641313333224 67.615709814799530 9.592290236872991 20.765677116713064 2.424267010976744 91.210554514358449 68.679785287782565 79.436137153751744 92.289313888068435 95.646425968605712 40.145523993213025 28.545026707686826 18.489998061804226 87.275458031878500 7.886510114757616 71.034750452896262 1.455177906072636 50.896742113427550 25.603634875082825 25.603634875082825 12.555226025217047 84.207276017306270 38.199392598268403 49.094424240606138 19.611734078700806 22.753549700320129 77.518596779836940 82.640931783853134 37.399498845823445 95.331525351483464 40.810696738470199 60.552113730463795 50.896742113427550 53.524736000040029 64.134713421787822 67.179337454660072 2.528882771779761 1.455177906072636 50.896742113427550 25.603634875082825 12.555226025217047 84.207276017306270 38.199392598268403 18.703382189090089 76.014613718914489 79.475855934562176 84.545298112088304 99.735212500202692 93.575464734783992 22.200426905566406 54.298700281889090 43.167690130451376 55.487793356178017 96.910603019411894 91.722744532151182 13.523223195824308 81.108338388280970 55.834214291793373 30.830946931951107 83.933099616755442 53.730899791707820 41.832447934272743 44.465762740576189 14.734125845364010 56.203352897660295 56.203352908270595 20.425881041811945 64.916454947904697 1.457391547035969 1.958764880303610 95.772824495946480 27.905150988101713 53.960512485650533 2.887515038160227 29.757962776430769 55.881848259610976 90.623128859725327 46.166331757075149 47.619942107439115 26.745122863985273 93.020759536405933 61.714611778605821 74.486128807333188 84.658341185667211 11.879828498282929 13.076052366276114 25.785561080630657 39.995580616869312 63.358284595509005 79.236646986905768 61.760639655491900 33.520955045952675 38.443994852395605 24.714232557647254 63.512688730020471 13.637965260355822 24.476718343107684 16.492704368640855 93.954432038913211 28.614130256784797 59.719116121890991 38.576895214810556 23.412196806921347 3.896807942731007 85.197842562071074 72.486525383986034 69.459645528038664 99.928626496976293 42.278535901676683 15.398223040278058 95.171517194478753 73.419753971644056 27.883369454944518 28.584715291663965 35.046486551488663 49.141016650545353 88.653676766304926 72.423612856240865 93.877600561871930 73.419753971644056 27.883369454944518 28.584715291663965 35.046486551488663 49.141016650545353 88.653676766304926 72.423612856240865 93.877600561871930 78.176695480059124 22.331495555535653 75.373069892584738 38.635938407877148 45.738926758325327 26.375629272037237 54.513940562711880 49.973017351490789 79.712458016363613 6.671862380080218 3.877919885008718 80.269289503431153 33.864543158696435 36.123468887355905 64.964569934557076 74.256254351805765 34.118416746448510 60.448155158031888 22.145737512311115 18.573988322890077 5.583473244919968 49.832009410879927 95.415131989465252 58.319576442900164 44.163464233936601 16.716615595183882 93.070326932132190 69.963347692016143 78.816911720449554 93.784610125140318 55.588160077765792 68.832592571569734 91.537359626468728 64.754886722008280 24.526587781860730
91.096402270034076 50.042865178451720 66.246520792089470 32.303644030207998 95.231544256025998 40.147524147986900 2.141558843791624 48.250455215378210 7.280727852603053 61.176678924925653 3.098802413359680 85.022278716455673 13.693544805418567 38.276685110719868 38.828274839421525 62.823393139596931 81.118379403875068 1.535835633221216 55.886452340770120 11.049948090213190 55.588160077765792 68.832592571569734 51.719517685647943 54.756114999052862 38.673347985254125 66.809136724850603 54.673257760221894 93.841621760138466 48.216577595706980 56.724434929255217 49.132252388020689 42.050531355711165 45.367155847433771 68.725947739906644 78.347666471214922 6.283785783463736 31.196394830276486 61.955923932733626 14.551717197172408 53.011789909459992 58.726756130291150 20.573988673738640 9.114901285445887 49.120070396914564 73.228225441155601 60.070756057226980 7.423860476585520 14.513996951108821 10.310467737653573 42.720577760409626 23.978192094753183 15.400673620554972 62.788842830266788 14.243794808995158 13.864506209793426 80.595550109222771 88.688405777943956 95.177323378127980 99.327937156336688 37.979511548591461 53.251378549303197 94.034160913508742 94.713421465005695 49.641305924001465 8.863803617775300 70.272634852149736 2.905215173792353 54.293315275948352 5.393515665594539 76.761668280916439 5.504901280928076 7.079024547740797 3.884179013102906 43.681076834466282 45.699372100861538 31.648142932205282 68.913915952386517 3.817987816608792 73.003464108423017 72.154257106519452 48.632353008969908 73.384615318926947 83.861844973278522 48.128402730029642 55.253951983819327 60.162885207657382 16.242086682078860 15.996601163053391 83.909740387840230 11.794789581268894 19.786020684302976 15.005669601963689 81.733831413276519 37.181947693110104 18.171136284173716 6.471522673950270 57.394325106254193 65.972577972442565 5.862695389839989 61.024810876088523 45.142801361052697 81.609474053468588 76.429128058318526 55.678014989934177 61.616312925003655 19.976981137951700 14.601294582533219 86.504868934963454 35.473869870364517 12.472594831750428 75.230696660170310 32.875869269043477 10.097245727719839 63.547240114820937 21.834279419835344 31.151241011063881 51.579319980169956 9.361718645359430 36.758451261895623 12.621145207288997 57.932190943416494 82.319036971618402 95.517122152959757 84.554643563739106 62.496325737320788 63.553505184722994 79.768030427631871 1.981922252738555 27.258476317062495 31.965801052077413 13.878497190102944 11.783809441427751 57.001819335872014 39.256116540037056 39.685232265506400 47.184296816194070 64.170649029016630 36.653555539431558 9.679954083496856 75.568784136043121 46.251678470113269 22.241061789417749 99.327937156336688 37.979511548591461 53.251378549303197 94.034160913508742 94.713421465005695 49.641305924001465 8.863803617775300 70.272634852149736 2.905215173792353 54.293315275948352 5.393515665594539 76.761668280916439 5.504901280928076 7.079024547740797 3.884179013102906 43.681076834466282 45.699372100861538 31.648142932205282 68.913915952386517 3.817987816608792 73.003464108423017 72.154257106519452 48.632353008969908 73.384615318926947 83.861844973278522 48.128402730029642 55.253951983819327 60.162885207657382 16.242086682078860 15.996601163053391 83.909740387840230 11.794789581268894 19.786020684302976 15.005669601963689 81.733831413276519 37.181947693110104 18.171136284173716 6.471522673950270 57.394325106254193 65.972577972442565 5.862695389839989 61.024810876088523 45.142801361052697 81.609474053468588 76.429128058318526 11.456520433529526 38.909179149550468 84.004230498122908 19.354848702666072 6.043867404233961 57.034576617154066 51.251006803136434 28.716585298506192 13.072693637969246 62.116695361769182 50.418271044421289 25.592746450101679 30.499416554837300
65.345188178089202 53.260461844488127 45.774154085877527 51.188907566271361 44.713914237737420 1.284324149414084 92.182448146712076 14.785556667741451 56.539059461515684 72.980901803855247 2.743453344914948 87.376851427910708 22.573961152854483 25.672738403492069 47.239227226047255 61.707813100562689 15.661521686339587 39.631938375105427 22.098881786281666 62.119583238564111 72.989967165899841 60.630467787127841 9.662490511293253 4.696853961655700 30.080519118808581 17.339407234385195 46.899963894157047 5.360151708508321 92.739825101114263 95.714002784415314 96.029041333598258 57.592910095235354 38.909179149633580 84.004230498122908 19.354848702666072 22.978880848396866 62.846783977089792 77.971760617260173 6.043867395148073 57.034576617154066 51.251006803136434 46.635137523961831 19.035600393386829 5.534913119377228 62.986143725927377 12.318303352281390 71.536546233257269 55.200861487564183 54.737333621870853 32.965154912527680 73.736906017889936 84.982681264129596 72.461456869749071 19.054517374717772 64.616331242309045 53.230202655230677 77.411366356859347 92.217759655631525 81.507695682667162 2.565729945280115 45.136309768670849 13.555786936982283 90.835824125287175 76.618435143142477 83.485136067847549 43.792363562015758 30.158402910288029 70.890662174133439 81.556129095425675 88.093826457051875 69.481020981792895 47.153330507842654 71.867767974400948 33.106815349312235 23.283066017984865 52.704050455963490 33.037128600970675 67.380556683463396 72.737294123375918 50.361103437380997 40.421201820369681 59.816127484427319 17.561668007927612 18.943430092960522 12.940207563965734 81.499458262808361 0.751101984414604 76.944417586463572 52.982268367930359 59.502475618309724 83.241617381243444 94.849831088088948 53.739104087364417 99.174046215329355 34.684458039600585 73.495844778626847 45.190470802602356 28.665442097789040 58.318021984085654 73.273327607752975 43.359941118681576 88.608096723587309 67.632632930312397 90.181463209878814 95.089726168040457 78.440191839602363 29.343753843746391 0.719763440327748 9.243063716904565 89.052309417285443 56.539059467921547 72.980901803855247 6.631044279438258 44.218469359389033 39.779528723112890 73.829693919016037 2.743453344914948 87.376851427910708 22.573961152854483 25.672738403492069 47.239227226047255 61.707813100562689 15.661521686339587 39.631938375105427 22.098881786281666 62.119583238564111 72.989967165899841 60.630467787127841 9.662490511293253 4.696853961655700 30.080519118808581 17.339407234385195 46.899963894157047 5.360151708508321 92.739825101114263 95.714002784415314 87.376851427910708 22.573961152854483 25.672738403492069 47.239227226047255 61.707813100562689 15.661521686339587 39.631938375105427 22.098881786281666 62.119583238564111 72.989967165899841 60.630467787127841 9.662490511293253 19.035600393386829 5.534913119377228 62.986143725927377 12.318303352281390 71.536546233257269 55.200861487564183 54.737333621870853 32.965154912527680 73.736906017889936 84.982681264129596 42.545274895636084 40.377517748386339 62.673266758873766 3.521683713880308 11.883023731886377 6.544502442012201 9.878495999437520 49.321207484843931 33.926559686436221 4.013695685550312 40.255775899390258 40.631989462375238 0.114062747810162 76.176563104428539 56.880169816952510 55.062870339715190 55.828609381275449 76.086809715484875 65.476635138611641 73.220403706434766 63.668142506996240 50.268018155020563 29.114490018950669 28.458462064023493 52.660566101435450 15.593705765331178 60.899905426295241 99.227826814896403 77.541657152010359 8.880989465428446 85.139433331224964 13.223067251908127 68.052250038077759 94.607370553735720 69.914255297266337 18.537061161038704 92.643285215441352 81.459925867329673 34.208796555086764 81.797629725331916 83.288426263141687 41.751635012282229
81.507695682667162 2.565729945280115 45.136309768670849 13.555786936982283 90.835824125287175 88.288258883011579 0.259227931392025 71.306604717913871 55.984730988861642 3.274227488041748 76.510612771801803 88.071862429181451 99.372257377231620 69.215742636907635 6.657713981765800 63.595136026240674 15.331645065901277 94.320936253907774 34.765413075835269 39.615142504093214 60.618103862323046 35.501067173154468 32.280767821541147 29.375881781278089 5.346006290406846 18.566625659020087 65.882962999198654 23.316267787841095 10.494033547778569 20.889925030160651 41.868227336508099 34.770668842945319 89.630541301640960 55.996923209422810 9.602411991286953 42.573149790840802 97.316339270657977 92.613422312505392 22.569869811794419 41.578908284706429 31.615641999617495 84.584809942744826 58.943484342547336 15.113756535890632 24.686547237798084 61.179781736961417 29.827791834793672 81.372760671516460 63.707557693817115 29.777517797656138 35.001290180327580 96.346472445760909 98.980082494599785 91.591230433031512 50.421534619628339 88.303306068832867 23.728010614735073 29.648369307829668 32.738884740218822 88.094216269777419 37.490471842999199 81.213324114186989 55.149067036211619 66.083697321759360 71.109728026680457 43.925719082530343 23.728010614735073 29.648369307829668 32.738884740218822 88.094216269777419 37.490471842999199 95.719283529359160 2.047197512836119 12.750976595820330 57.493554810976079 34.008670626234881 2.298082576827110 88.951157849519788 94.381027510894626 11.959906048524216 50.114034583398450 93.604882885342150 70.325902974280780 84.142709634958180 2.154041060993050 84.366372329634856 79.078837904069047 37.796240400594861 25.402143546061239 16.511864849719249 48.619057811600619 35.977358490997943 96.372321638083520 84.840304154729012 32.365902536648029 5.940993689179342 65.506600129991725 74.879473194287627 47.051186978621061 90.437881606964240 62.848447869607391 47.071203822724591 32.653502863215500 65.433721324389893 1.021459000102432 67.830527396718338 83.177435268283503 31.868577498930261 5.503876235825933 92.597568634561128 20.102702982210495 11.911705683932928 31.715998054235396 87.497338828073381 5.221490112461824 23.695453925862676 95.847166948591308 46.866277466638259 69.147280963490232 9.100499593710332 87.469052633132264 54.923315263393448 35.101049876995440 56.300722103166798 87.149627879209461 8.644185738125321 51.549241070808591 66.532253355620057 30.188392787344863 17.841531260473520 47.381889033026695 45.552024145806932 32.646824052494395 49.348600471187609 18.523269006255884 5.350291226827264 51.671521652180239 92.467096619186933 77.515954401283153 46.612366204775114 79.484143722546619 5.070887639684507 11.945264376346065 52.848754187673919 34.142035760147827 78.491901655180953 48.449275967395721 18.627832711480863 36.077931369455428 21.373221980935277 71.197029060568397 55.289808968939781 64.642096173083985 74.221616710040905 17.598207185430880 56.229720195700281 22.685205362101581 27.217936759843631 6.912887641367771 89.183024252132029 72.061868038888804 38.052805576399095 25.749548025907476 25.685715861609694 97.813516214697643 92.738838227875235 44.067243910945265 3.703182946577699 66.361500037038084 3.242078101043211 47.714296579454363 67.378293434157911 67.008224639376948 57.623740752140371 81.735962074092924 80.160021358204716 80.202367865853688 32.968550652425947 9.239256320945710 0.281166538365885 46.371948908742930 85.381691138790799 31.746683557666376 99.605685400001647 74.072509502811243 83.081778069002738 92.958122316571718 37.382835683228812 55.320834015377905 33.157892303423544 63.826759667795329 18.940192954189992 70.390827539884242 92.464636236579722 41.324697771220833 12.506497164551256 73.974176800971918 99.846956775048923 81.049382210947115 6.859178475534744
1.096240870205079 76.634386578912881 26.035746040627838 77.026375774912452 69.457856451088062 6.887279519203238 57.018517809699489 77.374142847446151 68.988654507618179 36.243976360640616 83.480173084971526 79.099043272196440 44.504380993037806 82.657752109327092 85.813543050787061 58.204653554389274 80.012924020452985 29.848863575851858 86.069438514965384 5.452195322396280 71.458085574357384 82.655666308951510 7.685866457649126 93.388540197503247 59.052876710632638 85.813543050787061 5.263089686020772 45.948596035360502 64.372203856763420 98.972597900657021 93.821393414190752 70.434893398663107 45.574774798624617 64.642944355776436 76.369906448003150 19.442591075025241 15.686396990979578 96.422847465151932 67.086667433132121 64.472348030333507 98.672401376304748 76.759739710608400 89.894829364949899 2.171704912034234 25.132202867081265 39.464487937443351 14.715371488319040 36.844371713626280 42.406438419117841 48.147284999651738 29.111703784680554 86.890130789837158 74.052368294513784 22.901575432042655 53.303639588869444 22.130079515051015 87.163984242451150 5.865572938036956 51.035418673992858 87.473288362459584 73.684087281846203 29.783976016617807 26.487582041241286 34.791913666767314 79.009708917522971 30.113577297037242 52.438720381887329 57.927868395283191 24.215586783135912 43.812291034548103 60.827873006987488 59.464020419056439 47.547114081819032 69.481412625555450 22.844052016724937 89.391293470581147 66.282921787719062 4.192014956461144 28.167793680857699 42.778253136414143 55.609728141401540 85.217188863029449 2.987322753675525 55.198531676903073 43.522537318219044 89.585044490577062 22.490787461746010 46.229632642363740 35.667916130742405 96.567213437139714 34.095035164123054 56.443993262585522 55.704286976615769 24.503085114812649 11.563460805676741 19.224785444257840 88.959435076569918 84.571059226599516 14.096496240324274 67.024772943816544 66.222795820681341 65.550682235569141 79.020914133764762 9.753813158901037 19.538600024808616 24.454928078104853 35.361574616457283 7.716023614271483 81.721728604241918 23.777274205303598 36.956437910060437 47.295383138855740 41.616627093661492 52.065698181157828 18.086178866725454 3.459490683801203 7.091895042591290 54.379910066536887 54.088231626025681 67.532250127890563 15.394142910168295 64.292094866504996 15.755245923645479 81.167487892477112 59.375388110321140 44.249926007035079 64.236248604857963 45.722365477223960 32.710110046075570 15.859937608577223 5.047416246700609 24.892427519949280 15.030272279695446 67.054365231350999 41.461265141157220 30.406002921582076 82.877400123209455 6.047708873301493 7.573493034798995 29.521628293748968 38.372817660703674 76.745491646602176 30.942509278883833 2.851701273388363 17.802670435848377 45.088693578870398 41.025760945578917 42.168469348264658 2.203120844870654 19.839237960365274 25.609522146335827 34.394492750024121 6.164401569291467 20.982086194749982 3.434860218048952 40.613587926561635 54.775481728159050 73.175158221513442 22.649907661050996 48.754096013099080 54.749224634850279 47.301638790732689 69.762913552397393 52.041736817520288 87.783578707983921 46.589729288642879 13.945291941698891 94.620828857050029 65.842099698284272 61.633911940083649 22.304564207477927 88.039525167260805 53.401937069080120 81.221962731168986 87.381698044427409 34.102031340908447 58.288792347963458 76.632883248860423 50.160340053910289 15.686396990979578 96.422847465151932 67.086667433132121 64.472348030333507 98.672401376304748 76.759739710608400 89.894829364949899 2.171704912034234 25.132202867081265 39.464487937443351 14.715371488319040 36.844371713626280 42.406438419117841 48.147284999651738 29.111703784680554 86.890130789837158 74.052368294513784 22.901575432042655 53.303639588869444 83.683982811640874 0.760567440796001
22.878727367697461 15.630751743797621 86.291579947768383 39.105149611829390 37.241510823383408 78.040653390379575 25.964322591114431 20.148792013929885 63.899324600192763 53.045289732155929 10.387064242300125 41.171378476350561 42.467066390874223 90.341377037352743 11.139007980812632 36.221877945047822 17.248274229882277 89.161141455752670 78.405355914013342 30.437657685613605 81.496136147394182 76.107663220766881 79.170665418700693 64.021098093827945 67.240722601952001 56.343041308924946 84.294734390013275 84.733319760402352 87.018606126757305 56.218145607089518 50.252483748787149 88.523665573640685 20.315283271359274 24.854907703783134 47.547114081819032 69.481412625555450 22.844052016724937 89.391293470581147 66.282921787719062 4.192014956461144 28.167793680857699 42.778253136414143 29.633085053697496 39.518757398004482 20.690372226573185 97.733486919552675 9.485972390879184 5.046357196404305 85.878542844725217 18.449172338958597 11.563460798106151 19.224785444257840 88.959435076569918 14.096496240324274 67.024772943816544 66.222795820681341 65.550682235569141 79.020914133764762 37.103671075025204 31.479569860179112 42.192214343712124 47.742849965134205 74.594135839366231 18.086178866725454 3.459490683801203 7.091895042591290 54.379910066536887 54.088231626025681 4.537613120272244 96.230977829987609 24.845976116294811 42.259516909260554 49.848597576121946 67.532250127890563 15.394142910168295 64.292094866504996 15.755245923645479 81.167487892477112 59.375388110321140 44.249926007035079 64.236248604857963 51.149644381468264 92.355075758874221 45.722365473876494 32.710110046075570 15.859937608577223 0.553729134922931 3.947932544077570 36.334737515161443 66.341770047197912 86.406798851989663 60.860871022661080 2.851701292059206 17.802670435848377 45.088693578870398 41.025760945578917 42.168469348264658 2.203120844870654 19.839237960365274 25.609522146335827 34.394492750024121 6.164401569291467 20.982086194749982 33.899186851474660 58.519515407819576 20.243175115210288 8.729011464360003 57.445438623596779 90.738157108135582 88.690530899721480 31.291812709992030 67.926977727764708 24.214536915465278 22.769086143604877 61.442978869645216 4.102436102605611 7.203221662398906 22.649907661050996 48.754096013099080 54.749224634850279 47.301638790732689 69.762913552397393 36.368811919209939 57.838116407883824 52.041736817520288 87.783578707983921 84.649536630641748 86.341538788380049 57.838116407883824 52.041736817520288 87.783578707983921 84.649536630641748 86.341538788380049 54.551080571121666 51.195526036224884 75.972856247516546 71.322020484749800 74.279038343016822 93.621284346632763 37.173503121909313 1.162028213279243 95.432290369187527 48.588780997560256 3.658941003611293 65.838845105765955 37.967779741825765 62.437545267176183 72.178557121496340 2.093636955344857 5.678616477246756 59.931089875501357 21.197916785235559 86.668918994977446 19.665080544266278 43.087537663452238 63.771575828587046 80.913934700486962 99.541291719539203 92.354591240901172 14.721087773308138 22.110124729072545 29.266582306614218 14.078712027819051 82.238413956860654 47.656322462094927 24.636326373583007 91.473774390359580 73.866909477539494 98.917690321833362 37.403069265738885 74.476149366673354 49.866263698444477 39.470559257688706 79.375090358787403 5.438512558183561 50.174666836786216 96.725659598910894 67.906186253099946 69.463903636101236 13.036826748255059 88.728031371482103 66.603064007299537 8.036837037529454 8.396933676965279 79.375090358787403 5.438512558183561 50.174666836786216 96.725659598910894 67.906186253099946 69.463903636101236 13.036826748255059 88.728031371482103 23.187717172490952 29.246918487796414 65.567575699742164 6.221068707723088 25.269352201782258 47.189956547876832 88.058069176085070 7.605398807123509
36.909442335796406 77.078393088990225 24.309613464251502 43.157211090081915 87.198359771968313 18.087213449814111 72.437099372081306 95.604171656375769 67.262813790568742 46.531371790728116 86.196499853792432 19.191939942286986 48.963847858993049 79.683499372794813 20.208256662237577 6.413074340714441 61.622411164854526 75.564266507254203 44.373173776233713 5.317697243024089 66.969864210951584 23.016869513913850 79.251506655992728 54.233469665019676 93.954998841761977 30.188489282415453 87.262925424009154 39.162880192740680 49.196713319113847 19.137243781658754 32.743622526405161 67.948411964689811 84.757195385196738 36.487574784608789 9.360966787210623 57.313096777770902 35.003847615721796 34.731501472401362 76.246052720529150 72.825869363444923 50.235484681801609 35.460462099828426 79.615985164480222 59.783551198310079 98.018794819145739 93.039860269129946 23.964077052955489 6.908753970949766 7.753240485726264 12.111531420198475 50.077370238585374 99.343940428229715 10.903405243476749 27.959074494702783 71.300026185453220 28.522378700897654 94.374811877084383 13.722831493985211 19.270256685544162 91.701323761514800 69.067065993676451 97.046073288254902 86.068725068402983 48.248982038179477 26.280393444393834 76.079274147583774 14.430641314171687 51.159296607540739 14.280022588226672 1.167522359297213 42.548887514028102 69.659176398343732 69.050772116644382 95.260452172042960 63.713532604291032 3.465821114480450 38.437597603832593 24.636790203826830 46.761262686544512 6.687509897076405 40.736864476562516 80.239207893875914 69.712262517459195 62.609082163298680 52.832734399523375 90.549856301495211 3.406908771287220 42.092685733978762 94.395358865399146 24.301886567477027 28.979438357253674 45.634344093365463 61.002783661478631 35.321724285229863 34.211895793292513 6.063873551887222 16.762573893964962 22.266541853946386 29.379850554792910 37.340246820926595 36.476121261708762 47.559820527230009 58.116420609024665 13.886230431886625 40.990309343957598 19.281059783304734 72.242260299527914 89.066325826939192 12.791131173838089 58.353394078537491 95.470636960425850 45.755580165046794 87.016192853726253 27.724266379174512 36.043356047835395 19.311602308260046 59.872924035067939 53.565043611808996 76.775065836598799 0.846426232502406 53.565043611808996 76.775065836598799 0.846426232502406 92.946989256413190 12.745141249614244 21.919978122277715 74.517416608259808 16.368672974159672 53.411602923185896 31.179356387366973 42.798388514794858 36.330944174000898 24.654665421109044 73.044333611739617 22.550038281863284 19.370598414830155 30.423986737177710 27.882727257394755 43.448071886798367 21.611028393562059 57.542987706453509 46.350238237949334 49.696857748745984 0.912477699585545 59.738896706293133 49.436039557449774 68.823063474051665 97.592442609195956 56.410144864677015 87.812734214437000 97.773701773807275 26.924340490981823 92.589760880694513 70.211616867148535 90.981141107944865 52.220504610962813 1.478639584008135 20.350060763617307 46.388072306228480 5.491031003595637 92.499272849279436 33.370930727598292 97.352705363530163 22.063439593933577 80.300875877252992 10.310549750939991 7.201318392182077 79.993042958071555 84.496341362844603 62.956595641003702 78.829029569028421 29.658626781361697 73.856606719986786 19.800796444381618 46.908395160265329 20.700805638193565 38.224532988432216 89.734113079581817 55.725881272588254 69.092010366353080 39.017639872176680 65.079322358771833 40.564136669372196 24.264610603322566 58.933306659532988 11.865530157992643 67.807870696996773 76.430478714555221 12.129670334690967 53.753907431369754 20.931374171684524 39.823257177058203 8.095653341809882 67.241955028997396 19.777069483353216 10.731173123412818 48.644638717816022 98.886106008892469 35.058991457793944 82.474456869138663
89.490135994468446 86.108735390053326 23.486244457905102 5.303470465673465 49.314201426048911 14.157547736951038 91.573134785868106 75.229588533219896 93.381501624833518 93.290761656922015 16.739279320724844 31.213970820050530 32.580265977635392 26.821494996146178 66.494100377313472 50.250276671616348 31.873910236847280 78.323336657183191 4.735323446200002 37.617951351596602 42.771962614140257 62.721267261369022 0.635728496757237 69.929926977729806 79.489149569755256 52.025915468073350 1.837855634383445 7.499166737736218 74.437606361566651 2.970466553724926 92.199594187960258 10.323031418210693 25.538840984309896 36.874002286886451 41.193979118458202 17.772291102428937 28.148667451619502 51.609345076625203 5.496011272045697 80.011394118887821 35.430285675255867 28.395620719941284 59.488404345903056 86.650732336502898 25.866947527997873 90.905490963309745 17.451207322506789 51.110237105438216 66.711349381214418 77.265715888414775 74.762791588221191 10.058908367256759 57.548394615491127 22.468905074327939 58.616104716883768 62.927940463559651 92.393370035531134 74.306617310502233 67.783624151341499 31.984237727509324 83.108221391378706 19.740194421773751 12.852433878288283 9.775555981011163 0.246261416179994 74.411831664095331 77.676813133338712 40.808787533919876 36.009982938331220 34.347885222303475 36.009982938331220 34.347885222303475 79.052106767950960 93.006104094089309 51.894070053685581 85.467388864546663 21.472798679070102 12.522910911990227 69.392044569696466 85.467388867035126 5.545831943507751 41.240391055676582 74.969780647071545 7.472413378306141 7.881394544821186 51.037703533261137 87.265757647549350 98.991130642333871 68.703608897967428 66.765127134668873 41.698958207581207 63.809374101742968 96.511692824329714 20.594831060229659 62.923942643620258 26.979307139243758 44.312954465201123 71.625501836732738 28.301084152524826 96.151758378218815 8.589294500875422 71.097659579160393 84.061354664660186 88.856565194917962 4.859965923415310 77.143326538963564 18.946953045359784 76.887181485960170 65.754706301410863 87.646409480733467 50.506700567798333 54.391469506080050 43.736228609398019 78.244067251748106 31.284133182858376 43.265849131913335 59.232649217551014 51.086131939427140 11.702076409502570 51.289954516079028 93.158324965154563 94.894226371950680 12.333883389557288 85.296672885322849 79.076186573017239 91.516274466022480 57.387376595061433 7.701955097362290 7.701955097362290 62.616538246299491 78.666620919760462 51.076927471792246 17.593959453417675 42.888017518024121 91.416094985971924 42.512694087658730 44.478668799097477 16.772084158442336 15.610682235420681 61.167884272432573 85.822636796914679 9.159736502829807 1.015719911013546 26.133513931269214 57.108421483688524 51.852627997588797 27.808596868127410 89.673501487690004 31.301135538724168 63.193084186771230 9.651649081986314 73.977766226621540 93.787343690928907 19.617555226183438 74.406842728950480 91.646063391393142 10.291340444888586 44.773936190344024 38.696468410236271 99.977723773630188 38.327025167139276 25.317853336329112 66.727653092777018 64.363714167483252 10.534650811013901 90.076926594573862 42.894147043841471 87.302684279875692 61.226285347529064 50.329391835939674 23.110100139549683 25.974719309406169 45.418505119236407 16.349477842832872 51.888690013298074 25.781759275759320 51.311062524036842 17.939538179841652 94.938676916209261 27.369139323623482 83.360674321507133 28.209108176622443 87.521815828443167 77.009962619032606 40.280362822377768 58.554958211266694 34.610842277680419 86.274452042895163 9.403800743604629 12.830276090023807 22.670252480675646 97.239377083110014 26.097107158539391 1.022932688570033 3.001991100336776 75.979098127569372 83.074419369693132 39.958285304580734 63.734101922536858 92.317596934635432
17.567658686025677 8.498259453926838 50.645280191978955 21.471793161574237 96.997315590755264 40.850164033658665 40.940404024758884 83.121447757015858 38.833607935269256 62.690926070196696 14.633297282255631 73.293593925519986 62.326383876079852 99.890138093766552 90.985748888871640 31.344582444269964 46.855551330083919 3.859888197827877 89.161128009276567 11.154814036326155 66.054382143656412 7.428868963979818 17.542942302061160 8.748476092269486 15.453020285384966 81.857197166974203 19.604503239811933 99.785866432527072 92.226010307132057 96.372291981351651 22.368271692727525 51.097105374059083 43.982773062754568 85.709289149632696 31.098002794307067 82.954013308598405 19.625347458004818 93.329445471858421 89.472067009918732 19.518056871650082 81.889952538224989 86.636655472298713 24.380354968329765 42.082399142230408 55.447216066767012 13.121505103383546 45.205180623911332 22.668516267910142 88.342451113716209 53.847474997545739 53.098085481762034 61.010093461275652 39.266944659979394 20.247804908259049 41.525089382600001 91.095147432921152 88.837359317054137 19.502552190928746 36.249093963560597 77.098635249501612 53.777586418116485 62.745421073788478 14.958882327141909 75.854138742498336 0.842620965691598 26.077472688021142 74.175530135942921 34.825128827289866 38.277883701744166 67.739939625764251 26.686055924392114 22.355320973680904 96.966727273242654 35.259689879372260 4.190580889048712 2.517892770705610 35.034586980831030 11.480292636938859 16.027244392963812 49.161621122656904 83.231817926345187 64.020523798848771 28.765335188237916 42.790030714734172 25.187457316339025 71.812152550947843 98.536094853006347 91.812127581637256 40.561143652623535 97.442373731108233 11.645162969040012 10.709246507061476 23.651593375939640 47.650593776305641 96.538112190526164 20.495622286930004 12.537650070181472 45.264952408270474 13.346201690692173 95.579878677949765 54.126879819611020 77.033998069638244 27.577885237159837 18.601959060842212 94.009086602184041 60.360582938204629 89.649742002451831 18.601959060842212 94.009086602184041 60.360582938204629 89.649742002451831 13.102154511598563 99.960453931306205 51.543044912237512 80.797810522840336 50.258447249903234 10.729832354171032 44.867739795054760 59.991008696016856 31.905236456207696 8.238087213291656 8.415683570350229 59.457346466292712 47.510189226284837 68.809659871418816 12.310790456189268 79.590529993236004 26.984290201432117 44.823862484347288 35.084856291674306 24.089210866581269 43.651593644923047 81.549615141584724 61.754643582235445 72.077245387420561 19.176881612426222 17.510331363208010 91.350564270805393 91.444182566017219 62.346305932142521 28.786369676916223 69.468821702532324 50.662683499217444 10.641599435130511 10.194308085200420 20.512525862658482 37.402730451460911 32.518240451610112 52.683420967464301 50.175269475737579 74.739278609384073 70.383245075477646 33.332236696549977 86.170790870204982 45.560014394592109 9.160433093437280 84.937475600155054 2.816945813261418 72.077245387420561 19.176881612426222 91.444182566017219 62.346305932142521 28.786369676916223 69.468821702532324 50.662683499217444 10.641599435130511 10.194308085200420 20.512525862658482 32.921279119873944 50.662683492709490 10.641599435130511 10.194308085200420 20.512525862658482 37.402730451460911 32.518240451610112 52.683420967464301 50.175269475737579 74.739278609384073 70.383245075477646 33.332236696549977 86.170790870204982 45.560014394592109 9.160433093437280 84.937475600155054 45.078780427528109 70.370778401545152 4.667989877062606 20.525766826605096 29.742174020739377 42.621208864589796 95.688161355767605 46.181932968081881 26.847527768854384 41.831795917486843 9.812314248288345 4.588409087752654 28.774875283658119 10.255903496743956 2.672320913890269 81.248640743416246
53.921300171891872 57.730550393381378 76.727439296806139 66.325633487518303 53.208559345359838 25.110496601209455 38.605075525576240 44.728133435445926 5.182468872120305 82.401593441005929 71.150150323304004 22.092414095196268 6.363433425793041 36.022417959254895 0.528454381979537 18.480576163945994 67.408581415998185 44.074541861750546 28.557433879736372 54.054366732503375 57.842845261647227 18.890104684052609 43.061294463650121 55.814629562208374 8.300531716916748 43.655466331206419 17.170303812643674 71.539908516352554 68.186605954425971 97.229947226465413 1.549039037303246 68.404696772683423 36.108708938554472 44.379947864044979 52.054042066478736 40.291617141022748 91.153866265070548 37.574730401258194 18.890104677076756 24.202657757513958 79.785579573841773 31.947629149967760 74.021216809184011 94.060527133010638 35.699473006118268 73.721757698147442 63.578062388369418 65.788251522361094 0.738334253116979 86.358877054533593 26.282635306843151 47.350366153113335 93.937656699377882 55.528972107695608 54.002903217724594 23.582635657869979 12.064992146619646 57.236838777501575 14.337781722607733 3.809682020276794 38.467346393196600 16.839649209092322 47.380844271329778 79.018691871064505 9.470960970601272 73.266865891078126 55.310508530286342 97.481811088967447 64.872725889431720 31.010076871877367 82.035035719838632 15.808729701078006 31.485362920201652 84.400297875128331 14.059385338434428 78.401093555275892 88.187510174821369 30.904699941302749 96.265717982919895 20.582953400811487 67.475245986372855 6.736092479938383 93.048044472958054 57.594221752953388 89.476650312759602 63.896797316859455 48.255993581725832 60.816152924356771 12.068288230116952 39.160939304812523 70.313058503060233 93.604389042080840 8.298932169734396 36.781153392985509 83.201336985336823 86.445764058881863 94.155761507226558 24.518519826267514 17.744127682364351 20.638637415417470 98.592153317512015 59.053358391947995 78.695035724391644 4.402086764357804 46.936702609421843 19.453792869993091 4.402086752327305 46.936702609421843 19.453792869993091 35.541214383067711 58.210628157280439 62.658787578357575 90.523708154886890 78.036933720420336 79.125618475355168 81.885399289938618 57.294171087266477 40.857206590299953 26.108227172551899 71.992090582062502 82.876580221062170 69.701391216921508 39.152653555310188 62.686313132692042 38.870538827948231 91.088476055741481 80.669581053314658 21.271282620270927 1.822371919575638 85.224653174300016 49.265768010541379 16.292705970219078 34.500268677309585 63.645382836647613 68.048317536595320 9.189897690764791 10.462475219056167 33.576665069968506 98.079015320162782 5.653788226197365 53.895238120602819 23.581241218462768 23.817833909036423 92.156579641845411 83.485573648709973 62.560864721656714 21.946750980847074 45.322871280425595 10.830268690679890 68.385750670365837 75.365319184594313 13.859951229773159 38.268495079461395 85.119619887001448 43.717806014332375 92.156579627917822 83.485573648709973 62.560864721656714 21.946750980847074 0.871285848222025 72.945423057260413 9.008762657678815 88.995757904715262 16.194143486805459 10.245565213716290 33.362906040931783 62.622499095934970 84.429655476733942 13.126911768624039 33.377300791406952 30.318235360432798 44.634656209056047 41.392939955610174 0.319089349030544 14.216185387309254 90.002656862830221 51.403249934038932 62.714648643453408 34.677609940885588 49.519312127941731 14.936062087086944 87.577365238693233 59.697091997245863 89.906238635948711 10.857366917528788 47.555072103999748 63.741354893634082 7.701071556052930 95.765204173109325 87.597026340470080 90.905448725319232 33.472159768423836 11.492175393508186 8.813791717763120 85.261531288014098 66.319902694189210 3.488759459946511 24.527478279641468 84.080915922092714 64.410461905293332
3.113923530217133 48.073026700451557 87.904538329076161 6.185937041261536 33.510075958742988 62.665285932574299 3.035801727193554 94.906750426341830 44.544238816074966 0.941911278689767 89.574644436542428 85.398384865153062 10.304924926653857 39.896711953620880 76.322923906798096 62.739780455271607 60.593868064660924 77.039372924333321 99.140204995589500 51.792959177918533 84.997549239054578 86.540756961464297 9.934574422564912 76.507215344718816 15.498220832457822 85.730691967565534 26.440001440342829 82.820899043859768 84.831523122634081 0.592969177208669 49.979926346508606 8.143455262075783 90.495827533735579 98.803597794403672 24.952580081223964 24.952580063080099 78.101810026390154 11.471306847289053 90.709431454242477 41.598852372394560 80.461212655584973 6.613288165852193 36.260854895605554 57.446662299478703 1.707743391240124 0.467359198457873 6.044580805512467 18.185755652629474 5.832375048143856 98.940008857805623 50.725815352265094 65.624464664605497 25.532952946255271 49.663259147644212 67.759458051737369 20.970874666107385 67.368540946432020 0.783530920048403 21.353461365848613 6.656341715049685 64.974422027372185 62.439619457249719 40.569072443531454 31.430706063197590 35.792673000858834 80.094768890744035 64.475557794184539 5.060005769614929 4.571140539872875 46.283076650501634 52.910947092498027 24.458130880599406 7.167336940172142 82.737201657829857 14.238520528923548 4.070062935361163 50.680032924016281 79.289406480088601 81.427222062993877 81.090171608605871 64.968024771285343 39.523636092724388 85.276668872946189 99.263492060258656 14.340266767990894 62.233491004826782 33.899006367273856 56.608111049246816 82.330547946612356 33.349034483734854 22.775307790659816 25.779843629676023 6.683602838560398 95.912027108854318 0.256914816711884 58.208943075287621 22.292400882251506 36.616615470059223 36.008223688940056 41.902718012996857 33.070369489786842 28.180361426392665 72.475738817487994 58.623873282000936 22.292400882251506 36.616615470059223 36.008223688940056 41.902718012996857 33.070369489786842 28.180361426392665 72.475738817487994 58.623873282000936 14.880463633868191 67.830875998573987 25.579046804171533 74.548687885557385 11.042258137016493 56.781221008539163 72.906670955680411 86.770073549782595 35.034220694931925 39.901063335536648 6.453014110263999 66.791851284561474 6.487132656959115 75.553661670254499 9.849556876441245 41.223681682975069 60.520009101072134 96.691665871069219 33.791790774779187 66.798030374156710 37.069667795112515 16.600686790637663 37.068469951986984 36.828168890182447 73.509469951160398 24.803456027214310 43.589096412819096 32.273206601708651 24.848855897981871 49.544072063048603 39.728620422684834 23.951840471909634 29.328601920828270 30.256658253049494 17.941756890267126 94.650965671892820 34.516673364011311 70.918016110186755 82.276957639659059 49.595216530358023 2.872313565328777 34.690597313308061 44.269725801631054 35.684702497220897 59.571046787946372 87.327234299793730 97.337613720901459 69.054309253040884 9.632935599932956 89.456601786152035 68.020829664667261 56.732349556081083 73.675847070600852 71.390933217657945 70.705725471819051 54.086169145120913 29.389760049439552 59.127104040001896 68.845836231302400 37.679444009041951 11.441737725600321 63.435855400809729 66.322931927065781 91.169310685953931 3.430851275525915 21.212216284881112 62.551847580111421 18.074783151561203 33.662411716072093 92.628556857914717 59.556181358730484 55.091939376244270 64.790865385974584 82.587144875025814 98.953607439973595 96.139589301727696 47.136271516082317 5.477247649952776 96.297082149082485 98.059150673949475 22.528084136372396 99.148910886197754 93.183398642096321 83.620109802722823 71.678663521538127 37.631375928420653 56.584899421841584 7.561715417071757
22.117453888100503 98.170147236462228 20.407802249181007 6.169798232840118 64.559619953241750 37.194753690854533 8.630726076813266 46.784701352569300 65.508533868565394 38.357973834787870 80.444680608300573 43.937721316428160 26.457889842407589 34.139641695151312 93.361430868941042 95.840151684711103 84.615596230619701 69.449745183284449 5.581724486358985 24.909414043597909 62.263141116930818 31.135250591076279 75.174692390918082 92.761357086199055 33.975604239844237 51.928830684257079 74.041311794009829 63.353893676278808 57.953725348618391 6.329210022895992 60.019052590911507 70.741976504817131 19.613655826930898 80.148963127219503 31.608755845467972 90.059484499099241 52.420852184920641 84.006118110764049 57.242266792121931 43.450796564880058 41.437296560561080 5.853247603200195 17.802816018270018 71.969981559729518 8.405486455647182 8.211368101632409 13.878721109135373 53.682227820007569 46.871931678139070 89.758779844498648 95.305158174709888 19.978801982156792 69.398202379898422 89.842157852317499 36.607998991663116 50.159821352452838 99.064454992684020 74.578457071540541 78.562668176230105 23.446260126098327 40.443235557572734 57.558888564520281 61.251639180663375 75.840995287628360 5.190375335580311 22.201262440250012 81.633095952063371 2.537751698054713 92.183887568792883 97.656161962317114 98.295241112457660 32.374189381968577 64.749855868853643 91.502531448725094 8.406586758574575 3.408318286430656 10.287681589072960 81.841836945909762 38.669963938049179 57.050706683342312 5.163816682193023 93.618584785534424 1.510826947095467 14.447878811545767 65.588111961519616 38.666009875286633 9.179987304823921 25.860936344718908 59.677223740841143 98.866959301213726 83.598166210272893 68.284537753403100 55.080162909766074 99.934169772231925 71.019436459107993 61.200675962254593 17.721055093866301 60.001431485239010 79.367963412249537 42.409394378021950 76.484586467250807 33.206916407171171 3.884381917550650 45.630223742761409 11.803792286839698 15.540019548463224 3.941597675394237 32.758166012177448 14.905400314077033 2.393592280675005 80.042125915281687 91.417869220495945 31.891863044461608 59.737599218788581 64.888304590268930 73.721932742206903 74.153938632339660 11.148662024067047 28.608491498269505 13.873741507703730 72.979702884443029 27.399380400678051 80.789320780225950 15.883482804053539 18.008433103648358 17.487427759714912 18.008433103648358 17.487427759714912 13.586316325704551 71.594728650692375 63.172312560789322 69.779703886375387 71.407679487699497 32.859343066299971 51.324982908039793 75.112003546963919 41.139224911223671 91.787170775670262 17.025903566027356 30.011419093654478 52.749370768502324 93.315297702911323 73.158280015179770 87.823442380320373 32.158599794589463 42.786606208540512 69.024478976822536 75.518868560722638 2.152253889448286 73.158280015179770 87.823442380320373 32.158599794589463 42.786606208540512 69.024478976822536 75.518868560722638 2.152253889448286 19.285018343096294 78.893106899852441 77.741882308518839 30.374012327538747 14.907444729093500 1.508440984835702 8.444259786622489 37.322216776979644 11.314769211951258 4.667797189012424 69.678440568674844 2.788018313122909 11.364509820155211 83.560506047418841 40.718339772183477 83.178721880826515 36.293833344163808 64.793581501423674 21.662694863604315 3.313744165624932 36.939682760744844 88.768900749321134 7.922197585762902 6.266823931597698 39.039827119665738 55.727668908641448 12.867167205997399 15.806282957364049 13.460306348150619 20.444176376703361 24.993061238234947 35.091348991976147 60.779482698179230 73.420677210590469 80.332088149505836 19.027334710091836 33.331159849774785 25.703990506825114 40.118573647543364 1.709227436027416 42.034405500841679 7.785023468598650 20.662299789677352 36.216307234457943
67.754629469688922 95.492380270856046 93.127831973983660 1.689552595955601 74.952639284148532 73.897761028432768 44.829907995276031 22.471543382203475 71.350132210283590 74.302857276445607 64.742128940986603 22.399487689579310 17.209157427966105 8.444259786622489 37.322216776979644 11.314769211951258 43.190659227521081 76.379951896723639 41.826268585217761 36.423449474401295 6.404995493220245 74.408359577977905 40.568864510023261 39.301381630841135 66.220828034394444 33.225775972106810 12.991593029631455 17.694855704961064 96.418644784206236 58.882418552184923 90.832813382266579 50.918115775600917 96.023520250763511 40.718339772183477 93.736613733985649 33.560929727928404 19.902909608292418 70.154384646798178 92.900698278179163 10.374208802370799 82.310237890401098 26.225887673071611 43.390789797377984 11.318730155834567 67.409811105725097 20.458240040174402 44.931033612005365 41.922562326241199 73.200794684902576 59.448100117921420 31.596710419622319 45.144396908684669 93.060116848208253 56.477684186559941 69.658600087459078 21.516780316229134 9.890124476592066 33.331159849774785 25.703990506825114 40.118573647543364 39.230752449150977 33.088290400665997 61.977936975727587 87.500870166624537 56.431606496403695 67.690966026617161 29.925684600766054 42.771060151509630 60.264260938997239 73.866919256008273 60.828179740408494 97.201914799834341 5.430043175883903 26.738635440734537 20.363911578986226 24.956458662849425 53.733694835215630 18.308156359134408 18.994142252253020 88.998519746639857 4.228416904572896 8.161224026760427 13.793871087429576 34.451165188934951 6.351416927997033 12.440606141563492 24.773373961246325 3.858669233421264 14.717295716507895 8.473685047375346 60.896758707792955 50.980967376063560 77.766980700321852 78.709502415259763 76.333579457553512 24.771170620154127 40.142285772025900 32.845468495315302 92.676042549938686 59.733276956499225 60.954681747971925 57.757460463460589 12.489241737017432 96.593041111483487 20.280782457477276 25.048449180132838 13.615293341583989 66.919559651343221 13.296084528261233 65.850221648734632 41.283834706706159 64.195306105862315 91.315874591102244 81.157510123806858 91.977171538337544 57.315504080904958 44.066634002902681 30.996494552664000 48.307504553278527 6.901775877305305 23.879656589186226 93.409738988934649 70.629169928356589 95.168192067818183 60.200718865200756 29.175343468367476 12.896285835368005 91.703703415399588 8.813906687379291 56.076294288757090 23.146542922802528 50.930904768928897 37.670037538292753 36.273749709757887 14.839313063805514 89.460255117857045 44.712691381757793 82.933436878914819 56.076294287950645 23.146542922802528 50.930904768928897 37.670037538292753 36.273749709757887 14.839313063805514 89.460255117857045 44.712691381757793 82.933436878914819 88.247604516246270 15.458758456735723 44.970288126708425 20.481235561487633 80.451549589817262 2.920507129647487 21.688891681194544 15.121558381998657 42.437943235990140 48.884648568048718 26.798817547627884 85.546557510224545 96.794353803471225 5.539147667512944 33.037345872616505 81.399857052481124 79.569670493936982 90.763556833778765 15.018824801033492 29.847421194228819 67.871910945775511 79.991331079151422 51.071831440650719 5.777449840247129 62.362293637052126 98.266968570503906 74.570497793815605 95.674954320932201 18.728559930912070 31.809986622959830 11.564291102239000 90.024032891393105 72.787554382818243 43.685017519623607 12.538880366296324 33.612386028702204 31.739095033258014 38.498021795173983 57.555336580687133 42.513844881118899 48.118739833580662 86.427759144867267 19.689987174072009 59.920485373403665 45.739470055968724 93.092376074462422 21.465451495718789 61.530494669370903 15.730499805886765 40.116590978543165 49.468162023828995 63.790241149535134 67.873155954979737
66.999034953532117 7.183109687820854 90.644795026932854 59.708898921297390 52.453167903483113 53.714257425356060 53.478631817266177 8.151552836717901 47.357802526381178 87.554174250090682 11.956600625138536 71.122025608781072 3.883227505785969 18.630720348494389 96.350094804996942 64.970951681858651 84.423481926919251 41.894119885136924 55.043176106356398 45.468055046851610 11.876259184026727 52.096513258324194 10.207506545147227 16.318730179549711 89.244577095598572 70.354810115752514 46.074067641654651 56.571360025186436 4.077371892710202 16.927072589006109 90.456350621025365 25.338081157339865 45.784326240938931 97.846170462016843 70.354810115752514 46.074067641654651 56.571360025186436 4.077371892710202 16.927072589006109 66.636279868175833 94.174391160846042 27.158334940823458 0.762122529022680 17.734743612802571 98.311003785027296 20.094275018928119 38.569471931778828 27.590339276513632 60.918419442379879 56.545239027272046 84.650873391463975 37.697227584933465 19.931971794171744 93.624488221885343 99.948178611870361 55.606568188683482 91.330740744749036 48.108582524107611 70.385752503291982 96.123347312333863 30.366270064615343 4.110870518066367 21.697665963914382 79.648338711778749 83.953300066911680 56.686932489551467 4.683548913749346 99.886071186079022 41.265720281803929 9.030608670028739 71.245715992051444 10.933384845070272 43.483465111059338 20.535245930983258 44.970354701062220 82.810331062093681 24.868538800114415 47.987187008102069 90.479486367480064 61.675852867067960 78.442925970404232 86.496148778863997 44.760771602412440 46.224505199322493 80.378301338465320 75.455023978192287 66.845856861672985 93.335745401067300 56.108237109443714 64.691202374534086 17.131453956784913 24.490356270028300 65.062853851757794 58.602704948402305 72.499927349288029 18.153618763737732 50.439920181477419 18.137889745812064 53.016469985366044 19.869900571151856 97.312253558044873 35.171196309569993 76.086965060442708 4.872089239014487 56.741596722561980 5.231748935854597 93.982659437566767 45.366452160953976 21.274349441131513 37.541459676834812 77.321029702362409 69.445175036063887 37.754737036507457 69.696517503368355 11.609997900490033 64.668885060567092 52.062161995125798 62.238059619176809 39.135252395498341 96.260480173482421 20.716233992110954 29.623788930772797 36.823239459982979 89.168180717932117 26.546266868711619 69.020172693366121 97.344798697761036 88.713199479086882 20.065973455019726 61.146573759403580 77.311269793460625 22.742110963798979 48.709066100271059 51.713892384023353 59.090166846305578 75.146065107813698 31.519655272669912 19.366499297959283 4.538051958114719 45.371787813543207 6.915264339303750 66.555357251953055 23.113588617684609 45.090698121599729 64.616013060008655 42.063590943744508 92.160407937278450 37.805631962231566 99.147589693996011 32.250831613006881 12.029155529891987 78.373936477914981 2.205299909408998 70.979310558465272 39.445945232257593 84.275445132135857 53.963975797611994 64.869410008871171 91.539657333569494 30.964626676421492 74.905707409151177 97.095191885883239 17.747744400945408 5.268576318220697 17.547407995632081 38.733957951221306 78.537099516050716 0.380404709274063 37.561362497006670 38.119766732227568 57.330513768725552 57.915002733617115 76.317034405799618 19.427805872905846 97.056508226270722 80.089624099442773 22.170201802331569 28.818225293018664 33.877739080289651 57.296586422160409 11.405828006885145 80.923710057459957 85.757133920124986 70.388834943709227 7.880255879667608 94.227902945858105 1.803332431426297 38.885274474973230 61.784471295275644 73.241789333492406 29.848486432523480 19.078307653849681 40.168533852579657 99.995814044743909 73.309350873081442 91.731855534823183 47.806246750897898 28.508640348146407 82.749583960199018 25.727638231656790
52.013001100965099 85.616609629246625 73.165289329898769 41.682951607156951 98.868729187408064 29.846558442380555 25.127164754846444 51.369315284315618 66.567691428996923 45.736045776295533 7.150987440732070 96.220703342946805 80.015085626470722 34.495400442047696 84.027413032538618 66.382233329115763 34.495400442047696 84.027413032538618 5.681585563345203 29.220851665010471 33.510957094186843 12.131183551805213 37.315155765622812 99.508669692257811 61.184713170291140 94.943400652331661 5.978500667524045 3.793246724578392 5.729775065556552 91.973890174354707 37.834309670125442 79.551888217500704 99.310509761671412 39.065658317905402 67.845750889041739 31.849216391545752 81.177632010610381 82.497025022259166 13.248151552293086 49.790777405308539 5.291093593479923 98.736599059923478 4.330326450868838 13.633945834843908 0.073429795170810 20.494273745696802 0.429292530222880 65.350106112943095 91.058006525110727 75.796103354556024 37.326617941100849 82.448325889711285 83.234077396709807 6.175419289377215 14.656991769205041 62.116685662393500 8.355625783792053 59.321789535201908 40.396317841399444 91.403970392021321 58.098848835981883 69.837428046789611 58.693793711449530 90.115282906198374 14.575370191616898 11.241188597459562 54.268584440759582 29.719825225427599 42.651500584434984 39.705340015025982 68.076682885731543 10.283998472564305 39.749244061951693 21.880163720015332 72.866844925140015 48.988870277946198 89.016817864392351 28.890216217260267 19.553383133008140 82.164594167650293 56.864266506730274 89.160193239725132 99.260975482400838 60.553982753537085 14.431471734444957 6.804459981103372 23.979290757724126 45.370768788434226 71.817231936909906 79.350067956147996 76.147722995635917 63.757763302420841 12.404445488800519 85.804133939096573 63.608132555985563 77.890524226895579 75.158216012400587 88.499909803684815 54.645145157033703 6.255156563881703 63.885861652371986 77.401501828854009 82.869104728595488 23.918536096934883 57.946865308481840 46.017091184303773 26.793874843889387 92.698187797368931 8.716494362184669 77.875462405266191 37.479264823194079 96.201611582840670 40.496436203181496 44.548798737411964 64.076121441641803 70.770093459879064 99.808114975239377 17.846024685507089 41.468812481986085 10.239266221901744 51.464961424337908 77.840812702153698 98.409122003980130 64.275668485935171 27.577163625900425 1.690021361847682 44.059413736834429 71.607443692475769 2.408165574396648 35.713339422149495 52.283601314624562 95.687533767252276 50.746345492174825 59.539669127659543 76.535747818012254 23.466365242519682 99.000741186360827 19.276237182704758 43.143297391049707 4.928923415765796 88.440826305112395 11.229355388172790 49.115111431298452 73.451775231598020 62.524389482096346 0.841935781803838 13.376230117013076 70.176186505205180 41.612032488835382 75.590159808435217 88.586615623095568 26.130035671383244 94.147955236139538 26.334994340438978 70.362096845603887 86.461963250240629 49.917651091952898 13.209684098186237 60.672952527647382 1.136738515289026 22.873366138929473 87.737364276337829 77.262953475687695 2.408716956766299 56.834229277842553 7.293948082722590 23.289535682563624 23.964053546533737 67.654608904188620 64.051975272260336 98.403928744649974 2.741874851140802 59.352070124082147 54.568533884478811 46.285452692240312 56.309452134266444 97.041513739325609 49.233835928912185 70.119249396570055 60.995468079129964 49.565435329083940 26.237965318128033 94.243030712856893 36.359302544634751 4.109826633903102 44.326281769280364 44.309413558180957 89.025003038472391 4.207192549022921 66.719098813518556 11.858632955679649 53.868224428276093 48.093903775268345 65.850819713693582 60.362360893765789 84.394560843513631 99.327656368511825 19.403488210442866 81.628481640763866 74.198718321630324
75.731493570670779 74.776741212686645 47.462959395432335 17.734213184459989 54.838346583711193 88.260926779482247 2.376988353028475 6.976533182154176 31.656968936885434 33.529066190299048 54.159494103572250 10.089099516679155 34.227534534095902 68.130658477967899 97.459342144110948 43.135320506394315 86.679465057873813 30.851988593832047 91.617982819400794 69.196008886048517 72.477279462888589 95.209383131889382 22.338699225941372 75.067739064317209 93.603075320309031 81.193137584571673 39.100097223986829 77.068752945961180 18.660453329593153 60.635480328469939 78.092794975701096 92.993936052075384 97.765363921517363 85.244089213900693 81.619253656332631 98.061485925072404 96.554990152878858 18.112259338215875 84.438699986753491 89.390103711669212 8.473018680716848 93.214534802819827 40.278432262100758 56.945736046665843 94.185593835538114 85.832703825256701 26.099101515461488 34.817566941532888 85.714253432658666 99.367228119286338 43.512913923341713 60.141820122841480 81.903491424089651 71.124467464672108 49.629138881711739 22.692257560661165 45.282397773622762 71.645834834646223 97.599487975174355 99.148238866499412 41.580683465272358 28.278469613253854 86.047373049965501 35.473188206022556 41.096737129299775 14.379904544843669 11.777682245726851 86.804768305803648 8.591574579418925 16.179979062145613 11.765378707290353 21.553745481415852 27.501711526191041 82.427986601574858 39.170387065865420 57.434707968999767 69.659752970762611 65.969451491059772 68.989835376679181 32.589488513896704 85.779769349478059 85.700190487970701 40.702553099016491 58.274822343459988 7.033235130789040 31.123440614750152 50.006518158164738 99.412998618501646 30.023449615669541 87.590900572436894 22.812176487317338 98.964115622893559 5.776084162098871 34.632552459021070 73.231692368780514 73.718222418393736 16.212220341871920 58.116610715492044 4.530840921883728 5.646488029490815 93.634615712321093 87.622053908653811 88.165816414820469 21.351575104682276 91.495826376768875 93.741825916309708 70.795493674808938 97.214979258412868 53.270513480644766 46.375984126829728 45.044054850953650 94.061003711719550 87.861663592003296 14.086838210431395 58.105485523461553 7.432915389127848 49.811590847434694 35.168656748216790 75.629409309106194 89.683137150545519 78.677193687198951 80.637040804533754 9.344914565807994 85.386664367189496 49.079626193830769 63.415104298785643 65.244216926461917 80.407925321647795 17.958640924362999 53.266019644108518 72.613181238187408 75.180026847744912 89.656134717865086 36.160643310117578 75.202706349814136 11.674306845508731 47.363547139903716 36.822610886588066 52.856309141292023 27.970177580940479 48.179700845508918 96.341424947800562 97.852813083067574 59.637490210630041 76.642895779016428 64.518130914212705 51.904459853793163 24.491295294400771 32.530524720006603 29.853451211549100 7.737390061459060 33.076410714178792 92.201177717633001 58.006074957831224 47.269987003103118 16.135909711275421 4.109703661611618 70.448176955743065 54.631942668292425 41.699460312353608 74.015464693502111 95.635800135157524 61.955214762894784 67.160546203135524 38.558825004765431 56.185977036145509 15.374647429772626 32.831491926392040 24.504339615663529 93.727304123940073 72.351808088432406 64.738202201274547 71.307638240289293 45.282397773622762 71.645834834646223 97.599487975174355 99.148238866499412 41.580683465272358 28.278469613253854 44.148234663604200 47.987128775748076 29.154155423718553 20.616841330849532 48.696902478358659 74.058798424503522 23.758090987377788 86.532050977425840 89.249162276917161 99.861672287231258 85.570309741383184 76.147312907623515 79.602234917661036 39.570858896234171 12.274684794971780 85.290143416903533 67.984187218613727 68.386883980431776 91.538205508255004 81.498564451172342 14.339589128406383
49.439529644456449 17.624292310725508 69.214380445136342 31.769822250285539 68.312297510911108 51.789691556455189 28.288045274935481 2.777803307801296 18.129311278882408 35.565568836358374 9.282818833673300 83.310329382479452 84.886487113026078 16.759175612901657 65.206264153342858 8.747709828919458 17.355991678152360 2.678840243011238 82.277961898094915 38.894934369357806 62.584145761481480 68.342901642620504 13.663642538955756 79.846205626752621 68.247897323781245 10.064826967538975 84.256123571375596 35.729306840726572 65.118732779923178 90.109856679091237 2.764787288005277 23.619786580676116 74.105521983412103 34.612472644867587 91.770023345910928 40.066358292708784 68.062419856893030 41.870914543743353 98.577717638707213 49.768856172838881 0.720147867775867 46.116538859320464 57.970710962660910 71.393994603994955 34.489633757941732 41.110689789715913 28.416811434061373 15.383353981761816 40.337405517602832 85.947059822627082 21.801535198677890 47.153566988645103 39.175682095752506 44.810483551007877 31.624754273300184 85.245756525080395 0.970636302916317 84.015456063121832 72.204060731662949 27.238659986461890 96.816706008850645 56.820217471106268 97.899124934668976 41.634302384259833 99.635463707292374 90.028468688153069 70.234825751061763 51.655688007903954 90.820234992402789 3.954168940143110 36.249799224918910 21.170868053350066 5.204501256012661 19.603168686090445 50.499818879154326 38.165141007380910 81.065100892405511 46.759753006448577 99.463567846089262 66.401402063481157 72.497466581306256 50.611514276125234 7.308763076226676 1.251563698772362 24.620632624463600 10.750413185891327 58.042045740547920 80.196005527124939 11.942045742181772 36.012691655465886 40.036949757325338 44.434187704510478 51.109034554801035 3.127896482142822 89.895445380778199 71.982410749759921 43.540226881518208 84.883685762921417 16.135909711275421 4.109703661611618 70.448176955743065 54.631942668292425 41.699460312353608 74.015464693502111 95.635800135157524 61.955214762894784 67.160546203135524 38.558825004765431 56.185977036145509 15.374647429772626 32.831491926392040 24.504339615663529 93.727304123940073 72.351808088432406 64.738202201274547 71.307638240289293 78.336167603087105 59.111308369347647 92.152020021306271 51.438208263304894 70.491470854161207 92.574829567248415 11.971635109596123 30.848422209401171 80.420693365562983 89.648854317816046 55.674743354784937 24.339712245293743 29.009605800759562 34.730922862260130 93.556752427381213 81.800334885889797 53.640106416415001 3.493020890259646 32.917495289604318 96.002161608244123 57.522779514070990 17.076446585809769 42.286426325652236 47.747817683335555 64.357857055504326 21.354050598264372 25.518501441935182 10.727705864083992 32.857872961877121 44.714115201030459 82.008300383749116 32.335280906289810 98.435070439808428 39.719869987920617 51.684615742316900 86.782806818842914 46.617824489029978 55.626133711587812 93.504173840952404 81.727348352416968 64.955332976959156 54.505976958154513 89.381721232990046 60.638713354492744 58.161782814915952 3.740592581323243 27.364098179038521 41.308532212253937 83.340541930800811 78.727080994771740 76.991678044822464 54.430856949609684 33.010626180962852 84.558537904812084 10.102288889918986 1.064418259774169 76.929070938410121 87.384900143740978 58.002316866269766 48.746768907810115 99.487974490506630 18.433570822778911 99.491022433721241 19.577878117496116 42.016152374372950 91.051706319391442 94.192754394984291 86.389332719991472 62.430370457820629 36.829939806304715 71.803193275107844 55.881049333723723 29.064843661473528 67.118869410045136 4.443589332085507 63.503623591675549 97.393224883676524 23.706198400191148 82.087761765192383 66.673738341482135 91.827936441868459 67.716862716346711 98.744275940817460 96.946201609577642
14.995300027099967 84.208829346253395 57.497383880465357 91.292509576271669 47.502098873857300 44.197226488330074 55.457109992851194 72.116839056402185 85.048037755625245 43.765527379616053 82.754945539713106 76.327739172916836 41.089757946610973 16.035533433217765 31.186752580090449 9.483079693109175 23.237690011917820 69.660396035253626 28.591565259477647 82.417206410457993 68.586913664533938 32.719598787719704 14.838852165744132 2.602250425588037 93.935543159407970 98.746667806188015 89.378406112107243 56.222309850336252 64.655353985399245 9.313377753738150 56.300738824495113 3.124778736404610 26.996032529592860 16.781130158891834 20.954148759296963 6.842521092798126 19.563321450144468 39.737693104388391 7.521502200813302 18.657966564957619 47.025364903237012 14.356518261871898 20.353380304871738 93.502078256787499 75.645481152693790 52.940758220467345 78.019784234148673 92.311155721476254 60.645990595645785 98.661048582824492 16.812785163482403 33.668618004712023 86.127726057436874 85.384001806311716 29.993106824585723 40.229471514517890 80.970452293680623 81.920156039103304 34.908470678465740 41.882641313333224 67.615709814799530 9.592290236872991 20.765677116713064 2.424267010976744 91.210554514358449 68.679785287782565 79.436137153751744 92.289313888068435 95.646425968605712 56.588757238059031 31.633314451736936 72.961478596587085 78.552563122600546 90.338708255088420 22.457196933048650 74.710640336360427 91.403921686819459 74.790097428316301 5.353529111139988 29.026762383504547 30.583747059432852 93.794064315575085 85.248722540033583 84.910987423156556 34.712927198068869 0.211950593436905 16.443747166201671 50.117262616161064 47.205791028890928 72.195291897655380 79.575550233143204 36.627250091221008 26.730868368921655 19.206409809068660 49.094424240606138 19.611734078700806 22.753549700320129 77.518596779836940 82.640931783853134 37.399498845823445 95.331525351483464 40.810696738470199 60.552113730463795 21.989848855760840 47.981000059411230 43.898585950894095 16.646223350794852 26.019633892504590 41.444969446002197 43.167690130451376 55.487793356178017 96.910603019411894 91.722744532151182 20.565758919418986 52.014905087481566 64.961945249055134 27.652424248443452 65.774281400322621 74.574691422720591 62.929387758549439 48.951665762386099 60.029857015155784 88.627725122512288 73.465569128606006 24.282199110057668 1.091288942195301 83.763521666108474 94.913662282246648 50.335476519276327 2.598513193647112 96.956554477990181 93.947120003050799 9.032098697320068 70.225514284123463 93.267808264268638 30.500626699035138 0.623583289864527 9.622236150405072 68.113247433762908 74.038731081907784 96.810584148323315 68.545908567861900 28.902245585386687 31.384261889314068 43.884375093480912 42.810830144443493 52.377379563424675 84.208829346253395 57.497383880465357 91.292509576271669 47.502098873857300 44.197226488330074 55.457109992851194 72.116839056402185 85.048037755625245 43.765527379616053 82.754945539713106 76.327739172916836 41.089757946610973 16.035533433217765 31.186752580090449 9.483079693109175 23.237690011917820 69.660396035253626 28.591565259477647 82.417206410457993 68.586913664533938 32.719598787719704 14.838852165744132 2.602250425588037 93.935543159407970 98.746667806188015 89.378406112107243 56.222309850336252 64.655353985399245 9.313377753738150 56.300738824495113 3.124778736404610 26.996032529592860 16.781130158891834 20.954148759296963 6.842521092798126 19.563321450144468 39.737693104388391 7.521502200813302 18.657966564957619 47.025364903237012 36.353517045063143 22.359732032519762 36.699480008515785 15.758143137431269 29.505811609989617 1.832866743105299 69.285180056406574 6.354451879747558 41.869186893724354 19.166574917506740 72.474646525074846 20.935036502860804 41.004247775651059
82.350429281509818 26.644972421447921 79.703813902572676 41.822214888481227 52.298394139075178 31.830977741317135 31.754932835887363 95.538384964146800 59.713780061837220 17.030121638761830 90.217956372069452 43.686493728363295 71.165563487673751 17.385324459038710 10.864704087122446 50.390233435175055 61.109603165559399 95.578233480824210 28.916810993283438 89.194738865463123 7.328123108300034 95.934276205645816 19.532547211143214 14.446668860569901 58.746838661759718 34.294330109047877 40.145523993213025 28.545026707686826 18.489998061804226 87.275458031878500 7.886510114757616 71.034750452896262 19.272252403060886 50.530196324640443 45.915062005015436 9.400311095879122 94.315628574831351 35.222314296707992 53.524736008897591 64.134713421787822 67.179337454660072 2.528882771779761 1.455177906072636 50.896742113427550 25.603634875082825 12.555226025217047 84.207276017306270 38.199392598268403 3.523526649626629 29.353018691578502 85.868653899313500 30.785592184311639 1.210601423576829 25.603634875082825 12.555226025217047 84.207276017306270 38.199392598268403 3.523526649626629 29.353018691578502 85.868653899313500 30.785592184311639 1.210601423576829 22.616192809659651 29.601447815690396 62.416421281499666 18.703382205062425 76.014613718914489 79.475855934562176 84.545298112088304 99.735212500202692 93.575464734783992 22.200426905566406 99.735212500202692 93.575464734783992 22.200426905566406 54.298700281889090 54.150638901964989 91.990671200483959 4.013012548789330 64.952161278787671 72.195291913049928 26.019633892504590 41.444969446002197 43.167690130451376 55.487793356178017 96.910603019411894 91.722744532151182 70.395708420697943 86.084285461917744 10.612072895701363 52.440193479282080 2.744197475822274 57.447217450658115 77.896789872969705 28.186155914600885 3.031455643235659 10.868606949075000 44.443325376674935 20.511537740165064 22.521246478569743 36.019399363871727 45.634067763870810 14.761437606496530 56.600980242619713 42.618132857984136 23.802777869825420 89.753691748558694 89.684572918140290 36.301848864359300 92.440537289208677 52.122814842454666 65.459922044281797 14.351676665873859 95.335748927944238 83.339520582582821 2.382945485885735 70.162545969848722 2.330956144170915 76.601627995713756 41.925107994122449 26.491816550881619 95.370602790055528 94.794281158461985 17.479102160575401 30.777409063236448 44.859819920489265 74.089327696497847 87.859955611973334 90.593679414657856 90.147913504434612 2.091896568141749 89.815367619063693 62.574031884744500 10.568170508724450 5.874778034824624 90.038306588291434 41.832447934272743 44.465762740576189 14.734125845364010 56.203352897660295 20.425881041811945 87.507706853936085 80.545732272555085 41.743475458687250 64.916454947904697 1.457391547035969 55.637856596605559 83.838977104931317 1.268744428620006 55.606374809043594 20.355557115489496 15.063687141462678 13.714104950400497 72.923995622113139 88.864330958148074 28.318608097643573 57.943606056912124 74.448406229033310 33.139534308974305 26.050577073936843 82.214004170302843 73.939355139592621 50.319101175543857 33.985202229997505 68.371800226158371 53.457251322306284 0.378461084150850 53.052919721640791 18.631461573187480 80.833422075594768 76.465730374845265 77.212403310349359 97.050841714636874 85.908836923650625 21.386850582550444 56.374816571817362 89.548187150762899 28.830281053604345 13.242863081064282 72.822716954027342 93.852175121171584 24.893867058027030 34.678698627391483 38.712244590152899 20.463253185136388 74.507983946771944 60.987909281486232 88.577320704975051 11.272079072291897 43.167847028906301 78.347666475126672 6.283785783463736 81.434722023350417 75.719728481176702 40.191185281710609 96.204993453313961 39.700824506156309 78.052403200776851 52.146253252970034 98.298557636723245
81.259813623429196 48.355740458276443 61.244403199996469 94.995051325134156 90.341362533816792 26.375629272037237 54.513940562711880 49.973017351490789 79.712458016363613 6.671862380080218 3.877919885008718 80.269289503431153 33.864543158696435 36.123468887355905 64.964569934557076 74.256254351805765 34.118416746448510 39.466770497122383 86.921825559920521 95.502661656241600 85.323197078571766 81.562089115128799 95.028916128589486 48.250455215378210 7.280727852603053 61.176678924925653 3.098802413359680 85.022278716455673 13.693544805418567 38.276685110719868 38.828274839421525 62.823393139596931 81.118379403875068 1.535835633221216 55.886452340770120 11.049948090213190 55.588160077765792 68.832592571569734 91.537359626468728 64.754886722008280 24.526587781860730 91.096402270034076 50.042865178451720 66.246520792089470 32.303644030207998 95.231544256025998 40.147524147986900 2.141558843791624 25.550203973909756 8.921991225911885 20.385738911733952 3.675168911868620 18.067269906128193 45.559166500341796 26.639116351229241 28.712348637443586 45.569827021309308 72.644320681060776 35.165350209108873 95.295547102686584 36.496116779895956 41.977298751045836 81.794982649200563 87.773667374237320 12.102689495164210 81.146620851623808 82.868421344491395 51.719517685647943 54.756114999052862 38.673347985254125 66.809136724850603 54.673257760221894 93.841621760138466 48.216577595706980 56.724434929255217 49.132252388020689 42.050531355711165 45.367155847433771 68.725947739906644 32.465400117660351 24.360289697496086 81.956994961815212 10.773940939728632 77.873745782618684 35.925222141278191 36.942198318649012 47.738557870938727 24.688028015110742 35.864610626968684 58.250059098141527 44.477423078346966 35.938764369097498 84.418840911432810 55.586144869954360 0.543341571813893 9.131093420284254 37.341126630739765 54.312248596771198 83.930210993414420 78.859825018454075 56.242351457586878 74.839876441755806 36.214077025605732 77.866446607549989 66.221776678339211 92.327079540542897 28.041261338176536 68.242539412492803 49.534964971676800 69.817947182125977 92.006442710999224 71.005419514286174 80.750730626342360 4.228092752946555 12.992841204553374 60.311420462470565 11.242195921944676 20.434426892223133 55.775401528576587 98.626751181547021 10.727895286975563 38.113210973150721 80.232437428290922 44.215239167701739 39.918696103512133 72.333344030621063 64.749379859108288 16.172180034122263 21.451651237290747 3.373427953747665 87.601271600607106 31.315910666699565 54.999302370082361 31.196394841074270 61.955923932733626 14.551717197172408 53.011789909459992 58.726756130291150 20.573988673738640 9.114901285445887 49.120070396914564 73.228225441155601 60.070756057226980 7.423860476585520 14.513996951108821 10.310467737653573 42.720577760409626 23.978192094753183 15.400673620554972 62.788842830266788 14.243794808995158 13.864506209793426 80.595550109222771 88.688405777943956 95.177323378127980 99.327937156336688 37.979511548591461 53.251378549303197 94.034160913508742 94.713421465005695 49.641305924001465 8.863803617775300 70.272634852149736 2.905215173792353 54.293315275948352 5.393515665594539 76.761668280916439 5.504901280928076 7.079024547740797 3.884179013102906 43.681076834466282 45.699372100861538 31.648142932205282 68.913915952386517 3.817987816608792 73.003464108423017 72.154257106519452 48.632353008969908 73.384615318926947 83.861844973278522 48.128402730029642 55.253951983819327 60.162885207657382 16.242086682078860 15.996601163053391 83.909740387840230 11.794789581268894 19.786020684302976 15.005669601963689 81.733831413276519 37.181947693110104 18.171136284173716 6.471522673950270 57.394325106254193 65.972577972442565 5.862695389839989 61.024810876088523 45.142801361052697 81.609474053468588 76.429128058318526
11.456520433529526 45.034772195276886 61.686451437861002 28.701589052617383 83.016651992603556 37.082166795866968 33.901967683600823 53.752070701573487 98.568984303101743 51.074845555652537 79.305396574587590 2.230762890504379 76.440877959096639 5.674099005464084 9.337429514902794 52.698929164084660 6.743219905306940 17.580202608947758 49.441009571437263 23.399206510476322 12.440442388089179 6.285463304912797 77.566884645227091 53.286222532869473 27.263300068057251 33.731144382424105 96.753811281984284 89.084279308063444 87.703433306991059 25.885626893331569 79.746440895795004 93.959791677062896 50.752502874201298 76.361496089607272 55.341193602703513 5.010581724636998 73.919103288546054 97.060009048324076 2.636526765329661 35.342515785233672 56.300981657614855 68.846235797993529 57.231552151260992 11.396544976479127 85.255788805265155 7.031527041295849 21.069408475616470 21.621511025236039 60.269963872427098 13.070763772786730 73.871840436861731 62.370137138984752 25.162786052492248 54.475554968050943 26.977666067464856 50.952425018630535 36.398351459561965 97.896897735317751 1.963550980402107 76.816421218832460 19.701452467804081 81.138452976398668 13.743447743042436 68.899504494289673 53.339266916554195 21.069408475616470 21.621511025236039 60.269963872427098 13.070763772786730 73.871840436861731 62.370137138984752 25.162786052492248 54.475554968050943 26.977666067464856 50.952425018630535 36.398351459561965 97.896897735317751 1.963550980402107 76.816421218832460 19.701452467804081 81.138452976398668 13.743447743042436 68.899504494289673 53.339266916554195 16.763288870112682 72.848272523212970 4.834382498740419 91.774729142331950 41.319343316215004 11.935993785194077 23.733954893089461 47.411906315053074 98.910276491358601 34.953818951010398 36.963696041042752 20.186790324123514 50.908865791489099 37.199015978746090 88.860671725820779 30.768855840037823 78.991796410843008 6.001826203037153 46.662158702945931 85.648094462700172 90.232459835141469 40.331774264677875 63.728566755579529 93.708230155485367 88.630652908545329 32.636446630078453 68.820687203476865 95.936984027708803 72.467341068316102 12.626676546312154 9.396120733775536 34.519721099135936 41.288332038521006 89.213961406150545 26.840820404765221 80.269510504473516 87.882498639326741 2.830144443988825 75.782535507845537 33.489591769199933 18.302938194031071 3.960544267603472 32.211853193186812 94.141469965345763 17.576745643928959 77.657398060283114 90.529546679091112 13.627915127350377 42.062841141788290 31.571282460868389 11.544566686640657 34.498963831638861 4.282937984490687 52.901956802755109 62.416232231491321 31.361108229525701 8.175793844516466 21.149351043875530 74.443673790268633 23.777830594986980 80.093158739340183 95.006387577350978 19.360815252102004 4.276498382506588 2.137975980896456 12.548946409708927 25.588079144279508 50.706765390585403 89.158140378081157 83.326332713385227 62.962241504663716 76.618435162475137 2.458236155231619 83.485136067847549 43.792363562015758 30.158402910288029 70.890662174133439 81.556129095425675 88.093826457051875 69.481020981792895 47.153330507842654 71.867767974400948 33.106815349312235 23.283066017984865 52.704050455963490 33.037128600970675 67.380556683463396 72.737294123375918 50.361103437380997 40.421201820369681 59.816127484427319 17.561668007927612 18.943430092960522 12.940207563965734 81.499458262808361 0.751101984414604 76.944417586463572 52.982268367930359 59.502475618309724 83.241617381243444 94.849831088088948 53.739104087364417 99.174046215329355 34.684458039600585 73.495844778626847 45.190470802602356 28.665442097789040 58.318021984085654 73.273327607752975 43.359941118681576 88.608096723587309 67.632632930312397 90.181463209878814 95.089726168040457 78.440191839602363 29.343753843746391
0.719763440327748 9.243063716904565 89.052309417285443 57.343289479921154 90.727523875454580 33.807267236012549 92.730338473488473 45.705217106434645 14.393542733293184 56.653228975393965 18.006832443740738 50.107234396411272 75.859014045097723 91.932380680308015 0.908799900966795 15.102470886375318 27.230988221985498 19.196522222998059 55.344167282172549 41.104293240276732 33.809264496617374 80.145733863240821 18.515233223554883 77.753985325487108 16.062517032078105 55.863978606597406 94.511544465513353 10.327420337764416 92.684473653178856 41.761727962310879 24.185755016671663 74.597131937565095 48.423305517460172 98.165179955694242 50.249838326040631 50.782636302080675 13.653629892999209 86.895576252832527 43.914858172794446 59.399273435040953 61.985593802457871 3.710241669342040 8.985354056893701 89.641766074788748 46.045724792722645 28.316772983581718 94.036749772660897 40.504080498597816 61.881341146676071 15.083719868890277 96.978846980259803 42.545274882427144 40.377517748386339 62.673266758873766 3.521683713880308 11.883023731886377 6.544502442012201 9.878495999437520 49.321207484843931 33.926559686436221 14.846117736175890 4.615179547900139 34.808544980464596 3.854927957590071 6.052698655418787 73.340472218880009 79.165674496270540 19.478349279084039 15.862016798172561 0.443772759540995 43.317188249831887 19.836485997281407 91.958176130369878 34.840591669538931 78.495132562413929 45.215990365567023 41.251222872021877 73.951362773080021 12.016055494062384 32.119595235460430 55.942409393060132 52.151698860186734 5.086673110793571 88.984411505247991 61.370963616583381 13.296770050981198 83.305330431381179 48.837988755440222 43.492225329640647 63.175949971569111 37.860609977568949 71.651547800998841 58.974511077132028 71.699187802702681 19.229153014058888 82.170498686487676 6.910363777302586 47.132532450126575 53.046266999188418 44.855818896996055 30.645920383269786 32.917046681236570 81.666176118818441 90.652295942683338 13.579190851595113 99.215036297426437 70.534759213528417 57.295145051731552 28.444882312987062 65.573898261607241 35.339668065257065 52.667851406456748 70.558431095428759 64.168853970182582 68.702800047446942 64.894715998999359 35.563324772509233 53.319756462463097 50.898873251906309 72.095898504114913 62.992189344297856 68.301066823504087 36.860936933841749 58.320461045715909 89.914599411655644 82.015985214771263 29.566218910191221 56.445957438608730 36.166943130160625 83.850698374148578 65.329467340770236 33.836401833368143 27.178903397320862 75.883680993882166 16.495383739456759 23.580937290672988 60.833482191112509 87.830036112432381 11.836720545431534 86.022797492632719 36.276131958983356 82.642244693553252 46.672837128925480 29.888116728487070 14.155340637739311 5.104534112797698 64.072793171156562 3.717206352926539 8.290562546802803 98.526302942124161 10.785354299969374 61.369833144726407 8.401772956749742 84.633561174974204 80.824013336940652 62.208165820236971 65.612730274808413 2.775772966338452 74.183692930848082 62.237955956785683 73.796344095119721 12.129382873516581 81.036349952072158 65.068881681229868 23.296161676093320 75.297327496680339 18.802717147343284 55.823172624244620 31.676130787238101 94.262716295048776 17.583835801174040 28.956484399302383 17.583835801174040 28.956484399302383 92.140160597057303 38.508990086984831 50.706765390585403 89.158140378081157 83.326332713385227 62.962241504663716 76.618435162475137 13.515238254903394 13.399773250214086 99.278333374250764 29.687441240567335 53.207366161721438 12.537372946170178 9.490322295598174 28.663277781913287 86.568262206193367 0.006879137798155 97.853964807723372 75.097113806587430 94.915340317577133 41.749568919892674 59.432579266694496 54.024590615354775 83.503450185610234 18.982081567035337 57.258567693600462
23.327686315765984 90.684681832544371 80.478944935123479 59.021438863477535 43.628344801429442 8.156207664158288 11.677663389822058 18.585819997708885 54.466157751912625 71.570117211632862 6.832128077219024 59.568833745823710 16.094647588833332 88.020001089548643 35.385584352815158 89.056959894640698 44.393013733978847 61.223042400850289 88.612290598303062 78.064414274089060 91.856683503750858 77.329196662218649 43.058251215864374 0.765043166102886 37.064132729858102 78.949335357341852 80.513857237352767 61.322217548511063 92.136625330276615 45.806263105647524 90.643577285531734 28.716585317796639 13.072693637969246 62.116695361769182 50.418271044421289 25.592746450101679 30.499416554837300 65.345188178089202 53.260461844488127 45.774154085877527 51.188907566271361 44.713914237737420 1.284324149414084 92.182448146712076 14.785556667741451 56.539059461515684 72.980901803855247 6.631044279438258 44.218469359389033 39.779528723112890 73.829693919016037 2.743453344914948 87.376851427910708 22.573961152854483 25.672738403492069 47.239227226047255 61.707813100562689 15.661521686339587 39.631938375105427 22.098881786281666 62.119583238564111 72.989967165899841 60.630467787127841 9.662490511293253 4.696853961655700 30.080519118808581 17.339407234385195 46.899963894157047 5.360151708508321 92.739825101114263 95.714002784415314 96.029041333598258 57.592910095235354 38.909179149633580 84.004230498122908 19.354848702666072 22.978880848396866 62.846783977089792 77.971760617260173 6.043867395148073 57.034576617154066 51.251006803136434 46.635137523961831 19.035600393386829 5.534913119377228 62.986143725927377 12.318303352281390 71.536546233257269 55.200861487564183 54.737333621870853 32.965154912527680 73.736906017889936 84.982681264129596 72.461456869749071 19.054517374717772 64.616331242309045 53.230202655230677 77.411366356859347 92.217759655631525 86.749137291707498 50.207139386322787 34.901045249287129 33.998946012430366 11.817115787353449 10.706992373863589 71.724282876687028 9.337063788056133 83.965220778929407 30.846166249238959 17.722723169314413 51.744264289099597 10.547630294147570 71.111549588448369 59.437572869731689 94.511508296350584 85.544096131962860 35.431029092425867 23.131897035264380 45.529009774147490 10.135711444900753 57.583599004168285 99.754028251659918 32.758744599582400 88.848343228002136 25.953675176624060 50.613067012725921 47.425448945382854 87.538527182370473 52.239375468403850 72.518536488364120 80.803539454002092 55.817588349635294 51.808669606683885 31.145431165702309 64.904572718793489 93.871075985807053 17.806084400325950 17.375102431200840 51.925784597079058 38.634645500064735 92.643285215441352 81.459925867329673 34.208796555086764 81.797629725331916 83.288426263141687 41.751635012282229 81.507695682667162 2.565729945280115 45.136309768670849 13.555786936982283 90.835824125287175 10.547630281768273 71.111549588448369 59.437572869731689 94.511508296350584 85.544096131962860 35.431029092425867 23.131897035264380 45.529009774147490 10.135711444900753 57.583599004168285 99.754028251659918 32.758744599582400 88.848343228002136 25.953675176624060 50.613067012725921 47.425448945382854 87.538527182370473 52.239375468403850 72.518536488364120 80.803539454002092 55.817588349635294 51.808669606683885 31.145431165702309 64.904572718793489 93.871075985807053 17.806084400325950 17.375102431200840 51.925784597079058 38.634645500064735 92.643285215441352 81.459925867329673 34.208796555086764 81.797629725331916 83.288426263141687 41.751635012282229 81.507695682667162 2.565729945280115 45.136309768670849 13.555786936982283 90.835824125287175 3.274227471671531 9.976510344030698 76.510612771801803 88.071862429181451 99.372257377231620 69.215742636907635 6.657713981765800 63.595136026240674 15.331645065901277
94.320936253907774 34.765413075835269 39.615142504093214 60.618103862323046 35.501067173154468 32.280767821541147 29.375881781278089 5.346006290406846 18.566625659020087 65.882962999198654 23.316267787841095 10.494033547778569 14.168219491687950 60.355981670324198 54.399445967668377 56.685361371396425 72.950975745364559 90.001623258337460 53.179528443946275 27.249619414529882 55.058400693301991 90.120758204032086 17.830641421217862 31.439116343570671 1.033459150544069 40.277564427420700 37.717301568615305 33.436992576519685 54.118232097310695 43.461584846162246 87.817022451388965 20.431850285776598 20.889925030160651 41.868227336508099 34.770668842945319 13.325181114066343 40.496324745386488 98.191795133699344 89.630541301640960 40.496324734265968 98.191795133699344 89.630541301640960 5.793719379664397 55.996923209422810 9.602411991286953 42.573149790840802 97.316339270657977 92.613422312505392 22.569869811794419 41.578908284706429 27.762481926568128 19.205976339572452 42.464658299371514 63.528874443048799 41.356547027580312 37.501935245262864 36.667388194400473 42.334666722728819 69.398234605283420 2.977708001009360 96.991069443455785 42.312921404321088 39.508277465356812 69.688177201046244 10.270303161577331 5.435555682422411 94.315499148895384 89.428024363774639 56.858624826122075 66.753309552941559 45.445137385450977 77.290393991417758 69.881327621985804 25.440568309559787 95.719283529359160 2.047197512836119 12.750976595820330 57.493554810976079 34.008670626234881 2.298082576827110 88.951157849519788 94.381027510894626 11.959906048524216 50.114034583398450 93.604882885342150 70.325902974280780 84.142709634958180 2.154041060993050 84.366372329634856 79.078837904069047 37.796240400594861 25.402143546061239 16.511864849719249 48.619057811600619 35.977358490997943 96.372321638083520 84.840304154729012 32.365902536648029 5.940993689179342 65.506600129991725 74.879473194287627 47.051186978621061 90.437881606964240 62.848447869607391 47.071203822724591 32.653502863215500 65.433721324389893 1.021459000102432 67.830527396718338 83.177435268283503 31.868577498930261 5.503876235825933 92.597568634561128 20.102702982210495 11.911705683932928 31.715998054235396 87.497338828073381 5.221490112461824 23.695453925862676 95.847166948591308 46.866277466638259 69.147280963490232 9.100499593710332 87.469052633132264 54.923315263393448 35.101049876995440 56.300722103166798 87.149627879209461 8.644185738125321 51.549241070808591 66.532253355620057 30.188392787344863 17.841531260473520 47.381889033026695 45.552024145806932 32.646824052494395 49.348600471187609 18.523269006255884 5.350291226827264 51.671521652180239 92.467096619186933 77.515954401283153 46.612366204775114 79.484143722546619 5.070887639684507 11.945264376346065 52.848754187673919 34.142035760147827 78.491901655180953 48.449275967395721 18.627832711480863 36.077931369455428 21.373221980935277 71.197029060568397 55.289808968939781 64.642096173083985 74.221616710040905 17.598207185430880 56.229720195700281 22.685205362101581 27.217936759843631 6.912887641367771 89.183024252132029 72.061868038888804 38.052805576399095 25.749548025907476 25.685715861609694 92.394731136300592 36.666310615369078 34.729133299613565 53.654937193305443 77.969469225580596 68.810727005631733 26.097365102846314 97.456318040839832 68.009653021690468 61.524625737117297 20.211214584652314 20.679313955246080 93.163303864239722 12.529302712929768 34.182071226408418 61.528983240380619 43.867553600056041 7.668133600765614 86.239242109327535 94.941873178231276 13.809414178289092 84.032855416185257 67.619274735602048 39.171751353789510 53.400194695496992 94.096819910828515 70.229330198171198 34.656834770367652 42.296654407257058 9.966658028376695 75.146567274907540 41.498339064468439 84.220044366242192
93.717451857673780 26.966780077789277 73.566880061799196 67.767788973061599 36.647045017189242 91.387854448442368 21.482897453531436 72.670404239311310 2.012161517937061 68.649869501598374 91.569694030941278 17.192291151539361 74.610115879541311 21.130477030318417 21.604764827114831 9.383354344092499 82.293757061077429 52.391757073338752 76.485195889870297 44.217990165527866 13.184499317762144 61.450358804033357 77.280465326165753 66.169959104627239 95.393407653075442 9.976340694246410 97.988200116140703 80.122457145889697 94.330119273979847 13.170131428445908 99.845436934103631 48.074861628096563 70.186639098619992 63.140373591222442 46.065194158461424 34.377959927426197 0.158367121477809 63.571634594783632 58.048053973642745 59.398578875207861 14.283423406682205 20.361550372899973 94.436733811758259 53.479894904157376 12.218816356173424 53.665083505641675 35.942329151756013 70.391163189629808 97.813516214697643 92.738838227875235 44.067243910945265 3.703182946577699 66.361500037038084 3.242078101043211 47.714296579454363 67.378293434157911 67.008224639376948 57.623740752140371 81.735962074092924 80.160021358204716 80.202367865853688 32.968550652425947 9.239256320945710 0.281166538365885 46.371948908742930 85.381691138790799 31.746683557666376 99.605685400001647 74.072509502811243 83.081778069002738 92.958122316571718 37.382835683228812 55.320834015377905 33.157892303423544 63.826759667795329 18.940192954189992 70.390827539884242 92.464636236579722 41.324697771220833 12.506497164551256 73.974176800971918 99.846956775048923 64.457243344984491 73.715800759768271 30.525109344591062 63.817318843793714 36.595024762726055 73.715800757418208 30.525109344591062 63.817318843793714 36.595024762726055 24.527464399943877 3.693247043918324 18.937498266674336 90.419908722360873 71.888286294726626 5.689825509035140 91.449993530299054 98.596380362275710 35.481297066762252 49.426653699917679 46.474851325333624 1.981076450635666 30.183737476532791 74.495075571440566 24.517677768486923 87.398305615202915 99.190231413724604 45.151122598838256 31.756425389243304 62.447099877383785 80.356551035270712 62.471240366404700 70.638711281426268 2.556647071909735 95.037199172797358 88.180051466344167 77.063270077888291 33.740529505948601 57.260713855102239 91.555496596013128 12.049407973380799 14.032666519993487 96.484925490276410 17.924763454885873 17.550771270816558 20.744856990820359 80.284511194078590 70.019900459647630 53.054118063823076 6.202346849696316 16.241820309931544 75.449218414641422 31.923230525422262 67.876386990429779 5.906503673668439 76.019197868474819 72.928878389608258 84.033292622595539 97.887349017070221 3.862021082995859 5.117889832826384 22.526542360225811 73.894588637451946 31.107990292863274 63.661332018169382 2.366928117521194 28.028129818440561 75.206600664009926 61.575696065728394 6.228921290931022 39.040568083237048 66.204012432726643 59.681315147892143 28.485583516591984 0.480322957846879 84.855061672684784 98.849400375626445 24.095520852403716 29.299775097806137 90.210720853868224 69.970771695516561 91.481126432163819 76.759047411781168 76.191578708692191 33.185109817535476 65.046787042663794 85.476984626708941 49.485672965789426 35.781614195849286 71.154481478211522 15.577626570829061 66.346698015691985 75.177632930780760 98.982072316699117 32.599424184215607 79.283681909158148 0.100531767724765 35.282688912671759 73.776908084039022 34.077264739354717 89.219305836657242 44.064024641660602 16.280171210959526 2.508085899757018 75.317754497244792 40.765687535419971 12.062720868488563 72.916570736928520 32.834746059341505 22.509434165118648 98.744886755126444 3.578878645915951 8.715022241834658 17.840512266442921 16.721347902299854 5.399385703717064 83.556417131494371 38.459365491304844 41.064978733822322
42.818373622895386 82.196119883342433 12.856401384710569 31.773080667505628 0.346792106392668 51.139261636428671 17.028976650046634 45.705583743128130 74.864987789736944 58.069364039763627 52.274514951910525 16.555206477555384 2.999897904966720 94.068801627295045 32.148861922666860 13.831578749628138 81.416830106663170 98.919704702645177 43.050378893964115 65.924152428585032 53.574356007628744 63.486917407615692 12.725468389018047 56.022030647756047 62.462142062264277 15.385747818922269 9.937244290443969 80.423582513495035 99.491655838215465 49.754249089172653 90.437815556508511 61.552902676842415 51.766383811291441 23.768023989708563 46.269056593679089 58.779813974899731 43.559418301508870 24.937021185349717 94.225605028915965 68.155698663524362 67.406099285775454 49.950053784564865 23.121071244792645 2.203197172514371 39.463729635929944 0.331396715951870 2.789074966043903 95.113665469995183 35.861406558769396 22.256904662011056 98.949848110893797 27.933957701505275 86.833029332859795 58.204653554389274 80.012924020452985 29.848863575851858 86.069438514965384 5.452195322396280 71.458085574357384 82.655666308951510 7.685866457649126 93.388540197503247 59.052876710632638 85.813543050787061 5.263089686020772 45.948596035360502 64.372203856763420 98.972597900657021 93.821393414190752 70.434893398663107 45.574774798624617 64.642944355776436 76.369906448003150 19.442591075025241 15.686396990979578 96.422847465151932 67.086667433132121 64.472348030333507 98.672401376304748 76.759739710608400 89.894829364949899 2.171704912034234 25.132202867081265 39.464487937443351 14.715371488319040 36.844371713626280 42.406438419117841 48.147284999651738 29.111703784680554 86.890130789837158 74.052368294513784 22.901575432042655 53.303639588869444 83.683982811640874 0.760567440796001 22.878727367697461 15.630751743797621 86.291579947768383 39.105149611829390 37.241510823383408 78.040653390379575 25.964322591114431 45.722365473876494 32.710110046075570 15.859937608577223 5.047416246700609 24.892427519949280 15.030272279695446 67.054365231350999 41.461265141157220 30.406002921582076 82.877400123209455 6.047708873301493 7.573493034798995 29.521628293748968 38.372817660703674 76.745491646602176 30.942509278883833 62.630670216671327 65.655337282058568 56.604626006215931 31.680067540772171 68.553306672620252 21.345965277017498 48.403415872344461 87.355267969160536 3.434860218048952 40.613587926561635 0.553729139521875 3.947932544077570 36.334737515161443 66.341770047197912 86.406798851989663 60.860871022661080 2.851701292059206 17.802670435848377 45.088693578870398 41.025760945578917 42.168469348264658 2.203120844870654 19.839237960365274 25.609522146335827 34.394492750024121 6.164401569291467 20.982086194749982 33.899186851474660 34.102031340908447 58.288792347963458 76.632883248860423 50.160340053910289 82.407783713342980 14.428613913790677 85.878542846662711 18.449172338958597 11.563460798106151 19.224785444257840 88.959435076569918 79.020914133764762 9.753813158901037 19.538600024808616 24.454928078104853 35.361574616457283 7.716023614271483 81.721728604241918 23.777274205303598 36.956437910060437 47.295383138855740 41.616627093661492 52.065698181157828 18.086178866725454 3.459490683801203 7.091895042591290 54.379910066536887 95.197113581721638 32.253237733240212 53.469833488130988 41.897824291265010 56.683327838832263 70.033082953851192 40.908659981158443 6.059121478431639 96.455643290123518 45.439639997833893 8.878213776242895 16.232570471485928 91.267341683826515 22.692059868720882 32.055102118070778 50.275497008455275 6.691013749317731 26.558947349637140 0.945478143647238 46.320147232053209 8.093523287568615 37.597581264184043 8.982610883364794 7.164584829225785 34.291089713254628 99.008548624267647 22.687668902008941
91.562566657476140 58.544552202465319 0.553729134922931 3.947932544077570 36.334737515161443 66.341770047197912 86.406798851989663 60.860871022661080 2.851701292059206 17.802670435848377 76.632883246199583 50.160340053910289 82.407783713342980 14.428613913790677 93.749860663560938 0.352598892145040 58.516050171833392 63.781419418429230 94.087227630740600 49.377041941832658 94.044909027955569 66.072549406112614 96.863916568441454 28.558963790259206 77.178340712206378 49.912135636970532 4.147718088142637 69.732018279613087 23.946939564853597 42.458304407576300 89.950814745221834 26.099413382712722 92.670688479727431 68.877744608274156 13.122911667529213 76.144335486243591 17.201973261413318 11.354380642406358 14.505228941120251 26.296010721786089 81.138231762757457 38.461019340201752 83.763883150672342 32.353759449082332 98.987278056793443 76.883089748290885 37.731581116321308 20.458907679712791 16.115313439126520 38.850554309091279 51.667878189687819 17.256779581784276 22.418651848550319 67.228420067845391 85.168638375158096 11.245064259038474 50.069664362407295 70.748922057727796 22.473603894355186 39.081862593135185 35.337704351673025 58.331044842376166 5.178817577288786 97.900985629040278 29.262564556991009 45.066237886093354 30.155612546596299 64.732999857084778 14.505952033350756 98.774810704392962 89.771778050678051 32.666400166333496 43.882523814940214 23.198561529288796 8.389660347787276 99.144944107308234 28.795807691080167 51.810993571666209 35.200935257484034 41.889168761893934 73.785076955422838 76.163596544010588 88.163397455315732 66.033409380062963 73.956000629514861 15.250986141238876 98.526621068918601 33.918290149226159 24.643447757732151 30.356804831010098 48.712015876006419 2.609050291178772 68.719317587733300 24.117883146130726 99.875939781327745 52.500677847795970 75.090656690472613 33.199461350581359 88.194311464430086 66.835236456423587 9.836360752728968 75.375650185261222 23.794139730002271 56.899329832654786 47.339117006009424 51.195526036224884 75.972856247516546 66.642452677705521 61.587316023959318 78.304450976261649 27.102392165367782 66.792889882623101 66.642452677705521 61.587316023959318 78.304450976261649 86.354437585366256 73.063685125013222 18.036183389174287 37.027591302858731 48.503956256571399 9.294745000931181 52.903184893582612 56.301570823903567 28.915029625799182 91.485876104316816 19.893318868672203 19.218963404576971 45.448610313883798 98.165485354010002 29.271076238660964 37.016504416455035 41.592007665788124 62.693221999817602 2.922594325323136 41.202514782381407 15.666804747257467 40.047062105885722 74.795572257189974 50.760911522606513 15.118632214836691 47.903962384991949 21.847475276962168 72.600343898430026 29.284690001343037 19.626489704027460 22.327900371104104 68.121297691868691 48.276801366507151 62.624571679968795 28.130014677035366 66.371288615958221 26.184711427754504 19.064766705704837 26.802137350688970 55.408180927014897 94.602208780819979 83.114085671790789 63.805698850210092 71.428772746754191 33.535744379400001 74.476149366673354 49.866263698444477 66.603064003591570 8.036837037529454 76.283705369423856 51.692583040669206 61.350818455725594 53.149046166037593 69.550317914203305 27.373511569915308 78.977698416690529 24.746254922060295 13.863376067762189 8.396933676965279 45.839647940724980 97.760395823563698 72.792092646767685 60.191050275971634 49.632907469770416 45.843416710292303 45.445487703408446 7.361492555839567 18.470371264105101 85.445946604748542 42.722986123337961 20.191376171560769 25.304113997248258 67.430579265487410 79.194221544839166 1.707305956289951 98.918725453828571 40.694767171328870 36.990213545263707 73.484536767863545 60.185335092295013 53.715498560670071 94.884938295377040 88.648653024706121 48.817867074248646 3.597882507675720
18.559450904598883 46.215060195656690 59.867579135869505 21.085630649289456 83.620926922642397 49.406286522324308 44.987424040972932 76.281621595649725 98.918725445213880 40.694767171328870 88.648653024706121 48.817867074248646 3.597882507675720 18.559450904598883 46.215060195656690 59.867579135869505 21.085630649289456 93.954998841761977 30.188489282415453 87.262925424009154 39.162880192740680 49.196713319113847 19.137243781658754 32.743622526405161 67.948411964689811 9.899205214448193 36.871806489013537 84.757195385196738 36.487574784608789 9.360966787210623 57.313096777770902 35.003847615721796 4.812864275867978 10.118808646822764 76.264095216523586 51.520989508814871 53.940455359556992 84.110239541959160 38.055787581032973 82.155599677333385 82.441025626425471 88.871028982229930 34.731501476321199 76.246052720529150 72.825869363444923 50.235484681801609 35.460462099828426 79.615985164480222 38.343709209358408 12.260483567405434 58.356167006437154 48.871052371217246 60.938286605400783 35.483426505217551 41.565220677243431 50.003600632310565 93.039860269129946 53.528548032454502 9.966209445738505 92.936268478931581 16.585860966708054 40.604914179836804 2.952401400649884 45.256350527053591 79.498848890820383 24.983553265021484 70.503417416742693 42.174859937251419 44.985242401345992 55.813465180995692 18.650900808358806 45.486558667037201 17.669553356791766 64.218297545164134 14.883164274953298 2.934873540540550 82.021464527670446 94.069900888346965 92.545956985833897 60.135639724973210 77.485450528639120 20.535267685692439 44.150869961139819 95.644971966405862 50.116050946379673 93.798288151254866 28.056006349595897 83.276508735364317 13.347884854676906 93.801089831987156 44.828177300829019 78.049252333514588 52.651131828528008 43.009099354906674 31.584040250032210 43.253580170875196 56.410144874265512 87.812734214437000 97.773701773807275 26.924340490981823 92.589760880694513 70.211616867148535 90.981141107944865 52.220504610962813 1.478639584008135 20.350060763617307 46.388072306228480 5.491031003595637 92.499272849279436 33.370930727598292 97.352705363530163 22.063439593933577 80.300875877252992 10.310549750939991 7.201318392182077 79.993042958071555 84.496341362844603 62.956595641003702 78.829029569028421 29.658626781361697 73.856606719986786 19.800796444381618 46.908395160265329 20.700805638193565 38.224532988432216 89.734113079581817 55.725881272588254 69.092010366353080 39.017639872176680 65.079322358771833 40.564136669372196 24.264610603322566 58.933306659532988 11.865530157992643 67.807870696996773 76.430478714555221 12.129670334690967 53.753907431369754 20.931374171684524 39.823257177058203 8.095653341809882 67.241955028997396 41.721713739603175 12.772265663318583 18.755230636040487 36.982266662792455 41.968356142492510 8.313159652766533 10.834428361261828 0.196861845788110 52.563680658607915 5.369471950336879 53.236636311119291 21.763557998769489 97.503506581801346 41.716098643739961 30.030860536552396 35.410853590206592 41.122305950450425 50.415350035005076 68.925500086325670 38.275506029040606 97.502642922760330 19.543952952719778 62.898691010254026 56.199793036066438 37.411067583207810 97.626408120788469 13.467081691515148 51.255449150403024 2.707599304318720 81.017645658141873 88.951330322290275 79.835571227476265 44.446271437226301 85.828096815812827 15.450288031133619 2.110424329162941 41.760988999849758 36.795450745196909 5.355479850043309 94.806552358329952 5.884918532537753 59.924123888181981 30.685439453872910 72.083858570118593 71.883664245626264 96.716764314448454 80.011394118887821 35.430285675255867 28.395620719941284 59.488404345903056 86.650732336502898 25.866947527997873 90.905490963309745 17.451207322506789 51.110237105438216 66.711349381214418 77.265715888414775 74.762791588221191
10.058908367256759 57.548394615491127 22.468905074327939 58.616104716883768 62.927940463559651 92.393370035531134 74.306617310502233 67.783624151341499 31.984237727509324 83.108221391378706 19.740194421773751 12.852433878288283 9.775555981011163 0.246261416179994 74.411831664095331 76.426147444169459 38.608204272156819 61.275538810556881 13.115377819050400 97.227765964452743 74.069057953785062 57.404738008070119 18.142189171436652 75.971491991591975 72.589073890173808 55.504368521693593 36.977702386090947 53.594513601827146 7.950879557291479 47.616624617548240 58.865904641959062 71.712392634394917 51.993145878773497 7.338962555094442 65.193048129479749 47.598379635642459 49.650587360562938 16.555125949906646 48.249650777864240 12.485312525893576 36.912576899166702 47.742514394199020 80.198134012861971 17.719582822516745 29.420749892602416 58.430370425198234 20.280604912571377 17.605513379124339 5.545831943507751 41.240391055676582 74.969780647071545 7.472413378306141 7.881394544821186 51.037703533261137 17.783240671141808 60.678479084875391 1.450621004195463 25.011224102460616 33.437642942335266 90.680393737456370 54.251057766862274 87.265757647549350 98.991130642333871 68.703608897967428 66.765127134668873 41.698958207581207 63.809374101742968 96.511692824329714 20.594831060229659 62.923942643620258 26.979307139243758 44.312954465201123 71.625501836732738 28.301084152524826 96.151758378218815 8.589294500875422 71.097659579160393 84.061354664660186 88.856565194917962 4.859965923415310 77.143326538963564 18.946953045359784 76.887181485960170 65.754706301410863 87.646409480733467 50.506700567798333 54.391469506080050 43.736228609398019 78.244067251748106 31.284133182858376 43.265849131913335 59.232649217551014 51.086131939427140 11.702076409502570 51.289954516079028 93.158324965154563 94.894226371950680 12.333883389557288 85.296672885322849 79.076186573017239 91.516274466022480 57.387376595061433 7.701955097362290 62.616538246299491 78.666620919760462 51.076927471792246 17.593959453417675 30.188744275411018 92.778969007285312 71.346814975006524 61.739285183724171 75.391504667810779 16.772084158442336 15.610682235420681 99.234737772766465 93.775044990023190 18.333004169169442 85.467388873412887 21.472798679070102 12.522910911990227 69.392044569696466 42.591023691564409 92.629523230781913 26.477953306773095 58.381848783592183 67.466051094522783 82.017793197876259 20.280604912571377 17.605513379124339 5.545831943507751 41.240391055676582 74.969780647071545 7.472413378306141 7.881394544821186 51.037703533261137 17.783240671141808 60.678479084875391 1.450621004195463 25.011224102460616 33.437642942335266 90.680393737456370 54.251057766862274 87.265757647549350 98.991130642333871 68.703608897967428 66.765127134668873 41.698958207581207 63.809374101742968 96.511692824329714 20.594831060229659 62.923942643620258 26.979307139243758 44.312954465201123 71.625501836732738 28.301084152524826 96.151758378218815 8.589294500875422 71.097659579160393 84.061354664660186 88.856565194917962 4.859965923415310 77.143326538963564 18.946953045359784 76.887181485960170 65.754706301410863 87.646409480733467 50.506700567798333 54.391469506080050 43.736228609398019 78.244067251748106 31.284133182858376 43.265849131913335 59.232649217551014 51.086131939427140 11.702076409502570 51.289954516079028 93.158324965154563 94.894226371950680 12.333883389557288 85.296672885322849 79.076186573017239 91.516274466022480 57.387376595061433 7.701955097362290 62.616538246299491 78.666620919760462 51.076927471792246 17.593959453417675 30.188744275411018 92.778969007285312 71.346814975006524 61.739285183724171 75.391504667810779 16.772084158442336 43.265849131913335 59.232649217551014 51.086131939427140 11.702076409502570 51.289954516079028 93.158324965154563
94.894226371950680 12.333883389557288 85.296672885322849 79.076186573017239 91.516274466022480 57.387376595061433 7.701955097362290 62.616538246299491 78.666620919760462 51.076927471792246 17.593959453417675 30.188744275411018 92.778969007285312 71.346814975006524 61.739285183724171 75.391504667810779 16.772084158442336 15.610682235420681 99.234737772766465 93.775044990023190 18.333004169169442 18.333004178903678 70.613519052411817 9.159736502829807 1.015719911013546 26.133513931269214 57.108421483688524 51.852627997588797 27.808596868127410 89.673501487690004 31.301135538724168 63.193084186771230 41.229390762889587 34.761796450581230 22.826345536594328 69.368224016647559 72.443360267061280 33.103062171215733 59.374035654908099 88.035549682668261 71.109210831536515 58.583110344942099 74.472880482126868 31.251573603129422 23.931788768104123 19.457690375767999 73.176417051443551 42.798589703544522 50.718421468113398 92.661939222545811 36.263382211024044 45.832144748414329 84.458033656311912 72.310590493799609 98.432476997079249 8.084590235809719 47.887414370322276 43.114220977313103 35.079435827884389 23.201360247866866 62.930302359449271 6.650926976075711 56.679239641667820 20.328957966057281 41.643823298024593 39.397063110105101 22.730965901140276 63.749463675958509 87.763282831597849 80.628945077289714 14.630451797260591 83.380139066690845 67.919606269188378 69.698546321179961 14.927537992485284 93.126789009433679 36.037157019665543 69.651600196621132 4.555141049113775 51.882370744430098 5.303034095420445 96.564789817861808 55.369410832102929 66.134176798453410 43.417687277797867 98.829548969171682 37.485295441700607 27.020938246506056 87.411667495750450 97.226549275209720 79.569087332052661 23.770639880634281 27.538632465891453 21.306249524582700 15.437838214134159 62.084771627902938 60.799429960781083 71.366191781323906 12.555718035656117 67.667559600230646 27.448627967115858 59.933659425631845 16.412616803923918 25.704708060550875 5.651109004934874 79.772070469309142 4.915279427307128 98.759773474034048 75.887141667039955 74.312484265272474 78.982591673070829 64.490662005533181 44.644893239204698 12.537405075550080 69.675640844226379 19.259696841063946 79.111616516891544 57.156010988489250 40.073819906309701 5.604891078257701 48.283292608428951 93.955809712684641 42.494628119705169 60.556745554532569 11.843384559494430 61.728515358398170 24.321987301171390 41.873518677724320 1.135980503285161 18.872160161321460 95.112961522855144 60.567121529663702 0.606273005777325 87.392011360429706 99.667556985306035 40.001249384912619 72.079238559139895 60.211489018322375 63.380108175159023 82.915580712229882 16.328056202548190 5.315962744221059 6.224798076566874 32.535389179732398 31.766166827463525 91.367156223694948 96.063294719342977 96.909246125566824 11.772429492927927 40.965934052345013 93.066695970541076 47.384015991788473 47.413238601701345 2.565671665016034 63.828009542449749 66.054382133648332 7.428868963979818 17.542942302061160 8.748476092269486 15.453020285384966 81.857197166974203 19.604503239811933 99.785866432527072 92.226010307132057 96.372291981351651 74.349462098513570 8.924455509971530 9.878880344352769 1.872975636760821 67.153085469011117 6.854371970731887 77.350261255628851 14.564526943082679 22.368271688523890 51.097105374059083 43.982773062754568 85.709289149632696 31.098002794307067 82.954013308598405 19.625347458004818 93.329445471858421 89.472067009918732 19.518056871650082 81.889952538224989 86.636655472298713 24.380354968329765 42.082399142230408 28.453363608804082 96.760912621223113 61.743857739550947 48.694707579334519 29.748394268354193 48.572144375377647 83.123784446973019 62.842263010388486 23.624115385370935 85.670731671568362 79.786908943845276 65.276948715317729 90.569365577738296
57.384049776206403 97.337340313493613 92.196832987055060 59.082640878582623 25.671929199778909 54.491188695593721 73.542387556910057 38.728467776057151 99.006079904960160 69.706828551194562 5.015435163907367 11.536673782979578 24.162042242250070 12.778966480745069 40.154233834712585 80.279143398898086 88.845159854561047 91.959885732275552 14.618815465077128 43.072039387838444 61.684035422556903 69.216177023903498 39.311625156210752 76.376101279587502 19.719393188264476 8.617124752477356 12.631300513549970 47.951004214284296 4.213890788064234 75.888793134980503 33.533140434077488 20.121561461243687 48.518134656487412 87.342819442335724 77.442022066876802 59.751717372699609 89.223414648819443 86.442746728899422 7.848187984800403 83.212253618659901 87.084493784701706 95.368204116905247 34.454707985196663 28.274813716556444 34.319342765947901 84.003924869825823 86.075553526356302 52.727316401493376 65.197960708925919 3.444051310622065 50.559038077478988 62.683468109906002 8.138767212684749 79.668408773936250 53.664941191546923 96.627416775447813 9.977469981836540 13.571841306851141 75.577125197579861 67.906875230922310 76.601376130333037 71.886134937924425 90.396021228186143 11.328351409268301 38.987765632455492 31.490111094620399 49.780225153288285 40.645082021710458 70.582888853550003 34.948993011072496 12.495249740206116 35.788858197720415 26.953310942128194 96.810669182390868 47.173236176916333 64.570643743941176 86.890785512282974 25.162875092653625 12.009831855297271 40.497604483264361 76.703457620346740 64.969066378266248 31.110950725059993 94.404701669417662 68.418534509597279 79.110795126621355 88.049302815898514 69.648726994979853 64.764585539633813 60.047771939964449 55.796735765568513 92.417489221832540 36.097660949825915 40.861797652094566 16.128100694596604 45.763196418049404 80.762426368560924 53.071065975330100 51.020129474741850 92.029166238780320 49.754434405716722 43.966556267855161 77.849435024485786 12.831821152045364 8.831170730463144 33.143938781426499 63.507999194732534 63.379201897933527 40.037407531270574 94.277345906995109 72.886072852157099 96.464641306397795 17.341273564430402 53.535945227516791 71.075976880164646 21.189664922013030 43.992965096491417 20.818993723076396 64.583880096108743 31.819983928602337 50.797131113010963 1.906234328922896 99.241361382137683 51.371111113196747 78.227209701047911 72.984240163748311 86.193468144952092 47.693484783435721 76.242427724411925 61.572413360890685 32.592646140741152 61.006175175267266 1.236369193251508 46.798748500157657 90.362212643781987 23.334740603196224 26.708685438667235 11.387054778864659 77.130106181417005 34.164660830910655 59.556181358730484 55.091939376244270 64.790865385974584 82.587144875025814 98.953607439973595 96.139589301727696 47.136271516082317 5.477247649952776 96.297082149082485 98.059150673949475 22.528084136372396 99.148910886197754 93.183398642096321 83.620109802722823 71.678663521538127 37.631375928420653 56.584899421841584 7.561715417071757 22.117453888100503 98.170147236462228 20.407802249181007 6.169798232840118 64.559619953241750 37.194753690854533 8.630726076813266 46.784701352569300 65.508533868565394 38.357973834787870 80.444680608300573 43.937721316428160 26.457889842407589 34.139641695151312 93.361430868941042 95.840151684711103 84.615596230619701 69.449745183284449 5.581724486358985 24.909414043597909 57.378466106397255 78.909550857069419 75.196319191205248 23.291294148399334 8.658033138004972 49.687177433549500 96.483525718294786 33.964895515769264 58.166266095224962 24.819141938166656 98.217240748967285 94.481637442413273 13.397479882553686 16.436428780555278 53.786430355564043 24.305863030790420 52.420852178186770 84.006118110764049 57.242266792121931 43.450796564880058 41.437296560561080 5.853247603200195
93.712392176931374 63.269364512801864 64.048575150111489 57.761291053930599 57.548278818504805 92.051014920169493 56.074412704247742 52.331402710690320 25.728062978017853 61.018840076025157 42.237600575782210 83.993428639142635 62.487139810268197 77.191690408908954 16.776559090593580 58.495832097747169 96.713691236757469 81.540938559805198 72.789567816347045 46.129948830917336 27.723356733559278 20.001653955269894 84.749256355159403 84.749256375239668 99.925347764970240 29.213295676241223 75.467493380315574 72.114133648413812 40.997243472157429 4.916184574329696 52.294315847533099 87.896781317232552 49.550451660178837 98.215923065610255 44.071431586004508 80.635708967524366 87.485451460521801 76.090040966945310 68.810638485856799 93.039219896326159 77.724393904324216 45.220326702210414 64.305193923728098 72.054040616158858 27.315013174851444 6.260064066696581 31.601469726871766 86.962726708323245 6.476859842933569 55.892192273088028 79.001275348038575 93.887241209939958 7.631935635423703 58.283859174790862 85.789879944968021 97.714575370331019 68.846202983948729 51.909901844033456 0.087878059156998 94.256955924112191 73.276878407048329 86.047373049489352 35.473188206022556 41.096737129299775 14.379904544843669 11.777682245726851 86.804768305803648 8.591574579418925 16.179979062145613 11.765378707290353 21.553745481415852 27.501711526191041 82.427986601574858 39.170387065865420 57.434707968999767 69.659752970762611 65.969451491059772 68.989835376679181 32.589488513896704 85.779769349478059 85.700190487970701 40.702553099016491 58.274822343459988 7.033235130789040 31.123440614750152 50.006518158164738 99.412998618501646 30.023449615669541 87.590900572436894 22.812176487317338 98.964115622893559 5.776084162098871 34.632552459021070 73.231692368780514 73.718222418393736 16.212220341871920 31.769822250285539 68.312297510911108 61.727198732152587 41.803886742046515 15.796010689374363 5.319699210944950 16.737156899013272 62.524389482096346 0.841935781803838 13.376230117013076 70.176186505205180 41.612032488835382 75.590159808435217 88.586615623095568 26.130035671383244 94.147955236139538 26.334994340438978 70.362096845603887 86.461963250240629 49.917651091952898 13.209684098186237 60.672952527647382 1.136738515289026 22.873366138929473 87.737364276337829 77.262953475687695 2.408716956766299 56.834229277842553 7.293948082722590 23.289535682563624 23.964053546533737 67.654608904188620 64.051975272260336 98.403928744649974 2.741874851140802 59.352070124082147 54.568533884478811 46.285452692240312 56.309452134266444 97.041513739325609 49.233835928912185 70.119249396570055 60.995468079129964 49.565435329083940 26.237965318128033 94.243030712856893 36.359302544634751 4.109826633903102 44.326281769280364 83.340541930800811 78.727080994771740 76.991678044822464 54.430856949609684 33.010626180962852 84.558537904812084 10.102288889918986 1.064418259774169 76.929070938410121 63.211059123648603 53.509151869591399 43.213659576903630 94.437097756967844 98.672306325478402 6.224020796452711 88.416149465925770 12.176293491797164 73.259007103374103 23.476212156861230 68.608123781353569 96.555251010907924 67.784108785998129 1.814335697194047 33.574067215613304 90.886222226264110 28.262177866159810 15.164182311709141 8.395296064197433 95.816456235165077 76.324868191754376 6.354451879747558 41.869186893724354 19.166574917506740 72.474646525074846 20.935036502860804 41.004247775651059 82.350429281509818 26.644972421447921 79.703813902572676 41.822214888481227 52.298394139075178 31.830977741317135 31.754932835887363 95.538384964146800 59.713780061837220 17.030121638761830 90.217956372069452 43.686493728363295 71.165563487673751 17.385324459038710 10.864704087122446 50.390233435175055 61.109603165559399 95.578233480824210 28.916810993283438
89.194738865463123 7.328123108300034 95.934276205645816 19.532547211143214 14.446668860569901 25.603634875082825 19.206409825057559 49.094424240606138 19.611734078700806 22.753549700320129 77.518596779836940 82.640931783853134 37.399498845823445 95.331525351483464 40.810696738470199 60.552113730463795 21.989848855760840 26.019633892504590 41.444969446002197 43.167690130451376 4.013012548789330 64.952161278787671 83.933099636743478 53.730899791707820 41.832447934272743 44.465762740576189 14.734125845364010 56.203352897660295 20.425881041811945 87.507706853936085 80.545732272555085 41.743475458687250 64.916454947904697 1.457391547035969 55.637856596605559 83.838977104931317 1.268744428620006 55.606374809043594 20.355557115489496 15.063687141462678 13.714104950400497 72.923995622113139 3.896807942731007 85.197842562071074 72.486525383986034 69.459645528038664 99.928626496976293 42.278535901676683 15.398223040278058 95.171517194478753 73.419753971644056 27.883369454944518 28.584715291663965 35.046486551488663 49.141016650545353 88.653676766304926 72.423612856240865 93.877600561871930 78.176695480059124 21.542327627469970 30.439917970926590 93.697410251979306 91.683677141158498 42.161381519692895 7.022592739284905 23.292729948005729 58.822836539474089 34.820225902446857 92.935415712738319 7.093487646084728 64.054816390847094 25.857304474271935 82.620528109062434 90.392917674937721 60.581736448283607 80.232437428290922 44.215239167701739 39.918696103512133 72.333344030621063 64.749379859108288 16.172180034122263 21.451651237290747 3.373427953747665 87.601271600607106 31.315910666699565 54.999302370082361 31.196394841074270 61.955923932733626 14.551717197172408 53.011789909459992 58.726756130291150 20.573988673738640 9.114901285445887 49.120070396914564 73.228225441155601 60.070756057226980 7.423860476585520 14.513996951108821 10.310467737653573 42.720577760409626 23.978192094753183 15.400673620554972 62.788842830266788 14.243794808995158 13.864506209793426 80.595550109222771 88.688405777943956 95.177323378127980 99.327937156336688 7.031527026382889 21.069408475616470 21.621511025236039 94.713421460049204 49.641305924001465 8.863803617775300 70.272634852149736 56.300981657614855 68.846235797993529 57.231552151260992 11.396544976479127 85.255788805265155 7.031527041295849 21.069408475616470 21.621511025236039 60.269963872427098 13.070763772786730 73.871840436861731 62.370137138984752 25.162786052492248 54.475554968050943 26.977666067464856 50.952425018630535 36.398351459561965 97.896897735317751 1.963550980402107 76.816421218832460 19.701452467804081 81.138452976398668 23.733954897767930 47.411906315053074 98.910276491358601 34.953818951010398 36.963696041042752 20.186790324123514 50.908865791489099 37.199015978746090 88.860671725820779 30.768855840037823 78.991796410843008 6.001826203037153 46.662158702945931 85.648094462700172 90.232459835141469 40.331774264677875 63.728566755579529 9.114901285445887 49.120070396914564 73.228225441155601 60.070756057226980 7.423860476585520 14.513996951108821 10.310467737653573 42.720577760409626 23.978192094753183 15.400673620554972 62.788842830266788 14.243794808995158 13.864506209793426 80.595550109222771 88.688405777943956 95.177323378127980 99.327937156336688 37.979511548591461 53.251378549303197 94.034160913508742 94.713421465005695 49.641305924001465 8.863803617775300 70.272634852149736 2.905215173792353 54.293315275948352 5.393515665594539 76.761668280916439 5.504901280928076 7.079024547740797 3.884179013102906 43.681076834466282 45.699372100861538 31.648142932205282 68.913915952386517 3.817987816608792 73.003464108423017 72.154257106519452 89.056959888211679 44.393013733978847 61.223042400850289 88.612290598303062 78.064414274089060 91.856683503750858 77.329196662218649
43.058251215864374 0.765043166102886 37.064132729858102 78.949335357341852 80.513857237352767 61.322217548511063 92.136625330276615 45.806263105647524 90.643577285531734 28.716585317796639 13.072693637969246 62.116695361769182 50.418271044421289 25.592746450101679 30.499416554837300 65.345188178089202 53.260461844488127 45.774154085877527 51.188907566271361 44.713914237737420 1.284324149414084 92.182448146712076 14.785556667741451 56.539059461515684 72.980901803855247 6.631044279438258 88.608096723587309 88.608096721131446 67.632632930312397 90.181463209878814 95.089726168040457 78.440191839602363 51.251006803136434 46.635137523961831 19.035600393386829 5.534913119377228 62.986143725927377 12.318303352281390 71.536546233257269 0.908799900966795 15.102470886375318 27.230988221985498 76.086809715484875 65.476635138611641 73.220403706434766 63.668142506996240 41.385573393951681 94.511544465513353 10.327420337764416 92.684473653178856 41.761727962310879 24.185755016671663 74.597131937565095 48.423305517460172 98.165179955694242 50.249838326040631 50.782636302080675 13.653629892999209 86.895576252832527 43.914858172794446 59.399273435040953 61.985593802457871 3.710241669342040 8.985354056893701 89.641766074788748 46.045724792722645 28.316772983581718 94.036749772660897 40.504080498597816 61.881341146676071 15.083719868890277 96.978846980259803 42.545274882427144 40.377517748386339 62.673266758873766 3.521683713880308 11.883023731886377 6.544502442012201 9.878495999437520 49.321207484843931 33.926559686436221 4.013695685550312 40.255775899390258 40.631989462375238 0.114062747810162 76.176563104428539 56.880169816952510 81.459925867329673 34.208796555086764 81.797629725331916 90.529546685400661 13.627915127350377 42.062841141788290 31.571282460868389 11.544566686640657 34.498963831638861 4.282937984490687 52.901956802755109 62.416232231491321 31.361108229525701 8.175793844516466 21.149351043875530 74.443673790268633 23.777830594986980 80.093158739340183 95.006387577350978 19.360815252102004 4.276498382506588 2.137975980896456 12.548946409708927 25.588079144279508 89.158140378081157 83.326332713385227 62.962241504663716 76.618435162475137 2.458236155231619 83.485136067847549 43.792363562015758 30.158402910288029 47.153330508081105 71.867767974400948 33.106815349312235 23.283066017984865 52.704050455963490 33.037128600970675 67.380556683463396 57.258567693511154 23.327686315765984 90.684681832544371 80.478944935123479 59.021438863477535 43.628344801429442 8.156207664158288 11.677663389822058 18.585819997708885 54.466157751912625 71.570117211632862 81.499458262808361 0.751101984414604 76.944417586463572 52.982268367930359 59.502475618309724 83.241617381243444 94.849831088088948 53.739104087364417 99.174046215329355 34.684458039600585 73.495844778626847 45.190470802602356 28.665442097789040 58.318021984085654 73.273327607752975 43.058251215864374 0.765043166102886 37.064132729858102 78.949335357341852 80.513857237352767 61.322217548511063 92.136625330276615 45.806263105647524 90.643577285531734 28.716585317796639 13.072693637969246 62.116695361769182 50.418271044421289 75.859014045097723 91.932380680308015 0.908799900966795 15.102470886375318 27.230988221985498 19.196522222998059 55.344167282172549 41.104293240276732 33.809264496617374 80.145733863240821 18.515233223554883 77.753985325487108 16.062517032078105 55.863978606597406 94.511544465513353 30.356804817622397 48.712015876006419 2.609050291178772 68.719317587733300 24.117883146130726 99.875939781327745 52.500677847795970 75.090656690472613 33.199461350581359 88.194311464430086 66.835236456423587 9.836360752728968 75.375650185261222 68.244655227676532 53.001625874643231 38.546670605255606 52.862074568066120 58.295724561050221 68.730245946949040 12.063674499217413
64.414219967640278 14.751017204059913 91.472654553722137 36.735834538715380 23.794139730002271 56.899329832654786 47.339117006009424 92.555584755617033 23.794139730002271 56.899329832654786 47.339117006009424 92.555584755617033 27.102392145804000 66.792889882623101 66.642452677705521 61.587316023959318 78.304450976261649 86.354437585366256 73.063685125013222 18.036183389174287 37.027591302858731 48.503956256571399 35.674430151390588 92.873002836908867 65.041336263056792 9.294745014616645 52.903184893582612 56.301570823903567 28.915029625799182 91.485876104316816 19.893318868672203 19.218963404576971 45.448610313883798 39.646804610136876 21.627590273309018 52.301631828296905 21.489091023693874 12.607314128400093 59.931089889525893 21.197916785235559 86.668918994977446 19.665080544266278 43.087537663452238 63.771575828587046 80.913934700486962 99.541291719539203 70.084360926782708 46.738068680906018 3.284739889884969 22.288375101332203 45.660083115954599 30.235820109966916 4.744546575191322 22.975672839852258 92.354591240901172 14.721087773308138 22.110124729072545 29.266582306614218 14.078712027819051 82.238413956860654 47.656322462094927 24.636326373583007 91.473774390359580 73.866909477539494 98.917690321833362 37.403069265738885 6.871939503165125 84.109211112154824 12.379940395895883 42.985839712295714 97.283688163059338 60.077184364924683 40.725363340183549 56.538850970433266 61.873181754149428 58.531072240899348 8.820641797470453 39.470559257688706 79.375090358787403 5.438512558183561 50.174666836786216 96.725659598910894 67.906186253099946 69.463903636101236 13.036826748255059 88.728031371482103 23.187717172490952 29.246918487796414 65.567575699742164 6.221068707723088 25.269352201782258 47.189956547876832 88.058069176085070 7.605398807123509 36.909442335796406 77.078393088990225 24.309613464251502 43.157211090081915 87.198359771968313 18.087213449814111 72.437099372081306 95.604171656375769 67.262813790568742 46.531371790728116 86.196499853792432 19.191939942286986 48.963847858993049 79.683499372794813 20.208256662237577 6.413074340714441 61.622411164854526 75.564266507254203 44.373173776233713 5.317697243024089 66.969864210951584 23.016869513913850 79.251506655992728 54.233469665019676 93.954998841761977 30.188489282415453 87.262925424009154 39.162880192740680 49.196713319113847 19.137243781658754 32.743622526405161 67.948411964689811 9.899205214448193 36.871806489013537 84.757195385196738 36.487574784608789 9.360966787210623 57.313096777770902 35.003847615721796 4.812864275867978 10.118808646822764 76.264095216523586 51.520989508814871 53.940455359556992 84.110239541959160 38.055787581032973 82.155599677333385 82.441025626425471 88.871028982229930 34.731501476321199 76.246052720529150 72.825869363444923 50.235484681801609 35.460462099828426 79.615985164480222 38.343709209358408 12.260483567405434 58.356167006437154 48.871052371217246 60.938286605400783 35.483426505217551 41.565220677243431 50.003600632310565 93.039860269129946 53.528548032454502 9.966209445738505 92.936268478931581 16.585860966708054 40.604914179836804 2.952401400649884 45.256350527053591 79.498848890820383 24.983553265021484 70.503417416742693 42.174859937251419 44.985242401345992 55.813465180995692 18.650900808358806 45.486558667037201 17.669553356791766 42.088554208464238 77.507944283224560 90.872717204933153 85.507257258151114 98.073232948402762 40.091353609681036 32.980092507231852 47.571446466746316 13.998858353616384 97.919024544829512 0.645214354507850 91.440664616865206 84.059608514446353 97.415048614622961 7.753240485726264 12.111531420198475 50.077370238585374 99.343940428229715 10.903405243476749 27.959074494702783 71.300026185453220 28.522378700897654 43.875482042902938 16.413571252993965 28.811237459300365 12.841043890410441
82.510179541690945 2.347702985975553 61.277096489833092 76.639686697648955 93.844440853574298 94.417685081919828 26.379546217039984 5.951634235231484 37.615469526520769 98.090183858987885 4.366570396249047 54.753932066304586 78.978749109373155 23.964077052955489 6.908753970949766 7.753240485726264 12.111531420198475 50.077370238585374 99.343940428229715 10.903405243476749 27.959074494702783 71.300026185453220 28.522378700897654 94.374811877084383 13.722831493985211 19.270256685544162 91.701323761514800 69.067065993676451 97.046073288254902 86.068725068402983 48.248982038179477 69.067065993676451 97.046073288254902 86.068725068402983 48.248982038179477 26.280393444393834 76.079274147583774 38.415550951472333 0.852496950957427 55.415457726684259 91.013885556169399 43.391251042718714 66.351330474792448 92.434986060068908 45.634344093365463 43.391251049706213 66.351330474792448 92.434986060068908 99.619495078470521 68.420205150425318 61.142065455377292 42.653905130047164 23.944800666000752 4.207089837316669 72.421479796253308 53.134175085124994 28.244569712180390 21.073033065091039 38.415550951472333 0.852496950957427 55.415457726684259 91.013885556169399 43.391251042718714 66.351330474792448 97.096151028343442 24.875920977231736 59.950876428076661 36.712592331409546 15.989106511813455 82.823895744306725 73.456091810637147 95.470636960425850 45.755580165046794 87.016192853726253 27.724266379174512 36.043356047835395 19.311602308260046 59.872924035067939 82.021464527670446 94.069900888346965 24.654665421109044 73.044333611739617 22.550038281863284 95.644971966405862 50.116050946379673 93.798288151254866 28.056006349595897 83.276508735364317 13.347884854676906 93.801089831987156 44.828177300829019 78.049252333514588 52.651131828528008 43.009099354906674 31.584040250032210 49.436039557449774 97.773701774790894 26.924340490981823 92.589760880694513 70.211616867148535 90.981141107944865 52.220504610962813 1.478639584008135 20.350060763617307 46.388072306228480 5.491031003595637 92.499272849279436 33.370930727598292 97.352705363530163 22.063439593933577 80.300875877252992 7.201318392182077 79.993042958071555 84.496341362844603 62.956595641003702 78.829029569028421 29.658626781361697 73.856606719986786 19.800796444381618 46.908395160265329 20.700805638193565 38.224532988432216 89.734113079581817 55.725881272588254 69.092010366353080 39.017639872176680 82.474456885076734 89.490135994468446 86.108735390053326 23.486244457905102 5.303470465673465 49.314201426048911 14.157547736951038 91.573134785868106 75.229588533219896 30.030860536552396 35.410853590206592 41.122305950450425 50.415350035005076 68.925500086325670 38.275506029040606 97.502642922760330 19.543952952719778 62.898691010254026 56.199793036066438 37.411067583207810 97.626408120788469 13.467081691515148 51.255449150403024 2.707599304318720 81.017645658141873 88.951330322290275 79.835571227476265 44.446271437226301 85.828096815812827 15.450288031133619 2.110424329162941 41.760988999849758 36.795450745196909 5.355479850043309 94.806552358329952 5.884918532537753 59.924123888181981 30.685439453872910 72.083858570118593 71.883664245626264 96.716764314448454 80.011394118887821 35.430285675255867 28.395620719941284 59.488404345903056 86.650732336502898 25.866947527997873 90.905490963309745 17.451207322506789 51.110237105438216 66.711349381214418 77.265715888414775 74.437606361566651 2.970466553724926 92.199594187960258 10.323031418210693 77.265715888414775 74.762791588221191 10.058908367256759 57.548394615491127 22.468905074327939 58.616104716883768 62.927940463559651 92.393370035531134 74.306617310502233 67.783624151341499 31.984237727509324 83.108221391378706 19.740194421773751 12.852433878288283 9.775555981011163 0.246261416179994 74.411831664095331 76.426147444169459
38.608204272156819 13.115377819050400 97.227765964452743 74.069057953785062 57.404738008070119 18.142189171436652 75.971491991591975 72.589073890173808 55.504368521693593 36.977702386090947 53.594513601827146 7.950879557291479 47.616624617548240 58.865904641959062 71.712392634394917 51.993145878773497 7.338962555094442 65.193048129479749 47.598379635642459 49.650587360562938 16.555125949906646 48.249650777864240 12.485312525893576 36.912576899166702 47.742514394199020 80.198134012861971 20.280604912571377 17.605513379124339 5.545831943507751 33.437642942335266 90.680393737456370 54.251057766862274 87.265757647549350 98.991130642333871 68.703608897967428 66.765127134668873 41.698958207581207 63.809374101742968 96.511692824329714 20.594831060229659 62.923942643620258 26.979307139243758 44.312954465201123 71.625501836732738 28.301084152524826 96.151758378218815 8.589294500875422 71.097659579160393 84.061354664660186 44.821602880895149 58.980614403084061 46.748882939826252 90.826208422634338 0.071588184762250 23.503356889192162 83.326428704679984 79.024704357496518 58.431531641955338 56.589523425256353 37.200595290077963 71.511669638256208 59.578956163273403 70.197567953167933 42.888017518024121 91.416094985971924 42.512694087658730 44.478668799097477 46.269530378140388 69.380021634691417 61.167884272432573 13.078260770820716 44.014424526545923 85.822636778078262 85.581640604157215 19.631478137013847 99.699242089213740 64.361681998943837 98.626008798865016 61.297874817882757 96.255266655202163 7.435964636460080 66.483681390451608 15.557210597046911 60.615274068711578 5.455296472932525 66.868243071893644 60.615274068711578 34.761796450581230 22.826345536594328 69.368224016647559 72.443360267061280 65.818310013980494 29.485644020864086 59.599669500855512 74.472880482126868 31.251573603129422 23.931788768104123 19.457690375767999 73.176417051443551 42.798589703544522 50.718421468113398 92.661939222545811 36.263382211024044 45.832144748414329 84.458033656311912 35.079435827884389 23.201360247866866 62.930302359449271 6.650926976075711 56.679239641667820 20.328957966057281 41.643823298024593 39.397063110105101 5.303034105312232 96.564789817861808 55.369410832102929 66.134176798453410 43.417687277797867 98.829548969171682 37.485295441700607 27.020938246506056 87.411667495750450 97.226549275209720 79.569087332052661 23.770639880634281 27.538632465891453 21.306249524582700 15.437838214134159 62.084771627902938 60.799429960781083 71.366191781323906 40.850164029034872 40.940404024758884 83.121447757015858 38.833607935269256 62.690926070196696 14.633297282255631 41.873518660760624 1.135980503285161 18.872160161321460 95.112961522855144 60.567121529663702 0.606273005777325 78.982591673070829 64.490662005533181 44.644893239204698 12.537405075550080 69.675640844226379 19.259696841063946 79.111616516891544 57.156010988489250 40.073819906309701 5.604891078257701 48.283292608428951 93.955809712684641 42.494628119705169 60.556745554532569 11.843384559494430 61.728515358398170 15.453020281218555 81.857197166974203 19.604503239811933 95.112961514556773 60.567121529663702 9.878880351842668 1.872975636760821 67.153085469011117 6.854371970731887 77.350261255628851 14.564526943082679 22.368271688523890 51.097105374059083 43.982773062754568 85.709289149632696 31.098002794307067 82.954013308598405 19.625347458004818 93.329445471858421 89.472067009918732 19.518056871650082 81.889952538224989 86.636655472298713 24.380354968329765 42.082399142230408 28.453363608804082 96.760912621223113 61.743857739550947 48.694707579334519 29.748394268354193 48.572144375377647 83.123784446973019 62.842263010388486 23.624115385370935 85.670731671568362 79.786908943845276 65.276948715317729 90.569365577738296 57.384049776206403 97.337340313493613 92.196832987055060
59.082640878582623 25.671929199778909 54.491188695593721 73.542387556910057 38.728467776057151 99.006079904960160 67.739939628699304 26.686055924392114 22.355320973680904 96.966727273242654 35.259689879372260 4.190580889048712 2.517892770705610 12.778966480758191 40.154233834712585 80.279143398898086 88.845159854561047 91.959885732275552 14.618815465077128 43.072039387838444 61.684035422556903 69.216177023903498 39.311625156210752 76.376101279587502 19.719393188264476 8.617124752477356 12.631300513549970 47.951004214284296 40.497604483264361 76.703457620346740 8.617124752477356 12.631300513549970 47.951004214284296 4.213890788064234 75.888793134980503 33.533140434077488 20.121561461243687 48.518134656487412 87.342819442335724 77.442022066876802 59.751717372699609 89.223414648819443 86.442746728899422 40.037407522922820 94.277345906995109 72.886072852157099 96.464641306397795 17.341273564430402 53.535945227516791 71.075976880164646 21.189664922013030 43.992965096491417 20.818993723076396 77.849435024485786 12.831821152045364 1.906234328922896 99.241361382137683 51.371111113196747 78.227209701047911 72.984240163748311 86.193468144952092 47.693484783435721 82.037782537323565 13.106369602157930 12.310790456189268 79.590529993236004 26.984290201432117 44.823862484347288 35.084856291674306 24.089210866581269 43.651593644923047 81.549615141584724 72.077245396058430 19.176881612426222 20.924193586013629 50.672917376967206 57.600998795783113 58.414372460703554 23.225940234048569 34.492805913009583 61.837544590595549 12.864989405906435 32.730143882770911 29.922117077282127 68.692584580600752 67.918890327032500 10.018697059384730 2.816945813261418 72.077245387420561 19.176881612426222 17.510331363208010 91.350564270805393 91.444182566017219 62.346305932142521 28.786369676916223 69.468821702532324 50.662683499217444 10.641599435130511 10.194308085200420 28.774875283658119 10.255903496743956 2.672320913890269 81.248640743416246 53.921300171891872 57.730550393381378 97.668864813345124 49.345624671794766 54.953070604105534 42.847440675443082 36.130225916028337 3.081430258550377 70.677378878762426 21.320881603566754 86.216229603095172 41.609152347530888 16.986126116755472 12.024650795659342 51.487362823182124 34.725187907803637 43.919469902922728 21.320881612589638 86.216229603095172 41.609152347530888 16.986126116755472 12.024650795659342 51.487362823182124 34.725187907803637 43.919469902922728 49.922679678527693 93.605276907717226 72.790703941255785 38.307319421106676 44.254315055248249 6.307484989041711 73.524288541779512 34.360161423466671 37.697418519253304 59.496063106503193 52.470665715447119 85.016471829045273 68.939549862271889 6.662289604932480 51.565882066517709 88.839033123828472 27.539295133093521 20.936697413369121 14.726997263073304 85.607616786532333 15.373535867949817 55.595696243998972 88.513766008710618 41.959992499349283 16.364411413344804 18.294757731428390 67.408581405222051 44.074541861750546 28.557433879736372 54.054366732503375 57.842845261647227 88.030029376042634 35.385184572201325 51.465580733139191 36.786491223020775 88.473499359456866 46.477459273353816 29.474924171386885 5.444772890123984 31.472074869449486 91.874331088830871 74.258249470989384 0.134444573051273 23.645757779491603 12.435680101693514 29.420903765399441 98.332996651896906 28.909528374033432 27.521979803356434 41.912604972577348 35.142256464437160 56.780689677442609 18.986486220281829 97.875241035472442 62.056034599478039 83.847833326967788 5.570817327114663 80.801390571059002 45.712784373681181 17.179526210692586 47.698520746482941 26.176784763571902 23.040319734610105 7.759907370696584 62.691666095605889 85.347846915670516 20.594208111357503 63.578062388369418 65.788251522361094 0.738334253116979 86.358877054533593 26.282635306843151
47.350366153113335 93.937656699377882 55.528972107695608 54.002903217724594 23.582635657869979 12.064992146619646 57.236838777501575 14.337781722607733 9.180332849623852 4.035006871913294 96.228220668524173 75.793928027168150 95.786800737780709 85.248047722116524 22.682989645705010 29.163822051712152 2.230380060346715 58.923139597145102 30.424905004682646 82.598461585461848 62.708879162852384 81.965332421313619 64.872725889431720 31.010076871877367 82.035035719838632 15.808729701078006 31.485362920201652 84.400297875128331 14.059385338434428 78.401093555275892 88.187510174821369 30.904699941302749 96.265717982919895 20.582953400811487 67.475245986372855 6.736092479938383 93.048044472958054 57.594221752953388 89.476650312759602 63.896797316859455 94.599662687456032 77.468604049069341 37.477990226894576 99.590268871278838 48.091362162168579 86.489394567532557 11.649951685524906 52.199072657940860 14.978820745200371 74.334914219851598 98.281698816331073 69.498370041052681 78.647089015752073 67.054039905969091 94.810782515459763 52.378457258260092 97.797967300357541 70.117443788906215 60.731576521323149 32.032224211911419 35.496905082087295 10.629860633798248 3.513729825254008 0.146609915922336 91.803175985002540 33.220027763802584 40.932022971249793 12.383810663268003 93.813799358683951 87.071275077456377 89.544714243244854 59.778312674475984 35.400631911925451 15.136246298332978 56.056873932995508 37.887679194719247 9.324970792635268 27.423832676847681 70.188036742416585 82.853495821362515 11.471306847289053 90.709431454242477 47.960278797875965 51.669549115449811 80.511940385588730 11.078856716116581 69.171680775076922 47.945088670648239 48.610549491436096 99.070173612219349 83.817676043687413 83.183420574687744 47.193832336807631 87.274237223547090 12.167583294748930 53.851842660139262 11.687521046738336 2.135964307811533 51.862875871565073 6.262391218160468 84.837704375294635 16.625240324490022 34.059508683263985 55.373934937360673 40.171009526992783 55.580862730123783 30.285417186360995 97.559872887271595 71.548072919227309 36.025365791992314 90.456401369354467 73.962767033875863 77.847108480870745 4.763298724024478 73.132448395603305 10.217583912501095 39.913873004841072 18.946612764528169 67.424735887199049 61.528307618054697 91.670279691619911 4.219250983878908 5.434910580878638 72.257890323245121 24.801213022903600 67.500184956855463 35.420713985350048 1.056708304488541 84.260280898414194 23.982186576718611 30.027577606513866 38.121641894256172 32.384780737081364 0.871285848222025 72.945423057260413 9.008762657678815 88.995757904715262 16.194143486805459 10.245565213716290 33.362906040931783 41.631353253226322 50.433975520633567 56.030743353852372 33.423645541504939 62.622499102323424 84.429655476733942 13.126911768624039 48.327951150278658 12.489686978565896 93.624671464765868 76.957482918851682 97.772639679588551 90.680473079329431 5.434910580878638 72.257890323245121 24.801213022903600 67.500184956855463 35.420713985350048 1.056708304488541 84.260280898414194 23.982186576718611 30.027577606513866 38.121641894256172 32.384780737081364 0.871285848222025 72.945423057260413 9.008762657678815 88.995757904715262 16.194143486805459 10.245565213716290 33.362906040931783 41.631353253226322 50.433975520633567 56.030743353852372 33.423645541504939 62.622499102323424 84.429655476733942 13.126911768624039 78.168371298112021 90.257590912113599 45.443082362128791 64.507780671565342 17.240080815229565 44.732559098415422 14.472176796976077 16.916953918452869 13.583908226534014 97.412082896652635 43.841049417210890 99.544689539884942 42.782915913626631 76.080313786853083 98.021094550437098 95.185931368449189 2.189338500625404 26.500625149653388 65.339948702924161 96.021720323786084 73.527428462091805 6.378038111159922
92.234333301932168 99.737484332558267 17.214181842499553 22.266398331168535 25.283665546829436 94.607816003998508 67.844631556635079 72.854860897642268 18.983343816051189 97.467905300433898 68.265747658829753 62.809338332606266 14.780143984960169 67.098558596087727 80.677687425112424 38.386063330224587 7.508497808557768 24.298373840563180 79.323533360225198 85.832186715360521 19.939325352414627 33.377300791406952 30.318235360432798 44.634656209056047 41.392939955610174 0.319089349030544 14.216185387309254 90.002656862830221 51.403249934038932 62.714648643453408 34.677609940885588 49.519312127941731 14.936062087086944 87.577365238693233 59.697091997245863 89.906238635948711 10.857366917528788 47.555072103999748 67.714062108960803 73.796812426292632 15.397074189150938 50.290181048079042 23.454942638431831 65.835657620909245 13.506298261885041 63.741354893634082 7.701071556052930 95.765204173109325 87.597026340470080 90.905448725319232 33.472159768423836 11.492175393508186 8.813791717763120 85.261531288014098 66.319902694189210 3.488759459946511 24.527478279641468 98.174273852052607 93.360645032504806 87.333331976063661 29.277018342676087 74.895518164502008 35.436676922874824 50.772249419948970 40.255770784548183 37.706119787074677 98.174273852052607 93.360645032504806 87.333331976063661 29.277018342676087 74.895518164502008 35.436676922874824 50.772249419948970 40.255770784548183 37.706119787074677 5.778090842287497 27.053806462691774 47.713552411971229 58.733986762888932 14.794398038624013 13.611570227966386 75.857505845543869 14.359543393504303 74.792753899711954 32.223156606578307 21.889135393265857 20.573488223598691 44.594413737426684 13.596699784960265 21.592255513301861 64.143881019088028 62.739780455271607 60.593868064660924 77.039372924333321 99.140204995589500 51.792959177918533 84.997549239054578 86.540756961464297 9.934574422564912 76.507215344718816 15.498220832457822 85.730691967565534 26.440001440342829 82.820899043859768 84.831523122634081 0.592969177208669 49.979926346508606 16.121784245930137 20.625140753974801 39.454592464805913 64.957688183993156 84.457070552594246 42.824069384700259 15.338683826525800 90.036590508313338 49.793819265007457 42.824069384700259 15.338683826525800 90.036590508313338 49.793819265007457 27.054638798977738 81.850703039239960 54.101527992285746 99.677986860928030 21.750654379127678 15.327612724644545 95.270653091092186 64.862559555077866 41.598852372394560 70.329602028298837 66.800950748911646 91.359000112968772 18.185755652629474 2.287610465254442 23.505410117127536 5.832375048143856 98.940008857805623 50.725815352265094 65.624464664605497 25.532952946255271 49.663259147644212 67.759458051737369 20.970874666107385 67.368540946432020 0.783530920048403 21.353461365848613 6.656341715049685 64.974422027372185 62.439619457249719 40.569072443531454 31.430706063197590 35.792673000858834 80.094768890744035 64.475557794184539 5.060005769614929 4.571140539872875 46.283076650501634 52.910947092498027 24.458130880599406 7.167336940172142 82.737201657829857 14.238520528923548 4.070062935361163 50.680032924016281 79.289406480088601 81.427222062993877 81.090171608605871 64.968024771285343 39.523636092724388 85.276668872946189 99.263492060258656 14.340266767990894 50.680032926993725 79.289406480088601 81.427222062993877 81.090171608605871 64.968024771285343 39.523636092724388 85.276668872946189 99.263492060258656 14.340266767990894 62.233491004826782 33.899006367273856 28.384646547387725 41.050858881912880 75.423464692833804 3.997573855131775 62.045474103971983 27.195525504537375 62.573544170980085 75.026317124105987 74.139468819393457 94.828921699263475 90.690290387075748 7.089385770919554 17.463564855299254 77.816272820099854 25.251051930965694 78.147465555716707 93.933069911519397
13.209330627388349 32.397757640632761 84.487296059382516 56.608111049246816 17.217947550432054 85.452489816298538 11.069696286176288 25.594756148449051 35.635384124683213 43.086008797459506 82.330547938637650 33.349034483734854 22.775307790659816 25.779843629676023 6.683602838560398 95.912027108854318 0.256914816711884 58.208943075287621 22.292400882251506 36.616615470059223 36.008223688940056 41.902718012996857 33.070369489786842 75.553661670254499 6.823669149571499 9.849556876441245 14.880463633868191 67.830875998573987 25.579046804171533 1.754597023835913 64.210429470963078 6.487132656959115 75.553661670254499 6.823669149571499 9.849556876441245 41.223681682975069 60.520009101072134 96.691665871069219 33.791790774779187 66.798030374156710 37.069667795112515 16.600686790637663 62.746523846067205 16.600686790637663 62.746523846067205 14.974061782874138 41.237821741414194 4.372992006447197 88.506412960619556 80.311509062239097 37.068469944721251 36.828168890182447 73.509469951160398 24.803456027214310 43.589096412819096 32.273206601708651 21.461032383341539 90.453270365138692 76.713007192806799 35.926310760499192 26.944256375915188 39.363609348161212 20.892807383716704 93.053303529571210 93.053303527572353 42.715510222056110 67.743573468078637 1.952687484986892 89.680796395367381 66.186232019461286 82.818185167767325 56.532548738051332 68.608411044818538 73.328082998453709 0.760937499272596 41.416981809630741 44.218630592968708 49.630217941963615 58.997661068427774 79.215695187246212 50.298329854580992 40.862831994350870 40.262774939518820 1.581831035072878 95.035467219148501 25.823706432983585 19.243011694268986 60.955306031092114 25.823706426320559 19.243011694268986 60.955306031092114 80.420254371723118 10.392297919054638 94.183810208820773 12.299280160826608 8.249909236279972 75.908896159983030 1.791942747997488 16.949937352011812 28.640078950472237 30.534707313747433 18.149351397598412 55.091939376244270 64.790865385974584 82.587144875025814 98.953607439973595 96.139589301727696 47.136271516082317 5.477247649952776 96.297082149082485 98.059150673949475 22.528084136372396 99.148910886197754 93.183398642096321 83.620109802722823 71.678663521538127 37.631375928420653 56.584899421841584 46.784701352569300 65.508533868565394 38.357973834787870 80.444680608300573 43.937721316428160 26.457889842407589 34.139641695151312 93.361430868941042 95.840151684711103 84.615596230619701 69.449745183284449 5.581724486358985 24.909414043597909 57.378466106397255 78.909550857069419 75.196319191205248 23.291294148399334 8.658033138004972 49.687177433549500 96.483525718294786 33.964895515769264 58.166266095224962 24.819141938166656 98.217240748967285 21.070537596869766 31.309018576806935 62.263141116930818 31.135250591076279 75.174692390918082 92.761357086199055 33.975604239844237 51.928830684257079 74.041311794009829 63.353893676278808 57.953725348618391 51.928830695770145 74.041311794009829 63.353893676278808 53.682227820007569 57.853709500737885 14.868996712921467 42.589953020219461 31.668045178694172 39.717688695437658 23.533808831160176 18.250190613700244 51.928830684257079 74.041311794009829 63.353893676278808 57.953725348618391 6.329210022895992 60.019052590911507 70.741976504817131 35.756918235906596 77.031578400878729 46.871931680705671 89.758779844498648 95.305158174709888 19.978801982156792 69.398202379898422 89.842157852317499 36.607998991663116 50.159821352452838 99.064454992684020 74.578457071540541 78.562668176230105 23.446260126098327 40.443235557572734 57.558888564520281 61.251639180663375 75.840995287628360 5.190375335580311 22.201262440250012 81.633095952063371 2.537751698054713 92.183887568792883 97.656161962317114 98.295241112457660 32.374189381968577 64.749855868853643 91.502531448725094 18.305484972596552
32.809439382851558 49.660124258101533 67.506621753180511 27.557142773245857 92.823800237435634 2.527966709573870 26.565067380071294 13.815583111724827 12.615265059248005 54.785388696389525 60.116191078013451 43.738009278427292 60.112808328137469 46.858055509081353 2.447341124281965 36.899694831686723 76.729725363466827 27.246970639165411 51.420635725800366 18.643872332449519 72.558263516298197 51.673530089939902 27.690570800010718 92.160437046901976 81.113152325723277 81.169171460342611 51.913944314854675 44.505538490875615 82.987536542550870 53.675958667806633 78.694372321215212 73.343639537598506 55.797491913727605 24.647933862889214 72.218940174191758 50.976829852680538 78.769985996466289 6.730137699684368 45.240218189685763 27.869769336832583 59.566484344103941 40.972769181956657 42.286276061590847 5.736381947063240 96.770548606144246 24.926389065200784 69.806018955187071 1.053815575597550 84.323006729568434 40.753599848977807 39.850252380548923 9.807912124213757 99.240917480537107 82.749026136649334 65.457222171804247 74.724704912489642 46.879591037938248 18.008433103648358 17.487427759714912 13.586316325704551 71.594728650692375 86.252146361370535 8.091736645376679 25.690303199200027 95.489869423611523 87.525131756941306 72.961578287917334 48.745261116094994 60.479734864522172 51.575636065793148 17.123661429481430 89.988342574981345 71.594728650692375 63.172312560789322 69.779703886375387 69.024478989401686 75.518868560722638 2.152253889448286 19.285018343096294 78.893106899852441 77.741882308518839 30.374012327538747 14.907444729093500 1.508440984835702 62.124198875844051 93.306504249177181 11.465985877961815 86.426697620226349 7.430892529405908 71.169124468928132 78.738155845708164 75.512021400425212 12.637506845124991 10.874155259543217 22.558772513540571 61.020068289395290 14.713789218523365 1.229504893522038 59.657873791451266 39.325321567313232 82.407730227521043 18.669897811874435 82.014093967926158 20.204162769238387 43.301850461580059 36.002283754740418 56.392639113060483 70.512283094885873 49.850674617678195 41.394804456160571 19.789673241720728 40.231034442522670 20.750846176854754 24.789089763377614 98.830697102550317 87.088033417369573 87.088033417369573 6.999319870047350 1.709227436027416 42.034405500841679 7.785023468598650 20.662299789677352 36.216307234457943 67.754629469688922 95.492380270856046 93.127831973983660 1.689552595955601 74.952639284148532 73.897761028432768 44.829907995276031 22.471543382203475 35.818590275752570 26.715087822598925 66.481241710295578 87.222519162199447 0.061970842496084 74.408359577977905 40.568864510023261 39.301381630841135 66.220828034394444 33.225775972106810 12.991593029631455 17.694855704961064 96.418644784206236 58.882418552184923 90.832813382266579 50.918115775600917 41.826268570456413 36.423449474401295 6.404995493220245 92.077849651819292 39.301381630841135 12.991593029631455 17.694855704961064 96.418644784206236 58.882418552184923 90.832813382266579 50.918115775600917 96.023520250763511 40.718339772183477 93.736613733985649 33.560929727928404 19.902909608292418 70.154384646798178 92.900698278179163 10.374208802370799 82.310237890401098 39.230752449150977 33.088290400665997 61.977936975727587 87.500870166624537 56.431606496403695 67.690966026617161 29.925684600766054 42.771060151509630 60.264260938997239 73.866919256008273 92.545569892755537 7.809999927697630 55.225481438830734 85.203875507594304 10.714476981069454 44.006465924887969 93.322973862316346 38.966008910688657 89.240789866541974 98.181409903908559 54.317377072966103 55.095858100378614 84.294663809452430 96.085749979703849 5.701111389720870 40.201656743865719 95.433687784969848 62.497630541464865 44.038122364491613 49.141939326101337 67.862363632053615 84.957202913103984 45.369482593434874
30.586560319717869 21.084199008476379 81.244438703792824 40.916466971837515 41.793156581466015 22.086977415493202 82.653406582737730 94.590985214645386 91.947420129354086 33.971145206835693 75.440209258953345 21.458473245959077 79.744803122381171 65.469944325404811 79.598159898743347 80.639341430835259 90.745283688149215 69.271348103148966 13.012871731782793 45.904056131849238 36.088741821695237 12.422109792744463 51.735145848193383 40.027052965793317 36.044327546215960 4.699840015491208 4.197710602872817 16.096357701735609 90.411116496595838 17.562464081691775 7.181098120820839 66.695095566317548 36.117241901104777 33.277095594462914 42.277395140383454 28.059242680422457 29.144817968908253 34.401446775391186 46.890411033024016 54.506743024600766 43.207851234572715 49.295334820120971 3.845599572614133 49.114184820112051 73.762049080496652 77.817966583069861 0.480145923747688 87.138620733525499 23.093406752422318 58.247876125800488 81.713730926941736 24.617185758882776 91.943390825758144 88.271616784734121 4.485627929097625 30.169559803248870 96.857401581825059 0.287819888572993 57.961815991113127 49.781573648709376 65.891947633650219 21.386488565087824 70.286405327333028 81.243496819752153 6.995223823903540 30.238405481853327 97.201914792837911 56.289364724934629 56.289364724934629 57.621404623014392 50.381585170221186 80.914176632734922 10.495271609387459 12.536749256247115 88.998519749918046 4.228416904572896 8.161224026760427 13.793871087429576 34.451165188934951 6.351416927997033 12.440606141563492 24.773373961246325 5.750022737346871 95.569304962128825 89.008076753106707 20.431988478254382 75.130947821876177 63.625728368007891 8.473685035449140 60.896758707792955 50.980967376063560 77.766980700321852 78.709502415259763 76.333579457553512 24.771170620154127 40.142285772025900 32.845468495315302 92.676042549938686 59.733276956499225 60.954681747971925 57.757460463460589 12.489241737017432 96.593041111483487 20.280782457477276 25.048449180132838 13.615293341583989 66.919559651343221 13.296084528261233 65.850221648734632 41.283834706706159 64.195306105862315 91.315874591102244 81.157510123806858 91.977171538337544 57.315504080904958 44.066634002902681 30.996494552664000 48.307504553278527 6.901775877305305 23.879656589186226 93.409738988934649 70.629169928356589 95.168192067818183 60.200718865200756 42.744614541809099 70.840289654716386 84.821727311819402 55.988243544140914 46.205527191998641 2.773629578104087 91.224750297352728 72.289773191256373 51.083315864394862 68.897130702639998 38.240063568378460 66.059768165212802 6.699647018143439 4.150266860675467 23.012677094628863 0.790797800165655 39.819460302757257 47.619661405434229 24.601275517662891 30.570878173539896 96.286141324266154 63.564021061017229 23.749322898812807 0.094540423061640 69.044083870556349 83.225498261017250 27.247496187833619 31.222632247347569 60.594119706211949 4.366242237086249 8.443378129953782 95.909830838315827 18.261621413978347 0.787355150208158 9.570810846158196 57.217069110581761 15.238931291198565 8.082102079671238 15.121558381998657 42.437943235990140 48.884648568048718 26.798817547627884 85.546557510224545 96.794353803471225 5.539147667512944 33.037345872616505 81.399857052481124 79.569670493936982 90.763556833778765 15.018824801033492 29.847421194228819 67.871910945775511 79.991331079151422 51.071831440650719 5.777449840247129 62.362293637052126 98.266968570503906 74.570497793815605 85.614773573981992 12.538880373766837 33.612386028702204 31.739095033258014 38.498021795173983 57.555336580687133 42.513844881118899 48.118739833580662 86.427759144867267 19.689987174072009 59.920485373403665 45.739470055968724 93.092376074462422 21.465451495718789 61.530494669370903 15.730499805886765 40.116590978543165 49.468162023828995
33.612386030425981 31.739095033258014 38.498021795173983 57.555336580687133 42.513844881118899 48.118739833580662 86.427759144867267 19.689987174072009 59.920485373403665 45.739470055968724 93.092376074462422 21.465451495718789 61.530494669370903 15.730499805886765 40.116590978543165 49.468162023828995 63.790241149535134 67.873155954979737 66.999034953532117 7.183109687820854 90.644795026932854 59.708898921297390 52.453167903483113 53.714257425356060 53.478631817266177 8.151552836717901 47.357802526381178 87.554174250090682 11.956600625138536 71.122025608781072 3.883227505785969 18.630720348494389 96.350094804996942 64.970951681858651 84.423481926919251 41.894119885136924 55.043176106356398 45.468055046851610 19.588014934333486 65.389066457471074 78.699060381290735 43.328946810673720 40.257852068525700 27.158334940823458 20.094275018928119 3.359232049576333 81.090506661400482 48.060445380421569 0.978365138855697 54.122353526567139 35.816648351599746 84.986603920441311 47.277167970814560 99.491236724552039 71.020443393724364 90.506399069747914 0.371473652191823 10.479200025086509 29.842266812150498 91.834598652171124 61.711634118037686 94.083569711449186 46.864374352721939 24.192266276739549 99.948178611870361 91.330740743593665 48.108582524107611 70.385752503291982 96.123347312333863 30.366270064615343 4.110870518066367 21.697665963914382 79.648338711778749 68.756889546909434 88.890188337183432 30.582124721383497 82.625337095225774 45.798494569680258 26.834502053649288 7.204756547693902 16.964749407600486 45.435282043571547 4.135350994403220 91.191019044092599 84.922707668953649 68.375028231640115 26.933895893092274 27.560274259142826 48.277719095259862 15.662658397600360 48.152732784741573 14.696981010827969 30.887525335598877 70.938942359738434 10.014871213914533 39.911404989913748 80.519049704582741 22.474912043430994 56.695895732006576 94.229269853931214 96.814363515826457 97.277613365832153 43.050765961137117 87.624628705925289 17.131453961397469 24.490356270028300 65.062853851757794 58.602704948402305 72.499927349288029 18.153618763737732 50.439920181477419 18.137889745812064 53.016469985366044 19.869900571151856 97.312253558044873 35.171196309569993 76.086965060442708 4.872089239014487 56.741596722561980 5.231748935854597 93.982659437566767 45.366452160953976 21.274349441131513 37.541459676834812 77.321029702362409 69.445175036063887 37.754737036507457 69.696517503368355 11.609997900490033 64.668885060567092 52.062161995125798 62.238059619176809 39.135252395498341 96.260480173482421 20.716233992110954 59.090166846305578 75.146065107813698 31.519655272669912 19.366499297959283 38.243776012377126 65.481785289153208 57.536636685869560 66.903182832837146 59.371051090359231 42.363439183480857 92.400101292007705 41.276022703553593 13.403625816484855 27.336283129831596 32.004744696702843 82.279744703915497 42.587060217983122 86.202422179594819 51.713892395774174 59.090166846305578 75.146065107813698 31.519655272669912 38.243776012377126 65.481785289153208 70.133505549198844 58.016806246154943 52.380650605114099 85.621465307698145 73.161362980275612 73.388902442501220 39.412422247618025 93.513649412311551 38.928744878573575 12.036793238250109 12.939531644295343 46.667498606058665 46.667498606058665 99.383675780205706 31.426278364851402 88.783430978277210 41.235864395789164 32.353514309734877 98.365941792597511 12.879058784869368 98.916751857372915 34.727533968367943 8.079527828735211 6.049205300157102 17.844537593169530 46.066196434563331 99.554007416153269 88.636117441889482 0.616177976577303 57.167341787441870 95.787760782853653 56.040222546331698 86.734349485507607 76.317034405799618 56.040222537044279 86.734349485507607 62.275216314515603 12.265188765902579 55.616644964059283 73.372598471421881 67.776781672473490
85.629118695138885 86.773170248083105 87.284101515633239 23.122611457454092 16.792127628398102 65.993620641949420 47.806246750897898 28.508640348146407 82.749583960199018 25.727638231656790 11.278336943263035 18.411926728947137 48.722419490019305 99.776724058664584 39.112617844999612 84.811648938819005 74.255745913065368 15.514157854711542 97.427344495459877 90.873857820405576 23.462183674170944 45.181473196791934 51.339584336559653 64.081501446125756 85.051732245308074 90.873857820405576 23.462183674170944 45.181473196791934 51.339584336559653 64.081501446125756 85.051732245308074 56.079061926441419 9.459459969539497 47.691262886946717 33.323551953979155 75.005233073667057 69.983092486173405 23.216968868499745 96.238097540724851 70.625838866435998 46.678700292123267 17.357633956168485 2.452214368233874 70.075180082286138 83.587511829801841 12.585031568000282 20.449574029704841 86.877508364539608 81.157707618201314 98.869071625310241 90.236671627029608 11.632404173263456 46.046849857575779 96.775040975630347 87.778265157741643 83.856903798255715 17.396451747366282 68.869389922564110 81.435750000197729 52.043617729593720 87.374732421722555 55.956026661020054 56.253178857752282 5.244070580346594 57.678013441231343 46.233200463346911 60.369757042135696 12.343928764210045 10.954835114176841 67.743302063140774 52.626988772525593 11.366812806534766 94.879763682568878 96.014811078589119 92.604846593369345 83.058515123101174 72.723886461856992 59.539851448123358 84.504102053331692 23.945256896609159 34.549752919123698 75.231609699687496 59.615581225939707 51.231721821443479 85.174690789346556 12.627451577145422 69.568468626721682 4.879175719907036 22.157742847386032 37.959282556896078 22.248204238998760 62.649708632636617 42.514262673658152 11.899104723266863 95.050418381645997 2.424909891348259 90.214824283848500 25.275908401152016 15.842361872473687 85.216268218778140 46.667755026050671 12.589414468810233 86.238216904151983 85.308341469734998 29.280461400684988 14.302931058600333 42.284235079337542 17.131295170595262 34.915722430392314 25.146697664711070 18.598640617862106 74.756873509508566 55.447749782592751 73.727924747844241 81.266320216771291 71.864432783453736 41.461004105880598 86.165949970627025 20.653762614860117 32.816048230715310 66.952845988830433 24.764708998446416 62.628493158596001 24.174980845058116 16.698715773290907 3.976281817090910 25.201620999617489 97.562412865521694 79.405857368416918 8.547025450398692 27.771213832003927 89.832294400092721 70.903887604318854 23.639299275015002 70.986082562879545 32.034427274656785 77.270388025031750 35.940061246247105 79.198269538438424 57.661797254299515 49.249224738814902 88.532685081677812 31.081243064536679 33.902193948760662 48.984277198390878 6.962850020819755 98.398918308888426 60.186365408283152 32.253182155382945 41.624544465093827 99.185633087888988 11.845455010294103 27.280633592856319 80.315822612083934 63.498463605425904 57.585504473804491 98.189497290526944 7.948421930324923 68.114843786458252 45.254810445333881 5.136410720038931 7.067062633437704 66.626008556448653 36.263800927650294 29.807253380144751 38.424764729802128 96.199734492188256 64.899974026394304 77.718596836202551 57.585504480675432 98.189497290526944 7.948421930324923 68.114843786458252 45.254810445333881 5.136410720038931 7.067062633437704 66.626008556448653 33.876359721858165 5.333004298735733 27.304975873914618 27.147437529292773 96.881199275323169 11.447280767922896 68.403864356206952 88.812462233135250 82.064529336051180 67.125937752111383 37.492197333026752 94.153248996073643 35.141867966270603 42.328880371450083 72.058336441930464 4.538053510242146 33.876359734691874 11.447280774008807 68.403864356206952 88.812462233135250 82.064529336051180 67.125937752111383 61.529521353778406
96.995386038173720 76.386623888747906 96.215375183789334 34.328902357999389 11.135093451155099 81.655595747309690 60.073434491891383 1.160476342392147 60.250651184014004 12.488503400848728 29.612276516491697 66.086045337597611 90.841256985431500 21.078074736748231 59.200621922576410 30.566593119168097 50.881756680812586 31.073824655223369 87.533693561495014 71.414394138298206 79.581808383060377 82.884573152118747 79.698995533406929 44.924997514903033 71.237537042171027 84.893822644487898 42.264510229542886 6.308312703448705 67.253530548388795 33.833031714242502 44.745802845533568 52.043115959222462 38.340248168635526 0.937469962914628 85.082417609460691 26.208347738286985 77.927881242394477 55.746664427051684 23.583091824627868 46.519488990183888 87.172188127755874 29.990846546750618 83.607979797715359 5.045848492833604 51.563856985644307 80.612568774487571 81.084554052540781 93.475441343461412 57.925812899254936 12.162886326103683 75.314947917544444 76.113119274936565 5.935174781147201 84.865445826041963 24.189253463643222 69.241163578787535 70.690047898971216 67.226470739549498 53.204007490161985 70.987516667136632 75.515677356185179 49.385345905699005 11.193598260741656 90.848109790802027 53.696947931238562 59.058145964129949 58.440906628218492 54.551168053165753 67.052482787531261 98.835490734308578 91.245328852001833 45.115695545064725 65.400673488259685 98.487398869625608 63.550084062048128 65.647328218566798 45.947595941752603 6.333305961157509 91.140441486617448 27.331385291759879 76.387033933682574 47.411168472144780 14.700677319970501 60.731969683463639 34.984903134545000 25.864618977101152 43.618487308465880 56.978497970558436 43.445644607211065 14.564848188375235 11.421229354418083 79.134854027686970 69.231262891985750 29.473418996059642 84.469105516628403 62.436360313765348 60.983249117860325 53.141331207153328 79.799291473448335 94.195657519137811 77.973042647094388 32.179191049313502 98.883895129200425 81.163519110118699 1.325531094304266 54.114346459389409 8.428585678343669 47.094332528651314 33.604309753843822 25.395669813392885 69.945065200375154 45.129800662397713 87.748321458250160 80.180221094034181 30.951458674057662 43.432015118881594 54.400746671644484 84.453023878556309 27.059091156606961 6.473898412583202 24.963380483181218 45.474619505413372 97.588287569576508 85.698550718150130 64.729393802248907 76.385513291412650 3.110503888814609 89.758369940681092 13.236281939503325 37.895002812814774 1.030417884137658 16.031884817359622 34.653878678024000 63.005258427832658 33.405173232096509 25.409645407291524 63.331181144925033 90.670225257295286 61.981484777875529 73.048661542992207 62.470695419619759 78.274638145665705 94.690938999245958 1.768821919133656 30.284694868185081 89.487971620412594 80.861303614238238 13.812979507779509 16.002442493021498 83.099897857424850 85.701359014398179 38.259418743318882 24.117791592799499 57.878209930293032 17.538266792263514 25.224484442567320 65.170914516464634 49.284907575798663 61.707920136342388 78.670897933119520 2.220374559151594 48.304179615253126 83.499719513311760 85.381385656641100 98.990544941316443 99.117857256874771 24.457219272872500 71.097322283476373 59.300458683403036 71.173770774278751 75.456268605501080 87.222753484104274 1.328830961622141 41.682115988962984 84.041215276278010 77.332966038911721 89.180997041789027 71.770601657525333 50.662306385173508 11.090608911972533 94.327527535073614 81.740670336639681 7.632343905669636 43.699876131220606 77.801020848283059 73.154777579149766 29.107289217054554 32.964196958823557 28.113337663749359 4.932742897817166 29.900623283639970 98.273150840356507 54.399516832058978 45.194755432736478 84.988456650695426 27.583293070090775 79.366270945990124 64.500793382181627 28.092873151020736 57.998638733880192
19.745660245020137 9.681109510880026 49.188811027562650 26.081770374021762 5.836719632392695 4.034982062898795 91.352511417024644 54.272648615721664 97.646585234354589 75.317158002690690 23.902829366010280 53.401415467221334 61.446944416655391 77.066364748264832 23.793383587879646 68.830651425785490 27.187716395685900 25.287105718671377 79.217183349379098 47.017334530740897 66.337393172833231 60.550048141678545 12.258039202633874 99.962737313926482 58.162002862708121 83.229857427887538 90.718016902377968 95.367113383168856 60.407148776227217 33.475314876515263 60.684342271793170 32.265895530545386 92.815288277683550 57.876481572435559 56.747647875076623 45.943734413658255 78.235008527378696 21.329325242641893 94.984759073452111 78.647117575367588 24.721937781975011 79.278620327299691 0.688437447481660 18.619742178238518 31.263605662912653 73.162982182127337 1.333794547190914 24.301281192387027 44.723299238726312 70.316232057534464 50.183111024043455 74.390912311774400 5.407428630015410 17.323633859626753 82.628427782700854 99.597431160446632 70.298765063174812 23.744865563678040 97.755079993602877 89.297091767068466 33.833343673102625 6.676630922963422 58.224132503297234 48.824220475628167 61.805607075813604 24.707614820659142 62.873898288747057 58.651512136077855 71.400667944345102 88.242475900268118 69.367710285825638 65.474799561351574 43.814261092694295 0.071049530150968 75.997825878268443 37.636391066635056 50.908411350786274 15.583539043707395 82.782839448954576 32.208485712666992 97.743426000015205 33.351238823617550 17.288553289531528 92.748435152542939 77.109175560631655 47.300062607645479 58.641406632303507 44.640515888078333 74.044932737338527 53.398800535782577 75.523418660078448 70.707400146306824 52.521424048836565 34.917129801219623 2.718607654208882 54.234326468798891 7.233304527067008 27.093910831830080 3.749493741087606 74.999900429030049 13.245539391740223 37.167115331398470 7.330331361804876 24.224764910761476 34.357319417637456 52.819798017574712 0.041535345347654 20.927096503005270 29.924770399439314 79.997092433893712 12.489243005905148 54.081594604640102 94.227000329816264 48.038366130303856 97.299030519596485 76.071003609032459 72.671523625326202 40.333794075300190 63.465004788693960 88.163888408409647 93.990630931121359 15.949744677065835 69.312745521885248 81.758482934017962 47.702740492011174 34.966970242598904 93.856995981341811 63.435214411120491 3.538483962723649 84.435455520504519 65.660984249245885 15.528219595408800 0.677234413285921 70.149204033417561 54.524719182099268 70.264063560650087 74.986654354066573 83.559345128363574 13.281630286325086 13.249820073452556 50.297256616973264 59.736495650983258 22.517661894036145 39.181026832497437 63.286879558101830 19.085091807396147 9.886151015541490 92.103610316548142 36.647588425376654 76.464311502016344 83.675826590836081 35.506964942850217 6.023663977167615 67.868141332023839 12.206110509385104 92.029363496107734 4.652086507080644 75.421298721491965 62.551548261281930 80.662563767253332 32.954002107062706 35.833620540111241 20.114727752049212 34.927661687529799 98.248802637622177 22.793511857047665 75.785118457977063 22.600559264852926 7.053461139006800 84.010995171159166 60.881601134410488 83.020237742856693 79.777920467432125 75.474753338398671 78.897232425670509 35.830454542474897 75.613794304360852 93.255018438042796 18.782559389607744 56.104076097040988 5.132781274511878 48.924538873805545 38.822931264111929 59.210882266910758 17.495574475203256 88.832268117278161 0.501764401410698 63.696569388517602 20.847587325370675 93.124296547759030 44.875245872673020 68.134991304306809 38.979245684100164 4.440191770497892 86.535713210617374 82.635473673575547 70.450949366716870 46.317624285491519 43.672236058315804 98.462135292625533
50.017307010030400 43.672236076283689 98.462135292625533 50.017307010030400 0.798359743978316 84.489477178595109 44.628278924000483 60.680372608355647 53.501816392234900 15.730214748965155 39.031813878221044 47.410380975652153 86.024808318440037 17.373153026512778 65.276447737600336 56.064131774181128 0.522781124549554 82.639044540838583 38.428151717325122 41.670164822531184 86.255013670838380 77.287949675224056 12.840245301760945 62.780017769936705 60.746384422320801 16.458131141215084 81.166827257600104 2.971470695572787 77.257336540060862 60.746384434869391 16.458131141215084 17.317053603817200 15.895506555666083 45.436896671999186 41.502033565510047 38.041165731529333 73.465018594529482 25.243574358156749 69.684992980713602 15.500882713357178 88.526892173462940 33.677269511067507 12.592521197489393 5.098785964945485 84.651547555558921 19.990214696534093 31.174033847853366 74.875620853760935 54.549168941359675 69.271371988184839 20.811585568779090 24.821750190539028 7.357230888214317 27.945636591479317 89.935321173601238 98.813105476840562 0.542557884370165 4.715298811651314 12.436664278543951 68.681943862529280 83.282292991645008 61.855415407144946 36.051259624483855 25.745259988043280 15.544415684386504 63.603616242623517 46.753885015830541 12.730784639912962 13.652808072278367 12.635370513665467 57.621248326484462 21.694669686305811 99.452148156506809 20.900967050943542 75.717086910977073 77.748399196219466 6.950854306681786 15.786618973143918 13.714339003637011 56.103093477950402 53.434510202350680 45.168363928046404 36.014415132106706 28.826321968875991 42.484276257041962 42.161108122559135 16.570343459791726 2.534752670502483 59.827980058379723 57.294758844894076 88.294959384028161 62.754876878920577 47.432838374378697 73.111386547332131 95.593591145311379 97.228294306004983 21.770057628971173 4.317782572074669 33.084931945120829 92.057691790385690 60.395612867425399 95.062965733805797 4.792541292649243 57.273349058312739 14.906079392917171 33.770808142530882 94.643175527208086 37.382705717855856 45.882161004566257 11.622879253275475 7.899477240748110 17.099270174481706 58.518226791079940 13.580436692590158 38.267162010280067 39.841157418550047 24.655963221510270 43.014549337720851 89.458204303844695 63.187074642176754 76.198277273095385 97.580598263541873 7.299307379896414 44.080133452395430 91.339008305532104 90.206237970094648 12.879794328678651 35.286247118649406 0.691846267007046 77.127088384514010 74.172617866949736 5.468798649793738 75.084994224175091 64.798028867854867 97.114304654280019 37.531077899813091 29.576059552605059 15.700531886543034 93.581799380217404 66.736457157467143 64.004388831858293 59.450502135569963 66.153639903856444 22.807773765893202 68.030341849121271 67.397333803342335 67.628950031700512 92.717054181315660 33.186328213806185 53.689583464710424 16.164384819095467 50.934921484338012 48.324137848764259 97.388105505535464 43.146914656606015 39.677325412785017 90.220299546943863 45.876624545363057 17.364517639810895 3.559907725132760 19.951108966656673 1.296980643625512 85.051626624234117 99.293636906484053 43.531590281010089 37.533055296255988 37.657005101273043 15.425819587135781 65.062611714718884 48.289722691631631 58.140087506958679 94.895924313940370 72.181808473910138 30.596539611968808 56.691339357165795 60.535347850760111 62.575420996518091 21.244545857057084 68.356344075761555 2.747000588612647 62.177237366865178 64.725870215527820 90.370143780435100 63.494689601713247 90.739324873839251 80.383370230038892 85.267408973006226 49.962964648714305 38.754645747562400 54.339372665265707 91.956512240010653 85.405188743492076 69.380359466216760 69.902221921895872 79.672087296235460 0.433485608748818 76.094395108897913 60.065324194075906 18.291243411724302 33.832332108718731
21.186973246213135 25.127164754846444 51.369315284315618 66.567691428996923 45.736045776295533 7.150987440732070 96.220703342946805 80.015085626470722 66.382233315549797 34.495400442047696 84.027413032538618 5.681585563345203 29.220851665010471 33.510957094186843 12.131183551805213 37.315155765622812 99.508669692257811 61.184713170291140 94.943400652331661 5.978500667524045 3.793246724578392 5.729775065556552 91.973890174354707 37.834309670125442 79.551888217500704 99.310509761671412 39.065658317905402 67.845750889041739 31.849216391545752 81.177632010610381 82.497025022259166 13.248151552293086 49.790777405308539 5.291093593479923 98.736599059923478 4.330326450868838 13.633945834843908 0.073429795170810 20.494273745696802 0.429292530222880 65.350106112943095 91.058006525110727 75.796103354556024 37.326617941100849 82.448325889711285 83.234077396709807 6.175419289377215 14.656991769205041 62.116685662393500 8.355625783792053 59.321789535201908 40.396317841399444 91.403970392021321 58.098848835981883 69.837428046789611 58.693793711449530 90.115282906198374 14.575370191616898 11.241188597459562 54.268584440759582 29.719825225427599 42.651500584434984 39.705340015025982 68.076682885731543 10.283998472564305 39.749244061951693 21.880163720015332 72.866844925140015 48.988870277946198 89.016817864392351 28.890216217260267 19.553383133008140 82.164594167650293 56.864266506730274 89.160193239725132 99.260975482400838 60.553982753537085 14.431471734444957 6.804459981103372 23.979290757724126 45.370768788434226 71.817231936909906 79.350067956147996 76.147722995635917 63.757763302420841 12.404445488800519 85.804133939096573 63.608132555985563 77.890524226895579 75.158216012400587 88.499909803684815 54.645145157033703 6.255156563881703 63.885861652371986 77.401501828854009 82.869104728595488 23.918536096934883 57.946865308481840 46.017091184303773 26.793874843889387 92.698187797368931 8.716494362184669 77.875462405266191 37.479264823194079 96.201611582840670 40.496436203181496 44.548798737411964 64.076121441641803 70.770093459879064 99.808114975239377 17.846024685507089 41.468812481986085 10.239266221901744 51.464961424337908 77.840812702153698 98.409122003980130 64.275668485935171 27.577163625900425 41.612032488835382 75.590159808435217 88.586615623095568 26.130035671383244 94.147955236139538 26.334994340438978 70.362096845603887 86.461963250240629 49.917651091952898 13.209684098186237 17.069723139575167 86.565306927350079 32.530524699297850 29.853451211549100 7.737390061459060 33.076410714178792 92.201177717633001 58.006074957831224 47.269987003103118 16.135909711275421 4.109703661611618 70.448176955743065 54.631942668292425 21.015504623923988 51.847656038382851 55.731501172332088 34.730922861825256 93.556752427381213 81.800334885889797 53.640106416415001 3.493020890259646 32.917495289604318 96.002161608244123 57.522779514070990 17.076446585809769 42.286426325652236 47.747817683335555 64.357857055504326 21.354050598264372 25.518501441935182 10.727705864083992 32.857872961877121 44.714115201030459 82.008300383749116 32.335280906289810 98.435070439808428 39.719869987920617 51.684615742316900 86.782806818842914 46.617824489029978 55.626133711587812 93.504173840952404 81.727348352416968 64.955332976959156 54.505976958154513 89.381721232990046 60.638713354492744 58.161782814915952 3.740592581323243 27.364098179038521 41.308532212253937 83.340541930800811 78.727080994771740 76.991678044822464 54.430856949609684 33.010626180962852 84.558537904812084 10.102288889918986 1.064418259774169 76.929070938410121 63.211059123648603 53.509151869591399 43.213659576903630 94.437097756967844 98.672306325478402 6.224020796452711 88.416149465925770 12.176293491797164 1.832866743105299 69.285180056406574 6.354451879747558 41.869186893724354
19.166574917506740 72.474646525074846 20.935036502860804 41.004247775651059 82.350429281509818 26.644972421447921 79.703813902572676 41.822214888481227 52.298394139075178 31.830977741317135 31.754932835887363 95.538384964146800 59.713780061837220 17.030121638761830 90.217956372069452 43.686493728363295 71.165563487673751 17.385324459038710 10.864704087122446 50.390233435175055 61.109603165559399 95.578233480824210 28.916810993283438 89.194738865463123 7.328123108300034 95.934276205645816 19.532547211143214 14.446668860569901 58.746838661759718 34.294330109047877 40.145523993213025 28.545026707686826 18.489998061804226 87.275458031878500 7.886510114757616 71.034750452896262 19.272252403060886 50.530196324640443 45.915062005015436 9.400311095879122 94.315628574831351 35.222314296707992 53.524736008897591 64.134713421787822 67.179337454660072 2.528882771779761 1.455177906072636 50.896742113427550 25.603634875082825 12.555226025217047 84.207276017306270 38.199392598268403 3.523526649626629 83.933099627897818 53.730899791707820 41.832447934272743 44.465762740576189 14.734125845364010 56.203352897660295 20.425881041811945 87.507706853936085 80.545732272555085 41.743475458687250 64.916454947904697 1.457391547035969 55.637856596605559 83.838977104931317 1.268744428620006 55.606374809043594 20.355557115489496 15.063687141462678 13.714104950400497 72.923995622113139 88.864330958148074 28.318608097643573 57.943606056912124 74.448406229033310 33.139534308974305 26.050577073936843 82.214004170302843 73.939355139592621 50.319101175543857 33.985202229997505 68.371800226158371 53.457251322306284 0.378461084150850 53.052919721640791 18.631461573187480 80.833422075594768 76.465730374845265 77.212403310349359 97.050841714636874 85.908836923650625 21.386850582550444 56.374816571817362 89.548187150762899 28.830281053604345 13.242863081064282 72.822716954027342 93.852175121171584 24.893867058027030 34.678698627391483 38.712244590152899 20.463253185136388 74.507983946771944 60.987909281486232 88.577320704975051 11.272079072291897 43.167847028906301 78.347666475126672 6.283785783463736 81.434722023350417 75.719728481176702 40.191185281710609 96.204993453313961 39.700824506156309 78.052403200776851 52.146253252970034 98.298557636723245 81.259813623429196 48.355740458276443 61.244403199996469 94.995051325134156 90.341362533816792 26.375629272037237 54.513940562711880 37.979511545759969 53.251378549303197 94.034160913508742 94.713421465005695 49.641305924001465 8.863803617775300 70.272634852149736 2.905215173792353 54.293315275948352 5.393515665594539 76.761668280916439 5.504901280928076 7.079024547740797 3.884179013102906 21.069408475616470 21.621511025236039 60.269963872427098 13.070763772786730 73.871840436861731 62.370137138984752 25.162786052492248 54.475554968050943 26.977666067464856 50.952425018630535 36.398351459561965 97.896897735317751 55.775401528576587 98.626751181547021 10.727895286975563 38.113210973150721 80.232437428290922 44.215239167701739 39.918696103512133 72.333344030621063 64.749379859108288 16.172180034122263 21.451651237290747 3.373427953747665 87.601271600607106 31.315910666699565 78.991796421427054 6.001826203037153 46.662158702945931 85.648094462700172 90.232459835141469 40.331774264677875 63.728566755579529 14.551717202144365 53.011789909459992 58.726756130291150 20.573988673738640 9.114901285445887 80.824013336940652 62.208165820236971 65.612730274808413 2.775772966338452 74.183692930848082 62.237955956785683 73.796344095119721 12.129382873516581 81.036349952072158 4.276498362462910 2.137975980896456 12.548946409708927 25.588079144279508 50.706765390585403 89.158140378081157 83.326332713385227 62.962241504663716 76.618435162475137 2.830144443988825 75.782535507845537 33.489591769199933 18.302938194031071
3.960544267603472 32.211853193186812 40.386666893916669 39.676650374430103 1.052956230043023 24.331893177850251 42.453284718418629 34.194428306972100 45.258347421914422 12.537372940046232 9.490322295598174 28.663277781913287 28.663277781913287 86.568262206193367 0.006879137798155 97.853964807723372 75.097113806587430 94.915340317577133 41.749568919892674 59.432579266694496 54.024590615354775 83.503450185610234 18.982081567035337 57.258567693600462 23.327686315765984 90.684681832544371 80.478944935123479 59.021438863477535 43.628344801429442 8.156207664158288 11.677663389822058 18.585819997708885 54.466157751912625 71.570117211632862 6.832128077219024 43.359941127517729 88.608096723587309 67.632632930312397 90.181463209878814 95.089726168040457 78.440191839602363 29.343753843746391 0.719763440327748 9.243063716904565 89.052309417285443 57.343289479921154 90.727523875454580 33.807267236012549 92.730338473488473 45.705217106434645 14.393542733293184 56.653228975393965 18.006832443740738 50.107234396411272 75.859014045097723 91.932380680308015 0.908799900966795 15.102470886375318 27.230988221985498 19.196522222998059 55.344167282172549 41.104293240276732 33.809264496617374 80.145733863240821 18.515233223554883 77.753985325487108 2.743453344914948 87.376851427910708 22.573961152854483 63.175949976258373 37.860609977568949 71.651547800998841 58.974511077132028 71.699187802702681 19.229153014058888 82.170498686487676 6.910363777302586 47.132532450126575 53.046266999188418 44.855818896996055 30.645920383269786 32.917046681236570 81.666176118818441 99.215036297426437 70.534759213528417 57.295145051731552 28.444882312987062 65.573898261607241 98.910276491358601 30.768855839244715 78.991796410843008 6.001826203037153 46.662158702945931 85.648094462700172 90.232459835141469 40.331774264677875 63.728566755579529 93.708230155485367 88.630652908545329 32.636446630078453 9.396120725939717 34.519721099135936 41.288332038521006 89.213961406150545 26.840820404765221 80.269510504473516 87.882498639326741 2.830144443988825 75.782535507845537 33.489591769199933 18.302938194031071 3.960544267603472 32.211853193186812 94.141469965345763 17.576745643928959 77.657398060283114 90.529546679091112 13.627915127350377 42.062841141788290 31.571282460868389 11.544566686640657 34.498963831638861 80.093158752234572 95.006387577350978 19.360815252102004 4.276498382506588 2.137975980896456 12.548946409708927 25.588079144279508 50.706765390585403 89.158140378081157 83.326332713385227 89.158140378081157 83.326332713385227 62.962241504663716 76.618435162475137 2.458236155231619 2.458236155231619 83.485136067847549 43.792363562015758 30.158402910288029 70.890662174133439 81.556129095425675 88.093826457051875 69.481020981792895 47.153330507842654 71.867767974400948 33.106815349312235 23.283066017984865 52.704050455963490 90.684681850232948 80.478944935123479 59.021438863477535 43.628344801429442 8.156207664158288 11.677663389822058 18.585819997708885 54.466157751912625 71.570117211632862 6.832128077219024 59.568833745823710 16.094647588833332 88.020001089548643 35.385584352815158 89.056959894640698 44.393013733978847 61.223042400850289 88.612290598303062 78.064414274089060 91.856683503750858 77.329196662218649 43.058251215864374 0.765043166102886 37.064132729858102 78.949335357341852 80.513857237352767 61.322217548511063 92.136625330276615 45.806263105647524 90.643577285531734 28.716585317796639 13.072693637969246 62.116695361769182 50.418271044421289 25.592746450101679 30.499416554837300 65.345188178089202 53.260461844488127 45.774154085877527 51.188907566271361 44.713914237737420 1.284324149414084 92.182448146712076 14.785556667741451 56.539059461515684 72.980901803855247 6.631044279438258 44.218469359389033 39.779528723112890 73.829693919016037
2.743453344914948 87.376851427910708 22.573961152854483 25.672738403492069 47.239227226047255 61.707813100562689 15.661521686339587 39.631938375105427 22.098881786281666 62.119583238564111 72.989967165899841 60.630467787127841 9.662490511293253 4.696853961655700 30.080519118808581 17.339407234385195 46.899963894157047 5.360151708508321 92.739825101114263 95.714002784415314 96.029041333598258 57.592910095235354 38.909179149633580 84.004230498122908 19.354848702666072 22.978880848396866 62.846783977089792 77.971760617260173 6.043867395148073 57.034576617154066 51.251006803136434 46.635137523961831 19.035600393386829 5.534913119377228 62.986143725927377 12.318303352281390 71.536546233257269 55.200861487564183 54.737333621870853 32.965154912527680 73.736906017889936 84.982681264129596 72.461456869749071 19.054517374717772 64.616331242309045 53.230202655230677 77.411366356859347 92.217759655631525 86.749137291707498 50.207139386322787 34.901045249287129 33.998946012430366 11.817115787353449 10.706992373863589 71.724282876687028 9.337063788056133 83.965220778929407 30.846166249238959 17.722723169314413 51.744264289099597 10.547630294147570 71.111549588448369 59.437572869731689 94.511508296350584 85.544096131962860 35.431029092425867 23.131897035264380 45.529009774147490 10.135711444900753 57.583599004168285 99.754028251659918 32.758744599582400 88.848343228002136 25.953675176624060 50.613067012725921 47.425448945382854 87.538527182370473 52.239375468403850 72.518536488364120 80.803539454002092 55.817588349635294 51.808669606683885 31.145431165702309 64.904572718793489 93.871075985807053 17.806084400325950 17.375102431200840 51.925784597079058 38.634645500064735 92.643285215441352 81.459925867329673 34.208796555086764 81.797629725331916 83.288426263141687 41.751635012282229 81.507695682667162 2.565729945280115 45.136309768670849 13.555786936982283 90.835824125287175 88.288258880026177 0.259227931392025 71.306604717913871 55.984730988861642 3.274227488041748 9.976510344030698 76.510612771801803 88.071862429181451 99.372257377231620 55.817588349635294 51.808669606683885 31.145431165702309 64.904572718793489 93.871075985807053 17.806084400325950 17.375102431200840 51.925784597079058 38.634645500064735 92.643285215441352 81.459925867329673 34.208796555086764 81.797629725331916 83.288426263141687 41.751635012282229 81.507695682667162 2.565729945280115 45.136309768670849 13.555786936982283 90.835824125287175 4.336627784765790 57.860024503811843 65.295710241421332 39.370489681512680 33.916556402708665 2.847360236876717 16.634714694836504 86.197602754125796 30.401194175141597 66.213488166165178 31.615641997010901 84.584809942744826 58.943484342547336 15.113756535890632 24.686547237798084 61.179781736961417 29.827791834793672 81.372760671516460 63.707557693817115 29.777517797656138 35.001290180327580 96.346472445760909 98.980082494599785 91.591230433031512 50.421534619628339 88.303306068832867 23.728010614735073 29.648369307829668 32.738884740218822 88.094216269777419 37.490471842999199 81.213324114186989 55.149067036211619 66.083697321759360 71.109728026680457 43.925719082530343 20.114670427863846 10.979883078022079 5.021196604310085 22.168726355058865 41.644136443357219 6.309347928492326 38.454657711580865 36.205101733469604 78.969493524712959 11.206334429826281 37.941032508889684 3.661749927412339 32.308904519090156 78.630497478366877 25.516165566025794 63.158026388034180 15.304109349059647 75.161842777388472 27.254102331672868 0.426742477538133 0.767704386349277 30.463832175811046 11.174042561442254 11.158546287305526 21.431381196494016 4.324636256889869 1.952332389272848 97.352959040336117 43.832417538541712 99.644808556287018 39.337258436954912 42.434662247037167 27.946971515933384 34.104008793800269 74.555432401947641
69.795768310455031 52.069235481345721 2.940696108134389 53.606156686254771 69.410905076073789 75.455040788562371 58.451796840805429 4.473099810035697 45.513921893869124 32.247187236591067 71.405744834127944 44.172499605330870 76.960232796828095 74.285758970096012 99.774537225323883 45.797884088742926 32.742963104658799 91.574458557076099 40.448512827635795 74.295468076641754 19.550737556498852 72.843129757647844 23.729648637946699 51.671521652180239 92.467096619186933 77.515954401283153 46.612366204775114 79.484143722546619 5.070887639684507 11.945264376346065 52.848754187673919 34.142035760147827 78.491901655180953 48.449275967395721 18.627832711480863 36.077931369455428 21.373221980935277 71.197029060568397 55.289808968939781 64.642096173083985 74.221616710040905 17.598207185430880 56.229720195700281 22.685205362101581 27.217936759843631 6.912887641367771 89.183024252132029 72.061868038888804 68.810727005631733 26.097365102846314 97.456318040839832 68.009653021690468 61.524625737117297 20.211214584652314 20.679313955246080 93.163303864239722 12.529302712929768 34.182071226408418 61.528983240380619 43.867553600056041 7.668133600765614 86.239242109327535 94.941873178231276 13.809414178289092 84.032855416185257 67.619274735602048 39.171751353789510 53.400194695496992 94.096819910828515 70.229330198171198 34.656834770367652 42.296654407257058 9.966658028376695 75.146567274907540 55.791814386957597 83.922733260369384 90.788976571798429 95.543871973978895 32.031460077799956 23.955176017752365 15.542282884799263 92.727733568748533 16.757784853220958 9.522732715150905 69.196965520812682 86.805662445996447 52.400082140193646 44.727808737213451 31.522503022613613 94.482045821645372 91.494058618802853 7.508888965094918 37.857920234128450 13.238437558424565 97.894246610358366 6.620980533631182 47.462017185586369 62.559174657883474 6.873013194286425 45.594768774108928 93.840061782910212 48.859527440198015 26.859136679196340 48.892122872730518 57.758756796320320 22.365079399370313 46.656166283429421 72.581432178547416 15.058391882656485 60.401168769049008 59.999758062817691 16.555206470046723 2.999897904966720 94.068801627295045 32.148861922666860 13.831578749628138 81.416830106663170 98.919704702645177 43.050378893964115 65.924152428585032 53.574356007628744 63.486917407615692 12.725468389018047 56.022030647756047 62.462142062264277 15.385747818922269 9.937244290443969 80.423582513495035 99.491655838215465 49.754249089172653 90.437815556508511 61.552902676842415 51.766383811291441 23.768023989708563 46.269056593679089 58.779813974899731 43.559418301508870 24.937021185349717 94.225605028915965 68.155698663524362 67.406099285775454 49.950053784564865 23.121071244792645 2.203197172514371 39.463729635929944 0.331396715951870 2.789074966043903 1.096240870205079 76.634386578912881 26.035746040627838 77.026375774912452 57.018517797739676 77.374142847446151 68.988654507618179 36.243976360640616 83.480173084971526 79.099043272196440 44.504380993037806 82.657752109327092 25.207612255023506 36.844371713626280 42.406438419117841 48.147284999651738 29.111703784680554 86.890130789837158 74.052368294513784 22.901575432042655 53.303639588869444 83.683982811640874 0.760567440796001 22.878727367697461 15.630751743797621 86.291579947768383 39.105149611829390 37.241510823383408 78.040653390379575 25.964322591114431 20.148792013929885 63.899324600192763 53.045289732155929 81.496136147394182 76.107663220766881 79.170665418700693 64.021098093827945 67.240722601952001 56.343041308924946 84.294734390013275 84.733319760402352 87.018606126757305 56.218145607089518 50.252483748787149 88.523665573640685 20.315283271359274 24.854907703783134 47.547114081819032 69.481412625555450 22.844052016724937 89.391293470581147 66.282921787719062 4.192014956461144
28.167793680857699 42.778253136414143 55.609728141401540 52.438720381887329 57.927868395283191 24.215586783135912 43.812291034548103 60.827873006987488 59.464020419056439 32.847042060530576 0.593815610011783 6.642170773713641 19.956464895392156 3.284364245562821 61.579231379877605 42.343482483709906 59.759328585162748 0.908215024547598 6.770486836968503 23.766918446777787 29.633085053697496 39.518757398004482 20.690372226573185 97.733486919552675 9.485972390879184 5.046357196404305 98.009534773004617 78.366821314130888 85.878542856445350 18.449172338958597 11.563460798106151 19.224785444257840 88.959435076569918 84.571059226599516 14.096496240324274 67.024772943816544 66.222795820681341 65.550682235569141 79.020914133764762 9.753813158901037 19.538600024808616 24.454928078104853 35.361574616457283 7.716023614271483 81.721728604241918 23.777274205303598 36.956437910060437 47.295383138855740 41.616627093661492 52.065698181157828 18.086178866725454 3.459490683801203 7.091895042591290 54.379910066536887 54.088231626025681 4.537613120272244 21.136563173767055 50.635544527176620 75.590606393350740 20.436376394758980 3.967157623532602 6.059121478431639 96.455643290123518 45.439639997833893 8.878213776242895 16.232570471485928 91.267341683826515 22.692059868720882 32.055102118070778 50.275497008455275 6.691013749317731 26.558947349637140 0.945478143647238 46.320147232053209 8.093523287568615 37.597581264184043 8.982610883364794 7.164584829225785 34.291089713254628 99.008548624267647 22.687668902008941 91.562566657476140 58.544552202465319 0.553729134922931 3.947932544077570 36.334737515161443 66.341770047197912 86.406798851989663 60.860871022661080 94.620828863083204 65.842099698284272 61.633911940083649 22.304564207477927 88.039525167260805 53.401937069080120 81.221962731168986 87.381698044427409 34.102031340908447 56.869807783010906 39.708095781488097 46.589729288642879 22.649907661050996 48.754096013099080 54.749224634850279 47.301638790732689 69.762913552397393 36.368811919209939 57.838116407883824 52.041736817520288 87.783578707983921 84.649536630641748 86.341538788380049 54.551080571121666 24.503085114812649 66.323957124017042 40.379737057856055 15.517737696435407 99.511838417273196 32.257698072638078 4.543839317176179 28.774446663218754 16.177799322119402 21.492527150441564 12.747769319558266 18.086178866725454 3.459490683801203 7.091895042591290 54.379910066536887 54.088231626025681 4.537613120272244 96.230977829987609 24.845976116294811 42.259516909260554 58.004518444861432 55.474018520056532 24.581821181310470 49.123115271220961 42.968452934965981 82.494654311866512 96.665175775009033 21.136563173767055 50.635544527176620 75.590606393350740 20.436376394758980 3.967157623532602 6.059121478431639 96.455643290123518 45.439639997833893 8.878213776242895 16.232570471485928 91.267341683826515 22.692059868720882 32.055102118070778 50.275497008455275 6.691013749317731 3.947932548559596 36.334737515161443 66.341770047197912 86.406798851989663 60.860871022661080 2.851701292059206 17.802670435848377 45.088693578870398 41.025760945578917 23.862700682508176 39.517928202262723 34.394492745903406 6.164401569291467 67.926977727764708 24.214536915465278 22.769086143604877 61.442978869645216 4.102436102605611 7.203221662398906 22.649907661050996 48.754096013099080 54.749224634850279 47.301638790732689 69.762913552397393 36.368811919209939 57.838116407883824 52.041736817520288 87.783578707983921 84.649536630641748 86.341538788380049 4.102436102605611 7.203221662398906 22.649907661050996 48.754096013099080 54.749224634850279 36.368811919209939 57.838116407883824 52.041736817520288 87.783578707983921 84.649536630641748 86.341538788380049 54.551080571121666 85.837725717681195 89.018945655812345 78.420905964181415
30.404940470557573 51.667878177894401 17.256779581784276 22.418651848550319 67.228420067845391 85.168638375158096 11.245064259038474 50.069664362407295 70.748922057727796 22.473603894355186 39.081862593135185 35.337704351673025 58.331044842376166 5.178817577288786 97.900985629040278 29.262564556991009 74.527165893607503 45.066237876784939 30.155612546596299 64.732999857084778 14.505952033350756 50.760911531736731 15.118632214836691 47.903962384991949 21.847475276962168 72.600343898430026 29.284690001343037 19.626489704027460 22.327900371104104 68.121297691868691 48.276801366507151 62.624571679968795 28.130014677035366 66.371288615958221 26.184711427754504 19.064766705704837 26.802137350688970 55.408180927014897 94.602208780819979 83.114085671790789 63.805698850210092 71.428772746754191 33.535744379400001 74.476149366673354 49.866263698444477 66.603064003591570 29.246918493758546 65.567575699742164 6.221068707723088 25.269352201782258 47.189956547876832 88.058069176085070 7.605398807123509 36.909442335796406 77.078393088990225 24.309613464251502 40.694767171328870 36.990213545263707 73.484536767863545 6.221068701755305 25.269352201782258 47.189956547876832 88.058069176085070 7.605398807123509 36.909442335796406 77.078393088990225 24.309613464251502 43.157211090081915 87.198359771968313 18.087213449814111 72.437099372081306 95.604171656375769 67.262813790568742 46.531371790728116 86.196499853792432 19.191939942286986 48.963847858993049 79.683499372794813 20.208256662237577 6.413074340714441 61.622411164854526 75.564266507254203 44.373173776233713 5.317697243024089 66.969864210951584 23.016869513913850 79.251506655992728 54.233469665019676 93.954998841761977 30.188489282415453 87.262925424009154 39.162880192740680 49.196713319113847 19.137243781658754 32.743622526405161 67.948411964689811 9.899205214448193 36.871806489013537 84.757195385196738 36.487574784608789 9.360966787210623 57.313096777770902 35.003847615721796 4.812864275867978 10.118808646822764 76.264095216523586 51.520989508814871 53.940455359556992 84.110239541959160 38.055787581032973 82.155599677333385 82.441025626425471 88.871028982229930 34.731501476321199 76.246052720529150 72.825869363444923 80.322903080378566 1.757243506852502 34.533171321621289 29.286831130731429 45.256350527053591 79.498848890820383 24.983553265021484 70.503417416742693 92.936268478931581 16.585860966708054 40.604914179836804 2.952401400649884 45.256350527053591 55.613767988809904 73.514133363892626 78.274057192976372 77.206216844973625 23.964077052955489 6.908753970949766 7.753240485726264 12.111531420198475 50.077370238585374 99.343940428229715 10.903405243476749 27.959074494702783 71.300026185453220 28.522378700897654 94.374811877084383 13.722831493985211 19.270256685544162 91.701323761514800 69.067065993676451 67.290593224177215 4.673891159724275 15.751257099777138 2.574863366586921 50.530326649146154 53.933434281770019 97.181377802637599 4.536383917941511 81.096703202708326 48.059737169011598 40.479837349549285 45.268966770606532 3.849414395735962 58.373827353268105 99.619495087946120 68.420205150425318 61.142065455377292 42.653905130047164 23.944800666000752 4.207089837316669 72.421479796253308 53.134175085124994 28.244569712180390 21.073033065091039 38.415550951472333 0.852496950957427 55.415457726684259 91.013885556169399 43.391251042718714 66.351330474792448 85.221135507852736 1.514676292657458 75.591571074743072 1.584046816509743 70.480699485416125 77.918596335870944 69.515616460319933 55.090672149578133 25.126582971977975 14.784409631963557 60.499430782327558 49.110976307650347 18.659986644709448 73.317872098054750 18.382299248005872 29.183169697820112 4.146903657125344 63.536853675666329 47.335016526291916 46.509194867525153 21.533347470656249 16.438751493945027
87.074358243675675 17.958047287735713 49.993772919510249 64.218297533864416 14.883164274953298 2.934873540540550 82.021464527670446 94.069900888346965 92.545956985833897 60.135639724973210 77.485450528639120 20.535267685692439 44.150869961139819 95.644971966405862 50.116050946379673 93.801089825673017 44.828177300829019 78.049252333514588 52.651131828528008 43.009099354906674 31.584040250032210 43.253580170875196 56.410144874265512 87.812734214437000 97.773701773807275 23.347154179683450 27.359439080537463 75.135542917478290 27.043116960424072 43.684976825627906 27.043116970502680 43.684976825627906 11.384420695298259 84.702517951601436 55.885991955227333 51.349153858953770 79.734620316966911 81.765335878913305 91.435919074688812 12.116153513197613 13.485814103244554 93.216237355338578 32.956936751041418 84.068249836634109 82.505362925657650 12.440465136245194 85.069675808770810 45.607046057585698 73.856606721635103 19.800796444381618 46.908395160265329 20.700805638193565 38.224532988432216 89.734113079581817 55.725881272588254 69.092010366353080 39.017639872176680 65.079322358771833 40.564136669372196 24.264610603322566 58.933306659532988 11.865530157992643 67.807870696996773 76.430478714555221 12.129670334690967 53.753907431369754 20.931374171684524 39.823257177058203 8.095653341809882 67.241955028997396 26.821494997634897 66.494100377313472 50.250276671616348 31.873910236847280 78.323336657183191 4.735323446200002 37.617951351596602 42.771962614140257 62.721267261369022 0.635728496757237 69.929926977729806 79.489149569755256 52.025915468073350 1.837855634383445 7.499166737736218 74.437606361566651 2.970466553724926 92.199594187960258 10.323031418210693 25.538840984309896 36.874002286886451 41.193979118458202 17.772291102428937 28.148667451619502 51.609345076625203 2.707599304318720 81.017645658141873 88.951330322290275 79.835571227476265 44.446271437226301 85.828096815812827 2.970466553724926 92.199594187960258 10.323031418210693 25.538840984309896 36.874002286886451 41.193979118458202 17.772291102428937 28.148667451619502 51.609345076625203 5.496011272045697 47.989980712699875 63.161250641572138 41.767821096682511 56.877933635468501 59.729623901538645 80.098955190426366 14.238890778708024 25.882405995136470 58.662885268556700 64.345826802568098 42.769059391392240 29.073947616216188 12.852433878288283 9.775555981011163 0.246261416179994 74.411831664095331 76.426147444169459 38.608204272156819 61.275538810556881 13.115377819050400 97.227765964452743 74.069057953785062 57.404738008070119 18.142189171436652 75.971491991591975 72.589073890173808 55.504368521693593 36.977702386090947 53.594513601827146 7.950879557291479 47.616624617548240 58.865904641959062 71.712392634394917 51.993145878773497 7.338962555094442 77.676813128094537 40.808787533919876 36.009982938331220 36.009982938331220 34.347885222303475 79.052106767950960 51.894070053685581 85.467388864546663 5.545831943507751 41.240391055676582 74.969780647071545 7.472413378306141 7.881394544821186 51.037703533261137 7.881394544821186 51.037703533261137 17.783240671141808 60.678479084875391 1.450621004195463 25.011224102460616 33.437642942335266 45.215458129928201 62.094003559045809 70.331425521641890 89.728811085362636 31.791267605247885 17.176022014343019 48.355086670330017 76.438026472838942 87.343851995724492 76.972603750450475 14.635074746000875 42.172563581517345 47.064523674561954 0.743237158483023 89.497397398776357 88.667889562701646 63.815674562693324 22.644811001812847 31.574626072718459 67.558518887415147 9.995123336675270 27.744080977139863 52.282727356938693 4.085152498037569 55.237807224337963 78.244067249648694 31.284133182858376 43.265849131913335 59.232649217551014 51.086131939427140 11.702076409502570 51.289954516079028 93.158324965154563
94.894226371950680 23.503356890479608 83.326428704679984 79.024704357496518 58.431531641955338 56.589523425256353 70.613519047064827 9.159736502829807 1.015719911013546 26.133513931269214 57.108421483688524 51.852627997588797 31.301135545655910 63.193084186771230 63.193084186771230 41.229390762889587 74.472880482126868 31.251573603129422 93.787343690928907 19.617555226183438 74.406842728950480 91.646063391393142 10.291340444888586 44.773936190344024 38.696468410236271 99.977723773630188 38.327025167139276 25.317853336329112 66.727653092777018 64.363714167483252 10.534650811013901 90.076926594573862 42.894147043841471 87.302684279875692 61.226285347529064 50.329391835939674 23.110100139549683 25.974719309406169 45.418505119236407 16.349477842832872 51.888690013298074 25.781759275759320 51.311062524036842 17.939538179841652 94.938676916209261 27.369139323623482 83.360674321507133 28.209108176622443 87.521815828443167 77.009962619032606 40.280362822377768 58.554958211266694 34.610842277680419 83.074419369693132 39.958285304580734 63.734101922536858 92.317596934635432 17.567658686025677 8.498259453926838 50.645280191978955 21.471793161574237 96.997315590755264 40.850164033658665 40.940404024758884 83.121447757015858 38.833607935269256 62.690926070196696 14.633297282255631 73.293593925519986 62.326383876079852 99.890138093766552 90.985748888871640 67.667559600230646 27.448627967115858 94.953908541203319 32.258434724465125 89.271152583957175 10.503427181829117 97.749800165448335 75.887141667039955 74.312484265272474 66.054382133648332 7.428868963979818 17.542942302061160 8.748476092269486 15.453020285384966 10.503427189397174 97.749800165448335 74.349462082346932 8.924455509971530 9.878880344352769 1.872975636760821 67.153085469011117 6.854371970731887 77.350261255628851 14.564526943082679 22.368271688523890 51.097105374059083 43.982773062754568 85.709289149632696 31.098002794307067 82.954013308598405 19.625347458004818 93.329445471858421 89.472067009918732 19.518056871650082 81.889952538224989 86.636655472298713 24.380354968329765 42.082399142230408 28.453363608804082 96.760912621223113 61.743857739550947 48.694707579334519 29.748394268354193 48.572144375377647 83.123784446973019 62.842263010388486 23.624115385370935 85.670731671568362 79.786908943845276 65.276948715317729 90.569365577738296 57.384049776206403 97.337340313493613 92.196832987055060 59.082640878582623 25.671929199778909 54.491188695593721 73.542387556910057 38.728467776057151 99.006079904960160 69.706828551194562 5.015435163907367 11.536673782979578 24.162042242250070 12.778966480745069 40.154233834712585 80.279143398898086 88.845159854561047 91.959885732275552 14.618815465077128 43.072039387838444 61.684035422556903 69.216177023903498 39.311625156210752 76.376101279587502 19.719393188264476 8.617124752477356 12.631300513549970 47.951004214284296 4.213890788064234 75.888793134980503 33.533140434077488 20.121561461243687 48.518134656487412 87.342819442335724 77.442022066876802 59.751717372699609 89.223414648819443 86.442746728899422 7.848187984800403 83.212253618659901 75.770592115154471 98.205634826679713 63.431219561812277 24.223497309730714 33.888240692735963 50.258447249903234 10.729832354171032 44.867739795054760 59.991008696016856 31.905236456207696 8.238087213291656 86.193468144952092 47.693484783435721 82.037782537323565 13.106369602157930 12.310790456189268 79.590529993236004 26.984290201432117 44.823862484347288 35.084856291674306 24.089210866581269 43.651593644923047 81.549615141584724 61.754643582235445 69.875563195176653 74.009876682593045 51.394142892659204 35.215334237714423 18.588826704751437 42.561947812796262 24.738177075706634 64.634373311902678 47.101505826967042 14.255275162288527 30.497351449763066 4.962963352781758 32.921279119873944
4.031386535797809 56.737776093526925 51.017644151733876 31.284219983648875 38.472367778931350 28.786369674027078 69.468821702532324 50.662683499217444 10.641599435130511 10.194308085200420 20.512525862658482 74.009876682593045 51.394142892659204 35.215334237714423 18.588826704751437 42.561947812796262 24.738177075706634 64.634373311902678 47.101505826967042 14.255275162288527 30.497351449763066 4.962963352781758 32.921279119873944 4.031386535797809 56.737776093526925 51.017644151733876 31.284219983648875 38.472367778931350 70.127959717184424 63.129749600170811 96.659889428996991 66.279984394247506 53.936969453975379 85.529540263754143 14.213253853466179 57.985783818488059 30.062365249304747 53.509265218293287 7.463965613665158 79.798142352359704 28.699633210217289 60.042996581264482 84.937475600155054 45.078780427528109 70.370778401545152 4.667989877062606 20.525766826605096 29.742174020739377 42.621208864589796 95.688161355767605 46.181932968081881 26.847527768854384 41.831795917486843 9.812314248288345 4.588409087752654 28.774875283658119 10.255903496743956 2.672320913890269 81.248640743416246 53.921300171891872 57.730550393381378 97.668864813345124 49.345624671794766 54.953070604105534 42.847440675443082 36.130225916028337 3.081430258550377 70.677378878762426 21.320881603566754 86.216229603095172 41.609152347530888 16.986126116755472 12.024650795659342 51.487362823182124 34.725187907803637 43.919469902922728 16.364411413344804 18.294757731428390 5.182468872120305 82.401593441005929 71.150150323304004 22.092414095196268 6.363433425793041 36.022417959254895 0.528454381979537 18.480576163945994 37.465329550082224 11.544207631793446 80.226593368796969 58.386174204404796 73.493428680538358 66.258136742295690 3.554952660934019 50.376360491295159 3.969078609072629 57.700774668773683 53.797558951924785 9.807052432663522 50.387927504149907 83.145218047435932 40.928865016458836 47.853261341193353 33.699292300028063 51.539836193165797 5.063450042909046 72.263897395289234 10.549905257948321 18.890104677076756 43.061294463650121 55.814629562208374 8.300531716916748 43.655466331206419 74.021216816662033 94.060527133010638 23.040319733720448 7.759907370696584 62.691666095605889 85.347846915670516 20.594208111357503 63.578062388369418 65.788251522361094 12.435680101693514 29.420903765399441 98.332996651896906 28.909528374033432 27.521979803356434 41.912604972577348 38.467346393131230 16.839649209092322 47.380844271329778 79.018691871064505 9.470960970601272 73.266865891078126 55.310508530286342 97.481811088967447 11.159307501482008 42.898763886422401 57.433895715986147 44.957189219027924 46.334459104455384 30.437773928139421 90.546334933969035 16.525050247647123 40.588443607135559 62.600045774808308 11.577342216918641 1.026693456941963 4.166895911906665 68.108423637863268 67.506629226973274 48.930714479087435 95.051950237126235 55.255160332633359 57.526046688342383 44.319864985874993 1.989416297869284 6.605948717237975 18.392416031121115 89.309589095993289 47.383802642964277 52.470522618898897 93.604389035635961 8.298932169734396 36.781153392985509 19.453792869993091 24.518519834475740 17.744127682364351 59.053358391947995 78.695035724391644 4.402086764357804 46.936702609421843 59.778312674475984 35.400631911925451 15.136246298332978 56.056873932995508 37.887679194719247 9.324970792635268 27.423832676847681 70.188036742416585 71.238310630872235 11.253994716632675 62.648976207910380 20.628061919963969 53.782487328162432 62.379542524664785 71.675404037745068 11.727663441363866 43.935865248247588 1.888771503900766 6.007719876032425 98.036816781542626 95.726139778567315 96.561154420911876 17.598245126480382 58.619296981316474 89.375769261553302 1.558139129592861 16.292705970219078 34.500268677309585 63.645382836647613
68.048317536595320 9.189897690764791 10.462475219056167 33.576665069968506 98.079015320162782 5.653788226197365 53.895238120602819 23.581241218462768 23.817833909036423 92.156579641845411 83.485573648709973 62.560864721656714 21.946750980847074 45.322871280425595 10.830268690679890 68.385750670365837 75.365319184594313 41.631353253226322 50.433975520633567 56.030743353852372 33.423645541504939 62.622499102323424 84.429655476733942 43.717806004853401 92.156579627917822 83.485573648709973 62.560864721656714 21.946750980847074 45.322871280425595 10.830268690679890 68.385750670365837 75.365319184594313 13.859951229773159 38.268495079461395 85.119619887001448 43.717806014332375 54.442732434982176 45.489658865467007 86.099056487511433 94.637396546228473 18.588151117179752 12.366365827694315 78.965793436909138 94.474335152190790 47.771385861490167 31.458512132499884 45.600843641640928 37.299487075664814 19.973321461052173 96.489038451993096 11.418521105171431 61.620701977585014 92.458405141591768 24.817934903743588 70.887963965885874 77.403180595427131 18.267335139145391 59.169555454460244 3.451008113938614 31.867358808150847 75.013614337302783 81.548273868740580 81.548273868740580 88.901330346431067 45.444974975022831 84.080915936809006 64.410461905293332 3.113923530217133 48.073026700451557 87.904538329076161 6.185937041261536 33.510075958742988 62.665285932574299 3.035801727193554 94.906750426341830 44.544238816074966 0.941911278689767 89.574644436542428 85.398384865153062 10.304924926653857 39.896711953620880 76.322923906798096 62.739780455271607 60.593868064660924 77.039372924333321 99.140204995589500 51.792959177918533 84.997549239054578 86.540756961464297 9.934574422564912 76.507215344718816 15.498220832457822 85.730691967565534 26.440001440342829 82.820899043859768 84.831523122634081 16.121784230612047 20.625140753974801 90.495827533735579 98.803597794403672 24.952580081223964 78.101810026390154 94.802282893873652 23.911758534440452 90.566676777057012 52.238805182650417 8.282243243961030 80.461212658975484 6.613288165852193 36.260854895605554 57.446662299478703 1.707743391240124 0.467359198457873 6.044580805512467 18.185755652629474 2.287610465254442 50.725815352265094 65.624464664605497 25.532952946255271 49.663259147644212 67.759458051737369 68.853199053426778 51.231026358595123 64.688365249729102 85.989978160110113 78.388493340716266 37.256519651265819 21.125083682016378 20.970874666107385 67.368540946432020 77.138995617011901 84.065594385996533 43.572850610356404 74.022406982825970 31.622572951151305 75.110898197495999 66.423888140309757 17.380524585045588 98.067431050463469 24.173785840407945 72.165746312721424 44.851331959078799 92.460059038504980 60.817445880344721 17.217947550432054 85.452489816298538 11.069696286176288 25.594756148449051 35.635384124683213 2.517561901453358 44.851331967973920 92.460059038504980 60.817445880344721 17.217947550432054 85.452489816298538 56.608111049246816 82.330547946612356 33.349034483734854 28.180361426718981 72.475738817487994 58.623873282000936 25.270709594893546 15.816420370962081 74.548687885557385 11.042258137016493 56.781221008539163 72.906670955680411 86.770073549782595 35.034220694931925 39.901063335536648 6.453014110263999 66.791851284561474 36.133720394120004 64.407101717503650 49.092172740457940 42.727215737389322 12.001704624975096 50.951119371850893 94.217740333124951 53.592690678033520 56.927979699585038 56.542816692171769 45.727883317215948 37.651754826068419 53.360173628022380 52.131591389042555 14.724556633389184 25.336740184647844 54.898240006777563 86.528676943114988 64.659566402786751 55.248955922388340 91.389948139802797 24.848855899710486 49.544072063048603 17.438122514902087 82.276957633637011 49.595216530358023 2.872313565328777 34.690597313308061
44.269725801631054 35.684702497220897 59.571046787946372 87.327234299793730 97.337613720901459 69.054309253040884 9.632935599932956 89.456601786152035 68.020829664667261 56.732349556081083 73.675847070600852 71.390933217657945 70.705725471819051 54.086169145120913 29.389760049439552 59.127104040001896 68.845836231302400 37.679444009041951 11.441737725600321 63.435855400809729 66.322931927065781 91.169310685953931 3.430851275525915 21.212216284881112 62.551847580111421 18.074783151561203 33.662411716072093 92.628556857914717 92.628556841610063 59.556181358730484 55.091939376244270 64.790865385974584 82.587144875025814 98.953607439973595 96.139589301727696 47.136271516082317 5.477247649952776 96.297082149082485 98.059150673949475 98.059150671413136 22.528084136372396 99.148910886197754 93.183398642096321 83.620109802722823 71.678663521538127 37.631375928420653 56.584899421841584 7.561715417071757 22.117453888100503 98.170147236462228 20.407802249181007 6.169798232840118 64.559619953241750 37.194753690854533 8.630726076813266 46.784701352569300 65.508533868565394 38.357973834787870 80.444680608300573 80.444680608300573 43.937721316428160 26.457889842407589 34.139641695151312 93.361430868941042 95.840151684711103 84.615596230619701 57.378466106397255 78.909550857069419 75.196319191205248 39.207882401106474 20.173035218571112 87.694120243707957 44.386053014193102 75.518113168281843 45.729241803390067 18.300298939874960 33.762565097842788 49.644918961548434 21.070537596011086 31.309018576806935 62.263141116930818 31.135250591076279 75.174692390918082 92.761357086199055 33.975604239844237 51.928830684257079 74.041311794009829 63.353893676278808 57.953725348618391 31.309018576806935 62.263141116930818 31.135250591076279 75.174692390918082 92.761357086199055 33.975604239844237 51.928830684257079 74.041311794009829 63.353893676278808 57.953725348618391 6.329210022895992 60.019052590911507 70.741976504817131 36.607998991663116 50.159821352452838 25.835348116371794 66.581584210183905 25.697445028295895 7.552922852623611 75.840995287628360 5.190375335580311 77.440104897221119 73.485796052205799 94.721670144121745 49.441885253951291 3.842366238313122 93.352501524998829 82.293714458939291 10.223094380357567 42.996510884916361 13.442657050333906 40.028061537669281 59.841690238987923 49.641124464714729 40.154773172639622 42.989823701818509 40.066864654360799 65.657086917225456 90.946956734838437 45.037253872006289 34.474707930918626 67.151766488538044 10.287681589072960 81.841836945909762 38.669963938049179 57.050706683342312 5.163816682193023 93.618584785534424 1.510826947095467 14.447878811545767 65.588111961519616 38.666009875286633 9.179987304823921 25.860936344718908 42.286276068302683 5.736381947063240 96.770548606144246 24.926389065200784 69.806018955187071 3.884381917550650 45.630223742761409 11.803792286839698 15.540019548463224 3.941597675394237 32.758166012177448 65.457222171804247 74.724704912489642 46.879591037938248 94.877852339350639 56.777641157119064 80.042125915281687 91.417869220495945 31.891863044461608 59.737599218788581 86.252146355829140 8.091736645376679 25.690303199200027 95.489869423611523 87.525131756941306 72.961578287917334 48.745261116094994 60.479734864522172 51.575636065793148 17.123661429481430 89.988342574981345 32.373506626087114 19.138125474101031 92.011970239106418 20.717957199920502 61.280192870552355 16.546410872408256 82.919371959236372 37.802784929845402 57.789937158315283 71.246032545185869 76.494182733612121 73.870722819384937 0.937286599489662 13.795948731020536 35.295873584694093 50.508088002155851 96.807511684791010 45.616428827205269 2.914081674028057 72.512096104249025 28.892328181021519 99.226358339429012 67.869224114231500 86.358735291788406 14.698180444372122 44.569426816630433
95.079778944547726 78.384206916758330 97.815378851934199 61.950198002510803 54.301049155677703 62.243846616080610 80.153266296597664 93.889136935217934 78.999723030121743 4.667797189012424 69.678440568674844 2.788018313122909 11.364509820155211 83.560506047418841 2.639476378112737 93.795287669873801 7.949161207003930 83.178721880826515 36.293833344163808 64.793581501423674 21.662694863604315 82.407730227521043 18.669897811874435 82.014093967926158 20.204162769238387 43.301850461580059 36.002283754740418 56.392639113060483 70.512283094885873 49.850674617678195 41.394804456160571 19.789673241720728 40.231034442522670 20.750846176854754 24.789089763377614 98.830697102550317 87.088033417369573 6.999319870047350 39.163693540122225 32.917520008447866 96.223714235712393 56.811928005838993 53.885082835485754 24.911784063143728 1.709227436027416 42.034405500841679 7.785023468598650 20.662299789677352 75.642971902967517 44.501228698791891 74.302857276445607 64.742128940986603 22.399487689579310 17.209157427966105 8.444259786622489 37.322216776979644 11.314769211951258 12.433225772083656 5.727405934289987 31.512368669772840 95.355291087260753 21.520188353230164 82.651163436388856 3.044992127423141 13.876145376131188 11.001201957267160 23.180942069846942 7.830247337887664 43.190659216305946 76.379951896723639 41.826268585217761 36.423449474401295 6.404995493220245 92.077849651819292 21.764112459332996 84.421360508124536 85.208687566506157 60.246809784553847 72.806820137820864 91.017946972609181 80.506123872213621 44.931033624064362 41.922562326241199 73.200794684902576 59.448100117921420 31.596710419622319 45.144396908684669 93.060116848208253 56.477684186559941 69.658600087459078 21.516780316229134 9.890124476592066 92.530981246155534 3.508376873408248 78.366223123321305 66.575378561420024 24.993061236858072 35.091348991976147 60.779482698179230 73.420677210590469 80.332088149505836 19.027334710091836 33.331159849774785 25.703990506825114 40.118573647543364 39.230752449150977 33.088290400665997 61.977936975727587 87.500870166624537 56.431606496403695 67.690966026617161 29.925684600766054 42.771060151509630 60.264260938997239 73.866919256008273 70.701032869445839 65.982706246414608 50.603404790808227 97.201914789096250 56.289364724934629 57.621404623014392 50.381585170221186 80.914176632734922 10.495271609387459 12.536749256247115 18.994142252253020 90.265478101612160 95.569304962128825 89.008076753106707 20.431988478254382 75.130947821876177 63.625728368007891 59.733276956499225 60.954681747971925 76.333579465415383 24.771170620154127 40.142285772025900 32.845468495315302 92.676042549938686 59.733276956499225 60.954681747971925 57.757460463460589 12.489241737017432 96.593041111483487 20.280782457477276 25.048449180132838 13.615293341583989 66.919559651343221 13.296084528261233 65.850221648734632 41.283834706706159 64.195306105862315 91.315874591102244 81.157510123806858 91.977171538337544 57.315504080904958 44.066634002902681 30.996494552664000 48.307504553278527 6.901775877305305 23.879656589186226 93.409738988934649 70.629169928356589 95.168192067818183 60.200718865200756 42.744614541809099 70.840289654716386 84.821727311819402 55.988243544140914 46.205527191998641 2.773629578104087 91.224750297352728 72.289773191256373 55.988243544140914 46.205527191998641 2.773629578104087 91.224750297352728 72.289773191256373 51.083315864394862 68.897130702639998 38.240063568378460 66.059768165212802 6.699647018143439 4.150266860675467 23.012677094628863 0.790797800165655 39.819460302757257 47.619661405434229 8.443378129953782 95.909830838315827 18.261621413978347 0.787355150208158 9.570810846158196 2.920507129647487 21.688891681194544 15.121558381998657 42.437943235990140 48.884648568048718 26.798817547627884 85.546557510224545
96.794353803471225 5.539147667512944 33.037345872616505 81.399857052481124 5.500028614177255 91.115936682716395 95.489482238583406 23.309588604569388 2.845220128775405 23.543888055363194 97.786361902876578 94.619410809427677 53.896671531317551 10.162469103623605 28.298651677894039 21.985222238273682 11.599030610950223 69.435437193615229 48.520535068238644 74.263780982653273 69.391076003769555 47.575997689919745 82.863851141132628 98.867722738744106 89.629619225470464 69.971529281487051 66.629120927256906 49.531257625187344 98.722371834000612 95.674954326392125 18.728559930912070 59.920485373403665 45.739470055968724 93.092376074462422 21.465451495718789 61.530494669370903 15.730499805886765 40.116590978543165 49.468162023828995 63.790241149535134 67.873155954979737 65.389066457471074 78.699060381290735 43.328946810673720 40.257852068525700 77.034986616187453 37.615045858644045 94.214454766931169 80.132857037679344 85.113315156683441 33.414262232884639 26.117283901273900 70.946549972783785 63.447014728850817 14.598566310097183 98.417514526768130 32.819938719405641 86.799321115034942 32.813285364985248 14.168555194152599 74.227362132011464 73.203594318075176 54.227561130618241 90.605302350316236 49.533674979299334 37.142396886551474 71.209339233181709 75.479376517655965 70.980048277152335 78.170351832772013 29.032147193232159 66.636279868175833 94.174391160846042 27.158334940823458 0.762122529022680 17.734743612802571 98.311003785027296 20.094275018928119 3.359232049576333 81.090506661400482 48.060445380421569 0.978365138855697 29.842266812150498 91.834598652171124 61.711634118037686 94.083569711449186 46.864374352721939 24.192266276739549 99.948178611870361 55.606568188683482 91.330740744749036 48.108582524107611 70.385752503291982 96.123347312333863 30.366270064615343 29.026712848833604 33.185650415338166 14.544620039898637 47.820568043202549 78.660266189754083 53.183430662367790 13.769785956639547 70.137364022592905 56.231792899753444 0.747535620179418 65.965146922746342 44.158863013434612 68.756889531140530 88.890188337183432 30.582124721383497 82.625337095225774 45.798494569680258 26.834502053649288 7.204756547693902 16.964749407600486 45.435282043571547 4.135350994403220 91.191019044092599 84.922707668953649 68.375028231640115 26.933895893092274 27.560274259142826 48.277719095259862 15.662658397600360 48.152732784741573 86.181322622913669 7.012692554974698 86.394244670512833 48.593309953970810 83.530263764371455 39.181594247188031 87.624628724827801 17.131453961397469 24.490356270028300 65.062853851757794 58.602704948402305 58.602704952370388 72.499927349288029 18.153618763737732 50.439920181477419 18.137889745812064 53.016469985366044 19.869900571151856 97.312253558044873 35.171196309569993 76.086965060442708 4.872089239014487 56.741596722561980 5.231748935854597 93.982659437566767 37.541459676834812 77.321029702362409 69.445175036063887 37.754737036507457 69.696517503368355 11.609997900490033 64.668885060567092 52.062161995125798 62.238059619176809 39.135252395498341 96.260480173482421 20.716233992110954 29.623788930772797 36.823239459982979 89.168180717932117 26.546266868711619 69.020172693366121 42.587060211828685 86.202422179594819 51.713892395774174 59.090166846305578 75.146065107813698 31.519655272669912 19.366499297959283 38.243776012377126 65.481785289153208 57.536636685869560 66.903182832837146 95.499629525119659 70.133505546264303 58.016806246154943 52.380650605114099 85.621465307698145 73.161362980275612 73.388902442501220 39.412422247618025 93.513649412311551 38.928744878573575 12.036793238250109 13.948062071227451 77.083271153291093 1.311790638853561 63.949173422998804 96.262984050780858 98.872223015301557 17.870341719278326 25.245702734687491 86.695917496795175 4.538051958114719 45.371787813543207
61.627090905000159 91.115114829823057 40.161949152924535 6.915264339303750 66.555357251953055 23.113588617684609 45.090698121599729 64.616013060008655 42.063590943744508 92.160407937278450 37.805631962231566 99.147589693996011 32.250831613006881 12.029155529891987 78.373936477914981 2.205299909408998 70.979310558465272 39.445945232257593 84.275445132135857 53.963975797611994 64.869410008871171 91.539657333569494 30.964626676421492 74.905707409151177 8.285224705169226 24.583343026630487 57.176242119464625 91.625949698130583 87.871524030758181 62.788094736924805 36.310867832472660 25.098540615075805 59.072583457494275 84.692464505358259 99.764802873489018 22.340911431896892 12.667814263197585 39.612743931760043 48.714921820863665 66.660977883382841 8.285224713093964 24.583343026630487 57.176242119464625 91.625949698130583 33.980795263480957 5.219320324197573 12.060750378089169 36.701439084674149 10.967610793713412 44.125814297123377 99.995814053674067 73.309350873081442 65.321941725784484 15.757567515871829 89.686859690430481 61.746837935429411 64.424673278129603 53.986397584918663 85.772586152746058 63.114106814419827 56.968124180684711 59.018886771524990 87.888035714372450 39.101506997907286 6.993322888907095 4.374725350518583 28.897394972781477 80.257586467387981 1.058119320079032 2.456525566518086 66.671289252866288 83.908362569342856 74.455112584546640 77.682740322006566 14.345798622201567 14.729587641184260 63.012069247214860 3.688838189371746 97.740478793295338 20.449574029704841 86.877508364539608 81.157707618201314 98.869071625310241 90.236671627029608 11.632404173263456 46.046849857575779 96.775040975630347 87.778265157741643 83.856903798255715 17.396451747366282 67.500791294546204 9.957503449071481 70.594604200955303 60.722069961403967 34.924544113261511 99.189977505307553 39.961455346323802 0.274437957622786 68.869389922564110 81.435750000197729 52.043617729593720 87.374732421722555 67.743302055780532 52.626988772525593 33.932421080136088 96.014811078589119 92.604846593369345 69.618369195613724 8.040963181435323 91.692935182493756 78.388113731686929 96.906121345129762 65.254807491904145 72.516854811447033 85.594178185460549 97.442650300271723 40.869296053334971 87.155890290446507 55.663205051136821 84.571684294526335 48.437991661384807 82.700943971257459 61.491942853237902 1.228280700268047 81.103156884724314 96.915311637020125 38.110343050797056 10.989969389489641 84.063656084974212 44.459764255806455 94.469552775179849 95.050418381645997 2.424909891348259 80.184463484739325 13.515916702521814 59.639587251053840 33.671847666910828 86.816307696477125 14.627280897744054 19.329168099599826 68.687155612881625 88.512407542727473 27.732403992048539 33.631131944544713 2.130734528019773 95.829419894675766 54.748642774562185 72.333636259407669 3.774998040205491 74.548052674764449 53.026964183607340 93.940074242522869 97.296336077555992 50.524089224931387 94.078896863354473 52.615243462254526 70.171680414622159 34.880965510535454 96.151541949439803 43.284292138869127 13.929571007556440 8.108055466466691 63.153203573285523 43.697931593017415 50.401300347636457 93.153112488010933 14.326812197532323 65.426528260206069 52.081595045907527 0.845057355184020 20.653762615686865 32.816048230715310 66.952845988830433 24.764708998446416 62.628493158596001 84.891661980214536 94.854976461071800 68.972046590339843 56.616164522804610 44.335267318681140 68.404860239086389 45.688462761562896 3.759655391816419 73.722545872639174 77.431412189114596 98.924796602075446 37.571380042949997 73.253841788542800 48.711347113175641 72.623074099604963 65.552301739745872 91.082276178231183 56.019613522207820 4.036476412369150 77.737267013406367 4.431705617622727 47.045011311920717 18.632378879864074 24.174980845058116 16.698715773290907
3.976281817090910 25.201620999617489 97.562412865521694 79.405857368416918 8.547025450398692 27.771213832003927 89.832294400092721 70.903887604318854 23.639299275015002 70.986082562879545 32.034427274656785 77.270388025031750 35.940061246247105 79.198269538438424 57.661797254299515 49.249224738814902 88.532685081677812 31.081243064536679 33.902193948760662 48.984277198390878 6.962850020819755 98.398918308888426 60.186365408283152 32.253182155382945 41.624544465093827 99.185633087888988 11.845455010294103 27.280633592856319 80.315822612083934 63.498463605425904 2.254757713212630 95.103659368554048 5.267287017294420 29.363906091394288 75.433279472296206 16.839092720256399 53.867334214437747 76.796047249421079 53.049670999535095 94.730036223879381 38.363406632754824 3.071416908678271 43.817289836725223 6.421097793555985 94.124464740200736 33.603677322674400 36.263800928458743 29.807253380144751 38.424764729802128 96.199734492188256 64.899974026394304 77.718596836202551 57.585504480675432 98.189497290526944 7.948421930324923 68.114843786458252 45.254810445333881 5.136410720038931 7.067062633437704 66.626008556448653 82.920716077301762 1.219640056617144 24.462195228023877 8.982176823880417 51.143218961214984 7.272956746664372 92.246003804016951 53.587907932144404 74.663455065701186 0.528369683125685 50.281144314792982 35.482266520651336 71.674444907145073 22.256353390945314 13.988020101575716 66.140501703827439 1.538356371865213 52.718094155361349 8.217296253597317 52.643510729038653 67.097301460769700 77.814806449317047 28.789057350893831 73.961433889168902 20.319701997396145 18.283713650570533 2.497470088581510 90.160965493128060 27.296399962948204 78.893571519012980 60.847817913010246 5.264270671603921 65.566286160843106 68.032853911756078 52.497430596006176 96.532323259239320 58.515524591157430 84.771966847392605 26.358642102424334 29.928996067365453 68.551057010983087 59.972408038753187 58.650174919065201 53.011906442028909 96.851144512540074 54.024610807419606 86.745171825491497 18.918142513422143 84.526987305376210 88.587694124549230 21.498774193263849 20.655738313575867 94.086293266288351 78.486292855792740 15.356417826766011 14.168960827828514 81.474552304312695 32.900138888591570 61.273373325106050 52.393887482479563 91.105416880346567 51.145097302733511 38.232002964930103 87.085830395853009 4.517289670274338 3.041477168307871 86.171032943525589 14.734579768212953 35.184713000275778 10.614944443648888 70.091786564126394 1.071885479999601 38.355980408395041 98.043854837576021 82.630066098703679 98.440687198305611 46.955060546661784 79.959887025432195 56.977489844626106 60.326371160586845 96.965635441988852 7.119563880974090 55.822896782979768 44.706912508950062 87.644921379986613 61.782957071302079 31.269649527869603 40.032877117135691 99.389829202485032 43.713173024571731 90.499802532428291 17.344163494392717 7.594804592026517 54.253543442093786 45.866844036222496 37.202373837878341 54.830415042544026 26.796166073704551 4.813486908572518 31.700690402262900 97.248209198223762 18.138207119210247 82.656182541094793 75.273568317742985 25.341681357414146 39.471874042317054 29.470989328464370 97.648451288037975 15.816198575773932 57.291229810474434 8.963450953607877 32.974939316409603 66.406919616417156 49.333139318294016 96.514899538242133 95.580948786327099 5.796723187007680 82.399795943711624 81.071187480379152 83.309959342222456 41.002370669707986 7.878819602585684 78.754908235101297 51.866100093044807 86.384815784922438 9.606752370764493 80.103150026637010 7.797484629674734 66.624760088805985 54.447895346531951 54.912169326840335 59.684477022580815 78.332558426469774 16.788075645234933 46.946946475291831 88.049709646625246 87.966378863680291 27.385114310213876 57.027804056159525 86.206768418785771
36.855472813331460 47.127098481552551 73.939227396076149 22.720754883544259 56.990654319836665 33.570351071487792 98.083944577493639 54.245742467892640 32.113170064714616 2.345938885408760 68.449605033992711 13.149370733974653 4.547588061189134 68.522345219634019 99.649794997099633 78.733373024954361 28.023554036937025 82.484112398498795 83.608909865685590 53.008129581899155 18.322269140605620 12.139815165358748 16.598668638787217 39.556432919340409 67.530580980249184 40.031237848191360 2.833164702203972 91.837799874216458 37.467404294911574 52.626837281618286 78.801439726103766 28.941277588293602 51.672295301171275 27.202853058936327 59.605295482514443 15.243783432421043 55.648935740275284 51.401624027639627 30.126318805447696 70.188786500641257 16.288967696333955 25.864618977101152 43.618487308465880 56.978497970558436 43.445644607211065 14.564848188375235 11.421229354418083 79.134854027686970 69.231262891985750 29.473418996059642 84.469105516628403 62.436360313765348 60.983249117860325 53.141331207153328 79.799291473448335 94.195657519137811 77.973042647094388 32.179191049313502 98.883895129200425 81.163519110118699 1.325531094304266 54.114346459389409 8.428585678343669 47.094332528651314 33.604309753843822 25.395669813392885 69.945065200375154 45.129800662397713 87.748321458250160 80.180221094034181 30.951458674057662 43.432015118881594 54.400746671644484 84.453023878556309 27.059091156606961 6.473898412583202 24.963380483181218 45.474619505413372 97.588287569576508 85.698550718150130 64.729393802248907 76.385513291412650 3.110503888814609 89.758369940681092 13.236281939503325 37.895002812814774 1.030417884137658 16.031884817359622 34.653878678024000 63.005258427832658 33.405173232096509 25.409645407291524 63.331181144925033 90.670225257295286 61.981484777875529 73.048661542992207 62.470695419619759 78.274638145665705 94.690938999245958 1.768821919133656 30.284694868185081 89.487971620412594 80.861303614238238 13.812979507779509 16.002442493021498 83.099897857424850 85.701359014398179 38.259418743318882 24.117791592799499 23.134549570151918 16.530142463806740 33.230333693120620 18.727760931732295 24.921119073014509 34.286927848391699 15.437646157372686 94.560124118957830 54.348584980755902 52.671570768353661 99.510190370533564 92.758336543406401 58.280859768140417 21.928927056465163 20.760971180512765 65.704979522904566 87.617460366835374 98.627237496372899 24.437929099698298 89.770439488181125 69.702377836617615 16.426541418459006 7.622088422584428 34.847101487290153 82.437048382940631 36.172361575388670 67.873449553500521 28.088328591342517 40.703086840095281 83.015286263799595 8.527824552566843 38.818648264551015 81.297956075392719 22.079340295685157 0.674762390863337 27.709654774908465 39.804541246043797 19.156642439154194 33.314749921947019 64.252222043408679 69.648195977942621 75.680701670025144 48.713242563655093 6.431113341944505 19.588969118763377 65.233509021928043 17.746882898049432 55.284533200683086 54.487616894513458 48.280016987308642 98.788259277009132 27.120857588990887 2.447333870467949 1.631032933652454 1.294651035656735 39.287453404985897 21.854458010109244 85.774605206010918 8.377204632732482 88.795256448954476 80.810296838542470 38.744102207578415 76.244295393495946 49.468847037780641 34.646410978895922 83.783140004737561 84.214286185372686 84.686463643407507 75.003202907016188 61.717613973661770 39.804541246043797 19.156642439154194 33.314749921947019 64.252222043408679 69.648195977942621 75.680701670025144 48.713242563655093 6.431113341944505 19.588969118763377 65.233509021928043 17.746882898049432 55.284533200683086 54.487616894513458 48.280016987308642 98.788259277009132 27.120857588990887 2.447333870467949 1.631032933652454 1.294651035656735 39.287453404985897 21.854458010109244
98.609908117408708 29.977398193748584 66.581584188043564 25.697445028295895 7.552922852623611 28.964890258540233 91.034142634774767 17.525105979252675 68.977203587310285 60.985700890159208 0.486045305095328 26.623431149708377 22.853096649045767 77.773242739354771 41.194071362223973 81.987433632977300 89.641771500501733 8.406586758574575 3.408318286430656 55.101165915504716 64.199210895096471 78.723035296528423 7.341466950615605 56.453941823274732 20.282483630776625 10.786966002823405 85.342180128721807 48.513471354179337 26.106410567308245 81.031218146016798 30.440282960807941 30.065503203844468 77.440104897221119 73.485796052205799 94.721670144121745 49.441885253951291 3.842366238313122 93.352501524998829 82.293714458939291 10.223094380357567 42.996510884916361 67.506621732033778 27.557142773245857 92.823800237435634 2.527966709573870 26.565067380071294 13.815583111724827 12.615265059248005 54.785388696389525 60.116191078013451 43.738009278427292 60.112808328137469 46.858055509081353 81.916426236496051 2.447341113592783 36.899694831686723 76.729725363466827 27.246970639165411 51.420635725800366 18.643872332449519 72.558263516298197 51.673530089939902 27.690570800010718 92.160437046901976 81.113152325723277 81.169171460342611 51.913944314854675 44.505538490875615 82.987536542550870 53.675958667806633 78.694372321215212 73.343639537598506 55.797491913727605 24.647933862889214 72.218940174191758 50.976829852680538 78.769985996466289 6.730137699684368 45.240218189685763 27.869769336832583 59.566484344103941 40.972769181956657 54.160391620867252 55.080162909766074 99.934169772231925 71.019436459107993 61.200675962254593 17.721055093866301 88.604716515804199 48.759572567706975 95.622485277212633 63.060529776747906 50.177309834624815 42.286276061590847 5.736381947063240 96.770548606144246 24.926389065200784 69.806018955187071 1.053815575597550 84.323006729568434 40.753599848977807 39.850252380548923 9.807912124213757 99.240917480537107 82.749026136649334 65.457222171804247 74.724704912489642 46.879591037938248 94.877852339350639 56.777641157119064 80.042125915281687 91.417869220495945 31.891863044461608 59.737599218788581 64.888304590268930 73.721932742206903 74.153938632339660 11.148662024067047 28.608491498269505 13.873741507703730 72.979702884443029 27.399380400678051 80.789320780225950 15.883482804053539 18.008433103648358 17.487427759714912 13.586316325704551 71.594728650692375 63.172312560789322 69.779703886375387 71.407679487699497 32.859343066299971 51.324982908039793 75.112003546963919 41.139224911223671 91.787170775670262 17.025903566027356 30.011419093654478 52.749370768502324 93.315297702911323 73.158280015179770 87.823442380320373 32.158599794589463 42.786606208540512 69.024478976822536 75.518868560722638 2.152253889448286 19.285018343096294 78.893106899852441 77.741882308518839 30.374012327538747 14.907444729093500 1.508440984835702 62.124198875844051 93.306504249177181 11.465985877961815 86.426697620226349 7.430892529405908 71.169124468928132 78.738155845708164 75.512021400425212 12.637506845124991 10.874155259543217 22.558772513540571 61.020068289395290 14.713789218523365 1.229504893522038 59.657873791451266 39.325321567313232 82.407730227521043 18.669897811874435 82.014093967926158 20.204162769238387 43.301850461580059 36.002283754740418 56.392639113060483 70.512283094885873 49.850674617678195 41.394804456160571 19.789673241720728 40.231034442522670 20.750846176854754 24.789089763377614 98.830697102550317 87.088033417369573 6.999319870047350 39.163693540122225 32.917520008447866 96.223714235712393 56.811928005838993 53.885082835485754 24.911784063143728 80.522365348356445 75.642971902967517 44.501228698791891 74.302857276445607 64.742128940986603 22.399487689579310 17.209157427966105 8.444259786622489
37.322216776979644 11.314769211951258 12.433225772083656 5.727405934289987 31.512368669772840 95.355291087260753 21.520188353230164 82.651163436388856 3.044992127423141 13.876145376131188 11.001201957267160 23.180942069846942 7.830247337887664 43.190659216305946 76.379951896723639 41.826268585217761 36.423449474401295 6.404995493220245 92.077849651819292 21.764112459332996 84.421360508124536 85.208687566506157 60.246809784553847 72.806820137820864 91.017946972609181 80.506123872213621 30.147639333930055 23.823020525956085 68.944135214207577 25.252827685493585 4.806673129493511 62.860111178262365 29.002677281364541 80.343039187172977 28.057927869470014 65.252744688273907 64.412119095751592 27.348907158296988 51.558481749005324 28.626919330870425 6.266823938910338 39.039827119665738 55.727668908641448 12.867167205997399 15.806282957364049 13.460306348150619 20.444176376703361 24.993061238234947 35.091348991976147 60.779482698179230 73.420677210590469 80.332088149505836 19.027334710091836 33.331159849774785 25.703990506825114 40.118573647543364 39.230752449150977 33.088290400665997 61.977936975727587 87.500870166624537 56.431606496403695 67.690966026617161 29.925684600766054 42.771060151509630 60.264260938997239 73.866919256008273 45.391452290816069 1.709227436027416 42.034405500841679 7.785023468598650 20.662299789677352 36.216307234457943 67.754629469688922 95.492380270856046 93.127831973983660 1.689552595955601 74.952639284148532 73.897761028432768 44.829907995276031 22.471543382203475 71.350132210283590 27.118365289019930 74.883692504678550 78.691839965161208 56.169378502696610 20.345230733862230 80.883650573751723 35.641101915743242 3.859853856882811 85.025077057779995 23.153646735911281 80.463189191883700 35.818590275752570 26.715087822598925 66.481241710295578 87.222519162199447 0.061970842496084 74.408359577977905 40.568864510023261 39.301381630841135 66.220828034394444 33.225775972106810 12.991593029631455 17.694855704961064 96.418644784206236 58.882418552184923 90.832813382266579 50.918115775600917 96.023520250763511 40.718339772183477 93.736613733985649 33.560929727928404 19.902909608292418 70.154384646798178 92.900698278179163 10.374208802370799 82.310237890401098 26.225887673071611 43.390789797377984 11.318730155834567 67.409811105725097 20.458240040174402 44.931033612005365 41.922562326241199 73.200794684902576 59.448100117921420 31.596710419622319 45.144396908684669 93.060116848208253 56.477684186559941 69.658600087459078 21.516780316229134 9.890124476592066 92.530981246155534 3.508376873408248 78.366223123321305 66.575378561420024 51.411225795566736 84.299137823537052 37.194478176994693 62.795039472985280 18.967775012466959 70.701032869445839 65.982706246414608 50.603404790808227 60.828179740408494 92.530981258923859 3.508376873408248 78.366223123321305 66.575378561420024 51.411225795566736 84.299137823537052 37.194478176994693 62.795039472985280 18.967775012466959 70.701032869445839 65.982706246414608 50.603404790808227 60.828179740408494 39.230752450848669 33.088290400665997 61.977936975727587 87.500870166624537 56.431606496403695 56.431606496403695 67.690966026617161 60.264260938997239 73.866919256008273 27.747185288859257 43.817460218034313 30.042004932825193 43.817460218034313 30.042004932825193 6.210291804094304 5.430043175883903 26.738635440734537 20.363911578986226 24.956458662849425 53.733694835215630 18.308156359134408 18.994142252253020 90.265478101612160 5.750022737346871 95.569304962128825 89.008076753106707 20.431988478254382 75.130947821876177 63.625728368007891 87.962339493413140 55.081328101157510 82.373991005232952 98.635952188842168 16.545556427673660 57.973700779901570 56.809783396010630 97.198040125969229 77.537361840897049 9.177572173099557 74.691141008596276 11.074623487115842
45.627555893671989 90.576260271704442 12.328125643021759 95.005122994186635 92.155449301142482 44.188587907767094 27.549810783250361 65.240319681729957 13.733616533437631 15.666484230499734 18.772706730722032 81.387762758248442 74.421517519325789 6.539433657032401 35.741786142149358 81.241339000867953 87.268635061875798 94.334067740493140 7.702358493347761 77.348020148535142 90.265753401187652 85.370464418986728 85.918245439745888 50.725717905589654 21.727497385621110 37.196140401112075 6.174025322018329 94.494358233837474 82.568402142455270 84.072919808325409 29.175343468367476 12.896285835368005 91.703703415399588 8.813906687379291 56.076294288757090 23.146542922802528 50.930904768928897 37.670037538292753 36.273749709757887 14.839313063805514 89.460255117857045 44.712691381757793 82.933436878914819 88.247604516246270 65.354066883353809 45.757254453043181 59.324220590360021 52.544945469955920 25.199751910695177 6.320643215462218 24.373991593961620 24.630087260907864 97.392834170546266 68.089450507243782 14.699360579390564 35.913179489869208 15.458758456735723 44.970288126708425 20.481235561487633 80.451549589817262 2.920507129647487 21.688891681194544 15.121558381998657 42.437943235990140 48.884648568048718 26.798817547627884 85.546557510224545 96.794353803471225 5.539147667512944 33.037345872616505 81.399857052481124 79.569670493936982 90.763556833778765 15.018824801033492 29.847421194228819 67.871910945775511 79.991331079151422 51.071831440650719 5.777449840247129 62.362293637052126 98.266968570503906 74.570497793815605 85.614773573981992 94.778875013297608 49.195074608490650 42.288161539647909 91.981678065183388 15.828857100015748 38.464616505625024 50.653927144384447 72.478504674899796 79.753042646215732 22.544752613265040 94.481914409501528 65.728265261124605 9.762856651825336 98.976282502762231 71.895098792620033 66.862602726188527 2.046674552324190 70.907890787845545 13.457593613701791 54.718226343550249 20.229212609473755 16.790453716515742 10.013444783441216 95.714694494009606 87.578971299861266 75.592044126192576 14.520472079232738 4.399999945098942 39.642909643331507 18.148536242540693 1.614762160903171 79.731198440257884 88.389106758544870 42.660783477369947 96.673679213388823 26.688643263447076 39.839798327416517 3.011303447026192 18.469999498418808 67.675234592413503 93.280784203155505 90.263133890605388 46.673824115166596 77.450461199079285 8.677414229209212 39.334120699666720 30.039443264622012 2.506139657794360 97.802558692293360 70.440671098014292 52.776872103426385 71.776953047974018 92.901480589728763 26.328497915265082 15.093279348134436 43.797642986749189 29.930297673360695 10.584187519161780 78.147917845920276 4.443378815351739 31.809986619914078 11.564291102239000 90.024032891393105 72.787554382818243 43.685017519623607 12.538880366296324 33.612386028702204 31.739095033258014 38.498021795173983 57.555336580687133 42.513844881118899 48.118739833580662 86.427759144867267 19.689987174072009 59.920485373403665 45.739470055968724 93.092376074462422 21.465451495718789 61.530494669370903 15.730499805886765 40.116590978543165 49.468162023828995 63.790241149535134 67.873155954979737 66.999034953532117 7.183109687820854 90.644795026932854 59.708898921297390 52.453167903483113 53.714257425356060 53.478631817266177 8.151552836717901 47.357802526381178 87.554174250090682 11.956600625138536 71.122025608781072 3.883227505785969 18.630720348494389 96.350094804996942 64.970951681858651 84.423481926919251 41.894119885136924 55.043176106356398 45.468055046851610 19.588014934333486 65.389066457471074 78.699060381290735 43.328946810673720 40.257852068525700 77.034986616187453 37.615045858644045 94.214454766931169 80.132857037679344 85.113315156683441 33.414262232884639 26.117283901273900 70.946549972783785
52.096513258324194 10.207506545147227 16.318730179549711 97.136038803988427 89.244577095598572 70.354810115752514 46.074067641654651 56.571360025186436 4.077371892710202 16.927072589006109 90.456350621025365 25.338081157339865 45.784326240938931 97.846170462016843 38.800192543824096 86.784147771681958 22.790843213334135 76.285183182252197 65.802783745156916 18.870445940522330 38.569471931778828 27.590339276513632 60.918419442379879 56.545239027272046 84.650873391463975 37.697227584933465 19.931971794171744 93.624488221885343 43.126066610755167 92.605441743529923 26.785276505015609 40.104950121857804 74.931721167652967 79.156139493216372 22.453243763680184 36.400849729733686 82.147234954169619 70.545165670867348 23.465431202084574 83.292136474284433 87.489579708898987 95.988942845811010 96.692581477220912 83.292136474284433 87.489579708898987 95.988942845811010 96.692581477220912 52.360639029611420 19.689655697866016 1.610450880069192 92.441895858869785 74.720092128697871 32.749929913364404 13.189542363385709 18.151813479048794 97.959371258348853 5.989252600844153 88.523480638485808 29.026712848833604 33.185650415338166 14.544620039898637 47.820568043202549 78.660266189754083 53.183430662367790 13.769785956639547 70.137364022592905 56.231792899753444 0.747535620179418 65.965146922746342 44.158863013434612 68.756889531140530 88.890188337183432 30.582124721383497 82.625337095225774 45.798494569680258 26.834502053649288 7.204756547693902 16.964749407600486 45.435282043571547 4.135350994403220 91.191019044092599 84.922707668953649 68.375028231640115 26.933895893092274 27.560274259142826 48.277719095259862 15.662658397600360 48.152732784741573 14.696981010827969 30.887525335598877 70.938942359738434 10.014871213914533 39.911404989913748 80.519049704582741 22.474912043430994 56.695895732006576 94.229269853931214 96.814363515826457 97.277613365832153 43.050765961137117 87.624628705925289 17.131453961397469 24.490356270028300 65.062853851757794 58.602704948402305 72.499927349288029 18.153618763737732 50.439920181477419 18.137889745812064 53.016469985366044 19.869900571151856 97.312253558044873 35.171196309569993 76.086965060442708 4.872089239014487 56.741596722561980 5.231748935854597 93.982659437566767 45.366452160953976 21.274349441131513 37.541459676834812 77.321029702362409 70.768627411382496 47.905665014611444 37.414773314012898 69.090778080284338 86.181322610916425 7.012692554974698 86.394244670512833 48.593309953970810 83.530263764371455 39.181594247188031 70.833950512408649 16.091960655304305 97.131783349352091 47.160122081900809 77.727405220384313 10.525319041931724 27.568083246844509 94.305540847708443 92.295913402492545 76.716582814799594 36.512784640802508 27.868972358530485 31.862380430072058 10.799071750909139 86.496148778863997 44.760771602412440 46.224505199322493 80.378301338465320 75.455023978192287 66.845856861672985 93.335745401067300 56.108237109443714 64.691202374534086 44.890045020105553 40.879527798258962 22.058722571878398 89.233373447716346 3.918652960939795 28.119456038034720 30.862646236098868 59.371051090359231 42.363439183480857 92.400101292007705 41.276022703553593 13.403625816484855 27.336283129831596 32.004744696702843 82.279744703915497 42.587060217983122 86.202422179594819 51.713892395774174 59.090166846305578 75.146065107813698 31.519655272669912 19.366499297959283 38.243776012377126 65.481785289153208 57.536636685869560 66.903182832837146 95.499629525119659 70.133505546264303 58.016806246154943 52.380650605114099 85.621465307698145 73.161362980275612 73.388902442501220 39.412422247618025 93.513649412311551 38.928744878573575 12.036793238250109 13.948062071227451 77.083271153291093 1.311790638853561 63.949173422998804 96.262984050780858 98.872223015301557 17.870341719278326 25.245702734687491
86.695917496795175 4.538051958114719 45.371787813543207 61.627090905000159 91.115114829823057 40.161949152924535 6.915264339303750 66.555357251953055 23.113588617684609 45.090698121599729 64.616013060008655 42.063590943744508 92.160407937278450 37.805631962231566 99.147589693996011 32.250831613006881 12.029155529891987 78.373936477914981 2.205299909408998 70.979310558465272 39.445945232257593 84.275445132135857 53.963975797611994 64.869410008871171 91.539657333569494 30.964626676421492 74.905707409151177 97.095191885883239 17.747744400945408 5.268576318220697 17.547407995632081 38.733957951221306 78.537099516050716 0.380404709274063 37.561362497006670 38.119766732227568 57.330513768725552 57.915002733617115 76.317034405799618 19.427805872905846 97.056508226270722 80.089624099442773 22.170201802331569 28.818225293018664 33.877739080289651 57.296586422160409 11.405828006885145 80.923710057459957 85.757133920124986 70.388834943709227 7.880255879667608 94.227902945858105 1.803332431426297 38.885274474973230 61.784471295275644 73.241789333492406 29.848486432523480 19.078307653849681 40.168533852579657 68.154562371567025 33.522149008859984 62.829686701242991 72.235999098592643 32.598178068331393 45.448159423663483 73.289765275775792 39.612743931760043 48.714921820863665 66.660977883382841 8.285224713093964 24.583343026630487 57.176242119464625 91.625949698130583 33.980795263480957 5.219320324197573 12.060750378089169 36.701439084674149 10.967610793713412 85.757133920124986 70.388834943709227 7.880255879667608 94.227902945858105 1.803332431426297 38.885274474973230 1.803332431426297 38.885274474973230 61.784471295275644 73.241789333492406 29.848486432523480 19.078307653849681 40.168533852579657 68.154562371567025 33.522149008859984 62.829686701242991 72.235999098592643 32.598178068331393 45.448159423663483 73.289765275775792 39.612743931760043 48.714921820863665 66.660977883382841 8.285224713093964 24.583343026630487 57.176242119464625 91.625949698130583 33.980795263480957 5.219320324197573 12.060750378089169 36.701439084674149 10.967610793713412 44.125814297123377 99.995814053674067 73.309350873081442 65.321941725784484 15.757567515871829 89.686859690430481 61.746837935429411 64.424673278129603 53.986397584918663 85.772586152746058 63.114106814419827 56.968124180684711 59.018886771524990 87.888035714372450 39.101506997907286 6.993322888907095 4.374725350518583 28.897394972781477 80.257586467387981 1.058119320079032 2.456525566518086 66.671289252866288 83.908362569342856 74.455112584546640 77.682740322006566 14.345798622201567 14.729587641184260 63.012069247214860 3.688838189371746 97.740478793295338 20.449574029704841 86.877508364539608 81.157707618201314 98.869071625310241 90.236671627029608 11.632404173263456 46.046849857575779 96.775040975630347 87.778265157741643 83.856903798255715 17.396451747366282 67.500791294546204 9.957503449071481 70.594604200955303 60.722069961403967 34.924544113261511 99.189977505307553 39.961455346323802 0.274437957622786 68.869389922564110 81.435750000197729 52.043617729593720 87.374732421722555 55.956026661020054 56.253178857752282 5.244070580346594 48.253196719964507 55.986972461535366 91.932241840305508 58.648884218976050 36.525944461631155 28.337085342974710 79.487073202076829 63.438526086097859 46.435833596710516 48.461996696969464 84.238959525468488 64.956628803103996 50.402015622851195 63.371897261260067 57.324867602992526 97.368087063784586 54.931157193177107 25.007745985190390 56.676803458468228 23.287120989948807 74.203212196809105 16.307503706737169 43.608599320440177 96.223423866851491 64.195138238234534 87.221148614226976 29.526457372349256 63.820822853487257 68.841866336615482 53.656101248897549 33.932421080136088 96.014811078589119 92.604846593369345 83.058515123101174
72.723886461856992 59.539851448123358 84.504102053331692 23.945256896609159 34.549752919123698 75.231609699687496 59.615581225939707 51.231721821443479 85.174690789346556 12.627451577145422 69.568468626721682 4.879175719907036 22.157742847386032 37.959282556896078 22.248204238998760 62.649708632636617 42.514262673658152 11.899104723266863 67.155670447039867 66.558514415301289 37.143474711212264 20.286844087408284 79.087725862639573 14.261645125789780 12.791352528190348 90.214824283848500 25.275908401152016 15.842361872473687 85.216268218778140 46.667755026050671 12.589414468810233 86.238216904151983 85.308341469734998 29.280461400684988 14.302931058600333 86.816307696477125 14.627280897744054 19.329168099599826 68.687155612881625 88.512407542727473 27.732403992048539 33.631131944544713 2.130734528019773 95.829419894675766 54.748642774562185 72.333636259407669 3.774998040205491 74.548052674764449 53.026964183607340 93.940074242522869 97.296336077555992 50.524089224931387 94.078896863354473 52.615243462254526 70.171680414622159 34.880965510535454 96.151541949439803 43.284292138869127 13.929571007556440 8.108055466466691 63.153203573285523 43.697931593017415 50.401300347636457 93.153112488010933 14.326812197532323 65.426528260206069 52.081595045907527 0.845057355184020 35.342934651701363 69.366001495493435 50.057359970855707 88.149547073424642 95.193408586376776 92.787961905987771 49.732475511874782 30.742805559549545 12.441993037025034 82.200924622830840 2.999966103592067 93.189113418976135 24.649560825068427 35.697321418450443 10.951059083135883 31.483813986222952 64.084945553145062 99.543967261904911 76.265372108947858 8.191314897863755 87.542079291168093 78.679746996738714 73.042181140689920 19.809277865530984 86.545960947615995 78.723546588709411 90.741315360876285 16.741456564523837 68.868328090121594 67.386068039559760 35.799039476364449 6.564183150805015 52.873315347649438 81.211880056311529 72.576150258789113 85.287379644322712 26.373792567519526 98.451447092686507 93.681831704079841 49.300573058469766 88.475824946596560 45.538738496048495 75.452561932426320 95.476872243882497 70.237823046576381 31.550540817043693 38.651997727225172 17.863660422678741 77.924960408151065 45.353696892333048 63.540328719970738 27.812921878749798 73.711975993783923 98.334288143987607 6.562867219745183 30.457352416834247 50.831476597751021 75.154629940717328 48.088067048944396 27.740740087772085 12.667319669020616 26.223382701660615 16.384778645262976 51.307156737023917 70.994426433417772 27.831735983124172 54.612989070871777 2.499016342894167 68.162443227534780 73.493815576095471 45.554739096711735 34.986985546524728 49.388255357769040 61.391065140546949 89.398584376353867 12.963155286169393 12.912499920145137 56.062252768995400 92.729842383698468 5.455558543201111 50.585463831429870 72.146039863848870 24.944415201263716 29.619250817281650 13.552167069536603 9.222715644786007 37.492197333026752 94.153248996073643 35.141867966270603 42.328880371450083 72.058336441930464 58.971132876814345 6.754323087199698 4.725760943614487 70.743801945987641 27.846169636635409 23.858913581968167 44.386614781594204 4.757405393248137 19.246533123960031 43.282343045333725 78.629235532209208 53.195810694779198 68.769532885052598 39.398192868139816 38.797854685060763 69.342009136195657 71.830841517273285 80.998585840050183 4.538053522251140 33.876359734691874 5.333004298735733 27.304975873914618 27.147437529292773 96.881199275323169 11.447280767922896 68.403864356206952 88.812462233135250 82.064529336051180 67.125937752111383 61.529521353778406 96.995386038173720 76.386623888747906 96.215375183789334 5.998036595740852 92.990338635753602 64.157021974350243 31.542571382946040 80.573472874391754 99.908260394373499 49.671420845781981 73.828563796206467
3.264479086308025 60.358611629687843 46.929276299872456 47.553518382197559 89.534876996742994 65.978245737754136 94.949825050110249 95.191384697852655 0.386922430965542 69.413011615285015 54.981048336029389 24.777924452482491 55.330518217462711 96.514899538242133 95.580948786327099 5.796723187007680 82.399795943711624 81.071187480379152 83.309959342222456 41.002370669707986 7.878819602585684 78.754908235101297 51.866100093044807 86.384815784922438 9.606752370764493 80.103150026637010 7.797484629674734 66.624760088805985 54.447895346531951 54.912169326840335 59.684477022580815 78.332558426469774 16.788075645234933 46.946946475291831 88.049709646625246 87.966378863680291 27.385114310213876 57.027804056159525 86.206768418785771 36.855472813331460 47.127098481552551 73.939227396076149 22.720754883544259 56.990654319836665 33.570351071487792 98.083944577493639 54.245742467892640 32.113170064714616 2.345938885408760 68.449605033992711 13.149370733974653 4.547588061189134 68.522345219634019 99.649794997099633 78.733373024954361 28.023554036937025 82.484112398498795 83.608909865685590 53.008129581899155 18.322269140605620 12.139815165358748 16.598668638787217 39.556432919340409 67.530580980249184 40.031237848191360 2.833164702203972 91.837799874216458 37.467404294911574 52.626837281618286 78.801439726103766 28.941277588293602 51.672295301171275 27.202853058936327 59.605295482514443 15.243783432421043 55.648935740275284 51.401624027639627 30.126318805447696 70.188786500641257 16.288967696333955 25.864618977101152 43.618487308465880 56.978497970558436 43.445644607211065 14.564848188375235 11.421229354418083 79.134854027686970 69.231262891985750 29.473418996059642 84.469105516628403 62.436360313765348 60.983249117860325 53.141331207153328 79.799291473448335 94.195657519137811 77.973042647094388 32.179191049313502 98.883895129200425 81.163519110118699 1.325531094304266 54.114346459389409 8.428585678343669 47.094332528651314 33.604309753843822 25.395669813392885 69.945065200375154 45.129800662397713 87.748321458250160 80.180221094034181 30.951458674057662 43.432015118881594 54.400746671644484 84.453023878556309 27.059091156606961 6.473898412583202 24.963380483181218 45.474619505413372 97.588287569576508 85.698550718150130 64.729393802248907 76.385513291412650 3.110503888814609 89.758369940681092 13.236281939503325 37.895002812814774 1.030417884137658 16.031884817359622 34.653878678024000 63.005258427832658 33.405173232096509 25.409645407291524 63.331181144925033 90.670225257295286 61.981484777875529 73.048661542992207 62.470695419619759 78.274638145665705 94.690938999245958 1.768821919133656 30.284694868185081 89.487971620412594 80.861303614238238 13.812979507779509 16.002442493021498 16.530142463806740 33.230333693120620 18.727760931732295 24.921119073014509 34.286927848391699 15.437646157372686 94.560124118957830 54.348584980755902 52.671570768353661 99.510190370533564 92.758336543406401 58.280859768140417 21.928927056465163 20.760971180512765 65.704979522904566 87.617460366835374 98.627237496372899 24.437929099698298 89.770439488181125 69.702377836617615 16.426541418459006 7.622088422584428 34.847101487290153 82.437048382940631 36.172361575388670 67.873449553500521 28.088328591342517 40.703086840095281 83.015286263799595 8.527824552566843 38.818648264551015 81.297956075392719 22.079340295685157 0.674762390863337 27.709654774908465 39.804541246043797 19.156642439154194 33.314749921947019 64.252222043408679 69.648195977942621 75.680701670025144 48.713242563655093 6.431113341944505 19.588969118763377 65.233509021928043 17.746882898049432 55.284533200683086 54.487616894513458 48.280016987308642 98.788259277009132 27.120857588990887 2.447333870467949 1.631032933652454 1.294651035656735 39.287453404985897 21.854458010109244
82.437048383785466 36.172361575388670 67.873449553500521 28.088328591342517 40.703086840095281 83.015286263799595 8.527824552566843 38.818648264551015 81.297956075392719 22.079340295685157 0.674762390863337 27.709654774908465 39.804541246043797 19.156642439154194 33.314749921947019 64.252222043408679 69.648195977942621 75.680701670025144 48.713242563655093 6.431113341944505 19.588969118763377 65.233509021928043 17.746882898049432 55.284533200683086 54.487616894513458 48.280016987308642 98.788259277009132 27.120857588990887 2.447333870467949 1.631032933652454 1.294651035656735 39.287453404985897 21.854458010109244 85.774605206010918 8.377204632732482 88.795256448954476 80.810296838542470 38.744102207578415 76.244295393495946 49.468847037780641 34.646410978895922 83.783140004737561 84.214286185372686 84.686463643407507 75.003202907016188 61.717613973661770 80.355737689238040 66.493180554128372 32.970945774677304 28.336020779683103 22.189688726886260 13.253549829440715 48.984743746539458 66.676027835752038 22.843517481263799 38.789913720381406 48.602303973818429 62.462784972310700 77.049842437055730 47.208572698981541 25.701003784340180 33.249848476828248 34.206137347477629 11.894891853042211 34.321511898748454 52.250563200841363 52.023362946926724 18.502583268001505 42.523378431649469 34.310548814130193 3.104330290289592 52.785717615678443 4.359163013308187 65.246833812788481 4.244857571405936 13.189219952986297 16.082181598692912 51.884795989576226 60.475332734128642 10.611450722301829 99.486395018597975 84.415210295944661 26.668580838107037 59.786889371684524 50.396809253061328 46.569084258670493 17.309112157080207 8.038579369028421 71.154326807906813 40.725778246758622 28.092873147520713 57.998638733880192 19.745660245020137 9.681109510880026 49.188811027562650 26.081770374021762 5.836719632392695 4.034982062898795 91.352511417024644 54.272648615721664 97.646585234354589 75.317158002690690 23.902829366010280 53.401415467221334 61.446944416655391 77.066364748264832 23.793383587879646 68.830651425785490 60.157389452048506 34.080992880565020 65.543173379562347 20.671096650894061 73.075684083285935 79.430282478770152 68.851168120381118 4.206150909558371 19.913115782957181 6.378065704806812 72.393956104798846 72.188162390884870 66.819006769286261 54.623666098159077 72.545567678058816 89.134323659657909 66.337393172833231 60.550048141678545 12.258039202633874 98.452571775287652 61.577368579146693 99.962737296836465 58.162002862708121 84.775607637949207 66.400876576154914 7.162303027531214 83.229857430779902 90.718016902377968 95.367113383168856 60.407148776227217 33.475314876515263 60.684342271793170 32.265895530545386 92.815288277683550 57.876481572435559 56.747647875076623 44.170697837048181 62.771975900990221 27.372604898629639 62.894210214315684 38.916076491896369 56.747647875076623 44.170697837048181 62.771975900990221 27.372604898629639 62.894210214315684 38.916076491896369 73.359456351542477 80.791745187779000 22.838002688311398 48.723545121862777 76.963549792602208 47.442723730757393 68.891168136561305 34.402486472446768 14.185787385242943 94.984759084729760 78.647117575367588 24.721937781975011 79.278620327299691 0.688437447481660 65.730909509951744 24.156649639926087 32.407496260553401 55.560919230796998 1.773254871857388 42.473577265045833 51.508848004081663 61.699068506895948 53.836485187550430 68.970200816996595 29.462667539900934 94.342416432668955 90.713261842573871 77.541574451521072 20.373095491436366 92.143404379157474 80.108998453595774 28.343886886402856 52.603141325151036 63.159195754170817 12.183301330163287 31.874619690360195 70.081290378683306 34.965007058503026 50.364242018798478 32.210583030176821 1.703356190310590 44.232849334644975 70.476642725752782 55.515166197757992 55.322295913840335
19.186438589192832 57.303273258281074 22.668914592756394 89.086537272992643 46.137970385913754 59.564605055604083 11.960654179085594 30.340518058285358 77.250278233229125 11.939016084946596 96.044773983417599 73.162982182127337 1.333794547190914 24.301281192387027 24.301281198754722 44.723299238726312 70.316232057534464 50.183111024043455 74.390912311774400 5.407428630015410 17.323633859626753 82.628427782700854 99.597431160446632 70.298765063174812 23.744865563678040 97.755079993602877 89.297091767068466 33.833343673102625 6.676630922963422 58.224132503297234 48.824220475628167 61.805607075813604 24.707614820659142 14.023144837807921 20.774466197429987 6.320979212283461 42.441552029990248 48.316698346741191 23.473924682593751 10.108297032247238 46.546150993194999 0.727797643239225 98.164176114135643 17.083938901489294 62.873898288747057 0.169229341065857 76.265547169816358 79.773471574202233 58.651512122151104 71.400667944345102 88.242475900268118 69.367710285825638 65.474799561351574 43.814261092694295 0.071049530150968 75.997825878268443 37.636391066635056 50.908411350786274 23.107888533045251 38.749797658217766 33.807543457332656 56.349525210719577 19.337429968102327 61.451390012925508 15.583539043707395 91.667350343159100 62.246956718426652 82.782839448954576 32.208485712666992 97.743426000015205 33.351238823617550 17.288553289531528 92.748435152542939 77.109175560631655 47.300062607645479 58.641406632303507 44.640515888078333 74.044932737338527 53.398800535782577 75.523418660078448 70.707400146306824 52.521424048836565 34.917129801219623 2.718607654208882 54.234326468798891 7.233304527067008 27.093910831830080 3.749493741087606 74.999900429030049 13.245539391740223 37.167115331398470 7.330331361804876 24.224764910761476 34.357319417637456 52.819798017574712 0.041535345347654 20.927096503005270 29.924770399439314 79.997092433893712 12.489243005905148 54.081594604640102 94.227000329816264 48.038366130303856 97.299030519596485 76.071003609032459 72.671523625326202 40.333794075300190 63.465004788693960 88.163888408409647 93.990630931121359 15.949744677065835 69.312745521885248 81.758482934017962 47.702740492011174 34.966970242598904 93.856995981341811 63.435214411120491 3.538483962723649 84.435455520504519 65.660984249245885 15.528219595408800 0.677234413285921 70.149204033417561 54.524719182099268 70.264063560650087 74.986654354066573 83.559345128363574 90.834826653651092 21.389434445199552 86.239209996697298 76.863275131419471 13.281630286325086 13.249820073452556 50.297256616973264 59.736495650983258 22.517661894036145 39.181026832497437 63.286879558101830 19.085091807396147 9.886151015541490 92.103610316548142 36.647588425376654 76.464311502016344 83.675826590836081 35.506964942850217 6.023663977167615 67.868141332023839 12.206110509385104 92.029363496107734 4.652086507080644 75.421298721491965 62.551548261281930 80.662563767253332 32.954002107062706 35.833620540111241 20.114727752049212 34.927661687529799 98.248802637622177 22.793511857047665 75.785118457977063 22.600559264852926 7.053461139006800 84.010995171159166 60.881601134410488 83.020237742856693 79.777920467432125 75.474753338398671 78.897232425670509 35.830454542474897 75.613794304360852 93.255018438042796 18.782559389607744 56.104076097040988 5.132781274511878 48.924538873805545 38.822931264111929 59.210882266910758 17.495574475203256 88.832268117278161 66.933140813094397 98.724585331062784 39.347827538423829 93.417379963646255 34.960443013576345 89.778459552357177 2.782120897648721 16.944596413779966 21.454501235090294 94.355996225051470 91.077821771731067 62.971187886711334 35.630779788095403 23.089644637220609 65.242167293297882 35.959372615473107 42.256797183998685 75.636795490151314 44.070448055021927 7.810836919733477 85.823920266052241
70.087888063729253 8.329820478369976 96.932654582641518 38.587008046764367 86.535713195862826 82.635473673575547 70.450949366716870 46.317624285491519 43.672236058315804 98.462135292625533 50.017307010030400 0.798359743978316 84.489477178595109 44.628278924000483 60.680372608355647 53.501816392234900 15.730214748965155 39.031813878221044 47.410380975652153 86.024808318440037 17.373153026512778 65.276447737600336 56.064131774181128 0.522781124549554 82.639044540838583 38.428151717325122 41.670164822531184 56.579853492006670 45.012147907358610 85.150267808290792 27.413345073196361 84.103594310502459 3.920253565192411 85.154213529101924 40.675204230580022 64.662122504837669 11.175107517971716 28.748019523554635 25.781182626804387 76.108144642644447 30.717960568403523 88.262533347342682 21.190923102981920 9.103898917992105 13.182564050434332 3.732553023521512 98.975335886955847 7.729312665984789 74.575223716765080 25.793903395119024 1.119787610683498 26.420510453052170 63.994166911607600 32.283765882826778 29.981181767362862 43.680951762313001 64.177004181044225 44.111711593060754 37.958414112888363 0.633704320473105 4.629742337773857 60.277928070489061 88.454662234239478 59.380025398266746 62.190753182891370 49.605944201726594 91.615301985142281 58.507507825541957 15.627237642875746 98.007535905869986 4.797950051898692 91.473844115729008 9.939436176167105 37.967745497798418 81.359956540501884 18.634456172935199 63.536045010676879 2.427475637166066 74.154486280224191 64.619468867239775 40.117881338401453 13.000839492039063 1.541663942742366 68.612881165120484 17.403730105999216 68.744679147515569 6.914349739695613 61.632510340924263 60.927249658850535 34.598850140155754 27.118766232131886 38.304398920049223 95.811765098308982 97.846934669840053 54.001528309849490 26.304614452495521 95.873664512286339 39.228693253811286 83.397042331940753 12.697944380290782 34.190000269492749 37.543748020957125 71.546562759079393 30.281588171420836 25.118680766072043 53.733487877860412 1.178269730261905 76.561282951679885 85.628229009719490 27.790191770289152 36.555895629399274 23.745982046668978 0.542557884370165 4.715298811651314 12.436664278543951 68.681943862529280 83.282292991645008 91.342504591257793 95.530650157930125 35.457359714690085 30.507890034592933 2.332299276587591 84.407188526074791 61.855415404765438 36.051259624483855 25.745259988043280 15.544415684386504 63.603616242623517 46.753885015830541 12.730784639912962 13.652808072278367 12.635370513665467 7.851507642516731 94.697087771621767 50.446889666886186 56.092632330847046 57.621248326484462 21.694669686305811 99.452148156506809 20.900967050943542 75.717086910977073 77.748399196219466 6.950854306681786 15.786618973143918 13.714339003637011 56.103093477950402 53.434510202350680 45.168363928046404 36.014415132106706 28.826321968875991 42.484276257041962 42.161108122559135 16.570343459791726 2.534752670502483 59.827980058379723 57.294758844894076 88.294959384028161 62.754876878920577 47.432838374378697 73.111386547332131 95.593591145311379 97.228294306004983 21.770057628971173 4.317782572074669 33.084931945120829 92.057691790385690 60.395612867425399 95.062965733805797 75.994003759194143 66.652191719921262 0.186230790362896 72.871368889701600 65.581013025346678 85.702441083941707 15.343037986134966 77.928502800033939 58.123870012432491 85.727999315845821 96.633850456006698 52.416166289133749 24.525563056137155 84.535883814351905 73.327067946699103 6.059565280334967 56.781166380965487 13.945482584921631 16.658081570691486 37.845618837697550 16.922532780392409 51.253410216321505 14.906079392917171 33.770808142530882 47.356829774425321 94.643175527208086 37.382705717855856 45.882161004566257 11.622879253275475 7.899477240748110 17.099270174481706 58.518226791079940
13.580436692590158 38.267162010280067 39.841157418550047 24.655963221510270 43.014549337720851 89.458204303844695 63.187074642176754 76.198277273095385 97.580598263541873 7.299307379896414 44.080133452395430 91.339008305532104 90.206237970094648 12.879794328678651 35.286247118649406 0.691846267007046 77.127088384514010 74.172617866949736 9.783838442934933 49.540383012161769 76.243456989702366 56.073195426690347 27.397033099113845 89.830417861889501 88.282276148787503 10.326018360209122 5.744305968352970 36.320375885162157 93.738692493013104 62.888387127234409 43.628779626145999 63.869891023171142 83.386632140426926 85.008533558347551 92.426065362545799 5.468798649793738 75.084994224175091 64.798028867854867 97.114304654280019 37.531077899813091 29.576059552605059 15.700531886543034 93.581799380217404 66.736457157467143 64.004388831858293 59.450502135569963 66.153639903856444 22.807773765893202 68.030341849121271 67.397333803342335 67.628950031700512 92.717054181315660 33.186328213806185 53.689583464710424 16.164384819095467 50.934921484338012 48.324137848764259 97.388105505535464 43.146914656606015 39.677325412785017 90.220299546943863 45.876624545363057 17.364517639810895 3.559907725132760 19.951108966656673 1.296980643625512 85.051626624234117 99.293636906484053 43.531590281010089 37.533055296255988 56.319767551992285 37.657005101273043 15.425819587135781 62.417757992807033 44.547628557872379 28.172857112222005 65.062611714718884 48.289722691631631 58.140087506958679 94.895924313940370 72.181808473910138 30.596539611968808 99.559580934272233 67.838327808057628 65.672389149741292 73.425934207017548 40.661364128614522 89.447540286853283 73.205232524829981 73.802906169061686 56.222980799471145 30.722785415956722 47.916629752132835 22.688398068141414 14.247625550500020 99.809808307162868 16.379084844033130 54.128874521128147 75.272905467152540 40.744414142718767 68.748855524562714 70.417501559112623 31.874549655371254 7.064061851280934 93.466989268796183 28.965722175382467 52.065137228495459 61.579731035720528 4.174577158918091 5.464772980333422 70.998598299150188 13.476956486826609 74.432492061186437 79.519239212676069 90.184105366551393 46.315126633911149 80.832483657211355 71.786553451029079 9.029715715528031 94.258935647898980 80.277041017715661 53.718701209962219 77.432062776123033 53.846017678725289 82.472596652515833 6.274186683377425 76.124830276157766 79.672454919739835 64.445599244123542 92.181443975959681 54.606275070485488 18.144764593494767 9.697763969522077 91.134929768363065 97.765609135172625 77.974474279859081 42.328958069294451 36.922147068692290 9.425549768350095 82.798333348487802 13.418495386171546 89.166603743304520 74.121948369877472 65.159125606709708 64.149723765177981 25.069517957591302 62.005825175893605 92.125020801416866 72.277035417356601 41.388375537912871 12.862864434642729 1.618956378762015 37.193631608061118 56.531356545180387 54.357677073751397 51.973686887377944 91.902220308369181 79.184914561412540 54.231749265304728 15.548664105561139 18.914099155150087 20.423270019461214 18.082635110088130 78.951474026439143 72.838663188496540 82.010335095440965 22.875561199118632 79.116040969586308 66.049091595072071 23.719796191656638 82.721920226224427 35.459021867389396 38.408321009676612 10.413828246192180 78.266140477465925 46.511405116782299 37.911449253015206 53.440236948831135 22.672188583681653 93.483339324363385 30.056821584205107 28.423396084945107 99.934462281921228 2.258538462378312 84.775913577346984 71.304446840993918 92.931520047844685 16.784713337543611 50.167027376882565 38.609611236307941 55.293093552884706 0.113987372661817 57.770076801006489 59.158538489730326 33.852606794385707 93.057688162960517 79.709307051684078 3.107051927295601 36.500063964839015 58.596079619617406
56.617560016818615 90.094378652536520 78.014061469873454 39.936924813996185 54.767787671072568 99.368155870074176 74.721123164965377 76.364677064966870 76.963407356541140 30.121779623035305 90.997870328647039 30.278619353068727 21.460464808240964 64.938398297661891 98.178490970260839 67.636633169481641 94.779064233348350 64.294752341658679 88.675816017580701 67.371063695211561 41.894415609627622 82.923688598097527 19.123035604661730 52.778381694059938 99.047510991789238 58.387108828082312 52.662092174489885 98.920706346287602 14.458778710073783 99.928514803022679 52.636089031865083 72.786229645042283 50.879240207416210 78.389821929912301 73.972869638042710 97.706859993975613 43.972211404804497 75.972999161533025 45.162625056986592 97.275392937687471 79.158620008977294 9.491822544357776 40.836687530113558 97.431437249003608 74.081102252372190 71.178363476691857 82.823683446032121 94.324022440950159 75.170631781789183 14.909539545433304 7.766866570321939 93.775008893364543 83.800827165298017 29.692680254661596 81.349017810514496 5.793216408620450 95.200990136402794 85.081437263374923 90.002925726876825 35.842166703806974 49.762627254463112 61.262917429883942 87.929748477986720 70.622114287214131 91.235721907457588 82.761606323852348 83.136471936942186 46.935077057002850 86.226246220708518 87.784930012830159 43.538098087949692 41.558847145726595 24.540433609543300 49.276286886454912 84.402731708312402 60.523086568959663 96.985012061079217 81.092412817046963 78.958069542225545 16.165241653606799 84.606591546611313 48.603232736713785 4.306943157024856 15.002832490686480 44.625319957469280 28.875508348240551 89.662122496089211 39.950827417903071 33.115011403021313 92.987070404718281 98.090107892256185 46.403300972695426 45.933247642662167 76.343282169713447 57.308227712724104 15.016459026291852 41.748077424463062 21.692814485168910 34.004840620408736 7.316351819738554 82.304421829977500 69.591691867377676 34.945922557331585 4.972429550852386 66.494053505741178 4.737105571691957 47.165563875775149 36.233270614131740 90.472422298138383 81.192104353846446 13.301110647627191 90.468134445213622 22.252116496067163 75.855857134388856 11.817917711518177 21.118325862882347 70.365662799880553 5.359078805598260 69.888041429036363 13.619007640398761 82.407748012014054 77.261990518857985 2.772566571326207 81.182645019313810 52.099015951720041 33.390021176488730 80.090824617289215 97.022580070464670 87.593644755243886 66.656941475451859 99.868764467186907 99.926799844703723 72.699786070605185 55.999330883319089 45.108749826822994 75.096722571649792 70.516668174760127 13.380826834665537 88.703957276570350 69.613439603424794 18.940201110917233 7.644462751442394 2.775654433976738 27.072699065332184 73.047862757010861 95.930402481162957 44.400033894081261 38.102651108337980 15.884224654038492 57.137317222367102 46.165860101474223 46.550877214508233 42.646259468878291 20.322057451501696 97.126180521793017 26.746543583915550 83.358152898315268 53.858938593878051 4.761505786978571 10.728128517046187 5.395751506641733 26.423280845643259 68.787733710306114 64.820885594432482 70.576194583831978 8.011881064531046 13.470563613656605 75.600754622108113 84.443987179676910 25.085374409288274 2.374162547589287 7.371183440641960 0.891538145715987 74.181676334916176 9.555426678569468 9.978273540490346 59.261590934727295 63.859212282522762 1.551957829419659 26.517723673217731 80.750213133937336 60.971715308199137 53.970477791414709 49.584382089051694 44.985753040759171 81.931931817234926 59.406793018289818 20.568954847608833 82.651144748009742 11.035791940755646 20.354302009632853 35.454063123823708 32.349110748167256 54.237472497373830 96.141259001386672 93.492757034324455 73.042830276115183 30.930127577482690 17.839460568505881 13.508489354778385
98.189625353450893 92.889744434832110 82.964449163888361 43.271639158982225 33.766143045917275 26.954417510368533 68.248992376845379 26.954417510368533 68.248992376845379 86.088458928017204 87.766859573355177 57.774534765952659 13.078060328172969 16.018651761652279 97.967852425991609 98.427556289420849 66.715304767709043 56.525222881490869 1.510902421426508 41.921582095789766 60.825737118560205 62.974611609151196 55.373019873368847 80.091641808860714 75.966200029327993 30.663336610613467 1.510902421426508 41.921582095789766 60.825737118560205 62.974611609151196 55.373019873368847 80.091641808860714 75.966200029327993 30.663336610613467 43.499031071889682 82.243385759751177 2.477377013869009 96.872456698857036 7.767152825595591 11.947548964565058 83.339448947206293 81.552667708086332 31.718453826065051 79.814517594204332 84.158278757414536 2.398929582383724 4.271975848495924 19.209354373030983 78.923293575767360 25.766230326968554 85.229404283145115 75.612850757609294 93.704332122669769 10.329147110403913 96.629037988777682 3.891572309207603 37.017289640779069 46.750318816852797 19.702745078720362 29.272155535913779 21.909424516320229 49.005109913775478 66.608212486646906 18.697196065796305 90.279765321263724 91.123815182392050 54.158759609662773 95.050535429976946 85.960645992525585 33.727836003142521 25.236505333736591 17.614193163140612 31.336060453616589 23.851293824874997 62.737943677982067 7.255472949137454 57.410307741694247 15.338667228643354 77.038967214413461 91.008029774543573 46.031271123300755 47.351500913528646 8.178805452025673 37.110131004195793 70.309623000928951 40.547951042602811 53.034625459581328 41.794961735424039 3.170340831170471 35.644653984817111 91.824208718257381 51.161592373722343 37.707000510440260 36.677348507044584 63.812437726140146 7.773634211587366 29.034997215498581 68.637611219407262 13.076789167717006 76.362149834031570 29.891464782808409 86.699273727242769 86.881991638921662 14.413835235608785 4.731435076908996 63.006567243745181 64.925161846395667 4.257174987525780 69.395227113523745 52.546802904577802 95.427489160682327 21.266198554333783 51.756109587925501 10.864052132987389 35.641160624622280 83.830232334355344 87.999426412442588 49.820682321342211 63.139168510740717 37.832838591320858 51.273031703076313 72.487727066060543 46.311672150804576 32.441434827948832 76.822366403056108 83.168355845116295 67.713674549987843 89.825912982504903 11.239994486978011 32.074598032103275 3.297846229942281 60.817729749303673 59.325666364929816 5.523333301385202 15.378211225437333 42.297216216895997 27.379329985848464 89.735553537547545 4.203762655017873 31.679664757520076 11.473486747788208 7.680255199307606 75.655795595145108 71.508164568255367 1.227792159009766 65.402045159979053 62.383976318980864 32.619049817773991 85.304745434498514 86.388223135793112 2.983497079720210 56.325276227467235 81.844865715244268 27.892026634876043 24.137465379371413 69.025830303599633 7.987036697808769 22.026071638346700 74.757207688826412 54.071236544585474 12.301078344146976 48.165463461058962 11.920094650512780 94.636373419142899 48.111818223988436 9.101839804042989 34.514232329731875 64.784469845570428 0.204556057771110 60.612528633304223 74.497830373497578 10.249626210455620 84.898050548397507 10.505386975790199 16.262932239991478 90.482881027872665 19.853684161924857 1.576502485119058 76.723038190970058 30.522915175771427 67.959997628947491 53.547964841459105 37.260380063576157 44.038105277217618 80.417510450517298 41.456900114410786 44.633983129920253 90.456250504425256 29.426585795440662 86.652242038773537 22.864947906405419 78.768045533738515 77.599761494630258 8.468949345735998 20.791501209769493 38.791927815091867 0.337285960355627 49.424881968081472 24.051183710213742 51.464812900805313
18.210047928985428 9.977757491034067 10.553449491788969 17.513310066306932 93.838236281275670 23.695447800478643 31.501220232772720 34.929094372866786 20.052707212767949 46.821846670623358 98.156017057862869 14.962389675241583 6.132362306625494 46.751123073724031 11.705571069576958 8.261638605760735 96.958042054184560 5.907266313123793 32.527371094511004 74.405626703536839 92.373226692212882 99.835402920736684 92.412201058839912 60.440008965958768 66.260998594897913 73.284792801998719 46.568281627882449 78.692634535796245 32.921956715990689 0.356362290268031 26.601088394309357 59.505335841161845 14.380674489753032 60.647702349168974 35.516323992577767 53.116552756147193 13.373576441829904 60.481920252027813 82.108468184613159 29.478188711756104 79.814617420412716 59.919610895075380 98.804811631710891 72.461084259578229 79.463911815475157 38.072472275543731 84.422987881872601 62.580120027762746 34.171915243054521 59.537660289080165 21.088809928526764 13.134005872400101 63.635946528738643 5.493273112810348 25.372390056497764 12.953094278520961 56.317893401864069 50.399731363178056 81.131763333492074 31.942099836212169 45.363584133419621 79.441755175006733 37.982714340931579 23.441302563037258 98.863591136268596 64.298280229378818 32.998340428956027 61.961177966226252 15.974448039849843 53.258384902171017 92.970244925449762 39.445474921996890 3.468619220763369 51.632727773735979 8.373738623058868 96.978920523753004 6.222947781497334 74.016545717751285 10.709698336149831 15.840353661206841 71.602526941242360 22.924571353741907 44.715403185139259 28.443804670135243 51.053683624125931 35.168003553002222 4.614554510206437 21.373405501795538 2.455603437088327 94.594218332702155 39.819671257286160 32.490536726109674 66.805910083793549 0.751421123759011 46.557334459292910 59.129394534151672 85.272365560440349 24.703859329118195 7.503842780176728 43.182848741404044 99.989138012302206 49.750142963022391 48.970049351998625 24.579872724767505 27.476841946198405 76.837508911051643 7.062031251216960 97.538436670002383 76.120705213350405 68.697350643254893 10.641648639163160 68.354487837075240 85.846718191768289 21.183260849767450 62.247595951895796 5.163769590917466 55.200716178375110 4.850157527807797 73.725280558635802 15.229765465514223 96.018491548426795 83.586118433503927 84.553223579910508 72.324474000960166 12.414811224575972 27.306351641245620 24.764341989676765 75.633855448464530 70.733065963741765 67.309356427087025 54.422697131752528 0.560313497297238 42.703548545457522 24.095398973001704 50.349355787624262 74.955407333859398 88.701684841184004 75.548829443892700 58.602086484247330 75.646953552693958 55.293554645819363 72.268178749506404 54.260721719622666 95.505894205451710 51.733438553362419 2.315252602961559 39.142011904231175 34.400720519071903 97.249641621827834 25.057071928195018 75.979095626412459 51.130383700323613 86.333407928154955 40.457515641153407 58.425519257947819 36.798795493883752 78.629256544565635 74.528415287026831 62.883623289503142 93.228744148794917 19.583097135627469 61.385684258157525 23.440118782010256 0.485197726020514 2.786739808189354 41.062878087752928 41.382435694235888 79.270193757285995 80.724619383125315 91.649500054374315 42.172831339138149 82.560525721943691 58.738597522740754 41.903349578600903 35.616035471843247 38.750842301799416 69.677188002080626 95.068705811679067 59.833378350539071 2.638575585427760 1.553732539712083 1.690361392415340 84.399047012225353 98.187545067200787 35.135621163219000 75.061923416771663 79.927979741937321 27.754646346166322 85.865345640800115 64.257226185216282 56.868094960305768 35.798799459069208 38.511358990011438 64.287953316875061 50.091655516586627 6.659863157704859 96.692837047657648 80.752988613445041 17.526592442093758 13.846254075328634
4.239259739467050 89.839705290006037 39.725701598555155 23.813403323362859 75.258025643706688 17.418506265952992 62.145274099313930 72.500688691324370 81.408371419994907 29.534145448402182 68.632980458050341 53.636890718413099 31.863389450964384 64.136773457720054 96.230416763348558 5.738826725127000 12.621359726990466 93.424588124984638 34.120467353916041 21.169883985596762 0.590090685772615 89.575760388170906 21.502381648799897 60.262793501970677 69.476024013501529 10.157661450512146 52.132653355801530 92.882637280759823 52.974715941428961 64.319302246943181 32.209809440272608 95.698716788391621 86.341571342465343 26.631735746328310 54.961479216789741 31.877089949423620 91.599410436168540 77.832537946245580 30.627469253351812 6.827771984499864 46.670699312904340 47.024239181709760 60.906396580822445 24.325669168043774 90.222401743673203 83.409444273871628 87.636483030735505 17.620030186435109 47.086568867628131 34.300243200213565 47.786910004257443 48.874450559758657 36.732846068394629 23.960105688005882 94.590726692645731 4.505369347825039 52.008717449982335 46.076195531789999 24.190891652390601 0.543397118742983 53.494483907014235 15.019692543136276 60.430585729363450 16.492853412789355 98.569311353097135 90.892382045655879 99.578274696545805 61.218033112781143 0.333640165710536 97.718510471866651 31.343371564518019 28.441399894955310 30.700619245756723 29.652170159638992 64.987716391189082 98.646336627256701 81.938740131885154 96.444700660004486 29.561165420911951 6.258809899072027 27.405439292695799 31.686359074953074 16.664157413205693 88.624629116816905 88.907070176531448 99.490195947099352 18.418569930337213 14.170340117880952 2.579021453986163 2.884130164388843 18.821334387335074 23.276781897935283 83.571746838122436 76.621883112503397 44.637082152580120 22.640904541791439 5.336166773117091 91.382598687900369 75.555012603128674 16.981948744339583 65.158491240722796 53.649363928148986 22.112216044955812 57.165149681296413 91.980544347959935 87.801034097411119 69.031343582168219 93.981736115190316 56.832212592971807 66.102018190076649 17.064070071001169 35.027003419263778 83.065728462423081 5.814343140115808 99.076781225990629 51.159178815062234 46.558601945721932 32.347929039807063 97.127384467669913 4.801187754931291 77.056876837485660 43.122219886213664 16.297885925467593 55.805457310014027 29.669106449553674 11.203914362816436 3.337262863567081 32.954699329958395 94.290360764609645 86.423532869811766 77.700260610353496 76.895732463515216 89.711701109594372 47.336236261053322 21.367544042768316 60.745520306611546 17.002129966524947 15.787187877206566 49.036623608352251 85.460250678454940 57.609438661217091 22.190820001627674 80.583782381570956 67.701469129428276 98.519912008655481 82.513091422464001 57.085474699683623 1.208221130137965 48.017338738247716 48.945633078121794 92.032835807203483 65.039803207852941 14.099495545974195 58.431041479076796 44.659147694923419 27.239541295400059 56.344150504552850 37.292675621688645 96.164055750105518 38.869403245644904 51.182781742200433 82.209216465538262 15.501293636864855 72.797225878851222 9.207556565077224 65.312633686832228 42.821001075260348 7.242697280916810 25.565404968449389 94.002143319072914 24.113494686433924 89.707368323493611 98.892240906173015 90.811575277088011 40.767642428043906 12.860094540883660 63.937530834159439 59.277010150143852 61.791118925174892 70.171201574436665 60.581779898300304 55.221312011963995 14.375398868166499 82.626719243977945 35.328913573262057 33.319423165113449 2.935909999725994 90.526487749183488 21.131758468963667 45.796287553625483 94.178616441798269 24.053814876192281 59.199083882099067 3.162282057238663 62.176094012841212 76.184509306212249 54.397089230500647 35.273794973276537 68.828791411231720 74.803484346540031
84.391816883668483 44.899509937543371 8.343863575779931 74.140717277790856 26.860790165898528 53.587973520395217 6.486600971356937 63.844526973928176 77.032679151955278 7.372384599724691 52.675027404354502 85.250889200884444 96.845074406465102 82.140353082517962 58.653916523145242 21.540574724414586 88.286490945832384 36.228295542604073 85.018241999368456 31.286913541919226 18.689969952810504 24.859056004693070 77.549635146135046 59.382290649776216 12.484996525297742 93.947321032688833 66.427101868743819 75.125566415169303 95.918338441816744 69.990581929494809 17.858133638326002 72.331384009120015 31.974867910354721 6.479832547910003 39.252756093300277 64.805592681914860 47.664651776318976 4.440377792217410 30.924491312937629 71.112305553489350 21.275926249738507 58.986642079263284 12.913451914089681 59.122183950044416 40.763441698748096 77.801536573021906 1.331924155692199 48.606644698399606 75.427657139103161 44.162120121071823 53.696683813324007 21.807501419466579 75.901983863522631 39.098037698035128 10.074626560885536 10.499061196925330 31.044432977981984 55.907139924788737 76.265402215385762 17.676545936897259 5.676015902485886 74.052538068428888 92.920550282822674 56.411809159979022 77.269906776521083 89.588457142264105 3.025386894458360 75.079748075811125 26.409193731309067 79.645490412236342 49.496476202720743 5.141983575835985 77.014791105333245 35.180546578367270 29.036047184261015 73.867464864534767 73.815774623723414 24.617005409765913 91.601458720657646 8.193589497227450 69.232247455803588 98.790187989365180 29.020417749206139 3.320592164819292 45.572471341326271 65.953121471204028 64.728497603215061 66.856895061482874 93.356750428685359 12.298449534835198 82.452320916664121 93.454943153849101 61.236974885305187 48.829841138885207 85.612004637519959 25.675421154004773 91.732924837004660 38.140655812158009 73.743957527734239 42.755447769764800 9.748536661786545 59.772171533889782 35.251521264520470 98.020603031043450 44.970391899904470 75.911338558680583 66.349026962422329 7.400325924417828 65.862086779827763 60.027103612617481 54.650076358165180 97.961161912228889 10.440885467536344 4.878426197164498 74.690295410305993 57.043792104833138 29.476992581111084 32.157433094543784 57.915440984212964 51.903571868675868 24.768242391799756 25.479264246803247 46.095048988884223 19.771028292817594 21.014071943689171 36.716043065191585 56.835750845462428 69.973631457545764 37.169512150681584 0.971982084509893 63.121281692948152 67.629471949670432 61.810756398651655 9.298739964206815 20.801887695667631 12.122145153990605 14.749335775666184 43.564968503883804 97.185151002746011 48.503130275789566 96.843475870822985 99.169583470515192 4.572818997759431 38.604310404846800 53.423710092963326 46.702400884247652 88.407564127850236 43.600253244785172 12.915924523315747 77.418009298359507 83.627980955126830 75.737934247362404 30.784675888970593 33.822351407695130 35.508818611481900 19.788277826163949 82.826425441961518 12.730153230472185 27.979641772131401 98.172953485119692 64.667061276470420 6.277613091024592 85.305509362951014 56.717948830018535 85.362185270256404 92.404533727638466 94.358552825398874 87.970463465962595 56.454289366726528 95.149241727925400 27.106072645391453 25.750939182536381 86.632607319494028 34.987870254697505 16.656550316064223 3.234613731036606 60.598733701187790 20.640522364984506 35.416681420285215 48.062760683069925 19.152651137485542 97.444160236234822 90.268739644038007 81.915347992696198 59.157453286969229 90.798871286541626 15.417178403574161 77.811084821183840 11.387972818095104 56.099820749502939 3.119434128091347 20.993977001666419 0.231422779226553 25.084030719925863 13.283652370544896 34.772794948247132 11.113188008195362 95.116339913658948 60.747854135832270 3.306817748254831
52.013001100965099 98.868729187408064 29.846558442380555 21.186973246213135 25.127164754846444 51.369315284315618 66.567691428996923 45.736045776295533 7.150987440732070 96.220703342946805 80.015085626470722 66.382233315549797 34.495400442047696 84.027413032538618 5.681585563345203 29.220851665010471 33.510957094186843 12.131183551805213 37.315155765622812 99.508669692257811 61.184713170291140 94.943400652331661 5.978500667524045 3.793246724578392 5.729775065556552 91.973890174354707 37.834309670125442 79.551888217500704 99.310509761671412 39.065658317905402 67.845750889041739 31.849216391545752 81.177632010610381 82.497025022259166 13.248151552293086 49.790777405308539 5.291093593479923 98.736599059923478 4.330326450868838 13.633945834843908 0.073429795170810 20.494273745696802 0.429292530222880 65.350106112943095 91.058006525110727 75.796103354556024 37.326617941100849 82.448325889711285 83.234077396709807 6.175419289377215 14.656991769205041 62.116685662393500 8.355625783792053 59.321789535201908 40.396317841399444 91.403970392021321 58.098848835981883 69.837428046789611 58.693793711449530 90.115282906198374 14.575370191616898 11.241188597459562 54.268584440759582 29.719825225427599 42.651500584434984 39.705340015025982 68.076682885731543 10.283998472564305 39.749244061951693 21.880163720015332 72.866844925140015 48.988870277946198 89.016817864392351 28.890216217260267 19.553383133008140 82.164594167650293 56.864266506730274 81.540938559805198 72.789567816347045 61.184713170291140 94.943400652331661 5.978500667524045 3.793246724578392 5.729775065556552 91.973890174354707 37.834309670125442 79.551888217500704 99.310509761671412 39.065658317905402 67.845750889041739 31.849216391545752 81.177632010610381 82.497025022259166 13.248151552293086 49.790777405308539 5.291093593479923 98.736599059923478 4.330326450868838 13.633945834843908 0.073429795170810 20.494273745696802 0.429292530222880 65.350106112943095 91.058006525110727 75.796103354556024 37.326617941100849 82.448325889711285 83.234077396709807 6.175419289377215 14.656991769205041 62.116685662393500 8.355625783792053 59.321789535201908 40.396317841399444 91.403970392021321 58.098848835981883 69.837428046789611 58.693793711449530 90.115282906198374 14.575370191616898 11.241188597459562 54.268584440759582 29.719825225427599 42.651500584434984 39.705340015025982 68.076682885731543 10.283998472564305 39.749244061951693 21.880163720015332 72.866844925140015 48.988870277946198 89.016817864392351 28.890216217260267 19.553383133008140 82.164594167650293 56.864266506730274 89.160193239725132 99.260975482400838 60.553982753537085 14.431471734444957 6.804459981103372 23.979290757724126 45.370768788434226 71.817231936909906 79.350067956147996 76.147722995635917 63.757763302420841 12.404445488800519 85.804133939096573 63.608132555985563 77.890524226895579 75.158216012400587 88.499909803684815 54.645145157033703 6.255156563881703 63.885861652371986 77.401501828854009 82.869104728595488 23.918536096934883 57.946865308481840 46.017091184303773 26.793874843889387 92.698187797368931 8.716494362184669 77.875462405266191 37.479264823194079 96.201611582840670 40.496436203181496 44.548798737411964 64.076121441641803 70.770093459879064 99.808114975239377 17.846024685507089 41.468812481986085 10.239266221901744 51.464961424337908 77.840812702153698 98.409122003980130 64.275668485935171 27.577163625900425 1.690021361847682 44.059413736834429 71.607443692475769 2.408165574396648 35.713339422149495 52.283601314624562 95.687533767252276 50.746345492174825 59.539669127659543 76.535747818012254 23.466365242519682 99.000741186360827 19.276237182704758 43.143297391049707 4.928923415765796 88.440826305112395 11.229355388172790 49.115111431298452 73.451775231598020 62.524389482096346
0.841935781803838 13.376230117013076 70.176186505205180 41.612032488835382 75.590159808435217 88.586615623095568 26.130035671383244 94.147955236139538 26.334994340438978 70.362096845603887 86.461963250240629 49.917651091952898 13.209684098186237 60.672952527647382 1.136738515289026 22.873366138929473 87.737364276337829 77.262953475687695 2.408716956766299 56.834229277842553 7.293948082722590 23.289535682563624 23.964053546533737 67.654608904188620 64.051975272260336 98.403928744649974 2.741874851140802 59.352070124082147 54.568533884478811 46.285452692240312 56.309452134266444 97.041513739325609 49.233835928912185 70.119249396570055 60.995468079129964 49.565435329083940 26.237965318128033 94.243030712856893 36.359302544634751 4.109826633903102 44.326281769280364 44.309413558180957 89.025003038472391 4.207192549022921 66.719098813518556 11.858632955679649 53.868224428276093 48.093903775268345 65.850819713693582 60.362360893765789 84.394560843513631 99.327656368511825 19.403488210442866 81.628481640763866 74.198718321630324 75.731493570670779 74.776741212686645 47.462959395432335 17.734213184459989 54.838346583711193 88.260926779482247 2.376988353028475 6.976533182154176 31.656968936885434 33.529066190299048 54.159494103572250 10.089099516679155 34.227534534095902 68.130658477967899 97.459342144110948 43.135320506394315 86.679465057873813 30.851988593832047 91.617982819400794 69.196008886048517 72.477279462888589 95.209383131889382 22.338699225941372 75.067739064317209 93.603075320309031 81.193137584571673 39.100097223986829 77.068752945961180 18.660453329593153 60.635480328469939 78.092794975701096 92.993936052075384 97.765363921517363 85.244089213900693 81.619253656332631 98.061485925072404 96.554990152878858 18.112259338215875 84.438699986753491 89.390103711669212 8.473018680716848 93.214534802819827 40.278432262100758 56.945736046665843 94.185593835538114 85.832703825256701 26.099101515461488 34.817566941532888 85.714253432658666 99.367228119286338 43.512913923341713 60.141820122841480 81.903491424089651 71.124467464672108 49.629138881711739 22.692257560661165 45.282397773622762 71.645834834646223 97.599487975174355 99.148238866499412 41.580683465272358 28.278469613253854 44.148234663604200 47.987128775748076 29.154155423718553 20.616841330849532 48.696902478358659 74.058798424503522 23.758090987377788 86.532050977425840 89.249162276917161 99.861672287231258 85.570309741383184 76.147312907623515 79.602234917661036 39.570858896234171 12.274684794971780 85.290143416903533 67.984187218613727 68.386883980431776 91.538205508255004 81.498564451172342 14.339589128406383 49.439529644456449 17.624292310725508 69.214380445136342 31.769822250285539 68.312297510911108 51.789691556455189 28.288045274935481 2.777803307801296 18.129311278882408 35.565568836358374 9.282818833673300 83.310329382479452 84.886487113026078 16.759175612901657 65.206264153342858 8.747709828919458 17.355991678152360 2.678840243011238 82.277961898094915 38.894934369357806 62.584145761481480 68.342901642620504 13.663642538955756 79.846205626752621 68.247897323781245 10.064826967538975 84.256123571375596 35.729306840726572 65.118732779923178 90.109856679091237 2.764787288005277 23.619786580676116 74.105521983412103 34.612472644867587 91.770023345910928 40.066358292708784 68.062419856893030 41.870914543743353 98.577717638707213 49.768856172838881 0.720147867775867 46.116538859320464 57.970710962660910 71.393994603994955 34.489633757941732 41.110689789715913 28.416811434061373 15.383353981761816 40.337405517602832 85.947059822627082 21.801535198677890 47.153566988645103 39.175682095752506 44.810483551007877 31.624754273300184 85.245756525080395 0.970636302916317 84.015456063121832 72.204060731662949 27.238659986461890 96.816706008850645 56.820217471106268
97.899124934668976 41.634302384259833 99.635463707292374 90.028468688153069 70.234825751061763 51.655688007903954 90.820234992402789 3.954168940143110 36.249799224918910 21.170868053350066 5.204501256012661 19.603168686090445 50.499818879154326 38.165141007380910 81.065100892405511 46.759753006448577 99.463567846089262 66.401402063481157 72.497466581306256 50.611514276125234 7.308763076226676 1.251563698772362 24.620632624463600 10.750413185891327 44.810483551007877 31.624754273300184 85.245756525080395 0.970636302916317 84.015456063121832 72.204060731662949 27.238659986461890 96.816706008850645 56.820217471106268 97.899124934668976 41.634302384259833 99.635463707292374 90.028468688153069 70.234825751061763 51.655688007903954 90.820234992402789 3.954168940143110 36.249799224918910 21.170868053350066 5.204501256012661 19.603168686090445 50.499818879154326 38.165141007380910 81.065100892405511 46.759753006448577 73.929509974666814 79.822085713540474 31.734350598665205 42.430567449601305 71.198480669284137 9.563346571848118 16.995036153238608 86.605936649863494 55.088109641174952 28.901821747713619 51.890462409849427 48.589434430643543 8.836867627231870 10.006800149613060 1.158129100674299 39.307470045986733 15.197807303638411 43.004406696286559 96.076913492546652 69.796650415083363 57.457706562684720 16.540770575400067 15.688290946078531 87.691893029232432 19.779658000207700 21.015504623923988 51.847656038382851 55.731501172332088 65.559622238259337 24.105832416212991 75.360742000065457 22.578104471781202 26.737256518296991 18.888300256901580 21.994682515423936 87.587370852864041 84.114221442569900 53.305982642110806 95.570970171767030 36.744550264802932 12.462203177111297 87.910021434919926 35.084615276077059 52.715265455869364 87.953693628311655 17.943827215936679 33.389838998456590 5.296743182066455 94.034003384352616 56.674730746158829 36.040496528463905 47.348188079315811 87.384900127241309 58.002316866269766 48.746768907810115 99.487974490506630 18.433570822778911 99.491022433721241 19.577878117496116 42.016152374372950 91.051706319391442 94.192754394984291 86.389332719991472 62.430370457820629 36.829939806304715 71.803193275107844 55.881049333723723 29.064843661473528 67.118869410045136 4.443589332085507 63.503623591675549 97.393224883676524 23.706198400191148 82.087761765192383 66.673738341482135 91.827936441868459 67.716862716346711 98.744275940817460 96.946201609577642 14.995300027099967 92.135487357402312 81.593218044594167 16.592315319741846 23.278326087982659 95.331884069185151 88.823663674862374 70.388304302159767 94.399044710729271 33.766476132072540 46.423508509103272 47.676621790337137 80.833475064364308 48.920505719400964 24.368278402033084 83.413799867915003 84.764948906799390 18.792695513361611 48.891475515180780 99.372476811581791 35.965509041017881 48.649328366945333 55.095677426042130 20.565758919418986 52.014905087481566 64.961945249055134 27.652424248443452 65.774281400322621 74.574691422720591 62.929387758549439 48.951665762386099 60.029857015155784 88.627725122512288 73.465569128606006 24.282199110057668 1.091288942195301 83.763521666108474 94.913662282246648 50.335476519276327 2.598513193647112 96.956554477990181 93.947120003050799 9.032098697320068 70.225514284123463 93.267808264268638 30.500626699035138 0.623583289864527 9.622236150405072 68.113247433762908 74.038731081907784 96.810584148323315 68.545908567861900 28.902245585386687 31.384261889314068 43.884375093480912 42.810830144443493 52.377379563424675 84.208829346253395 57.497383880465357 91.292509576271669 47.502098873857300 44.197226488330074 55.457109992851194 72.116839056402185 85.048037755625245 43.765527379616053 82.754945539713106 76.327739172916836 41.089757946610973 16.035533433217765 31.186752580090449 9.483079693109175
23.237690011917820 69.660396035253626 28.591565259477647 82.417206410457993 68.586913664533938 32.719598787719704 14.838852165744132 2.602250425588037 93.935543159407970 98.746667806188015 89.378406112107243 56.222309850336252 64.655353985399245 9.313377753738150 56.300738824495113 3.124778736404610 26.996032529592860 16.781130158891834 20.954148759296963 6.842521092798126 19.563321450144468 39.737693104388391 7.521502200813302 18.657966564957619 47.025364903237012 14.356518261871898 20.353380304871738 93.502078256787499 75.645481152693790 52.940758220467345 78.019784234148673 92.311155721476254 60.645990595645785 98.661048582824492 16.812785163482403 33.668618004712023 86.127726057436874 85.384001806311716 29.993106824585723 40.229471514517890 80.970452293680623 81.920156039103304 34.908470678465740 41.882641313333224 67.615709814799530 9.592290236872991 20.765677116713064 2.424267010976744 91.210554514358449 68.679785287782565 79.436137153751744 92.289313888068435 95.646425968605712 56.588757238059031 31.633314451736936 72.961478596587085 78.552563122600546 90.338708255088420 22.457196933048650 74.710640336360427 91.403921686819459 74.790097428316301 5.353529111139988 29.026762383504547 30.583747059432852 93.794064315575085 85.248722540033583 84.910987423156556 34.712927198068869 97.822414856226573 30.906268900646914 60.598694982144877 22.748822388802004 31.497423273647872 62.049819932486763 73.902711927620430 1.653738925839365 16.553640177924077 6.224020803055408 88.416149465925770 12.176293491797164 73.259007103374103 23.476212156861230 68.608123781353569 1.832866743105299 62.929387758549439 48.951665762386099 60.029857015155784 88.627725122512288 73.465569128606006 31.754932835887363 95.538384964146800 59.713780061837220 17.030121638761830 90.217956372069452 61.109603165559399 95.578233480824210 28.916810993283438 89.194738865463123 7.328123108300034 95.934276205645816 19.532547211143214 14.446668860569901 58.746838661759718 34.294330109047877 40.145523993213025 28.545026707686826 18.489998061804226 87.275458031878500 7.886510114757616 71.034750452896262 19.272252403060886 50.530196324640443 45.915062005015436 9.400311095879122 31.497423264799572 62.049819932486763 73.902711927620430 1.653738925839365 16.553640177924077 20.107150613038481 12.772869386099838 78.593041854030986 67.599304850365812 91.844002997808474 80.094026973541062 36.353517045063143 22.359732032519762 36.699480008515785 15.758143137431269 29.505811609989617 1.832866743105299 69.285180056406574 6.354451879747558 41.869186893724354 19.166574917506740 72.474646525074846 20.935036502860804 41.004247775651059 82.350429281509818 26.644972421447921 79.703813902572676 41.822214888481227 52.298394139075178 31.830977741317135 28.916810992363086 89.194738865463123 7.328123108300034 95.934276205645816 19.532547211143214 5.353529111139988 29.026762383504547 30.583747059432852 93.794064315575085 85.248722540033583 84.910987423156556 34.712927198068869 0.211950593436905 16.443747166201671 50.117262616161064 47.205791028890928 72.195291897655380 79.575550233143204 36.627250091221008 26.730868368921655 19.206409809068660 49.094424240606138 19.611734078700806 22.753549700320129 77.518596779836940 82.640931783853134 37.399498845823445 95.331525351483464 40.810696738470199 60.552113730463795 21.989848855760840 47.981000059411230 43.898585950894095 16.646223350794852 49.094424238940789 19.611734078700806 22.753549700320129 77.518596779836940 82.640931783853134 37.399498845823445 95.331525351483464 40.810696738470199 60.552113730463795 21.989848855760840 47.981000059411230 43.898585950894095 16.646223350794852 26.019633892504590 41.444969446002197 55.487793356178017 96.910603019411894 91.722744532151182 81.108338388280970 77.441562096549717 90.038306588291434
90.038306588291434 89.324214880757708 62.470088629478695 40.986817666437879 20.997840332503927 66.568724987144421 85.610554069379774 42.995856350173170 16.440354050264162 73.508072863738860 31.986332886134370 1.958764880303610 95.772824495946480 27.905150988101713 53.960512485650533 31.986332886134370 1.958764880303610 95.772824495946480 27.905150988101713 53.960512485650533 2.887515038160227 29.757962776430769 55.637856596605559 83.838977104931317 1.268744428620006 55.606374809043594 20.355557115489496 83.838977104931317 1.268744428620006 55.606374809043594 20.355557115489496 15.063687141462678 13.714104950400497 72.923995622113139 88.864330958148074 28.318608097643573 57.943606056912124 74.448406229033310 33.139534308974305 26.050577073936843 82.214004170302843 73.939355139592621 50.319101175543857 33.985202229997505 68.371800226158371 53.457251322306284 3.896807942731007 85.197842562071074 72.486525383986034 69.459645528038664 99.928626496976293 42.278535901676683 15.398223040278058 95.171517194478753 73.419753971644056 27.883369454944518 85.908836923650625 21.386850582550444 56.374816571817362 89.548187150762899 28.830281053604345 13.242863081064282 72.822716954027342 93.852175121171584 24.893867058027030 34.678698627391483 23.292729948005729 58.822836539474089 34.820225902446857 92.935415712738319 7.093487646084728 64.054816390847094 25.857304474271935 82.620528109062434 90.392917674937721 60.581736448283607 89.267157119201613 67.627526315889199 64.463439063393636 17.295115854185127 63.878318395958843 88.475534841294106 94.510871774265965 42.628479072708316 42.915808964828770 46.618783399826391 67.162051586208136 18.006442498474019 60.448155158031888 22.145737512311115 18.573988322890077 5.583473244919968 49.832009410879927 95.415131989465252 58.319576442900164 44.163464233936601 16.716615595183882 93.070326932132190 69.963347692016143 78.816911720449554 93.784610125140318 57.874010496035353 27.210218527246578 5.565056615684849 33.056514902162959 39.587357731325646 75.808303512177162 51.369018053227691 27.208344576019705 30.974046093232822 96.544642336700932 74.071677402160489 30.490502395096740 30.691999105951272 83.751667924315129 74.825583143084103 51.986807379421606 22.868464758051353 89.170396054778038 40.900594701225010 65.292544813260861 42.278535913826033 15.398223040278058 95.171517194478753 73.419753971644056 27.883369454944518 28.584715291663965 35.046486551488663 49.141016650545353 88.653676766304926 72.423612856240865 93.877600561871930 78.176695480059124 21.542327627469970 30.439917970926590 93.697410251979306 91.683677141158498 42.161381519692895 7.022592739284905 23.292729948005729 58.822836539474089 34.820225902446857 92.935415712738319 30.691999105951272 83.751667924315129 74.825583143084103 51.986807379421606 22.868464758051353 89.170396054778038 40.900594701225010 65.292544813260861 0.509395327569051 60.466472882583112 0.649984412662574 10.163501588743207 55.203913301689845 22.331495555535653 75.373069892584738 38.635938407877148 45.738926758325327 24.751567673605955 76.947117748604967 23.493970268116350 5.674098999861932 9.337429514902794 52.698929164084660 6.743219905306940 17.580202608947758 49.441009571437263 23.399206510476322 12.440442388089179 6.285463304912797 77.566884645227091 53.286222532869473 27.263300068057251 33.731144382424105 96.753811281984284 89.084279308063444 87.703433306991059 25.885626893331569 79.746440895795004 93.959791677062896 50.752502874201298 76.361496089607272 55.341193602703513 5.010581724636998 73.919103288546054 97.060009048324076 2.636526765329661 35.342515785233672 56.300981657614855 81.624126996844211 14.751454322577850 52.151698860186734 5.086673110793571 88.984411505247991 61.370963616583381 61.024810876088523 45.142801361052697 81.609474053468588
76.429128058318526 11.456520433529526 45.034772195276886 61.686451437861002 5.674099005464084 9.337429514902794 52.698929164084660 6.743219905306940 85.648094462700172 90.232459835141469 40.331774264677875 63.728566755579529 93.708230155485367 88.630652908545329 12.626676548699933 9.396120733775536 34.519721099135936 41.288332038521006 89.213961406150545 26.840820404765221 80.269510504473516 87.882498639326741 2.830144443988825 75.782535507845537 33.489591769199933 18.302938194031071 3.960544267603472 32.211853193186812 94.141469965345763 94.141469965345763 17.576745643928959 77.657398060283114 90.529546679091112 13.627915127350377 42.062841141788290 31.571282460868389 11.544566686640657 34.498963831638861 4.282937984490687 52.901956802755109 62.416232231491321 31.361108229525701 8.175793844516466 21.149351043875530 74.443673790268633 23.777830594986980 80.093158739340183 95.006387577350978 19.360815252102004 4.276498382506588 2.137975980896456 12.548946409708927 25.588079144279508 50.706765390585403 89.158140378081157 83.326332713385227 62.962241504663716 76.618435162475137 2.458236155231619 83.485136067847549 43.792363562015758 69.481020981792895 47.153330507842654 71.867767974400948 33.106815349312235 23.283066017984865 52.704050455963490 33.037128600970675 67.380556683463396 72.737294123375918 50.361103437380997 40.421201820369681 59.816127484427319 17.561668007927612 18.943430092960522 12.940207563965734 81.499458262808361 0.751101984414604 76.944417586463572 52.982268367930359 59.502475618309724 83.241617381243444 94.849831088088948 53.739104087364417 99.174046215329355 34.684458039600585 73.495844778626847 45.190470802602356 28.665442097789040 58.318021984085654 73.273327607752975 43.359941118681576 88.608096723587309 67.632632930312397 90.181463209878814 95.089726168040457 78.440191839602363 29.343753843746391 0.719763440327748 9.243063716904565 89.052309417285443 57.343289479921154 90.727523875454580 33.807267236012549 92.730338473488473 45.705217106434645 14.393542733293184 56.653228975393965 18.006832443740738 50.107234396411272 75.859014045097723 91.932380680308015 0.908799900966795 15.102470886375318 27.230988221985498 19.196522222998059 55.344167282172549 41.104293240276732 12.016055480294286 32.119595235460430 55.942409393060132 52.151698860186734 5.086673110793571 88.984411505247991 61.370963616583381 13.296770050981198 83.305330431381179 48.837988755440222 43.492225329640647 63.175949971569111 37.860609977568949 71.651547800998841 58.974511077132028 71.699187802702681 19.229153014058888 82.170498686487676 17.339407239802561 46.899963894157047 5.360151708508321 92.739825101114263 95.714002784415314 96.029041333598258 57.592910095235354 38.909179149633580 84.004230498122908 19.354848702666072 22.978880848396866 62.846783977089792 77.971760617260173 6.043867395148073 57.034576617154066 51.251006803136434 46.635137523961831 19.035600393386829 5.534913119377228 62.986143725927377 12.318303352281390 71.536546233257269 99.372257362146414 69.215742636907635 6.657713981765800 63.595136026240674 15.331645065901277 94.320936253907774 34.765413075835269 39.615142504093214 60.618103862323046 35.501067173154468 32.280767821541147 29.375881781278089 5.346006290406846 18.566625659020087 65.882962999198654 23.316267787841095 10.494033547778569 25.588079144279508 50.706765390585403 89.158140378081157 83.326332713385227 2.458236155231619 83.485136067847549 43.792363562015758 30.158402910288029 70.890662174133439 81.556129095425675 88.093826457051875 69.481020981792895 47.153330507842654 71.867767974400948 33.106815349312235 23.283066017984865 52.704050455963490 33.037128600970675 67.380556683463396 72.737294123375918 50.361103437380997 40.421201820369681 88.020001089548643 35.385584352815158 89.056959894640698
44.393013733978847 61.223042400850289 88.612290598303062 78.064414274089060 78.949335372921226 80.513857237352767 61.322217548511063 92.136625330276615 45.806263105647524 90.643577285531734 28.716585317796639 13.072693637969246 62.116695361769182 50.418271044421289 25.592746450101679 30.499416554837300 65.345188178089202 53.260461844488127 45.774154085877527 51.188907566271361 44.713914237737420 1.284324149414084 92.182448146712076 14.785556667741451 56.539059461515684 72.980901803855247 6.631044279438258 44.218469359389033 39.779528723112890 73.829693919016037 2.743453344914948 87.376851427910708 22.573961152854483 25.672738403492069 47.239227226047255 61.707813100562689 15.661521686339587 39.631938375105427 22.098881786281666 62.119583238564111 72.989967165899841 77.753985344175149 16.062517032078105 55.863978606597406 94.511544465513353 10.327420337764416 92.684473653178856 41.761727962310879 24.185755016671663 74.597131937565095 48.423305517460172 98.165179955694242 50.249838326040631 50.782636302080675 13.653629892999209 86.895576252832527 59.399273435040953 61.985593802457871 3.710241669342040 3.710241666375513 8.985354056893701 89.641766074788748 46.045724792722645 28.316772983581718 94.036749772660897 40.504080498597816 61.881341146676071 15.083719868890277 96.978846980259803 42.545274882427144 40.377517748386339 62.673266758873766 3.521683713880308 11.883023731886377 6.544502442012201 9.878495999437520 49.321207484843931 33.926559686436221 4.013695685550312 40.255775899390258 40.631989462375238 0.114062747810162 76.176563104428539 56.880169816952510 55.062870339715190 55.828609381275449 76.086809715484875 65.476635138611641 73.220403706434766 52.660566101435450 15.593705765331178 60.899905426295241 99.227826814896403 77.541657152010359 8.880989465428446 85.139433331224964 69.914255314449321 18.537061161038704 88.288258888624938 0.259227931392025 71.306604717913871 55.984730988861642 3.274227488041748 9.976510344030698 76.510612771801803 88.071862429181451 99.372257377231620 69.215742636907635 6.657713981765800 63.595136026240674 15.331645065901277 94.320936253907774 34.765413075835269 39.615142504093214 60.618103862323046 87.538527182370473 52.239375468403850 72.518536488364120 80.803539454002092 55.817588349635294 51.808669606683885 31.145431165702309 31.145431165702309 64.904572718793489 93.871075985807053 5.346006287544903 18.566625659020087 65.882962999198654 23.316267787841095 10.494033547778569 1.033459150544069 40.277564427420700 37.717301568615305 46.596080706016672 60.813362673730950 20.889925030160651 41.868227336508099 20.889925030160651 41.868227336508099 34.770668842945319 13.325181114066343 5.793719379664397 55.996923209422810 9.602411991286953 42.573149790840802 97.316339270657977 55.996923209422810 9.602411991286953 42.573149790840802 97.316339270657977 92.613422312505392 24.686547232939560 61.179781736961417 29.827791834793672 81.372760671516460 63.707557693817115 29.777517797656138 63.707557693817115 29.777517797656138 35.001290180327580 96.346472445760909 98.980082494599785 91.591230433031512 50.421534619628339 88.303306068832867 23.728010614735073 29.648369307829668 32.738884740218822 88.094216269777419 37.490471842999199 81.213324114186989 55.149067036211619 66.083697321759360 71.109728026680457 79.078837904069047 37.796240400594861 25.402143546061239 16.511864849719249 48.619057811600619 35.977358490997943 96.372321638083520 75.161842777388472 27.254102331672868 0.426742477538133 0.767704386349277 30.463832175811046 11.174042561442254 11.158546287305526 21.431381196494016 4.324636256889869 1.952332389272848 97.352959040336117 43.832417538541712 99.644808556287018 39.337258436954912 42.434662247037167 27.946971515933384 34.104008793800269 74.555432401947641 69.795768310455031
52.069235481345721 2.940696108134389 53.606156686254771 69.410905076073789 75.455040788562371 58.451796840805429 4.473099810035697 45.513921893869124 32.247187236591067 71.405744834127944 44.172499605330870 76.960232796828095 74.285758970096012 99.774537225323883 45.797884088742926 32.742963104658799 91.574458557076099 40.448512827635795 74.295468076641754 19.550737556498852 72.843129757647844 23.729648637946699 27.120993456953858 96.879444655344955 43.298842995083717 30.670053280273045 35.480106354614605 71.738474418517910 38.684788573886252 38.901431636561725 74.135613017595404 38.480214193712655 70.402528022403189 8.697428054373880 9.850479786782994 94.843430742270286 91.169329161860333 39.143602787197516 18.265360695328081 87.502901796571251 23.683869040384188 8.282479842959390 25.872824006863425 29.657865682202768 3.763476507179020 33.270133858600090 48.124620672940551 40.597172949281038 21.281932389110526 15.695137132234638 71.680549921482296 58.054010043398662 99.962116783892156 53.123973176275776 57.987870553600295 40.264864251172703 14.180938698055478 10.347145785031586 3.172318213146519 28.496614254268515 73.981871322285699 40.468133449893514 39.558709754610810 53.519940437172679 41.498339064468439 84.220044366242192 93.717451857673780 26.966780077789277 73.566880061799196 67.767788973061599 36.647045017189242 91.387854448442368 21.482897453531436 72.670404239311310 2.012161517937061 68.649869501598374 91.569694030941278 17.192291151539361 74.610115879541311 21.130477030318417 21.604764827114831 9.383354344092499 82.293757061077429 52.391757073338752 76.485195889870297 44.217990165527866 13.184499317762144 61.450358804033357 77.280465326165753 66.169959104627239 95.393407653075442 9.976340694246410 97.988200116140703 80.122457145889697 94.330119273979847 13.170131428445908 99.845436934103631 48.074861628096563 70.186639098619992 63.140373591222442 46.065194158461424 34.377959927426197 0.158367121477809 63.571634594783632 58.048053973642745 59.398578875207861 14.283423406682205 20.361550372899973 94.436733811758259 53.479894904157376 12.218816356173424 53.665083505641675 35.942329151756013 70.391163189629808 97.813516214697643 92.738838227875235 44.067243910945265 3.703182946577699 66.361500037038084 3.242078101043211 47.714296579454363 67.378293434157911 67.008224639376948 57.623740752140371 81.735962074092924 80.160021358204716 80.202367865853688 32.968550652425947 9.239256320945710 0.281166538365885 46.371948908742930 85.381691138790799 31.746683557666376 99.605685400001647 74.072509502811243 83.081778069002738 92.958122316571718 37.382835683228812 55.320834015377905 33.157892303423544 63.826759667795329 18.940192954189992 70.390827539884242 92.464636236579722 41.324697771220833 12.506497164551256 73.974176800971918 99.846956775048923 64.457243344984491 73.715800759768271 30.525109344591062 63.817318843793714 36.595024762726055 24.527464399943877 3.693247043918324 18.937498266674336 90.419908722360873 71.888286294726626 5.689825509035140 91.449993530299054 98.596380362275710 35.481297066762252 49.426653699917679 46.474851325333624 1.981076450635666 30.183737476532791 74.495075571440566 24.517677768486923 87.398305615202915 99.190231413724604 45.151122598838256 31.756425389243304 62.447099877383785 80.356551035270712 62.471240366404700 70.638711281426268 2.556647071909735 95.037199172797358 88.180051466344167 77.063270077888291 33.740529505948601 57.260713855102239 91.555496596013128 12.049407973380799 14.032666519993487 96.484925490276410 17.924763454885873 17.550771270816558 20.744856990820359 80.284511194078590 70.019900459647630 53.054118063823076 6.202346849696316 16.241820309931544 75.449218414641422 31.923230525422262 67.876386990429779 5.906503673668439 76.019197868474819 72.928878389608258
84.033292622595539 97.887349017070221 3.862021082995859 5.117889832826384 22.526542360225811 73.894588637451946 31.107990292863274 63.661332018169382 2.366928117521194 28.028129818440561 75.206600664009926 61.575696065728394 6.228921290931022 39.040568083237048 66.204012432726643 59.681315147892143 28.485583516591984 0.480322957846879 84.855061672684784 98.849400375626445 24.095520852403716 29.299775097806137 90.210720853868224 69.970771695516561 91.481126432163819 76.759047411781168 76.191578708692191 33.185109817535476 65.046787042663794 85.476984626708941 49.485672965789426 35.781614195849286 71.154481478211522 15.577626570829061 6.410043746241501 3.200588933476844 87.457621829511339 40.143621120498082 87.270429146014152 84.073380231360332 63.064792229636133 67.731307810793197 49.486268986153924 76.945760419512183 66.346698015691985 75.177632930780760 98.982072316699117 32.599424184215607 79.283681909158148 0.100531767724765 35.282688912671759 73.776908084039022 34.077264739354717 89.219305836657242 44.064024641660602 16.280171210959526 2.508085899757018 75.317754497244792 40.765687535419971 12.062720868488563 72.916570736928520 32.834746059341505 22.509434165118648 98.744886755126444 3.578878645915951 8.715022241834658 17.840512266442921 16.721347902299854 28.259214644486786 85.416112471800403 15.954751688223645 50.702489005727550 10.065281689995064 72.702376832826843 78.244760805057595 57.051103083141697 91.581044551496419 60.106554583845750 55.467503408848550 36.867365543811289 89.474348277958683 51.139261636428671 17.028976650046634 45.705583743128130 74.864987789736944 58.069364039763627 52.274514951910525 16.555206477555384 2.999897904966720 94.068801627295045 32.148861922666860 13.831578749628138 81.416830106663170 98.919704702645177 43.050378893964115 65.924152428585032 53.574356007628744 63.486917407615692 12.725468389018047 56.022030647756047 62.462142062264277 15.385747818922269 9.937244290443969 80.423582513495035 99.491655838215465 49.754249089172653 90.437815556508511 61.552902676842415 51.766383811291441 23.768023989708563 46.269056593679089 58.779813974899731 43.559418301508870 24.937021185349717 94.225605028915965 68.155698663524362 67.406099285775454 49.950053784564865 23.121071244792645 2.203197172514371 39.463729635929944 0.331396715951870 2.789074966043903 95.113665469995183 35.861406558769396 22.256904662011056 98.949848110893797 27.933957701505275 86.833029332859795 58.204653554389274 80.012924020452985 29.848863575851858 86.069438514965384 5.452195322396280 71.458085574357384 82.655666308951510 7.685866457649126 93.388540197503247 59.052876710632638 85.813543050787061 5.263089686020772 45.948596035360502 64.372203856763420 98.972597900657021 93.821393414190752 70.434893398663107 45.574774798624617 64.642944355776436 76.369906448003150 19.442591075025241 15.686396990979578 96.422847465151932 67.086667433132121 64.472348030333507 98.672401376304748 76.759739710608400 89.894829364949899 2.171704912034234 25.132202867081265 39.464487937443351 14.715371488319040 40.613587934452191 54.775481728159050 73.175158221513442 77.855349714441331 17.330612452282356 84.700143854096339 23.862700682508176 39.517928202262723 8.304272430521520 88.076906935540507 94.620828857050029 65.842099698284272 61.633911940083649 22.304564207477927 88.039525167260805 53.401937069080120 81.221962731168986 87.381698044427409 34.102031340908447 58.288792347963458 76.632883248860423 50.160340053910289 82.407783713342980 14.428613913790677 46.229632653889965 35.667916130742405 96.567213437139714 34.095035164123054 56.443993262585522 55.704286976615769 19.224785444257840 88.959435076569918 84.571059226599516 14.096496240324274 67.024772943816544 66.222795820681341 65.550682235569141 79.020914133764762 9.753813158901037
27.806805495106612 99.803358358731884 0.364193907887034 33.175277020073594 37.103671079337452 31.479569860179112 42.192214343712124 47.742849965134205 74.594135839366231 95.197113581721638 32.253237733240212 53.469833488130988 41.897824291265010 56.683327838832263 70.033082953851192 40.908659981158443 21.341172363144455 49.848597579513211 67.532250127890563 15.394142910168295 64.292094866504996 15.755245923645479 81.167487892477112 59.375388110321140 44.249926007035079 64.236248604857963 51.149644381468264 92.355075758874221 45.722365473876494 32.710110046075570 15.859937608577223 5.047416246700609 24.892427519949280 15.030272279695446 67.054365231350999 41.461265141157220 30.406002921582076 82.877400123209455 17.802670441232372 50.160340053910289 82.407783713342980 14.428613913790677 57.871651033533524 27.768552799337755 38.044031768028589 9.933613780247219 53.146065194722880 33.988755542125695 58.236034496511579 70.748922057727796 22.473603894355186 39.081862593135185 35.337704351673025 58.331044842376166 5.178817577288786 97.900985629040278 29.262564556991009 74.527165893607503 45.066237876784939 30.155612546596299 64.732999857084778 14.505952033350756 98.774810704392962 89.771778050678051 32.666400166333496 43.882523814940214 82.539155162229690 18.294369225203656 4.636774353773710 95.094595290521383 63.572642539813131 19.507284218401409 88.959272702969827 56.384342150271202 2.264084870411331 2.264084870411331 74.830676330291567 30.750042569861602 46.721788371455240 8.370247477189629 76.389974824909814 71.755514265016529 24.643447757732151 30.356804831010098 48.712015876006419 2.609050291178772 68.719317587733300 24.117883146130726 99.875939781327745 52.500677847795970 56.899329815233003 47.339117006009424 92.555584755617033 27.102392145804000 66.792889882623101 66.642452677705521 71.322020484749800 74.279038343016822 74.279038343016822 93.621284346632763 37.173503121909313 1.162028213279243 95.432290369187527 48.588780997560256 3.658941003611293 65.838845105765955 37.967779741825765 62.437545267176183 72.178557121496340 2.093636955344857 5.678616477246756 13.948627358515520 49.846842068127785 85.678948163961365 46.779238832932649 91.439958392979719 15.149938161402654 29.967890917702476 67.532375979307474 71.877152547586959 86.668918994977446 19.665080544266278 43.087537663452238 63.771575828587046 80.913934700486962 99.541291719539203 70.084360926782708 46.738068680906018 3.284739889884969 22.288375101332203 45.660083115954599 30.235820109966916 4.744546575191322 22.975672839852258 92.354591240901172 60.191050275971634 49.632907469770416 36.909442335796406 77.078393088990225 24.309613464251502 43.157211090081915 87.198359771968313 18.087213449814111 72.437099372081306 95.604171656375769 67.262813790568742 46.531371790728116 86.196499853792432 19.191939942286986 36.990213545263707 73.484536767863545 36.909442329827748 77.078393088990225 24.309613464251502 43.157211090081915 87.198359771968313 18.087213449814111 72.437099372081306 95.604171656375769 67.262813790568742 46.531371790728116 86.196499853792432 19.191939942286986 48.963847858993049 79.683499372794813 20.208256662237577 6.413074340714441 61.622411164854526 46.215060195656690 59.867579135869505 21.085630649289456 83.620926922642397 49.406286522324308 44.987424040972932 45.256350527053591 79.498848890820383 24.983553265021484 70.503417416742693 42.174859937251419 44.985242401345992 77.507944283224560 90.872717204933153 85.507257258151114 85.507257258151114 98.073232948402762 40.091353609681036 32.980092507231852 47.571446466746316 52.183933114718307 3.746879206680209 21.267911297962705 61.339419526970964 24.217467407441873 54.228883867094581 86.068725053246951 48.248982038179477 26.280393444393834 76.079274147583774 14.430641314171687 51.159296607540739
14.280022588226672 1.167522359297213 42.548887514028102 69.659176398343732 69.050772116644382 95.260452172042960 3.406908770105732 42.092685733978762 94.395358865399146 24.301886567477027 28.979438357253674 45.634344093365463 61.002783661478631 35.321724285229863 34.211895793292513 6.063873551887222 16.762573893964962 22.266541853946386 29.379850554792910 37.340246820926595 36.476121261708762 47.559820527230009 58.116420609024665 64.668721429330816 69.673059612418754 85.221135503120308 68.082423890240094 76.341378443771930 13.110295719959863 47.597016688591964 13.886230431886625 40.990309343957598 19.281059783304734 72.242260299527914 89.066325826939192 12.791131173838089 58.353394078537491 97.096151036563242 24.875920977231736 59.950876428076661 36.712592331409546 15.989106511813455 82.823895744306725 73.456091810637147 95.470636960425850 46.509194867308778 21.533347470656249 16.438751493945027 87.074358243675675 17.958047287735713 49.993772919510249 64.218297533864416 14.883164274953298 2.934873540540550 82.021464527670446 94.069900888346965 92.545956985833897 60.135639724973210 77.485450528639120 20.535267685692439 44.150869961139819 95.644971966405862 50.116050946379673 93.798288151254866 28.056006349595897 83.276508735364317 13.347884854676906 93.801089831987156 44.828177300829019 78.049252333514588 78.049252322156093 52.651131828528008 43.009099354906674 31.584040250032210 43.253580170875196 56.410144874265512 87.812734214437000 97.773701773807275 26.924340490981823 29.658626771309205 73.856606719986786 19.800796444381618 46.908395160265329 20.700805638193565 38.224532988432216 89.734113079581817 55.725881272588254 69.092010366353080 39.017639872176680 65.079322358771833 40.564136669372196 24.264610603322566 58.933306659532988 11.865530157992643 67.807870696996773 90.189524651668222 12.369784349162249 6.545447369509860 38.379486453655609 18.104484902949068 76.766601190673569 85.427959976969120 91.445279712920097 47.833223600002142 78.280161311601589 54.997911586394885 96.638820056758789 98.759110243159924 10.731173123263204 48.644638717816022 98.886106008892469 35.058991457793944 82.474456869138663 89.490135994468446 20.931374171684524 39.823257177058203 8.095653341809882 67.241955028997396 41.721713739603175 12.772265663318583 62.898691010254026 56.199793036066438 37.411067583207810 97.626408120788469 13.467081691515148 51.255449150403024 2.707599304318720 81.017645658141873 88.951330322290275 79.835571227476265 44.446271437226301 85.828096815812827 15.450288031133619 74.437606361566651 2.970466553724926 92.199594187960258 10.323031418210693 25.538840984309896 36.874002286886451 41.193979118458202 17.772291102428937 41.193979118458202 17.772291102428937 28.148667451619502 51.609345076625203 5.496011272045697 47.989980712699875 63.161250641572138 41.767821096682511 56.877933635468501 59.729623901538645 80.098955190426366 14.238890778708024 25.882405995136470 64.345826802568098 42.769059391392240 29.073947616216188 70.828565949286045 10.836920843007714 71.166967125038710 77.927130559102835 95.623802197774893 69.832569957461189 24.994602681229207 34.367552673049872 27.141926057586353 4.699204077940489 58.199911467523357 19.740194412819147 12.852433878288283 9.775555981011163 0.246261416179994 74.411831664095331 76.426147444169459 38.608204272156819 61.275538810556881 13.115377819050400 97.227765964452743 74.069057953785062 57.404738008070119 18.142189171436652 75.971491991591975 72.589073890173808 55.504368521693593 36.977702386090947 53.594513601827146 7.950879557291479 47.616624617548240 58.865904641959062 71.712392634394917 51.993145878773497 7.338962555094442 65.193048129479749 47.598379635642459 49.650587360562938 16.555125949906646 48.249650777864240 12.485312525893576 36.912576899166702 47.742514394199020
16.555125949906646 48.249650777864240 12.485312525893576 36.912576899166702 47.742514394199020 80.198134012861971 7.881394544821186 5.545831943507751 41.240391055676582 74.969780647071545 7.472413378306141 7.881394544821186 51.037703533261137 17.783240671141808 17.783240671141808 60.678479084875391 71.910207662889363 52.995337453077219 92.655206058409817 90.778355145230336 82.080292210606942 56.886372495035417 2.887456395492360 33.944747829574887 56.684989987105041 78.832101185518582 45.215458129928201 62.094003559045809 70.331425521641890 89.728811085362636 31.791267605247885 17.176022014343019 48.355086670330017 76.438026472838942 87.343851995724492 76.972603750450475 14.635074746000875 42.172563581517345 47.064523674561954 0.743237158483023 44.478668799097477 46.269530378140388 42.512694087658730 99.234737772766465 93.775044990023190 18.333004169169442 18.333004178903678 19.631478137013847 99.699242089213740 64.361681998943837 98.626008798865016 61.297874817882757 96.255266655202163 7.435964636460080 66.483681390451608 15.557210597046911 60.615274068711578 65.818310013980494 29.485644020864086 9.651649081986314 73.977766226621540 93.787343690928907 19.617555226183438 74.406842728950480 91.646063391393142 10.291340444888586 44.773936190344024 38.696468410236271 8.084590229267107 47.887414370322276 41.643823308422448 39.397063110105101 22.730965901140276 63.749463675958509 87.763282831597849 80.628945077289714 14.630451797260591 83.380139066690845 67.919606269188378 69.698546321179961 14.927537992485284 5.303034111161232 96.564789817861808 55.369410832102929 66.134176798453410 43.417687277797867 98.829548969171682 37.485295441700607 99.890138093766552 90.985748888871640 31.344582444269964 46.855551330083919 3.859888197827877 89.161128009276567 11.154814036326155 95.795680713954070 76.192000565269240 53.794185121668825 63.244182539562608 73.742658044039203 65.377977671826159 23.394004198991691 78.759033335389987 96.400926775672673 85.179726976967245 29.815688052670055 8.910795450791387 56.979950438383206 14.633297271058742 73.293593925519986 62.326383876079852 99.890138093766552 19.259696841063946 79.111616516891544 72.079238559139895 60.211489018322375 29.250279408928815 87.875752352033771 97.194444919683860 33.183878454456121 63.058435499043185 60.556745554532569 11.843384559494430 61.728515358398170 24.321987301171390 41.873518677724320 1.135980503285161 18.872160161321460 95.112961522855144 60.567121529663702 0.606273005777325 87.392011360429706 99.667556985306035 40.001249384912619 72.079238559139895 60.211489018322375 63.380108175159023 82.915580712229882 16.328056202548190 5.315962744221059 6.224798076566874 32.535389179732398 31.766166827463525 91.367156223694948 96.063294719342977 96.909246125566824 11.772429492927927 40.965934052345013 93.066695970541076 47.384015991788473 47.413238601701345 2.565671665016034 63.828009542449749 66.054382133648332 7.428868963979818 17.542942302061160 8.748476092269486 15.453020285384966 81.857197166974203 19.604503239811933 99.785866432527072 92.226010307132057 96.372291981351651 74.349462098513570 8.924455509971530 9.878880344352769 25.671929199778909 54.491188695593721 97.337340313493613 92.196832987055060 59.082640878582623 25.671929199778909 54.491188695593721 73.542387556910057 26.686055924392114 22.355320973680904 96.966727273242654 35.259689879372260 4.190580889048712 2.517892770705610 35.034586980831030 11.480292636938859 16.027244392963812 49.161621122656904 28.765335188237916 42.790030714734172 25.187457316339025 71.812152550947843 98.536094853006347 91.812127581637256 40.561143652623535 97.442373731108233 11.645162969040012 10.709246507061476 23.651593375939640 47.650593776305641 96.538112190526164 20.495622286930004 12.537650070181472 49.754434416191216
43.966556267855161 77.849435024485786 12.831821152045364 8.831170730463144 33.143938781426499 63.507999194732534 63.379201897933527 40.037407531270574 94.277345906995109 72.886072852157099 96.464641306397795 17.341273564430402 53.535945227516791 71.075976880164646 21.189664922013030 43.992965096491417 20.818993723076396 42.243409357399777 96.155900153762047 72.731653906598638 26.852914879292054 75.770592115154471 98.205634826679713 63.431219561812277 24.223497309730714 33.888240692735963 31.349250202273492 30.217944969531295 12.631902125976335 31.559290167301878 53.244353079021899 43.500145040729464 76.242427724411925 61.572413360890685 32.592646140741152 61.006175175267266 1.236369193251508 46.798748500157657 90.362212643781987 23.334740603196224 26.708685438667235 11.387054778864659 77.130106181417005 34.164660830910655 10.556866270964438 97.241872691806947 92.255748578419613 10.556866270964438 97.241872691806947 92.255748578419613 20.924193593578067 50.672917376967206 57.600998795783113 58.414372460703554 23.225940234048569 34.492805913009583 61.837544590595549 73.721757698147442 73.972461942513121 49.533805466763845 63.568165018931097 84.160694877687021 37.688718001277991 36.566115803357746 5.444772890123984 31.472074869449486 91.874331088830871 74.258249470989384 0.134444573051273 23.645757779491603 12.435680101693514 29.420903765399441 61.528307604038787 91.670279691619911 4.219250983878908 5.434910580878638 72.257890323245121 34.500268677309585 63.645382836647613 68.048317536595320 9.189897690764791 10.462475219056167 33.576665069968506 98.079015320162782 5.653788226197365 53.895238120602819 23.581241218462768 23.817833909036423 92.156579641845411 83.485573648709973 62.560864721656714 21.946750980847074 45.322871280425595 10.830268690679890 77.847108487419632 4.763298724024478 73.132448395603305 39.913873004841072 18.946612764528169 5.778090859986252 27.053806462691774 5.434910600399212 68.853199040533525 51.231026358595123 64.688365249729102 85.989978160110113 78.388493340716266 37.256519651265819 21.125083682016378 85.566587114072561 84.436545590698600 81.641226474740606 14.336970695814454 29.549617910268477 70.526937564924509 6.731922538264379 71.135632548346990 41.374629783443538 39.521958646840751 9.170937265082147 87.360039763751800 22.106660268042766 13.281393557353748 77.233512256021825 34.827236503057712 25.085297042291931 58.942599482243772 33.095332625744923 27.089723112352893 82.857451792375059 46.684159942421374 30.251879085136878 2.517561901453358 44.851331967973920 22.292400882251506 36.616615470059223 36.008223688940056 41.902718012996857 33.070369489786842 28.180361426392665 72.475738817487994 58.623873282000936 14.880463633868191 67.830875998573987 1.754597023835913 64.210429470963078 28.180361426392665 72.475738817487994 58.623873282000936 14.880463633868191 67.830875998573987 25.579046804171533 1.754597023835913 64.210429470963078 6.487132656959115 75.553661670254499 6.823669149571499 9.849556876441245 41.223681682975069 60.520009101072134 96.691665871069219 12.001704622747166 50.951119371850893 94.217740333124951 53.592690678033520 56.927979699585038 56.542816692171769 45.727883317215948 37.651754826068419 53.360173628022380 52.131591389042555 14.724556633389184 25.336740184647844 54.898240006777563 30.629102688014630 5.861114486988772 87.360194656986707 83.096093272168332 76.479981520738605 95.598357314696003 65.142916421091869 90.453270365138692 76.713007192806799 35.926310760499192 26.944256375915188 39.363609348161212 20.892807383716704 93.053303529571210 42.715510222056110 67.743573468078637 1.952687484986892 89.680796395367381 66.186232019461286 82.818185167767325 56.532548738051332 68.608411044818538 73.328082998453709 0.760937499272596 0.760937498740599 41.416981809630741
44.218630592968708 49.630217941963615 58.997661068427774 79.215695187246212 50.298329854580992 40.862831994350870 40.262774939518820 1.581831035072878 95.035467219148501 25.823706432983585 19.243011694268986 60.955306031092114 18.247183706274217 25.016900505422324 12.299280160826608 8.249909236279972 75.908896159983030 1.791942747997488 16.949937352011812 28.640078950472237 30.534707313747433 18.149351397598412 7.255855202222971 90.237743761979061 97.934545902337149 90.623523968547431 45.994460415937951 16.048366825952808 16.048366825952808 64.258912400722352 17.982240593197030 20.179747884991038 24.110075394184662 43.467679526230818 32.966942414736323 41.362427688708948 84.995543389711443 40.647407839352901 62.412164758106393 74.396731761932529 61.237638365828552 49.816327131902327 14.821017971365869 94.311194108784591 77.832924883453614 89.866677097543061 29.513512200992885 42.052533127330271 77.740271083222595 24.194258071819718 79.776180373873032 21.620655740822990 73.161952723138597 5.803729379295730 48.891308432257809 75.415619747548192 7.644363634441520 62.851032649559698 52.286094403006956 9.424838454920071 39.207882401106474 20.173035218571112 87.694120243707957 44.386053014193102 75.518113168281843 45.729241803390067 18.300298939874960 33.762565097842788 49.644918961548434 21.070537596011086 31.309018576806935 62.263141116930818 31.135250591076279 75.174692390918082 92.761357086199055 33.975604239844237 51.928830684257079 74.041311794009829 63.353893676278808 57.953725348618391 6.329210022895992 60.019052590911507 70.741976504817131 19.613655826930898 80.148963127219503 31.608755845467972 90.059484499099241 95.003366554780939 66.409985925371998 64.002685585651889 60.289738927118229 95.373868319159072 69.730875926440433 95.210484332721549 30.769677423304586 50.905820918517854 16.508542521092519 37.940241884163328 23.446260126098327 40.443235557572734 57.558888564520281 61.251639180663375 75.840995287628360 5.190375335580311 22.201262440250012 81.633095952063371 2.537751698054713 92.183887568792883 97.656161962317114 19.978801983045479 69.398202379898422 89.842157852317499 36.607998991663116 50.159821352452838 99.064454992684020 74.578457071540541 78.562668176230105 23.446260126098327 40.443235557572734 57.558888564520281 61.251639180663375 75.840995287628360 5.190375335580311 22.201262440250012 81.633095952063371 9.179987304032188 25.860936344718908 59.677223740841143 98.866959301213726 83.598166210272893 68.284537753403100 55.080162909766074 99.934169772231925 71.019436459107993 61.200675962254593 17.721055093866301 88.604716515804199 48.759572567706975 95.622485277212633 63.060529776747906 50.177309834624815 42.286276061590847 96.770548601635127 24.926389065200784 69.806018955187071 1.053815575597550 84.323006729568434 40.753599848977807 39.850252380548923 9.807912124213757 99.240917480537107 82.749026136649334 65.457222171804247 74.724704912489642 46.879591037938248 94.877852339350639 59.737599218788581 64.888304590268930 73.721932742206903 74.153938632339660 11.148662024067047 28.608491498269505 13.873741507703730 72.979702884443029 27.399380400678051 80.789320780225950 3.941597694062704 32.758166012177448 14.905400314077033 2.393592280675005 57.799494353757396 12.228105018585822 13.849998543709008 8.448975849146400 72.035124241384239 84.473633368364034 86.252146361370535 8.091736645376679 25.690303199200027 95.489869423611523 87.525131756941306 72.961578287917334 48.745261116094994 60.479734864522172 51.575636065793148 17.123661429481430 89.988342574981345 32.373506626087114 19.138125474101031 92.011970239106418 20.717957199920502 61.280192870552355 16.546410872408256 82.919371959236372 37.802784929845402 57.789937158315283 71.246032545185869 64.742128940986603 22.399487689579310 17.209157427966105
8.444259786622489 37.322216776979644 11.314769211951258 12.433225772083656 5.727405934289987 31.512368669772840 95.355291087260753 78.738155845708164 75.512021400425212 12.637506845124991 10.874155259543217 22.558772513540571 61.020068289395290 14.713789218523365 1.229504893522038 59.657873791451266 39.325321567313232 82.407730227521043 18.669897811874435 82.014093967926158 20.204162769238387 43.301850461580059 36.002283754740418 56.392639113060483 70.512283094885873 49.850674617678195 6.266823938005772 39.039827119665738 55.727668908641448 12.867167205997399 15.806282957364049 13.460306348150619 20.444176376703361 24.993061238234947 35.091348991976147 60.779482698179230 73.420677210590469 80.332088149505836 19.027334710091836 33.331159849774785 25.703990506825114 40.118573647543364 39.230752449150977 33.088290400665997 61.977936975727587 87.500870166624537 56.431606496403695 67.690966026617161 29.925684600766054 1.709227436027416 42.034405500841679 7.785023468598650 20.662299789677352 36.216307234457943 67.754629469688922 95.492380270856046 93.127831973983660 1.689552595955601 74.952639284148532 73.897761028432768 44.829907995276031 22.471543382203475 71.350132210283590 27.118365289019930 74.883692504678550 78.691839965161208 56.169378502696610 20.345230733862230 80.883650573751723 35.641101915743242 3.859853856882811 85.025077057779995 23.153646735911281 80.463189191883700 35.818590275752570 26.715087822598925 66.481241710295578 87.222519162199447 0.061970842496084 74.408359577977905 40.568864510023261 39.301381630841135 66.220828034394444 33.225775972106810 12.991593029631455 17.694855704961064 96.418644784206236 58.882418552184923 90.832813382266579 50.918115775600917 96.023520250763511 40.718339772183477 93.736613733985649 33.560929727928404 19.902909608292418 70.154384646798178 92.900698278179163 10.374208802370799 82.310237890401098 26.225887673071611 43.390789797377984 11.318730155834567 67.409811105725097 20.458240040174402 44.931033612005365 41.922562326241199 73.200794684902576 59.448100117921420 31.596710419622319 45.144396908684669 93.060116848208253 56.477684186559941 69.658600087459078 21.516780316229134 9.890124476592066 92.530981246155534 3.508376873408248 78.366223123321305 66.575378561420024 51.411225795566736 84.299137823537052 37.194478176994693 62.795039472985280 18.967775012466959 18.967775012466959 29.925684600766054 42.771060151509630 60.264260938997239 73.866919256008273 60.828179740408494 92.754906386571676 43.817460218034313 30.042004932825193 6.210291804094304 5.430043175883903 26.738635440734537 20.363911578986226 24.956458662849425 53.733694835215630 18.308156359134408 18.994142252253020 90.265478101612160 20.431988478254382 75.130947821876177 63.625728368007891 87.962339493413140 55.081328101157510 82.373991005232952 98.635952188842168 16.545556427673660 57.973700779901570 56.809783396010630 97.198040125969229 77.537361840897049 9.177572173099557 74.691141008596276 11.074623487115842 45.627555893671989 92.155449301142482 44.188587907767094 27.549810783250361 65.240319681729957 13.733616533437631 15.666484230499734 18.772706730722032 81.387762758248442 74.421517519325789 6.539433657032401 35.741786142149358 81.241339000867953 87.268635061875798 94.334067740493140 48.307504553278527 6.901775877305305 23.879656589186226 37.196140401112075 6.174025322018329 94.494358233837474 82.568402142455270 84.072919808325409 29.175343468367476 12.896285835368005 91.703703415399588 8.813906687379291 56.076294288757090 23.146542922802528 50.930904768928897 8.813906687379291 56.076294288757090 23.146542922802528 50.930904768928897 37.670037538292753 36.273749709757887 14.839313063805514 89.460255117857045 44.712691381757793 82.933436878914819 89.460255123586307 44.712691381757793 82.933436878914819
88.247604516246270 65.354066883353809 45.757254453043181 59.324220590360021 52.544945469955920 25.199751910695177 6.320643215462218 24.373991593961620 24.630087260907864 97.392834170546266 68.089450507243782 14.699360579390564 35.913179489869208 39.642909643331507 31.983000119133600 71.897445483633433 71.793797077055729 50.602813898523145 57.041116964162576 5.500028618299579 91.115936682716395 95.489482238583406 23.309588604569388 2.845220128775405 23.543888055363194 97.786361902876578 94.619410809427677 4.443378815351739 31.809986619914078 11.564291102239000 90.024032891393105 72.787554382818243 42.513844881118899 48.118739833580662 86.427759144867267 19.689987174072009 59.920485373403665 45.739470055968724 93.092376074462422 21.465451495718789 61.530494669370903 15.730499805886765 40.116590978543165 49.468162023828995 63.790241149535134 67.873155954979737 66.999034953532117 7.183109687820854 90.644795026932854 59.708898921297390 52.453167903483113 53.714257425356060 53.478631817266177 8.151552836717901 47.357802526381178 87.554174250090682 11.956600625138536 71.122025608781072 3.883227505785969 18.630720348494389 96.350094804996942 64.970951681858651 84.423481926919251 41.894119885136924 55.043176106356398 45.468055046851610 19.588014934333486 65.389066457471074 78.699060381290735 43.328946810673720 89.244577088748073 70.354810115752514 46.074067641654651 56.571360025186436 32.819938719405641 86.799321115034942 32.813285364985248 14.168555194152599 74.227362132011464 73.203594318075176 75.479376517655965 70.980048277152335 78.170351832772013 29.032147193232159 66.636279868175833 94.174391160846042 27.158334940823458 0.762122529022680 17.734743612802571 98.311003785027296 20.094275018928119 3.359232049576333 81.090506661400482 81.090506661400482 48.060445380421569 0.978365138855697 54.122353526567139 35.816648351599746 84.986603920441311 47.277167970814560 99.491236724552039 71.020443393724364 90.506399069747914 0.371473652191823 10.479200025086509 29.842266812150498 91.834598652171124 61.711634118037686 94.083569711449186 46.864374352721939 24.192266276739549 99.948178611870361 55.606568188683482 91.330740744749036 48.108582524107611 70.385752503291982 96.123347312333863 30.366270064615343 4.110870518066367 21.697665963914382 79.648338711778749 83.953300066911680 56.686932489551467 4.683548913749346 99.886071186079022 41.265720281803929 9.030608670028739 71.245715992051444 10.933384845070272 43.483465111059338 84.922707668953649 68.375028231640115 26.933895893092274 27.560274259142826 48.277719095259862 15.662658397600360 48.152732784741573 14.696981010827969 30.887525335598877 70.938942359738434 10.014871213914533 39.911404989913748 80.519049704582741 22.474912043430994 56.695895732006576 94.229269853931214 96.814363515826457 10.014871214325904 39.911404989913748 80.519049704582741 22.474912043430994 56.695895732006576 94.229269853931214 96.814363515826457 97.277613365832153 43.050765961137117 87.624628705925289 17.131453961397469 18.153618763737732 50.439920181477419 18.137889745812064 53.016469985366044 19.869900571151856 97.312253558044873 35.171196309569993 76.086965060442708 4.872089239014487 56.741596722561980 5.231748935854597 93.982659437566767 45.366452160953976 21.274349441131513 37.541459676834812 77.321029702362409 69.445175036063887 37.754737036507457 69.696517503368355 11.609997900490033 64.668885060567092 52.062161995125798 62.238059619176809 39.135252395498341 96.260480173482421 20.716233992110954 29.623788930772797 36.823239459982979 89.168180717932117 26.546266868711619 69.020172693366121 93.513649412311551 38.928744878573575 12.036793238250109 13.948062071227451 77.083271153291093 1.311790638853561 63.949173422998804 96.262984050780858 98.872223015301557 17.870341719278326 25.245702734687491
35.173724412389809 13.968131921134997 36.737997628077224 7.597468119006400 40.741550502674784 29.209121012531668 29.167026236329939 94.725423920159557 57.826545685631139 36.813872530416347 87.951186046884175 95.530126805560911 83.683769569332497 17.272066252838634 33.249431741206749 69.410334214003527 60.142843482979870 16.623287209679393 24.213442304416098 52.013001100965099 52.013001098673925 29.846558442380555 21.186973246213135 25.127164754846444 51.369315284315618 66.567691428996923 45.736045776295533 7.150987440732070 96.220703342946805 80.015085626470722 66.382233315549797 34.495400442047696 84.027413032538618 5.681585563345203 29.220851665010471 33.510957094186843 12.131183551805213 37.315155765622812 99.508669692257811 61.184713170291140 94.943400652331661 5.978500667524045 3.793246724578392 5.729775065556552 91.973890174354707 37.834309670125442 79.551888217500704 99.310509761671412 39.065658317905402 67.845750889041739 31.849216391545752 81.177632010610381 82.497025022259166 13.248151552293086 49.790777405308539 5.291093593479923 98.736599059923478 4.330326450868838 13.633945834843908 0.073429795170810 20.494273745696802 0.429292530222880 65.350106112943095 91.058006525110727 75.796103354556024 37.326617941100849 82.448325889711285 83.234077396709807 6.175419289377215 14.656991769205041 62.116685662393500 6.804459979525124 23.979290757724126 45.370768788434226 71.817231936909906 87.590900572436894 22.812176487317338 98.964115622893559 5.776084162098871 34.632552459021070 73.231692368780514 73.718222418393736 16.212220341871920 58.116610715492044 4.530840921883728 0.087878043744372 94.256955924112191 73.276878407048329 86.047373049489352 35.473188206022556 41.096737129299775 14.379904544843669 11.777682245726851 93.634615712321093 87.622053908653811 88.165816414820469 21.351575104682276 91.495826376768875 93.741825916309708 70.795493674808938 97.214979258412868 53.270513480644766 46.375984126829728 45.044054850953650 94.061003711719550 87.861663592003296 14.086838210431395 58.105485523461553 7.432915389127848 49.811590847434694 35.168656748216790 75.629409309106194 89.683137150545519 78.677193687198951 80.637040804533754 9.344914565807994 85.386664367189496 49.079626193830769 63.415104298785643 65.244216926461917 80.407925321647795 17.958640924362999 53.266019644108518 72.613181238187408 75.180026847744912 89.656134717865086 36.160643310117578 75.202706349814136 11.674306845508731 47.363547139903716 36.822610886588066 52.856309141292023 27.970177580940479 48.179700845508918 96.341424947800562 97.852813083067574 59.637490210630041 76.642895779016428 64.518130914212705 51.904459853793163 24.491295294400771 32.530524720006603 29.853451211549100 7.737390061459060 33.076410714178792 92.201177717633001 58.006074957831224 47.269987003103118 16.135909711275421 4.109703661611618 70.448176955743065 54.631942668292425 41.699460312353608 74.015464693502111 95.635800135157524 61.955214762894784 67.160546203135524 38.558825004765431 56.185977036145509 15.374647429772626 32.831491926392040 24.504339615663529 93.727304123940073 72.351808088432406 64.738202201274547 71.307638240289293 78.336167603087105 4.075173467891114 50.418551094130478 54.942138225204637 87.643929251059419 26.099101515461488 34.817566941532888 85.714253432658666 81.903491417529622 71.124467464672108 49.629138881711739 22.692257560661165 45.282397773622762 71.645834834646223 97.599487975174355 99.148238866499412 41.580683465272358 28.278469613253854 44.148234663604200 47.987128775748076 29.154155423718553 20.616841330849532 48.696902478358659 74.058798424503522 23.758090987377788 86.532050977425840 89.249162276917161 99.861672287231258 85.570309741383184 76.147312907623515 79.602234917661036 39.570858896234171 12.274684794971780 85.290143416903533
67.984187218613727 68.386883980431776 91.538205508255004 81.498564451172342 14.339589128406383 49.439529644456449 17.624292310725508 69.214380445136342 31.769822250285539 68.312297510911108 51.789691556455189 28.288045274935481 2.777803307801296 18.129311278882408 35.565568836358374 9.282818833673300 83.310329382479452 35.565568837982710 9.282818833673300 83.310329382479452 84.886487113026078 16.759175612901657 65.206264153342858 8.747709828919458 17.355991678152360 2.678840243011238 82.277961898094915 38.894934369357806 62.584145761481480 68.342901642620504 13.663642538955756 79.846205626752621 68.247897323781245 99.148238866499412 41.580683465272358 28.278469613253854 44.148234663604200 47.987128775748076 62.819868253397800 61.051805368768242 14.298991521051363 6.179973663310234 3.848800930138230 74.756125101477849 97.527769927226274 47.831026324970104 16.521645566814179 59.863463876803237 33.956448892038829 63.112275008943598 46.750383175042145 49.087143266873923 71.300824863832474 92.482315043077534 88.733410321068533 44.582568803219715 52.562970252320994 89.710338658057040 24.762498731171778 64.709548365607475 23.985390535502184 4.902383840715574 23.615251167628372 61.727198732152587 41.803886742046515 15.796010689374363 5.319699210944950 16.737156899013272 22.772489763635750 65.333388253321516 32.944734375169304 30.106873872039429 47.312577955598869 34.941987534369332 33.851773827960443 96.458148975455643 93.660006331953895 68.799779904676626 49.049396223468442 76.593723803214644 26.406395221093248 65.478768145723237 26.792920522872542 89.669726273104573 46.733252689179331 83.944062903783916 82.379206966168667 2.503621811690915 71.764061861582974 43.400909931889153 23.843952090156371 37.002640308758707 71.976605602555523 18.988505254514145 72.569832401785732 21.670728549030073 40.381509356612533 5.494549265299020 10.497312863850150 54.958856887642916 4.729793571216168 39.891241914500284 73.929509974666814 79.822085713540474 31.734350598665205 42.430567449601305 72.497466581306256 50.611514276125234 7.308763076226676 1.251563698772362 24.620632624463600 10.750413185891327 58.042045740547920 80.196005527124939 11.942045742181772 36.012691655465886 40.036949757325338 44.434187704510478 51.109034554801035 3.127896482142822 71.982410749759921 43.540226881518208 84.883685762921417 36.956875698569206 68.690332402423877 26.737256516007591 18.888300256901580 21.994682515423936 87.587370852864041 84.114221442569900 53.305982642110806 95.570970171767030 36.744550264802932 12.462203177111297 87.910021434919926 35.084615276077059 52.715265455869364 87.953693628311655 17.943827215936679 33.389838998456590 5.296743182066455 94.034003384352616 56.674730746158829 36.040496528463905 47.348188079315811 87.384900127241309 58.002316866269766 48.746768907810115 99.487974490506630 18.433570822778911 99.491022433721241 19.577878117496116 42.016152374372950 91.051706319391442 94.192754394984291 86.389332719991472 62.430370457820629 36.829939806304715 71.803193275107844 55.881049333723723 98.744275953942378 96.946201609577642 14.995300027099967 92.135487357402312 63.211059123648603 53.509151869591399 43.213659576903630 94.437097756967844 98.672306325478402 6.224020796452711 88.416149465925770 12.176293491797164 73.259007103374103 23.476212156861230 68.608123781353569 96.555251010907924 67.784108785998129 1.814335697194047 33.574067215613304 90.886222226264110 28.262177866159810 15.164182311709141 8.395296064197433 95.816456235165077 76.324868191754376 55.277369083037073 60.029857015155784 88.627725122512288 73.465569128606006 24.282199110057668 53.723344183781009 45.838117269744046 78.867747400634372 84.938895457967988 15.810172656224687 66.490642609297424 19.233902658789205 95.091141413206245 64.632332341332329 79.860382944640648
36.300237297662676 80.378756695572179 52.367676517372530 34.132627599899010 23.704663052698294 73.573095490413394 70.196208280638288 28.902245585386687 68.679785291595181 79.436137153751744 92.289313888068435 95.646425968605712 56.588757238059031 31.633314451736936 72.961478596587085 78.552563122600546 90.338708255088420 87.275458031165286 7.886510114757616 71.034750452896262 19.272252403060886 50.530196324640443 45.915062005015436 9.400311095879122 85.248722538953587 84.910987423156556 34.712927198068869 0.211950593436905 16.443747166201671 50.117262616161064 47.205791028890928 72.195291897655380 79.575550233143204 16.553640177924077 20.107150613038481 12.772869386099838 78.593041854030986 67.599304850365812 91.844002997808474 80.094026973541062 36.353517045063143 22.359732032519762 36.699480008515785 15.758143137431269 29.505811609989617 1.832866743105299 69.285180056406574 6.354451879747558 41.869186893724354 19.166574917506740 72.474646525074846 20.935036502860804 41.004247775651059 82.350429281509818 26.644972421447921 79.703813902572676 41.822214888481227 52.298394139075178 31.830977741317135 31.754932835887363 95.538384964146800 59.713780061837220 17.030121638761830 90.217956372069452 43.686493728363295 71.165563487673751 17.385324459038710 28.916810996576313 89.194738865463123 7.328123108300034 89.194738865463123 7.328123108300034 95.934276205645816 19.532547211143214 14.446668860569901 58.746838661759718 34.294330109047877 47.265638022598175 35.772908108654214 97.822414856226573 30.906268900646914 16.553640162709993 20.107150613038481 12.772869386099838 78.593041854030986 67.599304850365812 91.844002997808474 80.094026973541062 56.300738824495113 3.124778736404610 26.996032529592860 16.781130158891834 20.954148759296963 6.842521092798126 19.563321450144468 39.737693104388391 7.521502200813302 18.657966564957619 31.754932841721264 95.538384964146800 59.713780061837220 17.030121638761830 90.217956372069452 43.686493728363295 71.165563487673751 17.385324459038710 10.864704087122446 50.390233435175055 61.109603165559399 95.578233480824210 28.916810993283438 89.194738865463123 7.328123108300034 95.934276205645816 19.532547211143214 14.446668860569901 58.746838661759718 34.294330109047877 40.145523993213025 28.545026707686826 18.489998061804226 87.275458031878500 7.886510114757616 71.034750452896262 19.272252403060886 50.530196324640443 45.915062005015436 22.753549699910625 25.603634875082825 12.555226025217047 84.207276017306270 38.199392598268403 3.523526649626629 29.353018691578502 74.790097435259810 5.353529111139988 29.026762383504547 30.583747059432852 93.794064315575085 85.248722540033583 84.910987423156556 34.712927198068869 0.211950593436905 41.444969433948600 43.167690130451376 55.487793356178017 96.910603019411894 91.722744532151182 47.981000059411230 43.898585950894095 16.646223350794852 26.019633892504590 41.444969446002197 43.167690130451376 55.487793356178017 96.910603019411894 91.722744532151182 45.634067760944006 14.761437606496530 56.600980242619713 42.618132857984136 23.802777869825420 89.753691748558694 89.684572918140290 36.301848864359300 92.440537289208677 52.122814842454666 65.459922044281797 14.351676665873859 95.335748927944238 2.382945485885735 70.162545969848722 2.330956144170915 76.601627995713756 41.925107994122449 26.491816550881619 95.370602790055528 94.794281158461985 17.479102160575401 30.777409063236448 44.859819920489265 74.089327696497847 87.859955611973334 90.593679414657856 4.183419909659780 46.783471221604358 2.095953072908308 2.095953072908308 23.838873647576044 13.523223195824308 81.108338388280970 77.441562096549717 5.874778034824624 73.508072873561886 31.986332886134370 1.958764880303610 95.772824495946480 27.905150988101713 53.960512485650533 2.887515038160227
29.757962776430769 55.881848259610976 90.623128859725327 46.166331757075149 53.960512485650533 2.887515038160227 29.757962776430769 55.881848259610976 90.623128859725327 46.166331757075149 53.960512485650533 2.887515038160227 29.757962776430769 55.881848259610976 13.076052366276114 25.785561080630657 39.995580616869312 63.358284595509005 38.443994860504105 24.714232557647254 63.512688730020471 13.637965260355822 24.476718343107684 16.492704368640855 93.954432038913211 28.614130256784797 59.719116121890991 38.576895214810556 23.412196806921347 3.896807942731007 85.197842562071074 95.171517194478753 73.419753971644056 27.883369454944518 28.584715291663965 35.046486551488663 49.141016650545353 88.653676766304926 72.423612856240865 26.050577065951931 82.214004170302843 73.939355139592621 50.319101175543857 33.985202229997505 68.371800226158371 53.457251322306284 0.378461084150850 53.052919721640791 18.631461573187480 80.833422075594768 76.465730374845265 77.212403310349359 97.050841714636874 85.908836923650625 21.386850582550444 56.374816571817362 89.548187150762899 28.830281053604345 13.242863081064282 72.822716954027342 93.852175121171584 24.893867058027030 34.678698627391483 38.712244590152899 20.463253185136388 74.507983946771944 60.987909281486232 88.577320704975051 11.272079072291897 80.833422073135935 76.465730374845265 77.212403310349359 97.050841714636874 85.908836923650625 21.386850582550444 56.374816571817362 89.548187150762899 98.298557636723245 81.259813623429196 48.355740458276443 61.244403199996469 94.995051325134156 90.341362533816792 26.375629272037237 54.513940562711880 49.973017351490789 79.712458016363613 6.671862380080218 3.877919885008718 80.269289503431153 33.864543158696435 36.123468887355905 64.964569934557076 74.256254351805765 34.118416746448510 39.466770497122383 86.921825559920521 95.502661656241600 85.323197078571766 81.562089115128799 95.028916128589486 48.250455215378210 7.280727852603053 61.176678924925653 3.098802413359680 85.022278716455673 13.693544805418567 38.276685110719868 38.828274839421525 12.472594822365689 75.230696660170310 32.875869269043477 10.097245727719839 63.547240114820937 21.834279419835344 31.151241011063881 51.579319980169956 9.361718645359430 30.321589140559457 84.463928754915045 74.317367536647566 56.511449150191915 93.732895168676919 59.281127892963724 1.615405502474210 94.192236558136827 52.936660220239659 69.294642046271264 20.127921529464633 30.974046093232822 96.544642336700932 74.071677402160489 30.490502395096740 30.691999105951272 83.751667924315129 74.825583143084103 51.986807379421606 22.868464758051353 89.170396054778038 40.900594701225010 65.292544813260861 0.509395327569051 60.466472882583112 0.649984412662574 10.163501588743207 55.203913301689845 22.331495555535653 75.373069892584738 38.635938407877148 45.738926758325327 24.751567673605955 76.947117748604967 23.493970268116350 7.225910466786778 45.931249336993588 63.396647166151844 98.607795800511170 5.231255234269550 85.366801814344811 52.201994077566141 77.263245950930397 29.504202666079426 56.905756790359952 71.831454577032787 33.731144369663738 96.753811281984284 89.084279308063444 87.703433306991059 25.885626893331569 79.746440895795004 93.959791677062896 35.925222126497090 36.942198318649012 47.738557870938727 24.688028015110742 50.752502874201298 76.361496089607272 55.341193602703513 5.010581724636998 73.919103288546054 97.060009048324076 2.636526765329661 35.342515785233672 56.300981657614855 68.846235797993529 57.231552151260992 11.396544976479127 85.255788805265155 7.031527041295849 21.069408475616470 21.621511025236039 60.269963872427098 13.070763772786730 73.871840436861731 62.370137138984752 25.162786052492248 54.475554968050943 13.070763772786730 73.871840436861731 6.910363777302586
47.132532450126575 53.046266999188418 44.855818896996055 30.645920383269786 32.917046681236570 81.666176118818441 90.652295942683338 13.579190851595113 99.215036297426437 70.534759213528417 57.295145051731552 28.444882312987062 65.573898261607241 3.373427953747665 87.601271600607106 31.315910666699565 54.999302370082361 31.196394841074270 61.955923932733626 14.551717197172408 53.011789909459992 58.726756130291150 20.573988673738640 9.114901285445887 49.120070396914564 73.228225441155601 60.070756057226980 7.423860476585520 14.513996951108821 87.830036112432381 11.836720545431534 86.022797492632719 36.276131958983356 82.642244693553252 46.672837128925480 29.888116728487070 14.155340637739311 5.104534112797698 64.072793171156562 3.717206352926539 52.901956802755109 62.416232231491321 31.361108229525701 8.175793844516466 7.079024547740797 3.884179013102906 43.681076834466282 94.262716295048776 17.583835801174040 73.003464108423017 72.154257106519452 48.632353008969908 73.384615318926947 83.861844973278522 48.128402730029642 42.469893965231797 81.624126996844211 14.751454322577850 57.060838330489297 95.015403563106887 96.800091260812621 43.490582909838714 71.685076443753644 39.938915478571111 7.353516250492886 24.450838602472636 65.772727799129811 57.385313512259785 95.545633081585351 3.408188220379593 72.274035443926564 87.965091358970170 61.524377183862143 31.905185325312136 24.223303040882204 31.645520014851712 53.065761593872828 71.114435358224938 55.537899777736030 81.759390177613128 9.778605028653741 84.164185880467954 59.846751200804803 11.847344437202146 62.734406761927730 95.212691860663256 93.964286406835868 63.029559620818802 62.484530128245986 90.546075654584030 45.705217106434645 14.393542733293184 56.653228975393965 18.006832443740738 50.107234396411272 75.859014045097723 91.932380680308015 0.908799900966795 15.102470886375318 27.230988221985498 19.196522222998059 55.344167282172549 41.104293240276732 33.809264496617374 80.145733863240821 18.515233223554883 77.753985325487108 16.062517032078105 55.863978606597406 94.511544465513353 10.327420337764416 92.684473653178856 41.761727962310879 24.185755016671663 74.597131937565095 48.423305517460172 98.165179955694242 50.249838326040631 50.782636302080675 13.653629892999209 86.895576252832527 43.914858172794446 59.399273435040953 61.985593802457871 85.544096131962860 15.593705749044585 60.899905426295241 99.227826814896403 77.541657152010359 85.139433331224964 13.223067251908127 68.052250038077759 94.607370553735720 50.613067012725921 47.425448945382854 87.538527182370473 52.239375468403850 72.518536488364120 80.803539454002092 55.817588349635294 51.808669606683885 31.145431165702309 64.904572718793489 93.871075985807053 17.806084400325950 17.375102431200840 51.925784597079058 38.634645500064735 92.643285215441352 81.459925867329673 34.208796555086764 81.797629725331916 83.288426263141687 41.751635012282229 81.507695682667162 2.565729945280115 45.136309768670849 13.555786936982283 90.835824125287175 2.137975979245732 12.548946409708927 25.588079144279508 50.706765390585403 89.158140378081157 83.326332713385227 62.962241504663716 76.618435162475137 2.458236155231619 13.399773250214086 99.278333374250764 29.687441240567335 53.207366161721438 12.537372946170178 9.490322295598174 28.663277781913287 28.663277776714725 86.568262206193367 0.006879137798155 97.853964807723372 75.097113806587430 94.915340317577133 41.749568919892674 59.432579266694496 12.940207563965734 81.499458262808361 0.751101984414604 76.944417586463572 52.982268367930359 59.502475618309724 83.241617381243444 94.849831088088948 53.739104087364417 81.499458262808361 0.751101984414604 76.944417586463572 52.982268367930359 59.502475618309724 83.241617381243444 94.849831088088948 53.739104087364417
99.174046215329355 34.684458039600585 73.495844778626847 45.190470802602356 28.665442097789040 58.318021984085654 73.273327607752975 43.359941118681576 88.608096723587309 80.513857237352767 61.322217548511063 92.136625330276615 45.806263105647524 90.643577285531734 28.716585317796639 13.072693637969246 62.116695361769182 50.418271044421289 25.592746450101679 30.499416554837300 65.345188178089202 57.343289479921154 90.727523875454580 33.807267236012549 92.730338473488473 45.705217106434645 14.393542733293184 56.653228975393965 18.006832443740738 50.107234396411272 75.859014045097723 91.932380680308015 0.908799900966795 15.102470886375318 27.230988221985498 19.196522222998059 55.344167282172549 41.104293240276732 33.809264496617374 80.145733863240821 18.515233223554883 77.753985325487108 92.739825100688833 95.714002784415314 96.029041333598258 57.592910095235354 38.909179149633580 84.004230498122908 19.354848702666072 22.978880848396866 62.846783977089792 77.971760617260173 6.043867395148073 57.034576617154066 51.251006803136434 46.635137523961831 19.035600393386829 5.534913119377228 62.986143725927377 12.318303352281390 71.536546233257269 55.200861487564183 54.737333621870853 32.965154912527680 15.083719872651358 96.978846980259803 42.545274882427144 40.377517748386339 62.673266758873766 4.013695685550312 94.320936259577550 34.765413075835269 39.615142504093214 60.618103862323046 35.501067173154468 32.280767821541147 29.375881781278089 5.346006290406846 18.566625659020087 65.882962999198654 23.316267787841095 10.494033547778569 60.899905426295241 99.227826814896403 77.541657152010359 8.880989465428446 85.139433331224964 13.223067251908127 68.052250038077759 94.607370553735720 69.914255297266337 18.537061161038704 88.288258888624938 0.259227931392025 71.306604717913871 55.984730988861642 3.274227488041748 9.976510344030698 76.510612771801803 88.071862429181451 99.372257377231620 69.215742636907635 6.657713981765800 63.595136026240674 15.331645065901277 94.320936253907774 34.765413075835269 39.615142504093214 60.618103862323046 35.501067173154468 32.280767821541147 87.538527182370473 52.239375468403850 72.518536488364120 80.803539454002092 55.817588349635294 51.808669606683885 31.145431165702309 64.904572718793489 93.871075985807053 17.806084400325950 17.375102431200840 51.925784597079058 38.634645500064735 92.643285215441352 81.459925867329673 34.208796555086764 81.797629725331916 83.288426263141687 41.751635012282229 81.507695682667162 2.565729945280115 45.136309768670849 13.555786936982283 90.835824125287175 60.813362666055092 74.178775466935946 20.889925030160651 34.770668842945319 86.197602771732903 30.401194175141597 66.213488166165178 31.615641997010901 84.584809942744826 58.943484342547336 58.943484342547336 15.113756535890632 24.686547237798084 61.179781736961417 29.827791834793672 81.372760671516460 63.707557693817115 89.428024363774639 56.858624826122075 66.753309552941559 45.445137385450977 77.290393991417758 69.881327621985804 25.440568309559787 69.398234611178992 2.977708001009360 96.991069443455785 42.312921404321088 98.980082486523614 91.591230433031512 50.421534619628339 88.303306068832867 25.402143546061239 16.511864849719249 48.619057811600619 35.977358490997943 96.372321638083520 84.840304154729012 32.365902536648029 5.940993689179342 65.506600129991725 74.879473194287627 47.051186978621061 90.437881606964240 62.848447869607391 47.071203822724591 32.653502863215500 65.433721324389893 1.021459000102432 67.830527396718338 83.177435268283503 31.868577498930261 5.503876235825933 92.597568634561128 20.102702982210495 78.969493524712959 11.206334429826281 37.941032508889684 3.661749927412339 32.308904519090156 78.630497478366877 25.516165566025794 63.158026388034180 15.304109349059647 75.161842777388472
27.254102331672868 0.426742477538133 0.767704386349277 30.463832175811046 11.174042561442254 11.158546287305526 21.431381196494016 4.324636256889869 1.952332389272848 8.697428053028688 9.850479786782994 36.077931378616924 21.373221980935277 71.197029060568397 55.289808968939781 64.642096173083985 74.221616710040905 17.598207185430880 56.229720195700281 22.685205362101581 27.217936759843631 6.912887641367771 89.183024252132029 72.061868038888804 38.052805576399095 25.749548025907476 25.685715861609694 92.394731136300592 36.666310615369078 34.729133299613565 53.654937193305443 77.969469225580596 68.810727005631733 26.097365102846314 97.456318040839832 68.009653021690468 61.524625737117297 20.211214584652314 20.679313955246080 93.163303864239722 12.529302712929768 34.182071226408418 61.528983240380619 34.729133299613565 53.654937193305443 3.172318213146519 28.496614254268515 73.981871322285699 40.468133449893514 39.558709754610810 53.519940437172679 41.498339064468439 84.220044366242192 93.717451857673780 26.966780077789277 73.566880061799196 67.767788973061599 36.647045017189242 91.387854448442368 21.482897453531436 72.670404239311310 2.012161517937061 68.649869501598374 91.569694030941278 17.192291151539361 74.610115879541311 21.130477030318417 21.604764827114831 9.383354344092499 82.293757061077429 52.391757073338752 76.485195889870297 44.217990165527866 13.184499317762144 61.450358804033357 77.280465326165753 66.169959104627239 95.393407653075442 9.976340694246410 97.988200116140703 80.122457145889697 94.330119273979847 13.170131428445908 99.845436934103631 48.074861628096563 70.186639098619992 24.527464395277775 3.693247043918324 18.937498266674336 90.419908722360873 71.888286294726626 5.689825509035140 91.449993530299054 49.426653692487356 46.474851325333624 1.981076450635666 30.183737476532791 74.495075571440566 24.517677768486923 87.398305615202915 99.190231413724604 45.151122598838256 31.756425389243304 21.404636442523671 91.863862177236300 28.770161780860892 66.355966996977770 32.757944195061242 92.385787570426174 89.517601713187773 43.109659996004225 4.619037473434185 39.696864737009207 84.664059161476573 3.408967408294883 15.842660461190871 14.263280965470837 85.312116672860270 61.575696065728394 6.228921290931022 39.040568083237048 66.204012432726643 59.681315147892143 28.485583516591984 0.480322957846879 84.855061672684784 98.849400375626445 24.095520852403716 29.299775097806137 90.210720853868224 69.970771695516561 91.481126432163819 76.759047411781168 76.191578708692191 33.185109817535476 32.409692219951559 8.616946773947443 69.262034015144607 12.756273996965394 71.011455164094102 56.036587878032030 97.222573893705857 43.686874234862763 55.554176957220214 90.016023824024842 57.865557793357972 51.578635259546033 97.336665138815661 90.649676493563391 60.491628996680824 40.561807038901577 12.592478446564371 28.259214644486786 85.416112471800403 15.954751688223645 50.702489005727550 10.065281689995064 72.702376832826843 78.244760805057595 57.051103083141697 91.581044551496419 60.106554583845750 66.070413959496491 24.351917706444858 15.015151821142092 73.823319725344902 63.583656580959847 30.935139707467908 51.578635259546033 97.336665138815661 90.649676493563391 60.491628996680824 40.561807038901577 12.592478446564371 28.259214644486786 85.416112471800403 15.954751688223645 50.702489005727550 10.065281689995064 72.702376832826843 78.244760805057595 57.051103083141697 91.581044551496419 60.106554583845750 55.467503408848550 36.867365543811289 89.474348277958683 51.139261636428671 17.028976650046634 45.705583743128130 74.864987789736944 58.069364039763627 52.274514951910525 16.555206477555384 2.999897904966720 94.068801627295045 32.148861922666860 13.831578749628138 81.416830106663170 98.919704702645177
43.050378893964115 65.924152428585032 53.574356007628744 63.486917407615692 12.725468389018047 56.022030647756047 62.462142062264277 15.385747818922269 9.937244290443969 80.423582513495035 99.491655838215465 49.754249089172653 90.437815556508511 61.552902676842415 51.766383811291441 23.768023989708563 46.269056593679089 58.779813974899731 43.559418301508870 45.088693581227254 41.025760945578917 42.168469348264658 2.203120844870654 19.839237960365274 25.609522146335827 34.394492750024121 6.164401569291467 20.982086194749982 33.899186851474660 58.519515407819576 20.243175115210288 8.729011464360003 57.445438623596779 90.738157108135582 88.690530899721480 31.291812709992030 67.926977727764708 24.214536915465278 22.769086143604877 61.442978869645216 4.102436102605611 7.203221662398906 29.666158988734491 66.420124650058483 19.257386483485249 68.557352721352743 86.334664503313149 88.182696364423180 43.727991047485318 61.587316023959318 78.304450976261649 86.354437585366256 73.063685125013222 18.036183389174287 37.027591302858731 48.503956256571399 56.301570824268019 28.915029625799182 91.485876104316816 19.893318868672203 19.218963404576971 67.532375978021690 71.877152547586959 89.149955243944959 35.916197802855422 63.101342139113200 10.829570583689229 29.695606352683402 98.165485342752078 29.271076238660964 37.016504416455035 41.592007665788124 62.693221999817602 2.922594325323136 41.202514782381407 15.666804747257467 40.047062105885722 74.795572257189974 50.760911522606513 15.118632214836691 14.078712042503660 82.238413956860654 47.656322462094927 24.636326373583007 91.473774390359580 73.866909477539494 98.917690321833362 42.985839712295714 97.283688163059338 60.077184364924683 40.725363340183549 56.538850970433266 61.873181754149428 58.531072240899348 8.820641797470453 39.470559257688706 79.375090358787403 5.438512558183561 50.174666836786216 40.725363340183549 56.538850970433266 61.873181754149428 58.531072240899348 8.820641797470453 39.470559257688706 79.375090358787403 5.438512558183561 50.174666836786216 96.725659598910894 67.906186253099946 69.463903636101236 13.036826748255059 88.728031371482103 23.187717172490952 29.246918487796414 65.567575699742164 6.221068707723088 25.269352201782258 47.189956547876832 88.058069176085070 7.605398807123509 36.909442335796406 77.078393088990225 67.262813790568742 46.531371790728116 86.196499853792432 19.191939942286986 48.963847858993049 79.683499372794813 20.208256662237577 6.413074340714441 18.559450901512864 46.215060195656690 59.867579135869505 21.085630649289456 83.620926922642397 49.406286522324308 44.987424040972932 76.281621595649725 44.987424040972932 76.281621595649725 77.803725853840973 3.479054318540087 3.477897665636520 52.447680143627430 14.753759002755206 80.102156018109937 10.249042041776047 10.011835986861851 93.009036222789661 43.692692079887038 64.939720215043934 12.585786125811948 13.998858353616384 97.919024544829512 0.645214354507850 91.440664616865206 84.059608514446353 97.415048614622961 14.195321519429694 40.545749520519983 81.775300318578019 83.764594452160296 18.764351535645783 7.046905828832150 19.810622942223088 20.263756400779918 61.528430920936160 55.151750156270261 12.561821102225323 55.481355348219196 44.471256795542089 89.928961652549503 48.871052366561116 60.938286605400783 35.483426505217551 41.565220677243431 50.003600632310565 93.039860269129946 53.528548032454502 9.966209445738505 92.936268478931581 16.585860966708054 40.604914179836804 2.952401400649884 45.256350527053591 79.498848890820383 24.983553265021484 70.503417416742693 42.174859937251419 44.985242401345992 55.813465180995692 18.650900808358806 24.217467407441873 54.228883867094581 44.407908784251546 95.018897729478155 35.767562291432156 81.176192525518914 70.465276629654468
24.482399544515644 78.229818406636440 75.185301758901872 49.937536174832566 55.613767988809904 73.514133363892626 78.274057192976372 77.206216844973625 19.272281598781394 52.832734399523375 90.549856301495211 3.406908771287220 42.092685733978762 94.395358865399146 24.301886567477027 28.979438357253674 45.634344093365463 61.002783661478631 35.321724285229863 34.211895793292513 6.063873551887222 16.762573893964962 22.266541853946386 29.379850554792910 37.340246820926595 36.476121261708762 47.559820527230009 58.116420609024665 64.668721429330816 69.673059612418754 85.221135503120308 25.126582971977975 14.784409631963557 60.499430782327558 49.110976307650347 18.659986644709448 73.317872098054750 18.382299248005872 29.183169697820112 4.146903657125344 63.536853675666329 47.335016526291916 46.509194867525153 21.533347470656249 16.438751493945027 87.074358243675675 17.958047287735713 49.993772919510249 64.218297533864416 14.883164274953298 2.934873540540550 82.021464527670446 94.069900888346965 92.545956985833897 60.135639724973210 77.485450528639120 20.535267685692439 44.150869961139819 95.644971966405862 50.116050946379673 93.798288151254866 28.056006349595897 50.116050946379673 93.798288151254866 27.882727257394755 43.448071886798367 21.611028393562059 57.542987706453509 46.350238237949334 49.696857748745984 0.912477699585545 59.738896706293133 49.436039557449774 68.823063474051665 97.592442609195956 23.347154179683450 27.359439080537463 75.135542917478290 27.043116960424072 43.684976825627906 11.384420695298259 84.702517951601436 55.885991955227333 51.349153858953770 79.734620316966911 39.017639878761969 65.079322358771833 40.564136669372196 24.264610603322566 58.933306659532988 11.865530157992643 67.807870696996773 76.430478714555221 12.129670334690967 53.753907431369754 20.931374171684524 39.823257177058203 8.095653341809882 67.241955028997396 41.721713739603175 12.772265663318583 18.755230636040487 36.982266662792455 41.968356142492510 8.313159652766533 10.834428361261828 0.196861845788110 52.563680658607915 14.157547736951038 91.573134785868106 75.229588533219896 93.381501624833518 93.290761656922015 16.739279320724844 31.213970820050530 32.580265977635392 26.821494996146178 66.494100377313472 28.395620719941284 59.488404345903056 89.490135994468446 86.108735390053326 23.486244457905102 5.303470465673465 49.314201426048911 14.157547736951038 91.573134785868106 75.229588533219896 93.381501624833518 93.290761656922015 16.739279320724844 31.213970820050530 32.580265977635392 26.821494996146178 66.494100377313472 50.250276671616348 31.873910236847280 78.323336657183191 4.735323446200002 37.617951351596602 42.771962614140257 2.707599304318720 81.017645658141873 88.951330322290275 79.835571227476265 44.446271437226301 85.828096815812827 15.450288031133619 58.662885268556700 64.345826802568098 47.989980712699875 63.161250641572138 41.767821096682511 56.877933635468501 59.729623901538645 80.098955190426366 14.238890778708024 25.882405995136470 58.662885268556700 62.927940463559651 92.393370035531134 74.306617310502233 67.783624151341499 31.984237727509324 83.108221391378706 19.740194421773751 12.852433878288283 9.775555981011163 0.246261416179994 74.411831664095331 76.426147444169459 74.069057953785062 57.404738008070119 72.589073890173808 55.504368521693593 36.977702386090947 53.594513601827146 7.950879557291479 47.616624617548240 58.865904641959062 69.380021634691417 61.167884272432573 13.078260770820716 44.014424526545923 85.822636778078262 69.392044569696466 42.591023691564409 58.381848783592183 67.466051094522783 82.017793197876259 16.879818194422956 38.300239226753206 99.451160908452636 40.559837808316388 71.910207662889363 52.995337453077219 92.655206058409817 90.778355145230336 82.080292210606942 56.886372495035417
45.215458129928201 62.094003559045809 70.331425521641890 89.728811085362636 31.791267605247885 17.176022014343019 48.355086670330017 76.438026472838942 87.343851995724492 76.972603750450475 14.635074746000875 42.172563581517345 47.064523674561954 0.743237158483023 89.497397398776357 88.667889562701646 63.815674562693324 22.644811001812847 31.574626072718459 67.558518887415147 9.995123336675270 27.744080977139863 52.282727356938693 4.085152498037569 55.237807224337963 44.821602884509090 58.980614403084061 74.106687761630425 59.886941921827862 75.479187572209611 46.748882949621951 90.826208422634338 0.071588184762250 23.503356889192162 83.326428704679984 79.024704357496518 58.431531641955338 56.589523425256353 37.200595290077963 71.511669638256208 59.578956163273403 70.197567959057167 42.888017518024121 91.416094985971924 42.512694087658730 44.478668799097477 46.269530378140388 69.380021634691417 69.380021634691417 85.822636778078262 9.651649081986314 31.251573603244697 23.931788768104123 36.263382211024044 45.832144748414329 84.458033656311912 72.310590493799609 62.930302359449271 6.650926976075711 56.679239641667820 20.328957966057281 41.643823298024593 39.397063110105101 22.730965901140276 63.749463675958509 87.763282831597849 80.628945077289714 26.097107158539391 1.022932688570033 3.001991100336776 75.979098127569372 83.074419369693132 39.958285304580734 63.734101922536858 92.317596934635432 17.567658686025677 8.498259453926838 50.645280191978955 21.471793161574237 96.997315590755264 40.850164033658665 40.940404024758884 83.121447757015858 38.833607935269256 62.690926070196696 14.633297282255631 73.293593925519986 62.326383876079852 99.890138093766552 90.985748888871640 31.344582444269964 46.855551330083919 3.859888197827877 89.161128009276567 11.154814036326155 95.795680713954070 76.192000565269240 53.794185121668825 63.244182539562608 73.742658044039203 65.377977671826159 23.394004198991691 78.759033335389987 96.400926775672673 85.179726976967245 29.815688052670055 8.910795450791387 56.979950438383206 18.872160161321460 5.651109005876165 79.772070469309142 4.915279427307128 98.759773474034048 75.887141667039955 74.312484265272474 78.982591673070829 85.179726968322598 29.815688052670055 8.910795450791387 56.979950438383206 94.953908541203319 32.258434724465125 89.271152583957175 10.503427181829117 97.749800165448335 66.369226602574841 82.763136898892213 32.261240799112031 24.706088355883548 8.748476092269486 99.785866437049819 92.226010307132057 96.372291981351651 74.349462098513570 8.924455509971530 9.878880344352769 1.872975636760821 67.153085469011117 6.854371970731887 77.350261255628851 14.564526943082679 93.517739784497024 11.536673782990704 24.162042242250070 12.778966480745069 40.154233834712585 80.279143398898086 88.845159854561047 75.854138742498336 0.842620965691598 74.349462098513570 8.924455509971530 9.878880344352769 1.872975636760821 67.153085469011117 6.854371970731887 5.015435169912363 11.536673782979578 24.162042242250070 12.778966480745069 49.161621122656904 83.231817926345187 64.020523798848771 28.765335188237916 42.790030714734172 25.187457316339025 71.812152550947843 98.536094853006347 91.812127581637256 2.517892787320553 35.034586980831030 11.480292636938859 16.027244392963812 49.161621122656904 83.231817926345187 64.020523798848771 28.765335188237916 42.790030714734172 96.810669182583695 47.173236176916333 64.570643743941176 86.890785512282974 25.162875092653625 12.009831855297271 40.497604483264361 76.703457620346740 64.969066378266248 31.110950725059993 94.404701669417662 68.418534509597279 79.110795126621355 58.967757177167734 29.394953131773160 29.884822219403173 51.470882489357436 31.721771897200657 79.813797810292925 36.670334837410543 86.203268555876960 41.598651649527596
71.515792174287512 29.887333871066058 75.946536896780145 98.577220096663382 27.901160386568492 31.701937493186215 73.708865826721322 3.530524645938804 88.181758497318825 42.243409353300585 96.155900153762047 72.731653906598638 26.852914879292054 75.770592115154471 98.205634826679713 63.431219561812277 24.223497309730714 33.888240692735963 31.349250202273492 96.464641306397795 17.341273564430402 53.535945227516791 71.075976880164646 21.189664922013030 43.992965096491417 20.818993723076396 64.583880096108743 31.819983928602337 50.797131113010963 1.906234328922896 99.241361382137683 51.371111113196747 78.227209701047911 72.984240163748311 86.193468144952092 47.693484783435721 82.037782537323565 13.106369602157930 12.310790456189268 79.590529993236004 11.387054778864659 77.130106181417005 34.164660830910655 10.556866270964438 97.241872691806947 92.255748578419613 20.924193593578067 50.672917376967206 57.600998795783113 58.414372460703554 23.225940234048569 34.492805913009583 61.837544590595549 12.864989405906435 32.730143882770911 29.922117077282127 68.692584580600752 67.918890327032500 10.018697059384730 2.816945813261418 72.077245387420561 19.176881612426222 17.510331363208010 91.350564270805393 91.444182566017219 62.346305932142521 28.786369676916223 69.468821702532324 50.662683499217444 4.962963352781758 32.921279119873944 4.031386535797809 56.737776093526925 51.017644151733876 31.284219983648875 38.472367778931350 10.762497470185750 66.049283230134478 59.412272425681721 18.328201737011096 6.433386528596142 85.378726580210540 51.285780478054988 9.207280927961081 29.720857232185281 46.926804349342412 57.196281371081511 13.177291121563428 82.853495821362515 11.471306847289053 90.709431454242477 47.960278797875965 51.669549115449811 80.511940385588730 11.078856716116581 69.171680775076922 47.945088670648239 48.610549491436096 99.070173612219349 83.817676043687413 83.183420574687744 47.193832336807631 27.054740896558073 59.419100914387137 69.665787315214871 65.086494946540867 75.104006578113385 51.528644582452024 76.668181230206798 13.181363377006882 86.656956610904771 76.727439296806139 66.325633487518303 53.208559345359838 25.110496601209455 38.605075525576240 44.728133435445926 5.182468872120305 82.401593441005929 71.150150323304004 22.092414095196268 6.363433425793041 36.022417959254895 0.528454381979537 18.480576163945994 37.465329550082224 11.544207631793446 5.444772888085215 31.472074869449486 91.874331088830871 74.258249470989384 0.134444573051273 23.645757779491603 12.435680101693514 29.420903765399441 98.332996651896906 28.909528374033432 27.521979803356434 41.912604972577348 35.142256464437160 56.780689677442609 18.986486220281829 97.875241035472442 62.056034599478039 83.847833326967788 5.570817327114663 80.801390571059002 45.712784373681181 17.179526210692586 47.698520746482941 26.176784763571902 23.040319734610105 7.759907370696584 62.691666095605889 85.347846915670516 20.594208111357503 63.578062388369418 65.788251522361094 0.738334253116979 86.358877054533593 26.282635306843151 47.350366153113335 93.937656699377882 47.386728735419183 22.402221323436265 8.940803523907025 82.065134275886393 35.471360715801467 24.202657769870761 79.785579573841773 31.947629149967760 74.021216809184011 30.424905005097703 82.598461585461848 62.708879162852384 81.965332421313619 64.872725889431720 31.010076871877367 81.247133465083920 86.703346378018693 83.048853649277618 9.180332849623852 4.035006871913294 96.228220668524173 75.793928027168150 95.786800737780709 85.248047722116524 22.682989645705010 29.163822051712152 2.230380060346715 58.923139597145102 30.424905004682646 98.281698816331073 69.498370041052681 78.647089015752073 67.054039905969091 94.810782515459763 52.378457258260092 97.797967300357541 70.117443788906215
60.731576521323149 32.032224211911419 35.496905082087295 10.629860633798248 3.513729825254008 17.744127682364351 20.638637415417470 98.592153317512015 59.053358391947995 78.695035724391644 4.402086764357804 46.936702609421843 37.887679194719247 9.324970792635268 27.423832676847681 70.188036742416585 71.238310630872235 11.253994716632675 62.648976207910380 20.628061919963969 53.782487328162432 62.379542524664785 71.675404037745068 11.727663441363866 43.935865248247588 1.888771503900766 6.007719876032425 98.036816781542626 95.726139778567315 96.561154420911876 17.598245126480382 58.619296981316474 96.266885412208154 40.820122317744769 83.026438246599383 97.737042024918082 72.257890320823520 24.801213022903600 67.500184956855463 2.135964312601901 51.862875871565073 6.262391218160468 84.837704375294635 16.625240324490022 34.059508683263985 55.373934937360673 40.171009526992783 55.580862730123783 30.285417186360995 97.559872887271595 71.548072919227309 36.025365791992314 90.456401369354467 73.962767033875863 77.847108480870745 4.763298724024478 73.132448395603305 10.217583912501095 39.913873004841072 18.946612764528169 67.424735887199049 61.528307618054697 91.670279691619911 4.219250983878908 5.434910580878638 72.257890323245121 24.801213022903600 67.500184956855463 35.420713985350048 1.056708304488541 84.260280898414194 23.982186576718611 30.027577606513866 38.121641894256172 32.384780737081364 0.871285848222025 72.945423057260413 9.008762657678815 88.995757904715262 9.008762657678815 88.995757904715262 16.194143486805459 10.245565213716290 33.362906040931783 33.377300791406952 30.318235360432798 44.634656209056047 41.392939955610174 0.319089349030544 14.216185387309254 90.002656862830221 51.403249934038932 62.714648643453408 34.677609940885588 49.519312127941731 14.936062087086944 87.577365238693233 59.697091997245863 89.906238635948711 10.857366917528788 47.555072103999748 67.714062108960803 73.796812426292632 15.397074189150938 50.290181048079042 23.454942638431831 65.835657620909245 13.506298261885041 63.741354893634082 7.701071556052930 95.765204173109325 87.597026340470080 90.905448725319232 33.472159768423836 11.492175393508186 8.813791717763120 85.261531288014098 66.319902694189210 3.488759459946511 24.527478279641468 98.174273852052607 93.360645032504806 87.333331976063661 29.277018342676087 74.895518164502008 35.436676922874824 50.772249419948970 40.255770784548183 37.706119787074677 5.778090842287497 44.544238816074966 0.941911278689767 89.574644436542428 85.398384865153062 10.304924926653857 39.896711953620880 76.322923906798096 62.739780455271607 60.593868064660924 77.039372924333321 99.140204995589500 51.792959177918533 84.997549239054578 86.540756961464297 9.934574422564912 76.507215344718816 15.498220832457822 85.730691967565534 26.440001440342829 82.820899043859768 84.831523122634081 89.437969593249093 89.437969599380139 13.718565790011027 13.349440628808251 74.016281901731745 39.356966401673311 88.922487172404558 98.612487721914434 8.282243231157461 80.461212658975484 6.613288165852193 36.260854895605554 57.446662299478703 1.707743391240124 0.467359198457873 6.044580805512467 18.185755652629474 2.287610465254442 23.505410117127536 5.832375048143856 98.940008857805623 50.725815352265094 65.624464664605497 25.532952946255271 49.663259147644212 67.759458051737369 20.970874666107385 67.368540946432020 0.783530920048403 21.353461365848613 6.656341715049685 64.974422027372185 62.439619457249719 40.569072443531454 31.430706063197590 35.792673000858834 80.094768890744035 64.475557794184539 5.060005769614929 4.571140539872875 46.283076650501634 52.910947092498027 24.458130880599406 40.569072443531454 31.430706063197590 0.038000315948972 68.853199040533525 51.231026358595123 64.688365249729102
85.989978160110113 78.388493340716266 37.256519651265819 21.125083682016378 85.566587114072561 84.436545590698600 81.641226474740606 14.336970695814454 29.549617910268477 70.526937564924509 6.731922538264379 71.135632548346990 41.374629783443538 39.521958646840751 9.170937265082147 87.360039763751800 22.292400890734577 36.616615470059223 36.008223688940056 41.902718012996857 33.070369489786842 28.180361426392665 72.475738817487994 58.623873282000936 14.880463633868191 67.830875998573987 25.579046804171533 1.754597023835913 64.210429470963078 6.487132656959115 75.553661670254499 6.823669149571499 9.849556876441245 41.223681682975069 60.520009101072134 96.691665871069219 6.823669149571499 9.849556876441245 41.223681682975069 60.520009101072134 96.691665871069219 33.791790774779187 66.798030374156710 37.069667795112515 16.600686790637663 33.791790774779187 66.798030374156710 37.069667795112515 16.600686790637663 62.746523846067205 14.974061782874138 41.237821741414194 4.372992006447197 88.506412960619556 80.311509062239097 37.068469944721251 50.848565301261395 23.951840471909634 29.328601920828270 30.256658253049494 17.941756890267126 87.327234299793730 97.337613720901459 69.054309253040884 9.632935599932956 89.456601786152035 68.020829664667261 56.732349556081083 73.675847070600852 71.390933217657945 70.705725471819051 54.086169145120913 29.389760049439552 59.127104040001896 68.845836231302400 37.679444009041951 11.441737725600321 63.435855400809729 66.322931927065781 91.169310685953931 1.581831026315617 95.035467219148501 25.823706432983585 19.243011694268986 60.955306031092114 18.247183706274217 25.016900505422324 66.322931934535120 91.169310685953931 3.430851275525915 21.212216284881112 62.551847580111421 18.074783151561203 33.662411716072093 92.628556857914717 59.556181358730484 55.091939376244270 64.790865385974584 82.587144875025814 64.258912409634533 17.982240593197030 20.179747884991038 24.110075394184662 96.297082149082485 98.059150673949475 22.528084136372396 99.148910886197754 93.183398642096321 83.620109802722823 71.678663521538127 37.631375928420653 41.362427702233873 84.995543389711443 40.647407839352901 62.412164758106393 74.396731761932529 61.237638365828552 39.207882396494497 20.173035218571112 87.694120243707957 45.729241803390067 42.052533117538879 77.740271083222595 24.194258071819718 79.776180373873032 21.620655740822990 73.161952723138597 5.803729379295730 48.891308432257809 75.415619747548192 7.644363634441520 62.851032649559698 52.286094403006956 9.424838454920071 39.207882401106474 20.173035218571112 87.694120243707957 44.386053014193102 75.518113168281843 45.729241803390067 18.300298939874960 33.762565097842788 63.353893676278808 57.953725348618391 6.329210022895992 60.019052590911507 70.741976504817131 19.613655826930898 80.148963127219503 31.608755845467972 90.059484499099241 95.003366554780939 66.409985925371998 64.002685585651889 60.289738927118229 95.373868319159072 69.730875926440433 95.210484332721549 30.769677423304586 50.905820918517854 16.508542521092519 37.940241884163328 25.835348116371794 61.319676017996358 3.517829261249250 87.288706625481510 41.229443281352850 92.659312744520818 35.756918235906596 39.824331153890611 77.031578383763573 46.871931680705671 89.758779844498648 95.305158174709888 19.978801982156792 69.398202379898422 12.615265059248005 54.785388696389525 60.116191078013451 43.738009278427292 60.112808328137469 46.858055509081353 81.916426236496051 2.447341113592783 36.899694831686723 10.786966017249910 85.342180128721807 48.513471354179337 26.106410567308245 81.031218146016798 30.440282960807941 30.065503203844468 77.440104897221119 73.485796052205799 94.721670144121745 49.441885253951291 3.842366238313122 93.352501524998829 82.293714458939291 10.223094380357567
42.996510884916361 13.442657050333906 40.028061537669281 59.841690238987923 49.641124464714729 40.154773172639622 42.989823701818509 40.066864654360799 65.657086917225456 90.946956734838437 45.037253872006289 34.474707930918626 67.151766488538044 10.287681589072960 81.841836945909762 38.669963938049179 57.050706683342312 5.163816682193023 93.618584785534424 1.510826947095467 14.447878811545767 65.588111961519616 38.666009875286633 9.179987304823921 25.860936344718908 59.677223740841143 98.866959301213726 83.598166210272893 68.284537753403100 55.080162909766074 99.934169772231925 71.019436459107993 61.200675962254593 74.153938632339660 11.148662024067047 28.608491498269505 13.873741507703730 72.979702884443029 27.399380400678051 80.789320780225950 15.883482804053539 18.008433103648358 17.487427759714912 13.586316325704551 71.594728650692375 63.172312560789322 69.779703886375387 71.407679487699497 32.859343066299971 51.324982908039793 63.524765928706771 71.716874824230274 14.884494878302712 93.917814651557947 31.315245786856583 96.335597202365534 0.557440914872720 36.096350612837824 45.391452290816069 1.709227436027416 42.034405500841679 77.741882320545542 30.374012327538747 14.907444729093500 1.508440984835702 62.124198875844051 93.306504249177181 11.465985877961815 86.426697620226349 7.430892529405908 71.169124468928132 78.738155845708164 75.512021400425212 12.637506845124991 10.874155259543217 22.558772513540571 61.020068289395290 14.713789218523365 1.229504893522038 7.949161207003930 83.178721880826515 36.293833344163808 64.793581501423674 21.662694863604315 3.313744165624932 36.939682760744844 88.768900749321134 7.922197585762902 25.725244087167610 58.828528517948605 66.465155074957821 63.524765928706771 71.716874824230274 14.884494878302712 93.917814651557947 31.315245786856583 96.335597202365534 0.557440914872720 36.096350612837824 45.391452290816069 1.709227436027416 42.034405500841679 7.785023468598650 20.662299789677352 36.216307234457943 67.754629469688922 95.492380270856046 1.709227436027416 42.034405500841679 7.785023468598650 20.662299789677352 36.216307234457943 67.754629469688922 95.492380270856046 93.127831973983660 1.689552595955601 74.952639284148532 73.897761028432768 44.829907995276031 22.471543382203475 71.350132210283590 27.118365289019930 74.883692504678550 78.691839965161208 56.169378502696610 20.345230733862230 80.883650573751723 35.641101915743242 3.859853856882811 85.025077057779995 23.153646735911281 80.463189191883700 35.818590275752570 26.715087822598925 66.481241710295578 74.408359577977905 40.568864510023261 39.301381630841135 66.220828034394444 33.225775972106810 12.991593029631455 17.694855704961064 96.418644784206236 26.225887679266258 43.390789797377984 11.318730155834567 67.409811105725097 20.458240040174402 44.931033612005365 41.922562326241199 73.200794684902576 59.448100117921420 31.596710419622319 45.144396908684669 93.060116848208253 56.477684186559941 69.658600087459078 26.225887673071611 43.390789797377984 11.318730155834567 67.409811105725097 20.458240040174402 44.931033612005365 41.922562326241199 73.200794684902576 59.448100117921420 31.596710419622319 45.144396908684669 93.060116848208253 56.477684186559941 69.658600087459078 21.516780316229134 9.890124476592066 92.530981246155534 3.508376873408248 78.366223123321305 66.575378561420024 51.411225795566736 84.299137823537052 37.194478176994693 62.795039472985280 29.925684600766054 42.771060151509630 58.405987050315090 27.747185280513975 56.289364724934629 57.621404623014392 50.381585170221186 80.914176632734922 10.495271609387459 12.536749256247115 88.998519749918046 4.228416904572896 89.008076753106707 20.431988478254382 75.130947821876177 63.625728368007891 87.962339493413140 55.081328101157510 82.373991005232952
98.635952188842168 16.545556427673660 57.973700779901570 56.809783396010630 74.421517522151944 6.539433657032401 35.741786142149358 81.241339000867953 87.268635061875798 94.334067740493140 20.280782443237598 25.048449180132838 66.919559642567719 13.296084528261233 65.850221648734632 41.283834706706159 65.850221648734632 48.307504555856042 4.150266870238816 23.012677094628863 77.348020148535142 90.265753401187652 85.370464418986728 85.918245439745888 2.773629578104087 91.224750297352728 72.289773191256373 51.083315864394862 68.897130702639998 38.240063568378460 66.059768165212802 6.699647018143439 4.150266860675467 23.012677094628863 0.790797800165655 39.819460302757257 0.790797800165655 39.819460302757257 47.619661405434229 24.601275517662891 59.324220583158095 52.544945469955920 25.199751910695177 6.320643215462218 24.373991593961620 31.222632244048988 60.594119706211949 4.366242237086249 8.443378129953782 95.909830838315827 18.261621413978347 95.674954326392125 18.728559930912070 85.540329253256772 22.561720156009368 30.025851654360068 71.970441651713926 1.699248688222144 33.803294951221638 39.215129435437809 26.757000330817061 46.749014604310382 67.986514021896838 11.650380636906588 16.018027314341264 67.873155957956442 66.999034953532117 7.183109687820854 90.644795026932854 59.708898921297390 52.453167903483113 41.206855059011872 2.945648404720758 88.981332133494590 86.427759144867267 19.689987174072009 59.920485373403665 45.739470055968724 93.092376074462422 21.465451495718789 61.530494669370903 15.730499805886765 40.116590978543165 49.468162023828995 63.790241149535134 67.873155954979737 66.999034953532117 7.183109687820854 90.644795026932854 59.708898921297390 52.453167903483113 53.714257425356060 53.478631817266177 8.151552836717901 47.357802526381178 87.554174250090682 11.956600625138536 71.122025608781072 3.883227505785969 18.630720348494389 96.350094804996942 64.970951681858651 84.423481926919251 41.894119885136924 55.043176106356398 97.136038803988427 89.244577095598572 70.354810115752514 46.074067641654651 56.571360025186436 4.077371892710202 16.927072589006109 90.456350621025365 25.338081157339865 45.784326240938931 97.846170462016843 38.800192543824096 86.784147771681958 22.790843213334135 76.285183182252197 65.802783745156916 18.870445940522330 38.569471931778828 27.590339276513632 60.918419442379879 56.545239027272046 84.650873391463975 37.697227584933465 19.931971794171744 93.624488221885343 43.126066610755167 92.605441743529923 26.785276505015609 40.104950121857804 74.931721167652967 79.156139493216372 88.523480634699197 29.026712848833604 33.185650415338166 14.544620039898637 47.820568043202549 78.660266189754083 53.183430662367790 13.769785956639547 70.137364022592905 56.231792899753444 0.747535620179418 25.924339124241513 17.971010712190228 14.700066593562955 11.809105618608617 39.615857723997962 86.113356856693912 23.492054761308857 91.439167304931374 70.768627411382496 47.905665014611444 37.414773314012898 69.090778080284338 86.181322610916425 7.012692554974698 15.662658397600360 48.152732784741573 14.696981010827969 30.887525335598877 70.938942359738434 10.014871213914533 39.911404989913748 80.519049704582741 22.474912043430994 56.695895732006576 94.229269853931214 96.814363515826457 97.277613365832153 43.050765961137117 87.624628705925289 87.624628705925289 17.131453961397469 24.490356270028300 65.062853851757794 58.602704948402305 72.499927349288029 18.153618763737732 69.020172693366121 97.344798697761036 88.713199479086882 20.065973455019726 61.146573759403580 77.311269793460625 22.742110963798979 48.709066100271059 0.606962558404489 87.643622040162271 65.344220785781886 90.504961476405882 75.039854202303019 45.604028312986131 92.167665590070371 32.162102440460728 31.068878477816810
79.877314919876241 9.662252728219345 55.487752901253387 27.801024726013100 6.998192015785887 38.499970736921938 72.085461955039776 93.075035157865670 58.012273768268471 13.473431128996694 33.538740104125573 52.644828404037327 17.870341719278326 25.245702734687491 86.695917496795175 4.538051958114719 45.371787813543207 61.627090905000159 91.115114829823057 40.161949152924535 6.915264339303750 66.555357251953055 23.113588617684609 45.090698121599729 64.616013060008655 42.063590943744508 92.160407937278450 37.805631962231566 99.147589693996011 32.250831613006881 12.029155529891987 78.373936477914981 2.205299909408998 70.979310558465272 39.445945232257593 84.275445132135857 53.963975797611994 64.869410008871171 91.539657333569494 30.964626676421492 74.905707409151177 97.095191885883239 17.747744400945408 5.268576318220697 17.547407995632081 38.733957951221306 78.537099516050716 0.380404709274063 37.561362497006670 38.119766732227568 57.330513768725552 57.915002733617115 76.317034405799618 19.427805872905846 97.056508226270722 80.089624099442773 22.170201802331569 33.877739091933513 57.296586422160409 16.792127628398102 65.993620641949420 13.859681794160339 87.871524030758181 62.788094736924805 36.310867832472660 25.098540615075805 59.072583457494275 84.692464505358259 99.764802873489018 22.340911431896892 12.667814263197585 88.028896235068828 90.973503106610877 91.731855546424569 47.806246750897898 28.508640348146407 82.749583960199018 25.727638231656790 11.278336943263035 18.411926728947137 48.722419490019305 99.776724058664584 39.112617844999612 84.811648938819005 74.255745913065368 15.514157854711542 69.983092496200882 56.968124164840326 59.018886771524990 87.888035714372450 39.101506997907286 6.993322888907095 4.374725350518583 28.897394972781477 80.257586467387981 1.058119320079032 2.456525566518086 66.671289252866288 83.908362569342856 74.455112584546640 29.654055221610378 94.167538210917741 76.271673765714397 13.025133800504252 52.770917429579754 12.884812639158783 76.081236072087037 14.130807128137846 48.049270513477637 23.185252651426637 90.084739182134157 40.504388198315432 39.702063008501213 24.347037693544561 52.075030714270412 67.392653876899786 18.218175428604908 12.037344145711026 57.678013441231343 12.343928764210045 10.954835114176841 67.743302063140774 52.626988772525593 73.547176305867907 33.932421080136088 96.014811078589119 92.604846593369345 83.058515123101174 72.723886461856992 59.539851448123358 84.504102053331692 23.945256896609159 34.549752919123698 75.231609699687496 59.615581225939707 51.231721821443479 85.174690789346556 12.627451577145422 69.568468626721682 4.879175719907036 22.157742847386032 37.959282556896078 22.248204238998760 62.649708632636617 42.514262673658152 11.899104723266863 67.155670447039867 66.558514415301289 37.143474711212264 20.286844087408284 79.087725862639573 14.261645125789780 12.791352528190348 90.214824283848500 25.275908401152016 50.524089213849933 94.078896863354473 52.615243462254526 70.171680414622159 63.153203558328961 43.697931593017415 50.401300347636457 93.153112488010933 14.326812197532323 65.426528260206069 52.081595045907527 0.845057355184020 35.342934651701363 69.366001495493435 50.057359970855707 88.149547073424642 95.193408586376776 92.787961905987771 43.697931587841140 50.401300347636457 93.153112488010933 14.326812197532323 65.426528260206069 52.081595045907527 0.845057355184020 35.342934651701363 69.366001495493435 50.057359970855707 88.149547073424642 95.193408586376776 92.787961905987771 49.732475511874782 30.742805559549545 12.441993037025034 82.200924622830840 2.999966103592067 93.189113418976135 24.649560825068427 35.697321418450443 10.951059083135883 31.483813986222952 64.084945553145062 99.543967261904911 76.265372108947858 8.191314897863755
85.616609629246625 73.165289329898769 25.127164754846444 51.369315284315618 66.567691428996923 45.736045776295533 51.369315290835452 66.567691428996923 45.736045776295533 7.150987440732070 96.220703342946805 80.015085626470722 66.382233315549797 34.495400442047696 42.237600575782210 83.993428639142635 62.487139810268197 77.191690408908954 33.510957094186843 12.131183551805213 37.315155765622812 49.790777404958774 5.291093593479923 98.736599059923478 4.330326450868838 13.633945834843908 0.073429795170810 20.494273745696802 0.429292530222880 65.350106112943095 91.058006525110727 75.796103354556024 51.909901836727514 0.087878059156998 94.256955924112191 73.276878407048329 86.047373049489352 35.473188206022556 41.096737129299775 14.379904544843669 11.777682245726851 86.804768305803648 8.591574579418925 16.179979062145613 11.765378707290353 21.553745481415852 27.501711526191041 82.427986601574858 39.170387065865420 57.434707968999767 69.659752970762611 65.969451491059772 68.989835376679181 75.158216012400587 88.499909803684815 54.645145157033703 6.255156563881703 63.885861652371986 77.401501828854009 82.869104728595488 23.918536096934883 57.946865308481840 46.017091184303773 77.875462405266191 37.479264823194079 96.201611582840670 40.496436203181496 44.548798737411964 64.076121441641803 70.770093459879064 99.808114975239377 17.846024685507089 41.468812481986085 10.239266221901744 51.464961424337908 77.840812702153698 98.409122003980130 64.275668485935171 27.577163625900425 1.690021361847682 44.059413736834429 63.885861652371986 77.401501828854009 77.401501828854009 93.634615712360613 87.622053908653811 88.165816414820469 21.351575104682276 91.495826376768875 93.741825916309708 70.795493674808938 97.214979258412868 53.270513480644766 46.375984126829728 45.044054850953650 94.061003711719550 87.861663592003296 14.086838210431395 58.105485523461553 7.432915389127848 35.168656748216790 75.629409309106194 89.683137150545519 78.677193687198951 80.637040804533754 9.344914565807994 85.386664367189496 49.079626193830769 63.415104298785643 65.244216926461917 80.407925321647795 17.958640924362999 53.266019644108518 72.613181238187408 75.180026847744912 89.656134717865086 36.160643310117578 75.202706349814136 11.674306845508731 47.363547139903716 36.822610886588066 52.856309141292023 27.970177580940479 48.179700845508918 96.341424947800562 97.852813083067574 59.637490210630041 76.642895779016428 64.518130914212705 51.904459853793163 24.491295294400771 32.530524720006603 29.853451211549100 7.737390061459060 47.443826748335994 46.406972743361273 79.136899969789368 88.029720661849822 73.869328680596198 69.979112636785203 24.455357969969960 51.009849993923062 77.877059319346230 45.350287757259608 72.216752683292484 14.307794695849285 59.861911045879182 27.667509225299270 32.075934365715383 89.964969807414576 99.874084650821644 67.078144229082014 77.975418618169073 56.731605691412831 63.891164582649409 33.529066190299048 54.159494103572250 10.089099516679155 34.227534534095902 68.130658477967899 97.459342144110948 43.135320506394315 86.679465057873813 30.851988593832047 91.617982819400794 69.196008886048517 72.477279462888589 95.209383131889382 22.338699225941372 75.067739064317209 93.603075320309031 81.193137584571673 39.100097223986829 77.068752945961180 18.660453329593153 60.635480328469939 78.092794975701096 92.993936052075384 97.765363921517363 85.244089213900693 81.619253656332631 98.061485925072404 96.554990152878858 18.112259338215875 84.438699986753491 89.390103711669212 8.473018680716848 93.214534802819827 40.278432262100758 56.945736046665843 94.185593835538114 85.832703825256701 26.099101515461488 34.817566941532888 85.714253432658666 99.367228119286338 43.512913923341713 60.141820122841480 81.903491424089651 71.124467464672108
49.629138881711739 22.692257560661165 45.282397773622762 71.645834834646223 97.599487975174355 99.148238866499412 41.580683465272358 28.278469613253854 44.148234663604200 47.987128775748076 29.154155423718553 20.616841330849532 48.696902478358659 74.058798424503522 23.758090987377788 86.532050977425840 89.249162276917161 99.861672287231258 85.570309741383184 76.147312907623515 79.602234917661036 39.570858896234171 12.274684794971780 85.290143416903533 67.984187218613727 68.386883980431776 91.538205508255004 81.498564451172342 14.339589128406383 76.642895779016428 64.518130914212705 51.904459853793163 24.491295294400771 32.530524720006603 99.148238866499412 41.580683465272358 28.278469613253854 44.148234663604200 47.987128775748076 29.154155423718553 20.616841330849532 48.696902478358659 74.058798424503522 23.758090987377788 86.532050977425840 89.249162276917161 99.861672287231258 85.570309741383184 76.147312907623515 79.602234917661036 39.570858896234171 12.274684794971780 85.290143416903533 67.984187218613727 68.386883980431776 91.538205508255004 81.498564451172342 14.339589128406383 49.439529644456449 17.624292310725508 69.214380445136342 31.769822250285539 68.312297510911108 51.789691556455189 28.288045274935481 2.777803307801296 31.734350589523995 42.430567449601305 71.198480669284137 9.563346571848118 16.995036153238608 86.605936649863494 55.088109641174952 28.901821747713619 51.890462409849427 48.589434430643543 8.836867627231870 10.006800149613060 1.158129100674299 39.307470045986733 15.197807303638411 43.004406696286559 96.076913492546652 69.796650415083363 57.457706562684720 16.540770575400067 15.688290946078531 11.674306864124640 47.363547139903716 36.822610886588066 52.856309141292023 27.970177580940479 64.275668482883916 1.690021361847682 44.059413736834429 71.607443692475769 2.408165574396648 35.713339422149495 49.917651099016680 13.209684098186237 60.672952527647382 1.136738515289026 22.873366138929473 41.068916792075541 46.326907554230381 7.404783007608651 80.773657930740200 57.592904917885114 17.069723139575167 86.565306927350079 4.729793571216168 39.891241914500284 7.737390061459060 33.076410714178792 92.201177717633001 99.463567846089262 66.401402063481157 72.497466581306256 50.611514276125234 7.308763076226676 28.901821747713619 51.890462409849427 48.589434430643543 8.836867627231870 10.006800149613060 1.158129100674299 39.307470045986733 15.197807303638411 43.004406696286559 96.076913492546652 69.796650415083363 57.457706562684720 16.540770575400067 15.688290946078531 87.691893029232432 19.779658000207700 21.015504623923988 51.847656038382851 55.731501172332088 65.559622238259337 24.105832416212991 75.360742000065457 22.578104471781202 26.737256518296991 18.888300256901580 21.994682515423936 87.587370852864041 84.114221442569900 53.305982642110806 95.570970171767030 36.744550264802932 12.462203177111297 87.910021434919926 35.084615276077059 52.715265455869364 44.714115201030459 82.008300383749116 32.335280906289810 98.435070439808428 39.719869987920617 51.684615742316900 86.782806818842914 46.617824489029978 55.626133711587812 93.504173840952404 81.727348352416968 64.955332976959156 54.505976958154513 89.381721232990046 60.638713354492744 58.161782814915952 3.740592581323243 18.792695520330128 48.891475515180780 99.372476811581791 35.965509041017881 48.649328366945333 67.716862725982537 98.744275940817460 96.946201609577642 14.995300027099967 12.176293491797164 73.259007103374103 23.476212156861230 68.608123781353569 96.555251010907924 67.784108785998129 1.814335697194047 33.574067215613304 90.886222226264110 28.262177866159810 15.164182311709141 8.395296064197433 95.816456235165077 76.324868191754376 55.277369083037073 29.234362545426674 2.182045268118826 69.876630223769283 80.272618558857275
34.171223049734103 63.650320295466024 20.067914612598216 89.390049453039595 52.658014901323604 17.215295700422061 53.723344183781009 45.838117269744046 78.867747400634372 84.938895457967988 15.810172656224687 66.490642609297424 19.233902658789205 95.091141413206245 64.632332341332329 79.860382944640648 36.300237297662676 80.378756695572179 52.367676517372530 34.132627599899010 23.704663052698294 73.573095490413394 70.196208280638288 23.703116324940289 31.897481421796659 84.995793514858093 75.087757814398685 76.603417529812404 72.156309146482684 99.853696314966626 54.575568808077946 41.282652143273054 49.970690241129425 38.142909425184378 49.383649968569351 87.643555664701395 75.328844539766550 25.295880875260313 81.250272476190631 69.584936821155651 99.932131920018122 96.555251006778960 67.784108785998129 1.814335697194047 33.574067215613304 90.886222226264110 28.262177866159810 15.164182311709141 8.395296064197433 95.816456235165077 76.324868191754376 55.277369083037073 29.234362545426674 2.182045268118826 32.286749996163977 69.876630223769283 80.272618558857275 34.171223049734103 60.029857011733490 88.627725122512288 73.465569128606006 24.282199110057668 1.091288942195301 83.763521666108474 94.913662282246648 64.961945249055134 27.652424248443452 65.774281400322621 74.574691422720591 62.929387758549439 48.951665762386099 60.029857015155784 88.627725122512288 73.465569128606006 24.282199110057668 1.091288942195301 83.763521666108474 52.298394139075178 31.830977741317135 31.754932835887363 95.538384964146800 43.686493739049816 71.165563487673751 17.385324459038710 10.864704087122446 50.390233435175055 61.109603165559399 95.578233480824210 28.916810993283438 89.194738865463123 7.328123108300034 95.934276205645816 19.532547211143214 14.446668860569901 58.746838661759718 34.294330109047877 40.145523993213025 28.545026707686826 18.489998061804226 87.275458031878500 7.886510114757616 71.034750452896262 19.272252403060886 50.530196324640443 45.915062005015436 9.400311095879122 94.315628574831351 35.222314296707992 53.524736008897591 64.134713421787822 67.179337454660072 2.528882771779761 52.940758220467345 78.019784234148673 92.311155721476254 60.645990595645785 98.661048582824492 16.812785163482403 33.668618004712023 86.127726057436874 89.194738878801871 7.328123108300034 95.934276205645816 19.532547211143214 14.446668860569901 58.746838661759718 34.294330109047877 40.145523993213025 28.545026707686826 18.489998061804226 87.275458031878500 7.886510114757616 71.034750452896262 19.272252403060886 50.530196324640443 45.915062005015436 9.400311095879122 94.315628574831351 35.222314296707992 53.524736008897591 64.134713421787822 67.179337454660072 2.528882771779761 1.455177906072636 50.896742113427550 25.603634875082825 12.555226025217047 84.207276017306270 38.199392598268403 25.603634875082825 12.555226025217047 84.207276017306270 38.199392598268403 3.523526649626629 29.353018691578502 85.868653899313500 30.785592184311639 1.210601423576829 18.703382200915030 76.014613718914489 79.475855934562176 84.545298112088304 99.735212500202692 93.575464734783992 22.200426905566406 54.298700281889090 54.150638901964989 91.990671200483959 4.013012548789330 64.952161278787671 55.487793356115631 96.910603019411894 91.722744532151182 91.722744532151182 62.574031884744500 5.874778034824624 90.038306588291434 89.324214880757708 62.470088629478695 40.986817666437879 20.997840332503927 66.568724987144421 56.203352897660295 29.757962787190618 55.881848259610976 1.457391542781628 55.637856596605559 83.838977104931317 1.268744428620006 55.606374809043594 20.355557115489496 15.063687141462678 13.714104950400497 72.923995622113139 88.864330958148074 28.318608097643573 57.943606056912124 74.448406229033310 33.139534308974305 26.050577073936843
82.214004170302843 73.939355139592621 50.319101175543857 33.985202229997505 68.371800226158371 53.457251322306284 0.378461084150850 53.052919721640791 18.631461573187480 80.833422075594768 76.465730374845265 77.212403310349359 97.050841714636874 85.908836923650625 21.386850582550444 56.374816571817362 28.830281046362149 33.139534303587141 26.050577073936843 82.214004170302843 73.939355139592621 50.319101175543857 33.985202229997505 68.371800226158371 53.457251322306284 0.378461084150850 53.052919721640791 18.631461573187480 80.833422075594768 76.465730374845265 77.212403310349359 97.050841714636874 85.908836923650625 21.386850582550444 56.374816571817362 89.548187150762899 28.830281053604345 13.242863081064282 72.822716954027342 93.852175121171584 24.893867058027030 34.678698627391483 38.712244590152899 20.463253185136388 74.507983946771944 60.987909281486232 88.577320704975051 11.272079072291897 58.822836523848430 34.820225902446857 92.935415712738319 7.093487646084728 64.054816390847094 25.857304474271935 82.620528109062434 90.392917674937721 60.581736448283607 89.267157119201613 67.627526315889199 64.463439063393636 17.295115854185127 63.878318395958843 88.475534841294106 48.250455219978882 7.280727852603053 61.176678924925653 3.098802413359680 85.022278716455673 13.693544805418567 38.276685110719868 38.828274839421525 62.823393139596931 81.118379403875068 1.535835633221216 55.886452340770120 11.049948090213190 55.588160077765792 68.832592571569734 16.482403981004367 61.822504193108010 86.057436301449101 72.647637857133802 61.857426927481427 21.086425159483902 65.039287663488167 52.619317684324088 68.246074270225449 98.360078404832336 55.678014970437637 61.616312925003655 19.976981137951700 14.601294582533219 86.504868934963454 35.473869870364517 12.472594831750428 75.230696660170310 32.875869269043477 10.097245727719839 63.547240114820937 62.788842830266788 14.243794808995158 13.864506209793426 80.595550109222771 88.688405777943956 95.177323378127980 99.327937156336688 88.688405777943956 84.554643563431668 62.496325737320788 63.553505184722994 79.768030427631871 1.981922252738555 27.258476317062495 31.965801052077413 13.878497190102944 11.783809441427751 31.315910666699565 57.001819335872014 39.256116540037056 39.685232265506400 47.184296816194070 64.170649029016630 36.653555539431558 9.679954083496856 75.568784136043121 46.251678470113269 22.241061789417749 50.646780589734099 29.875932980489072 65.609345746966383 19.254660489812469 36.173182362220132 30.321589147963412 84.463928754915045 74.317367536647566 1.615405513355805 94.192236558136827 52.936660220239659 69.294642046271264 20.127921529464633 33.086553520308570 58.095919737565374 20.935120234191661 69.294642039039019 20.127921529464633 33.086553520308570 58.095919737565374 20.935120234191661 72.955236804135922 54.792816478677118 8.861233263489298 40.386666893916669 39.676650374430103 1.052956230043023 24.331893177850251 42.453284718418629 34.194428306972100 45.258347421914422 99.890616129910086 18.325886982531024 42.469893958475922 81.624126996844211 57.394325124078826 65.972577972442565 5.862695389839989 61.024810876088523 45.142801361052697 81.609474053468588 76.429128058318526 11.456520433529526 45.034772195276886 61.686451437861002 28.701589052617383 83.016651992603556 37.082166795866968 33.901967683600823 53.752070701573487 98.568984303101743 51.074845555652537 79.305396574587590 2.230762890504379 76.440877959096639 5.674099005464084 9.337429514902794 52.698929164084660 6.743219905306940 17.580202608947758 49.441009571437263 23.399206510476322 12.440442388089179 12.621145207288997 57.932190943416494 82.319036971618402 95.517122152959757 84.554643563739106 62.496325737320788 63.553505184722994 79.768030427631871 1.981922252738555 27.258476317062495
31.965801052077413 13.878497190102944 11.783809441427751 57.001819335872014 39.256116540037056 39.685232265506400 47.184296816194070 90.232459835141469 40.331774264677875 63.728566755579529 93.708230155485367 88.630652908545329 32.636446630078453 68.820687203476865 95.936984027708803 72.467341068316102 12.626676546312154 9.396120733775536 34.519721099135936 41.288332038521006 89.213961406150545 26.840820404765221 80.269510504473516 87.882498639326741 2.830144443988825 75.782535507845537 33.489591769199933 18.302938194031071 3.960544267603472 32.211853193186812 94.141469965345763 17.576745643928959 77.657398060283114 90.529546679091112 99.604556148210094 45.384544083691736 93.527176129390071 92.564614554079810 13.515238254903394 13.399773250214086 99.278333374250764 29.687441240567335 53.207366161721438 12.537372946170178 9.490322295598174 28.663277781913287 86.568262206193367 0.006879137798155 97.853964807723372 50.361103430223430 40.421201820369681 59.816127484427319 17.561668007927612 18.943430092960522 12.940207563965734 81.499458262808361 0.751101984414604 76.944417586463572 52.982268367930359 59.502475618309724 83.241617381243444 94.849831088088948 53.739104087364417 99.174046215329355 34.684458039600585 73.495844778626847 45.190470802602356 28.665442097789040 58.318021984085654 73.273327607752975 43.359941118681576 88.608096723587309 67.632632930312397 90.181463209878814 95.089726168040457 78.440191839602363 29.343753843746391 0.719763440327748 9.243063716904565 89.052309417285443 57.343289479921154 90.727523875454580 33.807267236012549 92.730338473488473 45.705217106434645 14.393542733293184 56.653228975393965 55.200861487564183 54.737333621870853 32.965154912527680 73.736906017889936 84.982681264129596 72.461456869749071 19.054517374717772 64.616331242309045 53.230202655230677 77.411366356859347 92.217759655631525 86.749137291707498 50.207139386322787 34.901045249287129 33.998946012430366 11.817115787353449 10.706992373863589 71.724282876687028 9.337063788056133 83.965220778929407 30.846166249238959 17.722723169314413 51.744264289099597 10.547630294147570 73.871840431883001 62.370137138984752 25.162786052492248 54.475554968050943 26.977666067464856 50.952425018630535 36.398351459561965 97.896897735317751 1.963550980402107 76.816421218832460 19.701452467804081 94.607370553735720 69.914255297266337 18.537061161038704 88.288258888624938 0.259227931392025 71.306604717913871 55.984730988861642 3.274227488041748 9.976510344030698 76.510612771801803 88.071862429181451 99.372257377231620 69.215742636907635 6.657713981765800 63.595136026240674 15.331645065901277 17.806084400325950 17.375102431200840 51.925784597079058 38.634645500064735 92.643285215441352 81.459925867329673 34.208796555086764 81.797629725331916 83.288426263141687 41.751635012282229 81.507695682667162 2.565729945280115 45.136309768670849 13.555786936982283 90.835824125287175 76.618435143142477 13.399773250214086 99.278333374250764 29.687441240567335 53.207366161721438 12.537372946170178 9.490322295598174 28.663277781913287 86.568262206193367 0.006879137798155 23.283066002909749 52.704050455963490 33.037128600970675 67.380556683463396 72.737294123375918 50.361103437380997 40.421201820369681 59.816127484427319 17.561668007927612 72.737294123375918 50.361103437380997 40.421201820369681 59.816127484427319 90.684681832544371 80.478944935123479 59.021438863477535 0.751101984414604 76.944417586463572 52.982268367930359 59.502475618309724 83.241617381243444 35.385584354974831 89.056959894640698 44.393013733978847 61.223042400850289 88.612290598303062 37.064132729858102 78.949335357341852 80.513857237352767 61.322217548511063 92.136625330276615 45.806263105647524 90.643577285531734 28.716585317796639 13.072693637969246 62.116695361769182 50.418271044421289
92.136625330276615 45.806263105647524 90.643577285531734 28.716585317796639 13.072693637969246 62.116695361769182 50.418271044421289 25.592746450101679 30.499416554837300 65.345188178089202 53.260461844488127 45.774154085877527 51.188907566271361 44.713914237737420 1.284324149414084 92.182448146712076 60.630467776466226 9.662490511293253 41.761727962310879 24.185755016671663 74.597131937565095 48.423305517460172 13.653629892999209 86.895576252832527 43.914858172794446 59.399273435040953 61.985593802457871 3.710241669342040 8.985354056893701 89.641766074788748 28.316772963237046 94.036749772660897 40.504080498597816 61.881341146676071 15.083719868890277 96.978846980259803 42.545274882427144 57.592910095235354 38.909179149633580 76.086809715484875 22.978880855362259 62.846783977089792 77.971760617260173 6.043867395148073 19.035600393386829 5.534913119377228 62.986143725927377 12.318303352281390 71.536546233257269 55.200861487564183 54.737333621870853 32.965154912527680 73.736906017889936 84.982681264129596 72.461456869749071 19.054517374717772 64.616331242309045 53.230202655230677 77.411366356859347 92.217759655631525 86.749137291707498 50.207139386322787 34.901045249287129 33.998946012430366 11.817115787353449 10.706992373863589 71.724282876687028 9.337063788056133 83.965220778929407 30.846166249238959 17.722723169314413 51.744264289099597 10.547630294147570 71.111549588448369 59.437572869731689 94.511508296350584 85.544096131962860 35.431029092425867 23.131897035264380 45.529009774147490 10.135711444900753 57.583599004168285 99.754028251659918 32.758744599582400 88.848343228002136 25.953675176624060 50.613067012725921 47.425448945382854 87.538527182370473 52.239375468403850 72.518536488364120 80.803539454002092 55.817588349635294 51.808669606683885 31.145431165702309 64.904572718793489 93.871075985807053 17.806084400325950 17.375102431200840 51.925784597079058 38.634645500064735 92.643285215441352 81.459925867329673 34.208796555086764 81.797629725331916 83.288426263141687 41.751635012282229 81.507695682667162 2.565729945280115 45.136309768670849 13.555786936982283 90.835824125287175 89.630541300981776 5.793719379664397 55.996923209422810 9.602411991286953 42.573149790840802 97.316339270657977 92.613422312505392 22.569869811794419 41.578908284706429 27.762481926568128 19.205976339572452 86.197602754125796 30.401194175141597 66.213488166165178 31.615641997010901 84.584809942744826 58.943484342547336 15.113756535890632 24.686547237798084 61.179781736961417 29.827791834793672 81.372760671516460 63.707557693817115 29.777517797656138 35.001290180327580 96.346472445760909 98.980082494599785 91.591230433031512 50.421534619628339 88.303306068832867 23.728010614735073 29.648369307829668 32.738884740218822 88.094216269777419 37.490471842999199 81.213324114186989 55.149067036211619 66.083697321759360 71.109728026680457 43.925719082530343 20.114670427863846 10.979883078022079 5.021196604310085 22.168726355058865 41.644136443357219 6.309347928492326 38.454657711580865 36.205101733469604 78.969493524712959 11.206334429826281 37.941032508889684 3.661749927412339 32.308904519090156 78.630497478366877 25.516165566025794 72.843129757647844 23.729648637946699 27.120993456953858 96.879444655344955 43.298842995083717 30.670053280273045 35.480106354614605 71.738474418517910 38.684788573886252 38.901431636561725 74.135613017595404 38.480214193712655 70.402528022403189 8.697428054373880 9.850479786782994 94.843430742270286 91.169329161860333 39.143602787197516 18.265360695328081 87.502901796571251 8.644185744039012 51.549241070808591 66.532253355620057 30.188392787344863 17.841531260473520 47.381889033026695 45.552024145806932 32.646824052494395 49.348600471187609 18.523269006255884 5.350291226827264 51.671521652180239 92.467096619186933
77.515954401283153 46.612366204775114 79.484143722546619 5.070887639684507 11.945264376346065 52.848754187673919 34.142035760147827 61.524625730200313 20.211214584652314 20.679313955246080 93.163303864239722 12.529302712929768 34.182071226408418 61.528983240380619 43.867553600056041 7.668133600765614 86.239242109327535 94.941873178231276 13.809414178289092 95.543871973978895 32.031460077799956 97.988200116140703 80.122457145889697 94.330119273979847 13.170131428445908 99.845436934103631 48.074861628096563 70.186639098619992 63.140373591222442 46.065194158461424 34.377959927426197 0.158367121477809 63.571634594783632 58.048053973642745 59.398578875207861 66.361500037038084 3.242078101043211 47.714296579454363 67.378293434157911 67.008224639376948 57.623740752140371 81.735962074092924 80.160021358204716 80.202367865853688 32.968550652425947 9.239256320945710 0.281166538365885 46.371948908742930 85.381691138790799 31.746683557666376 99.605685400001647 74.072509502811243 83.081778069002738 92.958122316571718 37.382835683228812 55.320834015377905 33.157892303423544 63.826759667795329 18.940192954189992 70.390827539884242 23.422974318416422 69.845111695802188 1.335906491246974 91.863862177236300 28.770161780860892 66.355966996977770 32.757944195061242 92.385787570426174 89.517601713187773 43.109659996004225 4.619037473434185 39.696864737009207 84.664059161476573 3.408967408294883 15.842660461190871 14.263280965470837 85.312116672860270 61.266490111741867 50.602953322827027 7.545060709825990 99.190231433180159 45.151122598838256 31.756425389243304 62.447099877383785 80.356551035270712 62.471240366404700 70.638711281426268 37.835187898312341 56.736384649682158 38.244631817184136 95.254544757313113 30.739313148708682 33.906844668457204 34.764528997761403 62.538345772549640 42.466165094218212 11.239270414151548 95.470353664943374 84.244245058037421 42.525708159630895 41.160029219195572 25.232578097864867 15.949218680453425 40.143621120498082 87.270429146014152 52.391757073338752 76.485195889870297 44.217990165527866 13.184499317762144 61.450358804033357 77.280465326165753 66.169959104627239 95.393407653075442 9.976340694246410 97.988200116140703 80.122457145889697 94.330119273979847 13.170131428445908 99.845436934103631 22.509434165118648 98.744886755126444 3.578878645915951 8.715022241834658 17.840512266442921 16.721347902299854 5.399385703717064 83.556417131494371 38.459365491304844 41.064978733822322 42.818373622895386 82.196119883342433 12.856401384710569 31.773080667505628 0.346792106392668 84.746479926832791 70.048596800648227 96.297962719374169 21.324607617461343 72.359491615953289 50.303232244882956 32.718719392565390 43.050378899153905 65.924152428585032 53.574356007628744 63.486917407615692 12.725468389018047 56.022030647756047 62.462142062264277 15.385747818922269 9.937244290443969 80.423582513495035 99.491655838215465 49.754249089172653 90.437815556508511 61.552902676842415 51.766383811291441 23.768023989708563 46.269056593679089 58.779813974899731 43.559418301508870 24.937021185349717 94.225605028915965 68.155698663524362 67.406099285775454 49.950053784564865 23.121071244792645 2.203197172514371 39.463729635929944 0.331396715951870 2.789074966043903 95.113665469995183 35.861406558769396 22.256904662011056 98.949848110893797 27.933957701505275 86.833029332859795 58.204653554389274 80.012924020452985 29.848863575851858 86.069438514965384 5.452195322396280 71.458085574357384 82.655666308951510 7.685866457649126 93.388540197503247 70.748922057727796 22.473603894355186 39.081862593135185 35.337704351673025 58.331044842376166 5.178817577288786 97.900985629040278 29.262564556991009 74.527165893607503 45.066237876784939 30.155612546596299 64.732999857084778 14.505952033350756 45.448610313227057 39.646804610136876
21.627590273309018 52.301631828296905 21.489091023693874 12.607314128400093 59.931089889525893 21.197916785235559 86.668918994977446 19.665080544266278 43.087537663452238 63.771575828587046 80.913934700486962 99.541291719539203 70.084360926782708 46.738068680906018 3.284739889884969 22.288375101332203 45.660083115954599 30.235820109966916 4.744546575191322 22.975672839852258 92.354591240901172 14.721087773308138 22.110124729072545 29.266582306614218 14.078712027819051 82.238413956860654 47.656322462094927 24.636326373583007 91.473774390359580 73.866909477539494 98.917690321833362 37.403069265738885 6.871939503165125 84.109211112154824 12.379940395895883 42.985839712295714 97.283688163059338 60.077184364924683 40.725363340183549 56.538850970433266 61.873181754149428 58.531072240899348 8.820641797470453 39.470559257688706 79.375090358787403 5.438512558183561 50.174666836786216 96.725659598910894 67.906186253099946 69.463903636101236 13.036826748255059 88.728031371482103 23.187717172490952 29.246918487796414 65.567575699742164 6.221068707723088 25.269352201782258 47.189956547876832 88.058069176085070 7.605398807123509 36.909442335796406 77.078393088990225 24.309613464251502 19.191939942286986 48.963847858993049 79.683499372794813 20.208256662237577 6.413074340714441 61.622411164854526 25.269352201782258 47.189956547876832 88.058069176085070 7.605398807123509 36.909442335796406 77.078393088990225 24.309613464251502 43.157211090081915 84.757195385196738 36.487574784608789 9.360966787210623 57.313096777770902 35.003847615721796 4.812864275867978 10.118808646822764 76.264095216523586 84.110239541959160 38.055787581032973 82.155599677333385 82.441025626425471 88.871028982229930 34.731501476321199 76.246052720529150 72.825869363444923 50.235484681801609 35.460462099828426 79.615985164480222 38.343709209358408 12.260483567405434 58.356167006437154 48.871052371217246 60.938286605400783 35.483426505217551 41.565220677243431 50.003600632310565 93.039860269129946 53.528548032454502 98.073232950301175 40.091353609681036 32.980092507231852 47.571446466746316 52.183933114718307 3.746879206680209 21.267911297962705 61.339419526970964 24.217467407441873 54.228883867094581 44.407908784251546 95.018897729478155 35.767562291432156 81.176192525518914 70.465276629654468 24.482399544515644 20.263756400779918 61.528430920936160 55.151750156270261 12.561821102225323 55.481355348219196 44.471256795542089 89.928961652549503 59.783551198310079 98.018794819145739 80.322903080378566 7.753240485726264 54.228883867094581 44.407908784251546 95.018897729478155 35.767562291432156 81.176192525518914 70.465276629654468 26.379546217039984 5.951634235231484 37.615469526520769 98.090183858987885 4.366570396249047 54.753932066304586 78.978749109373155 23.964077052955489 6.908753970949766 7.753240485726264 6.908753970949766 7.753240485726264 12.111531420198475 50.077370238585374 99.343940428229715 10.903405243476749 27.959074494702783 71.300026185453220 28.522378700897654 94.374811877084383 13.722831493985211 19.270256685544162 91.701323761514800 69.067065993676451 97.046073288254902 86.068725068402983 48.248982038179477 26.280393444393834 76.079274147583774 14.430641314171687 51.159296607540739 14.280022588226672 1.167522359297213 42.548887514028102 69.659176398343732 69.050772116644382 95.260452172042960 63.713532604291032 3.465821114480450 38.437597603832593 24.636790203826830 46.761262686544512 6.687509897076405 40.736864476562516 3.969398364690613 68.082423889189045 76.341378443771930 13.110295719959863 47.597016688591964 13.886230431886625 40.990309343957598 19.281059783304734 72.242260299527914 89.066325826939192 12.791131173838089 58.353394078537491 97.096151036563242 24.875920977231736 59.950876428076661 36.712592331409546 15.989106511813455
82.823895744306725 73.456091810637147 95.470636960425850 45.755580165046794 87.016192853726253 27.724266379174512 19.311602308260046 59.872924035067939 53.565043611808996 76.775065836598799 0.846426232502406 92.946989256413190 12.745141249614244 21.919978122277715 74.517416608259808 16.368672974159672 53.411602923185896 31.179356387366973 42.798388514794858 36.330944174000898 24.654665421109044 73.044333611739617 22.550038281863284 19.370598414830155 30.423986737177710 93.798288151254866 28.056006349595897 83.276508735364317 13.347884854676906 93.801089831987156 44.828177300829019 78.049252333514588 52.651131828528008 43.009099354906674 31.584040250032210 43.253580170875196 56.410144874265512 87.812734214437000 97.773701773807275 26.924340490981823 92.589760880694513 70.211616867148535 43.684976806720812 11.384420695298259 81.765335878913305 5.491030985836643 92.499272849279436 33.370930727598292 97.352705363530163 22.063439593933577 80.300875877252992 10.310549750939991 7.201318392182077 79.993042958071555 84.496341362844603 62.956595641003702 78.829029569028421 29.658626781361697 73.856606719986786 82.474456869138663 89.490135994468446 86.108735390053326 23.486244457905102 5.303470465673465 49.314201426048911 14.157547736951038 91.573134785868106 75.229588533219896 93.381501624833518 93.290761656922015 16.739279320724844 31.213970820050530 85.828096831432887 15.450288031133619 2.110424329162941 41.760988999849758 36.795450745196909 5.355479850043309 94.806552358329952 5.884918532537753 59.924123888181981 30.685439453872910 72.083858570118593 71.883664245626264 96.716764314448454 80.011394118887821 35.430285675255867 42.561947811698410 24.738177075706634 64.634373311902678 47.101505826967042 14.255275162288527 30.497351449763066 4.962963352781758 32.921279119873944 4.031386535797809 56.737776093526925 51.017644151733876 31.284219983648875 38.472367778931350 70.127959717184424 63.129749600170811 79.798142340154897 28.699633210217289 60.042996581264482 45.590594388700076 31.016451683949153 89.398511366392981 37.392943991027117 63.975923065023530 45.681462168270237 98.552322417229306 94.473310034217263 72.566867063243947 89.790361492100260 9.447361302742463 29.575584342297134 37.425908726330917 96.074807243712385 19.652954385131892 10.762497470185750 66.049283230134478 59.412272425681721 18.328201737011096 6.433386528596142 85.378726580210540 51.285780478054988 9.207280927961081 29.720857232185281 46.926804349342412 16.986126113126321 12.024650795659342 51.487362823182124 34.725187907803637 43.919469902922728 49.922679678527693 93.605276907717226 72.790703941255785 38.307319421106676 44.254315055248249 6.307484989041711 73.524288541779512 34.360161423466671 37.697418519253304 59.496063106503193 52.470665715447119 85.016471829045273 68.939549862271889 6.662289604932480 51.565882066517709 88.839033123828472 27.539295133093521 18.294757731428390 5.182468869067369 82.401593441005929 71.150150323304004 22.092414095196268 6.307484990464141 73.524288541779512 3.969078627198508 57.700774668773683 53.797558951924785 9.807052432663522 50.387927504149907 83.145218047435932 40.928865016458836 47.853261341193353 33.699292300028063 51.539836193165797 5.063450042909046 72.263897395289234 10.549905257948321 18.890104677076756 43.061294463650121 55.814629562208374 8.300531716916748 43.655466331206419 43.542808442769733 32.526318135295973 8.089245758751684 67.366567426577404 26.965161540511350 90.844257509731520 39.224153512981673 94.266863238314031 58.786533882902901 6.061348624189822 44.803148442620902 8.039791845497968 63.568165026561964 84.160694877687021 37.688718001277991 36.566115803357746 99.498460388635252 29.474924171386885 5.444772890123984 31.472074869449486 91.874331088830871 74.258249470989384 0.134444573051273
23.645757779491603 12.435680101693514 29.420903765399441 98.332996651896906 28.909528374033432 27.521979803356434 41.912604972577348 35.142256464437160 56.780689677442609 18.986486220281829 97.875241035472442 62.056034599478039 83.847833326967788 5.570817327114663 80.801390571059002 65.788251522361094 0.738334253116979 86.358877054533593 26.282635306843151 47.350366153113335 93.937656699377882 55.528972107695608 54.002903217724594 23.582635657869979 12.064992146619646 57.236838777501575 14.337781722607733 3.809682020276794 38.467346393196600 55.255160332633359 57.526046688342383 44.319864985874993 1.989416297869284 6.605948717237975 18.392416031121115 78.647089015752073 67.054039905969091 94.810782515459763 52.378457258260092 97.797967300357541 70.117443788906215 60.731576521323149 32.032224211911419 35.496905082087295 10.629860633798248 3.513729825254008 0.146609915922336 91.803175985002540 33.220027763802584 40.932022971249793 12.383810663268003 93.813799358683951 87.071275077456377 89.544714243244854 59.778312674475984 35.400631911925451 15.136246298332978 56.056873932995508 37.887679194719247 9.324970792635268 27.423832676847681 70.188036742416585 71.238310630872235 11.253994716632675 62.648976207910380 20.628061919963969 53.782487328162432 62.379542524664785 71.675404037745068 11.727663441363866 43.935865248247588 1.888771503900766 6.007719876032425 98.036816781542626 95.726139778567315 96.561154420911876 17.598245126480382 58.619296981316474 96.266885412208154 40.820122317744769 83.026438246599383 97.737042024918082 99.709200650894076 58.480608935486764 22.302590749988848 54.635789364615349 67.052857497206844 47.473824050204719 44.879523176265870 76.756844844637172 59.606582370182117 81.825086284623865 12.446839552518263 6.795903186793318 65.738480830419320 9.346919213461458 61.136826909049610 52.748621634739777 79.904572013197424 3.044170413992375 95.227078682748910 32.163778294449763 13.504108407991644 40.763678256852344 35.523892334840092 48.327951150278658 12.489686978565896 93.624671464765868 76.957482918851682 97.772639679588551 90.680473079329431 89.375769275163833 1.558139129592861 16.292705970219078 34.500268677309585 63.645382836647613 68.048317536595320 92.156579633108507 83.485573648709973 62.560864721656714 21.946750980847074 45.322871280425595 10.830268690679890 68.385750670365837 75.365319184594313 13.859951229773159 38.268495079461395 85.119619887001448 43.717806014332375 33.377300787979479 30.318235360432798 44.634656209056047 41.392939955610174 0.319089349030544 14.216185387309254 90.002656862830221 51.403249934038932 62.714648643453408 34.677609940885588 49.519312127941731 14.936062087086944 87.577365238693233 59.697091997245863 89.906238635948711 10.857366917528788 47.555072103999748 67.714062108960803 73.796812426292632 15.397074189150938 50.290181048079042 23.454942638431831 65.835657620909245 13.506298261885041 63.741354893634082 7.701071556052930 95.765204173109325 87.597026340470080 90.905448725319232 33.472159768423836 3.488759459946511 24.527478279641468 98.174273852052607 93.360645032504806 87.333331976063661 29.277018342676087 74.895518164502008 35.436676922874824 50.772249419948970 40.255770784548183 37.706119787074677 5.778090842287497 27.053806462691774 47.713552411971229 58.733986762888932 14.794398038624013 16.292705970219078 34.500268677309585 63.645382836647613 68.048317536595320 9.189897690764791 10.462475219056167 33.576665069968506 10.830268690679890 68.385750670365837 75.365319184594313 13.859951229773159 38.268495079461395 85.119619887001448 43.717806014332375 8.143455258832988 90.495827533735579 98.803597794403672 24.952580081223964 78.101810026390154 98.803597794403672 24.952580081223964 78.101810026390154 94.802282893873652 23.911758534440452 90.566676777057012
52.238805182650417 8.282243243961030 80.461212658975484 6.613288165852193 36.260854895605554 57.446662299478703 1.707743391240124 0.467359198457873 6.044580805512467 18.185755652629474 2.287610465254442 23.505410117127536 5.832375048143856 98.940008857805623 50.725815352265094 65.624464664605497 25.532952946255271 49.663259147644212 67.759458051737369 20.970874666107385 67.368540946432020 0.783530920048403 52.910947092498027 24.458130880599406 7.167336940172142 82.737201657829857 14.238520528923548 4.070062935361163 41.050858881523176 75.423464692833804 3.997573855131775 62.045474103971983 27.195525504537375 62.573544170980085 75.026317124105987 74.139468819393457 94.828921699263475 90.690290387075748 7.089385770919554 17.463564855299254 77.816272820099854 17.217947550432054 85.452489816298538 11.069696286176288 25.594756148449051 35.635384124683213 43.086008797459506 38.591790352531000 34.112035302047708 31.050027496324994 79.331625913271736 25.270709591429373 15.816420370962081 11.042258126703175 56.781221008539163 72.906670955680411 79.331625920681020 25.270709591429373 15.816420370962081 74.548687885557385 11.042258137016493 56.781221008539163 72.906670955680411 86.770073549782595 35.034220694931925 39.901063335536648 6.453014110263999 66.791851284561474 36.133720394120004 64.407101717503650 49.092172740457940 42.727215737389322 12.001704624975096 50.951119371850893 94.217740333124951 53.592690678033520 56.927979699585038 56.542816692171769 45.727883317215948 37.651754826068419 53.360173628022380 52.131591389042555 14.724556633389184 25.336740184647844 54.898240006777563 86.528676943114988 64.659566402786751 55.248955922388340 91.389948139802797 24.848855899710486 49.544072063048603 17.438122514902087 30.629102688014630 5.861114486988772 87.360194656986707 35.926310760499192 26.944256375915188 39.363609348161212 20.892807383716704 93.053303529571210 42.715510222056110 67.743573468078637 1.952687484986892 89.680796395367381 66.186232019461286 82.818185167767325 56.532548738051332 68.608411044818538 73.328082998453709 0.760937499272596 41.416981809630741 44.218630592968708 49.630217941963615 58.997661068427774 79.215695187246212 50.298329854580992 40.862831994350870 40.262774939518820 73.328082998453709 0.760937499272596 41.416981809630741 19.243011694268986 60.955306031092114 18.247183706274217 25.016900505422324 80.420254364996765 10.392297919054638 94.183810208820773 12.299280160826608 8.249909236279972 75.908896159983030 1.791942747997488 16.949937352011812 28.640078950472237 30.534707313747433 18.149351397598412 7.255855202222971 90.237743761979061 97.934545902337149 90.623523968547431 45.994460415937951 16.048366825952808 64.258912400722352 17.982240593197030 20.179747884991038 24.110075394184662 43.467679526230818 32.966942414736323 41.362427688708948 84.995543389711443 40.647407839352901 62.412164758106393 74.396731761932529 61.237638365828552 49.816327131902327 14.821017971365869 94.311194108784591 77.832924883453614 89.866677097543061 29.513512200992885 42.052533127330271 77.740271083222595 24.194258071819718 79.776180373873032 21.620655740822990 73.161952723138597 5.803729379295730 48.891308432257809 24.305863030790420 52.420852178186770 84.006118110764049 57.242266792121931 43.450796564880058 41.437296560561080 5.853247603200195 17.802816018270018 71.969981559729518 33.975604239844237 51.928830684257079 74.041311794009829 63.353893676278808 57.953725348618391 6.329210022895992 60.019052590911507 70.741976504817131 19.613655826930898 80.148963127219503 31.608755845467972 90.059484499099241 95.003366554780939 66.409985925371998 64.002685585651889 60.289738927118229 37.940241884163328 25.835348116371794 61.319676017996358 70.741976504817131 19.613655826930898 80.148963127219503 31.608755845467972
90.059484499099241 95.003366554780939 66.409985925371998 64.002685585651889 60.289738927118229 95.373868319159072 69.730875926440433 95.210484332721549 30.769677423304586 50.905820918517854 16.508542521092519 37.940241884163328 98.609908117408708 29.977398193748584 66.581584188043564 25.697445028295895 7.552922852623611 28.964890258540233 91.034142634774767 17.525105979252675 68.977203587310285 60.985700890159208 0.486045305095328 26.623431149708377 22.853096649045767 77.773242739354771 41.194071362223973 81.987433632977300 89.641771500501733 8.406586758574575 3.408318286430656 55.101165915504716 64.199210895096471 78.723035296528423 7.341466950615605 56.453941823274732 20.282483630776625 10.786966002823405 42.989823692990761 40.066864654360799 65.657086917225456 90.946956734838437 45.037253872006289 34.474707930918626 67.151766488538044 10.287681589072960 61.200675962254593 17.721055093866301 88.604716515804199 48.759572567706975 95.622485277212633 69.806018951248021 1.053815575597550 84.323006729568434 40.753599848977807 39.850252380548923 9.807912124213757 99.240917480537107 82.749026136649334 65.457222171804247 74.724704912489642 46.879591037938248 94.877852339350639 56.777641157119064 80.042125915281687 91.417869220495945 31.891863044461608 59.737599218788581 64.888304590268930 73.721932742206903 74.153938632339660 11.148662024067047 27.399380405657357 80.789320780225950 15.883482804053539 18.008433103648358 17.487427759714912 13.586316325704551 71.594728650692375 63.172312560789322 69.779703886375387 71.407679487699497 32.859343066299971 51.324982908039793 75.112003546963919 41.139224911223671 91.787170775670262 17.025903566027356 30.011419093654478 52.749370768502324 93.315297702911323 73.158280015179770 0.937286599489662 13.795948731020536 35.295873584694093 50.508088002155851 96.807511684791010 45.616428827205269 2.914081674028057 72.512096104249025 28.892328181021519 99.226358339429012 67.869224114231500 86.358735291788406 14.698180444372122 44.569426816630433 95.079778944547726 78.384206916758330 97.815378851934199 61.950198002510803 54.301049155677703 62.243846616080610 80.153266296597664 93.889136935217934 78.999723030121743 4.667797189012424 69.678440568674844 2.788018313122909 11.364509820155211 83.560506047418841 2.639476378112737 93.795287669873801 7.949161207003930 83.178721880826515 36.293833344163808 64.793581501423674 21.662694863604315 3.313744165624932 36.939682760744844 88.768900749321134 7.922197585762902 25.725244087167610 58.828528517948605 66.465155074957821 63.524765928706771 80.332088154134055 19.027334710091836 33.331159849774785 25.703990506825114 40.118573647543364 39.230752449150977 33.088290400665997 61.977936975727587 87.500870166624537 56.431606496403695 67.690966026617161 20.662299789677352 36.216307234457943 67.754629469688922 95.492380270856046 93.127831973983660 1.689552595955601 74.952639284148532 73.897761028432768 44.829907995276031 22.471543382203475 71.350132210283590 27.118365289019930 74.883692504678550 78.691839965161208 56.169378502696610 20.345230733862230 80.883650573751723 35.641101915743242 3.859853856882811 85.025077057779995 23.153646735911281 80.463189191883700 66.220828034394444 33.225775972106810 12.991593029631455 17.694855704961064 96.418644784206236 58.882418552184923 90.832813382266579 50.918115775600917 96.023520250763511 40.718339772183477 93.736613733985649 33.560929727928404 19.902909608292418 39.301381630841135 66.220828034394444 60.246809801184888 72.806820137820864 91.017946972609181 80.506123872213621 30.147639333930055 23.823020525956085 68.944135214207577 25.252827685493585 4.806673129493511 62.860111178262365 82.310237890401098 26.225887673071611 80.332088150863740 19.027334710091836 33.331159849774785 25.703990506825114 40.118573647543364
39.230752449150977 33.088290400665997 61.977936975727587 87.500870166624537 56.431606496403695 67.690966026617161 29.925684600766054 42.771060151509630 60.264260938997239 73.866919256008273 51.411225795566736 84.299137823537052 37.194478176994693 62.795039472985280 18.967775012466959 70.701032869445839 65.982706246414608 50.603404790808227 60.828179740408494 73.866919256008273 27.747185278625032 92.754906379575246 97.201914789630564 5.430043175883903 26.738635440734537 20.363911578986226 24.956458662849425 53.733694835215630 18.308156359134408 18.994142252253020 90.265478101612160 5.750022737346871 95.569304962128825 89.008076753106707 20.431988478254382 75.130947821876177 63.625728368007891 87.962339493413140 14.717295716507895 8.473685047375346 60.896758707792955 50.980967376063560 77.766980700321852 78.709502415259763 32.845468495315302 45.627555897154636 90.576260271704442 12.328125643021759 95.005122994186635 92.155449301142482 44.188587907767094 27.549810783250361 65.240319681729957 13.733616533437631 15.666484230499734 18.772706730722032 81.387762758248442 74.421517519325789 6.539433657032401 35.741786142149358 81.241339000867953 87.268635061875798 94.334067740493140 7.702358493347761 77.348020148535142 90.265753401187652 85.370464418986728 85.918245439745888 50.725717905589654 21.727497385621110 37.196140401112075 6.174025322018329 94.494358233837474 82.568402142455270 84.072919808325409 29.175343468367476 12.896285835368005 91.703703415399588 8.813906687379291 56.076294288757090 23.146542922802528 50.930904768928897 37.670037538292753 36.273749709757887 14.839313063805514 89.460255117857045 44.712691381757793 82.933436878914819 88.247604516246270 65.354066883353809 45.757254453043181 59.324220590360021 52.544945469955920 25.199751910695177 6.320643215462218 24.373991593961620 24.630087260907864 97.392834170546266 68.089450507243782 14.699360579390564 35.913179489869208 15.458758456735723 44.970288126708425 20.481235561487633 80.451549589817262 2.920507129647487 21.688891681194544 15.121558381998657 42.437943235990140 91.797679645660978 23.362154510232280 79.682784666492211 69.528529258803260 39.481420962381485 23.309588604569388 67.675234587632886 93.280784203155505 90.263133890605388 46.673824115166596 77.450461199079285 8.677414229209212 39.334120699666720 30.039443264622012 2.506139657794360 97.802558692293360 70.440671098014292 52.776872103426385 71.776953047974018 92.901480589728763 26.328497915265082 15.093279348134436 43.797642986749189 29.930297673360695 10.584187519161780 78.147917845920276 4.443378815351739 31.809986619914078 11.564291102239000 90.024032891393105 8.151552836717901 47.357802526381178 87.554174250090682 11.956600625138536 71.122025608781072 3.883227505785969 18.630720348494389 96.350094804996942 64.970951681858651 84.423481926919251 41.894119885136924 55.043176106356398 45.468055046851610 19.588014934333486 65.389066457471074 78.699060381290735 43.328946810673720 40.257852068525700 77.034986616187453 37.615045858644045 94.214454766931169 80.132857037679344 85.113315156683441 33.414262232884639 26.117283901273900 70.946549972783785 63.447014728850817 14.598566310097183 98.417514526768130 32.819938719405641 86.799321115034942 32.813285364985248 14.168555194152599 74.227362132011464 73.203594318075176 54.227561130618241 90.605302350316236 49.533674979299334 37.142396886551474 71.209339233181709 75.479376517655965 90.506399054748570 0.371473652191823 10.479200025086509 29.842266812150498 91.834598652171124 61.711634118037686 94.083569711449186 46.864374352721939 24.192266276739549 99.948178611870361 55.606568188683482 91.330740744749036 48.108582524107611 70.385752503291982 96.123347312333863 88.523480628856149 29.026712848833604 33.185650415338166 14.544620039898637 47.820568043202549
27.560274259142826 48.277719095259862 30.887525335598877 70.938942359738434 10.014871213914533 39.911404989913748 80.519049704582741 22.474912043430994 56.695895732006576 94.229269853931214 96.814363515826457 97.277613365832153 43.050765961137117 87.624628705925289 17.131453961397469 24.490356270028300 65.062853851757794 58.602704948402305 66.845856861672985 39.181594235209381 70.833950512408649 16.091960655304305 97.131783349352091 47.160122081900809 77.727405220384313 10.525319041931724 27.568083246844509 94.305540847708443 92.295913402492545 76.716582814799594 36.512784640802508 27.868972358530485 31.862380430072058 27.336283129831596 32.004744696702843 82.279744703915497 42.587060217983122 86.202422179594819 51.713892395774174 59.090166846305578 75.146065107813698 0.606962558404489 87.643622040162271 65.344220785781886 90.504961476405882 75.039854202303019 45.604028312986131 92.167665590070371 32.162102440460728 31.068878477816810 79.877314919876241 9.662252728219345 57.536636674639865 66.903182832837146 95.499629525119659 70.133505546264303 58.016806246154943 52.380650605114099 85.621465307698145 73.161362980275612 73.388902442501220 39.412422247618025 93.513649412311551 58.012273774435975 13.473431128996694 33.538740104125573 52.644828404037327 10.020585525285064 45.449477882414513 47.651526538351533 20.219456289088821 84.594743639550117 65.374694546132133 55.425794420557814 80.504692471623869 70.734808455900108 6.153275693430416 86.079484835060683 90.646093186244997 55.704480401383719 76.629796424429770 82.396901676468630 12.939531644295343 46.667498606058665 99.383675780205706 78.373936473398729 2.205299909408998 70.979310558465272 39.445945232257593 84.275445132135857 53.963975797611994 64.869410008871171 91.539657333569494 30.964626676421492 74.905707409151177 97.095191885883239 17.747744400945408 5.268576318220697 17.547407995632081 38.733957951221306 78.537099516050716 0.380404709274063 37.561362497006670 99.764802876409647 22.340911431896892 12.667814263197585 8.285224713093964 24.583343026630487 57.176242119464625 91.625949698130583 33.980795263480957 5.219320324197573 12.060750378089169 36.701439084674149 10.967610793713412 44.125814297123377 99.995814053674067 73.309350873081442 65.321941725784484 15.514157854711542 97.427344495459877 90.873857820405576 23.462183674170944 45.181473196791934 51.339584336559653 64.081501446125756 85.051732245308074 56.079061926441419 19.386771799527658 84.183918518426964 70.507654120008013 30.026888441519837 2.909692018064403 80.326942002374679 98.224220364145353 9.459459969539497 47.691262886946717 33.323551953979155 75.005233073667057 69.983092486173405 23.216968868499745 96.238097540724851 70.625838866435998 46.678700292123267 17.357633956168485 2.452214368233874 70.075180082286138 83.587511829801841 12.585031568000282 74.713265289957747 83.664086838357505 38.504701453931048 16.589067639121247 37.983301467930211 98.020470442771142 22.110237509857956 59.392284915327750 52.116678398282964 57.326504399017018 21.380236927386576 64.197453744103299 63.569240893121062 17.167252118223686 29.654055221610378 67.500791294546204 9.957503449071481 70.594604200955303 60.722069961403967 34.924544113261511 99.189977505307553 39.961455346323802 91.932241840305508 58.648884218976050 36.525944461631155 28.337085342974710 79.487073202076829 63.438526086097859 46.435833596710516 48.461996696969464 84.238959525468488 64.956628803103996 13.285516331118286 14.158808145190683 69.618369195613724 8.040963181435323 96.014811078589119 92.604846593369345 83.058515123101174 72.723886461856992 59.539851448123358 84.504102053331692 23.945256896609159 34.549752919123698 75.231609699687496 59.615581225939707 51.231721821443479 62.649708632636617 42.514262673658152 11.899104723266863 67.155670447039867
66.558514415301289 37.143474711212264 20.286844087408284 79.087725862639573 14.261645125789780 12.791352528190348 90.214824283848500 86.238216902045423 85.308341469734998 33.631131944544713 2.130734528019773 95.829419894675766 54.748642774562185 72.333636259407669 3.774998040205491 74.548052674764449 24.764709005774201 62.628493158596001 84.891661980214536 94.854976461071800 68.972046590339843 56.616164522804610 44.335267318681140 68.404860239086389 43.284292138869127 13.929571007556440 8.108055466466691 63.153203573285523 43.697931593017415 50.401300347636457 93.153112488010933 14.326812197532323 65.426528260206069 52.081595045907527 0.845057355184020 35.342934651701363 69.366001495493435 50.057359970855707 88.149547073424642 95.193408586376776 92.787961905987771 49.732475511874782 91.082276178231183 56.019613522207820 4.036476412369150 77.737267013406367 4.431705617622727 47.045011311920717 18.632378879864074 24.174980845058116 87.542079291168093 78.679746996738714 73.042181140689920 19.809277865530984 86.545960947615995 78.723546588709411 90.741315360876285 16.741456564523837 68.868328090121594 67.386068039559760 35.799039476364449 6.564183150805015 52.873315347649438 81.211880056311529 72.576150258789113 85.287379644322712 26.373792567519526 98.451447092686507 93.681831704079841 49.300573058469766 88.475824946596560 45.538738496048495 75.452561932426320 68.114843781070192 45.254810445333881 5.136410720038931 7.067062633437704 66.626008556448653 82.920716077301762 1.219640056617144 24.462195228023877 82.920716075565565 1.219640056617144 24.462195228023877 8.982176823880417 51.143218961214984 7.272956746664372 92.246003804016951 53.587907932144404 74.663455065701186 0.528369683125685 50.281144314792982 35.482266520651336 71.674444907145073 22.256353390945314 13.988020101575716 66.140501703827439 1.538356371865213 52.718094155361349 18.283713650570533 2.497470088581510 90.160965493128060 27.296399962948204 78.893571519012980 52.393887487552590 91.105416880346567 51.145097302733511 38.232002964930103 87.085830395853009 4.517289670274338 3.041477168307871 86.171032943525589 14.734579768212953 35.184713000275778 10.614944443648888 70.091786564126394 1.071885479999601 38.355980408395041 98.043854837576021 82.630066098703679 98.440687198305611 46.955060546661784 79.959887025432195 56.977489844626106 60.326371160586845 96.965635441988852 7.119563880974090 55.822896782979768 44.706912508950062 87.644921379986613 61.782957071302079 31.269649527869603 40.032877117135691 99.389829202485032 43.713173024571731 90.499802532428291 17.344163494392717 7.594804592026517 54.253543442093786 45.866844036222496 37.202373837878341 69.241163578787535 70.690047898971216 67.226470739549498 53.204007490161985 70.987516667136632 75.515677356185179 85.267769291018482 49.385345905699005 11.193598260741656 90.848109790802027 53.696947931238562 59.058145964129949 58.440906628218492 54.551168053165753 67.052482787531261 59.590213859445960 83.901357401019212 52.530536930316075 11.875740808017255 33.639486747993033 57.654332683218421 65.254924510125818 81.339606065936550 67.278656120642694 23.011762447089502 46.837245439664443 98.835490726457380 91.245328852001833 70.987516667136632 75.515677356185179 85.267769291018482 49.385345905699005 11.193598260741656 90.848109790802027 53.696947931238562 59.058145964129949 58.440906628218492 54.551168053165753 67.052482787531261 59.590213859445960 83.901357401019212 52.530536930316075 11.875740808017255 23.011762447854377 46.837245439664443 98.835490726457380 91.245328852001833 65.647328218566798 45.947595941752603 4.547588061189134 68.522345219634019 99.649794997099633 78.733373024954361 83.608909860796601 53.008129581899155 18.322269140605620 12.139815165358748 16.598668638787217 39.556432919340409
67.530580980249184 40.031237848191360 2.833164702203972 91.837799874216458 37.467404294911574 52.626837281618286 78.801439726103766 28.941277588293602 51.672295301171275 27.202853058936327 59.605295482514443 15.243783432421043 55.648935740275284 51.401624027639627 43.445644607211065 14.564848188375235 11.421229354418083 79.134854027686970 69.231262891985750 29.473418996059642 84.469105516628403 62.436360313765348 60.983249117860325 53.141331207153328 79.799291473448335 94.195657519137811 77.973042647094388 32.179191049313502 98.883895129200425 81.163519110118699 1.325531094304266 54.114346459389409 8.428585678343669 47.094332528651314 33.604309753843822 25.395669813392885 69.945065200375154 45.129800662397713 87.748321458250160 80.180221094034181 30.951458674057662 43.432015118881594 54.400746671644484 84.453023878556309 27.059091156606961 6.473898412583202 24.963380483181218 45.474619505413372 97.588287569576508 85.698550718150130 64.729393802248907 76.385513291412650 3.110503888814609 13.584759374590350 83.798548393191396 1.664796498611532 23.569642015419401 49.069154836005822 27.273748054496284 34.504881413981693 1.036469466828549 78.497256173442636 43.724452392659487 85.643873124627547 41.868277420865063 29.292348674096779 95.127040472508156 28.193993238212723 95.048232639740377 35.079851278450327 46.231183102554937 63.648052283984832 98.580173593015047 89.595003678253832 66.524062162661295 42.817623386685597 11.493372713243065 80.270850198141886 47.119953859720873 29.096731551277987 98.319195937069068 89.154022705024360 73.135785929459814 96.624744850079907 76.223420839421479 79.028568941715307 60.175821034394097 85.292229638320890 86.925242699859268 43.887445018226479 53.500852110313460 35.224813437266498 34.134119345272182 41.746566744432187 65.170914516464634 49.284907575798663 61.707920136342388 78.670897933119520 2.220374559151594 48.304179615253126 83.499719513311760 85.381385656641100 98.990544941316443 99.117857256874771 24.457219272872500 71.097322283476373 59.300458683403036 71.173770774278751 75.456268605501080 87.222753484104274 1.328830961622141 41.682115988962984 84.041215276278010 77.332966038911721 89.180997041789027 71.770601657525333 50.662306385173508 11.090608911972533 93.013858300559377 80.520961095745022 27.442650824419946 52.501932443023883 53.064048189025712 71.560067035664545 98.912412406710089 10.815087299441828 23.522829671455547 84.189272485391285 36.052967916969401 8.736249595518997 57.878209930293032 17.538266792263514 25.224484442567320 87.128244881018631 29.485734153020793 88.192600200040545 1.592118150739752 94.430703781733811 21.628608214376509 98.094333376792321 69.648195977664741 75.680701670025144 48.713242563655093 6.431113341944505 19.588969118763377 65.233509021928043 17.746882898049432 55.284533200683086 54.487616894513458 48.280016987308642 98.788259277009132 27.120857588990887 2.447333870467949 1.631032933652454 1.294651035656735 39.287453404985897 21.854458010109244 85.774605206010918 8.377204632732482 88.795256448954476 80.810296838542470 38.744102207578415 76.244295393495946 49.468847037780641 34.646410978895922 83.783140004737561 84.214286185372686 84.686463643407507 75.003202907016188 61.717613973661770 80.355737689238040 66.493180554128372 32.970945774677304 28.336020779683103 22.189688726886260 13.253549829440715 48.984743746539458 66.676027835752038 22.843517481263799 38.789913720381406 48.602303973818429 62.462784972310700 77.049842437055730 47.208572698981541 25.701003784340180 33.249848476828248 34.206137347477629 11.894891853042211 34.321511898748454 52.250563200841363 52.023362946926724 18.502583268001505 42.523378431649469 34.310548814130193 3.104330290289592 52.785717615678443 4.359163013308187 65.246833812788481 4.244857571405936 13.189219952986297
